HistoryId,TimeKey,ProcessName,ProcessId,ProductId,BatchNoOld,QuantityOld,CostOld,BatchNoNew,QuantityNew,CostNew
1,,OpeningBatch,1,01002,,0,,0001,25,200.00000
2,,OpeningBatch,1,01002,0001,25,200.00000,0001,25,200.00000
3,,OpeningBatch,2,01195,,0,,0001,35,380.00000
4,,OpeningBatch,3,01010,,0,,0001,27,2800.00000
5,,OpeningBatch,4,01005,,0,,0001,12,1500.00000
6,,OpeningBatch,5,01009,,0,,0001,65,1650.00000
7,,OpeningBatch,6,01001,,0,,0001,4,1850.00000
8,,OpeningBatch,7,01184,,0,,0001,25,367.00000
9,,OpeningBatch,8,01003,,0,,0001,150,17.00000
10,,OpeningBatch,9,01011,,0,,0001,2,4000.00000
11,,OpeningBatch,10,01012,,0,,0001,7,4000.00000
12,,OpeningBatch,11,01115,,0,,0001,19,1200.00000
13,,OpeningBatch,12,01027,,0,,0001,14,350.00000
14,,OpeningBatch,13,01013,,0,,0001,15,160.00000
15,,OpeningBatch,14,01015,,0,,0001,2750,17.00000
16,,OpeningBatch,1,01002,0001,25,200.00000,0001,25,200.00000
17,,OpeningBatch,2,01195,0001,35,380.00000,0001,35,380.00000
18,,OpeningBatch,3,01010,0001,27,2800.00000,0001,27,2800.00000
19,,OpeningBatch,4,01005,0001,12,1500.00000,0001,12,1500.00000
20,,OpeningBatch,5,01009,0001,65,1650.00000,0001,65,1650.00000
21,,OpeningBatch,6,01001,0001,4,1850.00000,0001,4,1850.00000
22,,OpeningBatch,7,01184,0001,25,367.00000,0001,25,367.00000
23,,OpeningBatch,8,01003,0001,150,17.00000,0001,150,17.00000
24,,OpeningBatch,9,01011,0001,2,4000.00000,0001,2,4000.00000
25,,OpeningBatch,10,01012,0001,7,4000.00000,0001,7,4000.00000
26,,OpeningBatch,11,01115,0001,19,1200.00000,0001,19,1200.00000
27,,OpeningBatch,12,01027,0001,14,350.00000,0001,14,350.00000
28,,OpeningBatch,13,01013,0001,15,160.00000,0001,15,160.00000
29,,OpeningBatch,14,01015,0001,2750,17.00000,0001,2750,17.00000
30,,OpeningBatch,15,01016,,0,,0001,20000,10.00000
31,,OpeningBatch,16,01021,,0,,0001,7,380.00000
32,,OpeningBatch,1,01002,0001,25,200.00000,0001,25,200.00000
33,,OpeningBatch,2,01195,0001,35,380.00000,0001,35,380.00000
34,,OpeningBatch,3,01010,0001,27,2800.00000,0001,27,2800.00000
35,,OpeningBatch,4,01005,0001,12,1500.00000,0001,12,1500.00000
36,,OpeningBatch,5,01009,0001,65,1650.00000,0001,65,1650.00000
37,,OpeningBatch,6,01001,0001,4,1850.00000,0001,4,1850.00000
38,,OpeningBatch,7,01184,0001,25,367.00000,0001,25,367.00000
39,,OpeningBatch,8,01003,0001,150,17.00000,0001,150,17.00000
40,,OpeningBatch,9,01011,0001,2,4000.00000,0001,2,4000.00000
41,,OpeningBatch,10,01012,0001,7,4000.00000,0001,7,4000.00000
42,,OpeningBatch,11,01115,0001,19,1200.00000,0001,19,1200.00000
43,,OpeningBatch,12,01027,0001,14,350.00000,0001,14,350.00000
44,,OpeningBatch,13,01013,0001,15,160.00000,0001,15,160.00000
45,,OpeningBatch,14,01015,0001,2750,17.00000,0001,2750,17.00000
46,,OpeningBatch,15,01016,0001,20000,10.00000,0001,20000,10.00000
47,,OpeningBatch,16,01021,0001,7,380.00000,0001,7,380.00000
48,,OpeningBatch,17,01020,,0,,0001,560,350.00000
49,,OpeningBatch,18,01023,,0,,0001,10,5500.00000
50,,OpeningBatch,19,01025,,0,,000,8,4500.00000
51,,OpeningBatch,20,01028,,0,,0001,3,1650.00000
52,,OpeningBatch,21,01104,,0,,0001,15,1100.00000
53,,OpeningBatch,22,01031,,0,,0001,42,6500.00000
54,,OpeningBatch,23,01034,,0,,0001,16,380.00000
55,,OpeningBatch,24,01117,,0,,0001,2,420.00000
56,,OpeningBatch,25,01175,,0,,0001,35,320.00000
57,,OpeningBatch,26,01038,,0,,0001,65,650.00000
58,,OpeningBatch,27,01039,,0,,0001,20,4000.00000
59,,OpeningBatch,28,01019,,0,,0001,2,5000.00000
60,,OpeningBatch,29,01041,,0,,0001,32,620.00000
61,,OpeningBatch,30,01042,,0,,0001,40,180.00000
62,,OpeningBatch,31,01044,,0,,0001,48,132.00000
63,,OpeningBatch,32,01046,,0,,0001,20,16500.00000
64,,OpeningBatch,33,01187,,0,,0001,24,200.00000
65,,OpeningBatch,34,01105,,0,,0001,9,290.00000
66,,OpeningBatch,35,01048,,0,,0001,16,1500.00000
67,,OpeningBatch,36,01050,,0,,0001,15,2900.00000
68,,OpeningBatch,37,01133,,0,,0001,25,1300.00000
69,,OpeningBatch,38,01017,,0,,0001,11,3200.00000
70,,OpeningBatch,39,01052,,0,,0001,8,14500.00000
71,,OpeningBatch,40,01053,,0,,0001,0,15500.00000
72,,OpeningBatch,41,01054,,0,,0001,1,16000.00000
73,,OpeningBatch,42,01143,,0,,0001,60,3200.00000
74,,OpeningBatch,43,01057,,0,,0001,5,14000.00000
75,,OpeningBatch,44,01055,,0,,0001,3,1300.00000
76,,OpeningBatch,45,01056,,0,,0001,6,16500.00000
77,,OpeningBatch,46,01072,,0,,0001,5,9500.00000
78,,OpeningBatch,47,01075,,0,,0001,1,5000.00000
79,,OpeningBatch,48,01060,,0,,0001,25,950.00000
80,,OpeningBatch,49,01058,,0,,0001,23,1600.00000
81,,OpeningBatch,50,01189,,0,,0001,50,590.00000
82,,OpeningBatch,51,01080,,0,,0001,2,4500.00000
83,,OpeningBatch,52,01036,,0,,0001,265,750.00000
84,,OpeningBatch,53,01045,,0,,0001,120,680.00000
85,,OpeningBatch,1,01002,0001,25,200.00000,0001,25,200.00000
86,,OpeningBatch,2,01195,0001,35,380.00000,0001,35,380.00000
87,,OpeningBatch,3,01010,0001,27,2800.00000,0001,27,2800.00000
88,,OpeningBatch,4,01005,0001,12,1500.00000,0001,12,1500.00000
89,,OpeningBatch,5,01009,0001,65,1650.00000,0001,65,1650.00000
90,,OpeningBatch,6,01001,0001,4,1850.00000,0001,4,1850.00000
91,,OpeningBatch,7,01184,0001,25,367.00000,0001,25,367.00000
92,,OpeningBatch,8,01003,0001,150,17.00000,0001,150,17.00000
93,,OpeningBatch,9,01011,0001,2,4000.00000,0001,2,4000.00000
94,,OpeningBatch,10,01012,0001,7,4000.00000,0001,7,4000.00000
95,,OpeningBatch,11,01115,0001,19,1200.00000,0001,19,1200.00000
96,,OpeningBatch,12,01027,0001,14,350.00000,0001,14,350.00000
97,,OpeningBatch,13,01013,0001,15,160.00000,0001,15,160.00000
98,,OpeningBatch,14,01015,0001,2750,17.00000,0001,2750,17.00000
99,,OpeningBatch,15,01016,0001,20000,10.00000,0001,20000,10.00000
100,,OpeningBatch,16,01021,0001,7,380.00000,0001,7,380.00000
101,,OpeningBatch,17,01020,0001,560,350.00000,0001,560,350.00000
102,,OpeningBatch,18,01023,0001,10,5500.00000,0001,10,5500.00000
103,,OpeningBatch,19,01025,000,8,4500.00000,000,8,4500.00000
104,,OpeningBatch,20,01028,0001,3,1650.00000,0001,3,1650.00000
105,,OpeningBatch,21,01104,0001,15,1100.00000,0001,15,1100.00000
106,,OpeningBatch,22,01031,0001,42,6500.00000,0001,42,6500.00000
107,,OpeningBatch,23,01034,0001,16,380.00000,0001,16,380.00000
108,,OpeningBatch,24,01117,0001,2,420.00000,0001,2,420.00000
109,,OpeningBatch,25,01175,0001,35,320.00000,0001,35,320.00000
110,,OpeningBatch,26,01038,0001,65,650.00000,0001,65,650.00000
111,,OpeningBatch,27,01039,0001,20,4000.00000,0001,20,4000.00000
112,,OpeningBatch,28,01019,0001,2,5000.00000,0001,2,5000.00000
113,,OpeningBatch,29,01041,0001,32,620.00000,0001,32,620.00000
114,,OpeningBatch,30,01042,0001,40,180.00000,0001,40,180.00000
115,,OpeningBatch,31,01044,0001,48,132.00000,0001,48,132.00000
116,,OpeningBatch,32,01046,0001,20,16500.00000,0001,20,16500.00000
117,,OpeningBatch,33,01187,0001,24,200.00000,0001,24,200.00000
118,,OpeningBatch,34,01105,0001,9,290.00000,0001,9,290.00000
119,,OpeningBatch,35,01048,0001,16,1500.00000,0001,16,1500.00000
120,,OpeningBatch,36,01050,0001,15,2900.00000,0001,15,2900.00000
121,,OpeningBatch,37,01133,0001,25,1300.00000,0001,25,1300.00000
122,,OpeningBatch,38,01017,0001,11,3200.00000,0001,11,3200.00000
123,,OpeningBatch,39,01052,0001,8,14500.00000,0001,8,14500.00000
124,,OpeningBatch,40,01053,0001,0,15500.00000,0001,0,15500.00000
125,,OpeningBatch,41,01054,0001,1,16000.00000,0001,1,16000.00000
126,,OpeningBatch,42,01143,0001,60,3200.00000,0001,60,3200.00000
127,,OpeningBatch,43,01057,0001,5,14000.00000,0001,5,14000.00000
128,,OpeningBatch,44,01055,0001,3,1300.00000,0001,3,1300.00000
129,,OpeningBatch,45,01056,0001,6,16500.00000,0001,6,16500.00000
130,,OpeningBatch,46,01072,0001,5,9500.00000,0001,5,9500.00000
131,,OpeningBatch,47,01075,0001,1,5000.00000,0001,1,5000.00000
132,,OpeningBatch,48,01060,0001,25,950.00000,0001,25,950.00000
133,,OpeningBatch,49,01058,0001,23,1600.00000,0001,23,1600.00000
134,,OpeningBatch,50,01189,0001,50,590.00000,0001,50,590.00000
135,,OpeningBatch,51,01080,0001,2,4500.00000,0001,2,4500.00000
136,,OpeningBatch,52,01036,0001,265,750.00000,0001,265,750.00000
137,,OpeningBatch,53,01045,0001,120,680.00000,0001,120,680.00000
138,,OpeningBatch,54,01201,,0,,0001,100,600.00000
139,,OpeningBatch,1,01002,0001,25,200.00000,0001,25,200.00000
140,,OpeningBatch,2,01195,0001,35,380.00000,0001,35,380.00000
141,,OpeningBatch,3,01010,0001,27,2800.00000,0001,27,2800.00000
142,,OpeningBatch,4,01005,0001,12,1500.00000,0001,12,1500.00000
143,,OpeningBatch,5,01009,0001,65,1650.00000,0001,65,1650.00000
144,,OpeningBatch,6,01001,0001,4,1850.00000,0001,4,1850.00000
145,,OpeningBatch,7,01184,0001,25,367.00000,0001,25,367.00000
146,,OpeningBatch,8,01003,0001,150,17.00000,0001,150,17.00000
147,,OpeningBatch,9,01011,0001,2,4000.00000,0001,2,4000.00000
148,,OpeningBatch,10,01012,0001,7,4000.00000,0001,7,4000.00000
149,,OpeningBatch,11,01115,0001,19,1200.00000,0001,19,1200.00000
150,,OpeningBatch,12,01027,0001,14,350.00000,0001,14,350.00000
151,,OpeningBatch,13,01013,0001,15,160.00000,0001,15,160.00000
152,,OpeningBatch,14,01015,0001,2750,17.00000,0001,2750,17.00000
153,,OpeningBatch,15,01016,0001,20000,10.00000,0001,20000,10.00000
154,,OpeningBatch,16,01021,0001,7,380.00000,0001,7,380.00000
155,,OpeningBatch,17,01020,0001,560,350.00000,0001,560,350.00000
156,,OpeningBatch,18,01023,0001,10,5500.00000,0001,10,5500.00000
157,,OpeningBatch,19,01025,000,8,4500.00000,000,8,4500.00000
158,,OpeningBatch,20,01028,0001,3,1650.00000,0001,3,1650.00000
159,,OpeningBatch,21,01104,0001,15,1100.00000,0001,15,1100.00000
160,,OpeningBatch,22,01031,0001,42,6500.00000,0001,42,6500.00000
161,,OpeningBatch,23,01034,0001,16,380.00000,0001,16,380.00000
162,,OpeningBatch,24,01117,0001,2,420.00000,0001,2,420.00000
163,,OpeningBatch,25,01175,0001,35,320.00000,0001,35,320.00000
164,,OpeningBatch,26,01038,0001,65,650.00000,0001,65,650.00000
165,,OpeningBatch,27,01039,0001,20,4000.00000,0001,20,4000.00000
166,,OpeningBatch,28,01019,0001,2,5000.00000,0001,2,5000.00000
167,,OpeningBatch,29,01041,0001,32,620.00000,0001,32,620.00000
168,,OpeningBatch,30,01042,0001,40,180.00000,0001,40,180.00000
169,,OpeningBatch,31,01044,0001,48,132.00000,0001,48,132.00000
170,,OpeningBatch,32,01046,0001,20,16500.00000,0001,20,16500.00000
171,,OpeningBatch,33,01187,0001,24,200.00000,0001,24,200.00000
172,,OpeningBatch,34,01105,0001,9,290.00000,0001,9,290.00000
173,,OpeningBatch,35,01048,0001,16,1500.00000,0001,16,1500.00000
174,,OpeningBatch,36,01050,0001,15,2900.00000,0001,15,2900.00000
175,,OpeningBatch,37,01133,0001,25,1300.00000,0001,25,1300.00000
176,,OpeningBatch,38,01017,0001,11,3200.00000,0001,11,3200.00000
177,,OpeningBatch,39,01052,0001,8,14500.00000,0001,8,14500.00000
178,,OpeningBatch,40,01053,0001,0,15500.00000,0001,0,15500.00000
179,,OpeningBatch,41,01054,0001,1,16000.00000,0001,1,16000.00000
180,,OpeningBatch,42,01143,0001,60,3200.00000,0001,60,3200.00000
181,,OpeningBatch,43,01057,0001,5,14000.00000,0001,5,14000.00000
182,,OpeningBatch,44,01055,0001,3,1300.00000,0001,3,1300.00000
183,,OpeningBatch,45,01056,0001,6,16500.00000,0001,6,16500.00000
184,,OpeningBatch,46,01072,0001,5,9500.00000,0001,5,9500.00000
185,,OpeningBatch,47,01075,0001,1,5000.00000,0001,1,5000.00000
186,,OpeningBatch,48,01060,0001,25,950.00000,0001,25,950.00000
187,,OpeningBatch,49,01058,0001,23,1600.00000,0001,23,1600.00000
188,,OpeningBatch,50,01189,0001,50,590.00000,0001,50,590.00000
189,,OpeningBatch,51,01080,0001,2,4500.00000,0001,2,4500.00000
190,,OpeningBatch,52,01036,0001,265,750.00000,0001,265,750.00000
191,,OpeningBatch,53,01045,0001,120,680.00000,0001,120,680.00000
192,,OpeningBatch,54,01201,0001,100,600.00000,0001,80,600.00000
193,,OpeningBatch,55,02307,,0,,0001,350,155.00000
194,,OpeningBatch,56,02213,,0,,0001,300,155.00000
195,,OpeningBatch,57,02277,,0,,0001,750,155.00000
196,,OpeningBatch,58,02032,,0,,0001,600,155.00000
197,,OpeningBatch,59,02033,,0,,0001,450,155.00000
198,,OpeningBatch,60,02274,,0,,0001,500,80.00000
199,,OpeningBatch,61,02034,,0,,0001,600,80.00000
200,,OpeningBatch,62,02053,,0,,0001,850,70.00000
201,,OpeningBatch,63,02173,,0,,0001,100,145.00000
202,,OpeningBatch,64,02097,,0,,0001,660,220.00000
203,,OpeningBatch,65,02014,,0,,0001,290,390.00000
204,,OpeningBatch,66,02015,,0,,0001,70,270.00000
205,,OpeningBatch,67,02128,,0,,0001,37,1000.00000
206,,OpeningBatch,68,02002,,0,,0001,20,180.00000
207,,OpeningBatch,69,02003,,0,,0001,15,216.00000
208,,OpeningBatch,70,02004,,0,,0001,120,216.00000
209,,OpeningBatch,71,02006,,0,,0001,36,180.00000
210,,OpeningBatch,72,02306,,0,,0001,190,210.00000
211,,OpeningBatch,73,02317,,0,,0001,35,160.00000
212,,OpeningBatch,74,02059,,0,,0001,190,185.00000
213,,OpeningBatch,75,02324,,0,,0001,60,170.00000
214,,OpeningBatch,55,02307,0001,350,155.00000,0001,350,155.00000
215,,OpeningBatch,56,02213,0001,300,155.00000,0001,300,155.00000
216,,OpeningBatch,57,02277,0001,750,155.00000,0001,750,155.00000
217,,OpeningBatch,58,02032,0001,600,155.00000,0001,600,155.00000
218,,OpeningBatch,59,02033,0001,450,155.00000,0001,450,155.00000
219,,OpeningBatch,60,02274,0001,500,80.00000,0001,500,80.00000
220,,OpeningBatch,61,02034,0001,600,80.00000,0001,600,80.00000
221,,OpeningBatch,62,02053,0001,850,70.00000,0001,850,70.00000
222,,OpeningBatch,63,02173,0001,100,145.00000,0001,100,145.00000
223,,OpeningBatch,64,02097,0001,660,220.00000,0001,660,220.00000
224,,OpeningBatch,65,02014,0001,290,390.00000,0001,290,390.00000
225,,OpeningBatch,66,02015,0001,70,270.00000,0001,70,270.00000
226,,OpeningBatch,67,02128,0001,37,1000.00000,0001,37,1000.00000
227,,OpeningBatch,68,02002,0001,20,180.00000,0001,20,180.00000
228,,OpeningBatch,69,02003,0001,15,216.00000,0001,15,216.00000
229,,OpeningBatch,70,02004,0001,120,216.00000,0001,120,216.00000
230,,OpeningBatch,71,02006,0001,36,180.00000,0001,3,180.00000
231,,OpeningBatch,72,02306,0001,190,210.00000,0001,190,210.00000
232,,OpeningBatch,73,02317,0001,35,160.00000,0001,35,160.00000
233,,OpeningBatch,74,02059,0001,190,185.00000,0001,190,185.00000
234,,OpeningBatch,75,02324,0001,60,170.00000,0001,60,170.00000
235,,OpeningBatch,76,02010,,0,,0001,2500,10.00000
236,,OpeningBatch,77,02013,,0,,0001,136,390.00000
237,,OpeningBatch,55,02307,0001,350,155.00000,0001,350,155.00000
238,,OpeningBatch,56,02213,0001,300,155.00000,0001,300,155.00000
239,,OpeningBatch,57,02277,0001,750,155.00000,0001,750,155.00000
240,,OpeningBatch,58,02032,0001,600,155.00000,0001,600,155.00000
241,,OpeningBatch,59,02033,0001,450,155.00000,0001,450,155.00000
242,,OpeningBatch,60,02274,0001,500,80.00000,0001,500,80.00000
243,,OpeningBatch,61,02034,0001,600,80.00000,0001,600,80.00000
244,,OpeningBatch,62,02053,0001,850,70.00000,0001,850,70.00000
245,,OpeningBatch,63,02173,0001,100,145.00000,0001,100,145.00000
246,,OpeningBatch,64,02097,0001,660,220.00000,0001,660,220.00000
247,,OpeningBatch,65,02014,0001,290,390.00000,0001,290,390.00000
248,,OpeningBatch,66,02015,0001,70,270.00000,0001,70,270.00000
249,,OpeningBatch,67,02128,0001,37,1000.00000,0001,37,1000.00000
250,,OpeningBatch,68,02002,0001,20,180.00000,0001,20,180.00000
251,,OpeningBatch,69,02003,0001,15,216.00000,0001,15,216.00000
252,,OpeningBatch,70,02004,0001,120,216.00000,0001,120,216.00000
253,,OpeningBatch,71,02006,0001,3,180.00000,0001,3,180.00000
254,,OpeningBatch,72,02306,0001,190,210.00000,0001,190,210.00000
255,,OpeningBatch,73,02317,0001,35,160.00000,0001,35,160.00000
256,,OpeningBatch,74,02059,0001,190,185.00000,0001,190,185.00000
257,,OpeningBatch,75,02324,0001,60,170.00000,0001,60,170.00000
258,,OpeningBatch,76,02010,0001,2500,10.00000,0001,2500,10.00000
259,,OpeningBatch,77,02013,0001,136,390.00000,0001,136,390.00000
260,,OpeningBatch,78,02086,,0,,0001,1150,12.50000
261,,OpeningBatch,79,02420,,0,,0001,10,150.00000
262,,OpeningBatch,80,02258,,0,,0001,120,45.00000
263,,OpeningBatch,81,00019,,0,,0001,56,1440.00000
264,,OpeningBatch,1,01002,0001,25,200.00000,0001,25,200.00000
265,,OpeningBatch,2,01195,0001,35,380.00000,0001,35,380.00000
266,,OpeningBatch,3,01010,0001,27,2800.00000,0001,27,2800.00000
267,,OpeningBatch,4,01005,0001,12,1500.00000,0001,12,1500.00000
268,,OpeningBatch,5,01009,0001,65,1650.00000,0001,65,1650.00000
269,,OpeningBatch,6,01001,0001,4,1850.00000,0001,4,1850.00000
270,,OpeningBatch,7,01184,0001,25,367.00000,0001,25,367.00000
271,,OpeningBatch,8,01003,0001,150,17.00000,0001,150,17.00000
272,,OpeningBatch,9,01011,0001,2,4000.00000,0001,2,4000.00000
273,,OpeningBatch,10,01012,0001,7,4000.00000,0001,7,4000.00000
274,,OpeningBatch,11,01115,0001,19,1200.00000,0001,19,1200.00000
275,,OpeningBatch,12,01027,0001,14,350.00000,0001,14,350.00000
276,,OpeningBatch,13,01013,0001,15,160.00000,0001,15,160.00000
277,,OpeningBatch,14,01015,0001,2750,17.00000,0001,2750,17.00000
278,,OpeningBatch,15,01016,0001,20000,10.00000,0001,20000,10.00000
279,,OpeningBatch,16,01021,0001,7,380.00000,0001,7,380.00000
280,,OpeningBatch,17,01020,0001,560,350.00000,0001,560,350.00000
281,,OpeningBatch,18,01023,0001,10,5500.00000,0001,10,5500.00000
282,,OpeningBatch,19,01025,000,8,4500.00000,000,8,4500.00000
283,,OpeningBatch,20,01028,0001,3,1650.00000,0001,3,1650.00000
284,,OpeningBatch,21,01104,0001,15,1100.00000,0001,15,1100.00000
285,,OpeningBatch,22,01031,0001,42,6500.00000,0001,42,6500.00000
286,,OpeningBatch,23,01034,0001,16,380.00000,0001,16,380.00000
287,,OpeningBatch,24,01117,0001,2,420.00000,0001,2,420.00000
288,,OpeningBatch,25,01175,0001,35,320.00000,0001,35,320.00000
289,,OpeningBatch,26,01038,0001,65,650.00000,0001,65,650.00000
290,,OpeningBatch,27,01039,0001,20,4000.00000,0001,20,4000.00000
291,,OpeningBatch,28,01019,0001,2,5000.00000,0001,2,5000.00000
292,,OpeningBatch,29,01041,0001,32,620.00000,0001,32,620.00000
293,,OpeningBatch,30,01042,0001,40,180.00000,0001,40,180.00000
294,,OpeningBatch,31,01044,0001,48,132.00000,0001,48,132.00000
295,,OpeningBatch,32,01046,0001,20,16500.00000,0001,20,16500.00000
296,,OpeningBatch,33,01187,0001,24,200.00000,0001,24,200.00000
297,,OpeningBatch,34,01105,0001,9,290.00000,0001,9,290.00000
298,,OpeningBatch,35,01048,0001,16,1500.00000,0001,16,1500.00000
299,,OpeningBatch,36,01050,0001,15,2900.00000,0001,15,2900.00000
300,,OpeningBatch,37,01133,0001,25,1300.00000,0001,25,1300.00000
301,,OpeningBatch,38,01017,0001,11,3200.00000,0001,11,3200.00000
302,,OpeningBatch,39,01052,0001,8,14500.00000,0001,8,14500.00000
303,,OpeningBatch,40,01053,0001,0,15500.00000,0001,0,15500.00000
304,,OpeningBatch,41,01054,0001,1,16000.00000,0001,1,16000.00000
305,,OpeningBatch,42,01143,0001,60,3200.00000,0001,60,3200.00000
306,,OpeningBatch,43,01057,0001,5,14000.00000,0001,5,14000.00000
307,,OpeningBatch,44,01055,0001,3,1300.00000,0001,3,1300.00000
308,,OpeningBatch,45,01056,0001,6,16500.00000,0001,6,16500.00000
309,,OpeningBatch,46,01072,0001,5,9500.00000,0001,5,9500.00000
310,,OpeningBatch,47,01075,0001,1,5000.00000,0001,1,5000.00000
311,,OpeningBatch,48,01060,0001,25,950.00000,0001,25,950.00000
312,,OpeningBatch,49,01058,0001,23,1600.00000,0001,23,1600.00000
313,,OpeningBatch,50,01189,0001,50,590.00000,0001,50,590.00000
314,,OpeningBatch,51,01080,0001,2,4500.00000,0001,2,4500.00000
315,,OpeningBatch,52,01036,0001,265,750.00000,0001,265,750.00000
316,,OpeningBatch,53,01045,0001,120,680.00000,0001,120,680.00000
317,,OpeningBatch,54,01201,0001,80,600.00000,0001,60,600.00000
318,,OpeningBatch,55,02307,0001,350,155.00000,0001,450,155.00000
319,,OpeningBatch,56,02213,0001,300,155.00000,0001,450,155.00000
320,,OpeningBatch,57,02277,0001,750,155.00000,0001,750,155.00000
321,,OpeningBatch,58,02032,0001,600,155.00000,0001,600,155.00000
322,,OpeningBatch,59,02033,0001,450,155.00000,0001,450,155.00000
323,,OpeningBatch,60,02274,0001,500,80.00000,0001,600,80.00000
324,,OpeningBatch,61,02034,0001,600,80.00000,0001,600,80.00000
325,,OpeningBatch,62,02053,0001,850,70.00000,0001,950,70.00000
326,,OpeningBatch,63,02173,0001,100,145.00000,0001,100,145.00000
327,,OpeningBatch,64,02097,0001,660,220.00000,0001,660,220.00000
328,,OpeningBatch,65,02014,0001,290,390.00000,0001,290,390.00000
329,,OpeningBatch,66,02015,0001,70,270.00000,0001,70,270.00000
330,,OpeningBatch,67,02128,0001,37,1000.00000,0001,37,1000.00000
331,,OpeningBatch,68,02002,0001,20,180.00000,0001,20,180.00000
332,,OpeningBatch,69,02003,0001,15,216.00000,0001,15,216.00000
333,,OpeningBatch,70,02004,0001,120,216.00000,0001,120,216.00000
334,,OpeningBatch,71,02006,0001,3,180.00000,0001,3,180.00000
335,,OpeningBatch,72,02306,0001,190,210.00000,0001,190,210.00000
336,,OpeningBatch,73,02317,0001,35,160.00000,0001,35,160.00000
337,,OpeningBatch,74,02059,0001,190,185.00000,0001,190,185.00000
338,,OpeningBatch,75,02324,0001,60,170.00000,0001,60,170.00000
339,,OpeningBatch,76,02010,0001,2500,10.00000,0001,2500,10.00000
340,,OpeningBatch,77,02013,0001,136,390.00000,0001,136,390.00000
341,,OpeningBatch,78,02086,0001,1150,12.50000,0001,1150,12.50000
342,,OpeningBatch,79,02420,0001,10,150.00000,0001,10,150.00000
343,,OpeningBatch,80,02258,0001,120,45.00000,0001,120,45.00000
344,,OpeningBatch,82,02191,,0,,0001,15500,17.00000
345,,OpeningBatch,83,02361,,0,,0001,1050,30.00000
346,,OpeningBatch,84,02315,,0,,0001,10800,30.00000
347,,OpeningBatch,85,02359,,0,,0001,800,30.00000
348,,OpeningBatch,86,02172,,0,,0001,230,30.00000
349,,OpeningBatch,87,02299,,0,,0001,6500,30.00000
350,,OpeningBatch,88,02035,,0,,0001,850,30.00000
351,,OpeningBatch,89,02051,,0,,0001,12500,30.00000
352,,OpeningBatch,90,02321,,0,,0001,29000,20.00000
353,,OpeningBatch,91,02320,,0,,0001,8000,10.00000
354,,OpeningBatch,92,02319,,0,,0001,2000,9.50000
355,,OpeningBatch,93,02018,,0,,0001,5200,12.00000
356,,OpeningBatch,94,02278,,0,,0001,5300,12.00000
357,,OpeningBatch,95,02020,,0,,0001,11000,12.00000
358,,OpeningBatch,96,02019,,0,,0001,15000,11.50000
359,,OpeningBatch,97,02313,,0,,0001,6000,11.50000
360,,OpeningBatch,98,02224,,0,,0001,5500,11.50000
361,,OpeningBatch,55,02307,0001,450,155.00000,0001,450,155.00000
362,,OpeningBatch,56,02213,0001,450,155.00000,0001,450,155.00000
363,,OpeningBatch,57,02277,0001,750,155.00000,0001,750,155.00000
364,,OpeningBatch,58,02032,0001,600,155.00000,0001,600,155.00000
365,,OpeningBatch,59,02033,0001,450,155.00000,0001,500,155.00000
366,,OpeningBatch,60,02274,0001,600,80.00000,0001,600,80.00000
367,,OpeningBatch,61,02034,0001,600,80.00000,0001,600,80.00000
368,,OpeningBatch,62,02053,0001,950,70.00000,0001,950,70.00000
369,,OpeningBatch,63,02173,0001,100,145.00000,0001,100,145.00000
370,,OpeningBatch,64,02097,0001,660,220.00000,0001,660,220.00000
371,,OpeningBatch,65,02014,0001,290,390.00000,0001,290,390.00000
372,,OpeningBatch,66,02015,0001,70,270.00000,0001,70,270.00000
373,,OpeningBatch,67,02128,0001,37,1000.00000,0001,37,1000.00000
374,,OpeningBatch,68,02002,0001,20,180.00000,0001,20,180.00000
375,,OpeningBatch,69,02003,0001,15,216.00000,0001,15,216.00000
376,,OpeningBatch,70,02004,0001,120,216.00000,0001,120,216.00000
377,,OpeningBatch,71,02006,0001,3,180.00000,0001,3,180.00000
378,,OpeningBatch,72,02306,0001,190,210.00000,0001,190,210.00000
379,,OpeningBatch,73,02317,0001,35,160.00000,0001,35,160.00000
380,,OpeningBatch,74,02059,0001,190,185.00000,0001,190,185.00000
381,,OpeningBatch,75,02324,0001,60,170.00000,0001,60,170.00000
382,,OpeningBatch,76,02010,0001,2500,10.00000,0001,2500,10.00000
383,,OpeningBatch,77,02013,0001,136,390.00000,0001,136,390.00000
384,,OpeningBatch,78,02086,0001,1150,12.50000,0001,1150,12.50000
385,,OpeningBatch,79,02420,0001,10,150.00000,0001,10,150.00000
386,,OpeningBatch,80,02258,0001,120,45.00000,0001,120,45.00000
387,,OpeningBatch,82,02191,0001,15500,17.00000,0001,15500,17.00000
388,,OpeningBatch,83,02361,0001,1050,30.00000,0001,1050,30.00000
389,,OpeningBatch,84,02315,0001,10800,30.00000,0001,10800,30.00000
390,,OpeningBatch,85,02359,0001,800,30.00000,0001,800,30.00000
391,,OpeningBatch,86,02172,0001,230,30.00000,0001,230,30.00000
392,,OpeningBatch,87,02299,0001,6500,30.00000,0001,6500,30.00000
393,,OpeningBatch,88,02035,0001,850,30.00000,0001,850,30.00000
394,,OpeningBatch,89,02051,0001,12500,30.00000,0001,12500,30.00000
395,,OpeningBatch,90,02321,0001,29000,20.00000,0001,29000,20.00000
396,,OpeningBatch,91,02320,0001,8000,10.00000,0001,8000,10.00000
397,,OpeningBatch,92,02319,0001,2000,9.50000,0001,2000,9.50000
398,,OpeningBatch,93,02018,0001,5200,12.00000,0001,5200,12.00000
399,,OpeningBatch,94,02278,0001,5300,12.00000,0001,5300,12.00000
400,,OpeningBatch,95,02020,0001,11000,12.00000,0001,11000,12.00000
401,,OpeningBatch,96,02019,0001,15000,11.50000,0001,15000,11.50000
402,,OpeningBatch,97,02313,0001,6000,11.50000,0001,6000,11.50000
403,,OpeningBatch,98,02224,0001,5500,11.50000,0001,5500,11.50000
404,,OpeningBatch,55,02307,0001,450,155.00000,0001,450,155.00000
405,,OpeningBatch,56,02213,0001,450,155.00000,0001,450,155.00000
406,,OpeningBatch,57,02277,0001,750,155.00000,0001,750,155.00000
407,,OpeningBatch,58,02032,0001,600,155.00000,0001,600,155.00000
408,,OpeningBatch,59,02033,0001,500,155.00000,0001,500,155.00000
409,,OpeningBatch,60,02274,0001,600,80.00000,0001,600,80.00000
410,,OpeningBatch,61,02034,0001,600,80.00000,0001,600,80.00000
411,,OpeningBatch,62,02053,0001,950,70.00000,0001,950,70.00000
412,,OpeningBatch,63,02173,0001,100,145.00000,0001,100,145.00000
413,,OpeningBatch,64,02097,0001,660,220.00000,0001,660,220.00000
414,,OpeningBatch,65,02014,0001,290,390.00000,0001,290,390.00000
415,,OpeningBatch,66,02015,0001,70,270.00000,0001,70,270.00000
416,,OpeningBatch,67,02128,0001,37,1000.00000,0001,37,1000.00000
417,,OpeningBatch,68,02002,0001,20,180.00000,0001,20,180.00000
418,,OpeningBatch,69,02003,0001,15,216.00000,0001,15,216.00000
419,,OpeningBatch,70,02004,0001,120,216.00000,0001,120,216.00000
420,,OpeningBatch,71,02006,0001,3,180.00000,0001,3,180.00000
421,,OpeningBatch,72,02306,0001,190,210.00000,0001,190,210.00000
422,,OpeningBatch,73,02317,0001,35,160.00000,0001,35,160.00000
423,,OpeningBatch,74,02059,0001,190,185.00000,0001,190,185.00000
424,,OpeningBatch,75,02324,0001,60,170.00000,0001,60,170.00000
425,,OpeningBatch,76,02010,0001,2500,10.00000,0001,2500,10.00000
426,,OpeningBatch,77,02013,0001,136,390.00000,0001,136,390.00000
427,,OpeningBatch,78,02086,0001,1150,12.50000,0001,1150,12.50000
428,,OpeningBatch,79,02420,0001,10,150.00000,0001,10,150.00000
429,,OpeningBatch,80,02258,0001,120,45.00000,0001,120,45.00000
430,,OpeningBatch,82,02191,0001,15500,17.00000,0001,15500,17.00000
431,,OpeningBatch,83,02361,0001,1050,30.00000,0001,1050,30.00000
432,,OpeningBatch,84,02315,0001,10800,30.00000,0001,10800,30.00000
433,,OpeningBatch,85,02359,0001,800,30.00000,0001,800,30.00000
434,,OpeningBatch,86,02172,0001,230,30.00000,0001,230,30.00000
435,,OpeningBatch,87,02299,0001,6500,30.00000,0001,6500,30.00000
436,,OpeningBatch,88,02035,0001,850,30.00000,0001,850,30.00000
437,,OpeningBatch,89,02051,0001,12500,30.00000,0001,12500,30.00000
438,,OpeningBatch,90,02321,0001,29000,20.00000,0001,29000,20.00000
439,,OpeningBatch,91,02320,0001,8000,10.00000,0001,8000,10.00000
440,,OpeningBatch,92,02319,0001,2000,9.50000,0001,2000,9.50000
441,,OpeningBatch,93,02018,0001,5200,12.00000,0001,5200,12.00000
442,,OpeningBatch,94,02278,0001,5300,12.00000,0001,5300,12.00000
443,,OpeningBatch,95,02020,0001,11000,12.00000,0001,11000,12.00000
444,,OpeningBatch,96,02019,0001,15000,11.50000,0001,15000,11.50000
445,,OpeningBatch,97,02313,0001,6000,11.50000,0001,6000,11.50000
446,,OpeningBatch,98,02224,0001,5500,11.50000,0001,5500,11.50000
447,,OpeningBatch,99,02316,,0,,0001,6000,6.00000
448,,OpeningBatch,55,02307,0001,450,155.00000,0001,450,155.00000
449,,OpeningBatch,56,02213,0001,450,155.00000,0001,450,155.00000
450,,OpeningBatch,57,02277,0001,750,155.00000,0001,750,155.00000
451,,OpeningBatch,58,02032,0001,600,155.00000,0001,600,155.00000
452,,OpeningBatch,59,02033,0001,500,155.00000,0001,500,155.00000
453,,OpeningBatch,60,02274,0001,600,80.00000,0001,600,80.00000
454,,OpeningBatch,61,02034,0001,600,80.00000,0001,600,80.00000
455,,OpeningBatch,62,02053,0001,950,70.00000,0001,950,70.00000
456,,OpeningBatch,63,02173,0001,100,145.00000,0001,100,145.00000
457,,OpeningBatch,64,02097,0001,660,220.00000,0001,660,220.00000
458,,OpeningBatch,65,02014,0001,290,390.00000,0001,290,390.00000
459,,OpeningBatch,66,02015,0001,70,270.00000,0001,70,270.00000
460,,OpeningBatch,67,02128,0001,37,1000.00000,0001,37,1000.00000
461,,OpeningBatch,68,02002,0001,20,180.00000,0001,20,180.00000
462,,OpeningBatch,69,02003,0001,15,216.00000,0001,15,216.00000
463,,OpeningBatch,70,02004,0001,120,216.00000,0001,120,216.00000
464,,OpeningBatch,71,02006,0001,3,180.00000,0001,3,180.00000
465,,OpeningBatch,72,02306,0001,190,210.00000,0001,190,210.00000
466,,OpeningBatch,73,02317,0001,35,160.00000,0001,35,160.00000
467,,OpeningBatch,74,02059,0001,190,185.00000,0001,190,185.00000
468,,OpeningBatch,75,02324,0001,60,170.00000,0001,60,170.00000
469,,OpeningBatch,76,02010,0001,2500,10.00000,0001,2500,10.00000
470,,OpeningBatch,77,02013,0001,136,390.00000,0001,136,390.00000
471,,OpeningBatch,78,02086,0001,1150,12.50000,0001,1150,12.50000
472,,OpeningBatch,79,02420,0001,10,150.00000,0001,10,150.00000
473,,OpeningBatch,80,02258,0001,120,45.00000,0001,120,45.00000
474,,OpeningBatch,82,02191,0001,15500,17.00000,0001,15500,17.00000
475,,OpeningBatch,83,02361,0001,1050,30.00000,0001,1050,30.00000
476,,OpeningBatch,84,02315,0001,10800,30.00000,0001,10800,30.00000
477,,OpeningBatch,85,02359,0001,800,30.00000,0001,800,30.00000
478,,OpeningBatch,86,02172,0001,230,30.00000,0001,230,30.00000
479,,OpeningBatch,87,02299,0001,6500,30.00000,0001,6500,30.00000
480,,OpeningBatch,88,02035,0001,850,30.00000,0001,850,30.00000
481,,OpeningBatch,89,02051,0001,12500,30.00000,0001,12500,30.00000
482,,OpeningBatch,90,02321,0001,29000,20.00000,0001,29000,20.00000
483,,OpeningBatch,91,02320,0001,8000,10.00000,0001,8000,10.00000
484,,OpeningBatch,92,02319,0001,2000,9.50000,0001,2500,9.50000
485,,OpeningBatch,93,02018,0001,5200,12.00000,0001,5200,12.00000
486,,OpeningBatch,94,02278,0001,5300,12.00000,0001,5300,12.00000
487,,OpeningBatch,95,02020,0001,11000,12.00000,0001,11000,12.00000
488,,OpeningBatch,96,02019,0001,15000,11.50000,0001,15000,11.50000
489,,OpeningBatch,97,02313,0001,6000,11.50000,0001,6000,11.50000
490,,OpeningBatch,98,02224,0001,5500,11.50000,0001,5500,11.50000
491,,OpeningBatch,99,02316,0001,6000,6.00000,0001,6000,6.00000
492,,OpeningBatch,55,02307,0001,450,155.00000,0001,450,155.00000
493,,OpeningBatch,56,02213,0001,450,155.00000,0001,450,155.00000
494,,OpeningBatch,57,02277,0001,750,155.00000,0001,750,155.00000
495,,OpeningBatch,58,02032,0001,600,155.00000,0001,600,155.00000
496,,OpeningBatch,59,02033,0001,500,155.00000,0001,500,155.00000
497,,OpeningBatch,60,02274,0001,600,80.00000,0001,600,80.00000
498,,OpeningBatch,61,02034,0001,600,80.00000,0001,600,80.00000
499,,OpeningBatch,62,02053,0001,950,70.00000,0001,950,70.00000
500,,OpeningBatch,63,02173,0001,100,145.00000,0001,100,145.00000
501,,OpeningBatch,64,02097,0001,660,220.00000,0001,660,220.00000
502,,OpeningBatch,65,02014,0001,290,390.00000,0001,290,390.00000
503,,OpeningBatch,66,02015,0001,70,270.00000,0001,70,270.00000
504,,OpeningBatch,67,02128,0001,37,1000.00000,0001,37,1000.00000
505,,OpeningBatch,68,02002,0001,20,180.00000,0001,20,180.00000
506,,OpeningBatch,69,02003,0001,15,216.00000,0001,15,216.00000
507,,OpeningBatch,70,02004,0001,120,216.00000,0001,120,216.00000
508,,OpeningBatch,71,02006,0001,3,180.00000,0001,3,180.00000
509,,OpeningBatch,72,02306,0001,190,210.00000,0001,190,210.00000
510,,OpeningBatch,73,02317,0001,35,160.00000,0001,35,160.00000
511,,OpeningBatch,74,02059,0001,190,185.00000,0001,190,185.00000
512,,OpeningBatch,75,02324,0001,60,170.00000,0001,60,170.00000
513,,OpeningBatch,76,02010,0001,2500,10.00000,0001,2500,10.00000
514,,OpeningBatch,77,02013,0001,136,390.00000,0001,136,390.00000
515,,OpeningBatch,78,02086,0001,1150,12.50000,0001,1150,12.50000
516,,OpeningBatch,79,02420,0001,10,150.00000,0001,10,150.00000
517,,OpeningBatch,80,02258,0001,120,45.00000,0001,120,45.00000
518,,OpeningBatch,82,02191,0001,15500,17.00000,0001,15500,17.00000
519,,OpeningBatch,83,02361,0001,1050,30.00000,0001,1050,30.00000
520,,OpeningBatch,84,02315,0001,10800,30.00000,0001,10800,30.00000
521,,OpeningBatch,85,02359,0001,800,30.00000,0001,800,30.00000
522,,OpeningBatch,86,02172,0001,230,30.00000,0001,230,30.00000
523,,OpeningBatch,87,02299,0001,6500,30.00000,0001,6500,30.00000
524,,OpeningBatch,88,02035,0001,850,30.00000,0001,850,30.00000
525,,OpeningBatch,89,02051,0001,12500,30.00000,0001,12500,30.00000
526,,OpeningBatch,90,02321,0001,29000,20.00000,0001,29000,20.00000
527,,OpeningBatch,91,02320,0001,8000,10.00000,0001,8000,10.00000
528,,OpeningBatch,92,02319,0001,2500,9.50000,0001,2500,9.50000
529,,OpeningBatch,93,02018,0001,5200,12.00000,0001,5200,12.00000
530,,OpeningBatch,94,02278,0001,5300,12.00000,0001,5300,12.00000
531,,OpeningBatch,95,02020,0001,11000,12.00000,0001,11000,12.00000
532,,OpeningBatch,96,02019,0001,15000,11.50000,0001,15000,11.50000
533,,OpeningBatch,97,02313,0001,6000,11.50000,0001,6000,11.50000
534,,OpeningBatch,98,02224,0001,5500,11.50000,0001,5500,11.50000
535,,OpeningBatch,99,02316,0001,6000,6.00000,0001,6000,6.00000
536,,OpeningBatch,100,02341,,0,,0001,600,30.00000
537,,OpeningBatch,81,00019,0001,56,1440.00000,0001,56,1440.00000
538,,OpeningBatch,101,00363,,0,,0001,934,14000.00000
539,,PurchasesBatch,1,02006,,0,,0001,37,196.00000
540,,PurchasesBatch,2,02334,,0,,0001,60,80.00000
541,,PurchasesBatch,2,02427,,0,,0001,36,40.00000
542,,PurchasesBatch,2,02425,,0,,0001,24,40.00000
543,,PurchasesBatch,2,02421,,0,,0001,20,40.00000
544,,PurchasesBatch,2,02423,,0,,0001,20,40.00000
545,,PurchasesBatch,2,02428,,0,,0001,10,90.00000
546,,PurchasesBatch,2,02429,,0,,0001,10,120.00000
547,,PurchasesBatch,2,02430,,0,,0001,36,40.00000
548,,Productions,1,03192,,0,,0001,200,146.25000
549,,PRODUCTIONBATCH,1,01023,,0,,0001,1,5500.00000
550,,PRODUCTIONBATCH,1,01025,,0,,000,1,4500.00000
551,,PRODUCTIONBATCH,1,01036,,0,,0001,20,750.00000
552,,PRODUCTIONBATCH,1,01050,,0,,0001,0,2900.00000
553,,PRODUCTIONBATCH,1,01184,,0,,0001,10,367.00000
554,,Productions,1,03192,0001,200,146.25000,0001,200,146.25000
555,,PACKING,1,00278,,0,,0001,40,1295.25000
556,,PACKINGBATCH,1,02014,,0,,0001,40,390.00000
557,,PACKINGBATCH,1,02334,,0,,0001,60,80.00000
558,,PACKINGBATCH,1,03192,,0,,0001,200,146.25000
559,,PACKINGBATCH,1,02004,,0,,0001,10,216.00000
560,,PACKING,1,00278,0001,40,1295.25000,0001,40,1295.25000
561,,Productions,2,03174,,0,,0001,110,13.86000
562,,PRODUCTIONBATCH,2,01012,,0,,0001,0,4000.00000
563,,PRODUCTIONBATCH,2,01021,,0,,0001,1,380.00000
564,,PRODUCTIONBATCH,2,01041,,0,,0001,0,620.00000
565,,PRODUCTIONBATCH,2,01044,,0,,0001,1,132.00000
566,,PRODUCTIONBATCH,2,01058,,0,,0001,0,1600.00000
567,,Productions,2,03174,0001,110,13.86000,0001,110,13.86000
568,,PACKING,2,00244,,0,,0001,1100,26.40218
569,,PACKINGBATCH,2,02086,,0,,0001,1150,12.50000
570,,PACKINGBATCH,2,03174,,0,,0001,110,13.86000
571,,PACKINGBATCH,2,02010,,0,,0001,1100,10.00000
572,,PACKINGBATCH,2,02006,,0,,0001,11,194.80000
573,,PACKING,2,00244,0001,1100,26.40218,0001,1100,26.40218
574,,PurchasesBatch,3,02265,,0,,0001,15,40.00000
575,,PurchasesBatch,4,02097,,0,,0001,12,155.00000
576,,PurchasesBatch,5,01003,,0,,0001,500,15.00000
577,,PurchasesBatch,6,01044,,0,,0001,25,132.00000
578,,Productions,3,03260,,0,,0001,120,133.33000
579,,PRODUCTIONBATCH,3,01036,,0,,0001,12,750.00000
580,,PRODUCTIONBATCH,3,01041,,0,,0001,0,620.00000
581,,PRODUCTIONBATCH,3,01045,,0,,0001,2,680.00000
582,,PRODUCTIONBATCH,3,01052,,0,,0001,0,14500.00000
583,,PRODUCTIONBATCH,3,01053,,0,,0001,0,15500.00000
584,,PRODUCTIONBATCH,3,01056,,0,,0001,0,16500.00000
585,,PRODUCTIONBATCH,3,01058,,0,,0001,0,1600.00000
586,,Productions,3,03260,0001,120,133.33000,0001,120,133.33000
587,,PACKING,3,00364,,0,,0001,24,1170.65000
588,,PACKINGBATCH,3,02014,,0,,0001,24,390.00000
589,,PACKINGBATCH,3,02427,,0,,0001,36,40.00000
590,,PACKINGBATCH,3,03260,,0,,0001,120,133.33000
591,,PACKINGBATCH,3,02004,,0,,0001,6,216.00000
592,,PACKING,3,00364,0001,24,1170.65000,0001,24,1170.65000
593,,Productions,4,03254,,0,,0001,60,173.43000
594,,PRODUCTIONBATCH,4,01010,,0,,0001,0,2800.00000
595,,PRODUCTIONBATCH,4,01012,,0,,0001,0,4000.00000
596,,PRODUCTIONBATCH,4,01038,,0,,0001,0,650.00000
597,,PRODUCTIONBATCH,4,01041,,0,,0001,0,620.00000
598,,PRODUCTIONBATCH,4,01045,,0,,0001,3,680.00000
599,,PRODUCTIONBATCH,4,01046,,0,,0001,0,16500.00000
600,,PRODUCTIONBATCH,4,01058,,0,,0001,0,1600.00000
601,,PRODUCTIONBATCH,4,01184,,0,,0001,3,367.00000
602,,Productions,4,03254,0001,60,173.43000,0001,60,173.43000
603,,PACKING,4,00358,,0,,0001,12,1377.81667
604,,PACKINGBATCH,4,02014,,0,,0001,12,390.00000
605,,PACKINGBATCH,4,02421,,0,,0001,20,40.00000
606,,PACKINGBATCH,4,03254,,0,,0001,60,173.43000
607,,PACKINGBATCH,4,02004,,0,,0001,3,216.00000
608,,PACKING,4,00358,0001,12,1377.81667,0001,12,1377.81667
609,,Productions,5,03263,,0,,0001,100,78.38000
610,,PRODUCTIONBATCH,5,01031,,0,,0001,1,6500.00000
611,,PRODUCTIONBATCH,5,01041,,0,,0001,0,620.00000
612,,PRODUCTIONBATCH,5,01048,,0,,0001,0,1500.00000
613,,PRODUCTIONBATCH,5,01058,,0,,0001,0,1600.00000
614,,Productions,5,03263,0001,100,78.38000,0001,100,78.38000
615,,PACKING,5,00367,,0,,0001,20,907.90000
616,,PACKINGBATCH,5,02014,,0,,0001,20,390.00000
617,,PACKINGBATCH,5,02430,,0,,0001,36,40.00000
618,,PACKINGBATCH,5,03263,,0,,0001,100,78.38000
619,,PACKINGBATCH,5,02004,,0,,0001,5,216.00000
620,,PACKING,5,00367,0001,20,907.90000,0001,20,907.90000
621,,Productions,6,03258,,0,,0001,60,66.03000
622,,PRODUCTIONBATCH,6,01023,,0,,0001,0,5500.00000
623,,PRODUCTIONBATCH,6,01025,,0,,000,0,4500.00000
624,,PRODUCTIONBATCH,6,01036,,0,,0001,0,750.00000
625,,PRODUCTIONBATCH,6,01041,,0,,0001,0,620.00000
626,,PRODUCTIONBATCH,6,01045,,0,,0001,0,680.00000
627,,PRODUCTIONBATCH,6,01058,,0,,0001,0,1600.00000
628,,Productions,6,03258,0001,60,66.03000,0001,60,66.03000
629,,PACKING,6,00362,,0,,0001,12,854.15000
630,,PACKINGBATCH,6,02014,,0,,0001,12,390.00000
631,,PACKINGBATCH,6,02425,,0,,0001,24,40.00000
632,,PACKINGBATCH,6,03258,,0,,0001,60,66.03000
633,,PACKINGBATCH,6,02004,,0,,0001,3,216.00000
634,,PACKING,6,00362,0001,12,854.15000,0001,12,854.15000
635,,Productions,7,03256,,0,,0001,60,78.28000
636,,PRODUCTIONBATCH,7,01010,,0,,0001,0,2800.00000
637,,PRODUCTIONBATCH,7,01012,,0,,0001,0,4000.00000
638,,PRODUCTIONBATCH,7,01020,,0,,0001,0,350.00000
639,,PRODUCTIONBATCH,7,01021,,0,,0001,0,380.00000
640,,PRODUCTIONBATCH,7,01041,,0,,0001,0,620.00000
641,,PRODUCTIONBATCH,7,01046,,0,,0001,0,16500.00000
642,,PRODUCTIONBATCH,7,01058,,0,,0001,0,1600.00000
643,,PRODUCTIONBATCH,7,01184,,0,,0001,3,367.00000
644,,Productions,7,03256,0001,60,78.28000,0001,60,78.28000
645,,PACKING,7,00360,,0,,0001,12,902.06667
646,,PACKINGBATCH,7,02014,,0,,0001,12,390.00000
647,,PACKINGBATCH,7,02423,,0,,0001,20,40.00000
648,,PACKINGBATCH,7,03256,,0,,0001,60,78.28000
649,,PACKINGBATCH,7,02004,,0,,0001,3,216.00000
650,,PACKING,7,00360,0001,12,902.06667,0001,12,902.06667
651,,Productions,8,03261,,0,,0001,250,109.49000
652,,PRODUCTIONBATCH,8,01009,,0,,0001,0,1650.00000
653,,PRODUCTIONBATCH,8,01020,,0,,0001,60,350.00000
654,,PRODUCTIONBATCH,8,01021,,0,,0001,2,380.00000
655,,PRODUCTIONBATCH,8,01028,,0,,0001,1,1650.00000
656,,PRODUCTIONBATCH,8,01038,,0,,0001,1,650.00000
657,,PRODUCTIONBATCH,8,01041,,0,,0001,0,620.00000
658,,PRODUCTIONBATCH,8,01187,,0,,0001,5,200.00000
659,,Productions,8,03261,0001,250,109.49000,0001,250,109.49000
660,,PACKING,8,00365,,0,,0001,10,3827.25000
661,,PACKINGBATCH,8,02128,,0,,0001,10,1000.00000
662,,PACKINGBATCH,8,02428,,0,,0001,10,90.00000
663,,PACKINGBATCH,8,03261,,0,,0001,250,109.49000
664,,PACKING,8,00365,0001,10,3827.25000,0001,10,3827.25000
665,,Productions,9,03262,,0,,0001,250,19.46156
666,,PRODUCTIONBATCH,9,01003,,0,,0001,250,15.46154
667,,PRODUCTIONBATCH,9,01187,,0,,0001,5,200.00000
668,,Productions,9,03262,0001,250,19.46156,0001,250,19.46154
669,,PACKING,9,00366,,0,,0001,10,606.53900
670,,PACKINGBATCH,9,02429,,0,,0001,10,120.00000
671,,PACKINGBATCH,9,03262,,0,,0001,250,19.46154
672,,PACKING,9,00366,0001,10,606.53900,0001,10,606.53850
673,,Productions,10,03010,,0,,0001,12,128.59000
674,,PRODUCTIONBATCH,10,01023,,0,,0001,0,5500.00000
675,,PRODUCTIONBATCH,10,01025,,0,,000,0,4500.00000
676,,PRODUCTIONBATCH,10,01028,,0,,0001,0,1650.00000
677,,PRODUCTIONBATCH,10,01036,,0,,0001,0,750.00000
678,,PRODUCTIONBATCH,10,01041,,0,,0001,0,620.00000
679,,PRODUCTIONBATCH,10,01045,,0,,0001,0,680.00000
680,,PRODUCTIONBATCH,10,01050,,0,,0001,0,2900.00000
681,,PRODUCTIONBATCH,10,01058,,0,,0001,0,1600.00000
682,,Productions,10,03010,0001,12,128.59000,0001,12,128.59000
683,,PACKING,10,00050,,0,,0001,12,412.84583
684,,PACKINGBATCH,10,02097,,0,,0001,12,218.83929
685,,PACKINGBATCH,10,02265,,0,,0001,15,40.00000
686,,PACKINGBATCH,10,03010,,0,,0001,12,128.59000
687,,PACKINGBATCH,10,02059,,0,,0001,1,185.00000
688,,PACKING,10,00050,0001,12,412.84583,0001,12,412.84596
689,,OpeningBatch,81,00019,0001,56,1440.00000,0001,56,1440.00000
690,,OpeningBatch,101,00363,0001,934,14000.00000,0001,934,14000.00000
691,,OpeningBatch,102,00357,,0,,0001,2,10000.00000
692,,Productions,11,03014,,0,,0001,100,15.46150
693,,PRODUCTIONBATCH,11,01003,,0,,0001,100,15.46154
694,,Productions,11,03014,0001,100,15.46150,0001,100,15.46154
695,,PACKING,11,00022,,0,,0001,4,541.53750
696,,PACKINGBATCH,11,02033,,0,,0001,4,155.00000
697,,PACKINGBATCH,11,03014,,0,,0001,100,15.46154
698,,PACKING,11,00022,0001,4,541.53750,0001,4,541.53850
699,,Productions,12,03163,,0,,0001,3750,15.13333
700,,PRODUCTIONBATCH,12,01015,,0,,0001,2750,17.00000
701,,PRODUCTIONBATCH,12,01016,,0,,0001,1000,10.00000
702,,Productions,12,03163,0001,3750,15.13333,0001,3750,15.13333
703,,PACKING,12,00231,,0,,0001,150,458.33327
704,,PACKINGBATCH,12,02274,,0,,0001,150,80.00000
705,,PACKINGBATCH,12,03163,,0,,0001,3750,15.13333
706,,PACKING,12,00231,0001,150,458.33327,0001,150,458.33325
707,,Productions,13,03001,,0,,0001,900,14.41000
708,,PRODUCTIONBATCH,13,01016,,0,,0001,711,10.00000
709,,PRODUCTIONBATCH,13,01042,,0,,0001,10,180.00000
710,,PRODUCTIONBATCH,13,01050,,0,,0001,1,2900.00000
711,,Productions,13,03001,0001,900,14.41000,0001,900,14.41000
712,,PACKING,13,00016,,0,,0001,36,515.25000
713,,PACKINGBATCH,13,02032,,0,,0001,36,155.00000
714,,PACKINGBATCH,13,03001,,0,,0001,900,14.41000
715,,PACKING,13,00016,0001,36,515.25000,0001,36,515.25000
716,,PurchasesBatch,7,01075,,0,,0001,1,6000.00000
717,,PurchasesBatch,7,01019,,0,,0001,2,5000.00000
718,,PurchasesBatch,7,01065,,0,,0001,600,250.00000
719,,PurchasesBatch,8,01003,,0,,0001,6250,17.40000
720,,Productions,14,03046,,0,,0001,250,16.77312
721,,PRODUCTIONBATCH,14,01003,,0,,0001,2,17.31122
722,,PRODUCTIONBATCH,14,01016,,0,,0001,250,10.00000
723,,PRODUCTIONBATCH,14,01044,,0,,0001,12,132.00000
724,,Productions,14,03046,0001,250,16.77312,0001,250,16.77311
725,,PACKING,14,00220,,0,,0001,10,619.32800
726,,PACKINGBATCH,14,02258,,0,,0001,10,45.00000
727,,PACKINGBATCH,14,02307,,0,,0001,10,155.00000
728,,PACKINGBATCH,14,03046,,0,,0001,250,16.77311
729,,PACKING,14,00220,0001,10,619.32800,0001,10,619.32775
730,,PurchasesBatch,9,01022,,0,,0001,1,4000.00000
731,,PurchasesBatch,10,01075,,0,,0001,1,6000.00000
732,,PurchasesBatch,10,01019,,0,,0001,1,5000.00000
733,,PurchasesBatch,11,02124,,0,,0001,12,40.00000
734,,PurchasesBatch,11,02025,,0,,0001,12,40.00000
735,,PurchasesBatch,11,02330,,0,,0001,80,80.00000
736,,PurchasesBatch,11,02323,,0,,0001,12,40.00000
737,,PurchasesBatch,11,02146,,0,,0001,26,90.00000
738,,PurchasesBatch,11,02065,,0,,0001,15,40.00000
739,,PurchasesBatch,11,02300,,0,,0001,15,40.00000
740,,PurchasesBatch,11,02048,,0,,0001,15,40.00000
741,,PurchasesBatch,11,02431,,0,,0001,15,40.00000
742,,Productions,15,03190,,0,,0001,260,475.31846
743,,PRODUCTIONBATCH,15,01019,,0,,0001,5,5000.00000
744,,PRODUCTIONBATCH,15,01031,,0,,0001,3,6500.00000
745,,PRODUCTIONBATCH,15,01036,,0,,0001,35,750.00000
746,,PRODUCTIONBATCH,15,01041,,0,,0001,1,620.00000
747,,PRODUCTIONBATCH,15,01058,,0,,0001,0,1600.00000
748,,PRODUCTIONBATCH,15,01075,,0,,0001,3,5714.28571
749,,PRODUCTIONBATCH,15,01189,,0,,0001,26,590.00000
750,,PRODUCTIONBATCH,15,01201,,0,,0001,26,600.00000
751,,Productions,15,03190,0001,260,475.31846,0001,260,475.31846
752,,PACKING,15,00274,,0,,0001,52,2943.66923
753,,PACKINGBATCH,15,02014,,0,,0001,52,390.00000
754,,PACKINGBATCH,15,02330,,0,,0001,80,80.00000
755,,PACKINGBATCH,15,03190,,0,,0001,260,475.31846
756,,PACKINGBATCH,15,02004,,0,,0001,13,216.00000
757,,PACKING,15,00274,0001,52,2943.66923,0001,52,2943.66922
758,,Productions,16,03097,,0,,0001,500,105.17000
759,,PRODUCTIONBATCH,16,01009,,0,,0001,1,1650.00000
760,,PRODUCTIONBATCH,16,01020,,0,,0001,120,350.00000
761,,PRODUCTIONBATCH,16,01021,,0,,0001,1,380.00000
762,,PRODUCTIONBATCH,16,01038,,0,,0001,10,650.00000
763,,PRODUCTIONBATCH,16,01041,,0,,0001,1,620.00000
764,,PRODUCTIONBATCH,16,01187,,0,,0001,1,200.00000
765,,Productions,16,03097,0001,500,105.17000,0001,500,105.17000
766,,PACKING,16,00137,,0,,0001,20,3746.25000
767,,PACKINGBATCH,16,02128,,0,,0001,20,1000.00000
768,,PACKINGBATCH,16,02146,,0,,0001,26,90.00000
769,,PACKINGBATCH,16,03097,,0,,0001,500,105.17000
770,,PACKING,16,00137,0001,20,3746.25000,0001,20,3746.25000
771,,Productions,17,03135,,0,,0001,12,224.30000
772,,PRODUCTIONBATCH,17,01005,,0,,0001,0,1500.00000
773,,PRODUCTIONBATCH,17,01010,,0,,0001,0,2800.00000
774,,PRODUCTIONBATCH,17,01011,,0,,0001,0,4000.00000
775,,PRODUCTIONBATCH,17,01012,,0,,0001,0,4000.00000
776,,PRODUCTIONBATCH,17,01020,,0,,0001,0,350.00000
777,,PRODUCTIONBATCH,17,01021,,0,,0001,0,380.00000
778,,PRODUCTIONBATCH,17,01041,,0,,0001,0,620.00000
779,,PRODUCTIONBATCH,17,01046,,0,,0001,0,16500.00000
780,,PRODUCTIONBATCH,17,01058,,0,,0001,0,1600.00000
781,,PRODUCTIONBATCH,17,01184,,0,,0001,0,367.00000
782,,Productions,17,03135,0001,12,224.30000,0001,12,224.30000
783,,PACKING,17,00368,,0,,0001,12,508.55583
784,,PACKINGBATCH,17,02097,,0,,0001,12,218.83929
785,,PACKINGBATCH,17,02431,,0,,0001,15,40.00000
786,,PACKINGBATCH,17,03135,,0,,0001,12,224.30000
787,,PACKINGBATCH,17,02059,,0,,0001,1,185.00000
788,,PACKING,17,00368,0001,12,508.55583,0001,12,508.55596
789,,Productions,18,03027,,0,,0001,12,231.13000
790,,PRODUCTIONBATCH,18,01036,,0,,0001,0,750.00000
791,,PRODUCTIONBATCH,18,01041,,0,,0001,0,620.00000
792,,PRODUCTIONBATCH,18,01045,,0,,0001,0,680.00000
793,,PRODUCTIONBATCH,18,01052,,0,,0001,0,14500.00000
794,,PRODUCTIONBATCH,18,01058,,0,,0001,0,1600.00000
795,,PRODUCTIONBATCH,18,01072,,0,,0001,0,9500.00000
796,,Productions,18,03027,0001,12,231.13000,0001,12,231.13000
797,,PACKING,18,00055,,0,,0001,12,515.38583
798,,PACKINGBATCH,18,02048,,0,,0001,15,40.00000
799,,PACKINGBATCH,18,02097,,0,,0001,12,218.83929
800,,PACKINGBATCH,18,03027,,0,,0001,12,231.13000
801,,PACKINGBATCH,18,02059,,0,,0001,1,185.00000
802,,PACKING,18,00055,0001,12,515.38583,0001,12,515.38596
803,,Productions,19,03034,,0,,0001,12,95.53000
804,,PRODUCTIONBATCH,19,01036,,0,,0001,0,750.00000
805,,PRODUCTIONBATCH,19,01041,,0,,0001,0,620.00000
806,,PRODUCTIONBATCH,19,01045,,0,,0001,0,680.00000
807,,PRODUCTIONBATCH,19,01052,,0,,0001,0,14500.00000
808,,PRODUCTIONBATCH,19,01053,,0,,0001,0,15500.00000
809,,PRODUCTIONBATCH,19,01056,,0,,0001,0,16500.00000
810,,PRODUCTIONBATCH,19,01058,,0,,0001,0,1600.00000
811,,Productions,19,03034,0001,12,95.53000,0001,12,95.53000
812,,PACKING,19,00063,,0,,0001,12,379.78583
813,,PACKINGBATCH,19,02097,,0,,0001,12,218.83929
814,,PACKINGBATCH,19,02300,,0,,0001,15,40.00000
815,,PACKINGBATCH,19,03034,,0,,0001,12,95.53000
816,,PACKINGBATCH,19,02059,,0,,0001,1,185.00000
817,,PACKING,19,00063,0001,12,379.78583,0001,12,379.78596
818,,Productions,20,03026,,0,,0001,32,111.86000
819,,PRODUCTIONBATCH,20,01031,,0,,0001,0,6500.00000
820,,PRODUCTIONBATCH,20,01041,,0,,0001,0,620.00000
821,,PRODUCTIONBATCH,20,01048,,0,,0001,0,1500.00000
822,,PRODUCTIONBATCH,20,01058,,0,,0001,0,1600.00000
823,,Productions,20,03026,0001,32,111.86000,0001,32,111.86000
824,,PACKING,20,00119,,0,,0001,4,1123.30000
825,,PACKINGBATCH,20,02014,,0,,0001,4,390.00000
826,,PACKINGBATCH,20,02124,,0,,0001,12,40.00000
827,,PACKINGBATCH,20,03026,,0,,0001,20,111.86000
828,,PACKINGBATCH,20,02004,,0,,0001,1,216.00000
829,,PACKING,20,00119,0001,4,1123.30000,0001,4,1123.30000
830,,PurchasesBatch,11,02065,0001,15,40.00000,,0,
831,,PurchasesBatch,11,02047,,0,,0001,15,40.00000
832,,PACKING,21,00054,,0,,0001,12,396.11583
833,,PACKINGBATCH,21,02047,,0,,0001,15,40.00000
834,,PACKINGBATCH,21,02097,,0,,0001,12,218.83929
835,,PACKINGBATCH,21,03026,,0,,0001,12,111.86000
836,,PACKINGBATCH,21,02059,,0,,0001,1,185.00000
837,,PACKING,21,00054,0001,12,396.11583,0001,12,396.11596
838,,Productions,21,03009,,0,,0001,40,126.03500
839,,PRODUCTIONBATCH,21,01010,,0,,0001,0,2800.00000
840,,PRODUCTIONBATCH,21,01011,,0,,0001,0,4000.00000
841,,PRODUCTIONBATCH,21,01020,,0,,0001,0,350.00000
842,,PRODUCTIONBATCH,21,01021,,0,,0001,0,380.00000
843,,PRODUCTIONBATCH,21,01041,,0,,0001,0,620.00000
844,,PRODUCTIONBATCH,21,01058,,0,,0001,0,1600.00000
845,,PRODUCTIONBATCH,21,01184,,0,,0001,0,367.00000
846,,Productions,21,03009,0001,40,126.03500,0001,40,126.03500
847,,PACKING,22,00046,,0,,0001,8,1134.17500
848,,PACKINGBATCH,22,02014,,0,,0001,8,390.00000
849,,PACKINGBATCH,22,02025,,0,,0001,12,40.00000
850,,PACKINGBATCH,22,03009,,0,,0001,40,126.03500
851,,PACKINGBATCH,22,02004,,0,,0001,2,216.00000
852,,PACKING,22,00046,0001,8,1134.17500,0001,8,1134.17500
853,,Productions,22,03107,,0,,0001,40,122.18000
854,,PRODUCTIONBATCH,22,01009,,0,,0001,2,1650.00000
855,,PRODUCTIONBATCH,22,01028,,0,,0001,0,1650.00000
856,,PRODUCTIONBATCH,22,01036,,0,,0001,0,750.00000
857,,PRODUCTIONBATCH,22,01041,,0,,0001,0,620.00000
858,,PRODUCTIONBATCH,22,01045,,0,,0001,0,680.00000
859,,PRODUCTIONBATCH,22,01058,,0,,0001,0,1600.00000
860,,Productions,22,03107,0001,40,122.18000,0001,40,122.18000
861,,PACKING,23,00261,,0,,0001,8,1114.90000
862,,PACKINGBATCH,23,02014,,0,,0001,8,390.00000
863,,PACKINGBATCH,23,02323,,0,,0001,12,40.00000
864,,PACKINGBATCH,23,03107,,0,,0001,40,122.18000
865,,PACKINGBATCH,23,02004,,0,,0001,2,216.00000
866,,PACKING,23,00261,0001,8,1114.90000,0001,8,1114.90000
867,,Productions,23,03163,,0,,0001,1250,10.00000
868,,PRODUCTIONBATCH,23,01016,,0,,0001,1250,10.00000
869,,Productions,23,03163,0001,1250,10.00000,0001,1250,10.00000
870,,PACKING,24,00231,,0,,0001,50,330.00000
871,,PACKINGBATCH,24,02274,,0,,0001,50,80.00000
872,,PACKINGBATCH,24,03163,,0,,0001,1250,10.00000
873,,PACKING,24,00231,0001,50,330.00000,0001,50,330.00000
874,,Productions,24,03011,,0,,0001,40,121.85000
875,,PRODUCTIONBATCH,24,01010,,0,,0001,0,2800.00000
876,,PRODUCTIONBATCH,24,01011,,0,,0001,0,4000.00000
877,,PRODUCTIONBATCH,24,01012,,0,,0001,0,4000.00000
878,,PRODUCTIONBATCH,24,01013,,0,,0001,0,160.00000
879,,PRODUCTIONBATCH,24,01038,,0,,0001,0,650.00000
880,,PRODUCTIONBATCH,24,01058,,0,,0001,0,1600.00000
881,,PRODUCTIONBATCH,24,01060,,0,,0001,0,950.00000
882,,PRODUCTIONBATCH,24,01184,,0,,0001,2,367.00000
883,,Productions,24,03011,0001,40,121.85000,0001,40,121.85000
884,,PACKING,25,00052,,0,,0001,8,1053.25000
885,,PACKINGBATCH,25,02014,,0,,0001,8,390.00000
886,,PACKINGBATCH,25,03011,,0,,0001,40,121.85000
887,,PACKINGBATCH,25,02004,,0,,0001,2,216.00000
888,,PACKING,25,00052,0001,8,1053.25000,0001,8,1053.25000
889,,OpeningBatch,81,00019,0001,56,1440.00000,0001,56,1440.00000
890,,OpeningBatch,101,00363,0001,934,14000.00000,0001,934,14000.00000
891,,OpeningBatch,102,00357,0001,2,10000.00000,0001,2,10000.00000
892,,OpeningBatch,103,00053,,0,,0001,4,9000.00000
893,,Productions,25,03055,,0,,0001,5000,17.65744
894,,PRODUCTIONBATCH,25,01003,,0,,0001,5100,17.31122
895,,Productions,25,03055,0001,5000,17.65744,0001,5000,17.65744
896,,PACKING,26,00078,,0,,0001,200,441.43600
897,,PACKINGBATCH,26,03055,,0,,0001,5000,17.65744
898,,PACKING,26,00078,0001,200,441.43600,0001,200,441.43600
899,,Productions,26,03021,,0,,0001,1000,50.03050
900,,PRODUCTIONBATCH,26,01009,,0,,0001,0,1650.00000
901,,PRODUCTIONBATCH,26,01013,,0,,0001,0,160.00000
902,,PRODUCTIONBATCH,26,01016,,0,,0001,800,10.00000
903,,PRODUCTIONBATCH,26,01034,,0,,0001,1,380.00000
904,,PRODUCTIONBATCH,26,01042,,0,,0001,12,180.00000
905,,PRODUCTIONBATCH,26,01050,,0,,0001,1,2900.00000
906,,PRODUCTIONBATCH,26,01052,,0,,0001,0,14500.00000
907,,PRODUCTIONBATCH,26,01054,,0,,0001,0,16000.00000
908,,PRODUCTIONBATCH,26,01056,,0,,0001,0,16500.00000
909,,PRODUCTIONBATCH,26,01057,,0,,0001,0,14000.00000
910,,PRODUCTIONBATCH,26,01060,,0,,0001,2,950.00000
911,,PRODUCTIONBATCH,26,01072,,0,,0001,0,9500.00000
912,,PRODUCTIONBATCH,26,01143,,0,,0001,3,3200.00000
913,,Productions,26,03021,0001,1000,50.03050,0001,1000,50.03050
914,,PACKING,27,00026,,0,,0001,1000,50.03050
915,,PACKINGBATCH,27,03021,,0,,0001,1000,50.03050
916,,PACKING,27,00026,0001,1000,50.03050,0001,1000,50.03050
917,,PurchasesBatch,12,02268,,0,,0001,32,90.00000
918,,PurchasesBatch,13,01027,,0,,0001,25,400.00000
919,,PurchasesBatch,14,01043,,0,,0001,2000,13.75000
920,,Productions,27,03011,,0,,0001,140,83.09736
921,,PRODUCTIONBATCH,27,01010,,0,,0001,2,2800.00000
922,,PRODUCTIONBATCH,27,01011,,0,,0001,0,4000.00000
923,,PRODUCTIONBATCH,27,01012,,0,,0001,0,4000.00000
924,,PRODUCTIONBATCH,27,01013,,0,,0001,2,160.00000
925,,PRODUCTIONBATCH,27,01038,,0,,0001,2,650.00000
926,,PRODUCTIONBATCH,27,01043,,0,,0001,0,13.75000
927,,PRODUCTIONBATCH,27,01058,,0,,0001,0,1600.00000
928,,PRODUCTIONBATCH,27,01060,,0,,0001,0,950.00000
929,,PRODUCTIONBATCH,27,01184,,0,,0001,2,367.00000
930,,Productions,27,03011,0001,140,83.09736,0001,140,83.09732
931,,PACKING,28,00052,,0,,0001,28,867.20071
932,,PACKINGBATCH,28,02014,,0,,0001,28,390.00000
933,,PACKINGBATCH,28,03011,,0,,0001,140,83.09732
934,,PACKINGBATCH,28,02004,,0,,0001,8,216.00000
935,,PACKING,28,00052,0001,28,867.20071,0001,28,867.20089
936,,Productions,28,03104,,0,,0001,250,142.54000
937,,PRODUCTIONBATCH,28,01009,,0,,0001,0,1650.00000
938,,PRODUCTIONBATCH,28,01020,,0,,0001,75,350.00000
939,,PRODUCTIONBATCH,28,01022,,0,,0001,0,4000.00000
940,,PRODUCTIONBATCH,28,01036,,0,,0001,10,750.00000
941,,PRODUCTIONBATCH,28,01041,,0,,0001,0,620.00000
942,,PRODUCTIONBATCH,28,01060,,0,,0001,0,950.00000
943,,Productions,28,03104,0001,250,142.54000,0001,250,142.54000
944,,OpeningBatch,55,02307,0001,450,155.00000,0001,450,155.00000
945,,OpeningBatch,56,02213,0001,450,155.00000,0001,450,155.00000
946,,OpeningBatch,57,02277,0001,750,155.00000,0001,750,155.00000
947,,OpeningBatch,58,02032,0001,600,155.00000,0001,600,155.00000
948,,OpeningBatch,59,02033,0001,500,155.00000,0001,500,155.00000
949,,OpeningBatch,60,02274,0001,600,80.00000,0001,600,80.00000
950,,OpeningBatch,61,02034,0001,600,80.00000,0001,600,80.00000
951,,OpeningBatch,62,02053,0001,950,70.00000,0001,950,70.00000
952,,OpeningBatch,63,02173,0001,100,145.00000,0001,100,145.00000
953,,OpeningBatch,64,02097,0001,660,220.00000,0001,660,220.00000
954,,OpeningBatch,65,02014,0001,290,390.00000,0001,290,390.00000
955,,OpeningBatch,66,02015,0001,70,270.00000,0001,70,270.00000
956,,OpeningBatch,67,02128,0001,37,1000.00000,0001,51,1000.00000
957,,OpeningBatch,68,02002,0001,20,180.00000,0001,20,180.00000
958,,OpeningBatch,69,02003,0001,15,216.00000,0001,15,216.00000
959,,OpeningBatch,70,02004,0001,120,216.00000,0001,120,216.00000
960,,OpeningBatch,71,02006,0001,3,180.00000,0001,3,180.00000
961,,OpeningBatch,72,02306,0001,190,210.00000,0001,190,210.00000
962,,OpeningBatch,73,02317,0001,35,160.00000,0001,35,160.00000
963,,OpeningBatch,74,02059,0001,190,185.00000,0001,190,185.00000
964,,OpeningBatch,75,02324,0001,60,170.00000,0001,60,170.00000
965,,OpeningBatch,76,02010,0001,2500,10.00000,0001,2500,10.00000
966,,OpeningBatch,77,02013,0001,136,390.00000,0001,136,390.00000
967,,OpeningBatch,78,02086,0001,1150,12.50000,0001,1150,12.50000
968,,OpeningBatch,79,02420,0001,10,150.00000,0001,10,150.00000
969,,OpeningBatch,80,02258,0001,120,45.00000,0001,120,45.00000
970,,OpeningBatch,82,02191,0001,15500,17.00000,0001,15500,17.00000
971,,OpeningBatch,83,02361,0001,1050,30.00000,0001,1050,30.00000
972,,OpeningBatch,84,02315,0001,10800,30.00000,0001,10800,30.00000
973,,OpeningBatch,85,02359,0001,800,30.00000,0001,800,30.00000
974,,OpeningBatch,86,02172,0001,230,30.00000,0001,230,30.00000
975,,OpeningBatch,87,02299,0001,6500,30.00000,0001,6500,30.00000
976,,OpeningBatch,88,02035,0001,850,30.00000,0001,850,30.00000
977,,OpeningBatch,89,02051,0001,12500,30.00000,0001,12500,30.00000
978,,OpeningBatch,90,02321,0001,29000,20.00000,0001,29000,20.00000
979,,OpeningBatch,91,02320,0001,8000,10.00000,0001,8000,10.00000
980,,OpeningBatch,92,02319,0001,2500,9.50000,0001,2500,9.50000
981,,OpeningBatch,93,02018,0001,5200,12.00000,0001,5200,12.00000
982,,OpeningBatch,94,02278,0001,5300,12.00000,0001,5300,12.00000
983,,OpeningBatch,95,02020,0001,11000,12.00000,0001,11000,12.00000
984,,OpeningBatch,96,02019,0001,15000,11.50000,0001,15000,11.50000
985,,OpeningBatch,97,02313,0001,6000,11.50000,0001,6000,11.50000
986,,OpeningBatch,98,02224,0001,5500,11.50000,0001,5500,11.50000
987,,OpeningBatch,99,02316,0001,6000,6.00000,0001,6000,6.00000
988,,OpeningBatch,100,02341,0001,600,30.00000,0001,600,30.00000
989,,PACKING,29,00147,,0,,0001,10,4563.50000
990,,PACKINGBATCH,29,02128,,0,,0001,10,1000.00000
991,,PACKINGBATCH,29,03104,,0,,0001,250,142.54000
992,,PACKING,29,00147,0001,10,4563.50000,0001,10,4563.50000
993,,Productions,29,03162,,0,,0001,600,61.30667
994,,PRODUCTIONBATCH,29,01009,,0,,0001,1,1650.00000
995,,PRODUCTIONBATCH,29,01020,,0,,0001,80,350.00000
996,,PRODUCTIONBATCH,29,01036,,0,,0001,6,750.00000
997,,PRODUCTIONBATCH,29,01041,,0,,0001,1,620.00000
998,,PRODUCTIONBATCH,29,01060,,0,,0001,0,950.00000
999,,Productions,29,03162,0001,600,61.30667,0001,600,61.30667
1000,,PACKING,30,00228,,0,,0001,24,2111.00000
1001,,PACKINGBATCH,30,02128,,0,,0001,11,1000.00000
1002,,PACKINGBATCH,30,02268,,0,,0001,32,90.00000
1003,,PACKINGBATCH,30,03162,,0,,0001,600,61.30667
1004,,PACKING,30,00228,0001,24,2111.00000,0001,24,2111.00008
1005,,SALESBATCH,1,00244,,0,,0001,1100,26.40218
1006,,SALESBATCH,2,00278,,0,,0001,40,1295.25000
1007,,SALESBATCH,3,00364,,0,,0001,24,1170.65000
1008,,SALESBATCH,3,00358,,0,,0001,12,1377.81667
1009,,SALESBATCH,3,00367,,0,,0001,20,907.90000
1010,,SALESBATCH,3,00362,,0,,0001,12,854.15000
1011,,SALESBATCH,3,00360,,0,,0001,12,902.06667
1012,,SALESBATCH,3,00365,,0,,0001,10,3827.25000
1013,,SALESBATCH,3,00366,,0,,0001,10,606.53850
1014,,SALESBATCH,4,00050,,0,,0001,12,412.84596
1015,,SALESBATCH,5,00231,,0,,0001,150,426.24994
1016,,SALESBATCH,5,00016,,0,,0001,36,515.25000
1017,,SALESBATCH,6,00357,,0,,0001,2,10000.00000
1018,,SALESBATCH,6,00022,,0,,0001,4,541.53850
1019,,SALESBATCH,7,00220,,0,,0001,10,619.32775
1020,,SALESBATCH,8,00078,,0,,0001,200,441.43600
1021,,SALESBATCH,8,00026,,0,,0001,1000,50.03050
1022,,SALESBATCH,9,00274,,0,,0001,52,2943.66922
1023,,SALESBATCH,10,00137,,0,,0001,20,3746.25000
1024,,SALESBATCH,11,00368,,0,,0001,12,508.55596
1025,,SALESBATCH,11,00055,,0,,0001,12,515.38596
1026,,SALESBATCH,11,00054,,0,,0001,12,396.11596
1027,,SALESBATCH,11,00063,,0,,0001,12,379.78596
1028,,SALESBATCH,12,00046,,0,,0001,8,1134.17500
1029,,SALESBATCH,12,00261,,0,,0001,8,1114.90000
1030,,SALESBATCH,12,00119,,0,,0001,4,1123.30000
1031,,SALESBATCH,12,00052,,0,,0001,8,908.54514
1032,,SALESBATCH,12,00053,,0,,0001,4,9000.00000
1033,,SALESBATCH,12,00231,,0,,0001,50,426.24994
1034,,SALESBATCH,12,00019,,0,,0001,56,1440.00000
1035,,SALESBATCH,13,00052,,0,,0001,28,908.54514
1036,,SALESBATCH,14,00228,,0,,0001,24,2111.00008
1037,,PurchasesBatch,7,01019,0001,2,5000.00000,0001,3,5000.00000
1038,,PurchasesBatch,7,01065,0001,600,250.00000,0001,600,265.00000
1039,,PurchasesBatch,7,01075,0001,1,6000.00000,0001,2,5500.00000
1040,,PurchasesBatch,15,01004,,0,,0001,25,400.00000
1041,,PurchasesBatch,15,01028,,0,,0001,25,1650.00000
1042,,PurchasesBatch,15,01021,,0,,0001,30,400.00000
1043,,PurchasesBatch,16,02014,,0,,0001,544,390.00000
1044,,PurchasesBatch,17,02365,,0,,0001,64,40.00000
1045,,PurchasesBatch,17,02364,,0,,0001,64,40.00000
1046,,PurchasesBatch,17,02144,,0,,0001,475,20.00000
1047,,PurchasesBatch,17,02432,,0,,0001,950,20.00000
1048,,PurchasesBatch,18,01042,,0,,0001,50,167.00000
1049,,PurchasesBatch,18,01019,,0,,0001,2,5000.00000
1050,,PurchasesBatch,18,01075,,0,,0001,2,6000.00000
1051,,PurchasesBatch,18,01193,,0,,0001,2,700.00000
1052,,PurchasesBatch,18,01070,,0,,0001,2,4500.00000
1053,,Productions,30,03028,,0,,0001,240,364.29667
1054,,PRODUCTIONBATCH,30,01017,,0,,0001,1,3200.00000
1055,,PRODUCTIONBATCH,30,01019,,0,,0001,2,5000.00000
1056,,PRODUCTIONBATCH,30,01031,,0,,0001,3,6500.00000
1057,,PRODUCTIONBATCH,30,01036,,0,,0001,12,750.00000
1058,,PRODUCTIONBATCH,30,01041,,0,,0001,0,620.00000
1059,,PRODUCTIONBATCH,30,01045,,0,,0001,12,680.00000
1060,,PRODUCTIONBATCH,30,01058,,0,,0001,0,1600.00000
1061,,PRODUCTIONBATCH,30,01070,,0,,0001,2,4500.00000
1062,,PRODUCTIONBATCH,30,01075,,0,,0001,2,5833.33333
1063,,PRODUCTIONBATCH,30,01189,,0,,0001,10,590.00000
1064,,Productions,30,03028,0001,240,364.29667,0001,240,364.29667
1065,,PACKING,31,00177,,0,,0001,48,2318.81667
1066,,PACKINGBATCH,31,02014,,0,,0001,48,390.00000
1067,,PACKINGBATCH,31,02365,,0,,0001,64,40.00000
1068,,PACKINGBATCH,31,03028,,0,,0001,240,364.29667
1069,,PACKINGBATCH,31,02004,,0,,0001,12,216.00000
1070,,PACKING,31,00177,0001,48,2318.81667,0001,48,2318.81668
1071,,Productions,31,03094,,0,,0001,200,333.47500
1072,,PRODUCTIONBATCH,31,01004,,0,,0001,10,400.00000
1073,,PRODUCTIONBATCH,31,01009,,0,,0001,15,1650.00000
1074,,PRODUCTIONBATCH,31,01028,,0,,0001,12,1650.00000
1075,,PRODUCTIONBATCH,31,01036,,0,,0001,10,750.00000
1076,,PRODUCTIONBATCH,31,01045,,0,,0001,10,680.00000
1077,,PRODUCTIONBATCH,31,01058,,0,,0001,1,1600.00000
1078,,PRODUCTIONBATCH,31,01041,,0,,0001,1,620.00000
1079,,Productions,31,03094,0001,200,333.47500,0001,200,333.47500
1080,,PACKING,32,00135,,0,,0001,40,2138.87500
1081,,PACKINGBATCH,32,02014,,0,,0001,40,390.00000
1082,,PACKINGBATCH,32,02144,,0,,0001,55,20.00000
1083,,PACKINGBATCH,32,03094,,0,,0001,200,333.47500
1084,,PACKINGBATCH,32,02004,,0,,0001,10,216.00000
1085,,PACKING,32,00135,0001,40,2138.87500,0001,40,2138.87500
1086,,Productions,32,03096,,0,,0001,48,84.90000
1087,,PRODUCTIONBATCH,32,01002,,0,,0001,2,200.00000
1088,,PRODUCTIONBATCH,32,01034,,0,,0001,0,380.00000
1089,,PRODUCTIONBATCH,32,01036,,0,,0001,0,750.00000
1090,,PRODUCTIONBATCH,32,01041,,0,,0001,0,620.00000
1091,,PRODUCTIONBATCH,32,01045,,0,,0001,2,680.00000
1092,,PRODUCTIONBATCH,32,01055,,0,,0001,0,1300.00000
1093,,PRODUCTIONBATCH,32,01058,,0,,0001,0,1600.00000
1094,,PRODUCTIONBATCH,32,01105,,0,,0001,1,290.00000
1095,,Productions,32,03096,0001,48,84.90000,0001,48,84.90000
1096,,PACKING,33,00356,,0,,0001,48,319.15604
1097,,PACKINGBATCH,33,02097,,0,,0001,48,218.83929
1098,,PACKINGBATCH,33,03096,,0,,0001,48,84.90000
1099,,PACKINGBATCH,33,02059,,0,,0001,4,185.00000
1100,,PACKING,33,00356,0001,48,319.15604,0001,48,319.15596
1101,,PurchasesBatch,19,02427,,0,,0001,50,40.00000
1102,,PurchasesBatch,19,02147,,0,,0001,150,40.00000
1103,,PurchasesBatch,20,01073,,0,,0001,25,520.00000
1104,,PurchasesBatch,20,01189,,0,,0001,250,820.00000
1105,,PurchasesBatch,20,01045,,0,,0001,550,380.00000
1106,,PurchasesBatch,20,01010,,0,,0001,25,2800.00000
1107,,PurchasesBatch,20,01201,,0,,0001,30,750.00000
1108,,Productions,33,03054,,0,,0001,520,96.58077
1109,,PRODUCTIONBATCH,33,01031,,0,,0001,5,6500.00000
1110,,PRODUCTIONBATCH,33,01041,,0,,0001,2,620.00000
1111,,PRODUCTIONBATCH,33,01048,,0,,0001,2,1500.00000
1112,,PRODUCTIONBATCH,33,01058,,0,,0001,2,1600.00000
1113,,PRODUCTIONBATCH,33,01017,,0,,0001,1,3200.00000
1114,,Productions,33,03054,0001,520,96.58077,0001,520,96.58077
1115,,PACKING,34,00138,,0,,0001,104,1009.17308
1116,,PACKINGBATCH,34,02014,,0,,0001,110,390.00000
1117,,PACKINGBATCH,34,02147,,0,,0001,150,40.00000
1118,,PACKINGBATCH,34,03054,,0,,0001,520,96.58077
1119,,PACKINGBATCH,34,02004,,0,,0001,27,216.00000
1120,,PACKING,34,00138,0001,104,1009.17308,0001,104,1009.17308
1121,,Productions,34,03215,,0,,0001,220,627.55086
1122,,PRODUCTIONBATCH,34,01036,,0,,0001,55,750.00000
1123,,PRODUCTIONBATCH,34,01041,,0,,0001,1,620.00000
1124,,PRODUCTIONBATCH,34,01045,,0,,0001,55,421.69511
1125,,PRODUCTIONBATCH,34,01058,,0,,0001,1,1600.00000
1126,,PRODUCTIONBATCH,34,01072,,0,,0001,1,9500.00000
1127,,PRODUCTIONBATCH,34,01189,,0,,0001,50,807.80303
1128,,PRODUCTIONBATCH,34,01201,,0,,0001,25,670.31250
1129,,Productions,34,03215,0001,220,627.55086,0001,220,627.55089
1130,,PACKING,35,00307,,0,,0001,44,3585.93636
1131,,PACKINGBATCH,35,02014,,0,,0001,44,390.00000
1132,,PACKINGBATCH,35,02364,,0,,0001,64,40.00000
1133,,PACKINGBATCH,35,03215,,0,,0001,220,627.55089
1134,,PACKING,35,00307,0001,44,3585.93636,0001,44,3585.93627
1135,,Productions,35,03260,,0,,0001,140,132.06393
1136,,PRODUCTIONBATCH,35,01036,,0,,0001,14,750.00000
1137,,PRODUCTIONBATCH,35,01041,,0,,0001,0,620.00000
1138,,PRODUCTIONBATCH,35,01045,,0,,0001,2,421.69511
1139,,PRODUCTIONBATCH,35,01052,,0,,0001,0,14500.00000
1140,,PRODUCTIONBATCH,35,01053,,0,,0001,0,15500.00000
1141,,PRODUCTIONBATCH,35,01055,,0,,0001,0,1300.00000
1142,,PRODUCTIONBATCH,35,01056,,0,,0001,0,16500.00000
1143,,PRODUCTIONBATCH,35,01058,,0,,0001,0,1600.00000
1144,,Productions,35,03260,0001,140,132.06393,0001,140,132.06390
1145,,PACKING,36,00364,,0,,0001,28,1175.74821
1146,,PACKINGBATCH,36,02014,,0,,0001,28,390.00000
1147,,PACKINGBATCH,36,02427,,0,,0001,50,40.00000
1148,,PACKINGBATCH,36,03260,,0,,0001,140,132.06390
1149,,PACKINGBATCH,36,02004,,0,,0001,7,216.00000
1150,,PACKING,36,00364,0001,28,1175.74821,0001,28,1175.74807
1151,,Productions,36,03001,,0,,0001,125,17.14392
1152,,PRODUCTIONBATCH,36,01016,,0,,0001,100,10.00000
1153,,PRODUCTIONBATCH,36,01042,,0,,0001,1,170.32738
1154,,PRODUCTIONBATCH,36,01043,,0,,0001,25,13.75000
1155,,PRODUCTIONBATCH,36,01050,,0,,0001,0,2900.00000
1156,,Productions,36,03001,0001,125,17.14392,0001,125,17.14393
1157,,PACKING,37,00016,,0,,0001,5,583.59800
1158,,PACKINGBATCH,37,02032,,0,,0001,5,155.00000
1159,,PACKINGBATCH,37,03001,,0,,0001,125,17.14393
1160,,PACKING,37,00016,0001,5,583.59800,0001,5,583.59825
1161,,PurchasesBatch,21,02133,,0,,0001,475,20.00000
1162,,PurchasesBatch,21,02212,,0,,0001,475,20.00000
1163,,PurchasesBatch,21,02131,,0,,0001,475,20.00000
1164,,PurchasesBatch,21,02397,,0,,0001,475,20.00000
1165,,PurchasesBatch,21,02106,,0,,0001,475,20.00000
1166,,PurchasesBatch,21,02029,,0,,0001,475,20.00000
1167,,PurchasesBatch,21,02403,,0,,0001,475,20.00000
1168,,PurchasesBatch,22,01206,,0,,0001,7,5342.85714
1169,,Productions,37,03025,,0,,0001,190,36.28042
1170,,PRODUCTIONBATCH,37,01004,,0,,0001,0,400.00000
1171,,PRODUCTIONBATCH,37,01020,,0,,0001,0,350.00000
1172,,PRODUCTIONBATCH,37,01021,,0,,0001,0,398.84422
1173,,PRODUCTIONBATCH,37,01028,,0,,0001,0,1650.00000
1174,,PRODUCTIONBATCH,37,01036,,0,,0001,1,750.00000
1175,,PRODUCTIONBATCH,37,01038,,0,,0001,0,650.00000
1176,,PRODUCTIONBATCH,37,01041,,0,,0001,0,620.00000
1177,,PRODUCTIONBATCH,37,01045,,0,,0001,3,421.69511
1178,,PRODUCTIONBATCH,37,01058,,0,,0001,0,1600.00000
1179,,Productions,37,03025,0001,190,36.28042,0001,190,36.28044
1180,,OpeningBatch,55,02307,0001,450,155.00000,0001,450,155.00000
1181,,OpeningBatch,56,02213,0001,450,155.00000,0001,450,155.00000
1182,,OpeningBatch,57,02277,0001,750,155.00000,0001,750,155.00000
1183,,OpeningBatch,58,02032,0001,600,155.00000,0001,600,155.00000
1184,,OpeningBatch,59,02033,0001,500,155.00000,0001,500,155.00000
1185,,OpeningBatch,60,02274,0001,600,80.00000,0001,600,80.00000
1186,,OpeningBatch,61,02034,0001,600,80.00000,0001,600,80.00000
1187,,OpeningBatch,62,02053,0001,950,70.00000,0001,950,70.00000
1188,,OpeningBatch,63,02173,0001,100,145.00000,0001,100,145.00000
1189,,OpeningBatch,64,02097,0001,660,220.00000,0001,660,220.00000
1190,,OpeningBatch,65,02014,0001,290,390.00000,0001,290,390.00000
1191,,OpeningBatch,66,02015,0001,70,270.00000,0001,70,270.00000
1192,,OpeningBatch,67,02128,0001,51,1000.00000,0001,51,1000.00000
1193,,OpeningBatch,68,02002,0001,20,180.00000,0001,20,180.00000
1194,,OpeningBatch,69,02003,0001,15,216.00000,0001,15,216.00000
1195,,OpeningBatch,70,02004,0001,120,216.00000,0001,120,216.00000
1196,,OpeningBatch,71,02006,0001,3,180.00000,0001,3,180.00000
1197,,OpeningBatch,72,02306,0001,190,210.00000,0001,190,210.00000
1198,,OpeningBatch,73,02317,0001,35,160.00000,0001,35,160.00000
1199,,OpeningBatch,74,02059,0001,190,185.00000,0001,190,185.00000
1200,,OpeningBatch,75,02324,0001,60,170.00000,0001,60,170.00000
1201,,OpeningBatch,76,02010,0001,2500,10.00000,0001,2500,10.00000
1202,,OpeningBatch,77,02013,0001,136,390.00000,0001,136,390.00000
1203,,OpeningBatch,78,02086,0001,1150,12.50000,0001,1150,12.50000
1204,,OpeningBatch,79,02420,0001,10,150.00000,0001,10,150.00000
1205,,OpeningBatch,80,02258,0001,120,45.00000,0001,120,45.00000
1206,,OpeningBatch,82,02191,0001,15500,17.00000,0001,15500,17.00000
1207,,OpeningBatch,83,02361,0001,1050,30.00000,0001,1050,30.00000
1208,,OpeningBatch,84,02315,0001,10800,30.00000,0001,10800,30.00000
1209,,OpeningBatch,85,02359,0001,800,30.00000,0001,800,30.00000
1210,,OpeningBatch,86,02172,0001,230,30.00000,0001,230,30.00000
1211,,OpeningBatch,87,02299,0001,6500,30.00000,0001,6500,30.00000
1212,,OpeningBatch,88,02035,0001,850,30.00000,0001,850,30.00000
1213,,OpeningBatch,89,02051,0001,12500,30.00000,0001,12500,30.00000
1214,,OpeningBatch,90,02321,0001,29000,20.00000,0001,29000,20.00000
1215,,OpeningBatch,91,02320,0001,8000,10.00000,0001,8000,10.00000
1216,,OpeningBatch,92,02319,0001,2500,9.50000,0001,2500,9.50000
1217,,OpeningBatch,93,02018,0001,5200,12.00000,0001,5200,12.00000
1218,,OpeningBatch,94,02278,0001,5300,12.00000,0001,5300,12.00000
1219,,OpeningBatch,95,02020,0001,11000,12.00000,0001,11000,12.00000
1220,,OpeningBatch,96,02019,0001,15000,11.50000,0001,15000,11.50000
1221,,OpeningBatch,97,02313,0001,6000,11.50000,0001,6000,11.50000
1222,,OpeningBatch,98,02224,0001,5500,11.50000,0001,5500,11.50000
1223,,OpeningBatch,99,02316,0001,6000,6.00000,0001,6000,6.00000
1224,,OpeningBatch,100,02341,0001,600,30.00000,0001,600,30.00000
1225,,OpeningBatch,104,02399,,0,,0001,300,20.00000
1226,,PACKING,38,00184,,0,,0001,190,291.67237
1227,,PACKINGBATCH,38,02097,,0,,0001,190,218.83929
1228,,PACKINGBATCH,38,02399,,0,,0001,190,20.00000
1229,,PACKINGBATCH,38,03025,,0,,0001,190,36.28044
1230,,PACKINGBATCH,38,02059,,0,,0001,17,185.00000
1231,,PACKING,38,00184,0001,190,291.67237,0001,190,291.67236
1232,,Productions,38,03093,,0,,0001,120,279.96917
1233,,PRODUCTIONBATCH,38,01009,,0,,0001,3,1650.00000
1234,,PRODUCTIONBATCH,38,01036,,0,,0001,4,750.00000
1235,,PRODUCTIONBATCH,38,01045,,0,,0001,16,421.69511
1236,,PRODUCTIONBATCH,38,01052,,0,,0001,0,14500.00000
1237,,PRODUCTIONBATCH,38,01053,,0,,0001,0,15500.00000
1238,,PRODUCTIONBATCH,38,01054,,0,,0001,0,16000.00000
1239,,PRODUCTIONBATCH,38,01055,,0,,0001,0,1300.00000
1240,,PRODUCTIONBATCH,38,01056,,0,,0001,0,16500.00000
1241,,PRODUCTIONBATCH,38,01057,,0,,0001,0,14000.00000
1242,,PRODUCTIONBATCH,38,01058,,0,,0001,0,1600.00000
1243,,PRODUCTIONBATCH,38,01060,,0,,0001,0,950.00000
1244,,PRODUCTIONBATCH,38,01143,,0,,0001,0,3200.00000
1245,,PRODUCTIONBATCH,38,01034,,0,,0001,2,380.00000
1246,,Productions,38,03093,0001,120,279.96917,0001,120,279.96915
1247,,OpeningBatch,55,02307,0001,450,155.00000,0001,450,155.00000
1248,,OpeningBatch,56,02213,0001,450,155.00000,0001,450,155.00000
1249,,OpeningBatch,57,02277,0001,750,155.00000,0001,750,155.00000
1250,,OpeningBatch,58,02032,0001,600,155.00000,0001,600,155.00000
1251,,OpeningBatch,59,02033,0001,500,155.00000,0001,500,155.00000
1252,,OpeningBatch,60,02274,0001,600,80.00000,0001,600,80.00000
1253,,OpeningBatch,61,02034,0001,600,80.00000,0001,600,80.00000
1254,,OpeningBatch,62,02053,0001,950,70.00000,0001,950,70.00000
1255,,OpeningBatch,63,02173,0001,100,145.00000,0001,100,145.00000
1256,,OpeningBatch,64,02097,0001,660,220.00000,0001,660,220.00000
1257,,OpeningBatch,65,02014,0001,290,390.00000,0001,290,390.00000
1258,,OpeningBatch,66,02015,0001,70,270.00000,0001,70,270.00000
1259,,OpeningBatch,67,02128,0001,51,1000.00000,0001,51,1000.00000
1260,,OpeningBatch,68,02002,0001,20,180.00000,0001,20,180.00000
1261,,OpeningBatch,69,02003,0001,15,216.00000,0001,15,216.00000
1262,,OpeningBatch,70,02004,0001,120,216.00000,0001,120,216.00000
1263,,OpeningBatch,71,02006,0001,3,180.00000,0001,3,180.00000
1264,,OpeningBatch,72,02306,0001,190,210.00000,0001,190,210.00000
1265,,OpeningBatch,73,02317,0001,35,160.00000,0001,35,160.00000
1266,,OpeningBatch,74,02059,0001,190,185.00000,0001,190,185.00000
1267,,OpeningBatch,75,02324,0001,60,170.00000,0001,60,170.00000
1268,,OpeningBatch,76,02010,0001,2500,10.00000,0001,2500,10.00000
1269,,OpeningBatch,77,02013,0001,136,390.00000,0001,136,390.00000
1270,,OpeningBatch,78,02086,0001,1150,12.50000,0001,1150,12.50000
1271,,OpeningBatch,79,02420,0001,10,150.00000,0001,10,150.00000
1272,,OpeningBatch,80,02258,0001,120,45.00000,0001,120,45.00000
1273,,OpeningBatch,82,02191,0001,15500,17.00000,0001,15500,17.00000
1274,,OpeningBatch,83,02361,0001,1050,30.00000,0001,1050,30.00000
1275,,OpeningBatch,84,02315,0001,10800,30.00000,0001,10800,30.00000
1276,,OpeningBatch,85,02359,0001,800,30.00000,0001,800,30.00000
1277,,OpeningBatch,86,02172,0001,230,30.00000,0001,230,30.00000
1278,,OpeningBatch,87,02299,0001,6500,30.00000,0001,6500,30.00000
1279,,OpeningBatch,88,02035,0001,850,30.00000,0001,850,30.00000
1280,,OpeningBatch,89,02051,0001,12500,30.00000,0001,12500,30.00000
1281,,OpeningBatch,90,02321,0001,29000,20.00000,0001,29000,20.00000
1282,,OpeningBatch,91,02320,0001,8000,10.00000,0001,8000,10.00000
1283,,OpeningBatch,92,02319,0001,2500,9.50000,0001,2500,9.50000
1284,,OpeningBatch,93,02018,0001,5200,12.00000,0001,5200,12.00000
1285,,OpeningBatch,94,02278,0001,5300,12.00000,0001,5300,12.00000
1286,,OpeningBatch,95,02020,0001,11000,12.00000,0001,11000,12.00000
1287,,OpeningBatch,96,02019,0001,15000,11.50000,0001,15000,11.50000
1288,,OpeningBatch,97,02313,0001,6000,11.50000,0001,6000,11.50000
1289,,OpeningBatch,98,02224,0001,5500,11.50000,0001,5500,11.50000
1290,,OpeningBatch,99,02316,0001,6000,6.00000,0001,6000,6.00000
1291,,OpeningBatch,100,02341,0001,600,30.00000,0001,600,30.00000
1292,,OpeningBatch,104,02399,0001,300,20.00000,0001,300,20.00000
1293,,OpeningBatch,105,02398,,0,,0001,300,20.00000
1294,,PACKING,39,00205,,0,,0001,120,541.93342
1295,,PACKINGBATCH,39,02097,,0,,0001,120,218.83929
1296,,PACKINGBATCH,39,02398,,0,,0001,120,20.00000
1297,,PACKINGBATCH,39,03093,,0,,0001,120,279.96915
1298,,PACKINGBATCH,39,02059,,0,,0001,15,185.00000
1299,,PACKING,39,00205,0001,120,541.93342,0001,120,541.93344
1300,,Productions,39,03019,,0,,0001,250,17.31124
1301,,PRODUCTIONBATCH,39,01003,,0,,0001,250,17.31122
1302,,Productions,39,03019,0001,250,17.31124,0001,250,17.31122
1303,,OpeningBatch,55,02307,0001,450,155.00000,0001,450,155.00000
1304,,OpeningBatch,56,02213,0001,450,155.00000,0001,450,155.00000
1305,,OpeningBatch,57,02277,0001,750,155.00000,0001,750,155.00000
1306,,OpeningBatch,58,02032,0001,600,155.00000,0001,600,155.00000
1307,,OpeningBatch,59,02033,0001,500,155.00000,0001,500,155.00000
1308,,OpeningBatch,60,02274,0001,600,80.00000,0001,600,80.00000
1309,,OpeningBatch,61,02034,0001,600,80.00000,0001,600,80.00000
1310,,OpeningBatch,62,02053,0001,950,70.00000,0001,950,70.00000
1311,,OpeningBatch,63,02173,0001,100,145.00000,0001,100,145.00000
1312,,OpeningBatch,64,02097,0001,660,220.00000,0001,660,220.00000
1313,,OpeningBatch,65,02014,0001,290,390.00000,0001,290,390.00000
1314,,OpeningBatch,66,02015,0001,70,270.00000,0001,70,270.00000
1315,,OpeningBatch,67,02128,0001,51,1000.00000,0001,51,1000.00000
1316,,OpeningBatch,68,02002,0001,20,180.00000,0001,20,180.00000
1317,,OpeningBatch,69,02003,0001,15,216.00000,0001,15,216.00000
1318,,OpeningBatch,70,02004,0001,120,216.00000,0001,120,216.00000
1319,,OpeningBatch,71,02006,0001,3,180.00000,0001,3,180.00000
1320,,OpeningBatch,72,02306,0001,190,210.00000,0001,190,210.00000
1321,,OpeningBatch,73,02317,0001,35,160.00000,0001,35,160.00000
1322,,OpeningBatch,74,02059,0001,190,185.00000,0001,190,185.00000
1323,,OpeningBatch,75,02324,0001,60,170.00000,0001,60,170.00000
1324,,OpeningBatch,76,02010,0001,2500,10.00000,0001,2500,10.00000
1325,,OpeningBatch,77,02013,0001,136,390.00000,0001,136,390.00000
1326,,OpeningBatch,78,02086,0001,1150,12.50000,0001,1150,12.50000
1327,,OpeningBatch,79,02420,0001,10,150.00000,0001,10,150.00000
1328,,OpeningBatch,80,02258,0001,120,45.00000,0001,120,45.00000
1329,,OpeningBatch,82,02191,0001,15500,17.00000,0001,15500,17.00000
1330,,OpeningBatch,83,02361,0001,1050,30.00000,0001,1050,30.00000
1331,,OpeningBatch,84,02315,0001,10800,30.00000,0001,10800,30.00000
1332,,OpeningBatch,85,02359,0001,800,30.00000,0001,800,30.00000
1333,,OpeningBatch,86,02172,0001,230,30.00000,0001,230,30.00000
1334,,OpeningBatch,87,02299,0001,6500,30.00000,0001,6500,30.00000
1335,,OpeningBatch,88,02035,0001,850,30.00000,0001,850,30.00000
1336,,OpeningBatch,89,02051,0001,12500,30.00000,0001,12500,30.00000
1337,,OpeningBatch,90,02321,0001,29000,20.00000,0001,29000,20.00000
1338,,OpeningBatch,91,02320,0001,8000,10.00000,0001,8000,10.00000
1339,,OpeningBatch,92,02319,0001,2500,9.50000,0001,2500,9.50000
1340,,OpeningBatch,93,02018,0001,5200,12.00000,0001,5200,12.00000
1341,,OpeningBatch,94,02278,0001,5300,12.00000,0001,5300,12.00000
1342,,OpeningBatch,95,02020,0001,11000,12.00000,0001,11000,12.00000
1343,,OpeningBatch,96,02019,0001,15000,11.50000,0001,15000,11.50000
1344,,OpeningBatch,97,02313,0001,6000,11.50000,0001,6000,11.50000
1345,,OpeningBatch,98,02224,0001,5500,11.50000,0001,5500,11.50000
1346,,OpeningBatch,99,02316,0001,6000,6.00000,0001,6000,6.00000
1347,,OpeningBatch,100,02341,0001,600,30.00000,0001,600,30.00000
1348,,OpeningBatch,104,02399,0001,300,20.00000,0001,300,20.00000
1349,,OpeningBatch,105,02398,0001,300,20.00000,0001,300,20.00000
1350,,OpeningBatch,106,02042,,0,,0001,200,40.00000
1351,,OpeningBatch,107,02222,,0,,0001,230,40.00000
1352,,PACKING,40,00040,,0,,0001,10,627.78100
1353,,PACKINGBATCH,40,02042,,0,,0001,10,40.00000
1354,,PACKINGBATCH,40,02213,,0,,0001,10,155.00000
1355,,PACKINGBATCH,40,03019,,0,,0001,250,17.31122
1356,,PACKING,40,00040,0001,10,627.78100,0001,10,627.78050
1357,,OpeningBatch,81,00019,0001,56,1440.00000,0001,56,1440.00000
1358,,OpeningBatch,101,00363,0001,934,14000.00000,0001,934,14000.00000
1359,,OpeningBatch,102,00357,0001,2,10000.00000,0001,2,10000.00000
1360,,OpeningBatch,103,00053,0001,4,9000.00000,0001,4,9000.00000
1361,,OpeningBatch,108,00124,,0,,0001,24,5000.00000
1362,,PurchasesBatch,23,02314,,0,,0001,5000,12.50000
1363,,PurchasesBatch,23,02010,,0,,0001,10000,9.00000
1364,,SALESBATCH,15,00147,,0,,0001,10,4563.50000
1365,,SALESBATCH,16,00177,,0,,0001,48,2318.81668
1366,,SALESBATCH,16,00135,,0,,0001,40,2138.87500
1367,,SALESBATCH,16,00356,,0,,0001,48,319.15596
1368,,SALESBATCH,17,00138,,0,,0001,104,1009.17308
1369,,SALESBATCH,17,00307,,0,,0001,44,3585.93627
1370,,SALESBATCH,18,00364,,0,,0001,28,1175.74807
1371,,SALESBATCH,19,00016,,0,,0001,5,583.59825
1372,,SALESBATCH,20,00184,,0,,0001,190,291.67236
1373,,SALESBATCH,20,00205,,0,,0001,120,541.93344
1374,,SALESBATCH,21,00124,,0,,0001,24,5000.00000
1375,,SALESBATCH,22,00040,,0,,0001,10,627.78050
1376,,PurchasesBatch,2,02211,,0,,0001,64,40.00000
1377,,PurchasesBatch,24,01003,,0,,0001,10000,13.00000
1378,,PurchasesBatch,25,01015,,0,,0001,5000,17.00000
1379,,PurchasesBatch,26,01033,,0,,0001,1500,50.00000
1380,,PurchasesBatch,26,01007,,0,,0001,1500,35.00000
1381,,PurchasesBatch,27,02216,,0,,0001,72,40.00000
1382,,PurchasesBatch,27,02332,,0,,0001,60,80.00000
1383,,PurchasesBatch,27,02334,,0,,0001,30,80.00000
1384,,PurchasesBatch,27,02337,,0,,0001,50,80.00000
1385,,PurchasesBatch,27,02336,,0,,0001,50,80.00000
1386,,PurchasesBatch,27,02330,,0,,0001,140,80.00000
1387,,PurchasesBatch,28,02006,,0,,0001,50,203.00000
1388,,PurchasesBatch,29,01047,,0,,0001,100,80.00000
1389,,PurchasesBatch,29,01044,,0,,0001,50,132.00000
1390,,Productions,40,03075,,0,,0001,240,44.17000
1391,,PRODUCTIONBATCH,40,01023,,0,,0001,0,5500.00000
1392,,PRODUCTIONBATCH,40,01025,,0,,000,0,4500.00000
1393,,PRODUCTIONBATCH,40,01041,,0,,0001,0,620.00000
1394,,PRODUCTIONBATCH,40,01050,,0,,0001,0,2900.00000
1395,,PRODUCTIONBATCH,40,01058,,0,,0001,0,1600.00000
1396,,Productions,40,03075,0001,240,44.17000,0001,240,44.17000
1397,,PACKING,41,00194,,0,,0001,48,714.10000
1398,,PACKINGBATCH,41,02014,,0,,0001,50,390.00000
1399,,PACKINGBATCH,41,02216,,0,,0001,72,40.00000
1400,,PACKINGBATCH,41,03075,,0,,0001,240,44.17000
1401,,PACKINGBATCH,41,02004,,0,,0001,6,216.00000
1402,,PACKING,41,00194,0001,48,714.10000,0001,48,714.10000
1403,,PurchasesBatch,30,01055,,0,,0001,25,1550.00000
1404,,PurchasesBatch,30,01050,,0,,0001,25,3100.00000
1405,,PurchasesBatch,30,01201,,0,,0001,30,750.00000
1406,,PurchasesBatch,30,01017,,0,,0001,10,3400.00000
1407,,PurchasesBatch,30,01054,,0,,0001,1,17500.00000
1408,,PurchasesBatch,30,01021,,0,,0001,30,400.00000
1409,,PurchasesBatch,30,01038,,0,,0001,35,650.00000
1410,,PurchasesBatch,30,01058,,0,,0001,25,1450.00000
1411,,PurchasesBatch,31,02004,,0,,0001,118,235.00000
1412,,PurchasesBatch,32,02097,,0,,0001,240,185.00000
1413,,PurchasesBatch,33,01019,,0,,0001,5,5000.00000
1414,,PurchasesBatch,33,01075,,0,,0001,5,6200.00000
1415,,Productions,41,03001,,0,,0001,5000,17.34808
1416,,PRODUCTIONBATCH,41,01016,,0,,0001,4000,10.00000
1417,,PRODUCTIONBATCH,41,01042,,0,,0001,60,170.32738
1418,,PRODUCTIONBATCH,41,01043,,0,,0001,1000,13.75000
1419,,PRODUCTIONBATCH,41,01050,,0,,0001,7,3036.10146
1420,,Productions,41,03001,0001,5000,17.34808,0001,5000,17.34808
1421,,PACKING,42,00016,,0,,0001,200,596.45200
1422,,PACKINGBATCH,42,02032,,0,,0001,210,155.00000
1423,,PACKINGBATCH,42,03001,,0,,0001,5000,17.34808
1424,,PACKING,42,00016,0001,200,596.45200,0001,200,596.45200
1425,,Productions,42,03163,,0,,0001,2500,17.68000
1426,,PRODUCTIONBATCH,42,01015,,0,,0001,2600,17.00000
1427,,Productions,42,03163,0001,2500,17.68000,0001,2500,17.68000
1428,,PACKING,43,00231,,0,,0001,100,522.00000
1429,,PACKINGBATCH,43,02274,,0,,0001,100,80.00000
1430,,PACKINGBATCH,43,03163,,0,,0001,2500,17.68000
1431,,PACKING,43,00231,0001,100,522.00000,0001,100,522.00000
1432,,Productions,43,03151,,0,,0001,1225,52.29362
1433,,PRODUCTIONBATCH,43,01009,,0,,0001,0,1650.00000
1434,,PRODUCTIONBATCH,43,01013,,0,,0001,0,160.00000
1435,,PRODUCTIONBATCH,43,01016,,0,,0001,1000,10.00000
1436,,PRODUCTIONBATCH,43,01034,,0,,0001,1,380.00000
1437,,PRODUCTIONBATCH,43,01042,,0,,0001,2,170.32738
1438,,PRODUCTIONBATCH,43,01043,,0,,0001,245,13.75000
1439,,PRODUCTIONBATCH,43,01050,,0,,0001,2,3036.10146
1440,,PRODUCTIONBATCH,43,01052,,0,,0001,0,14500.00000
1441,,PRODUCTIONBATCH,43,01054,,0,,0001,0,17258.38926
1442,,PRODUCTIONBATCH,43,01056,,0,,0001,0,16500.00000
1443,,PRODUCTIONBATCH,43,01057,,0,,0001,0,14000.00000
1444,,PRODUCTIONBATCH,43,01060,,0,,0001,2,950.00000
1445,,PRODUCTIONBATCH,43,01072,,0,,0001,0,9500.00000
1446,,PRODUCTIONBATCH,43,01073,,0,,0001,0,520.00000
1447,,PRODUCTIONBATCH,43,01143,,0,,0001,3,3200.00000
1448,,Productions,43,03151,0001,1225,52.29362,0001,1225,52.29363
1449,,PACKING,44,00212,,0,,0001,49,1462.34082
1450,,PACKINGBATCH,44,02307,,0,,0001,49,155.00000
1451,,PACKINGBATCH,44,03151,,0,,0001,1225,52.29363
1452,,PACKING,44,00212,0001,49,1462.34082,0001,49,1462.34075
1453,,Productions,44,03046,,0,,0001,1250,16.73461
1454,,PRODUCTIONBATCH,44,01003,,0,,0001,12,13.46106
1455,,PRODUCTIONBATCH,44,01016,,0,,0001,1250,10.00000
1456,,PRODUCTIONBATCH,44,01044,,0,,0001,62,132.00000
1457,,Productions,44,03046,0001,1250,16.73461,0001,1250,16.73461
1458,,PACKING,45,00220,,0,,0001,50,618.36520
1459,,PACKINGBATCH,45,02258,,0,,0001,50,45.00000
1460,,PACKINGBATCH,45,02307,,0,,0001,50,155.00000
1461,,PACKINGBATCH,45,03046,,0,,0001,1250,16.73461
1462,,PACKING,45,00220,0001,50,618.36520,0001,50,618.36525
1463,,Productions,45,03264,,0,,0001,161,439.76043
1464,,PRODUCTIONBATCH,45,01019,,0,,0001,0,5000.00000
1465,,PRODUCTIONBATCH,45,01022,,0,,0001,0,4000.00000
1466,,PRODUCTIONBATCH,45,01065,,0,,0001,180,265.00000
1467,,PRODUCTIONBATCH,45,01075,,0,,0001,0,6160.71429
1468,,PRODUCTIONBATCH,45,01189,,0,,0001,15,807.80303
1469,,Productions,45,03264,0001,161,439.76043,0001,161,439.76038
1470,,OpeningBatch,55,02307,0001,450,155.00000,0001,450,155.00000
1471,,OpeningBatch,56,02213,0001,450,155.00000,0001,450,155.00000
1472,,OpeningBatch,57,02277,0001,750,155.00000,0001,750,155.00000
1473,,OpeningBatch,58,02032,0001,600,155.00000,0001,600,155.00000
1474,,OpeningBatch,59,02033,0001,500,155.00000,0001,500,155.00000
1475,,OpeningBatch,60,02274,0001,600,80.00000,0001,600,80.00000
1476,,OpeningBatch,61,02034,0001,600,80.00000,0001,600,80.00000
1477,,OpeningBatch,62,02053,0001,950,70.00000,0001,950,70.00000
1478,,OpeningBatch,63,02173,0001,100,145.00000,0001,100,145.00000
1479,,OpeningBatch,64,02097,0001,660,220.00000,0001,660,220.00000
1480,,OpeningBatch,65,02014,0001,290,390.00000,0001,290,390.00000
1481,,OpeningBatch,66,02015,0001,70,270.00000,0001,70,270.00000
1482,,OpeningBatch,67,02128,0001,51,1000.00000,0001,51,1000.00000
1483,,OpeningBatch,68,02002,0001,20,180.00000,0001,20,180.00000
1484,,OpeningBatch,69,02003,0001,15,216.00000,0001,15,216.00000
1485,,OpeningBatch,70,02004,0001,120,216.00000,0001,120,216.00000
1486,,OpeningBatch,71,02006,0001,3,180.00000,0001,3,180.00000
1487,,OpeningBatch,72,02306,0001,190,210.00000,0001,190,210.00000
1488,,OpeningBatch,73,02317,0001,35,160.00000,0001,35,160.00000
1489,,OpeningBatch,74,02059,0001,190,185.00000,0001,190,185.00000
1490,,OpeningBatch,75,02324,0001,60,170.00000,0001,60,170.00000
1491,,OpeningBatch,76,02010,0001,2500,10.00000,0001,2500,10.00000
1492,,OpeningBatch,77,02013,0001,136,390.00000,0001,136,390.00000
1493,,OpeningBatch,78,02086,0001,1150,12.50000,0001,1150,12.50000
1494,,OpeningBatch,79,02420,0001,10,150.00000,0001,10,150.00000
1495,,OpeningBatch,80,02258,0001,120,45.00000,0001,120,45.00000
1496,,OpeningBatch,82,02191,0001,15500,17.00000,0001,15500,17.00000
1497,,OpeningBatch,83,02361,0001,1050,30.00000,0001,1050,30.00000
1498,,OpeningBatch,84,02315,0001,10800,30.00000,0001,10800,30.00000
1499,,OpeningBatch,85,02359,0001,800,30.00000,0001,800,30.00000
1500,,OpeningBatch,86,02172,0001,230,30.00000,0001,230,30.00000
1501,,OpeningBatch,87,02299,0001,6500,30.00000,0001,6500,30.00000
1502,,OpeningBatch,88,02035,0001,850,30.00000,0001,850,30.00000
1503,,OpeningBatch,89,02051,0001,12500,30.00000,0001,12500,30.00000
1504,,OpeningBatch,90,02321,0001,29000,20.00000,0001,29000,20.00000
1505,,OpeningBatch,91,02320,0001,8000,10.00000,0001,8000,10.00000
1506,,OpeningBatch,92,02319,0001,2500,9.50000,0001,2500,9.50000
1507,,OpeningBatch,93,02018,0001,5200,12.00000,0001,5200,12.00000
1508,,OpeningBatch,94,02278,0001,5300,12.00000,0001,5300,12.00000
1509,,OpeningBatch,95,02020,0001,11000,12.00000,0001,11000,12.00000
1510,,OpeningBatch,96,02019,0001,15000,11.50000,0001,15000,11.50000
1511,,OpeningBatch,97,02313,0001,6000,11.50000,0001,6000,11.50000
1512,,OpeningBatch,98,02224,0001,5500,11.50000,0001,5500,11.50000
1513,,OpeningBatch,99,02316,0001,6000,6.00000,0001,6000,6.00000
1514,,OpeningBatch,100,02341,0001,600,30.00000,0001,600,30.00000
1515,,OpeningBatch,104,02399,0001,300,20.00000,0001,300,20.00000
1516,,OpeningBatch,105,02398,0001,300,20.00000,0001,300,20.00000
1517,,OpeningBatch,106,02042,0001,200,40.00000,0001,200,40.00000
1518,,OpeningBatch,107,02222,0001,230,40.00000,0001,230,40.00000
1519,,OpeningBatch,109,02433,,0,,0001,10000,250.00000
1520,,PACKING,46,00369,,0,,0001,1344,302.67963
1521,,PACKINGBATCH,46,02433,,0,,0001,1344,250.00000
1522,,PACKINGBATCH,46,03264,,0,,0001,161,439.76038
1523,,PACKING,46,00369,0001,1344,302.67963,0001,1344,302.67963
1524,,Productions,46,03003,,0,,0001,380,33.29029
1525,,PRODUCTIONBATCH,46,01013,,0,,0001,5,160.00000
1526,,PRODUCTIONBATCH,46,01022,,0,,0001,0,4000.00000
1527,,PRODUCTIONBATCH,46,01038,,0,,0001,5,650.00000
1528,,PRODUCTIONBATCH,46,01043,,0,,0001,1,13.75000
1529,,PRODUCTIONBATCH,46,01048,,0,,0001,1,1500.00000
1530,,PRODUCTIONBATCH,46,01056,,0,,0001,0,16500.00000
1531,,PRODUCTIONBATCH,46,01058,,0,,0001,1,1491.50561
1532,,PRODUCTIONBATCH,46,01060,,0,,0001,0,950.00000
1533,,Productions,46,03003,0001,380,33.29029,0001,380,33.29028
1534,,PACKING,47,00032,,0,,0001,180,256.24500
1535,,PACKINGBATCH,47,02097,,0,,0001,180,202.39915
1536,,PACKINGBATCH,47,03003,,0,,0001,180,33.29028
1537,,PACKINGBATCH,47,02059,,0,,0001,20,185.00000
1538,,PACKING,47,00032,0001,180,256.24500,0001,180,256.24499
1539,,PACKING,48,00010,,0,,0001,2000,27.30788
1540,,PACKINGBATCH,48,02018,,0,,0001,2050,12.00000
1541,,PACKINGBATCH,48,03003,,0,,0001,200,33.29028
1542,,PACKINGBATCH,48,02010,,0,,0001,2100,9.12281
1543,,PACKINGBATCH,48,02006,,0,,0001,21,199.98987
1544,,PACKING,48,00010,0001,2000,27.30788,0001,2000,27.30787
1545,,Productions,47,03010,,0,,0001,80,125.58663
1546,,PRODUCTIONBATCH,47,01023,,0,,0001,0,5500.00000
1547,,PRODUCTIONBATCH,47,01025,,0,,000,0,4500.00000
1548,,PRODUCTIONBATCH,47,01028,,0,,0001,0,1650.00000
1549,,PRODUCTIONBATCH,47,01036,,0,,0001,0,750.00000
1550,,PRODUCTIONBATCH,47,01041,,0,,0001,0,620.00000
1551,,PRODUCTIONBATCH,47,01045,,0,,0001,0,421.69511
1552,,PRODUCTIONBATCH,47,01050,,0,,0001,0,3036.10146
1553,,PRODUCTIONBATCH,47,01058,,0,,0001,0,1491.50561
1554,,Productions,47,03010,0001,80,125.58663,0001,80,125.58658
1555,,PACKING,49,00259,,0,,0001,2400,24.24872
1556,,PACKINGBATCH,49,02314,,0,,0001,2420,12.50000
1557,,PACKINGBATCH,49,02316,,0,,0001,2450,6.00000
1558,,PACKINGBATCH,49,03010,,0,,0001,80,125.58658
1559,,PACKINGBATCH,49,02317,,0,,0001,20,160.00000
1560,,PACKING,49,00259,0001,2400,24.24872,0001,2400,24.24872
1561,,OpeningBatch,55,02307,0001,450,155.00000,0001,450,155.00000
1562,,OpeningBatch,56,02213,0001,450,155.00000,0001,450,155.00000
1563,,OpeningBatch,57,02277,0001,750,155.00000,0001,750,155.00000
1564,,OpeningBatch,58,02032,0001,600,155.00000,0001,600,155.00000
1565,,OpeningBatch,59,02033,0001,500,155.00000,0001,500,155.00000
1566,,OpeningBatch,60,02274,0001,600,80.00000,0001,600,80.00000
1567,,OpeningBatch,61,02034,0001,600,80.00000,0001,600,80.00000
1568,,OpeningBatch,62,02053,0001,950,70.00000,0001,950,70.00000
1569,,OpeningBatch,63,02173,0001,100,145.00000,0001,100,145.00000
1570,,OpeningBatch,64,02097,0001,660,220.00000,0001,660,220.00000
1571,,OpeningBatch,65,02014,0001,290,390.00000,0001,290,390.00000
1572,,OpeningBatch,66,02015,0001,70,270.00000,0001,70,270.00000
1573,,OpeningBatch,67,02128,0001,51,1000.00000,0001,51,1000.00000
1574,,OpeningBatch,68,02002,0001,20,180.00000,0001,20,180.00000
1575,,OpeningBatch,69,02003,0001,15,216.00000,0001,15,216.00000
1576,,OpeningBatch,70,02004,0001,120,216.00000,0001,120,216.00000
1577,,OpeningBatch,71,02006,0001,3,180.00000,0001,3,180.00000
1578,,OpeningBatch,72,02306,0001,190,210.00000,0001,190,210.00000
1579,,OpeningBatch,73,02317,0001,35,160.00000,0001,35,160.00000
1580,,OpeningBatch,74,02059,0001,190,185.00000,0001,190,185.00000
1581,,OpeningBatch,75,02324,0001,60,170.00000,0001,60,170.00000
1582,,OpeningBatch,76,02010,0001,2500,10.00000,0001,2500,10.00000
1583,,OpeningBatch,77,02013,0001,136,390.00000,0001,136,390.00000
1584,,OpeningBatch,78,02086,0001,1150,12.50000,0001,1150,12.50000
1585,,OpeningBatch,79,02420,0001,10,150.00000,0001,10,150.00000
1586,,OpeningBatch,80,02258,0001,120,45.00000,0001,120,45.00000
1587,,OpeningBatch,82,02191,0001,15500,17.00000,0001,15500,17.00000
1588,,OpeningBatch,83,02361,0001,1050,30.00000,0001,1050,30.00000
1589,,OpeningBatch,84,02315,0001,10800,30.00000,0001,10800,30.00000
1590,,OpeningBatch,85,02359,0001,800,30.00000,0001,800,30.00000
1591,,OpeningBatch,86,02172,0001,230,30.00000,0001,230,30.00000
1592,,OpeningBatch,87,02299,0001,6500,30.00000,0001,6500,30.00000
1593,,OpeningBatch,88,02035,0001,850,30.00000,0001,850,30.00000
1594,,OpeningBatch,89,02051,0001,12500,30.00000,0001,12500,30.00000
1595,,OpeningBatch,90,02321,0001,29000,20.00000,0001,29000,20.00000
1596,,OpeningBatch,91,02320,0001,8000,10.00000,0001,8000,10.00000
1597,,OpeningBatch,92,02319,0001,2500,9.50000,0001,2500,9.50000
1598,,OpeningBatch,93,02018,0001,5200,12.00000,0001,5200,12.00000
1599,,OpeningBatch,94,02278,0001,5300,12.00000,0001,5300,12.00000
1600,,OpeningBatch,95,02020,0001,11000,12.00000,0001,11000,12.00000
1601,,OpeningBatch,96,02019,0001,15000,11.50000,0001,15000,11.50000
1602,,OpeningBatch,97,02313,0001,6000,11.50000,0001,6000,11.50000
1603,,OpeningBatch,98,02224,0001,5500,11.50000,0001,5500,11.50000
1604,,OpeningBatch,99,02316,0001,6000,6.00000,0001,6000,6.00000
1605,,OpeningBatch,100,02341,0001,600,30.00000,0001,600,30.00000
1606,,OpeningBatch,104,02399,0001,300,20.00000,0001,300,20.00000
1607,,OpeningBatch,105,02398,0001,300,20.00000,0001,300,20.00000
1608,,OpeningBatch,106,02042,0001,200,40.00000,0001,200,40.00000
1609,,OpeningBatch,107,02222,0001,230,40.00000,0001,230,40.00000
1610,,OpeningBatch,109,02433,0001,10000,250.00000,0001,1344,150.00000
1611,,Productions,48,03118,,0,,0001,75,144.30613
1612,,PRODUCTIONBATCH,48,01004,,0,,0001,0,400.00000
1613,,PRODUCTIONBATCH,48,01047,,0,,0001,75,80.00000
1614,,PRODUCTIONBATCH,48,01055,,0,,0001,3,1534.15256
1615,,PRODUCTIONBATCH,48,01073,,0,,0001,0,520.00000
1616,,PRODUCTIONBATCH,48,01105,,0,,0001,0,290.00000
1617,,Productions,48,03118,0001,75,144.30613,0001,75,144.30610
1618,,PACKING,50,00030,,0,,0001,750,33.40395
1619,,PACKINGBATCH,50,02191,,0,,0001,750,17.00000
1620,,PACKINGBATCH,50,03118,,0,,0001,75,144.30610
1621,,PACKINGBATCH,50,02059,,0,,0001,8,185.00000
1622,,PACKING,50,00030,0001,750,33.40395,0001,750,33.40394
1623,,Productions,49,03179,,0,,0001,100,49.30750
1624,,PRODUCTIONBATCH,49,01010,,0,,0001,0,2800.00000
1625,,PRODUCTIONBATCH,49,01012,,0,,0001,0,4000.00000
1626,,PRODUCTIONBATCH,49,01020,,0,,0001,0,350.00000
1627,,PRODUCTIONBATCH,49,01038,,0,,0001,1,650.00000
1628,,PRODUCTIONBATCH,49,01041,,0,,0001,4,620.00000
1629,,PRODUCTIONBATCH,49,01058,,0,,0001,0,1491.50561
1630,,PRODUCTIONBATCH,49,01060,,0,,0001,0,950.00000
1631,,Productions,49,03179,0001,100,49.30750,0001,100,49.30753
1632,,PACKING,51,00257,,0,,0001,1000,28.78459
1633,,PACKINGBATCH,51,02010,,0,,0001,1050,9.12281
1634,,PACKINGBATCH,51,02313,,0,,0001,1050,11.50000
1635,,PACKINGBATCH,51,03179,,0,,0001,100,49.30753
1636,,PACKINGBATCH,51,02006,,0,,0001,11,199.98987
1637,,PACKING,51,00257,0001,1000,28.78459,0001,1000,28.78459
1638,,Productions,50,03018,,0,,0001,108,103.76889
1639,,PRODUCTIONBATCH,50,01027,,0,,0001,20,382.05128
1640,,PRODUCTIONBATCH,50,01041,,0,,0001,0,620.00000
1641,,PRODUCTIONBATCH,50,01043,,0,,0001,9,13.75000
1642,,PRODUCTIONBATCH,50,01050,,0,,0001,0,3036.10146
1643,,PRODUCTIONBATCH,50,01058,,0,,0001,0,1491.50561
1644,,PRODUCTIONBATCH,50,01073,,0,,0001,4,520.00000
1645,,Productions,50,03018,0001,108,103.76889,0001,108,103.76888
1646,,PACKING,52,00008,,0,,0001,1077,34.20799
1647,,PACKINGBATCH,52,02020,,0,,0001,1100,12.00000
1648,,PACKINGBATCH,52,03018,,0,,0001,108,103.76888
1649,,PACKINGBATCH,52,02010,,0,,0001,1100,9.12281
1650,,PACKINGBATCH,52,02006,,0,,0001,12,199.98987
1651,,PACKING,52,00008,0001,1077,34.20799,0001,1077,34.20799
1652,,Productions,51,03165,,0,,0001,200,11.80985
1653,,PRODUCTIONBATCH,51,01012,,0,,0001,0,4000.00000
1654,,PRODUCTIONBATCH,51,01021,,0,,0001,2,399.41013
1655,,PRODUCTIONBATCH,51,01041,,0,,0001,0,620.00000
1656,,PRODUCTIONBATCH,51,01043,,0,,0001,1,13.75000
1657,,PRODUCTIONBATCH,51,01044,,0,,0001,3,132.00000
1658,,PRODUCTIONBATCH,51,01058,,0,,0001,0,1491.50561
1659,,Productions,51,03165,0001,200,11.80985,0001,200,11.80986
1660,,PACKING,53,00233,,0,,0001,2000,25.35984
1661,,PACKINGBATCH,53,02010,,0,,0001,2100,9.12281
1662,,PACKINGBATCH,53,02278,,0,,0001,2100,12.00000
1663,,PACKINGBATCH,53,03165,,0,,0001,200,11.80986
1664,,PACKINGBATCH,53,02006,,0,,0001,20,199.98987
1665,,PACKING,53,00233,0001,2000,25.35984,0001,2000,25.35984
1666,,Productions,52,03012,,0,,0001,38,116.77342
1667,,PRODUCTIONBATCH,52,01027,,0,,0001,5,382.05128
1668,,PRODUCTIONBATCH,52,01041,,0,,0001,0,620.00000
1669,,PRODUCTIONBATCH,52,01050,,0,,0001,0,3036.10146
1670,,PRODUCTIONBATCH,52,01058,,0,,0001,0,1491.50561
1671,,PRODUCTIONBATCH,52,01117,,0,,0001,1,420.00000
1672,,PRODUCTIONBATCH,52,01193,,0,,0001,2,700.00000
1673,,Productions,52,03012,0001,38,116.77342,0001,38,116.77315
1674,,PACKING,54,00013,,0,,0001,381,26.18735
1675,,PACKINGBATCH,54,02019,,0,,0001,400,11.50000
1676,,PACKINGBATCH,54,03012,,0,,0001,38,116.77315
1677,,PACKINGBATCH,54,02004,,0,,0001,4,235.00000
1678,,PACKING,54,00013,0001,381,26.18735,0001,381,26.18735
1679,,Productions,53,03191,,0,,0001,200,73.00440
1680,,PRODUCTIONBATCH,53,01009,,0,,0001,0,1650.00000
1681,,PRODUCTIONBATCH,53,01010,,0,,0001,2,2800.00000
1682,,PRODUCTIONBATCH,53,01012,,0,,0001,0,4000.00000
1683,,PRODUCTIONBATCH,53,01020,,0,,0001,0,350.00000
1684,,PRODUCTIONBATCH,53,01021,,0,,0001,0,399.41013
1685,,PRODUCTIONBATCH,53,01028,,0,,0001,2,1650.00000
1686,,PRODUCTIONBATCH,53,01041,,0,,0001,1,620.00000
1687,,PRODUCTIONBATCH,53,01045,,0,,0001,4,421.69511
1688,,PRODUCTIONBATCH,53,01058,,0,,0001,1,1491.50561
1689,,PRODUCTIONBATCH,53,01105,,0,,0001,0,290.00000
1690,,PRODUCTIONBATCH,53,01115,,0,,0001,0,1200.00000
1691,,Productions,53,03191,0001,200,73.00440,0001,200,73.00437
1692,,PACKING,55,00276,,0,,0001,40,933.77175
1693,,PACKINGBATCH,55,02014,,0,,0001,40,390.00000
1694,,PACKINGBATCH,55,02332,,0,,0001,60,80.00000
1695,,PACKINGBATCH,55,03191,,0,,0001,200,73.00437
1696,,PACKINGBATCH,55,02004,,0,,0001,10,235.00000
1697,,PACKING,55,00276,0001,40,933.77175,0001,40,933.77185
1698,,Productions,54,03192,,0,,0001,100,168.24520
1699,,PRODUCTIONBATCH,54,01023,,0,,0001,1,5500.00000
1700,,PRODUCTIONBATCH,54,01025,,0,,000,1,4500.00000
1701,,PRODUCTIONBATCH,54,01036,,0,,0001,5,750.00000
1702,,PRODUCTIONBATCH,54,01041,,0,,0001,0,620.00000
1703,,PRODUCTIONBATCH,54,01045,,0,,0001,5,421.69511
1704,,PRODUCTIONBATCH,54,01050,,0,,0001,0,3036.10146
1705,,PRODUCTIONBATCH,54,01058,,0,,0001,0,1491.50561
1706,,Productions,54,03192,0001,100,168.24520,0001,100,168.24522
1707,,PACKING,56,00278,,0,,0001,20,1409.97600
1708,,PACKINGBATCH,56,02014,,0,,0001,20,390.00000
1709,,PACKINGBATCH,56,02334,,0,,0001,30,80.00000
1710,,PACKINGBATCH,56,03192,,0,,0001,100,168.24522
1711,,PACKINGBATCH,56,02004,,0,,0001,5,235.00000
1712,,PACKING,56,00278,0001,20,1409.97600,0001,20,1409.97610
1713,,OpeningBatch,55,02307,0001,450,155.00000,0001,450,155.00000
1714,,OpeningBatch,56,02213,0001,450,155.00000,0001,450,155.00000
1715,,OpeningBatch,57,02277,0001,750,155.00000,0001,750,155.00000
1716,,OpeningBatch,58,02032,0001,600,155.00000,0001,600,155.00000
1717,,OpeningBatch,59,02033,0001,500,155.00000,0001,500,155.00000
1718,,OpeningBatch,60,02274,0001,600,80.00000,0001,600,80.00000
1719,,OpeningBatch,61,02034,0001,600,80.00000,0001,600,80.00000
1720,,OpeningBatch,62,02053,0001,950,70.00000,0001,950,70.00000
1721,,OpeningBatch,63,02173,0001,100,145.00000,0001,100,145.00000
1722,,OpeningBatch,64,02097,0001,660,220.00000,0001,660,220.00000
1723,,OpeningBatch,65,02014,0001,290,390.00000,0001,290,390.00000
1724,,OpeningBatch,66,02015,0001,70,270.00000,0001,70,270.00000
1725,,OpeningBatch,67,02128,0001,51,1000.00000,0001,51,1000.00000
1726,,OpeningBatch,68,02002,0001,20,180.00000,0001,20,180.00000
1727,,OpeningBatch,69,02003,0001,15,216.00000,0001,15,216.00000
1728,,OpeningBatch,70,02004,0001,120,216.00000,0001,220,208.00000
1729,,OpeningBatch,71,02006,0001,3,180.00000,0001,3,180.00000
1730,,OpeningBatch,72,02306,0001,190,210.00000,0001,190,210.00000
1731,,OpeningBatch,73,02317,0001,35,160.00000,0001,35,160.00000
1732,,OpeningBatch,74,02059,0001,190,185.00000,0001,190,185.00000
1733,,OpeningBatch,75,02324,0001,60,170.00000,0001,60,170.00000
1734,,OpeningBatch,76,02010,0001,2500,10.00000,0001,2500,10.00000
1735,,OpeningBatch,77,02013,0001,136,390.00000,0001,136,390.00000
1736,,OpeningBatch,78,02086,0001,1150,12.50000,0001,1150,12.50000
1737,,OpeningBatch,79,02420,0001,10,150.00000,0001,10,150.00000
1738,,OpeningBatch,80,02258,0001,120,45.00000,0001,120,45.00000
1739,,OpeningBatch,82,02191,0001,15500,17.00000,0001,15500,17.00000
1740,,OpeningBatch,83,02361,0001,1050,30.00000,0001,1050,30.00000
1741,,OpeningBatch,84,02315,0001,10800,30.00000,0001,10800,30.00000
1742,,OpeningBatch,85,02359,0001,800,30.00000,0001,800,30.00000
1743,,OpeningBatch,86,02172,0001,230,30.00000,0001,230,30.00000
1744,,OpeningBatch,87,02299,0001,6500,30.00000,0001,6500,30.00000
1745,,OpeningBatch,88,02035,0001,850,30.00000,0001,850,30.00000
1746,,OpeningBatch,89,02051,0001,12500,30.00000,0001,12500,30.00000
1747,,OpeningBatch,90,02321,0001,29000,20.00000,0001,29000,20.00000
1748,,OpeningBatch,91,02320,0001,8000,10.00000,0001,8000,10.00000
1749,,OpeningBatch,92,02319,0001,2500,9.50000,0001,2500,9.50000
1750,,OpeningBatch,93,02018,0001,5200,12.00000,0001,5200,12.00000
1751,,OpeningBatch,94,02278,0001,5300,12.00000,0001,5300,12.00000
1752,,OpeningBatch,95,02020,0001,11000,12.00000,0001,11000,12.00000
1753,,OpeningBatch,96,02019,0001,15000,11.50000,0001,15000,11.50000
1754,,OpeningBatch,97,02313,0001,6000,11.50000,0001,6000,11.50000
1755,,OpeningBatch,98,02224,0001,5500,11.50000,0001,5500,11.50000
1756,,OpeningBatch,99,02316,0001,6000,6.00000,0001,6000,6.00000
1757,,OpeningBatch,100,02341,0001,600,30.00000,0001,600,30.00000
1758,,OpeningBatch,104,02399,0001,300,20.00000,0001,300,20.00000
1759,,OpeningBatch,105,02398,0001,300,20.00000,0001,300,20.00000
1760,,OpeningBatch,106,02042,0001,200,40.00000,0001,200,40.00000
1761,,OpeningBatch,107,02222,0001,230,40.00000,0001,230,40.00000
1762,,OpeningBatch,109,02433,0001,1344,150.00000,0001,1344,150.00000
1763,,Productions,55,03194,,0,,0001,160,93.75000
1764,,PRODUCTIONBATCH,55,01009,,0,,0001,2,1650.00000
1765,,PRODUCTIONBATCH,55,01010,,0,,0001,1,2800.00000
1766,,PRODUCTIONBATCH,55,01020,,0,,0001,5,350.00000
1767,,PRODUCTIONBATCH,55,01021,,0,,0001,2,399.41013
1768,,PRODUCTIONBATCH,55,01028,,0,,0001,0,1650.00000
1769,,PRODUCTIONBATCH,55,01041,,0,,0001,0,620.00000
1770,,PRODUCTIONBATCH,55,01045,,0,,0001,3,421.69511
1771,,PRODUCTIONBATCH,55,01058,,0,,0001,0,1491.50561
1772,,PRODUCTIONBATCH,55,01105,,0,,0001,0,290.00000
1773,,PRODUCTIONBATCH,55,01115,,0,,0001,0,1200.00000
1774,,Productions,55,03194,0001,160,93.75000,0001,160,93.75005
1775,,PACKING,57,00281,,0,,0001,32,1081.23375
1776,,PACKINGBATCH,57,02014,,0,,0001,35,390.00000
1777,,PACKINGBATCH,57,02337,,0,,0001,50,80.00000
1778,,PACKINGBATCH,57,03194,,0,,0001,160,93.75005
1779,,PACKINGBATCH,57,02004,,0,,0001,9,216.60804
1780,,PACKING,57,00281,0001,32,1081.23375,0001,32,1081.23376
1781,,Productions,56,03193,,0,,0001,160,247.91500
1782,,PRODUCTIONBATCH,56,01007,,0,,0001,0,35.00000
1783,,PRODUCTIONBATCH,56,01009,,0,,0001,3,1650.00000
1784,,PRODUCTIONBATCH,56,01036,,0,,0001,4,750.00000
1785,,PRODUCTIONBATCH,56,01041,,0,,0001,0,620.00000
1786,,PRODUCTIONBATCH,56,01045,,0,,0001,22,421.69511
1787,,PRODUCTIONBATCH,56,01054,,0,,0001,0,17258.38926
1788,,PRODUCTIONBATCH,56,01055,,0,,0001,0,1534.15256
1789,,PRODUCTIONBATCH,56,01056,,0,,0001,0,16500.00000
1790,,PRODUCTIONBATCH,56,01057,,0,,0001,0,14000.00000
1791,,PRODUCTIONBATCH,56,01058,,0,,0001,0,1491.50561
1792,,PRODUCTIONBATCH,56,01060,,0,,0001,0,950.00000
1793,,PRODUCTIONBATCH,56,01143,,0,,0001,0,3200.00000
1794,,Productions,56,03193,0001,160,247.91500,0001,160,247.91501
1795,,PACKING,58,00280,,0,,0001,32,1845.28938
1796,,PACKINGBATCH,58,02014,,0,,0001,35,390.00000
1797,,PACKINGBATCH,58,02336,,0,,0001,50,80.00000
1798,,PACKINGBATCH,58,03193,,0,,0001,160,247.91501
1799,,PACKINGBATCH,58,02004,,0,,0001,8,216.60804
1800,,PACKING,58,00280,0001,32,1845.28938,0001,32,1845.28956
1801,,Productions,57,03190,,0,,0001,500,410.24064
1802,,PRODUCTIONBATCH,57,01019,,0,,0001,4,5000.00000
1803,,PRODUCTIONBATCH,57,01031,,0,,0001,5,6500.00000
1804,,PRODUCTIONBATCH,57,01036,,0,,0001,50,750.00000
1805,,PRODUCTIONBATCH,57,01041,,0,,0001,2,620.00000
1806,,PRODUCTIONBATCH,57,01058,,0,,0001,1,1491.50561
1807,,PRODUCTIONBATCH,57,01075,,0,,0001,4,6160.71429
1808,,PRODUCTIONBATCH,57,01189,,0,,0001,50,807.80303
1809,,PRODUCTIONBATCH,57,01201,,0,,0001,60,704.95924
1810,,Productions,57,03190,0001,500,410.24064,0001,500,410.24064
1811,,PACKING,59,00274,,0,,0001,100,2626.85520
1812,,PACKINGBATCH,59,02014,,0,,0001,105,390.00000
1813,,PACKINGBATCH,59,02330,,0,,0001,140,80.00000
1814,,PACKINGBATCH,59,03190,,0,,0001,500,410.24064
1815,,PACKINGBATCH,59,02004,,0,,0001,25,216.60804
1816,,PACKING,59,00274,0001,100,2626.85520,0001,100,2626.85521
1817,,Productions,58,03014,,0,,0001,250,13.46108
1818,,PRODUCTIONBATCH,58,01003,,0,,0001,250,13.46106
1819,,Productions,58,03014,0001,250,13.46108,0001,250,13.46106
1820,,PACKING,60,00022,,0,,0001,10,491.52700
1821,,PACKINGBATCH,60,02033,,0,,0001,10,155.00000
1822,,PACKINGBATCH,60,03014,,0,,0001,250,13.46106
1823,,PACKING,60,00022,0001,10,491.52700,0001,10,491.52650
1824,,PurchasesBatch,34,02031,,0,,0001,40,40.00000
1825,,PurchasesBatch,34,02293,,0,,0001,40,40.00000
1826,,PurchasesBatch,34,02384,,0,,0001,64,40.00000
1827,,PurchasesBatch,35,01044,,0,,0001,25,128.00000
1828,,PurchasesBatch,35,01184,,0,,0001,90,366.66667
1829,,PurchasesBatch,35,01070,,0,,0001,1,2270.00000
1830,,PurchasesBatch,36,01028,,0,,0001,30,1650.00000
1831,,PurchasesBatch,36,01011,,0,,0001,1,4850.00000
1832,,PurchasesBatch,36,01055,,0,,0001,25,1550.00000
1833,,PurchasesBatch,37,02014,,0,,0001,731,390.00000
1834,,Productions,59,03010,,0,,0001,120,125.58650
1835,,PRODUCTIONBATCH,59,01023,,0,,0001,1,5500.00000
1836,,PRODUCTIONBATCH,59,01025,,0,,000,1,4500.00000
1837,,PRODUCTIONBATCH,59,01028,,0,,0001,0,1650.00000
1838,,PRODUCTIONBATCH,59,01036,,0,,0001,0,750.00000
1839,,PRODUCTIONBATCH,59,01041,,0,,0001,0,620.00000
1840,,PRODUCTIONBATCH,59,01045,,0,,0001,1,421.69511
1841,,PRODUCTIONBATCH,59,01050,,0,,0001,0,3036.10146
1842,,PRODUCTIONBATCH,59,01058,,0,,0001,0,1491.50561
1843,,Productions,59,03010,0001,120,125.58650,0001,120,125.58658
1844,,PACKING,61,00051,,0,,0001,24,1138.75167
1845,,PACKINGBATCH,61,02014,,0,,0001,24,390.00000
1846,,PACKINGBATCH,61,02031,,0,,0001,40,40.00000
1847,,PACKINGBATCH,61,03010,,0,,0001,120,125.58658
1848,,PACKINGBATCH,61,02004,,0,,0001,6,216.60804
1849,,PACKING,61,00051,0001,24,1138.75167,0001,24,1138.75158
1850,,Productions,60,03028,,0,,0001,24,390.28417
1851,,PRODUCTIONBATCH,60,01017,,0,,0001,0,3309.28962
1852,,PRODUCTIONBATCH,60,01019,,0,,0001,0,5000.00000
1853,,PRODUCTIONBATCH,60,01031,,0,,0001,0,6500.00000
1854,,PRODUCTIONBATCH,60,01036,,0,,0001,1,750.00000
1855,,PRODUCTIONBATCH,60,01041,,0,,0001,0,620.00000
1856,,PRODUCTIONBATCH,60,01045,,0,,0001,1,421.69511
1857,,PRODUCTIONBATCH,60,01058,,0,,0001,0,1491.50561
1858,,PRODUCTIONBATCH,60,01070,,0,,0001,1,2270.00000
1859,,PRODUCTIONBATCH,60,01189,,0,,0001,1,807.80303
1860,,Productions,60,03028,0001,24,390.28417,0001,24,390.28480
1861,,PACKING,62,00226,,0,,0001,24,608.10083
1862,,PACKINGBATCH,62,02097,,0,,0001,24,202.39915
1863,,PACKINGBATCH,62,03028,,0,,0001,24,390.28480
1864,,PACKINGBATCH,62,02059,,0,,0001,2,185.00000
1865,,PACKING,62,00226,0001,24,608.10083,0001,24,608.10062
1866,,Productions,61,03183,,0,,0001,80,67.26663
1867,,PRODUCTIONBATCH,61,01010,,0,,0001,0,2800.00000
1868,,PRODUCTIONBATCH,61,01020,,0,,0001,0,350.00000
1869,,PRODUCTIONBATCH,61,01021,,0,,0001,0,399.41013
1870,,PRODUCTIONBATCH,61,01041,,0,,0001,0,620.00000
1871,,PRODUCTIONBATCH,61,01045,,0,,0001,1,421.69511
1872,,PRODUCTIONBATCH,61,01058,,0,,0001,0,1491.50561
1873,,PRODUCTIONBATCH,61,01105,,0,,0001,0,290.00000
1874,,PRODUCTIONBATCH,61,01184,,0,,0001,4,366.68017
1875,,Productions,61,03183,0001,80,67.26663,0001,80,67.26667
1876,,PACKING,63,00260,,0,,0001,16,894.02313
1877,,PACKINGBATCH,63,02014,,0,,0001,16,390.00000
1878,,PACKINGBATCH,63,02293,,0,,0001,40,40.00000
1879,,PACKINGBATCH,63,03183,,0,,0001,80,67.26667
1880,,PACKINGBATCH,63,02004,,0,,0001,5,216.60804
1881,,PACKING,63,00260,0001,16,894.02313,0001,16,894.02336
1882,,Productions,62,03236,,0,,0001,160,93.77644
1883,,PRODUCTIONBATCH,62,01010,,0,,0001,0,2800.00000
1884,,PRODUCTIONBATCH,62,01011,,0,,0001,0,4456.98925
1885,,PRODUCTIONBATCH,62,01012,,0,,0001,0,4000.00000
1886,,PRODUCTIONBATCH,62,01013,,0,,0001,0,160.00000
1887,,PRODUCTIONBATCH,62,01020,,0,,0001,0,350.00000
1888,,PRODUCTIONBATCH,62,01028,,0,,0001,0,1650.00000
1889,,PRODUCTIONBATCH,62,01036,,0,,0001,1,750.00000
1890,,PRODUCTIONBATCH,62,01041,,0,,0001,0,620.00000
1891,,PRODUCTIONBATCH,62,01045,,0,,0001,1,421.69511
1892,,PRODUCTIONBATCH,62,01058,,0,,0001,0,1491.50561
1893,,PRODUCTIONBATCH,62,01184,,0,,0001,16,366.68017
1894,,Productions,62,03236,0001,160,93.77644,0001,160,93.77648
1895,,PACKING,64,00330,,0,,0001,32,993.03438
1896,,PACKINGBATCH,64,02014,,0,,0001,32,390.00000
1897,,PACKINGBATCH,64,02384,,0,,0001,64,40.00000
1898,,PACKINGBATCH,64,03236,,0,,0001,160,93.77648
1899,,PACKINGBATCH,64,02004,,0,,0001,8,216.60804
1900,,PACKING,64,00330,0001,32,993.03438,0001,32,993.03441
1901,,Productions,63,03046,,0,,0001,1000,16.66146
1902,,PRODUCTIONBATCH,63,01003,,0,,0001,10,13.46106
1903,,PRODUCTIONBATCH,63,01016,,0,,0001,1000,10.00000
1904,,PRODUCTIONBATCH,63,01044,,0,,0001,50,130.53694
1905,,Productions,63,03046,0001,1000,16.66146,0001,1000,16.66146
1906,,PACKING,65,00220,,0,,0001,40,616.53650
1907,,PACKINGBATCH,65,02258,,0,,0001,40,45.00000
1908,,PACKINGBATCH,65,02307,,0,,0001,40,155.00000
1909,,PACKINGBATCH,65,03046,,0,,0001,1000,16.66146
1910,,PACKING,65,00220,0001,40,616.53650,0001,40,616.53650
1911,,Productions,64,03014,,0,,0001,500,13.46106
1912,,PRODUCTIONBATCH,64,01003,,0,,0001,500,13.46106
1913,,Productions,64,03014,0001,500,13.46106,0001,500,13.46106
1914,,PACKING,66,00022,,0,,0001,20,491.52650
1915,,PACKINGBATCH,66,02033,,0,,0001,20,155.00000
1916,,PACKINGBATCH,66,03014,,0,,0001,500,13.46106
1917,,PACKING,66,00022,0001,20,491.52650,0001,20,491.52650
1918,,Productions,65,03021,,0,,0001,2500,66.04065
1919,,PRODUCTIONBATCH,65,01009,,0,,0001,0,1650.00000
1920,,PRODUCTIONBATCH,65,01013,,0,,0001,0,160.00000
1921,,PRODUCTIONBATCH,65,01016,,0,,0001,2000,10.00000
1922,,PRODUCTIONBATCH,65,01034,,0,,0001,2,380.00000
1923,,PRODUCTIONBATCH,65,01043,,0,,0001,500,13.75000
1924,,PRODUCTIONBATCH,65,01050,,0,,0001,3,3036.10146
1925,,PRODUCTIONBATCH,65,01052,,0,,0001,1,14500.00000
1926,,PRODUCTIONBATCH,65,01056,,0,,0001,1,16500.00000
1927,,PRODUCTIONBATCH,65,01057,,0,,0001,0,14000.00000
1928,,PRODUCTIONBATCH,65,01060,,0,,0001,10,950.00000
1929,,PRODUCTIONBATCH,65,01072,,0,,0001,1,9500.00000
1930,,PRODUCTIONBATCH,65,01073,,0,,0001,2,520.00000
1931,,PRODUCTIONBATCH,65,01143,,0,,0001,20,3200.00000
1932,,Productions,65,03021,0001,2500,66.04065,0001,2500,66.04065
1933,,PACKING,67,00028,,0,,0001,100,1651.01630
1934,,PACKINGBATCH,67,03021,,0,,0001,2500,66.04065
1935,,PACKING,67,00028,0001,100,1651.01630,0001,100,1651.01625
1936,,Productions,66,03224,,0,,0001,240,64.30450
1937,,PRODUCTIONBATCH,66,01023,,0,,0001,1,5500.00000
1938,,PRODUCTIONBATCH,66,01025,,0,,000,1,4500.00000
1939,,PRODUCTIONBATCH,66,01036,,0,,0001,1,750.00000
1940,,PRODUCTIONBATCH,66,01041,,0,,0001,0,620.00000
1941,,PRODUCTIONBATCH,66,01045,,0,,0001,1,421.69511
1942,,PRODUCTIONBATCH,66,01058,,0,,0001,0,1491.50561
1943,,Productions,66,03224,0001,240,64.30450,0001,240,64.30450
1944,,PACKING,68,00318,,0,,0001,240,266.70367
1945,,PACKINGBATCH,68,02097,,0,,0001,240,202.39915
1946,,PACKINGBATCH,68,03224,,0,,0001,240,64.30450
1947,,PACKING,68,00318,0001,240,266.70367,0001,240,266.70365
1948,,Productions,67,03182,,0,,0001,960,17.75916
1949,,PRODUCTIONBATCH,67,01009,,0,,0001,0,1650.00000
1950,,PRODUCTIONBATCH,67,01013,,0,,0001,0,160.00000
1951,,PRODUCTIONBATCH,67,01016,,0,,0001,768,10.00000
1952,,PRODUCTIONBATCH,67,01043,,0,,0001,192,13.75000
1953,,PRODUCTIONBATCH,67,01050,,0,,0001,1,3036.10146
1954,,PRODUCTIONBATCH,67,01143,,0,,0001,1,3200.00000
1955,,Productions,67,03182,0001,960,17.75916,0001,960,17.75916
1956,,PACKING,69,00265,,0,,0001,960,59.16266
1957,,PACKINGBATCH,69,02315,,0,,0001,1000,30.00000
1958,,PACKINGBATCH,69,03182,,0,,0001,960,17.75916
1959,,PACKINGBATCH,69,02004,,0,,0001,45,216.60804
1960,,PACKING,69,00265,0001,960,59.16266,0001,960,59.16266
1961,,Productions,68,03018,,0,,0001,40,90.32625
1962,,PRODUCTIONBATCH,68,01027,,0,,0001,6,382.05128
1963,,PRODUCTIONBATCH,68,01041,,0,,0001,0,620.00000
1964,,PRODUCTIONBATCH,68,01043,,0,,0001,3,13.75000
1965,,PRODUCTIONBATCH,68,01050,,0,,0001,0,3036.10146
1966,,PRODUCTIONBATCH,68,01058,,0,,0001,0,1491.50561
1967,,PRODUCTIONBATCH,68,01073,,0,,0001,1,520.00000
1968,,Productions,68,03018,0001,40,90.32625,0001,40,90.32633
1969,,PACKING,70,00008,,0,,0001,400,34.79568
1970,,PACKINGBATCH,70,02020,,0,,0001,450,12.00000
1971,,PACKINGBATCH,70,03018,,0,,0001,40,90.32633
1972,,PACKINGBATCH,70,02010,,0,,0001,450,9.12281
1973,,PACKINGBATCH,70,02006,,0,,0001,4,199.98987
1974,,PACKING,70,00008,0001,400,34.79568,0001,400,34.79569
1975,,PurchasesBatch,38,02015,,0,,0001,250,350.00000
1976,,PurchasesBatch,39,02346,,0,,0001,112,40.00000
1977,,PurchasesBatch,39,02265,,0,,0001,32,40.00000
1978,,PurchasesBatch,39,02434,,0,,0001,135,40.00000
1979,,PurchasesBatch,40,01042,,0,,0001,50,167.00000
1980,,Productions,69,03202,,0,,0001,400,104.77088
1981,,PRODUCTIONBATCH,69,01009,,0,,0001,0,1650.00000
1982,,PRODUCTIONBATCH,69,01010,,0,,0001,3,2800.00000
1983,,PRODUCTIONBATCH,69,01012,,0,,0001,0,4000.00000
1984,,PRODUCTIONBATCH,69,01020,,0,,0001,5,350.00000
1985,,PRODUCTIONBATCH,69,01021,,0,,0001,1,399.41013
1986,,PRODUCTIONBATCH,69,01028,,0,,0001,4,1650.00000
1987,,PRODUCTIONBATCH,69,01041,,0,,0001,2,620.00000
1988,,PRODUCTIONBATCH,69,01045,,0,,0001,8,421.69511
1989,,PRODUCTIONBATCH,69,01058,,0,,0001,1,1491.50561
1990,,PRODUCTIONBATCH,69,01105,,0,,0001,0,290.00000
1991,,PRODUCTIONBATCH,69,01184,,0,,0001,40,366.68017
1992,,Productions,69,03202,0001,400,104.77088,0001,400,104.77088
1993,,PACKING,71,00292,,0,,0001,80,1029.42163
1994,,PACKINGBATCH,71,02014,,0,,0001,80,390.00000
1995,,PACKINGBATCH,71,02346,,0,,0001,112,40.00000
1996,,PACKINGBATCH,71,03202,,0,,0001,400,104.77088
1997,,PACKINGBATCH,71,02004,,0,,0001,22,216.60804
1998,,PACKING,71,00292,0001,80,1029.42163,0001,80,1029.42161
1999,,Productions,70,03247,,0,,0001,120,104.04267
2000,,PRODUCTIONBATCH,70,01004,,0,,0001,1,400.00000
2001,,PRODUCTIONBATCH,70,01036,,0,,0001,1,750.00000
2002,,PRODUCTIONBATCH,70,01041,,0,,0001,0,620.00000
2003,,PRODUCTIONBATCH,70,01043,,0,,0001,0,13.75000
2004,,PRODUCTIONBATCH,70,01045,,0,,0001,1,421.69511
2005,,PRODUCTIONBATCH,70,01050,,0,,0001,0,3036.10146
2006,,PRODUCTIONBATCH,70,01055,,0,,0001,6,1542.39750
2007,,PRODUCTIONBATCH,70,01058,,0,,0001,0,1491.50561
2008,,PRODUCTIONBATCH,70,01073,,0,,0001,0,520.00000
2009,,Productions,70,03247,0001,120,104.04267,0001,120,104.04268
2010,,PACKING,72,00370,,0,,0001,120,164.04267
2011,,PACKINGBATCH,72,02434,,0,,0001,135,40.00000
2012,,PACKINGBATCH,72,03247,,0,,0001,120,104.04268
2013,,PACKINGBATCH,72,02002,,0,,0001,10,180.00000
2014,,PACKING,72,00370,0001,120,164.04267,0001,120,164.04268
2015,,Productions,71,03060,,0,,0001,240,95.75417
2016,,PRODUCTIONBATCH,71,01017,,0,,0001,1,3309.28962
2017,,PRODUCTIONBATCH,71,01031,,0,,0001,2,6500.00000
2018,,PRODUCTIONBATCH,71,01041,,0,,0001,0,620.00000
2019,,PRODUCTIONBATCH,71,01048,,0,,0001,0,1500.00000
2020,,PRODUCTIONBATCH,71,01058,,0,,0001,0,1491.50561
2021,,Productions,71,03060,0001,240,95.75417,0001,240,95.75414
2022,,PACKING,73,00086,,0,,0001,240,428.25413
2023,,PACKINGBATCH,73,02015,,0,,0001,240,332.50000
2024,,PACKINGBATCH,73,03060,,0,,0001,240,95.75414
2025,,PACKING,73,00086,0001,240,428.25413,0001,240,428.25414
2026,,OpeningBatch,55,02307,0001,450,155.00000,0001,450,155.00000
2027,,OpeningBatch,56,02213,0001,450,155.00000,0001,450,155.00000
2028,,OpeningBatch,57,02277,0001,750,155.00000,0001,750,155.00000
2029,,OpeningBatch,58,02032,0001,600,155.00000,0001,600,155.00000
2030,,OpeningBatch,59,02033,0001,500,155.00000,0001,500,155.00000
2031,,OpeningBatch,60,02274,0001,600,80.00000,0001,600,80.00000
2032,,OpeningBatch,61,02034,0001,600,80.00000,0001,600,80.00000
2033,,OpeningBatch,62,02053,0001,950,70.00000,0001,950,70.00000
2034,,OpeningBatch,63,02173,0001,100,145.00000,0001,100,145.00000
2035,,OpeningBatch,64,02097,0001,660,220.00000,0001,660,220.00000
2036,,OpeningBatch,65,02014,0001,290,390.00000,0001,290,390.00000
2037,,OpeningBatch,66,02015,0001,70,270.00000,0001,70,270.00000
2038,,OpeningBatch,67,02128,0001,51,1000.00000,0001,51,1000.00000
2039,,OpeningBatch,68,02002,0001,20,180.00000,0001,20,180.00000
2040,,OpeningBatch,69,02003,0001,15,216.00000,0001,15,216.00000
2041,,OpeningBatch,70,02004,0001,220,208.00000,0001,220,208.00000
2042,,OpeningBatch,71,02006,0001,3,180.00000,0001,3,180.00000
2043,,OpeningBatch,72,02306,0001,190,210.00000,0001,190,210.00000
2044,,OpeningBatch,73,02317,0001,35,160.00000,0001,35,160.00000
2045,,OpeningBatch,74,02059,0001,190,185.00000,0001,190,185.00000
2046,,OpeningBatch,75,02324,0001,60,170.00000,0001,60,170.00000
2047,,OpeningBatch,76,02010,0001,2500,10.00000,0001,2500,10.00000
2048,,OpeningBatch,77,02013,0001,136,390.00000,0001,136,390.00000
2049,,OpeningBatch,78,02086,0001,1150,12.50000,0001,1150,12.50000
2050,,OpeningBatch,79,02420,0001,10,150.00000,0001,10,150.00000
2051,,OpeningBatch,80,02258,0001,120,45.00000,0001,120,45.00000
2052,,OpeningBatch,82,02191,0001,15500,17.00000,0001,15500,17.00000
2053,,OpeningBatch,83,02361,0001,1050,30.00000,0001,1050,30.00000
2054,,OpeningBatch,84,02315,0001,10800,30.00000,0001,10800,30.00000
2055,,OpeningBatch,85,02359,0001,800,30.00000,0001,800,30.00000
2056,,OpeningBatch,86,02172,0001,230,30.00000,0001,230,30.00000
2057,,OpeningBatch,87,02299,0001,6500,30.00000,0001,6500,30.00000
2058,,OpeningBatch,88,02035,0001,850,30.00000,0001,850,30.00000
2059,,OpeningBatch,89,02051,0001,12500,30.00000,0001,12500,30.00000
2060,,OpeningBatch,90,02321,0001,29000,20.00000,0001,29000,20.00000
2061,,OpeningBatch,91,02320,0001,8000,10.00000,0001,8000,10.00000
2062,,OpeningBatch,92,02319,0001,2500,9.50000,0001,2500,9.50000
2063,,OpeningBatch,93,02018,0001,5200,12.00000,0001,5200,12.00000
2064,,OpeningBatch,94,02278,0001,5300,12.00000,0001,5300,12.00000
2065,,OpeningBatch,95,02020,0001,11000,12.00000,0001,11000,12.00000
2066,,OpeningBatch,96,02019,0001,15000,11.50000,0001,15000,11.50000
2067,,OpeningBatch,97,02313,0001,6000,11.50000,0001,6000,11.50000
2068,,OpeningBatch,98,02224,0001,5500,11.50000,0001,5500,11.50000
2069,,OpeningBatch,99,02316,0001,6000,6.00000,0001,6000,6.00000
2070,,OpeningBatch,100,02341,0001,600,30.00000,0001,600,30.00000
2071,,OpeningBatch,104,02399,0001,300,20.00000,0001,300,20.00000
2072,,OpeningBatch,105,02398,0001,300,20.00000,0001,300,20.00000
2073,,OpeningBatch,106,02042,0001,200,40.00000,0001,200,40.00000
2074,,OpeningBatch,107,02222,0001,230,40.00000,0001,230,40.00000
2075,,OpeningBatch,109,02433,0001,1344,150.00000,0001,2016,150.00000
2076,,Productions,72,03264,,0,,0001,80,470.41113
2077,,PRODUCTIONBATCH,72,01019,,0,,0001,0,5000.00000
2078,,PRODUCTIONBATCH,72,01022,,0,,0001,0,4000.00000
2079,,PRODUCTIONBATCH,72,01065,,0,,0001,80,265.00000
2080,,PRODUCTIONBATCH,72,01075,,0,,0001,0,6160.71429
2081,,PRODUCTIONBATCH,72,01189,,0,,0001,16,807.80303
2082,,Productions,72,03264,0001,80,470.41113,0001,80,470.41105
2083,,PACKING,74,00369,,0,,0001,672,206.00131
2084,,PACKINGBATCH,74,02433,,0,,0001,672,150.00000
2085,,PACKINGBATCH,74,03264,,0,,0001,80,470.41105
2086,,PACKING,74,00369,0001,672,206.00131,0001,672,206.00132
2087,,Productions,73,03165,,0,,0001,20,11.78800
2088,,PRODUCTIONBATCH,73,01012,,0,,0001,0,4000.00000
2089,,PRODUCTIONBATCH,73,01021,,0,,0001,0,399.41013
2090,,PRODUCTIONBATCH,73,01041,,0,,0001,0,620.00000
2091,,PRODUCTIONBATCH,73,01043,,0,,0001,0,13.75000
2092,,PRODUCTIONBATCH,73,01044,,0,,0001,0,130.53694
2093,,PRODUCTIONBATCH,73,01058,,0,,0001,0,1491.50561
2094,,Productions,73,03165,0001,20,11.78800,0001,20,11.78791
2095,,PACKING,75,00233,,0,,0001,200,24.30150
2096,,PACKINGBATCH,75,02010,,0,,0001,200,9.12281
2097,,PACKINGBATCH,75,02278,,0,,0001,200,12.00000
2098,,PACKINGBATCH,75,03165,,0,,0001,20,11.78791
2099,,PACKINGBATCH,75,02006,,0,,0001,2,199.98987
2100,,PACKING,75,00233,0001,200,24.30150,0001,200,24.30150
2101,,Productions,74,03010,,0,,0001,67,125.58657
2102,,PRODUCTIONBATCH,74,01023,,0,,0001,0,5500.00000
2103,,PRODUCTIONBATCH,74,01025,,0,,000,0,4500.00000
2104,,PRODUCTIONBATCH,74,01028,,0,,0001,0,1650.00000
2105,,PRODUCTIONBATCH,74,01036,,0,,0001,0,750.00000
2106,,PRODUCTIONBATCH,74,01041,,0,,0001,0,620.00000
2107,,PRODUCTIONBATCH,74,01045,,0,,0001,0,421.69511
2108,,PRODUCTIONBATCH,74,01050,,0,,0001,0,3036.10146
2109,,PRODUCTIONBATCH,74,01058,,0,,0001,0,1491.50561
2110,,Productions,74,03010,0001,67,125.58657,0001,67,125.58658
2111,,PACKING,76,00050,,0,,0001,24,396.73583
2112,,PACKINGBATCH,76,02097,,0,,0001,24,202.39915
2113,,PACKINGBATCH,76,02265,,0,,0001,32,40.00000
2114,,PACKINGBATCH,76,03010,,0,,0001,24,125.58658
2115,,PACKINGBATCH,76,02059,,0,,0001,2,185.00000
2116,,PACKING,76,00050,0001,24,396.73583,0001,24,396.73573
2117,,PACKING,77,00259,,0,,0001,1440,23.95849
2118,,PACKINGBATCH,77,02314,,0,,0001,1460,12.50000
2119,,PACKINGBATCH,77,02316,,0,,0001,1500,6.00000
2120,,PACKINGBATCH,77,03010,,0,,0001,43,125.58658
2121,,PACKINGBATCH,77,02059,,0,,0001,10,185.00000
2122,,PACKING,77,00259,0001,1440,23.95849,0001,1440,23.95849
2123,,Productions,75,03014,,0,,0001,100,13.46110
2124,,PRODUCTIONBATCH,75,01003,,0,,0001,100,13.46106
2125,,Productions,75,03014,0001,100,13.46110,0001,100,13.46106
2126,,PACKING,78,00020,,0,,0001,100,54.26110
2127,,PACKINGBATCH,78,02051,,0,,0001,100,30.00000
2128,,PACKINGBATCH,78,03014,,0,,0001,100,13.46106
2129,,PACKINGBATCH,78,02003,,0,,0001,5,216.00000
2130,,PACKING,78,00020,0001,100,54.26110,0001,100,54.26106
2131,,Productions,76,03001,,0,,0001,1250,14.56055
2132,,PRODUCTIONBATCH,76,01016,,0,,0001,1000,10.00000
2133,,PRODUCTIONBATCH,76,01042,,0,,0001,15,167.20014
2134,,PRODUCTIONBATCH,76,01050,,0,,0001,1,3036.10146
2135,,Productions,76,03001,0001,1250,14.56055,0001,1250,14.56055
2136,,PACKING,79,00016,,0,,0001,50,534.51380
2137,,PACKINGBATCH,79,02032,,0,,0001,55,155.00000
2138,,PACKINGBATCH,79,03001,,0,,0001,1250,14.56055
2139,,PACKING,79,00016,0001,50,534.51380,0001,50,534.51375
2140,,Productions,77,03182,,0,,0001,250,16.67368
2141,,PRODUCTIONBATCH,77,01009,,0,,0001,0,1650.00000
2142,,PRODUCTIONBATCH,77,01013,,0,,0001,0,160.00000
2143,,PRODUCTIONBATCH,77,01016,,0,,0001,200,10.00000
2144,,PRODUCTIONBATCH,77,01042,,0,,0001,2,167.20014
2145,,PRODUCTIONBATCH,77,01050,,0,,0001,0,3036.10146
2146,,PRODUCTIONBATCH,77,01054,,0,,0001,0,17258.38926
2147,,PRODUCTIONBATCH,77,01143,,0,,0001,0,3200.00000
2148,,Productions,77,03182,0001,250,16.67368,0001,250,16.67366
2149,,PACKING,80,00258,,0,,0001,10,416.84200
2150,,PACKINGBATCH,80,03182,,0,,0001,250,16.67366
2151,,PACKING,80,00258,0001,10,416.84200,0001,10,416.84150
2152,,Productions,78,03118,,0,,0001,25,121.50000
2153,,PRODUCTIONBATCH,78,01004,,0,,0001,0,400.00000
2154,,PRODUCTIONBATCH,78,01047,,0,,0001,25,80.00000
2155,,PRODUCTIONBATCH,78,01055,,0,,0001,0,1542.39750
2156,,PRODUCTIONBATCH,78,01073,,0,,0001,0,520.00000
2157,,PRODUCTIONBATCH,78,01105,,0,,0001,0,290.00000
2158,,Productions,78,03118,0001,25,121.50000,0001,25,121.49994
2159,,PACKING,81,00030,,0,,0001,250,31.37000
2160,,PACKINGBATCH,81,02191,,0,,0001,250,17.00000
2161,,PACKINGBATCH,81,03118,,0,,0001,25,121.49994
2162,,PACKINGBATCH,81,02059,,0,,0001,3,185.00000
2163,,PACKING,81,00030,0001,250,31.37000,0001,250,31.36999
2164,,Productions,79,03003,,0,,0001,80,33.29025
2165,,PRODUCTIONBATCH,79,01013,,0,,0001,1,160.00000
2166,,PRODUCTIONBATCH,79,01022,,0,,0001,0,4000.00000
2167,,PRODUCTIONBATCH,79,01038,,0,,0001,1,650.00000
2168,,PRODUCTIONBATCH,79,01043,,0,,0001,0,13.75000
2169,,PRODUCTIONBATCH,79,01048,,0,,0001,0,1500.00000
2170,,PRODUCTIONBATCH,79,01056,,0,,0001,0,16500.00000
2171,,PRODUCTIONBATCH,79,01058,,0,,0001,0,1491.50561
2172,,PRODUCTIONBATCH,79,01060,,0,,0001,0,950.00000
2173,,Productions,79,03003,0001,80,33.29025,0001,80,33.29028
2174,,PACKING,82,00010,,0,,0001,200,28.10790
2175,,PACKINGBATCH,82,02018,,0,,0001,220,12.00000
2176,,PACKINGBATCH,82,03003,,0,,0001,20,33.29028
2177,,PACKINGBATCH,82,02010,,0,,0001,210,9.12281
2178,,PACKINGBATCH,82,02006,,0,,0001,2,199.98987
2179,,PACKING,82,00010,0001,200,28.10790,0001,200,28.10788
2180,,PACKING,83,00032,,0,,0001,60,136.41333
2181,,PACKINGBATCH,83,02097,,0,,0001,26,202.39915
2182,,PACKINGBATCH,83,03003,,0,,0001,60,33.29028
2183,,PACKINGBATCH,83,02059,,0,,0001,5,185.00000
2184,,PACKING,83,00032,0001,60,136.41333,0001,60,136.41325
2185,,PurchasesBatch,41,02004,,0,,0001,313,235.00000
2186,,PurchasesBatch,42,02014,,0,,0001,170,390.00000
2187,,Productions,80,03046,,0,,0001,250,13.78964
2188,,PRODUCTIONBATCH,80,01003,,0,,0001,2,13.46106
2189,,PRODUCTIONBATCH,80,01016,,0,,0001,250,10.00000
2190,,PRODUCTIONBATCH,80,01044,,0,,0001,7,130.53694
2191,,Productions,80,03046,0001,250,13.78964,0001,250,13.78965
2192,,PACKING,84,00220,,0,,0001,10,544.74100
2193,,PACKINGBATCH,84,02258,,0,,0001,10,45.00000
2194,,PACKINGBATCH,84,02307,,0,,0001,10,155.00000
2195,,PACKINGBATCH,84,03046,,0,,0001,250,13.78965
2196,,PACKING,84,00220,0001,10,544.74100,0001,10,544.74125
2197,,Productions,81,03173,,0,,0001,500,14.56056
2198,,PRODUCTIONBATCH,81,01016,,0,,0001,400,10.00000
2199,,PRODUCTIONBATCH,81,01042,,0,,0001,6,167.20014
2200,,PRODUCTIONBATCH,81,01050,,0,,0001,0,3036.10146
2201,,Productions,81,03173,0001,500,14.56056,0001,500,14.56055
2202,,PACKING,85,00243,,0,,0001,20,519.01400
2203,,PACKINGBATCH,85,02277,,0,,0001,20,155.00000
2204,,PACKINGBATCH,85,03173,,0,,0001,500,14.56055
2205,,PACKING,85,00243,0001,20,519.01400,0001,20,519.01375
2206,,PurchasesBatch,43,02404,,0,,0001,110,40.00000
2207,,PurchasesBatch,43,02145,,0,,0001,64,40.00000
2208,,PurchasesBatch,43,02142,,0,,0001,110,40.00000
2209,,PurchasesBatch,43,02293,,0,,0001,110,40.00000
2210,,PurchasesBatch,43,02365,,0,,0001,110,40.00000
2211,,PurchasesBatch,43,02132,,0,,0001,400,20.00000
2212,,PurchasesBatch,43,02363,,0,,0001,400,20.00000
2213,,PurchasesBatch,43,02141,,0,,0001,400,20.00000
2214,,PurchasesBatch,43,02211,,0,,0001,80,40.00000
2215,,PurchasesBatch,43,02437,,0,,0001,6,90.00000
2216,,PurchasesBatch,43,02435,,0,,0001,52,40.00000
2217,,PurchasesBatch,43,02436,,0,,0001,52,40.00000
2218,,PurchasesBatch,43,02147,,0,,0001,110,40.00000
2219,,PurchasesBatch,43,02420,,0,,0001,10,140.00000
2220,,PurchasesBatch,43,00374,,0,,0001,20,70.00000
2221,,PurchasesBatch,43,02329,,0,,0001,25,120.00000
2222,,PurchasesBatch,43,02372,,0,,0001,200,40.00000
2223,,PurchasesBatch,43,02438,,0,,0001,10,140.00000
2224,,PurchasesBatch,44,02145,,0,,0001,400,20.00000
2225,,PurchasesBatch,45,02014,,0,,0001,544,390.00000
2226,,PurchasesBatch,46,02014,,0,,0001,60,450.00000
2227,,PurchasesBatch,47,01047,,0,,0001,500,68.00000
2228,,PurchasesBatch,47,01044,,0,,0001,100,128.00000
2229,,PurchasesBatch,46,02054,,0,,0001,20,185.00000
2230,,PurchasesBatch,46,02140,,0,,0001,50,1100.00000
2231,,PurchasesBatch,48,01041,,0,,0001,25,650.00000
2232,,PurchasesBatch,48,01058,,0,,0001,25,1450.00000
2233,,PurchasesBatch,48,01004,,0,,0001,25,400.00000
2234,,PurchasesBatch,48,01105,,0,,0001,25,420.00000
2235,,PurchasesBatch,48,01034,,0,,0001,25,560.00000
2236,,PurchasesBatch,48,01009,,0,,0001,100,2200.00000
2237,,PurchasesBatch,48,01021,,0,,0001,30,400.00000
2238,,PurchasesBatch,48,01055,,0,,0001,25,1550.00000
2239,,PurchasesBatch,47,01059,,0,,0001,30,80.00000
2240,,Productions,82,03010,,0,,0001,34,125.64324
2241,,PRODUCTIONBATCH,82,01023,,0,,0001,0,5500.00000
2242,,PRODUCTIONBATCH,82,01025,,0,,000,0,4500.00000
2243,,PRODUCTIONBATCH,82,01028,,0,,0001,0,1650.00000
2244,,PRODUCTIONBATCH,82,01036,,0,,0001,0,750.00000
2245,,PRODUCTIONBATCH,82,01041,,0,,0001,0,649.76072
2246,,PRODUCTIONBATCH,82,01045,,0,,0001,0,421.69511
2247,,PRODUCTIONBATCH,82,01050,,0,,0001,0,3036.10146
2248,,PRODUCTIONBATCH,82,01058,,0,,0001,0,1468.44181
2249,,Productions,82,03010,0001,34,125.64324,0001,34,125.64313
2250,,PACKING,86,00259,,0,,0001,1144,24.36352
2251,,PACKINGBATCH,86,02314,,0,,0001,1120,12.50000
2252,,PACKINGBATCH,86,02316,,0,,0001,1200,6.00000
2253,,PACKINGBATCH,86,03010,,0,,0001,34,125.64313
2254,,PACKINGBATCH,86,02317,,0,,0001,15,160.00000
2255,,PACKING,86,00259,0001,1144,24.36352,0001,1144,24.36352
2256,,Productions,83,03222,,0,,0001,2500,20.78096
2257,,PRODUCTIONBATCH,83,01003,,0,,0001,200,13.46106
2258,,PRODUCTIONBATCH,83,01015,,0,,0001,2000,17.00000
2259,,PRODUCTIONBATCH,83,01016,,0,,0001,500,10.00000
2260,,PRODUCTIONBATCH,83,01044,,0,,0001,80,128.25244
2261,,Productions,83,03222,0001,2500,20.78096,0001,2500,20.78096
2262,,PACKING,87,00315,,0,,0001,100,734.02400
2263,,PACKINGBATCH,87,02372,,0,,0001,110,40.00000
2264,,PACKINGBATCH,87,03222,,0,,0001,2500,20.78096
2265,,PACKINGBATCH,87,02277,,0,,0001,110,155.00000
2266,,PACKING,87,00315,0001,100,734.02400,0001,100,734.02400
2267,,Productions,84,03054,,0,,0001,400,57.09100
2268,,PRODUCTIONBATCH,84,01031,,0,,0001,2,6500.00000
2269,,PRODUCTIONBATCH,84,01041,,0,,0001,2,649.76072
2270,,PRODUCTIONBATCH,84,01048,,0,,0001,2,1500.00000
2271,,PRODUCTIONBATCH,84,01058,,0,,0001,2,1468.44181
2272,,Productions,84,03054,0001,400,57.09100,0001,400,57.09101
2273,,PACKING,88,00138,,0,,0001,80,821.24425
2274,,PACKINGBATCH,88,02014,,0,,0001,85,392.56410
2275,,PACKINGBATCH,88,02147,,0,,0001,110,40.00000
2276,,PACKINGBATCH,88,03054,,0,,0001,400,57.09101
2277,,PACKINGBATCH,88,02004,,0,,0001,22,231.59940
2278,,PACKING,88,00138,0001,80,821.24425,0001,80,821.24424
2279,,Productions,85,03074,,0,,0001,280,115.47661
2280,,PRODUCTIONBATCH,85,01017,,0,,0001,3,3309.28962
2281,,PRODUCTIONBATCH,85,01031,,0,,0001,2,6500.00000
2282,,PRODUCTIONBATCH,85,01041,,0,,0001,1,649.76072
2283,,PRODUCTIONBATCH,85,01048,,0,,0001,1,1500.00000
2284,,PRODUCTIONBATCH,85,01058,,0,,0001,1,1468.44181
2285,,Productions,85,03074,0001,280,115.47661,0001,280,115.47660
2286,,PACKING,89,00189,,0,,0001,56,1183.55875
2287,,PACKINGBATCH,89,02014,,0,,0001,60,392.56410
2288,,PACKINGBATCH,89,02211,,0,,0001,144,40.00000
2289,,PACKINGBATCH,89,03074,,0,,0001,280,115.47660
2290,,PACKINGBATCH,89,02004,,0,,0001,20,231.59940
2291,,PACKING,89,00189,0001,56,1183.55875,0001,56,1183.55861
2292,,Productions,86,03146,,0,,0001,360,152.73472
2293,,PRODUCTIONBATCH,86,01041,,0,,0001,1,649.76072
2294,,PRODUCTIONBATCH,86,01047,,0,,0001,360,68.00000
2295,,PRODUCTIONBATCH,86,01050,,0,,0001,0,3036.10146
2296,,PRODUCTIONBATCH,86,01055,,0,,0001,18,1545.25872
2297,,PRODUCTIONBATCH,86,01073,,0,,0001,0,520.00000
2298,,PRODUCTIONBATCH,86,01105,,0,,0001,0,398.30445
2299,,Productions,86,03146,0001,360,152.73472,0001,360,152.73469
2300,,OpeningBatch,55,02307,0001,450,155.00000,0001,450,155.00000
2301,,OpeningBatch,56,02213,0001,450,155.00000,0001,450,155.00000
2302,,OpeningBatch,57,02277,0001,750,155.00000,0001,750,155.00000
2303,,OpeningBatch,58,02032,0001,600,155.00000,0001,600,155.00000
2304,,OpeningBatch,59,02033,0001,500,155.00000,0001,500,155.00000
2305,,OpeningBatch,60,02274,0001,600,80.00000,0001,600,80.00000
2306,,OpeningBatch,61,02034,0001,600,80.00000,0001,600,80.00000
2307,,OpeningBatch,62,02053,0001,950,70.00000,0001,950,70.00000
2308,,OpeningBatch,63,02173,0001,100,145.00000,0001,100,145.00000
2309,,OpeningBatch,64,02097,0001,660,220.00000,0001,660,220.00000
2310,,OpeningBatch,65,02014,0001,290,390.00000,0001,290,390.00000
2311,,OpeningBatch,66,02015,0001,70,270.00000,0001,70,270.00000
2312,,OpeningBatch,67,02128,0001,51,1000.00000,0001,51,1000.00000
2313,,OpeningBatch,68,02002,0001,20,180.00000,0001,20,180.00000
2314,,OpeningBatch,69,02003,0001,15,216.00000,0001,15,216.00000
2315,,OpeningBatch,70,02004,0001,220,208.00000,0001,220,208.00000
2316,,OpeningBatch,71,02006,0001,3,180.00000,0001,3,180.00000
2317,,OpeningBatch,72,02306,0001,190,210.00000,0001,190,210.00000
2318,,OpeningBatch,73,02317,0001,35,160.00000,0001,35,160.00000
2319,,OpeningBatch,74,02059,0001,190,185.00000,0001,190,185.00000
2320,,OpeningBatch,75,02324,0001,60,170.00000,0001,60,170.00000
2321,,OpeningBatch,76,02010,0001,2500,10.00000,0001,2500,10.00000
2322,,OpeningBatch,77,02013,0001,136,390.00000,0001,136,390.00000
2323,,OpeningBatch,78,02086,0001,1150,12.50000,0001,1150,12.50000
2324,,OpeningBatch,79,02420,0001,10,150.00000,0001,10,150.00000
2325,,OpeningBatch,80,02258,0001,120,45.00000,0001,120,45.00000
2326,,OpeningBatch,82,02191,0001,15500,17.00000,0001,15500,17.00000
2327,,OpeningBatch,83,02361,0001,1050,30.00000,0001,1050,30.00000
2328,,OpeningBatch,84,02315,0001,10800,30.00000,0001,10800,30.00000
2329,,OpeningBatch,85,02359,0001,800,30.00000,0001,800,30.00000
2330,,OpeningBatch,86,02172,0001,230,30.00000,0001,230,30.00000
2331,,OpeningBatch,87,02299,0001,6500,30.00000,0001,6500,30.00000
2332,,OpeningBatch,88,02035,0001,850,30.00000,0001,850,30.00000
2333,,OpeningBatch,89,02051,0001,12500,30.00000,0001,12500,30.00000
2334,,OpeningBatch,90,02321,0001,29000,20.00000,0001,29000,20.00000
2335,,OpeningBatch,91,02320,0001,8000,10.00000,0001,8000,10.00000
2336,,OpeningBatch,92,02319,0001,2500,9.50000,0001,2500,9.50000
2337,,OpeningBatch,93,02018,0001,5200,12.00000,0001,5200,12.00000
2338,,OpeningBatch,94,02278,0001,5300,12.00000,0001,5300,12.00000
2339,,OpeningBatch,95,02020,0001,11000,12.00000,0001,11000,12.00000
2340,,OpeningBatch,96,02019,0001,15000,11.50000,0001,15000,11.50000
2341,,OpeningBatch,97,02313,0001,6000,11.50000,0001,6000,11.50000
2342,,OpeningBatch,98,02224,0001,5500,11.50000,0001,5500,11.50000
2343,,OpeningBatch,99,02316,0001,6000,6.00000,0001,6000,6.00000
2344,,OpeningBatch,100,02341,0001,600,30.00000,0001,600,30.00000
2345,,OpeningBatch,104,02399,0001,300,20.00000,0001,300,20.00000
2346,,OpeningBatch,105,02398,0001,300,20.00000,0001,300,20.00000
2347,,OpeningBatch,106,02042,0001,200,40.00000,0001,200,40.00000
2348,,OpeningBatch,107,02222,0001,230,40.00000,0001,230,40.00000
2349,,OpeningBatch,109,02433,0001,2016,150.00000,0001,2016,150.00000
2350,,OpeningBatch,110,02232,,0,,0001,500,30.00000
2351,,PACKING,90,00208,,0,,0001,360,275.23469
2352,,PACKINGBATCH,90,02232,,0,,0001,370,30.00000
2353,,PACKINGBATCH,90,03146,,0,,0001,360,152.73469
2354,,PACKINGBATCH,90,02140,,0,,0001,30,1100.00000
2355,,PACKING,90,00208,0001,360,275.23469,0001,360,275.23469
2356,,PurchasesBatch,48,01002,,0,,0001,25,280.00000
2357,,Productions,87,03197,,0,,0001,150,132.56633
2358,,PRODUCTIONBATCH,87,01002,,0,,0001,30,242.01681
2359,,PRODUCTIONBATCH,87,01004,,0,,0001,0,400.00000
2360,,PRODUCTIONBATCH,87,01041,,0,,0001,0,649.76072
2361,,PRODUCTIONBATCH,87,01047,,0,,0001,140,68.00000
2362,,PRODUCTIONBATCH,87,01055,,0,,0001,1,1545.25872
2363,,PRODUCTIONBATCH,87,01105,,0,,0001,0,398.30445
2364,,Productions,87,03197,0001,150,132.56633,0001,150,132.56633
2365,,PACKING,91,00285,,0,,0001,150,247.23300
2366,,PACKINGBATCH,91,02341,,0,,0001,160,30.00000
2367,,PACKINGBATCH,91,03197,,0,,0001,150,132.56633
2368,,PACKINGBATCH,91,02140,,0,,0001,10,1100.00000
2369,,PACKINGBATCH,91,00374,,0,,0001,20,70.00000
2370,,PACKING,91,00285,0001,150,247.23300,0001,150,247.23300
2371,,Productions,88,03189,,0,,0001,500,27.46106
2372,,PRODUCTIONBATCH,88,01003,,0,,0001,500,13.46106
2373,,PRODUCTIONBATCH,88,01115,,0,,0001,5,1200.00000
2374,,PRODUCTIONBATCH,88,01187,,0,,0001,5,200.00000
2375,,Productions,88,03189,0001,500,27.46106,0001,500,27.46106
2376,,PACKING,92,00273,,0,,0001,20,1021.52650
2377,,PACKINGBATCH,92,02054,,0,,0001,20,185.00000
2378,,PACKINGBATCH,92,02329,,0,,0001,25,120.00000
2379,,PACKINGBATCH,92,03189,,0,,0001,500,27.46106
2380,,PACKING,92,00273,0001,20,1021.52650,0001,20,1021.52650
2381,,Productions,89,03265,,0,,0001,100,274.87540
2382,,PRODUCTIONBATCH,89,01009,,0,,0001,10,2063.65933
2383,,PRODUCTIONBATCH,89,01021,,0,,0001,1,399.62005
2384,,PRODUCTIONBATCH,89,01028,,0,,0001,1,1650.00000
2385,,PRODUCTIONBATCH,89,01036,,0,,0001,2,750.00000
2386,,PRODUCTIONBATCH,89,01041,,0,,0001,0,649.76072
2387,,PRODUCTIONBATCH,89,01045,,0,,0001,2,421.69511
2388,,PRODUCTIONBATCH,89,01058,,0,,0001,0,1468.44181
2389,,Productions,89,03265,0001,100,274.87540,0001,100,274.87542
2390,,PACKING,93,00371,,0,,0001,20,1928.84100
2391,,PACKINGBATCH,93,02014,,0,,0001,20,392.56410
2392,,PACKINGBATCH,93,02435,,0,,0001,52,40.00000
2393,,PACKINGBATCH,93,03265,,0,,0001,100,274.87542
2394,,PACKINGBATCH,93,02004,,0,,0001,5,231.59940
2395,,PACKING,93,00371,0001,20,1928.84100,0001,20,1928.84105
2396,,Productions,90,03163,,0,,0001,50,17.00000
2397,,PRODUCTIONBATCH,90,01015,,0,,0001,50,17.00000
2398,,Productions,90,03163,0001,50,17.00000,0001,50,17.00000
2399,,PACKING,94,00231,,0,,0001,2,505.00000
2400,,PACKINGBATCH,94,02274,,0,,0001,2,80.00000
2401,,PACKINGBATCH,94,03163,,0,,0001,50,17.00000
2402,,PACKING,94,00231,0001,2,505.00000,0001,2,505.00000
2403,,Productions,91,03019,,0,,0001,50,21.96100
2404,,PRODUCTIONBATCH,91,01003,,0,,0001,50,13.46106
2405,,PRODUCTIONBATCH,91,01033,,0,,0001,5,50.00000
2406,,PRODUCTIONBATCH,91,01007,,0,,0001,5,35.00000
2407,,Productions,91,03019,0001,50,21.96100,0001,50,21.96106
2408,,PACKING,95,00040,,0,,0001,2,744.02500
2409,,PACKINGBATCH,95,02042,,0,,0001,2,40.00000
2410,,PACKINGBATCH,95,02213,,0,,0001,2,155.00000
2411,,PACKINGBATCH,95,03019,,0,,0001,50,21.96106
2412,,PACKING,95,00040,0001,2,744.02500,0001,2,744.02650
2413,,Productions,92,03028,,0,,0001,460,59.63193
2414,,PRODUCTIONBATCH,92,01017,,0,,0001,0,3309.28962
2415,,PRODUCTIONBATCH,92,01031,,0,,0001,2,6500.00000
2416,,PRODUCTIONBATCH,92,01036,,0,,0001,10,750.00000
2417,,PRODUCTIONBATCH,92,01041,,0,,0001,0,649.76072
2418,,PRODUCTIONBATCH,92,01045,,0,,0001,10,421.69511
2419,,PRODUCTIONBATCH,92,01058,,0,,0001,0,1468.44181
2420,,Productions,92,03028,0001,460,59.63193,0001,460,59.63195
2421,,PACKING,96,00177,,0,,0001,92,814.28565
2422,,PACKINGBATCH,96,02014,,0,,0001,95,392.56410
2423,,PACKINGBATCH,96,02365,,0,,0001,110,40.00000
2424,,PACKINGBATCH,96,03028,,0,,0001,460,59.63195
2425,,PACKINGBATCH,96,02004,,0,,0001,25,231.59940
2426,,PACKING,96,00177,0001,92,814.28565,0001,92,814.28556
2427,,Productions,93,03095,,0,,0001,220,60.06027
2428,,PRODUCTIONBATCH,93,01028,,0,,0001,3,1650.00000
2429,,PRODUCTIONBATCH,93,01036,,0,,0001,3,750.00000
2430,,PRODUCTIONBATCH,93,01050,,0,,0001,0,3036.10146
2431,,PRODUCTIONBATCH,93,01052,,0,,0001,0,14500.00000
2432,,PRODUCTIONBATCH,93,01055,,0,,0001,0,1545.25872
2433,,PRODUCTIONBATCH,93,01056,,0,,0001,0,16500.00000
2434,,PRODUCTIONBATCH,93,01058,,0,,0001,1,1468.44181
2435,,PRODUCTIONBATCH,93,01041,,0,,0001,0,649.76072
2436,,Productions,93,03095,0001,220,60.06027,0001,220,60.06028
2437,,PACKING,97,00136,,0,,0001,44,840.59500
2438,,PACKINGBATCH,97,02014,,0,,0001,50,392.56410
2439,,PACKINGBATCH,97,02145,,0,,0001,60,22.75862
2440,,PACKINGBATCH,97,03095,,0,,0001,220,60.06028
2441,,PACKINGBATCH,97,02004,,0,,0001,12,231.59940
2442,,PACKING,97,00136,0001,44,840.59500,0001,44,840.59492
2443,,Productions,94,03101,,0,,0001,420,94.40512
2444,,PRODUCTIONBATCH,94,01009,,0,,0001,0,2063.65933
2445,,PRODUCTIONBATCH,94,01013,,0,,0001,4,160.00000
2446,,PRODUCTIONBATCH,94,01034,,0,,0001,8,513.15579
2447,,PRODUCTIONBATCH,94,01038,,0,,0001,25,650.00000
2448,,PRODUCTIONBATCH,94,01045,,0,,0001,10,421.69511
2449,,PRODUCTIONBATCH,94,01052,,0,,0001,0,14500.00000
2450,,PRODUCTIONBATCH,94,01056,,0,,0001,0,16500.00000
2451,,PRODUCTIONBATCH,94,01058,,0,,0001,1,1468.44181
2452,,PRODUCTIONBATCH,94,01060,,0,,0001,2,950.00000
2453,,Productions,94,03101,0001,420,94.40512,0001,420,94.40513
2454,,PACKING,98,00144,,0,,0001,84,977.62762
2455,,PACKINGBATCH,98,02014,,0,,0001,84,392.56410
2456,,PACKINGBATCH,98,02404,,0,,0001,110,40.00000
2457,,PACKINGBATCH,98,03101,,0,,0001,420,94.40513
2458,,PACKINGBATCH,98,02004,,0,,0001,22,231.59940
2459,,PACKING,98,00144,0001,84,977.62762,0001,84,977.62769
2460,,Productions,95,03089,,0,,0001,220,113.78873
2461,,PRODUCTIONBATCH,95,01017,,0,,0001,1,3309.28962
2462,,PRODUCTIONBATCH,95,01031,,0,,0001,2,6500.00000
2463,,PRODUCTIONBATCH,95,01041,,0,,0001,0,649.76072
2464,,PRODUCTIONBATCH,95,01045,,0,,0001,6,421.69511
2465,,PRODUCTIONBATCH,95,01048,,0,,0001,0,1500.00000
2466,,PRODUCTIONBATCH,95,01058,,0,,0001,0,1468.44181
2467,,Productions,95,03089,0001,220,113.78873,0001,220,113.78869
2468,,PACKING,99,00129,,0,,0001,44,1051.94364
2469,,PACKINGBATCH,99,02014,,0,,0001,44,392.56410
2470,,PACKINGBATCH,99,02131,,0,,0001,60,20.00000
2471,,PACKINGBATCH,99,03089,,0,,0001,220,113.78869
2472,,PACKINGBATCH,99,02004,,0,,0001,12,231.59940
2473,,PACKING,99,00129,0001,44,1051.94364,0001,44,1051.94375
2474,,Productions,96,03094,,0,,0001,640,315.45563
2475,,PRODUCTIONBATCH,96,01004,,0,,0001,30,400.00000
2476,,PRODUCTIONBATCH,96,01009,,0,,0001,64,2063.65933
2477,,PRODUCTIONBATCH,96,01028,,0,,0001,22,1650.00000
2478,,PRODUCTIONBATCH,96,01045,,0,,0001,32,421.69511
2479,,PRODUCTIONBATCH,96,01058,,0,,0001,4,1468.44181
2480,,PRODUCTIONBATCH,96,01041,,0,,0001,1,649.76072
2481,,Productions,96,03094,0001,640,315.45563,0001,640,315.45563
2482,,PACKING,100,00135,,0,,0001,128,2080.88852
2483,,PACKINGBATCH,100,02014,,0,,0001,135,392.56410
2484,,PACKINGBATCH,100,02144,,0,,0001,168,20.00000
2485,,PACKINGBATCH,100,03094,,0,,0001,640,315.45563
2486,,PACKINGBATCH,100,02004,,0,,0001,35,231.59940
2487,,PACKING,100,00135,0001,128,2080.88852,0001,128,2080.88856
2488,,Productions,97,03090,,0,,0001,20,137.51800
2489,,PRODUCTIONBATCH,97,01009,,0,,0001,0,2063.65933
2490,,PRODUCTIONBATCH,97,01010,,0,,0001,0,2800.00000
2491,,PRODUCTIONBATCH,97,01020,,0,,0001,0,350.00000
2492,,PRODUCTIONBATCH,97,01021,,0,,0001,0,399.62005
2493,,PRODUCTIONBATCH,97,01028,,0,,0001,0,1650.00000
2494,,PRODUCTIONBATCH,97,01041,,0,,0001,0,649.76072
2495,,PRODUCTIONBATCH,97,01045,,0,,0001,0,421.69511
2496,,PRODUCTIONBATCH,97,01058,,0,,0001,0,1468.44181
2497,,PRODUCTIONBATCH,97,01105,,0,,0001,0,398.30445
2498,,PRODUCTIONBATCH,97,01115,,0,,0001,0,1200.00000
2499,,PRODUCTIONBATCH,97,01184,,0,,0001,1,366.68017
2500,,Productions,97,03090,0001,20,137.51800,0001,20,137.51743
2501,,PACKING,101,00130,,0,,0001,4,1168.05250
2502,,PACKINGBATCH,101,02014,,0,,0001,4,392.56410
2503,,PACKINGBATCH,101,02132,,0,,0001,6,20.00000
2504,,PACKINGBATCH,101,03090,,0,,0001,20,137.51743
2505,,PACKINGBATCH,101,02004,,0,,0001,1,231.59940
2506,,PACKING,101,00130,0001,4,1168.05250,0001,4,1168.05110
2507,,PurchasesBatch,49,02004,,0,,0001,20,210.00000
2508,,PurchasesBatch,50,01184,,0,,0001,120,366.66667
2509,,PurchasesBatch,50,01186,,0,,0001,60,36.66667
2510,,PurchasesBatch,51,01053,,0,,0001,10,17500.00000
2511,,PurchasesBatch,51,01054,,0,,0001,10,17500.00000
2512,,PurchasesBatch,51,01056,,0,,0001,10,19500.00000
2513,,PurchasesBatch,51,01017,,0,,0001,25,3400.00000
2514,,PurchasesBatch,51,01028,,0,,0001,30,1650.00000
2515,,PurchasesBatch,51,01025,,0,,0001,25,7200.00000
2516,,PurchasesBatch,51,01023,,0,,0001,25,7200.00000
2517,,PurchasesBatch,51,01046,,0,,0001,25,10500.00000
2518,,PurchasesBatch,51,01011,,0,,0001,25,4850.00000
2519,,PurchasesBatch,51,01013,,0,,0001,25,210.00000
2520,,PurchasesBatch,51,01038,,0,,0001,35,650.00000
2521,,PurchasesBatch,52,02410,,0,,0001,110,80.00000
2522,,PurchasesBatch,52,02371,,0,,0001,64,40.00000
2523,,PurchasesBatch,52,02364,,0,,0001,64,40.00000
2524,,Productions,98,03090,,0,,0001,580,161.33081
2525,,PRODUCTIONBATCH,98,01009,,0,,0001,9,2063.65933
2526,,PRODUCTIONBATCH,98,01010,,0,,0001,5,2800.00000
2527,,PRODUCTIONBATCH,98,01020,,0,,0001,10,350.00000
2528,,PRODUCTIONBATCH,98,01021,,0,,0001,8,399.62005
2529,,PRODUCTIONBATCH,98,01028,,0,,0001,7,1650.00000
2530,,PRODUCTIONBATCH,98,01041,,0,,0001,1,649.76072
2531,,PRODUCTIONBATCH,98,01045,,0,,0001,20,421.69511
2532,,PRODUCTIONBATCH,98,01058,,0,,0001,2,1468.44181
2533,,PRODUCTIONBATCH,98,01105,,0,,0001,4,398.30445
2534,,PRODUCTIONBATCH,98,01115,,0,,0001,9,1200.00000
2535,,PRODUCTIONBATCH,98,01184,,0,,0001,35,366.66957
2536,,Productions,98,03090,0001,580,161.33081,0001,580,161.33084
2537,,PACKING,102,00130,,0,,0001,116,1303.75405
2538,,PACKINGBATCH,102,02014,,0,,0001,120,392.56410
2539,,PACKINGBATCH,102,02132,,0,,0001,160,20.00000
2540,,PACKINGBATCH,102,03090,,0,,0001,580,161.33084
2541,,PACKINGBATCH,102,02004,,0,,0001,32,229.87145
2542,,PACKING,102,00130,0001,116,1303.75405,0001,116,1303.75401
2543,,Productions,99,03092,,0,,0001,295,82.56814
2544,,PRODUCTIONBATCH,99,01050,,0,,0001,0,3036.10146
2545,,PRODUCTIONBATCH,99,01055,,0,,0001,3,1545.25872
2546,,PRODUCTIONBATCH,99,01056,,0,,0001,0,18697.38365
2547,,PRODUCTIONBATCH,99,01058,,0,,0001,1,1468.44181
2548,,PRODUCTIONBATCH,99,01060,,0,,0001,1,950.00000
2549,,Productions,99,03092,0001,295,82.56814,0001,295,82.56813
2550,,PACKING,103,00132,,0,,0001,59,901.51508
2551,,PACKINGBATCH,103,02014,,0,,0001,60,392.56410
2552,,PACKINGBATCH,103,02141,,0,,0001,80,20.00000
2553,,PACKINGBATCH,103,03092,,0,,0001,295,82.56813
2554,,PACKINGBATCH,103,02004,,0,,0001,16,229.87145
2555,,PACKING,103,00132,0001,59,901.51508,0001,59,901.51504
2556,,Productions,100,03102,,0,,0001,820,134.90378
2557,,PRODUCTIONBATCH,100,01023,,0,,0001,7,7043.77043
2558,,PRODUCTIONBATCH,100,01025,,0,,000,1,4500.00000
2559,,PRODUCTIONBATCH,100,01025,,0,,0001,5,7200.00000
2560,,PRODUCTIONBATCH,100,01041,,0,,0001,3,649.76072
2561,,PRODUCTIONBATCH,100,01045,,0,,0001,10,421.69511
2562,,PRODUCTIONBATCH,100,01050,,0,,0001,0,3036.10146
2563,,PRODUCTIONBATCH,100,01058,,0,,0001,3,1468.44181
2564,,Productions,100,03102,0001,820,134.90378,0001,820,132.42435
2565,,PACKING,104,00145,,0,,0001,164,1156.14841
2566,,PACKINGBATCH,104,02014,,0,,0001,170,392.56410
2567,,PACKINGBATCH,104,02363,,0,,0001,220,20.00000
2568,,PACKINGBATCH,104,03102,,0,,0001,820,132.42435
2569,,PACKINGBATCH,104,02004,,0,,0001,43,229.87145
2570,,PACKING,104,00145,0001,164,1156.14841,0001,164,1156.14839
2571,,Productions,101,03093,,0,,0001,300,269.78873
2572,,PRODUCTIONBATCH,101,01009,,0,,0001,7,2063.65933
2573,,PRODUCTIONBATCH,101,01045,,0,,0001,42,421.69511
2574,,PRODUCTIONBATCH,101,01052,,0,,0001,0,14500.00000
2575,,PRODUCTIONBATCH,101,01053,,0,,0001,0,17499.52012
2576,,PRODUCTIONBATCH,101,01054,,0,,0001,1,17499.10934
2577,,PRODUCTIONBATCH,101,01055,,0,,0001,1,1545.25872
2578,,PRODUCTIONBATCH,101,01056,,0,,0001,0,18697.38365
2579,,PRODUCTIONBATCH,101,01057,,0,,0001,0,14000.00000
2580,,PRODUCTIONBATCH,101,01058,,0,,0001,1,1468.44181
2581,,PRODUCTIONBATCH,101,01060,,0,,0001,0,950.00000
2582,,PRODUCTIONBATCH,101,01143,,0,,0001,1,3200.00000
2583,,Productions,101,03093,0001,300,269.78873,0001,300,269.78876
2584,,PACKING,105,00133,,0,,0001,60,1869.74500
2585,,PACKINGBATCH,105,02013,,0,,0001,60,390.00000
2586,,PACKINGBATCH,105,02142,,0,,0001,110,40.00000
2587,,PACKINGBATCH,105,03093,,0,,0001,300,269.78876
2588,,PACKINGBATCH,105,02004,,0,,0001,15,229.87145
2589,,PACKING,105,00133,0001,60,1869.74500,0001,60,1869.74500
2590,,Productions,102,03248,,0,,0001,400,106.93650
2591,,PRODUCTIONBATCH,102,01004,,0,,0001,4,400.00000
2592,,PRODUCTIONBATCH,102,01041,,0,,0001,4,649.76072
2593,,PRODUCTIONBATCH,102,01043,,0,,0001,2,13.75000
2594,,PRODUCTIONBATCH,102,01045,,0,,0001,10,421.69511
2595,,PRODUCTIONBATCH,102,01050,,0,,0001,0,3036.10146
2596,,PRODUCTIONBATCH,102,01055,,0,,0001,20,1545.25872
2597,,PRODUCTIONBATCH,102,01058,,0,,0001,1,1468.44181
2598,,PRODUCTIONBATCH,102,01073,,0,,0001,2,520.00000
2599,,Productions,102,03248,0001,400,106.93650,0001,400,106.93652
2600,,PACKING,106,00349,,0,,0001,80,1094.71463
2601,,PACKINGBATCH,106,02014,,0,,0001,80,392.56410
2602,,PACKINGBATCH,106,02410,,0,,0001,110,80.00000
2603,,PACKINGBATCH,106,03248,,0,,0001,400,106.93652
2604,,PACKINGBATCH,106,02004,,0,,0001,20,229.87145
2605,,PACKING,106,00349,0001,80,1094.71463,0001,80,1094.71456
2606,,Productions,103,03091,,0,,0001,800,115.39654
2607,,PRODUCTIONBATCH,103,01009,,0,,0001,1,2063.65933
2608,,PRODUCTIONBATCH,103,01010,,0,,0001,6,2800.00000
2609,,PRODUCTIONBATCH,103,01012,,0,,0001,0,4000.00000
2610,,PRODUCTIONBATCH,103,01020,,0,,0001,4,350.00000
2611,,PRODUCTIONBATCH,103,01021,,0,,0001,4,399.62005
2612,,PRODUCTIONBATCH,103,01028,,0,,0001,8,1650.00000
2613,,PRODUCTIONBATCH,103,01041,,0,,0001,3,649.76072
2614,,PRODUCTIONBATCH,103,01045,,0,,0001,40,421.69511
2615,,PRODUCTIONBATCH,103,01058,,0,,0001,3,1468.44181
2616,,PRODUCTIONBATCH,103,01105,,0,,0001,1,398.30445
2617,,PRODUCTIONBATCH,103,01184,,0,,0001,80,366.66957
2618,,Productions,103,03091,0001,800,115.39654,0001,800,115.39655
2619,,PACKING,107,00131,,0,,0001,160,1079.05000
2620,,PACKINGBATCH,107,02014,,0,,0001,170,392.56410
2621,,PACKINGBATCH,107,02133,,0,,0001,220,20.00000
2622,,PACKINGBATCH,107,03091,,0,,0001,800,115.39655
2623,,PACKINGBATCH,107,02004,,0,,0001,40,229.87145
2624,,PACKING,107,00131,0001,160,1079.05000,0001,160,1079.04997
2625,,Productions,104,03183,,0,,0001,460,57.81228
2626,,PRODUCTIONBATCH,104,01010,,0,,0001,3,2800.00000
2627,,PRODUCTIONBATCH,104,01020,,0,,0001,3,350.00000
2628,,PRODUCTIONBATCH,104,01021,,0,,0001,3,399.62005
2629,,PRODUCTIONBATCH,104,01041,,0,,0001,1,649.76072
2630,,PRODUCTIONBATCH,104,01045,,0,,0001,9,421.69511
2631,,PRODUCTIONBATCH,104,01058,,0,,0001,1,1468.44181
2632,,PRODUCTIONBATCH,104,01105,,0,,0001,3,398.30445
2633,,PRODUCTIONBATCH,104,01184,,0,,0001,10,366.66957
2634,,Productions,104,03183,0001,460,57.81228,0001,460,57.81229
2635,,PACKING,108,00260,,0,,0001,92,786.91946
2636,,PACKINGBATCH,108,02014,,0,,0001,92,392.56410
2637,,PACKINGBATCH,108,02293,,0,,0001,110,40.00000
2638,,PACKINGBATCH,108,03183,,0,,0001,460,57.81229
2639,,PACKINGBATCH,108,02004,,0,,0001,23,229.87145
2640,,PACKING,108,00260,0001,92,786.91946,0001,92,786.91950
2641,,Productions,105,03221,,0,,0001,200,142.10920
2642,,PRODUCTIONBATCH,105,01009,,0,,0001,0,2063.65933
2643,,PRODUCTIONBATCH,105,01013,,0,,0001,5,208.59512
2644,,PRODUCTIONBATCH,105,01028,,0,,0001,0,1650.00000
2645,,PRODUCTIONBATCH,105,01034,,0,,0001,2,513.15579
2646,,PRODUCTIONBATCH,105,01038,,0,,0001,10,650.00000
2647,,PRODUCTIONBATCH,105,01041,,0,,0001,1,649.76072
2648,,PRODUCTIONBATCH,105,01045,,0,,0001,5,421.69511
2649,,PRODUCTIONBATCH,105,01056,,0,,0001,0,18697.38365
2650,,PRODUCTIONBATCH,105,01058,,0,,0001,1,1468.44181
2651,,PRODUCTIONBATCH,105,01060,,0,,0001,2,950.00000
2652,,PRODUCTIONBATCH,105,01189,,0,,0001,8,807.80303
2653,,Productions,105,03221,0001,200,142.10920,0001,200,142.10916
2654,,PACKING,109,00314,,0,,0001,40,1224.57750
2655,,PACKINGBATCH,109,02014,,0,,0001,40,392.56410
2656,,PACKINGBATCH,109,02371,,0,,0001,64,40.00000
2657,,PACKINGBATCH,109,03221,,0,,0001,200,142.10916
2658,,PACKINGBATCH,109,02004,,0,,0001,10,229.87145
2659,,PACKING,109,00314,0001,40,1224.57750,0001,40,1224.57776
2660,,PurchasesBatch,53,02267,,0,,0001,24,40.00000
2661,,PurchasesBatch,53,02271,,0,,0001,24,40.00000
2662,,PurchasesBatch,53,02272,,0,,0001,64,40.00000
2663,,PurchasesBatch,53,02350,,0,,0001,64,40.00000
2664,,PurchasesBatch,53,02026,,0,,0001,144,60.00000
2665,,PurchasesBatch,53,02148,,0,,0001,12,140.00000
2666,,PurchasesBatch,53,02268,,0,,0001,26,90.00000
2667,,PurchasesBatch,53,02351,,0,,0001,12,140.00000
2668,,PurchasesBatch,54,01020,,0,,0001,700,350.00000
2669,,PurchasesBatch,55,02004,,0,,0001,313,235.00000
2670,,PurchasesBatch,56,02004,,0,,0001,31,227.00000
2671,,PurchasesBatch,57,02014,,0,,0001,255,390.00000
2672,,PurchasesBatch,58,01072,,0,,0001,10,9500.00000
2673,,Productions,106,03122,,0,,0001,80,75.30663
2674,,PRODUCTIONBATCH,106,01009,,0,,0001,0,2063.65933
2675,,PRODUCTIONBATCH,106,01012,,0,,0001,0,4000.00000
2676,,PRODUCTIONBATCH,106,01020,,0,,0001,8,350.00000
2677,,PRODUCTIONBATCH,106,01028,,0,,0001,1,1650.00000
2678,,PRODUCTIONBATCH,106,01041,,0,,0001,0,649.76072
2679,,PRODUCTIONBATCH,106,01043,,0,,0001,0,13.75000
2680,,PRODUCTIONBATCH,106,01045,,0,,0001,1,421.69511
2681,,Productions,106,03122,0001,80,75.30663,0001,80,75.30670
2682,,PACKING,110,00170,,0,,0001,16,885.65750
2683,,PACKINGBATCH,110,02014,,0,,0001,16,390.69597
2684,,PACKINGBATCH,110,02267,,0,,0001,24,40.00000
2685,,PACKINGBATCH,110,03122,,0,,0001,80,75.30670
2686,,PACKINGBATCH,110,02004,,0,,0001,4,233.70999
2687,,PACKING,110,00170,0001,16,885.65750,0001,16,885.65697
2688,,Productions,107,03120,,0,,0001,60,55.59400
2689,,PRODUCTIONBATCH,107,01041,,0,,0001,0,649.76072
2690,,PRODUCTIONBATCH,107,01052,,0,,0001,0,14500.00000
2691,,PRODUCTIONBATCH,107,01055,,0,,0001,1,1545.25872
2692,,PRODUCTIONBATCH,107,01058,,0,,0001,0,1468.44181
2693,,Productions,107,03120,0001,60,55.59400,0001,60,55.59393
2694,,PACKING,111,00266,,0,,0001,12,807.09333
2695,,PACKINGBATCH,111,02014,,0,,0001,12,390.69597
2696,,PACKINGBATCH,111,02271,,0,,0001,24,40.00000
2697,,PACKINGBATCH,111,03120,,0,,0001,60,55.59393
2698,,PACKINGBATCH,111,02004,,0,,0001,3,233.70999
2699,,PACKING,111,00266,0001,12,807.09333,0001,12,807.09312
2700,,Productions,108,03003,,0,,0001,60,181.53300
2701,,PRODUCTIONBATCH,108,01013,,0,,0001,0,208.59512
2702,,PRODUCTIONBATCH,108,01022,,0,,0001,0,4000.00000
2703,,PRODUCTIONBATCH,108,01038,,0,,0001,15,650.00000
2704,,PRODUCTIONBATCH,108,01043,,0,,0001,0,13.75000
2705,,PRODUCTIONBATCH,108,01056,,0,,0001,0,18697.38365
2706,,PRODUCTIONBATCH,108,01058,,0,,0001,0,1468.44181
2707,,PRODUCTIONBATCH,108,01060,,0,,0001,0,950.00000
2708,,Productions,108,03003,0001,60,181.53300,0001,60,181.53284
2709,,PACKING,112,00049,,0,,0001,12,1356.78750
2710,,PACKINGBATCH,112,02014,,0,,0001,12,390.69597
2711,,PACKINGBATCH,112,03003,,0,,0001,60,181.53284
2712,,PACKINGBATCH,112,02004,,0,,0001,3,233.70999
2713,,PACKING,112,00049,0001,12,1356.78750,0001,12,1356.78767
2714,,Productions,109,03119,,0,,0001,160,98.91150
2715,,PRODUCTIONBATCH,109,01004,,0,,0001,2,400.00000
2716,,PRODUCTIONBATCH,109,01044,,0,,0001,2,128.25244
2717,,PRODUCTIONBATCH,109,01045,,0,,0001,2,421.69511
2718,,PRODUCTIONBATCH,109,01050,,0,,0001,0,3036.10146
2719,,PRODUCTIONBATCH,109,01055,,0,,0001,8,1545.25872
2720,,PRODUCTIONBATCH,109,01058,,0,,0001,1,1468.44181
2721,,Productions,109,03119,0001,160,98.91150,0001,160,98.91146
2722,,PACKING,113,00180,,0,,0001,32,983.68063
2723,,PACKINGBATCH,113,02014,,0,,0001,32,390.69597
2724,,PACKINGBATCH,113,02272,,0,,0001,32,40.00000
2725,,PACKINGBATCH,113,03119,,0,,0001,160,98.91146
2726,,PACKINGBATCH,113,02004,,0,,0001,8,233.70999
2727,,PACKING,113,00180,0001,32,983.68063,0001,32,983.68077
2728,,Productions,110,03206,,0,,0001,180,106.78667
2729,,PRODUCTIONBATCH,110,01010,,0,,0001,2,2800.00000
2730,,PRODUCTIONBATCH,110,01012,,0,,0001,0,4000.00000
2731,,PRODUCTIONBATCH,110,01034,,0,,0001,4,513.15579
2732,,PRODUCTIONBATCH,110,01041,,0,,0001,0,649.76072
2733,,PRODUCTIONBATCH,110,01045,,0,,0001,9,421.69511
2734,,PRODUCTIONBATCH,110,01058,,0,,0001,0,1468.44181
2735,,PRODUCTIONBATCH,110,01184,,0,,0001,10,366.66957
2736,,Productions,110,03206,0001,180,106.78667,0001,180,106.78664
2737,,PACKING,114,00295,,0,,0001,36,1054.16778
2738,,PACKINGBATCH,114,02014,,0,,0001,36,390.69597
2739,,PACKINGBATCH,114,02350,,0,,0001,64,40.00000
2740,,PACKINGBATCH,114,03206,,0,,0001,180,106.78664
2741,,PACKINGBATCH,114,02004,,0,,0001,9,233.70999
2742,,PACKING,114,00295,0001,36,1054.16778,0001,36,1054.16778
2743,,Productions,111,03020,,0,,0001,500,343.80818
2744,,PRODUCTIONBATCH,111,01004,,0,,0001,0,400.00000
2745,,PRODUCTIONBATCH,111,01010,,0,,0001,5,2800.00000
2746,,PRODUCTIONBATCH,111,01011,,0,,0001,10,4827.19531
2747,,PRODUCTIONBATCH,111,01012,,0,,0001,0,4000.00000
2748,,PRODUCTIONBATCH,111,01020,,0,,0001,5,350.00000
2749,,PRODUCTIONBATCH,111,01021,,0,,0001,5,399.62005
2750,,PRODUCTIONBATCH,111,01046,,0,,0001,7,13130.72776
2751,,PRODUCTIONBATCH,111,01058,,0,,0001,2,1468.44181
2752,,PRODUCTIONBATCH,111,01184,,0,,0001,10,366.66957
2753,,Productions,111,03020,0001,500,343.80818,0001,500,343.80818
2754,,PACKING,115,00047,,0,,0001,100,2254.56440
2755,,PACKINGBATCH,115,02014,,0,,0001,100,390.69597
2756,,PACKINGBATCH,115,02026,,0,,0001,144,60.00000
2757,,PACKINGBATCH,115,03020,,0,,0001,500,343.80818
2758,,PACKINGBATCH,115,02004,,0,,0001,25,233.70999
2759,,PACKING,115,00047,0001,100,2254.56440,0001,100,2254.56437
2760,,Productions,112,03207,,0,,0001,275,13.46105
2761,,PRODUCTIONBATCH,112,01003,,0,,0001,275,13.46106
2762,,Productions,112,03207,0001,275,13.46105,0001,275,13.46106
2763,,PACKING,116,00296,,0,,0001,11,644.25364
2764,,PACKINGBATCH,116,02307,,0,,0001,11,155.00000
2765,,PACKINGBATCH,116,02351,,0,,0001,12,140.00000
2766,,PACKINGBATCH,116,03207,,0,,0001,275,13.46106
2767,,PACKING,116,00296,0001,11,644.25364,0001,11,644.25377
2768,,PurchasesBatch,59,02014,,0,,0001,340,390.00000
2769,,PurchasesBatch,60,01190,,0,,0001,18400,11.50000
2770,,PurchasesBatch,60,01015,,0,,0001,2500,17.00000
2771,,PurchasesBatch,61,02128,,0,,0001,150,1066.00000
2772,,PurchasesBatch,62,02160,,0,,0001,130,90.00000
2773,,Productions,113,03002,,0,,0001,5000,11.73000
2774,,PRODUCTIONBATCH,113,01190,,0,,0001,5100,11.50000
2775,,Productions,113,03002,0001,5000,11.73000,0001,5000,11.73000
2776,,PACKING,117,00019,,0,,0001,200,373.25000
2777,,PACKINGBATCH,117,02034,,0,,0001,200,80.00000
2778,,PACKINGBATCH,117,03002,,0,,0001,5000,11.73000
2779,,PACKING,117,00019,0001,200,373.25000,0001,200,373.25000
2780,,Productions,114,03113,,0,,0001,5000,11.61500
2781,,PRODUCTIONBATCH,114,01190,,0,,0001,5050,11.50000
2782,,Productions,114,03113,0001,5000,11.61500,0001,5000,11.61500
2783,,PACKING,118,00156,,0,,0001,200,290.37500
2784,,PACKINGBATCH,118,03113,,0,,0001,5000,11.61500
2785,,PACKING,118,00156,0001,200,290.37500,0001,200,290.37500
2786,,Productions,115,03163,,0,,0001,1750,17.48571
2787,,PRODUCTIONBATCH,115,01015,,0,,0001,1800,17.00000
2788,,Productions,115,03163,0001,1750,17.48571,0001,1750,17.48571
2789,,PACKING,119,00231,,0,,0001,70,517.14271
2790,,PACKINGBATCH,119,02274,,0,,0001,70,80.00000
2791,,PACKINGBATCH,119,03163,,0,,0001,1750,17.48571
2792,,PACKING,119,00231,0001,70,517.14271,0001,70,517.14275
2793,,Productions,116,03087,,0,,0001,550,19.90667
2794,,PRODUCTIONBATCH,116,01009,,0,,0001,0,2063.65933
2795,,PRODUCTIONBATCH,116,01013,,0,,0001,0,208.59512
2796,,PRODUCTIONBATCH,116,01016,,0,,0001,440,10.00000
2797,,PRODUCTIONBATCH,116,01042,,0,,0001,5,167.20014
2798,,PRODUCTIONBATCH,116,01050,,0,,0001,0,3036.10146
2799,,PRODUCTIONBATCH,116,01052,,0,,0001,0,14500.00000
2800,,PRODUCTIONBATCH,116,01053,,0,,0001,0,17499.52012
2801,,PRODUCTIONBATCH,116,01054,,0,,0001,0,17499.10934
2802,,PRODUCTIONBATCH,116,01143,,0,,0001,0,3200.00000
2803,,Productions,116,03087,0001,550,19.90667,0001,550,19.90668
2804,,PACKING,120,00125,,0,,0001,22,652.66682
2805,,PACKINGBATCH,120,02307,,0,,0001,22,155.00000
2806,,PACKINGBATCH,120,03087,,0,,0001,550,19.90668
2807,,PACKING,120,00125,0001,22,652.66682,0001,22,652.66700
2808,,Productions,117,03182,,0,,0001,125,20.32672
2809,,PRODUCTIONBATCH,117,01009,,0,,0001,0,2063.65933
2810,,PRODUCTIONBATCH,117,01013,,0,,0001,0,208.59512
2811,,PRODUCTIONBATCH,117,01016,,0,,0001,100,10.00000
2812,,PRODUCTIONBATCH,117,01042,,0,,0001,1,167.20014
2813,,PRODUCTIONBATCH,117,01043,,0,,0001,17,13.75000
2814,,PRODUCTIONBATCH,117,01050,,0,,0001,0,3036.10146
2815,,PRODUCTIONBATCH,117,01053,,0,,0001,0,17499.52012
2816,,PRODUCTIONBATCH,117,01054,,0,,0001,0,17499.10934
2817,,PRODUCTIONBATCH,117,01143,,0,,0001,0,3200.00000
2818,,Productions,117,03182,0001,125,20.32672,0001,125,20.32668
2819,,PACKING,121,00258,,0,,0001,5,508.16800
2820,,PACKINGBATCH,121,03182,,0,,0001,125,20.32668
2821,,PACKING,121,00258,0001,5,508.16800,0001,5,508.16700
2822,,Productions,118,03162,,0,,0001,600,52.13148
2823,,PRODUCTIONBATCH,118,01009,,0,,0001,1,2063.65933
2824,,PRODUCTIONBATCH,118,01020,,0,,0001,60,350.00000
2825,,PRODUCTIONBATCH,118,01021,,0,,0001,15,399.62005
2826,,PRODUCTIONBATCH,118,01060,,0,,0001,0,950.00000
2827,,Productions,118,03162,0001,600,52.13148,0001,600,52.13148
2828,,PACKING,122,00228,,0,,0001,24,2466.78708
2829,,PACKINGBATCH,122,02128,,0,,0001,24,1066.00000
2830,,PACKINGBATCH,122,02268,,0,,0001,26,90.00000
2831,,PACKINGBATCH,122,03162,,0,,0001,600,52.13148
2832,,PACKING,122,00228,0001,24,2466.78708,0001,24,2466.78700
2833,,PurchasesBatch,63,02128,,0,,0001,224,1066.00000
2834,,PurchasesBatch,64,02332,,0,,0001,80,80.00000
2835,,PurchasesBatch,64,02342,,0,,0001,80,80.00000
2836,,PurchasesBatch,64,02337,,0,,0001,80,80.00000
2837,,PurchasesBatch,64,00374,,0,,0001,20,75.00000
2838,,PurchasesBatch,65,02097,,0,,0001,180,230.00000
2839,,Productions,119,03025,,0,,0001,1156,54.15362
2840,,PRODUCTIONBATCH,119,01020,,0,,0001,20,350.00000
2841,,PRODUCTIONBATCH,119,01021,,0,,0001,10,399.62005
2842,,PRODUCTIONBATCH,119,01028,,0,,0001,10,1650.00000
2843,,PRODUCTIONBATCH,119,01038,,0,,0001,15,650.00000
2844,,PRODUCTIONBATCH,119,01045,,0,,0001,40,421.69511
2845,,PRODUCTIONBATCH,119,01058,,0,,0001,5,1468.44181
2846,,Productions,119,03025,0001,1156,54.15362,0001,1156,54.15363
2847,,PACKING,123,00184,,0,,0001,156,316.04468
2848,,PACKINGBATCH,123,02097,,0,,0001,156,230.00000
2849,,PACKINGBATCH,123,02399,,0,,0001,110,20.00000
2850,,PACKINGBATCH,123,03025,,0,,0001,156,54.15363
2851,,PACKINGBATCH,123,02059,,0,,0001,15,185.00000
2852,,PACKING,123,00184,0001,156,316.04468,0001,156,316.04466
2853,,PACKING,124,00053,,0,,0001,200,748.73780
2854,,PACKINGBATCH,124,02014,,0,,0001,200,390.20504
2855,,PACKINGBATCH,124,02106,,0,,0001,270,20.00000
2856,,PACKINGBATCH,124,03025,,0,,0001,1000,54.15363
2857,,PACKINGBATCH,124,02004,,0,,0001,52,233.70999
2858,,PACKING,124,00053,0001,200,748.73780,0001,200,748.73779
2859,,Productions,120,03089,,0,,0001,30,114.96833
2860,,PRODUCTIONBATCH,120,01017,,0,,0001,0,3370.67997
2861,,PRODUCTIONBATCH,120,01031,,0,,0001,0,6500.00000
2862,,PRODUCTIONBATCH,120,01036,,0,,0001,0,750.00000
2863,,PRODUCTIONBATCH,120,01041,,0,,0001,0,649.76072
2864,,PRODUCTIONBATCH,120,01045,,0,,0001,0,421.69511
2865,,PRODUCTIONBATCH,120,01048,,0,,0001,0,1500.00000
2866,,PRODUCTIONBATCH,120,01058,,0,,0001,0,1468.44181
2867,,Productions,120,03089,0001,30,114.96833,0001,30,114.96842
2868,,PACKING,125,00129,,0,,0001,6,1062.95000
2869,,PACKINGBATCH,125,02014,,0,,0001,6,390.20504
2870,,PACKINGBATCH,125,02131,,0,,0001,6,20.00000
2871,,PACKINGBATCH,125,03089,,0,,0001,30,114.96842
2872,,PACKINGBATCH,125,02004,,0,,0001,2,233.70999
2873,,PACKING,125,00129,0001,6,1062.95000,0001,6,1062.95047
2874,,OpeningBatch,81,00019,0001,56,1440.00000,0001,56,1440.00000
2875,,OpeningBatch,101,00363,0001,934,14000.00000,0001,934,14000.00000
2876,,OpeningBatch,102,00357,0001,2,10000.00000,0001,2,10000.00000
2877,,OpeningBatch,103,00053,0001,4,9000.00000,0001,4,9000.00000
2878,,OpeningBatch,108,00124,0001,24,5000.00000,0001,66,5000.00000
2879,,Productions,121,03215,,0,,0001,220,563.94641
2880,,PRODUCTIONBATCH,121,01045,,0,,0001,55,421.69511
2881,,PRODUCTIONBATCH,121,01058,,0,,0001,0,1468.44181
2882,,PRODUCTIONBATCH,121,01072,,0,,0001,3,9500.00000
2883,,PRODUCTIONBATCH,121,01189,,0,,0001,80,807.80303
2884,,PRODUCTIONBATCH,121,01201,,0,,0001,9,704.95924
2885,,Productions,121,03215,0001,220,563.94641,0001,220,563.94646
2886,,PACKING,126,00307,,0,,0001,44,3331.85818
2887,,PACKINGBATCH,126,02014,,0,,0001,44,390.20504
2888,,PACKINGBATCH,126,02364,,0,,0001,64,40.00000
2889,,PACKINGBATCH,126,03215,,0,,0001,220,563.94646
2890,,PACKINGBATCH,126,02004,,0,,0001,12,233.70999
2891,,PACKING,126,00307,0001,44,3331.85818,0001,44,3331.85825
2892,,Productions,122,03104,,0,,0001,3250,69.91882
2893,,PRODUCTIONBATCH,122,01009,,0,,0001,15,2063.65933
2894,,PRODUCTIONBATCH,122,01020,,0,,0001,500,350.00000
2895,,PRODUCTIONBATCH,122,01021,,0,,0001,25,399.62005
2896,,PRODUCTIONBATCH,122,01060,,0,,0001,0,950.00000
2897,,PRODUCTIONBATCH,122,01028,,0,,0001,5,1650.00000
2898,,PRODUCTIONBATCH,122,01034,,0,,0001,5,513.15579
2899,,Productions,122,03104,0001,3250,69.91882,0001,3250,69.91882
2900,,PACKING,127,00147,,0,,0001,130,2903.97054
2901,,PACKINGBATCH,127,02128,,0,,0001,130,1066.00000
2902,,PACKINGBATCH,127,02160,,0,,0001,130,90.00000
2903,,PACKINGBATCH,127,03104,,0,,0001,3250,69.91882
2904,,PACKING,127,00147,0001,130,2903.97054,0001,130,2903.97050
2905,,Productions,123,03245,,0,,0001,1350,79.49356
2906,,PRODUCTIONBATCH,123,01009,,0,,0001,4,2063.65933
2907,,PRODUCTIONBATCH,123,01020,,0,,0001,250,350.00000
2908,,PRODUCTIONBATCH,123,01021,,0,,0001,4,399.62005
2909,,PRODUCTIONBATCH,123,01028,,0,,0001,1,1650.00000
2910,,PRODUCTIONBATCH,123,01038,,0,,0001,8,650.00000
2911,,PRODUCTIONBATCH,123,01186,,0,,0001,60,36.66667
2912,,PRODUCTIONBATCH,123,01187,,0,,0001,4,200.00000
2913,,Productions,123,03245,0001,1350,79.49356,0001,1350,79.49356
2914,,PACKING,128,00344,,0,,0001,54,3053.33907
2915,,PACKINGBATCH,128,02128,,0,,0001,54,1066.00000
2916,,PACKINGBATCH,128,03245,,0,,0001,1350,79.49356
2917,,PACKING,128,00344,0001,54,3053.33907,0001,54,3053.33900
2918,,Productions,124,03098,,0,,0001,250,13.46108
2919,,PRODUCTIONBATCH,124,01003,,0,,0001,250,13.46106
2920,,Productions,124,03098,0001,250,13.46108,0001,250,13.46106
2921,,PACKING,129,00139,,0,,0001,10,659.52700
2922,,PACKINGBATCH,129,02148,,0,,0001,12,140.00000
2923,,PACKINGBATCH,129,02307,,0,,0001,10,155.00000
2924,,PACKINGBATCH,129,03098,,0,,0001,250,13.46106
2925,,PACKING,129,00139,0001,10,659.52700,0001,10,659.52650
2926,,PurchasesBatch,66,01047,,0,,0001,150,80.00000
2927,,PurchasesBatch,66,01002,,0,,0001,25,200.00000
2928,,Productions,125,03194,,0,,0001,260,91.59665
2929,,PRODUCTIONBATCH,125,01009,,0,,0001,3,2063.65933
2930,,PRODUCTIONBATCH,125,01010,,0,,0001,2,2800.00000
2931,,PRODUCTIONBATCH,125,01020,,0,,0001,2,350.00000
2932,,PRODUCTIONBATCH,125,01021,,0,,0001,1,399.62005
2933,,PRODUCTIONBATCH,125,01028,,0,,0001,1,1650.00000
2934,,PRODUCTIONBATCH,125,01045,,0,,0001,5,421.69511
2935,,PRODUCTIONBATCH,125,01058,,0,,0001,1,1468.44181
2936,,PRODUCTIONBATCH,125,01105,,0,,0001,0,398.30445
2937,,PRODUCTIONBATCH,125,01115,,0,,0001,0,1200.00000
2938,,PRODUCTIONBATCH,125,01184,,0,,0001,4,366.66957
2939,,Productions,125,03194,0001,260,91.59665,0001,260,91.59664
2940,,PACKING,130,00281,,0,,0001,52,1034.18712
2941,,PACKINGBATCH,130,02014,,0,,0001,52,390.20504
2942,,PACKINGBATCH,130,02337,,0,,0001,80,80.00000
2943,,PACKINGBATCH,130,03194,,0,,0001,260,91.59664
2944,,PACKINGBATCH,130,02004,,0,,0001,14,233.70999
2945,,PACKING,130,00281,0001,52,1034.18712,0001,52,1034.18708
2946,,Productions,126,03191,,0,,0001,260,47.08365
2947,,PRODUCTIONBATCH,126,01009,,0,,0001,0,2063.65933
2948,,PRODUCTIONBATCH,126,01010,,0,,0001,2,2800.00000
2949,,PRODUCTIONBATCH,126,01012,,0,,0001,0,4000.00000
2950,,PRODUCTIONBATCH,126,01020,,0,,0001,0,350.00000
2951,,PRODUCTIONBATCH,126,01021,,0,,0001,0,399.62005
2952,,PRODUCTIONBATCH,126,01045,,0,,0001,5,421.69511
2953,,PRODUCTIONBATCH,126,01058,,0,,0001,1,1468.44181
2954,,PRODUCTIONBATCH,126,01105,,0,,0001,0,398.30445
2955,,PRODUCTIONBATCH,126,01115,,0,,0001,0,1200.00000
2956,,Productions,126,03191,0001,260,47.08365,0001,260,47.08371
2957,,PACKING,131,00276,,0,,0001,52,811.62231
2958,,PACKINGBATCH,131,02014,,0,,0001,52,390.20504
2959,,PACKINGBATCH,131,02332,,0,,0001,80,80.00000
2960,,PACKINGBATCH,131,03191,,0,,0001,260,47.08371
2961,,PACKINGBATCH,131,02004,,0,,0001,14,233.70999
2962,,PACKING,131,00276,0001,52,811.62231,0001,52,811.62243
2963,,Productions,127,03266,,0,,0001,100,18.70040
2964,,PRODUCTIONBATCH,127,01009,,0,,0001,0,2063.65933
2965,,PRODUCTIONBATCH,127,01013,,0,,0001,0,208.59512
2966,,PRODUCTIONBATCH,127,01034,,0,,0001,0,513.15579
2967,,PRODUCTIONBATCH,127,01045,,0,,0001,1,421.69511
2968,,PRODUCTIONBATCH,127,01058,,0,,0001,0,1468.44181
2969,,Productions,127,03266,0001,100,18.70040,0001,100,18.70036
2970,,PACKING,132,00372,,0,,0001,20,646.13450
2971,,PACKINGBATCH,132,02014,,0,,0001,20,390.20504
2972,,PACKINGBATCH,132,02436,,0,,0001,52,40.00000
2973,,PACKINGBATCH,132,03266,,0,,0001,100,18.70036
2974,,PACKINGBATCH,132,02004,,0,,0001,5,233.70999
2975,,PACKING,132,00372,0001,20,646.13450,0001,20,646.13434
2976,,Productions,128,03267,,0,,0001,125,126.71840
2977,,PRODUCTIONBATCH,128,01023,,0,,0001,0,7043.77043
2978,,PRODUCTIONBATCH,128,01025,,0,,0001,0,7200.00000
2979,,PRODUCTIONBATCH,128,01028,,0,,0001,1,1650.00000
2980,,PRODUCTIONBATCH,128,01038,,0,,0001,1,650.00000
2981,,PRODUCTIONBATCH,128,01045,,0,,0001,12,421.69511
2982,,PRODUCTIONBATCH,128,01058,,0,,0001,0,1468.44181
2983,,Productions,128,03267,0001,125,126.71840,0001,125,126.71836
2984,,PACKING,133,00373,,0,,0001,5,4341.96000
2985,,PACKINGBATCH,133,02128,,0,,0001,5,1066.00000
2986,,PACKINGBATCH,133,02437,,0,,0001,6,90.00000
2987,,PACKINGBATCH,133,03267,,0,,0001,125,126.71836
2988,,PACKING,133,00373,0001,5,4341.96000,0001,5,4341.95900
2989,,SALESBATCH,23,00194,,0,,0001,48,714.10000
2990,,SALESBATCH,24,00276,,0,,0001,40,864.73088
2991,,SALESBATCH,24,00278,,0,,0001,20,1409.97610
2992,,SALESBATCH,24,00281,,0,,0001,32,1052.10963
2993,,SALESBATCH,24,00280,,0,,0001,32,1845.28956
2994,,SALESBATCH,24,00274,,0,,0001,100,2626.85521
2995,,SALESBATCH,25,00022,,0,,0001,10,491.52650
2996,,SALESBATCH,26,00016,,0,,0001,200,584.06435
2997,,SALESBATCH,26,00231,,0,,0001,100,519.82554
2998,,SALESBATCH,26,00212,,0,,0001,49,1462.34075
2999,,SALESBATCH,26,00220,,0,,0001,50,610.27135
3000,,SALESBATCH,26,00369,,0,,0001,480,270.45352
3001,,SALESBATCH,26,00032,,0,,0001,180,226.28706
3002,,SALESBATCH,26,00010,,0,,0001,2000,27.38060
3003,,SALESBATCH,26,00259,,0,,0001,2400,24.19121
3004,,SALESBATCH,26,00030,,0,,0001,750,32.89546
3005,,SALESBATCH,26,00257,,0,,0001,1000,28.78459
3006,,SALESBATCH,26,00008,,0,,0001,1077,34.36715
3007,,SALESBATCH,26,00233,,0,,0001,2000,25.26363
3008,,SALESBATCH,26,00013,,0,,0001,381,26.18735
3009,,SALESBATCH,27,00369,,0,,0001,96,270.45352
3010,,SALESBATCH,28,00369,,0,,0001,192,270.45352
3011,,SALESBATCH,29,00369,,0,,0001,288,270.45352
3012,,SALESBATCH,30,00369,,0,,0001,288,270.45352
3013,,SALESBATCH,31,00051,,0,,0001,24,1138.75158
3014,,SALESBATCH,31,00226,,0,,0001,24,608.10062
3015,,SALESBATCH,31,00260,,0,,0001,16,802.78673
3016,,SALESBATCH,31,00330,,0,,0001,32,993.03441
3017,,SALESBATCH,32,00220,,0,,0001,40,610.27135
3018,,SALESBATCH,32,00022,,0,,0001,20,491.52650
3019,,SALESBATCH,33,00028,,0,,0001,100,1651.01625
3020,,SALESBATCH,34,00318,,0,,0001,240,266.70365
3021,,SALESBATCH,35,00265,,0,,0001,960,59.16266
3022,,SALESBATCH,35,00008,,0,,0001,400,34.36715
3023,,SALESBATCH,36,00369,,0,,0001,384,270.45352
3024,,SALESBATCH,37,00292,,0,,0001,80,1029.42161
3025,,SALESBATCH,37,00370,,0,,0001,120,164.04268
3026,,SALESBATCH,38,00086,,0,,0001,240,428.25414
3027,,OpeningBatch,81,00019,0001,56,1440.00000,0001,56,1440.00000
3028,,OpeningBatch,101,00363,0001,934,14000.00000,0001,934,14000.00000
3029,,OpeningBatch,102,00357,0001,2,10000.00000,0001,2,10000.00000
3030,,OpeningBatch,103,00053,0001,4,9000.00000,0001,4,9000.00000
3031,,OpeningBatch,108,00124,0001,66,5000.00000,0001,66,5000.00000
3032,,OpeningBatch,111,00369,,0,,0001,288,300.00000
3033,,SALESBATCH,39,00369,,0,,0001,384,285.22676
3034,,SALESBATCH,39,00363,,0,,0001,4,14000.00000
3035,,SALESBATCH,40,00369,,0,,0001,96,285.22676
3036,,SALESBATCH,41,00233,,0,,0001,200,25.26363
3037,,SALESBATCH,41,00259,,0,,0001,1440,24.19121
3038,,SALESBATCH,41,00050,,0,,0001,24,396.73573
3039,,SALESBATCH,41,00020,,0,,0001,100,54.26106
3040,,SALESBATCH,41,00016,,0,,0001,30,584.06435
3041,,SALESBATCH,41,00258,,0,,0001,10,447.28334
3042,,SALESBATCH,41,00030,,0,,0001,250,32.89546
3043,,SALESBATCH,41,00032,,0,,0001,60,226.28706
3044,,SALESBATCH,41,00010,,0,,0001,200,27.38060
3045,,SALESBATCH,41,00369,,0,,0001,96,285.22676
3046,,SALESBATCH,42,00243,,0,,0001,20,519.01375
3047,,SALESBATCH,43,00016,,0,,0001,20,584.06435
3048,,SALESBATCH,43,00220,,0,,0001,10,610.27135
3049,,SALESBATCH,44,00259,,0,,0001,1144,24.19121
3050,,SALESBATCH,45,00315,,0,,0001,100,734.02400
3051,,SALESBATCH,46,00138,,0,,0001,80,821.24424
3052,,SALESBATCH,46,00189,,0,,0001,56,1183.55861
3053,,SALESBATCH,47,00208,,0,,0001,360,275.23469
3054,,SALESBATCH,48,00273,,0,,0001,20,1021.52650
3055,,SALESBATCH,48,00285,,0,,0001,150,247.23300
3056,,SALESBATCH,48,00371,,0,,0001,20,1928.84105
3057,,SALESBATCH,49,00231,,0,,0001,2,519.82554
3058,,SALESBATCH,49,00040,,0,,0001,2,744.02650
3059,,SALESBATCH,50,00177,,0,,0001,92,814.28556
3060,,SALESBATCH,50,00136,,0,,0001,44,840.59492
3061,,SALESBATCH,50,00144,,0,,0001,84,977.62769
3062,,SALESBATCH,50,00129,,0,,0001,44,1053.26456
3063,,SALESBATCH,50,00135,,0,,0001,128,2080.88856
3064,,SALESBATCH,50,00130,,0,,0001,4,1299.23058
3065,,SALESBATCH,51,00130,,0,,0001,116,1299.23058
3066,,SALESBATCH,51,00132,,0,,0001,59,901.51504
3067,,SALESBATCH,51,00145,,0,,0001,164,1156.14839
3068,,SALESBATCH,51,00133,,0,,0001,60,1869.74500
3069,,SALESBATCH,51,00349,,0,,0001,80,1094.71456
3070,,SALESBATCH,51,00131,,0,,0001,160,1079.04997
3071,,SALESBATCH,51,00260,,0,,0001,92,802.78673
3072,,SALESBATCH,51,00314,,0,,0001,40,1224.57776
3073,,SALESBATCH,52,00363,,0,,0001,10,14000.00000
3074,,SALESBATCH,53,00170,,0,,0001,16,885.65697
3075,,SALESBATCH,53,00266,,0,,0001,12,807.09312
3076,,SALESBATCH,54,00049,,0,,0001,12,1356.78767
3077,,SALESBATCH,55,00295,,0,,0001,36,1054.16778
3078,,SALESBATCH,55,00296,,0,,0001,11,644.25377
3079,,SALESBATCH,56,00180,,0,,0001,32,983.68077
3080,,SALESBATCH,57,00047,,0,,0001,100,2254.56437
3081,,SALESBATCH,58,00363,,0,,0001,10,14000.00000
3082,,SALESBATCH,59,00019,,0,,0001,200,373.25000
3083,,SALESBATCH,60,00156,,0,,0001,200,290.37500
3084,,SALESBATCH,61,00231,,0,,0001,50,519.82554
3085,,SALESBATCH,62,00125,,0,,0001,22,652.66700
3086,,SALESBATCH,63,00231,,0,,0001,20,519.82554
3087,,SALESBATCH,63,00258,,0,,0001,5,447.28334
3088,,SALESBATCH,64,00228,,0,,0001,24,2466.78700
3089,,SALESBATCH,65,00053,,0,,0001,200,748.73779
3090,,SALESBATCH,65,00184,,0,,0001,156,316.04466
3091,,SALESBATCH,65,00129,,0,,0001,6,1053.26456
3092,,SALESBATCH,65,00124,,0,,0001,42,5000.00000
3093,,SALESBATCH,65,00307,,0,,0001,44,3331.85825
3094,,SALESBATCH,65,00147,,0,,0001,130,2903.97050
3095,,SALESBATCH,65,00344,,0,,0001,54,3053.33900
3096,,SALESBATCH,66,00139,,0,,0001,10,659.52650
3097,,SALESBATCH,67,00281,,0,,0001,52,1052.10963
3098,,SALESBATCH,67,00276,,0,,0001,52,864.73088
3099,,SALESBATCH,67,00372,,0,,0001,20,646.13434
3100,,SALESBATCH,67,00373,,0,,0001,5,4341.95900
3101,,Productions,129,03197,,0,,0001,150,140.16467
3102,,PRODUCTIONBATCH,129,01002,,0,,0001,35,217.35906
3103,,PRODUCTIONBATCH,129,01004,,0,,0001,0,400.00000
3104,,PRODUCTIONBATCH,129,01047,,0,,0001,135,80.00000
3105,,PRODUCTIONBATCH,129,01055,,0,,0001,1,1545.25872
3106,,PRODUCTIONBATCH,129,01105,,0,,0001,0,398.30445
3107,,Productions,129,03197,0001,150,140.16467,0001,150,140.16462
3108,,PACKING,134,00285,,0,,0001,150,255.49793
3109,,PACKINGBATCH,134,02341,,0,,0001,160,30.00000
3110,,PACKINGBATCH,134,03197,,0,,0001,150,140.16462
3111,,PACKINGBATCH,134,00374,,0,,0001,20,75.00000
3112,,PACKINGBATCH,134,02140,,0,,0001,10,1100.00000
3113,,PACKING,134,00285,0001,150,255.49793,0001,150,255.49795
3114,,Productions,130,03198,,0,,0001,300,14.06720
3115,,PRODUCTIONBATCH,130,01010,,0,,0001,0,2800.00000
3116,,PRODUCTIONBATCH,130,01034,,0,,0001,0,513.15579
3117,,PRODUCTIONBATCH,130,01055,,0,,0001,0,1545.25872
3118,,PRODUCTIONBATCH,130,01058,,0,,0001,1,1468.44181
3119,,PRODUCTIONBATCH,130,01073,,0,,0001,0,520.00000
3120,,PRODUCTIONBATCH,130,01105,,0,,0001,0,398.30445
3121,,Productions,130,03198,0001,300,14.06720,0001,300,14.06721
3122,,PACKING,135,00286,,0,,0001,60,625.63517
3123,,PACKINGBATCH,135,02014,,0,,0001,60,390.20504
3124,,PACKINGBATCH,135,02342,,0,,0001,80,80.00000
3125,,PACKINGBATCH,135,03198,,0,,0001,300,14.06721
3126,,PACKINGBATCH,135,02004,,0,,0001,15,233.70999
3127,,PACKING,135,00286,0001,60,625.63517,0001,60,625.63525
3128,,SALESBATCH,68,00363,,0,,0001,7,14000.00000
3129,,SALESBATCH,69,00285,,0,,0001,150,255.49795
3130,,SALESBATCH,69,00286,,0,,0001,60,625.63525
3131,,PurchasesBatch,51,01002,,0,,0001,25,280.00000
3132,,PurchasesBatch,13,01189,,0,,0001,30,586.66667
3133,,PurchasesBatch,67,01003,,0,,0001,10000,13.00000
3134,,PurchasesBatch,68,01033,,0,,0001,2096,50.00000
3135,,PurchasesBatch,68,01059,,0,,0001,990,72.33333
3136,,Productions,131,03165,,0,,0001,20,11.64850
3137,,PRODUCTIONBATCH,131,01012,,0,,0001,0,4000.00000
3138,,PRODUCTIONBATCH,131,01021,,0,,0001,0,399.62005
3139,,PRODUCTIONBATCH,131,01041,,0,,0001,0,649.76072
3140,,PRODUCTIONBATCH,131,01044,,0,,0001,0,128.25244
3141,,PRODUCTIONBATCH,131,01058,,0,,0001,0,1468.44181
3142,,Productions,131,03165,0001,20,11.64850,0001,20,11.64833
3143,,PACKING,136,00233,,0,,0001,200,24.88755
3144,,PACKINGBATCH,136,02010,,0,,0001,200,9.12281
3145,,PACKINGBATCH,136,02278,,0,,0001,210,12.00000
3146,,PACKINGBATCH,136,03165,,0,,0001,20,11.64833
3147,,PACKINGBATCH,136,02006,,0,,0001,2,199.98987
3148,,PACKING,136,00233,0001,200,24.88755,0001,200,24.88754
3149,,Productions,132,03003,,0,,0001,60,34.71417
3150,,PRODUCTIONBATCH,132,01013,,0,,0001,0,208.59512
3151,,PRODUCTIONBATCH,132,01022,,0,,0001,0,4000.00000
3152,,PRODUCTIONBATCH,132,01038,,0,,0001,0,650.00000
3153,,PRODUCTIONBATCH,132,01048,,0,,0001,0,1500.00000
3154,,PRODUCTIONBATCH,132,01056,,0,,0001,0,18697.38365
3155,,PRODUCTIONBATCH,132,01058,,0,,0001,0,1468.44181
3156,,PRODUCTIONBATCH,132,01060,,0,,0001,0,950.00000
3157,,Productions,132,03003,0001,60,34.71417,0001,60,34.71409
3158,,PACKING,137,00032,,0,,0001,60,142.13083
3159,,PACKINGBATCH,137,02097,,0,,0001,24,230.00000
3160,,PACKINGBATCH,137,03003,,0,,0001,60,34.71409
3161,,PACKINGBATCH,137,02059,,0,,0001,5,185.00000
3162,,PACKING,137,00032,0001,60,142.13083,0001,60,142.13076
3163,,Productions,133,03014,,0,,0001,2500,13.48338
3164,,PRODUCTIONBATCH,133,01003,,0,,0001,2550,13.21900
3165,,Productions,133,03014,0001,2500,13.48338,0001,2500,13.48338
3166,,PACKING,138,00022,,0,,0001,100,492.08450
3167,,PACKINGBATCH,138,02033,,0,,0001,100,155.00000
3168,,PACKINGBATCH,138,03014,,0,,0001,2500,13.48338
3169,,PACKING,138,00022,0001,100,492.08450,0001,100,492.08450
3170,,PurchasesBatch,69,01190,,0,,0001,18400,11.50000
3171,,PurchasesBatch,70,01015,,0,,0001,1600,17.00000
3172,,PurchasesBatch,71,01059,,0,,0001,990,72.33333
3173,,PurchasesBatch,71,01007,,0,,0001,1500,35.00000
3174,,Productions,134,03134,,0,,0001,1250,11.96000
3175,,PRODUCTIONBATCH,134,01190,,0,,0001,1300,11.50000
3176,,Productions,134,03134,0001,1250,11.96000,0001,1250,11.96000
3177,,PACKING,139,00019,,0,,0001,50,379.00000
3178,,PACKINGBATCH,139,02034,,0,,0001,50,80.00000
3179,,PACKINGBATCH,139,03134,,0,,0001,1250,11.96000
3180,,PACKING,139,00019,0001,50,379.00000,0001,50,379.00000
3181,,Productions,135,03019,,0,,0001,50,23.11900
3182,,PRODUCTIONBATCH,135,01003,,0,,0001,50,13.21900
3183,,PRODUCTIONBATCH,135,01033,,0,,0001,5,50.00000
3184,,PRODUCTIONBATCH,135,01007,,0,,0001,7,35.00000
3185,,Productions,135,03019,0001,50,23.11900,0001,50,23.11900
3186,,PACKING,140,00040,,0,,0001,2,772.97500
3187,,PACKINGBATCH,140,02042,,0,,0001,2,40.00000
3188,,PACKINGBATCH,140,02213,,0,,0001,2,155.00000
3189,,PACKINGBATCH,140,03019,,0,,0001,50,23.11900
3190,,PACKING,140,00040,0001,2,772.97500,0001,2,772.97500
3191,,PurchasesBatch,72,02351,,0,,0001,30,140.00000
3192,,PurchasesBatch,72,02439,,0,,0001,32,40.00000
3193,,PurchasesBatch,72,02268,,0,,0001,22,90.00000
3194,,PurchasesBatch,72,02348,,0,,0001,40,40.00000
3195,,PurchasesBatch,72,02220,,0,,0001,40,40.00000
3196,,PurchasesBatch,72,02394,,0,,0001,80,40.00000
3197,,PurchasesBatch,72,02395,,0,,0001,80,40.00000
3198,,PurchasesBatch,72,02031,,0,,0001,64,40.00000
3199,,PurchasesBatch,72,02271,,0,,0001,32,40.00000
3200,,PurchasesBatch,72,02237,,0,,0001,64,40.00000
3201,,PurchasesBatch,73,02014,,0,,0001,340,440.00000
3202,,PurchasesBatch,73,02097,,0,,0001,600,230.00000
3203,,Productions,136,03269,,0,,0001,120,120.50425
3204,,PRODUCTIONBATCH,136,01002,,0,,0001,20,265.39659
3205,,PRODUCTIONBATCH,136,01034,,0,,0001,3,513.15579
3206,,PRODUCTIONBATCH,136,01044,,0,,0001,3,128.25244
3207,,PRODUCTIONBATCH,136,01045,,0,,0001,6,421.69511
3208,,PRODUCTIONBATCH,136,01055,,0,,0001,3,1545.25872
3209,,PRODUCTIONBATCH,136,01073,,0,,0001,0,520.00000
3210,,Productions,136,03269,0001,120,120.50425,0001,120,120.50419
3211,,PACKING,141,00376,,0,,0001,24,1148.12167
3212,,PACKINGBATCH,141,02014,,0,,0001,24,433.83980
3213,,PACKINGBATCH,141,02439,,0,,0001,32,40.00000
3214,,PACKINGBATCH,141,03269,,0,,0001,120,120.50419
3215,,PACKINGBATCH,141,02004,,0,,0001,6,233.70999
3216,,PACKING,141,00376,0001,24,1148.12167,0001,24,1148.12158
3217,,Productions,137,03142,,0,,0001,100,123.20910
3218,,PRODUCTIONBATCH,137,01009,,0,,0001,0,2063.65933
3219,,PRODUCTIONBATCH,137,01013,,0,,0001,2,208.59512
3220,,PRODUCTIONBATCH,137,01038,,0,,0001,15,650.00000
3221,,PRODUCTIONBATCH,137,01056,,0,,0001,0,18697.38365
3222,,PRODUCTIONBATCH,137,01060,,0,,0001,0,950.00000
3223,,PRODUCTIONBATCH,137,01104,,0,,0001,0,1100.00000
3224,,Productions,137,03142,0001,100,123.20910,0001,100,123.20906
3225,,PACKING,142,00197,,0,,0001,20,1199.99850
3226,,PACKINGBATCH,142,02014,,0,,0001,20,433.83980
3227,,PACKINGBATCH,142,02220,,0,,0001,40,40.00000
3228,,PACKINGBATCH,142,03142,,0,,0001,100,123.20906
3229,,PACKINGBATCH,142,02004,,0,,0001,6,233.70999
3230,,PACKING,142,00197,0001,20,1199.99850,0001,20,1199.99810
3231,,Productions,138,03205,,0,,0001,140,109.69700
3232,,PRODUCTIONBATCH,138,01009,,0,,0001,5,2063.65933
3233,,PRODUCTIONBATCH,138,01058,,0,,0001,0,1468.44181
3234,,PRODUCTIONBATCH,138,01045,,0,,0001,10,421.69511
3235,,Productions,138,03205,0001,140,109.69700,0001,140,109.69697
3236,,PACKING,143,00291,,0,,0001,28,1128.88357
3237,,PACKINGBATCH,143,02014,,0,,0001,30,433.83980
3238,,PACKINGBATCH,143,02348,,0,,0001,40,40.00000
3239,,PACKINGBATCH,143,03205,,0,,0001,140,109.69697
3240,,PACKINGBATCH,143,02004,,0,,0001,7,233.70999
3241,,PACKING,143,00291,0001,28,1128.88357,0001,28,1128.88356
3242,,Productions,139,03162,,0,,0001,500,27.03870
3243,,PRODUCTIONBATCH,139,01009,,0,,0001,1,2063.65933
3244,,PRODUCTIONBATCH,139,01020,,0,,0001,25,350.00000
3245,,PRODUCTIONBATCH,139,01021,,0,,0001,3,399.62005
3246,,PRODUCTIONBATCH,139,01060,,0,,0001,0,950.00000
3247,,Productions,139,03162,0001,500,27.03870,0001,500,27.03870
3248,,PACKING,144,00228,,0,,0001,20,1840.96750
3249,,PACKINGBATCH,144,02128,,0,,0001,20,1066.00000
3250,,PACKINGBATCH,144,02268,,0,,0001,22,90.00000
3251,,PACKINGBATCH,144,03162,,0,,0001,500,27.03870
3252,,PACKING,144,00228,0001,20,1840.96750,0001,20,1840.96750
3253,,Productions,140,03207,,0,,0001,625,13.74776
3254,,PRODUCTIONBATCH,140,01003,,0,,0001,650,13.21900
3255,,Productions,140,03207,0001,625,13.74776,0001,625,13.74776
3256,,PACKING,145,00296,,0,,0001,25,666.69400
3257,,PACKINGBATCH,145,02307,,0,,0001,25,155.00000
3258,,PACKINGBATCH,145,02351,,0,,0001,30,140.00000
3259,,PACKINGBATCH,145,03207,,0,,0001,625,13.74776
3260,,PACKING,145,00296,0001,25,666.69400,0001,25,666.69400
3261,,PurchasesBatch,74,02174,,0,,0001,508,100.00000
3262,,PurchasesBatch,75,01015,,0,,0001,10000,17.00000
3263,,Productions,141,03113,,0,,0001,10000,11.61500
3264,,PRODUCTIONBATCH,141,01190,,0,,0001,10100,11.50000
3265,,Productions,141,03113,0001,10000,11.61500,0001,10000,11.61500
3266,,PACKING,146,00156,,0,,0001,400,390.37500
3267,,PACKINGBATCH,146,02174,,0,,0001,400,100.00000
3268,,PACKINGBATCH,146,03113,,0,,0001,10000,11.61500
3269,,PACKING,146,00156,0001,400,390.37500,0001,400,390.37500
3270,,PurchasesBatch,76,01043,,0,,0001,1600,13.75000
3271,,PurchasesBatch,76,01044,,0,,0001,200,128.00000
3272,,PurchasesBatch,77,02258,,0,,0001,300,40.00000
3273,,Productions,142,03163,,0,,0001,2500,17.34000
3274,,PRODUCTIONBATCH,142,01015,,0,,0001,2550,17.00000
3275,,Productions,142,03163,0001,2500,17.34000,0001,2500,17.34000
3276,,PACKING,147,00231,,0,,0001,100,513.50000
3277,,PACKINGBATCH,147,02274,,0,,0001,100,80.00000
3278,,PACKINGBATCH,147,03163,,0,,0001,2500,17.34000
3279,,PACKING,147,00231,0001,100,513.50000,0001,100,513.50000
3280,,Productions,143,03046,,0,,0001,3750,21.88728
3281,,PRODUCTIONBATCH,143,01003,,0,,0001,100,13.21900
3282,,PRODUCTIONBATCH,143,01016,,0,,0001,1000,10.00000
3283,,PRODUCTIONBATCH,143,01044,,0,,0001,187,128.02872
3284,,PRODUCTIONBATCH,143,01015,,0,,0001,2750,17.00000
3285,,Productions,143,03046,0001,3750,21.88728,0001,3750,21.88728
3286,,PACKING,148,00220,,0,,0001,150,848.35407
3287,,PACKINGBATCH,148,02258,,0,,0001,160,40.16129
3288,,PACKINGBATCH,148,02307,,0,,0001,100,155.00000
3289,,PACKINGBATCH,148,03046,,0,,0001,3750,21.88728
3290,,PACKINGBATCH,148,02277,,0,,0001,150,155.00000
3291,,PACKING,148,00220,0001,150,848.35407,0001,150,848.35404
3292,,SALESBATCH,70,00022,,0,,0001,100,492.08450
3293,,SALESBATCH,71,00032,,0,,0001,60,142.13076
3294,,SALESBATCH,71,00233,,0,,0001,200,24.88754
3295,,SALESBATCH,72,00019,,0,,0001,50,379.00000
3296,,SALESBATCH,72,00040,,0,,0001,2,772.97500
3297,,SALESBATCH,73,00376,,0,,0001,24,1148.12158
3298,,SALESBATCH,74,00197,,0,,0001,20,1199.99810
3299,,SALESBATCH,75,00291,,0,,0001,28,1128.88356
3300,,SALESBATCH,75,00228,,0,,0001,20,1840.96750
3301,,SALESBATCH,75,00296,,0,,0001,25,666.69400
3302,,SALESBATCH,76,00156,,0,,0001,400,390.37500
3303,,SALESBATCH,77,00231,,0,,0001,100,513.50000
3304,,SALESBATCH,78,00220,,0,,0001,150,848.35404
3305,,SALESBATCH,79,00363,,0,,0001,5,14000.00000
3306,,PurchasesBatch,78,01207,,0,,0001,1,9500.00000
3307,,PurchasesBatch,79,02330,,0,,0001,70,80.00000
3308,,PurchasesBatch,79,02336,,0,,0001,70,80.00000
3309,,PurchasesBatch,79,02337,,0,,0001,60,80.00000
3310,,PurchasesBatch,79,02334,,0,,0001,30,80.00000
3311,,PurchasesBatch,79,02435,,0,,0001,30,80.00000
3312,,PurchasesBatch,79,02436,,0,,0001,32,80.00000
3313,,PurchasesBatch,79,02345,,0,,0001,12,90.00000
3314,,PurchasesBatch,79,02437,,0,,0001,20,90.00000
3315,,PurchasesBatch,79,02271,,0,,0001,32,40.00000
3316,,PurchasesBatch,79,00374,,0,,0001,15,75.00000
3317,,PurchasesBatch,79,02026,,0,,0001,160,50.00000
3318,,PurchasesBatch,79,02420,,0,,0001,500,40.00000
3319,,PurchasesBatch,80,02004,,0,,0001,100,235.00000
3320,,PurchasesBatch,81,02004,,0,,0001,34,227.00000
3321,,PurchasesBatch,82,01185,,0,,0001,30,283.33333
3322,,PurchasesBatch,83,02140,,0,,0001,50,1100.00000
3323,,PurchasesBatch,84,01041,,0,,0001,25,650.00000
3324,,PurchasesBatch,84,01058,,0,,0001,25,1450.00000
3325,,PurchasesBatch,84,01034,,0,,0001,25,560.00000
3326,,PurchasesBatch,84,01004,,0,,0001,25,400.00000
3327,,PurchasesBatch,84,01176,,0,,0001,1,9500.00000
3328,,PurchasesBatch,84,01187,,0,,0001,25,400.00000
3329,,PurchasesBatch,84,01011,,0,,0001,25,4850.00000
3330,,PurchasesBatch,84,01009,,0,,0001,25,2200.00000
3331,,PurchasesBatch,84,01002,,0,,0001,25,280.00000
3332,,PurchasesBatch,84,01105,,0,,0001,25,425.00000
3333,,PurchasesBatch,84,01010,,0,,0001,25,2800.00000
3334,,PurchasesBatch,84,01201,,0,,0001,50,750.00000
3335,,PurchasesBatch,84,01028,,0,,0001,5,1650.00000
3336,,PurchasesBatch,85,01019,,0,,0001,3,5000.00000
3337,,PurchasesBatch,85,01075,,0,,0001,3,4500.00000
3338,,PurchasesBatch,85,01047,,0,,0001,200,68.00000
3339,,Productions,144,03197,,0,,0001,225,134.39267
3340,,PRODUCTIONBATCH,144,01002,,0,,0001,22,275.10630
3341,,PRODUCTIONBATCH,144,01004,,0,,0001,10,400.00000
3342,,PRODUCTIONBATCH,144,01041,,0,,0001,1,649.99949
3343,,PRODUCTIONBATCH,144,01047,,0,,0001,200,68.83721
3344,,PRODUCTIONBATCH,144,01055,,0,,0001,2,1545.25872
3345,,PRODUCTIONBATCH,144,01105,,0,,0001,5,414.58858
3346,,Productions,144,03197,0001,225,134.39267,0001,225,134.39270
3347,,PACKING,149,00285,,0,,0001,225,242.72604
3348,,PACKINGBATCH,149,02341,,0,,0001,225,30.00000
3349,,PACKINGBATCH,149,03197,,0,,0001,225,134.39270
3350,,PACKINGBATCH,149,02140,,0,,0001,15,1100.00000
3351,,PACKINGBATCH,149,00374,,0,,0001,15,75.00000
3352,,PACKING,149,00285,0001,225,242.72604,0001,225,242.72603
3353,,Productions,145,03190,,0,,0001,260,336.46815
3354,,PRODUCTIONBATCH,145,01019,,0,,0001,2,5000.00000
3355,,PRODUCTIONBATCH,145,01031,,0,,0001,2,6500.00000
3356,,PRODUCTIONBATCH,145,01041,,0,,0001,1,649.99949
3357,,PRODUCTIONBATCH,145,01058,,0,,0001,0,1450.21796
3358,,PRODUCTIONBATCH,145,01075,,0,,0001,2,4524.54258
3359,,PRODUCTIONBATCH,145,01189,,0,,0001,30,717.02456
3360,,PRODUCTIONBATCH,145,01201,,0,,0001,30,750.00000
3361,,Productions,145,03190,0001,260,336.46815,0001,260,336.46814
3362,,PACKING,150,00274,,0,,0001,52,2291.20615
3363,,PACKINGBATCH,150,02014,,0,,0001,52,433.83980
3364,,PACKINGBATCH,150,02330,,0,,0001,70,80.00000
3365,,PACKINGBATCH,150,03190,,0,,0001,260,336.46814
3366,,PACKINGBATCH,150,02004,,0,,0001,15,233.42179
3367,,PACKING,150,00274,0001,52,2291.20615,0001,52,2291.20602
3368,,Productions,146,03193,,0,,0001,240,264.90558
3369,,PRODUCTIONBATCH,146,01007,,0,,0001,1,35.00000
3370,,PRODUCTIONBATCH,146,01009,,0,,0001,4,2176.62549
3371,,PRODUCTIONBATCH,146,01041,,0,,0001,1,649.99949
3372,,PRODUCTIONBATCH,146,01045,,0,,0001,33,421.69511
3373,,PRODUCTIONBATCH,146,01053,,0,,0001,0,17499.52012
3374,,PRODUCTIONBATCH,146,01054,,0,,0001,0,17499.10934
3375,,PRODUCTIONBATCH,146,01055,,0,,0001,0,1545.25872
3376,,PRODUCTIONBATCH,146,01056,,0,,0001,0,18697.38365
3377,,PRODUCTIONBATCH,146,01057,,0,,0001,0,14000.00000
3378,,PRODUCTIONBATCH,146,01058,,0,,0001,1,1450.21796
3379,,PRODUCTIONBATCH,146,01060,,0,,0001,0,950.00000
3380,,PRODUCTIONBATCH,146,01143,,0,,0001,0,3200.00000
3381,,Productions,146,03193,0001,240,264.90558,0001,240,264.90557
3382,,PACKING,151,00280,,0,,0001,48,2041.84979
3383,,PACKINGBATCH,151,02014,,0,,0001,60,433.83980
3384,,PACKINGBATCH,151,02336,,0,,0001,70,80.00000
3385,,PACKINGBATCH,151,03193,,0,,0001,240,264.90557
3386,,PACKINGBATCH,151,02004,,0,,0001,12,233.42179
3387,,PACKING,151,00280,0001,48,2041.84979,0001,48,2041.84971
3388,,Productions,147,03194,,0,,0001,220,90.87600
3389,,PRODUCTIONBATCH,147,01009,,0,,0001,3,2176.62549
3390,,PRODUCTIONBATCH,147,01010,,0,,0001,1,2800.00000
3391,,PRODUCTIONBATCH,147,01020,,0,,0001,1,350.00000
3392,,PRODUCTIONBATCH,147,01021,,0,,0001,1,399.62005
3393,,PRODUCTIONBATCH,147,01028,,0,,0001,1,1650.00000
3394,,PRODUCTIONBATCH,147,01041,,0,,0001,1,649.99949
3395,,PRODUCTIONBATCH,147,01045,,0,,0001,4,421.69511
3396,,PRODUCTIONBATCH,147,01058,,0,,0001,0,1450.21796
3397,,PRODUCTIONBATCH,147,01105,,0,,0001,0,414.58858
3398,,PRODUCTIONBATCH,147,01115,,0,,0001,0,1200.00000
3399,,Productions,147,03194,0001,220,90.87600,0001,220,90.87602
3400,,PACKING,152,00281,,0,,0001,44,1114.82614
3401,,PACKINGBATCH,152,02014,,0,,0001,50,433.83980
3402,,PACKINGBATCH,152,02337,,0,,0001,60,80.00000
3403,,PACKINGBATCH,152,03194,,0,,0001,220,90.87602
3404,,PACKINGBATCH,152,02004,,0,,0001,11,233.42179
3405,,PACKING,152,00281,0001,44,1114.82614,0001,44,1114.82623
3406,,Productions,148,03192,,0,,0001,100,173.13780
3407,,PRODUCTIONBATCH,148,01023,,0,,0001,1,7043.77043
3408,,PRODUCTIONBATCH,148,01025,,0,,0001,1,7200.00000
3409,,PRODUCTIONBATCH,148,01041,,0,,0001,0,649.99949
3410,,PRODUCTIONBATCH,148,01045,,0,,0001,5,421.69511
3411,,PRODUCTIONBATCH,148,01050,,0,,0001,0,3036.10146
3412,,PRODUCTIONBATCH,148,01058,,0,,0001,0,1450.21796
3413,,Productions,148,03192,0001,100,173.13780,0001,100,173.13777
3414,,PACKING,153,00278,,0,,0001,20,1477.88450
3415,,PACKINGBATCH,153,02014,,0,,0001,20,433.83980
3416,,PACKINGBATCH,153,02334,,0,,0001,30,80.00000
3417,,PACKINGBATCH,153,03192,,0,,0001,100,173.13777
3418,,PACKINGBATCH,153,02004,,0,,0001,5,233.42179
3419,,PACKING,153,00278,0001,20,1477.88450,0001,20,1477.88410
3420,,Productions,149,03201,,0,,0001,250,46.25652
3421,,PRODUCTIONBATCH,149,01004,,0,,0001,3,400.00000
3422,,PRODUCTIONBATCH,149,01009,,0,,0001,1,2176.62549
3423,,PRODUCTIONBATCH,149,01020,,0,,0001,20,350.00000
3424,,PRODUCTIONBATCH,149,01041,,0,,0001,1,649.99949
3425,,PRODUCTIONBATCH,149,01060,,0,,0001,0,950.00000
3426,,Productions,149,03201,0001,250,46.25652,0001,250,46.25650
3427,,PACKING,154,00289,,0,,0001,10,2330.41300
3428,,PACKINGBATCH,154,02128,,0,,0001,10,1066.00000
3429,,PACKINGBATCH,154,02345,,0,,0001,12,90.00000
3430,,PACKINGBATCH,154,03201,,0,,0001,250,46.25650
3431,,PACKING,154,00289,0001,10,2330.41300,0001,10,2330.41250
3432,,Productions,150,03267,,0,,0001,250,129.24548
3433,,PRODUCTIONBATCH,150,01023,,0,,0001,1,7043.77043
3434,,PRODUCTIONBATCH,150,01025,,0,,0001,1,7200.00000
3435,,PRODUCTIONBATCH,150,01028,,0,,0001,2,1650.00000
3436,,PRODUCTIONBATCH,150,01038,,0,,0001,2,650.00000
3437,,PRODUCTIONBATCH,150,01041,,0,,0001,1,649.99949
3438,,PRODUCTIONBATCH,150,01045,,0,,0001,25,421.69511
3439,,PRODUCTIONBATCH,150,01058,,0,,0001,1,1450.21796
3440,,Productions,150,03267,0001,250,129.24548,0001,250,129.24546
3441,,PACKING,155,00373,,0,,0001,10,4477.13700
3442,,PACKINGBATCH,155,02128,,0,,0001,10,1066.00000
3443,,PACKINGBATCH,155,02437,,0,,0001,20,90.00000
3444,,PACKINGBATCH,155,03267,,0,,0001,250,129.24546
3445,,PACKING,155,00373,0001,10,4477.13700,0001,10,4477.13650
3446,,Productions,151,03084,,0,,0001,500,110.45428
3447,,PRODUCTIONBATCH,151,01005,,0,,0001,0,1500.00000
3448,,PRODUCTIONBATCH,151,01017,,0,,0001,2,3370.67997
3449,,PRODUCTIONBATCH,151,01031,,0,,0001,5,6500.00000
3450,,PRODUCTIONBATCH,151,01041,,0,,0001,1,649.99949
3451,,PRODUCTIONBATCH,151,01048,,0,,0001,1,1500.00000
3452,,PRODUCTIONBATCH,151,01058,,0,,0001,2,1450.21796
3453,,PRODUCTIONBATCH,151,01185,,0,,0001,30,283.33333
3454,,Productions,151,03084,0001,500,110.45428,0001,500,110.45427
3455,,PACKING,156,00352,,0,,0001,20,3827.35700
3456,,PACKINGBATCH,156,02128,,0,,0001,20,1066.00000
3457,,PACKINGBATCH,156,03084,,0,,0001,500,110.45427
3458,,PACKING,156,00352,0001,20,3827.35700,0001,20,3827.35675
3459,,Productions,152,03001,,0,,0001,850,17.54585
3460,,PRODUCTIONBATCH,152,01016,,0,,0001,700,10.00000
3461,,PRODUCTIONBATCH,152,01042,,0,,0001,10,167.20014
3462,,PRODUCTIONBATCH,152,01043,,0,,0001,170,13.75000
3463,,PRODUCTIONBATCH,152,01050,,0,,0001,1,3036.10146
3464,,Productions,152,03001,0001,850,17.54585,0001,850,17.54585
3465,,PACKING,157,00016,,0,,0001,34,593.64618
3466,,PACKINGBATCH,157,02032,,0,,0001,34,155.00000
3467,,PACKINGBATCH,157,03001,,0,,0001,850,17.54585
3468,,PACKING,157,00016,0001,34,593.64618,0001,34,593.64625
3469,,Productions,153,03087,,0,,0001,475,22.65783
3470,,PRODUCTIONBATCH,153,01009,,0,,0001,0,2176.62549
3471,,PRODUCTIONBATCH,153,01013,,0,,0001,0,208.59512
3472,,PRODUCTIONBATCH,153,01016,,0,,0001,380,10.00000
3473,,PRODUCTIONBATCH,153,01042,,0,,0001,4,167.20014
3474,,PRODUCTIONBATCH,153,01043,,0,,0001,95,13.75000
3475,,PRODUCTIONBATCH,153,01050,,0,,0001,0,3036.10146
3476,,PRODUCTIONBATCH,153,01052,,0,,0001,0,14500.00000
3477,,PRODUCTIONBATCH,153,01053,,0,,0001,0,17499.52012
3478,,PRODUCTIONBATCH,153,01054,,0,,0001,0,17499.10934
3479,,PRODUCTIONBATCH,153,01143,,0,,0001,0,3200.00000
3480,,Productions,153,03087,0001,475,22.65783,0001,475,22.65781
3481,,PACKING,158,00125,,0,,0001,19,721.44526
3482,,PACKINGBATCH,158,02307,,0,,0001,19,155.00000
3483,,PACKINGBATCH,158,03087,,0,,0001,475,22.65781
3484,,PACKING,158,00125,0001,19,721.44526,0001,19,721.44525
3485,,Productions,154,03019,,0,,0001,250,27.15732
3486,,PRODUCTIONBATCH,154,01003,,0,,0001,230,13.21900
3487,,PRODUCTIONBATCH,154,01033,,0,,0001,25,50.00000
3488,,PRODUCTIONBATCH,154,01059,,0,,0001,20,72.44776
3489,,PRODUCTIONBATCH,154,01007,,0,,0001,30,35.00000
3490,,Productions,154,03019,0001,250,27.15732,0001,250,27.15730
3491,,PACKING,159,00040,,0,,001,10,873.93300
3492,,PACKINGBATCH,159,02042,,0,,0001,10,40.00000
3493,,PACKINGBATCH,159,02213,,0,,0001,10,155.00000
3494,,PACKINGBATCH,159,03019,,0,,0001,250,27.15730
3495,,PACKING,159,00040,001,10,873.93300,001,10,873.93250
3496,,Productions,155,03163,,0,,0001,2500,17.00000
3497,,PRODUCTIONBATCH,155,01015,,0,,0001,2500,17.00000
3498,,Productions,155,03163,0001,2500,17.00000,0001,2500,17.00000
3499,,PACKING,160,00231,,0,,0001,100,505.00000
3500,,PACKINGBATCH,160,02274,,0,,0001,100,80.00000
3501,,PACKINGBATCH,160,03163,,0,,0001,2500,17.00000
3502,,PACKING,160,00231,0001,100,505.00000,0001,100,505.00000
3503,,PurchasesBatch,86,02291,,0,,0001,64,40.00000
3504,,PurchasesBatch,86,02027,,0,,0001,70,40.00000
3505,,PurchasesBatch,87,02014,,0,,0001,425,440.00000
3506,,Productions,156,03163,,0,,0001,375,17.00000
3507,,PRODUCTIONBATCH,156,01015,,0,,0001,375,17.00000
3508,,Productions,156,03163,0001,375,17.00000,0001,375,17.00000
3509,,PACKING,161,00231,,0,,0001,15,505.00000
3510,,PACKINGBATCH,161,02274,,0,,0001,15,80.00000
3511,,PACKINGBATCH,161,03163,,0,,0001,375,17.00000
3512,,PACKING,161,00231,0001,15,505.00000,0001,15,505.00000
3513,,Productions,157,03094,,0,,0001,100,269.62390
3514,,PRODUCTIONBATCH,157,01004,,0,,0001,5,400.00000
3515,,PRODUCTIONBATCH,157,01009,,0,,0001,10,2176.62549
3516,,PRODUCTIONBATCH,157,01045,,0,,0001,5,421.69511
3517,,PRODUCTIONBATCH,157,01058,,0,,0001,0,1450.21796
3518,,Productions,157,03094,0001,100,269.62390,0001,100,269.62394
3519,,PACKING,162,00135,,0,,0001,20,1875.01500
3520,,PACKINGBATCH,162,02014,,0,,0001,20,438.54013
3521,,PACKINGBATCH,162,02144,,0,,0001,30,20.00000
3522,,PACKINGBATCH,162,03094,,0,,0001,100,269.62394
3523,,PACKINGBATCH,162,02004,,0,,0001,5,233.42179
3524,,PACKING,162,00135,0001,20,1875.01500,0001,20,1875.01528
3525,,OpeningBatch,81,00019,0001,56,1440.00000,0001,56,1440.00000
3526,,OpeningBatch,101,00363,0001,934,14000.00000,0001,934,14000.00000
3527,,OpeningBatch,102,00357,0001,2,10000.00000,0001,2,10000.00000
3528,,OpeningBatch,103,00053,0001,4,9000.00000,0001,4,9000.00000
3529,,OpeningBatch,108,00124,0001,66,5000.00000,0001,146,5000.00000
3530,,OpeningBatch,111,00369,0001,288,300.00000,0001,288,300.00000
3531,,Productions,158,03010,,0,,0001,200,164.25910
3532,,PRODUCTIONBATCH,158,01023,,0,,0001,2,7043.77043
3533,,PRODUCTIONBATCH,158,01025,,0,,0001,2,7200.00000
3534,,PRODUCTIONBATCH,158,01028,,0,,0001,1,1650.00000
3535,,PRODUCTIONBATCH,158,01041,,0,,0001,1,649.99949
3536,,PRODUCTIONBATCH,158,01045,,0,,0001,2,421.69511
3537,,PRODUCTIONBATCH,158,01050,,0,,0001,0,3036.10146
3538,,PRODUCTIONBATCH,158,01058,,0,,0001,0,1450.21796
3539,,Productions,158,03010,0001,200,164.25910,0001,200,164.25914
3540,,PACKING,163,00051,,0,,0001,40,1393.86250
3541,,PACKINGBATCH,163,02014,,0,,0001,40,438.54013
3542,,PACKINGBATCH,163,02031,,0,,0001,64,40.00000
3543,,PACKINGBATCH,163,03010,,0,,0001,200,164.25914
3544,,PACKINGBATCH,163,02004,,0,,0001,12,233.42179
3545,,PACKING,163,00051,0001,40,1393.86250,0001,40,1393.86237
3546,,Productions,159,03121,,0,,0001,240,88.18908
3547,,PRODUCTIONBATCH,159,01052,,0,,0001,0,14500.00000
3548,,PRODUCTIONBATCH,159,01056,,0,,0001,0,18697.38365
3549,,PRODUCTIONBATCH,159,01072,,0,,0001,0,9500.00000
3550,,PRODUCTIONBATCH,159,01058,,0,,0001,0,1450.21796
3551,,PRODUCTIONBATCH,159,01041,,0,,0001,0,649.99949
3552,,PRODUCTIONBATCH,159,01045,,0,,0001,15,421.69511
3553,,Productions,159,03121,0001,240,88.18908,0001,240,88.18910
3554,,PACKING,164,00211,,0,,0001,48,996.03729
3555,,PACKINGBATCH,164,02014,,0,,0001,48,438.54013
3556,,PACKINGBATCH,164,02237,,0,,0001,64,40.00000
3557,,PACKINGBATCH,164,03121,,0,,0001,240,88.18910
3558,,PACKINGBATCH,164,02004,,0,,0001,13,233.42179
3559,,PACKING,164,00211,0001,48,996.03729,0001,48,996.03737
3560,,Productions,160,03240,,0,,0001,240,161.75150
3561,,PRODUCTIONBATCH,160,01031,,0,,0001,2,6500.00000
3562,,PRODUCTIONBATCH,160,01189,,0,,0001,10,717.02456
3563,,PRODUCTIONBATCH,160,01201,,0,,0001,20,750.00000
3564,,PRODUCTIONBATCH,160,01058,,0,,0001,0,1450.21796
3565,,PRODUCTIONBATCH,160,01041,,0,,0001,0,649.99949
3566,,Productions,160,03240,0001,240,161.75150,0001,240,161.75148
3567,,PACKING,165,00339,,0,,0001,48,1481.95479
3568,,PACKINGBATCH,165,02014,,0,,0001,60,438.54013
3569,,PACKINGBATCH,165,02394,,0,,0001,80,40.00000
3570,,PACKINGBATCH,165,03240,,0,,0001,240,161.75148
3571,,PACKINGBATCH,165,02004,,0,,0001,12,233.42179
3572,,PACKING,165,00339,0001,48,1481.95479,0001,48,1481.95468
3573,,Productions,161,03241,,0,,0001,300,90.95473
3574,,PRODUCTIONBATCH,161,01004,,0,,0001,0,400.00000
3575,,PRODUCTIONBATCH,161,01010,,0,,0001,1,2800.00000
3576,,PRODUCTIONBATCH,161,01012,,0,,0001,0,4000.00000
3577,,PRODUCTIONBATCH,161,01041,,0,,0001,1,649.99949
3578,,PRODUCTIONBATCH,161,01046,,0,,0001,1,13130.72776
3579,,PRODUCTIONBATCH,161,01058,,0,,0001,1,1450.21796
3580,,Productions,161,03241,0001,300,90.95473,0001,300,90.95473
3581,,PACKING,166,00340,,0,,0001,60,1085.87333
3582,,PACKINGBATCH,166,02014,,0,,0001,70,438.54013
3583,,PACKINGBATCH,166,02395,,0,,0001,80,40.00000
3584,,PACKINGBATCH,166,03241,,0,,0001,300,90.95473
3585,,PACKINGBATCH,166,02004,,0,,0001,17,233.42179
3586,,PACKING,166,00340,0001,60,1085.87333,0001,60,1085.87331
3587,,Productions,162,03003,,0,,0001,220,34.69173
3588,,PRODUCTIONBATCH,162,01013,,0,,0001,3,208.59512
3589,,PRODUCTIONBATCH,162,01022,,0,,0001,0,4000.00000
3590,,PRODUCTIONBATCH,162,01038,,0,,0001,3,650.00000
3591,,PRODUCTIONBATCH,162,01043,,0,,0001,1,13.75000
3592,,PRODUCTIONBATCH,162,01048,,0,,0001,0,1500.00000
3593,,PRODUCTIONBATCH,162,01056,,0,,0001,0,18697.38365
3594,,PRODUCTIONBATCH,162,01058,,0,,0001,1,1450.21796
3595,,PRODUCTIONBATCH,162,01060,,0,,0001,0,950.00000
3596,,Productions,162,03003,0001,220,34.69173,0001,220,34.69172
3597,,PACKING,167,00049,,0,,0001,44,739.29568
3598,,PACKINGBATCH,167,02014,,0,,0001,44,438.54013
3599,,PACKINGBATCH,167,02027,,0,,0001,70,40.00000
3600,,PACKINGBATCH,167,03003,,0,,0001,220,34.69172
3601,,PACKINGBATCH,167,02004,,0,,0001,12,233.42179
3602,,PACKING,167,00049,0001,44,739.29568,0001,44,739.29558
3603,,Productions,163,03011,,0,,0001,740,97.27686
3604,,PRODUCTIONBATCH,163,01010,,0,,0001,8,2800.00000
3605,,PRODUCTIONBATCH,163,01011,,0,,0001,7,4840.91985
3606,,PRODUCTIONBATCH,163,01012,,0,,0001,0,4000.00000
3607,,PRODUCTIONBATCH,163,01013,,0,,0001,4,208.59512
3608,,PRODUCTIONBATCH,163,01038,,0,,0001,11,650.00000
3609,,PRODUCTIONBATCH,163,01043,,0,,0001,3,13.75000
3610,,PRODUCTIONBATCH,163,01058,,0,,0001,3,1450.21796
3611,,Productions,163,03011,0001,740,97.27686,0001,740,97.27685
3612,,PACKING,168,00052,,0,,0001,148,1050.59568
3613,,PACKINGBATCH,168,02014,,0,,0001,160,438.54013
3614,,PACKINGBATCH,168,02029,,0,,0001,200,20.00000
3615,,PACKINGBATCH,168,03011,,0,,0001,740,97.27685
3616,,PACKINGBATCH,168,02004,,0,,0001,40,233.42179
3617,,PACKING,168,00052,0001,148,1050.59568,0001,148,1050.59569
3618,,PurchasesBatch,88,01035,,0,,0001,2,1350.00000
3619,,PurchasesBatch,88,01055,,0,,0001,10,1550.00000
3620,,PurchasesBatch,89,01184,,0,,0001,30,366.66667
3621,,PurchasesBatch,90,02047,,0,,0001,32,40.00000
3622,,PurchasesBatch,90,02298,,0,,0001,64,40.00000
3623,,PurchasesBatch,90,02165,,0,,0001,72,40.00000
3624,,PurchasesBatch,90,02164,,0,,0001,72,40.00000
3625,,PurchasesBatch,90,02093,,0,,0001,24,40.00000
3626,,PurchasesBatch,90,02209,,0,,0001,24,40.00000
3627,,PurchasesBatch,91,02014,,0,,0001,425,440.00000
3628,,Productions,164,03020,,0,,0001,600,347.32463
3629,,PRODUCTIONBATCH,164,01004,,0,,0001,1,400.00000
3630,,PRODUCTIONBATCH,164,01010,,0,,0001,6,2800.00000
3631,,PRODUCTIONBATCH,164,01011,,0,,0001,12,4840.91985
3632,,PRODUCTIONBATCH,164,01012,,0,,0001,0,4000.00000
3633,,PRODUCTIONBATCH,164,01041,,0,,0001,2,649.99949
3634,,PRODUCTIONBATCH,164,01046,,0,,0001,9,13130.72776
3635,,PRODUCTIONBATCH,164,01058,,0,,0001,2,1450.21796
3636,,PRODUCTIONBATCH,164,01184,,0,,0001,25,366.66693
3637,,Productions,164,03020,0001,600,347.32463,0001,600,347.32464
3638,,PACKING,169,00047,,0,,0001,120,2305.22475
3639,,PACKINGBATCH,169,02014,,0,,0001,120,439.68910
3640,,PACKINGBATCH,169,02026,,0,,0001,160,50.00000
3641,,PACKINGBATCH,169,03020,,0,,0001,600,347.32464
3642,,PACKINGBATCH,169,02004,,0,,0001,32,233.42179
3643,,PACKING,169,00047,0001,120,2305.22475,0001,120,2305.22478
3644,,Productions,165,03003,,0,,0001,130,34.69169
3645,,PRODUCTIONBATCH,165,01013,,0,,0001,1,208.59512
3646,,PRODUCTIONBATCH,165,01022,,0,,0001,0,4000.00000
3647,,PRODUCTIONBATCH,165,01038,,0,,0001,1,650.00000
3648,,PRODUCTIONBATCH,165,01043,,0,,0001,0,13.75000
3649,,PRODUCTIONBATCH,165,01048,,0,,0001,0,1500.00000
3650,,PRODUCTIONBATCH,165,01056,,0,,0001,0,18697.38365
3651,,PRODUCTIONBATCH,165,01058,,0,,0001,0,1450.21796
3652,,PRODUCTIONBATCH,165,01060,,0,,0001,0,950.00000
3653,,Productions,165,03003,0001,130,34.69169,0001,130,34.69172
3654,,PACKING,170,00010,,0,,0001,700,29.48414
3655,,PACKINGBATCH,170,02018,,0,,0001,750,12.00000
3656,,PACKINGBATCH,170,03003,,0,,0001,70,34.69172
3657,,PACKINGBATCH,170,02010,,0,,0001,900,9.12281
3658,,PACKINGBATCH,170,02006,,0,,0001,5,199.98987
3659,,PACKING,170,00010,0001,700,29.48414,0001,700,29.48414
3660,,PACKING,171,00032,,0,,0001,60,280.10833
3661,,PACKINGBATCH,171,02097,,0,,0001,60,230.00000
3662,,PACKINGBATCH,171,03003,,0,,0001,60,34.69172
3663,,PACKINGBATCH,171,02059,,0,,0001,5,185.00000
3664,,PACKING,171,00032,0001,60,280.10833,0001,60,280.10839
3665,,Productions,166,03165,,0,,0001,40,38.72325
3666,,PRODUCTIONBATCH,166,01012,,0,,0001,0,4000.00000
3667,,PRODUCTIONBATCH,166,01021,,0,,0001,0,399.62005
3668,,PRODUCTIONBATCH,166,01035,,0,,0001,0,1350.00000
3669,,PRODUCTIONBATCH,166,01041,,0,,0001,0,649.99949
3670,,PRODUCTIONBATCH,166,01043,,0,,0001,0,13.75000
3671,,PRODUCTIONBATCH,166,01044,,0,,0001,0,128.02872
3672,,PRODUCTIONBATCH,166,01058,,0,,0001,0,1450.21796
3673,,Productions,166,03165,0001,40,38.72325,0001,40,38.72310
3674,,PACKING,172,00233,,0,,0001,400,26.57933
3675,,PACKINGBATCH,172,02010,,0,,0001,430,9.12281
3676,,PACKINGBATCH,172,02278,,0,,0001,430,12.00000
3677,,PACKINGBATCH,172,03165,,0,,0001,40,38.72310
3678,,PACKING,172,00233,0001,400,26.57933,0001,400,26.57933
3679,,Productions,167,03163,,0,,0001,25,17.00000
3680,,PRODUCTIONBATCH,167,01015,,0,,0001,25,17.00000
3681,,Productions,167,03163,0001,25,17.00000,0001,25,17.00000
3682,,PACKING,173,00248,,0,,0001,25,47.00000
3683,,PACKINGBATCH,173,02299,,0,,0001,25,30.00000
3684,,PACKINGBATCH,173,03163,,0,,0001,25,17.00000
3685,,PACKING,173,00248,0001,25,47.00000,0001,25,47.00000
3686,,PurchasesBatch,92,01182,,0,,0001,190,466.84221
3687,,PurchasesBatch,92,01047,,0,,0001,150,68.00000
3688,,PurchasesBatch,92,01042,,0,,0001,200,170.00000
3689,,PurchasesBatch,92,01008,,0,,0001,380,22.50000
3690,,PurchasesBatch,93,01002,,0,,0001,25,280.00000
3691,,PurchasesBatch,94,02076,,0,,0001,80,28.75000
3692,,PurchasesBatch,95,02006,,0,,0001,52,217.00000
3693,,PurchasesBatch,96,02094,,0,,0001,100,40.00000
3694,,Productions,168,03010,,0,,0001,20,164.25900
3695,,PRODUCTIONBATCH,168,01023,,0,,0001,0,7043.77043
3696,,PRODUCTIONBATCH,168,01025,,0,,0001,0,7200.00000
3697,,PRODUCTIONBATCH,168,01028,,0,,0001,0,1650.00000
3698,,PRODUCTIONBATCH,168,01041,,0,,0001,0,649.99949
3699,,PRODUCTIONBATCH,168,01045,,0,,0001,0,421.69511
3700,,PRODUCTIONBATCH,168,01050,,0,,0001,0,3036.10146
3701,,PRODUCTIONBATCH,168,01058,,0,,0001,0,1450.21796
3702,,Productions,168,03010,0001,20,164.25900,0001,20,164.25914
3703,,PACKING,174,00201,,0,,0001,200,39.21870
3704,,PACKINGBATCH,174,02010,,0,,0001,200,9.12281
3705,,PACKINGBATCH,174,02224,,0,,0001,200,11.50000
3706,,PACKINGBATCH,174,03010,,0,,0001,20,164.25914
3707,,PACKINGBATCH,174,02006,,0,,0001,2,217.00000
3708,,PACKING,174,00201,0001,200,39.21870,0001,200,39.21872
3709,,Productions,169,03014,,0,,0001,750,13.21900
3710,,PRODUCTIONBATCH,169,01003,,0,,0001,750,13.21900
3711,,Productions,169,03014,0001,750,13.21900,0001,750,13.21900
3712,,PACKING,175,00022,,0,,0001,30,485.47500
3713,,PACKINGBATCH,175,02033,,0,,0001,30,155.00000
3714,,PACKINGBATCH,175,03014,,0,,0001,750,13.21900
3715,,PACKING,175,00022,0001,30,485.47500,0001,30,485.47500
3716,,Productions,170,03011,,0,,0001,108,111.95796
3717,,PRODUCTIONBATCH,170,01010,,0,,0001,1,2800.00000
3718,,PRODUCTIONBATCH,170,01011,,0,,0001,1,4840.91985
3719,,PRODUCTIONBATCH,170,01012,,0,,0001,0,4000.00000
3720,,PRODUCTIONBATCH,170,01013,,0,,0001,1,208.59512
3721,,PRODUCTIONBATCH,170,01038,,0,,0001,1,650.00000
3722,,PRODUCTIONBATCH,170,01043,,0,,0001,0,13.75000
3723,,PRODUCTIONBATCH,170,01058,,0,,0001,0,1450.21796
3724,,PRODUCTIONBATCH,170,01060,,0,,0001,0,950.00000
3725,,Productions,170,03011,0001,108,111.95796,0001,108,111.95797
3726,,PACKING,176,00024,,0,,0001,48,410.29125
3727,,PACKINGBATCH,176,02097,,0,,0001,48,230.00000
3728,,PACKINGBATCH,176,02298,,0,,0001,64,40.00000
3729,,PACKINGBATCH,176,03011,,0,,0001,48,111.95797
3730,,PACKINGBATCH,176,02002,,0,,0001,4,180.00000
3731,,PACKING,176,00024,0001,48,410.29125,0001,48,410.29130
3732,,PACKING,177,00052,,0,,0001,12,1077.83500
3733,,PACKINGBATCH,177,02014,,0,,0001,12,439.68910
3734,,PACKINGBATCH,177,02029,,0,,0001,12,20.00000
3735,,PACKINGBATCH,177,03011,,0,,0001,60,111.95797
3736,,PACKINGBATCH,177,02004,,0,,0001,3,233.42179
3737,,PACKING,177,00052,0001,12,1077.83500,0001,12,1077.83440
3738,,Productions,171,03026,,0,,0001,24,111.20125
3739,,PRODUCTIONBATCH,171,01031,,0,,0001,0,6500.00000
3740,,PRODUCTIONBATCH,171,01041,,0,,0001,0,649.99949
3741,,PRODUCTIONBATCH,171,01048,,0,,0001,0,1500.00000
3742,,PRODUCTIONBATCH,171,01058,,0,,0001,0,1450.21796
3743,,Productions,171,03026,0001,24,111.20125,0001,24,111.20109
3744,,PACKING,178,00054,,0,,0001,24,409.95125
3745,,PACKINGBATCH,178,02047,,0,,0001,32,40.00000
3746,,PACKINGBATCH,178,02097,,0,,0001,24,230.00000
3747,,PACKINGBATCH,178,03026,,0,,0001,24,111.20109
3748,,PACKINGBATCH,178,02059,,0,,0001,2,185.00000
3749,,PACKING,178,00054,0001,24,409.95125,0001,24,409.95109
3750,,Productions,172,03107,,0,,0001,60,138.34917
3751,,PRODUCTIONBATCH,172,01004,,0,,0001,0,400.00000
3752,,PRODUCTIONBATCH,172,01009,,0,,0001,3,2176.62549
3753,,PRODUCTIONBATCH,172,01028,,0,,0001,0,1650.00000
3754,,PRODUCTIONBATCH,172,01041,,0,,0001,0,649.99949
3755,,PRODUCTIONBATCH,172,01045,,0,,0001,0,421.69511
3756,,PRODUCTIONBATCH,172,01058,,0,,0001,0,1450.21796
3757,,Productions,172,03107,0001,60,138.34917,0001,60,138.34910
3758,,PACKING,179,00151,,0,,0001,60,431.76583
3759,,PACKINGBATCH,179,02097,,0,,0001,60,230.00000
3760,,PACKINGBATCH,179,02164,,0,,0001,72,40.00000
3761,,PACKINGBATCH,179,03107,,0,,0001,60,138.34910
3762,,PACKINGBATCH,179,02059,,0,,0001,5,185.00000
3763,,PACKING,179,00151,0001,60,431.76583,0001,60,431.76577
3764,,Productions,173,03023,,0,,0001,125,13.97520
3765,,PRODUCTIONBATCH,173,01003,,0,,0001,100,13.21900
3766,,PRODUCTIONBATCH,173,01015,,0,,0001,25,17.00000
3767,,Productions,173,03023,0001,125,13.97520,0001,125,13.97520
3768,,PACKING,180,00038,,0,,0001,5,504.38000
3769,,PACKINGBATCH,180,02307,,0,,0001,5,155.00000
3770,,PACKINGBATCH,180,03023,,0,,0001,125,13.97520
3771,,PACKING,180,00038,0001,5,504.38000,0001,5,504.38000
3772,,Productions,174,03035,,0,,0001,100,71.50600
3773,,PRODUCTIONBATCH,174,01041,,0,,0001,0,649.99949
3774,,PRODUCTIONBATCH,174,01052,,0,,0001,0,14500.00000
3775,,PRODUCTIONBATCH,174,01053,,0,,0001,0,17499.52012
3776,,PRODUCTIONBATCH,174,01054,,0,,0001,0,17499.10934
3777,,PRODUCTIONBATCH,174,01055,,0,,0001,0,1548.84856
3778,,PRODUCTIONBATCH,174,01056,,0,,0001,0,18697.38365
3779,,PRODUCTIONBATCH,174,01057,,0,,0001,0,14000.00000
3780,,PRODUCTIONBATCH,174,01058,,0,,0001,0,1450.21796
3781,,Productions,174,03035,0001,100,71.50600,0001,100,71.50609
3782,,PACKING,181,00064,,0,,0001,60,364.92283
3783,,PACKINGBATCH,181,02097,,0,,0001,60,230.00000
3784,,PACKINGBATCH,181,02165,,0,,0001,72,40.00000
3785,,PACKINGBATCH,181,03035,,0,,0001,60,71.50609
3786,,PACKINGBATCH,181,02059,,0,,0001,5,185.00000
3787,,PACKING,181,00064,0001,60,364.92283,0001,60,364.92276
3788,,PACKING,182,00091,,0,,0001,8,917.21875
3789,,PACKINGBATCH,182,02014,,0,,0001,8,439.68910
3790,,PACKINGBATCH,182,02093,,0,,0001,24,40.00000
3791,,PACKINGBATCH,182,03035,,0,,0001,40,71.50609
3792,,PACKING,182,00091,0001,8,917.21875,0001,8,917.21955
3793,,Productions,175,03135,,0,,0001,60,224.30433
3794,,PRODUCTIONBATCH,175,01004,,0,,0001,0,400.00000
3795,,PRODUCTIONBATCH,175,01005,,0,,0001,0,1500.00000
3796,,PRODUCTIONBATCH,175,01010,,0,,0001,0,2800.00000
3797,,PRODUCTIONBATCH,175,01011,,0,,0001,1,4840.91985
3798,,PRODUCTIONBATCH,175,01012,,0,,0001,0,4000.00000
3799,,PRODUCTIONBATCH,175,01020,,0,,0001,0,350.00000
3800,,PRODUCTIONBATCH,175,01021,,0,,0001,0,399.62005
3801,,PRODUCTIONBATCH,175,01041,,0,,0001,0,649.99949
3802,,PRODUCTIONBATCH,175,01046,,0,,0001,0,13130.72776
3803,,PRODUCTIONBATCH,175,01058,,0,,0001,0,1450.21796
3804,,PRODUCTIONBATCH,175,01184,,0,,0001,3,366.66693
3805,,Productions,175,03135,0001,60,224.30433,0001,60,224.30435
3806,,PACKING,183,00187,,0,,0001,12,1719.01833
3807,,PACKINGBATCH,183,02014,,0,,0001,12,439.68910
3808,,PACKINGBATCH,183,02209,,0,,0001,24,40.00000
3809,,PACKINGBATCH,183,03135,,0,,0001,60,224.30435
3810,,PACKINGBATCH,183,02004,,0,,0001,4,233.42179
3811,,PACKING,183,00187,0001,12,1719.01833,0001,12,1719.01811
3812,,Productions,176,03118,,0,,0001,120,109.98650
3813,,PRODUCTIONBATCH,176,01004,,0,,0001,0,400.00000
3814,,PRODUCTIONBATCH,176,01047,,0,,0001,120,68.07611
3815,,PRODUCTIONBATCH,176,01055,,0,,0001,3,1548.84856
3816,,PRODUCTIONBATCH,176,01073,,0,,0001,0,520.00000
3817,,PRODUCTIONBATCH,176,01105,,0,,0001,0,414.58858
3818,,Productions,176,03118,0001,120,109.98650,0001,120,109.98650
3819,,PACKING,184,00030,,0,,0001,1200,30.65217
3820,,PACKINGBATCH,184,02191,,0,,0001,1250,17.00000
3821,,PACKINGBATCH,184,03118,,0,,0001,120,109.98650
3822,,PACKINGBATCH,184,02004,,0,,0001,10,233.42179
3823,,PACKING,184,00030,0001,1200,30.65217,0001,1200,30.65217
3824,,Productions,177,03046,,0,,0001,250,19.49364
3825,,PRODUCTIONBATCH,177,01003,,0,,0001,2,13.21900
3826,,PRODUCTIONBATCH,177,01016,,0,,0001,120,10.00000
3827,,PRODUCTIONBATCH,177,01044,,0,,0001,12,128.02872
3828,,PRODUCTIONBATCH,177,01015,,0,,0001,120,17.00000
3829,,Productions,177,03046,0001,250,19.49364,0001,250,19.49363
3830,,PACKING,185,00220,,0,,0001,10,682.50200
3831,,PACKINGBATCH,185,02258,,0,,0001,10,40.16129
3832,,PACKINGBATCH,185,02307,,0,,0001,10,155.00000
3833,,PACKINGBATCH,185,03046,,0,,0001,250,19.49363
3834,,PACKING,185,00220,0001,10,682.50200,0001,10,682.50204
3835,,Productions,178,03001,,0,,0001,250,17.34288
3836,,PRODUCTIONBATCH,178,01016,,0,,0001,200,10.00000
3837,,PRODUCTIONBATCH,178,01042,,0,,0001,3,169.89231
3838,,PRODUCTIONBATCH,178,01043,,0,,0001,50,13.75000
3839,,PRODUCTIONBATCH,178,01050,,0,,0001,0,3036.10146
3840,,Productions,178,03001,0001,250,17.34288,0001,250,17.34286
3841,,PACKING,186,00016,,0,,0001,10,588.57200
3842,,PACKINGBATCH,186,02032,,0,,0001,10,155.00000
3843,,PACKINGBATCH,186,03001,,0,,0001,250,17.34286
3844,,PACKING,186,00016,0001,10,588.57200,0001,10,588.57150
3845,,Productions,179,03151,,0,,0001,250,60.99928
3846,,PRODUCTIONBATCH,179,01009,,0,,0001,0,2176.62549
3847,,PRODUCTIONBATCH,179,01013,,0,,0001,0,208.59512
3848,,PRODUCTIONBATCH,179,01016,,0,,0001,200,10.00000
3849,,PRODUCTIONBATCH,179,01034,,0,,0001,0,546.24253
3850,,PRODUCTIONBATCH,179,01042,,0,,0001,3,169.89231
3851,,PRODUCTIONBATCH,179,01043,,0,,0001,50,13.75000
3852,,PRODUCTIONBATCH,179,01050,,0,,0001,0,3036.10146
3853,,PRODUCTIONBATCH,179,01052,,0,,0001,0,14500.00000
3854,,PRODUCTIONBATCH,179,01053,,0,,0001,0,17499.52012
3855,,PRODUCTIONBATCH,179,01054,,0,,0001,0,17499.10934
3856,,PRODUCTIONBATCH,179,01056,,0,,0001,0,18697.38365
3857,,PRODUCTIONBATCH,179,01057,,0,,0001,0,14000.00000
3858,,PRODUCTIONBATCH,179,01072,,0,,0001,0,9500.00000
3859,,PRODUCTIONBATCH,179,01073,,0,,0001,0,520.00000
3860,,PRODUCTIONBATCH,179,01143,,0,,0001,0,3200.00000
3861,,Productions,179,03151,0001,250,60.99928,0001,250,60.99924
3862,,PACKING,187,00212,,0,,0001,10,1679.98100
3863,,PACKINGBATCH,187,02307,,0,,0001,10,155.00000
3864,,PACKINGBATCH,187,03151,,0,,0001,250,60.99924
3865,,PACKING,187,00212,0001,10,1679.98100,0001,10,1679.98100
3866,,Productions,180,03109,,0,,0001,75,163.62120
3867,,PRODUCTIONBATCH,180,01002,,0,,0001,20,278.15724
3868,,PRODUCTIONBATCH,180,01041,,0,,0001,0,649.99949
3869,,PRODUCTIONBATCH,180,01047,,0,,0001,45,68.07611
3870,,PRODUCTIONBATCH,180,01052,,0,,0001,0,14500.00000
3871,,PRODUCTIONBATCH,180,01055,,0,,0001,1,1548.84856
3872,,PRODUCTIONBATCH,180,01105,,0,,0001,0,414.58858
3873,,Productions,180,03109,0001,75,163.62120,0001,75,163.62132
3874,,PACKING,188,00121,,0,,0001,75,260.07053
3875,,PACKINGBATCH,188,02076,,0,,0001,80,28.75000
3876,,PACKINGBATCH,188,02094,,0,,0001,100,40.00000
3877,,PACKINGBATCH,188,03109,,0,,0001,75,163.62132
3878,,PACKINGBATCH,188,02004,,0,,0001,4,233.42179
3879,,PACKING,188,00121,0001,75,260.07053,0001,75,260.07048
3880,,PurchasesBatch,97,01075,,0,,0001,3,4500.00000
3881,,PurchasesBatch,97,01019,,0,,0001,3,5000.00000
3882,,PurchasesBatch,97,01042,,0,,0001,50,164.00000
3883,,PurchasesBatch,98,01184,,0,,0001,30,366.66667
3884,,PurchasesBatch,99,02097,,0,,0001,720,185.00000
3885,,PurchasesBatch,100,01038,,0,,0001,70,650.00000
3886,,PurchasesBatch,100,01041,,0,,0001,25,650.00000
3887,,PurchasesBatch,100,01058,,0,,0001,15,1450.00000
3888,,PurchasesBatch,100,01031,,0,,0001,15,6500.00000
3889,,PurchasesBatch,100,01055,,0,,0001,6,1550.00000
3890,,PurchasesBatch,100,01201,,0,,0001,20,750.00000
3891,,PurchasesBatch,100,01082,,0,,0001,5,7200.00000
3892,,PurchasesBatch,100,01080,,0,,0001,1,6200.00000
3893,,PurchasesBatch,100,01013,,0,,0001,25,210.00000
3894,,PurchasesBatch,100,01050,,0,,0001,5,3100.00000
3895,,PurchasesBatch,101,02004,,0,,0001,196,235.00000
3896,,PurchasesBatch,102,02128,,0,,0001,126,1065.00000
3897,,PurchasesBatch,103,02031,,0,,0001,24,40.00000
3898,,PurchasesBatch,103,02357,,0,,0001,12,40.00000
3899,,PurchasesBatch,103,02272,,0,,0001,12,40.00000
3900,,PurchasesBatch,103,02289,,0,,0001,12,40.00000
3901,,PurchasesBatch,103,02028,,0,,0001,12,40.00000
3902,,PurchasesBatch,103,02267,,0,,0001,24,40.00000
3903,,PurchasesBatch,103,02220,,0,,0001,144,40.00000
3904,,PurchasesBatch,103,02234,,0,,0001,6,140.00000
3905,,PurchasesBatch,103,02060,,0,,0001,4,140.00000
3906,,PurchasesBatch,103,02420,,0,,0001,10,140.00000
3907,,Productions,181,03142,,0,,0001,500,130.43810
3908,,PRODUCTIONBATCH,181,01009,,0,,0001,0,2176.62549
3909,,PRODUCTIONBATCH,181,01013,,0,,0001,12,209.76487
3910,,PRODUCTIONBATCH,181,01038,,0,,0001,60,650.00000
3911,,PRODUCTIONBATCH,181,01056,,0,,0001,0,18697.38365
3912,,PRODUCTIONBATCH,181,01104,,0,,0001,1,1100.00000
3913,,PRODUCTIONBATCH,181,01176,,0,,0001,0,9500.00000
3914,,PRODUCTIONBATCH,181,01034,,0,,0001,5,546.24253
3915,,PRODUCTIONBATCH,181,01058,,0,,0001,1,1450.05753
3916,,PRODUCTIONBATCH,181,01041,,0,,0001,1,649.99986
3917,,PRODUCTIONBATCH,181,01045,,0,,0001,20,421.69511
3918,,Productions,181,03142,0001,500,130.43810,0001,500,130.43810
3919,,PACKING,189,00197,,0,,0001,100,1256.72320
3920,,PACKINGBATCH,189,02014,,0,,0001,110,439.68910
3921,,PACKINGBATCH,189,02220,,0,,0001,144,40.00000
3922,,PACKINGBATCH,189,03142,,0,,0001,500,130.43810
3923,,PACKINGBATCH,189,02004,,0,,0001,27,234.35071
3924,,PACKING,189,00197,0001,100,1256.72320,0001,100,1256.72320
3925,,Productions,182,03122,,0,,0001,80,24.95938
3926,,PRODUCTIONBATCH,182,01009,,0,,0001,0,2176.62549
3927,,PRODUCTIONBATCH,182,01012,,0,,0001,0,4000.00000
3928,,PRODUCTIONBATCH,182,01041,,0,,0001,0,649.99986
3929,,PRODUCTIONBATCH,182,01043,,0,,0001,0,13.75000
3930,,PRODUCTIONBATCH,182,01045,,0,,0001,1,421.69511
3931,,PRODUCTIONBATCH,182,01058,,0,,0001,0,1450.05753
3932,,Productions,182,03122,0001,80,24.95938,0001,80,24.95941
3933,,PACKING,190,00170,,0,,0001,16,697.72063
3934,,PACKINGBATCH,190,02014,,0,,0001,16,439.68910
3935,,PACKINGBATCH,190,02267,,0,,0001,24,40.00000
3936,,PACKINGBATCH,190,03122,,0,,0001,80,24.95941
3937,,PACKINGBATCH,190,02004,,0,,0001,5,234.35071
3938,,PACKING,190,00170,0001,16,697.72063,0001,16,697.72075
3939,,Productions,183,03010,,0,,0001,40,164.26025
3940,,PRODUCTIONBATCH,183,01023,,0,,0001,0,7043.77043
3941,,PRODUCTIONBATCH,183,01025,,0,,0001,0,7200.00000
3942,,PRODUCTIONBATCH,183,01028,,0,,0001,0,1650.00000
3943,,PRODUCTIONBATCH,183,01041,,0,,0001,0,649.99986
3944,,PRODUCTIONBATCH,183,01045,,0,,0001,0,421.69511
3945,,PRODUCTIONBATCH,183,01050,,0,,0001,0,3051.89514
3946,,PRODUCTIONBATCH,183,01058,,0,,0001,0,1450.05753
3947,,Productions,183,03010,0001,40,164.26025,0001,40,164.26007
3948,,PACKING,191,00051,,0,,0001,8,1369.57625
3949,,PACKINGBATCH,191,02014,,0,,0001,8,439.68910
3950,,PACKINGBATCH,191,02031,,0,,0001,10,40.00000
3951,,PACKINGBATCH,191,03010,,0,,0001,40,164.26007
3952,,PACKINGBATCH,191,02004,,0,,0001,2,234.35071
3953,,PACKING,191,00051,0001,8,1369.57625,0001,8,1369.57713
3954,,Productions,184,03163,,0,,0001,500,17.00000
3955,,PRODUCTIONBATCH,184,01015,,0,,0001,500,17.00000
3956,,Productions,184,03163,0001,500,17.00000,0001,500,17.00000
3957,,PACKING,192,00231,,0,,0001,20,465.00000
3958,,PACKINGBATCH,192,02274,,0,,0001,10,80.00000
3959,,PACKINGBATCH,192,03163,,0,,0001,500,17.00000
3960,,PACKING,192,00231,0001,20,465.00000,0001,20,465.00000
3961,,Productions,185,03014,,0,,0001,250,13.21900
3962,,PRODUCTIONBATCH,185,01003,,0,,0001,250,13.21900
3963,,Productions,185,03014,0001,250,13.21900,0001,250,13.21900
3964,,PACKING,193,00022,,0,,0001,10,485.47500
3965,,PACKINGBATCH,193,02033,,0,,0001,10,155.00000
3966,,PACKINGBATCH,193,03014,,0,,0001,250,13.21900
3967,,PACKING,193,00022,0001,10,485.47500,0001,10,485.47500
3968,,Productions,186,03046,,0,,0001,125,20.41896
3969,,PRODUCTIONBATCH,186,01003,,0,,0001,10,13.21900
3970,,PRODUCTIONBATCH,186,01016,,0,,0001,60,10.00000
3971,,PRODUCTIONBATCH,186,01044,,0,,0001,6,128.02872
3972,,PRODUCTIONBATCH,186,01015,,0,,0001,60,17.00000
3973,,Productions,186,03046,0001,125,20.41896,0001,125,20.41896
3974,,PACKING,194,00220,,0,,0001,5,705.63600
3975,,PACKINGBATCH,194,02258,,0,,0001,5,40.16129
3976,,PACKINGBATCH,194,02307,,0,,0001,5,155.00000
3977,,PACKINGBATCH,194,03046,,0,,0001,125,20.41896
3978,,PACKING,194,00220,0001,5,705.63600,0001,5,705.63529
3979,,Productions,187,03253,,0,,0001,250,16.80952
3980,,PRODUCTIONBATCH,187,01003,,0,,0001,125,13.21900
3981,,PRODUCTIONBATCH,187,01007,,0,,0001,5,35.00000
3982,,PRODUCTIONBATCH,187,01015,,0,,0001,125,17.00000
3983,,PRODUCTIONBATCH,187,01033,,0,,0001,5,50.00000
3984,,Productions,187,03253,0001,250,16.80952,0001,250,16.80950
3985,,PACKING,195,00357,,0,,000,10,621.08700
3986,,PACKINGBATCH,195,02213,,0,,0001,10,155.00000
3987,,PACKINGBATCH,195,02420,,0,,0001,10,45.84906
3988,,PACKINGBATCH,195,03253,,0,,0001,250,16.80950
3989,,PACKING,195,00357,000,10,621.08700,000,10,621.08656
3990,,Productions,188,03224,,0,,0001,240,81.72754
3991,,PRODUCTIONBATCH,188,01023,,0,,0001,1,7043.77043
3992,,PRODUCTIONBATCH,188,01025,,0,,0001,1,7200.00000
3993,,PRODUCTIONBATCH,188,01041,,0,,0001,0,649.99986
3994,,PRODUCTIONBATCH,188,01045,,0,,0001,1,421.69511
3995,,PRODUCTIONBATCH,188,01058,,0,,0001,0,1450.05753
3996,,Productions,188,03224,0001,240,81.72754,0001,240,81.72756
3997,,PACKING,196,00318,,0,,0001,240,285.89046
3998,,PACKINGBATCH,196,02097,,0,,0001,240,199.66292
3999,,PACKINGBATCH,196,03224,,0,,0001,240,81.72756
4000,,PACKINGBATCH,196,02002,,0,,0001,6,180.00000
4001,,PACKING,196,00318,0001,240,285.89046,0001,240,285.89048
4002,,Productions,189,03225,,0,,0001,240,271.36771
4003,,PRODUCTIONBATCH,189,01031,,0,,0001,2,6500.00000
4004,,PRODUCTIONBATCH,189,01041,,0,,0001,1,649.99986
4005,,PRODUCTIONBATCH,189,01048,,0,,0001,0,1500.00000
4006,,PRODUCTIONBATCH,189,01058,,0,,0001,1,1450.05753
4007,,PRODUCTIONBATCH,189,01201,,0,,0001,20,750.00000
4008,,PRODUCTIONBATCH,189,01189,,0,,0001,10,717.02456
4009,,PRODUCTIONBATCH,189,01075,,0,,0001,2,4503.17023
4010,,PRODUCTIONBATCH,189,01019,,0,,0001,2,5000.00000
4011,,Productions,189,03225,0001,240,271.36771,0001,240,271.36767
4012,,PACKING,197,00319,,0,,0001,240,471.03058
4013,,PACKINGBATCH,197,02097,,0,,0001,240,199.66292
4014,,PACKINGBATCH,197,03225,,0,,0001,240,271.36767
4015,,PACKING,197,00319,0001,240,471.03058,0001,240,471.03059
4016,,Productions,190,03223,,0,,0001,240,135.79529
4017,,PRODUCTIONBATCH,190,01004,,0,,0001,0,400.00000
4018,,PRODUCTIONBATCH,190,01009,,0,,0001,0,2176.62549
4019,,PRODUCTIONBATCH,190,01010,,0,,0001,2,2800.00000
4020,,PRODUCTIONBATCH,190,01011,,0,,0001,4,4840.91985
4021,,PRODUCTIONBATCH,190,01041,,0,,0001,0,649.99986
4022,,PRODUCTIONBATCH,190,01058,,0,,0001,0,1450.05753
4023,,Productions,190,03223,0001,240,135.79529,0001,240,135.79525
4024,,PACKING,198,00317,,0,,0001,240,335.45817
4025,,PACKINGBATCH,198,02097,,0,,0001,240,199.66292
4026,,PACKINGBATCH,198,03223,,0,,0001,240,135.79525
4027,,PACKING,198,00317,0001,240,335.45817,0001,240,335.45817
4028,,PurchasesBatch,104,01043,,0,,0001,800,13.75000
4029,,PurchasesBatch,105,02027,,0,,0001,100,40.00000
4030,,PurchasesBatch,105,02440,,0,,0001,45,140.00000
4031,,PurchasesBatch,106,01002,,0,,0001,25,200.00000
4032,,PurchasesBatch,106,01073,,0,,0001,25,330.00000
4033,,PurchasesBatch,107,01034,,0,,0001,75,560.00000
4034,,PurchasesBatch,107,01022,,0,,0001,1,4000.00000
4035,,PurchasesBatch,107,01018,,0,,0001,25,560.00000
4036,,Productions,191,03253,,0,,0001,50,16.80960
4037,,PRODUCTIONBATCH,191,01003,,0,,0001,25,13.21900
4038,,PRODUCTIONBATCH,191,01007,,0,,0001,1,35.00000
4039,,PRODUCTIONBATCH,191,01015,,0,,0001,25,17.00000
4040,,PRODUCTIONBATCH,191,01033,,0,,0001,1,50.00000
4041,,Productions,191,03253,0001,50,16.80960,0001,50,16.80950
4042,,PACKING,199,00357,,0,,0001,2,621.09000
4043,,PACKINGBATCH,199,02213,,0,,0001,2,155.00000
4044,,PACKINGBATCH,199,02420,,0,,0001,2,45.84906
4045,,PACKINGBATCH,199,03253,,0,,0001,50,16.80950
4046,,PACKING,199,00357,0001,2,621.09000,0001,2,621.08656
4047,,Productions,192,03151,,0,,0001,25,62.90560
4048,,PRODUCTIONBATCH,192,01009,,0,,0001,0,2176.62549
4049,,PRODUCTIONBATCH,192,01013,,0,,0001,0,209.76487
4050,,PRODUCTIONBATCH,192,01016,,0,,0001,20,10.00000
4051,,PRODUCTIONBATCH,192,01034,,0,,0001,0,556.05574
4052,,PRODUCTIONBATCH,192,01042,,0,,0001,0,168.72320
4053,,PRODUCTIONBATCH,192,01043,,0,,0001,5,13.75000
4054,,PRODUCTIONBATCH,192,01050,,0,,0001,0,3051.89514
4055,,PRODUCTIONBATCH,192,01052,,0,,0001,0,14500.00000
4056,,PRODUCTIONBATCH,192,01053,,0,,0001,0,17499.52012
4057,,PRODUCTIONBATCH,192,01054,,0,,0001,0,17499.10934
4058,,PRODUCTIONBATCH,192,01056,,0,,0001,0,18697.38365
4059,,PRODUCTIONBATCH,192,01057,,0,,0001,0,14000.00000
4060,,PRODUCTIONBATCH,192,01060,,0,,0001,0,950.00000
4061,,PRODUCTIONBATCH,192,01072,,0,,0001,0,9500.00000
4062,,PRODUCTIONBATCH,192,01073,,0,,0001,0,389.83627
4063,,PRODUCTIONBATCH,192,01143,,0,,0001,0,3200.00000
4064,,Productions,192,03151,0001,25,62.90560,0001,25,62.90576
4065,,PACKING,200,00212,,0,,0001,1,1727.64000
4066,,PACKINGBATCH,200,02307,,0,,0001,1,155.00000
4067,,PACKINGBATCH,200,03151,,0,,0001,25,62.90576
4068,,PACKING,200,00212,0001,1,1727.64000,0001,1,1727.64400
4069,,Productions,193,03270,,0,,0001,1000,71.61851
4070,,PRODUCTIONBATCH,193,01002,,0,,0001,25,234.83283
4071,,PRODUCTIONBATCH,193,01003,,0,,0001,400,13.21900
4072,,PRODUCTIONBATCH,193,01015,,0,,0001,530,17.00000
4073,,PRODUCTIONBATCH,193,01034,,0,,0001,75,556.05574
4074,,PRODUCTIONBATCH,193,01073,,0,,0001,25,389.83627
4075,,Productions,193,03270,0001,1000,71.61851,0001,1000,71.61851
4076,,PACKING,201,00377,,0,,0001,40,2141.71275
4077,,PACKINGBATCH,201,02277,,0,,0001,50,155.00000
4078,,PACKINGBATCH,201,02440,,0,,0001,45,140.00000
4079,,PACKINGBATCH,201,03270,,0,,0001,1000,71.61851
4080,,PACKING,201,00377,0001,40,2141.71275,0001,40,2141.71275
4081,,Productions,194,03019,,0,,0001,25,47.19840
4082,,PRODUCTIONBATCH,194,01003,,0,,0001,25,13.21900
4083,,PRODUCTIONBATCH,194,01033,,0,,0001,2,50.00000
4084,,PRODUCTIONBATCH,194,01059,,0,,0001,10,72.44776
4085,,Productions,194,03019,0001,25,47.19840,0001,25,47.19810
4086,,PACKING,202,00040,,0,,0001,1,1374.95000
4087,,PACKINGBATCH,202,02042,,0,,0001,1,40.00000
4088,,PACKINGBATCH,202,02213,,0,,0001,1,155.00000
4089,,PACKINGBATCH,202,03019,,0,,0001,25,47.19810
4090,,PACKING,202,00040,0001,1,1374.95000,0001,1,1374.95250
4091,,Productions,195,03001,,0,,0001,2275,10.67560
4092,,PRODUCTIONBATCH,195,01016,,0,,0001,301,10.00000
4093,,PRODUCTIONBATCH,195,01042,,0,,0001,27,168.72320
4094,,PRODUCTIONBATCH,195,01043,,0,,0001,455,13.75000
4095,,PRODUCTIONBATCH,195,01050,,0,,0001,3,3051.89514
4096,,Productions,195,03001,0001,2275,10.67560,0001,2275,10.67560
4097,,PACKING,203,00016,,0,,0001,91,421.89000
4098,,PACKINGBATCH,203,02032,,0,,0001,91,155.00000
4099,,PACKINGBATCH,203,03001,,0,,0001,2275,10.67560
4100,,PACKING,203,00016,0001,91,421.89000,0001,91,421.89000
4101,,Productions,196,03003,,0,,0001,320,33.75847
4102,,PRODUCTIONBATCH,196,01013,,0,,0001,4,209.76487
4103,,PRODUCTIONBATCH,196,01022,,0,,0001,0,4000.00000
4104,,PRODUCTIONBATCH,196,01038,,0,,0001,4,650.00000
4105,,PRODUCTIONBATCH,196,01043,,0,,0001,1,13.75000
4106,,PRODUCTIONBATCH,196,01048,,0,,0001,1,1500.00000
4107,,PRODUCTIONBATCH,196,01056,,0,,0001,0,18697.38365
4108,,PRODUCTIONBATCH,196,01058,,0,,0001,1,1450.05753
4109,,Productions,196,03003,0001,320,33.75847,0001,320,33.75846
4110,,PACKING,204,00032,,0,,0001,120,248.83808
4111,,PACKINGBATCH,204,02097,,0,,0001,120,199.66292
4112,,PACKINGBATCH,204,03003,,0,,0001,120,33.75846
4113,,PACKINGBATCH,204,02059,,0,,0001,10,185.00000
4114,,PACKING,204,00032,0001,120,248.83808,0001,120,248.83805
4115,,PACKING,205,00049,,0,,0001,40,717.06900
4116,,PACKINGBATCH,205,02014,,0,,0001,40,439.68910
4117,,PACKINGBATCH,205,02027,,0,,0001,50,40.00000
4118,,PACKINGBATCH,205,03003,,0,,0001,200,33.75846
4119,,PACKINGBATCH,205,02004,,0,,0001,10,234.35071
4120,,PACKING,205,00049,0001,40,717.06900,0001,40,717.06908
4121,,PurchasesBatch,108,02420,,0,,0001,10,140.00000
4122,,PurchasesBatch,108,02058,,0,,0001,6,140.00000
4123,,PurchasesBatch,108,02329,,0,,0001,25,240.00000
4124,,PurchasesBatch,108,02291,,0,,0001,64,40.00000
4125,,PurchasesBatch,108,02330,,0,,0001,80,80.00000
4126,,PurchasesBatch,108,00374,,0,,0001,15,75.00000
4127,,PurchasesBatch,108,02438,,0,,0001,6,140.00000
4128,,PurchasesBatch,109,01019,,0,,0001,3,5000.00000
4129,,PurchasesBatch,109,01075,,0,,0001,3,4500.00000
4130,,PurchasesBatch,109,01047,,0,,0001,150,68.00000
4131,,PurchasesBatch,110,01002,,0,,0001,25,280.00000
4132,,PurchasesBatch,110,01201,,0,,0001,15,750.00000
4133,,PurchasesBatch,110,01187,,0,,0001,25,400.00000
4134,,PurchasesBatch,111,02054,,0,,0001,27,200.00000
4135,,PurchasesBatch,112,02014,,0,,0001,510,440.00000
4136,,Productions,197,03190,,0,,0001,300,264.47693
4137,,PRODUCTIONBATCH,197,01019,,0,,0001,4,5000.00000
4138,,PRODUCTIONBATCH,197,01031,,0,,0001,3,6500.00000
4139,,PRODUCTIONBATCH,197,01041,,0,,0001,1,649.99986
4140,,PRODUCTIONBATCH,197,01058,,0,,0001,0,1450.05753
4141,,PRODUCTIONBATCH,197,01075,,0,,0001,3,4500.75941
4142,,PRODUCTIONBATCH,197,01189,,0,,0001,15,717.02456
4143,,PRODUCTIONBATCH,197,01201,,0,,0001,15,750.00000
4144,,Productions,197,03190,0001,300,264.47693,0001,300,264.47693
4145,,PACKING,206,00274,,0,,0001,60,1935.35883
4146,,PACKINGBATCH,206,02014,,0,,0001,60,439.90810
4147,,PACKINGBATCH,206,02330,,0,,0001,80,80.00000
4148,,PACKINGBATCH,206,03190,,0,,0001,300,264.47693
4149,,PACKINGBATCH,206,02004,,0,,0001,17,234.35071
4150,,PACKING,206,00274,0001,60,1935.35883,0001,60,1935.35879
4151,,Productions,198,03265,,0,,0001,100,84.24140
4152,,PRODUCTIONBATCH,198,01009,,0,,0001,3,2176.62549
4153,,PRODUCTIONBATCH,198,01041,,0,,0001,0,649.99986
4154,,PRODUCTIONBATCH,198,01045,,0,,0001,2,421.69511
4155,,PRODUCTIONBATCH,198,01058,,0,,0001,0,1450.05753
4156,,Productions,198,03265,0001,100,84.24140,0001,100,84.24137
4157,,PACKING,207,00371,,0,,001,20,1051.42000
4158,,PACKINGBATCH,207,02014,,0,,0001,20,439.90810
4159,,PACKINGBATCH,207,02435,,0,,0001,30,80.00000
4160,,PACKINGBATCH,207,03265,,0,,0001,100,84.24137
4161,,PACKINGBATCH,207,02004,,0,,0001,6,234.35071
4162,,PACKING,207,00371,001,20,1051.42000,001,20,1051.42016
4163,,Productions,199,03266,,0,,0001,100,21.58620
4164,,PRODUCTIONBATCH,199,01009,,0,,0001,0,2176.62549
4165,,PRODUCTIONBATCH,199,01013,,0,,0001,0,209.76487
4166,,PRODUCTIONBATCH,199,01034,,0,,0001,0,556.05574
4167,,PRODUCTIONBATCH,199,01041,,0,,0001,0,649.99986
4168,,PRODUCTIONBATCH,199,01045,,0,,0001,1,421.69511
4169,,PRODUCTIONBATCH,199,01058,,0,,0001,0,1450.05753
4170,,Productions,199,03266,0001,100,21.58620,0001,100,21.58613
4171,,PACKING,208,00372,,0,,0001,20,757.86100
4172,,PACKINGBATCH,208,02014,,0,,0001,20,439.90810
4173,,PACKINGBATCH,208,02436,,0,,0001,32,80.00000
4174,,PACKINGBATCH,208,03266,,0,,0001,100,21.58613
4175,,PACKINGBATCH,208,02004,,0,,0001,7,234.35071
4176,,PACKING,208,00372,0001,20,757.86100,0001,20,757.86150
4177,,OpeningBatch,81,00019,0001,56,1440.00000,0001,56,1440.00000
4178,,OpeningBatch,101,00363,0001,934,14000.00000,0001,934,14000.00000
4179,,OpeningBatch,102,00357,0001,2,10000.00000,0001,2,10000.00000
4180,,OpeningBatch,103,00053,0001,4,9000.00000,0001,4,9000.00000
4181,,OpeningBatch,108,00124,0001,146,5000.00000,0001,150,5000.00000
4182,,OpeningBatch,111,00369,0001,288,300.00000,0001,288,300.00000
4183,,Productions,200,03197,,0,,0001,150,152.78753
4184,,PRODUCTIONBATCH,200,01002,,0,,0001,20,259.87006
4185,,PRODUCTIONBATCH,200,01004,,0,,0001,0,400.00000
4186,,PRODUCTIONBATCH,200,01041,,0,,0001,0,649.99986
4187,,PRODUCTIONBATCH,200,01047,,0,,0001,135,68.00000
4188,,PRODUCTIONBATCH,200,01055,,0,,0001,5,1549.33397
4189,,PRODUCTIONBATCH,200,01105,,0,,0001,0,414.58858
4190,,Productions,200,03197,0001,150,152.78753,0001,150,152.78757
4191,,PACKING,209,00285,,0,,0001,150,244.62093
4192,,PACKINGBATCH,209,02341,,0,,0001,55,30.00000
4193,,PACKINGBATCH,209,03197,,0,,0001,150,152.78757
4194,,PACKINGBATCH,209,00374,,0,,0001,15,75.00000
4195,,PACKINGBATCH,209,02140,,0,,0001,10,1100.00000
4196,,PACKING,209,00285,0001,150,244.62093,0001,150,244.62090
4197,,Productions,201,03268,,0,,0001,75,13.21907
4198,,PRODUCTIONBATCH,201,01003,,0,,0001,75,13.21900
4199,,Productions,201,03268,0001,75,13.21907,0001,75,13.21900
4200,,PACKING,210,00375,,0,,0001,3,718.81000
4201,,PACKINGBATCH,210,02277,,0,,0001,3,155.00000
4202,,PACKINGBATCH,210,02438,,0,,0001,5,140.00000
4203,,PACKINGBATCH,210,03268,,0,,0001,75,13.21900
4204,,PACKING,210,00375,0001,3,718.81000,0001,3,718.80833
4205,,Productions,202,03163,,0,,0001,750,17.00000
4206,,PRODUCTIONBATCH,202,01015,,0,,0001,750,17.00000
4207,,Productions,202,03163,0001,750,17.00000,0001,750,17.00000
4208,,PACKING,211,00231,,0,,0001,30,433.00000
4209,,PACKINGBATCH,211,02274,,0,,0001,3,80.00000
4210,,PACKINGBATCH,211,03163,,0,,0001,750,17.00000
4211,,PACKING,211,00231,0001,30,433.00000,0001,30,433.00000
4212,,Productions,203,03045,,0,,0001,50,13.97520
4213,,PRODUCTIONBATCH,203,01003,,0,,0001,40,13.21900
4214,,PRODUCTIONBATCH,203,01015,,0,,0001,10,17.00000
4215,,Productions,203,03045,0001,50,13.97520,0001,50,13.97520
4216,,PACKING,212,00074,,0,,0001,2,924.38000
4217,,PACKINGBATCH,212,02058,,0,,0001,6,140.00000
4218,,PACKINGBATCH,212,02307,,0,,0001,2,155.00000
4219,,PACKINGBATCH,212,03045,,0,,0001,50,13.97520
4220,,PACKING,212,00074,0001,2,924.38000,0001,2,924.38000
4221,,Productions,204,03011,,0,,0001,40,129.35800
4222,,PRODUCTIONBATCH,204,01010,,0,,0001,0,2800.00000
4223,,PRODUCTIONBATCH,204,01011,,0,,0001,0,4840.91985
4224,,PRODUCTIONBATCH,204,01012,,0,,0001,0,4000.00000
4225,,PRODUCTIONBATCH,204,01013,,0,,0001,0,209.76487
4226,,PRODUCTIONBATCH,204,01038,,0,,0001,0,650.00000
4227,,PRODUCTIONBATCH,204,01043,,0,,0001,0,13.75000
4228,,PRODUCTIONBATCH,204,01058,,0,,0001,0,1450.05753
4229,,PRODUCTIONBATCH,204,01184,,0,,0001,2,366.66671
4230,,Productions,204,03011,0001,40,129.35800,0001,40,129.35805
4231,,PACKING,213,00052,,0,,0001,8,1204.57875
4232,,PACKINGBATCH,213,02014,,0,,0001,8,439.90810
4233,,PACKINGBATCH,213,02029,,0,,0001,12,20.00000
4234,,PACKINGBATCH,213,03011,,0,,0001,40,129.35805
4235,,PACKINGBATCH,213,02004,,0,,0001,3,234.35071
4236,,PACKING,213,00052,0001,8,1204.57875,0001,8,1204.57987
4237,,Productions,205,03010,,0,,0001,60,156.01000
4238,,PRODUCTIONBATCH,205,01023,,0,,0001,0,7043.77043
4239,,PRODUCTIONBATCH,205,01025,,0,,0001,0,7200.00000
4240,,PRODUCTIONBATCH,205,01041,,0,,0001,0,649.99986
4241,,PRODUCTIONBATCH,205,01045,,0,,0001,0,421.69511
4242,,PRODUCTIONBATCH,205,01050,,0,,0001,0,3051.89514
4243,,PRODUCTIONBATCH,205,01058,,0,,0001,0,1450.05753
4244,,Productions,205,03010,0001,60,156.01000,0001,60,156.01007
4245,,PACKING,214,00051,,0,,0001,12,1364.27083
4246,,PACKINGBATCH,214,02014,,0,,0001,12,439.90810
4247,,PACKINGBATCH,214,02031,,0,,0001,14,40.00000
4248,,PACKINGBATCH,214,03010,,0,,0001,60,156.01007
4249,,PACKINGBATCH,214,02004,,0,,0001,5,234.35071
4250,,PACKING,214,00051,0001,12,1364.27083,0001,12,1364.27125
4251,,Productions,206,03120,,0,,0001,20,55.68000
4252,,PRODUCTIONBATCH,206,01041,,0,,0001,0,649.99986
4253,,PRODUCTIONBATCH,206,01052,,0,,0001,0,14500.00000
4254,,PRODUCTIONBATCH,206,01055,,0,,0001,0,1549.33397
4255,,PRODUCTIONBATCH,206,01058,,0,,0001,0,1450.05753
4256,,Productions,206,03120,0001,20,55.68000,0001,20,55.68013
4257,,PACKING,215,00266,,0,,0001,4,1012.65750
4258,,PACKINGBATCH,215,02014,,0,,0001,4,439.90810
4259,,PACKINGBATCH,215,02271,,0,,0001,6,40.00000
4260,,PACKINGBATCH,215,03120,,0,,0001,20,55.68013
4261,,PACKINGBATCH,215,02004,,0,,0001,4,234.35071
4262,,PACKING,215,00266,0001,4,1012.65750,0001,4,1012.65946
4263,,Productions,207,03116,,0,,0001,40,211.16375
4264,,PRODUCTIONBATCH,207,01017,,0,,0001,0,3370.67997
4265,,PRODUCTIONBATCH,207,01031,,0,,0001,0,6500.00000
4266,,PRODUCTIONBATCH,207,01041,,0,,0001,0,649.99986
4267,,PRODUCTIONBATCH,207,01048,,0,,0001,0,1500.00000
4268,,PRODUCTIONBATCH,207,01058,,0,,0001,0,1450.05753
4269,,Productions,207,03116,0001,40,211.16375,0001,40,211.16383
4270,,PACKING,216,00163,,0,,0001,8,1702.19500
4271,,PACKINGBATCH,216,02014,,0,,0001,8,439.90810
4272,,PACKINGBATCH,216,02357,,0,,0001,12,40.00000
4273,,PACKINGBATCH,216,03116,,0,,0001,40,211.16383
4274,,PACKINGBATCH,216,02004,,0,,0001,5,234.35071
4275,,PACKING,216,00163,0001,8,1702.19500,0001,8,1702.19644
4276,,Productions,208,03029,,0,,0001,20,25.17050
4277,,PRODUCTIONBATCH,208,01004,,0,,0001,0,400.00000
4278,,PRODUCTIONBATCH,208,01009,,0,,0001,0,2176.62549
4279,,PRODUCTIONBATCH,208,01021,,0,,0001,0,399.62005
4280,,PRODUCTIONBATCH,208,01022,,0,,0001,0,4000.00000
4281,,PRODUCTIONBATCH,208,01041,,0,,0001,0,649.99986
4282,,PRODUCTIONBATCH,208,01060,,0,,0001,0,950.00000
4283,,Productions,208,03029,0001,20,25.17050,0001,20,25.17038
4284,,PACKING,217,00072,,0,,0001,4,802.93500
4285,,PACKINGBATCH,217,02014,,0,,0001,4,439.90810
4286,,PACKINGBATCH,217,02028,,0,,0001,12,40.00000
4287,,PACKINGBATCH,217,03029,,0,,0001,20,25.17038
4288,,PACKINGBATCH,217,02004,,0,,0001,2,234.35071
4289,,PACKING,217,00072,0001,4,802.93500,0001,4,802.93536
4290,,Productions,209,03147,,0,,0001,50,13.21900
4291,,PRODUCTIONBATCH,209,01003,,0,,0001,50,13.21900
4292,,Productions,209,03147,0001,50,13.21900,0001,50,13.21900
4293,,PACKING,218,00209,,0,,0001,2,905.47500
4294,,PACKINGBATCH,218,02234,,0,,0001,6,140.00000
4295,,PACKINGBATCH,218,02307,,0,,0001,2,155.00000
4296,,PACKINGBATCH,218,03147,,0,,0001,50,13.21900
4297,,PACKING,218,00209,0001,2,905.47500,0001,2,905.47500
4298,,Productions,210,03053,,0,,0001,50,35.84320
4299,,PRODUCTIONBATCH,210,01003,,0,,0001,10,13.21900
4300,,PRODUCTIONBATCH,210,01015,,0,,0001,40,17.00000
4301,,PRODUCTIONBATCH,210,01053,,0,,0001,0,17499.52012
4302,,PRODUCTIONBATCH,210,01054,,0,,0001,0,17499.10934
4303,,PRODUCTIONBATCH,210,01057,,0,,0001,0,14000.00000
4304,,Productions,210,03053,0001,50,35.84320,0001,50,35.84325
4305,,PACKING,219,00076,,0,,0001,2,1376.08000
4306,,PACKINGBATCH,219,02054,,0,,0001,2,200.00000
4307,,PACKINGBATCH,219,02060,,0,,0001,4,140.00000
4308,,PACKINGBATCH,219,03053,,0,,0001,50,35.84325
4309,,PACKING,219,00076,0001,2,1376.08000,0001,2,1376.08125
4310,,Productions,211,03189,,0,,0001,500,23.36082
4311,,PRODUCTIONBATCH,211,01003,,0,,0001,500,13.21900
4312,,PRODUCTIONBATCH,211,01115,,0,,0001,1,1200.00000
4313,,PRODUCTIONBATCH,211,01187,,0,,0001,10,387.09074
4314,,Productions,211,03189,0001,500,23.36082,0001,500,23.36082
4315,,PACKING,220,00273,,0,,0001,20,1134.02050
4316,,PACKINGBATCH,220,02054,,0,,0001,25,200.00000
4317,,PACKINGBATCH,220,02329,,0,,0001,25,240.00000
4318,,PACKINGBATCH,220,03189,,0,,0001,500,23.36082
4319,,PACKING,220,00273,0001,20,1134.02050,0001,20,1134.02050
4320,,Productions,212,03253,,0,,0001,75,20.77613
4321,,PRODUCTIONBATCH,212,01003,,0,,0001,37,13.21900
4322,,PRODUCTIONBATCH,212,01007,,0,,0001,5,35.00000
4323,,PRODUCTIONBATCH,212,01015,,0,,0001,37,17.00000
4324,,PRODUCTIONBATCH,212,01033,,0,,0001,5,50.00000
4325,,Productions,212,03253,0001,75,20.77613,0001,75,20.77617
4326,,PACKING,221,00357,,0,,0001,3,753.79000
4327,,PACKINGBATCH,221,02213,,0,,0001,3,155.00000
4328,,PACKINGBATCH,221,02420,,0,,0001,5,47.63222
4329,,PACKINGBATCH,221,03253,,0,,0001,75,20.77617
4330,,PACKING,221,00357,0001,3,753.79000,0001,3,753.79128
4331,,PurchasesBatch,113,02258,,0,,0001,20,140.00000
4332,,PurchasesBatch,113,02245,,0,,0001,365,40.00000
4333,,PurchasesBatch,113,02160,,0,,0001,386,40.00000
4334,,OpeningBatch,81,00019,0001,56,1440.00000,0001,56,1440.00000
4335,,OpeningBatch,101,00363,0001,934,14000.00000,0001,934,14000.00000
4336,,OpeningBatch,102,00357,0001,2,10000.00000,0001,2,10000.00000
4337,,OpeningBatch,103,00053,0001,4,9000.00000,0001,4,9000.00000
4338,,OpeningBatch,108,00124,0001,150,5000.00000,0001,150,5000.00000
4339,,OpeningBatch,111,00369,0001,288,300.00000,0001,5080,300.00000
4340,,OpeningBatch,1,01002,0001,25,200.00000,0001,25,200.00000
4341,,OpeningBatch,2,01195,0001,35,380.00000,0001,35,380.00000
4342,,OpeningBatch,3,01010,0001,27,2800.00000,0001,27,2800.00000
4343,,OpeningBatch,4,01005,0001,12,1500.00000,0001,12,1500.00000
4344,,OpeningBatch,5,01009,0001,65,1650.00000,0001,65,1650.00000
4345,,OpeningBatch,6,01001,0001,4,1850.00000,0001,4,1850.00000
4346,,OpeningBatch,7,01184,0001,25,367.00000,0001,25,367.00000
4347,,OpeningBatch,8,01003,0001,150,17.00000,0001,150,17.00000
4348,,OpeningBatch,9,01011,0001,2,4000.00000,0001,2,4000.00000
4349,,OpeningBatch,10,01012,0001,7,4000.00000,0001,7,4000.00000
4350,,OpeningBatch,11,01115,0001,19,1200.00000,0001,19,1200.00000
4351,,OpeningBatch,12,01027,0001,14,350.00000,0001,14,350.00000
4352,,OpeningBatch,13,01013,0001,15,160.00000,0001,15,160.00000
4353,,OpeningBatch,14,01015,0001,2750,17.00000,0001,2750,17.00000
4354,,OpeningBatch,15,01016,0001,20000,10.00000,0001,30000,10.00000
4355,,OpeningBatch,16,01021,0001,7,380.00000,0001,7,380.00000
4356,,OpeningBatch,17,01020,0001,560,350.00000,0001,560,350.00000
4357,,OpeningBatch,18,01023,0001,10,5500.00000,0001,10,5500.00000
4358,,OpeningBatch,19,01025,000,8,4500.00000,000,8,4500.00000
4359,,OpeningBatch,20,01028,0001,3,1650.00000,0001,3,1650.00000
4360,,OpeningBatch,21,01104,0001,15,1100.00000,0001,15,1100.00000
4361,,OpeningBatch,22,01031,0001,42,6500.00000,0001,42,6500.00000
4362,,OpeningBatch,23,01034,0001,16,380.00000,0001,16,380.00000
4363,,OpeningBatch,24,01117,0001,2,420.00000,0001,2,420.00000
4364,,OpeningBatch,25,01175,0001,35,320.00000,0001,35,320.00000
4365,,OpeningBatch,26,01038,0001,65,650.00000,0001,65,650.00000
4366,,OpeningBatch,27,01039,0001,20,4000.00000,0001,20,4000.00000
4367,,OpeningBatch,28,01019,0001,2,5000.00000,0001,2,5000.00000
4368,,OpeningBatch,29,01041,0001,32,620.00000,0001,32,620.00000
4369,,OpeningBatch,30,01042,0001,40,180.00000,0001,40,180.00000
4370,,OpeningBatch,31,01044,0001,48,132.00000,0001,48,132.00000
4371,,OpeningBatch,32,01046,0001,20,16500.00000,0001,20,16500.00000
4372,,OpeningBatch,33,01187,0001,24,200.00000,0001,24,200.00000
4373,,OpeningBatch,34,01105,0001,9,290.00000,0001,9,290.00000
4374,,OpeningBatch,35,01048,0001,16,1500.00000,0001,16,1500.00000
4375,,OpeningBatch,36,01050,0001,15,2900.00000,0001,15,2900.00000
4376,,OpeningBatch,37,01133,0001,25,1300.00000,0001,25,1300.00000
4377,,OpeningBatch,38,01017,0001,11,3200.00000,0001,11,3200.00000
4378,,OpeningBatch,39,01052,0001,8,14500.00000,0001,8,14500.00000
4379,,OpeningBatch,40,01053,0001,0,15500.00000,0001,0,15500.00000
4380,,OpeningBatch,41,01054,0001,1,16000.00000,0001,1,16000.00000
4381,,OpeningBatch,42,01143,0001,60,3200.00000,0001,60,3200.00000
4382,,OpeningBatch,43,01057,0001,5,14000.00000,0001,5,14000.00000
4383,,OpeningBatch,44,01055,0001,3,1300.00000,0001,3,1300.00000
4384,,OpeningBatch,45,01056,0001,6,16500.00000,0001,6,16500.00000
4385,,OpeningBatch,46,01072,0001,5,9500.00000,0001,5,9500.00000
4386,,OpeningBatch,47,01075,0001,1,5000.00000,0001,1,5000.00000
4387,,OpeningBatch,48,01060,0001,25,950.00000,0001,25,950.00000
4388,,OpeningBatch,49,01058,0001,23,1600.00000,0001,23,1600.00000
4389,,OpeningBatch,50,01189,0001,50,590.00000,0001,50,590.00000
4390,,OpeningBatch,51,01080,0001,2,4500.00000,0001,2,4500.00000
4391,,OpeningBatch,52,01036,0001,265,750.00000,0001,265,750.00000
4392,,OpeningBatch,53,01045,0001,120,680.00000,0001,120,680.00000
4393,,OpeningBatch,54,01201,0001,60,600.00000,0001,60,600.00000
4394,,Productions,213,03021,,0,,0001,4360,61.60615
4395,,PRODUCTIONBATCH,213,01009,,0,,0001,0,2176.62549
4396,,PRODUCTIONBATCH,213,01013,,0,,0001,2,209.76487
4397,,PRODUCTIONBATCH,213,01016,,0,,0001,3488,10.00000
4398,,PRODUCTIONBATCH,213,01034,,0,,0001,8,556.05574
4399,,PRODUCTIONBATCH,213,01042,,0,,0001,52,168.72320
4400,,PRODUCTIONBATCH,213,01043,,0,,0001,872,13.75000
4401,,PRODUCTIONBATCH,213,01050,,0,,0001,6,3051.89514
4402,,PRODUCTIONBATCH,213,01052,,0,,0001,2,14500.00000
4403,,PRODUCTIONBATCH,213,01053,,0,,0001,2,17499.52012
4404,,PRODUCTIONBATCH,213,01054,,0,,0001,1,17499.10934
4405,,PRODUCTIONBATCH,213,01056,,0,,0001,0,18697.38365
4406,,PRODUCTIONBATCH,213,01057,,0,,0001,0,14000.00000
4407,,PRODUCTIONBATCH,213,01072,,0,,0001,1,9500.00000
4408,,PRODUCTIONBATCH,213,01073,,0,,0001,1,389.83627
4409,,PRODUCTIONBATCH,213,01143,,0,,0001,13,3200.00000
4410,,Productions,213,03021,0001,4360,61.60615,0001,4360,61.60615
4411,,PACKING,222,00026,,0,,0001,1860,61.60615
4412,,PACKINGBATCH,222,03021,,0,,0001,1860,61.60615
4413,,PACKING,222,00026,0001,1860,61.60615,0001,1860,61.60615
4414,,PACKING,223,00028,,0,,0001,100,1540.15380
4415,,PACKINGBATCH,223,03021,,0,,0001,2500,61.60615
4416,,PACKING,223,00028,0001,100,1540.15380,0001,100,1540.15375
4417,,Productions,214,03046,,0,,0001,250,19.89364
4418,,PRODUCTIONBATCH,214,01003,,0,,0001,2,13.21900
4419,,PRODUCTIONBATCH,214,01016,,0,,0001,130,10.00000
4420,,PRODUCTIONBATCH,214,01044,,0,,0001,12,128.02872
4421,,PRODUCTIONBATCH,214,01015,,0,,0001,120,17.00000
4422,,Productions,214,03046,0001,250,19.89364,0001,250,19.89363
4423,,PACKING,224,00220,,0,,0001,10,731.90700
4424,,PACKINGBATCH,224,02258,,0,,0001,15,53.04370
4425,,PACKINGBATCH,224,02307,,0,,0001,10,155.00000
4426,,PACKINGBATCH,224,03046,,0,,0001,250,19.89363
4427,,PACKING,224,00220,0001,10,731.90700,0001,10,731.90630
4428,,Productions,215,03019,,0,,0001,25,40.58880
4429,,PRODUCTIONBATCH,215,01003,,0,,0001,12,13.21900
4430,,PRODUCTIONBATCH,215,01033,,0,,0001,2,50.00000
4431,,PRODUCTIONBATCH,215,01059,,0,,0001,10,72.44776
4432,,Productions,215,03019,0001,25,40.58880,0001,25,40.58860
4433,,PACKING,225,00040,,0,,0001,1,1209.72000
4434,,PACKINGBATCH,225,02042,,0,,0001,1,40.00000
4435,,PACKINGBATCH,225,02213,,0,,0001,1,155.00000
4436,,PACKINGBATCH,225,03019,,0,,0001,25,40.58860
4437,,PACKING,225,00040,0001,1,1209.72000,0001,1,1209.71500
4438,,Productions,216,03014,,0,,0001,25,13.21920
4439,,PRODUCTIONBATCH,216,01003,,0,,0001,25,13.21900
4440,,Productions,216,03014,0001,25,13.21920,0001,25,13.21900
4441,,PACKING,226,00022,,0,,0001,1,485.48000
4442,,PACKINGBATCH,226,02033,,0,,0001,1,155.00000
4443,,PACKINGBATCH,226,03014,,0,,0001,25,13.21900
4444,,PACKING,226,00022,0001,1,485.48000,0001,1,485.47500
4445,,Productions,217,03018,,0,,0001,80,65.19075
4446,,PRODUCTIONBATCH,217,01027,,0,,0001,8,382.05128
4447,,PRODUCTIONBATCH,217,01041,,0,,0001,0,649.99986
4448,,PRODUCTIONBATCH,217,01043,,0,,0001,7,13.75000
4449,,PRODUCTIONBATCH,217,01050,,0,,0001,0,3051.89514
4450,,PRODUCTIONBATCH,217,01058,,0,,0001,0,1450.05753
4451,,PRODUCTIONBATCH,217,01073,,0,,0001,3,389.83627
4452,,Productions,217,03018,0001,80,65.19075,0001,80,65.19074
4453,,PACKING,227,00008,,0,,0001,800,31.40331
4454,,PACKINGBATCH,227,02020,,0,,0001,850,12.00000
4455,,PACKINGBATCH,227,03018,,0,,0001,80,65.19074
4456,,PACKINGBATCH,227,02010,,0,,0001,850,9.12281
4457,,PACKINGBATCH,227,02006,,0,,0001,9,217.00000
4458,,PACKING,227,00008,0001,800,31.40331,0001,800,31.40331
4459,,PurchasesBatch,114,01019,,0,,0001,1,5500.00000
4460,,PurchasesBatch,114,01075,,0,,0001,1,5500.00000
4461,,PurchasesBatch,114,01070,,0,,0001,1,5000.00000
4462,,PurchasesBatch,114,01028,,0,,0001,60,1650.00000
4463,,PurchasesBatch,114,01050,,0,,0001,25,3100.00000
4464,,PurchasesBatch,115,01020,,0,,0001,595,350.00000
4465,,PurchasesBatch,115,01184,,0,,0001,90,366.66667
4466,,PurchasesBatch,116,02366,,0,,0001,30,40.00000
4467,,PurchasesBatch,116,02031,,0,,0001,60,40.00000
4468,,PurchasesBatch,116,02346,,0,,0001,280,40.00000
4469,,PurchasesBatch,116,02265,,0,,0001,140,40.00000
4470,,PurchasesBatch,116,02220,,0,,0001,140,40.00000
4471,,PurchasesBatch,116,02441,,0,,0001,70,40.00000
4472,,PurchasesBatch,116,02442,,0,,0001,140,40.00000
4473,,PurchasesBatch,116,02258,,0,,0001,300,40.00000
4474,,PurchasesBatch,116,02385,,0,,0001,400,20.00000
4475,,PurchasesBatch,116,02027,,0,,0001,400,20.00000
4476,,PurchasesBatch,116,02405,,0,,0001,60,75.00000
4477,,PurchasesBatch,117,02014,,0,,0001,391,440.00000
4478,,PurchasesBatch,117,02097,,0,,0001,660,230.00000
4479,,Productions,218,03217,,0,,0001,100,206.45850
4480,,PRODUCTIONBATCH,218,01010,,0,,0001,1,2800.00000
4481,,PRODUCTIONBATCH,218,01038,,0,,0001,2,650.00000
4482,,PRODUCTIONBATCH,218,01041,,0,,0001,0,649.99986
4483,,PRODUCTIONBATCH,218,01045,,0,,0001,3,421.69511
4484,,PRODUCTIONBATCH,218,01046,,0,,0001,1,13130.72776
4485,,PRODUCTIONBATCH,218,01058,,0,,0001,0,1450.05753
4486,,PRODUCTIONBATCH,218,01184,,0,,0001,3,366.66668
4487,,Productions,218,03217,0001,100,206.45850,0001,100,206.45842
4488,,PACKING,228,00309,,0,,0001,20,1614.25950
4489,,PACKINGBATCH,228,02014,,0,,0001,20,439.94480
4490,,PACKINGBATCH,228,02366,,0,,0001,30,40.00000
4491,,PACKINGBATCH,228,03217,,0,,0001,100,206.45842
4492,,PACKINGBATCH,228,02004,,0,,0001,7,234.35071
4493,,PACKING,228,00309,0001,20,1614.25950,0001,20,1614.25965
4494,,Productions,219,03094,,0,,001,120,161.51542
4495,,PRODUCTIONBATCH,219,01004,,0,,0001,2,400.00000
4496,,PRODUCTIONBATCH,219,01009,,0,,0001,1,2176.62549
4497,,PRODUCTIONBATCH,219,01028,,0,,0001,7,1650.00000
4498,,PRODUCTIONBATCH,219,01045,,0,,0001,6,421.69511
4499,,PRODUCTIONBATCH,219,01058,,0,,0001,0,1450.05753
4500,,PRODUCTIONBATCH,219,01041,,0,,0001,0,649.99986
4501,,Productions,219,03094,001,120,161.51542,001,120,161.51540
4502,,PACKING,229,00206,,0,,0001,120,421.64283
4503,,PACKINGBATCH,229,02097,,0,,0001,120,222.21075
4504,,PACKINGBATCH,229,02403,,0,,0001,135,20.00000
4505,,PACKINGBATCH,229,03094,,0,,001,120,161.51540
4506,,PACKINGBATCH,229,02059,,0,,0001,10,185.00000
4507,,PACKING,229,00206,0001,120,421.64283,0001,120,421.64282
4508,,Productions,220,03236,,0,,0001,60,87.08533
4509,,PRODUCTIONBATCH,220,01010,,0,,0001,0,2800.00000
4510,,PRODUCTIONBATCH,220,01011,,0,,0001,0,4840.91985
4511,,PRODUCTIONBATCH,220,01012,,0,,0001,0,4000.00000
4512,,PRODUCTIONBATCH,220,01013,,0,,0001,0,209.76487
4513,,PRODUCTIONBATCH,220,01020,,0,,0001,0,350.00000
4514,,PRODUCTIONBATCH,220,01028,,0,,0001,0,1650.00000
4515,,PRODUCTIONBATCH,220,01041,,0,,0001,0,649.99986
4516,,PRODUCTIONBATCH,220,01045,,0,,0001,0,421.69511
4517,,PRODUCTIONBATCH,220,01058,,0,,0001,0,1450.05753
4518,,PRODUCTIONBATCH,220,01184,,0,,0001,6,366.66668
4519,,Productions,220,03236,0001,60,87.08533,0001,60,87.08528
4520,,PACKING,230,00378,,0,,0001,60,374.46283
4521,,PACKINGBATCH,230,02097,,0,,0001,60,222.21075
4522,,PACKINGBATCH,230,02441,,0,,0001,70,40.00000
4523,,PACKINGBATCH,230,03236,,0,,0001,60,87.08528
4524,,PACKINGBATCH,230,02059,,0,,0001,6,185.00000
4525,,PACKING,230,00378,0001,60,374.46283,0001,60,374.46270
4526,,Productions,221,03028,,0,,0001,120,274.39017
4527,,PRODUCTIONBATCH,221,01017,,0,,0001,0,3370.67997
4528,,PRODUCTIONBATCH,221,01019,,0,,0001,1,5473.93365
4529,,PRODUCTIONBATCH,221,01031,,0,,0001,1,6500.00000
4530,,PRODUCTIONBATCH,221,01041,,0,,0001,0,649.99986
4531,,PRODUCTIONBATCH,221,01045,,0,,0001,6,421.69511
4532,,PRODUCTIONBATCH,221,01058,,0,,0001,0,1450.05753
4533,,PRODUCTIONBATCH,221,01070,,0,,0001,1,5000.00000
4534,,PRODUCTIONBATCH,221,01075,,0,,0001,1,5192.27539
4535,,Productions,221,03028,0001,120,274.39017,0001,120,274.39013
4536,,PACKING,231,00226,,0,,0001,120,512.01758
4537,,PACKINGBATCH,231,02097,,0,,0001,120,222.21075
4538,,PACKINGBATCH,231,03028,,0,,0001,120,274.39013
4539,,PACKINGBATCH,231,02059,,0,,0001,10,185.00000
4540,,PACKING,231,00226,0001,120,512.01758,0001,120,512.01755
4541,,Productions,222,03202,,0,,0001,1000,89.95794
4542,,PRODUCTIONBATCH,222,01009,,0,,0001,2,2176.62549
4543,,PRODUCTIONBATCH,222,01010,,0,,0001,8,2800.00000
4544,,PRODUCTIONBATCH,222,01012,,0,,0001,0,4000.00000
4545,,PRODUCTIONBATCH,222,01020,,0,,0001,3,350.00000
4546,,PRODUCTIONBATCH,222,01028,,0,,0001,11,1650.00000
4547,,PRODUCTIONBATCH,222,01041,,0,,0001,5,649.99986
4548,,PRODUCTIONBATCH,222,01045,,0,,0001,10,421.69511
4549,,PRODUCTIONBATCH,222,01058,,0,,0001,4,1450.05753
4550,,PRODUCTIONBATCH,222,01105,,0,,0001,2,414.58858
4551,,PRODUCTIONBATCH,222,01184,,0,,0001,80,366.66668
4552,,Productions,222,03202,0001,1000,89.95794,0001,1000,89.95794
4553,,PACKING,232,00292,,0,,0001,200,1060.03420
4554,,PACKINGBATCH,232,02014,,0,,0001,220,439.94480
4555,,PACKINGBATCH,232,02346,,0,,0001,280,40.00000
4556,,PACKINGBATCH,232,03202,,0,,0001,1000,89.95794
4557,,PACKINGBATCH,232,02004,,0,,0001,60,234.35071
4558,,PACKING,232,00292,0001,200,1060.03420,0001,200,1060.03419
4559,,Productions,223,03002,,0,,0001,1250,11.96000
4560,,PRODUCTIONBATCH,223,01190,,0,,0001,1300,11.50000
4561,,Productions,223,03002,0001,1250,11.96000,0001,1250,11.96000
4562,,PACKING,233,00019,,0,,0001,50,379.00000
4563,,PACKINGBATCH,233,02034,,0,,0001,50,80.00000
4564,,PACKINGBATCH,233,03002,,0,,0001,1250,11.96000
4565,,PACKING,233,00019,0001,50,379.00000,0001,50,379.00000
4566,,Productions,224,03024,,0,,0001,425,226.36059
4567,,PRODUCTIONBATCH,224,01008,,0,,0001,200,22.50000
4568,,PRODUCTIONBATCH,224,01042,,0,,0001,110,168.72320
4569,,PRODUCTIONBATCH,224,01182,,0,,0001,154,466.84221
4570,,PRODUCTIONBATCH,224,01033,,0,,0001,25,50.00000
4571,,Productions,224,03024,0001,425,226.36059,0001,425,226.36059
4572,,PACKING,234,00035,,0,,0001,17,5729.01471
4573,,PACKINGBATCH,234,02053,,0,,0001,17,70.00000
4574,,PACKINGBATCH,234,03024,,0,,0001,425,226.36059
4575,,PACKING,234,00035,0001,17,5729.01471,0001,17,5729.01475
4576,,Productions,225,03046,,0,,0001,125,15.14064
4577,,PRODUCTIONBATCH,225,01003,,0,,0001,1,13.21900
4578,,PRODUCTIONBATCH,225,01016,,0,,0001,60,10.00000
4579,,PRODUCTIONBATCH,225,01044,,0,,0001,2,128.02872
4580,,PRODUCTIONBATCH,225,01015,,0,,0001,60,17.00000
4581,,Productions,225,03046,0001,125,15.14064,0001,125,15.14065
4582,,PACKING,235,00220,,0,,0001,5,577.66600
4583,,PACKINGBATCH,235,02258,,0,,0001,5,44.15027
4584,,PACKINGBATCH,235,02307,,0,,0001,5,155.00000
4585,,PACKINGBATCH,235,03046,,0,,0001,125,15.14065
4586,,PACKING,235,00220,0001,5,577.66600,0001,5,577.66652
4587,,Productions,226,03144,,0,,0001,50,47.58880
4588,,PRODUCTIONBATCH,226,01003,,0,,0001,25,13.21900
4589,,PRODUCTIONBATCH,226,01033,,0,,0001,5,50.00000
4590,,PRODUCTIONBATCH,226,01059,,0,,0001,20,72.44776
4591,,PRODUCTIONBATCH,226,01007,,0,,0001,10,35.00000
4592,,Productions,226,03144,0001,50,47.58880,0001,50,47.58860
4593,,PACKING,236,00199,,0,,0001,2,1384.71500
4594,,PACKINGBATCH,236,02213,,0,,0001,2,155.00000
4595,,PACKINGBATCH,236,02222,,0,,0001,2,40.00000
4596,,PACKINGBATCH,236,03144,,0,,0001,50,47.58860
4597,,PACKING,236,00199,0001,2,1384.71500,0001,2,1384.71500
4598,,Productions,227,03014,,0,,0001,375,14.10027
4599,,PRODUCTIONBATCH,227,01003,,0,,0001,400,13.21900
4600,,Productions,227,03014,0001,375,14.10027,0001,375,14.10027
4601,,PACKING,237,00022,,0,,0001,15,507.50667
4602,,PACKINGBATCH,237,02033,,0,,0001,15,155.00000
4603,,PACKINGBATCH,237,03014,,0,,0001,375,14.10027
4604,,PACKING,237,00022,0001,15,507.50667,0001,15,507.50675
4605,,OpeningBatch,81,00019,0001,56,1440.00000,0001,56,1440.00000
4606,,OpeningBatch,101,00363,0001,934,14000.00000,0001,934,14000.00000
4607,,OpeningBatch,102,00357,0001,2,10000.00000,0001,2,10000.00000
4608,,OpeningBatch,103,00053,0001,4,9000.00000,0001,4,9000.00000
4609,,OpeningBatch,108,00124,0001,150,5000.00000,0001,152,5000.00000
4610,,OpeningBatch,111,00369,0001,5080,300.00000,0001,5080,300.00000
4611,,Productions,228,03151,,0,,0001,50,61.05660
4612,,PRODUCTIONBATCH,228,01009,,0,,0001,0,2176.62549
4613,,PRODUCTIONBATCH,228,01013,,0,,0001,0,209.76487
4614,,PRODUCTIONBATCH,228,01016,,0,,0001,40,10.00000
4615,,PRODUCTIONBATCH,228,01034,,0,,0001,0,556.05574
4616,,PRODUCTIONBATCH,228,01042,,0,,0001,0,168.72320
4617,,PRODUCTIONBATCH,228,01043,,0,,0001,10,13.75000
4618,,PRODUCTIONBATCH,228,01050,,0,,0001,0,3086.04001
4619,,PRODUCTIONBATCH,228,01052,,0,,0001,0,14500.00000
4620,,PRODUCTIONBATCH,228,01053,,0,,0001,0,17499.52012
4621,,PRODUCTIONBATCH,228,01054,,0,,0001,0,17499.10934
4622,,PRODUCTIONBATCH,228,01056,,0,,0001,0,18697.38365
4623,,PRODUCTIONBATCH,228,01057,,0,,0001,0,14000.00000
4624,,PRODUCTIONBATCH,228,01072,,0,,0001,0,9500.00000
4625,,PRODUCTIONBATCH,228,01073,,0,,0001,0,389.83627
4626,,PRODUCTIONBATCH,228,01143,,0,,0001,0,3200.00000
4627,,Productions,228,03151,0001,50,61.05660,0001,50,61.05698
4628,,PACKING,238,00212,,0,,0001,2,1721.42500
4629,,PACKINGBATCH,238,02245,,0,,0001,2,40.00000
4630,,PACKINGBATCH,238,02307,,0,,0001,2,155.00000
4631,,PACKINGBATCH,238,03151,,0,,0001,50,61.05698
4632,,PACKING,238,00212,0001,2,1721.42500,0001,2,1721.42450
4633,,PurchasesBatch,118,01060,,0,,0001,25,950.00000
4634,,PurchasesBatch,118,01038,,0,,0001,105,650.00000
4635,,Productions,229,03245,,0,,0001,550,111.12355
4636,,PRODUCTIONBATCH,229,01020,,0,,0001,150,350.00000
4637,,PRODUCTIONBATCH,229,01028,,0,,0001,2,1650.00000
4638,,PRODUCTIONBATCH,229,01038,,0,,0001,2,650.00000
4639,,PRODUCTIONBATCH,229,01041,,0,,0001,0,649.99986
4640,,PRODUCTIONBATCH,229,01187,,0,,0001,5,387.09074
4641,,Productions,229,03245,0001,550,111.12355,0001,550,111.12355
4642,,PACKING,239,00344,,0,,0001,22,3918.53364
4643,,PACKINGBATCH,239,02128,,0,,0001,22,1065.44493
4644,,PACKINGBATCH,239,02405,,0,,0001,22,75.00000
4645,,PACKINGBATCH,239,03245,,0,,0001,550,111.12355
4646,,PACKING,239,00344,0001,22,3918.53364,0001,22,3918.53368
4647,,Productions,230,03142,,0,,0001,500,132.62668
4648,,PRODUCTIONBATCH,230,01013,,0,,0001,6,209.76487
4649,,PRODUCTIONBATCH,230,01038,,0,,0001,75,650.00000
4650,,PRODUCTIONBATCH,230,01056,,0,,0001,0,18697.38365
4651,,PRODUCTIONBATCH,230,01060,,0,,0001,2,950.00000
4652,,PRODUCTIONBATCH,230,01104,,0,,0001,1,1100.00000
4653,,PRODUCTIONBATCH,230,01176,,0,,0001,0,9500.00000
4654,,PRODUCTIONBATCH,230,01034,,0,,0001,1,556.05574
4655,,Productions,230,03142,0001,500,132.62668,0001,500,132.62667
4656,,PACKING,240,00197,,0,,0001,100,1273.37790
4657,,PACKINGBATCH,240,02014,,0,,0001,110,439.94480
4658,,PACKINGBATCH,240,02220,,0,,0001,140,40.00000
4659,,PACKINGBATCH,240,03142,,0,,0001,500,132.62667
4660,,PACKINGBATCH,240,02004,,0,,0001,30,234.35071
4661,,PACKING,240,00197,0001,100,1273.37790,0001,100,1273.37784
4662,,Productions,231,03010,,0,,0001,340,164.26350
4663,,PRODUCTIONBATCH,231,01023,,0,,0001,3,7043.77043
4664,,PRODUCTIONBATCH,231,01025,,0,,0001,3,7200.00000
4665,,PRODUCTIONBATCH,231,01028,,0,,0001,1,1650.00000
4666,,PRODUCTIONBATCH,231,01041,,0,,0001,1,649.99986
4667,,PRODUCTIONBATCH,231,01045,,0,,0001,3,421.69511
4668,,PRODUCTIONBATCH,231,01050,,0,,0001,0,3086.04001
4669,,PRODUCTIONBATCH,231,01058,,0,,0001,1,1450.05753
4670,,Productions,231,03010,0001,340,164.26350,0001,340,164.26349
4671,,PACKING,241,00051,,0,,0001,68,1355.14412
4672,,PACKINGBATCH,241,02014,,0,,0001,68,439.94480
4673,,PACKINGBATCH,241,02031,,0,,0001,60,40.00000
4674,,PACKINGBATCH,241,03010,,0,,0001,340,164.26349
4675,,PACKINGBATCH,241,02004,,0,,0001,17,234.35071
4676,,PACKING,241,00051,0001,68,1355.14412,0001,68,1355.14405
4677,,PurchasesBatch,119,01027,,0,,0001,25,400.00000
4678,,Productions,232,03003,,0,,0001,60,34.70867
4679,,PRODUCTIONBATCH,232,01013,,0,,0001,0,209.76487
4680,,PRODUCTIONBATCH,232,01022,,0,,0001,0,4000.00000
4681,,PRODUCTIONBATCH,232,01038,,0,,0001,0,650.00000
4682,,PRODUCTIONBATCH,232,01043,,0,,0001,0,13.75000
4683,,PRODUCTIONBATCH,232,01048,,0,,0001,0,1500.00000
4684,,PRODUCTIONBATCH,232,01056,,0,,0001,0,18697.38365
4685,,PRODUCTIONBATCH,232,01058,,0,,0001,0,1450.05753
4686,,PRODUCTIONBATCH,232,01060,,0,,0001,0,950.00000
4687,,Productions,232,03003,0001,60,34.70867,0001,60,34.70846
4688,,PACKING,242,00032,,0,,0001,60,292.33600
4689,,PACKINGBATCH,242,02097,,0,,0001,60,222.21075
4690,,PACKINGBATCH,242,02385,,0,,0001,60,20.00000
4691,,PACKINGBATCH,242,03003,,0,,0001,60,34.70846
4692,,PACKINGBATCH,242,02059,,0,,0001,5,185.00000
4693,,PACKING,242,00032,0001,60,292.33600,0001,60,292.33588
4694,,Productions,233,03001,,0,,0001,750,17.40375
4695,,PRODUCTIONBATCH,233,01016,,0,,0001,600,10.00000
4696,,PRODUCTIONBATCH,233,01042,,0,,0001,9,168.72320
4697,,PRODUCTIONBATCH,233,01043,,0,,0001,150,13.75000
4698,,PRODUCTIONBATCH,233,01050,,0,,0001,1,3086.04001
4699,,Productions,233,03001,0001,750,17.40375,0001,750,17.40374
4700,,PACKING,243,00016,,0,,0001,30,590.09367
4701,,PACKINGBATCH,243,02032,,0,,0001,30,155.00000
4702,,PACKINGBATCH,243,03001,,0,,0001,750,17.40374
4703,,PACKING,243,00016,0001,30,590.09367,0001,30,590.09350
4704,,Productions,234,03144,,0,,0001,1750,31.37250
4705,,PRODUCTIONBATCH,234,01003,,0,,0001,1450,13.21900
4706,,PRODUCTIONBATCH,234,01033,,0,,0001,175,50.00000
4707,,PRODUCTIONBATCH,234,01059,,0,,0001,300,72.44776
4708,,PRODUCTIONBATCH,234,01007,,0,,0001,150,35.00000
4709,,Productions,234,03144,0001,1750,31.37250,0001,1750,31.37250
4710,,PACKING,244,00199,,0,,0001,70,982.16971
4711,,PACKINGBATCH,244,02213,,0,,0001,70,155.00000
4712,,PACKINGBATCH,244,02222,,0,,0001,75,40.00000
4713,,PACKINGBATCH,244,03144,,0,,0001,1750,31.37250
4714,,PACKING,244,00199,0001,70,982.16971,0001,70,982.16964
4715,,PurchasesBatch,120,02322,,0,,0001,200,40.00000
4716,,PurchasesBatch,120,02146,,0,,0001,22,90.00000
4717,,PurchasesBatch,120,02266,,0,,0001,20,75.00000
4718,,PurchasesBatch,121,01047,,0,,0001,150,68.00000
4719,,PurchasesBatch,120,02443,,0,,0001,90,40.00000
4720,,PurchasesBatch,122,01055,,0,,0001,5,1550.00000
4721,,PurchasesBatch,123,02015,,0,,0001,1700,350.00000
4722,,Productions,235,03118,,0,,0001,150,112.12080
4723,,PRODUCTIONBATCH,235,01004,,0,,0001,0,400.00000
4724,,PRODUCTIONBATCH,235,01047,,0,,0001,150,68.00000
4725,,PRODUCTIONBATCH,235,01055,,0,,0001,4,1549.57825
4726,,PRODUCTIONBATCH,235,01073,,0,,0001,0,389.83627
4727,,PRODUCTIONBATCH,235,01105,,0,,0001,0,414.58858
4728,,Productions,235,03118,0001,150,112.12080,0001,150,112.12077
4729,,PACKING,245,00030,,0,,0001,1500,30.55559
4730,,PACKINGBATCH,245,02191,,0,,0001,1500,17.00000
4731,,PACKINGBATCH,245,03118,,0,,0001,150,112.12077
4732,,PACKINGBATCH,245,02004,,0,,0001,15,234.35071
4733,,PACKING,245,00030,0001,1500,30.55559,0001,1500,30.55558
4734,,PACKING,245,00030,0001,1500,30.55558,0001,1500,30.55558
4735,,PACKINGBATCH,245,02191,0001,1500,17.00000,,0,
4736,,PACKINGBATCH,245,02191,,0,,0001,1550,17.00000
4737,,PACKING,245,00030,0001,1500,30.55558,0001,1500,31.12225
4738,,Productions,236,03271,,0,,0001,300,359.97397
4739,,PRODUCTIONBATCH,236,01004,,0,,0001,0,400.00000
4740,,PRODUCTIONBATCH,236,01010,,0,,0001,3,2800.00000
4741,,PRODUCTIONBATCH,236,01011,,0,,0001,6,4840.91985
4742,,PRODUCTIONBATCH,236,01012,,0,,0001,0,4000.00000
4743,,PRODUCTIONBATCH,236,01020,,0,,0001,3,350.00000
4744,,PRODUCTIONBATCH,236,01041,,0,,0001,1,649.99986
4745,,PRODUCTIONBATCH,236,01046,,0,,0001,4,13130.72776
4746,,PRODUCTIONBATCH,236,01058,,0,,0001,1,1450.05753
4747,,PRODUCTIONBATCH,236,01184,,0,,0001,20,366.66668
4748,,Productions,236,03271,0001,300,359.97397,0001,300,359.97399
4749,,PACKING,246,00380,,0,,0001,60,2362.30833
4750,,PACKINGBATCH,246,02014,,0,,0001,60,439.94480
4751,,PACKINGBATCH,246,02443,,0,,0001,90,40.00000
4752,,PACKINGBATCH,246,03271,,0,,0001,300,359.97399
4753,,PACKINGBATCH,246,02004,,0,,0001,16,234.35071
4754,,PACKING,246,00380,0001,60,2362.30833,0001,60,2362.30827
4755,,Productions,237,03184,,0,,0001,5000,10.00000
4756,,PRODUCTIONBATCH,237,01016,,0,,0001,5000,10.00000
4757,,Productions,237,03184,0001,5000,10.00000,0001,5000,10.00000
4758,,PACKING,247,00264,,0,,0001,200,445.00000
4759,,PACKINGBATCH,247,02277,,0,,0001,200,155.00000
4760,,PACKINGBATCH,247,02322,,0,,0001,200,40.00000
4761,,PACKINGBATCH,247,03184,,0,,0001,5000,10.00000
4762,,PACKING,247,00264,0001,200,445.00000,0001,200,445.00000
4763,,Productions,238,03119,,0,,0001,25,170.02800
4764,,PRODUCTIONBATCH,238,01004,,0,,0001,0,400.00000
4765,,PRODUCTIONBATCH,238,01041,,0,,0001,0,649.99986
4766,,PRODUCTIONBATCH,238,01044,,0,,0001,0,128.02872
4767,,PRODUCTIONBATCH,238,01045,,0,,0001,0,421.69511
4768,,PRODUCTIONBATCH,238,01050,,0,,0001,0,3086.04001
4769,,PRODUCTIONBATCH,238,01055,,0,,0001,2,1549.57825
4770,,Productions,238,03119,0001,25,170.02800,0001,25,170.02768
4771,,PACKING,248,00180,,0,,0001,5,1376.95200
4772,,PACKINGBATCH,248,02014,,0,,0001,5,439.94480
4773,,PACKINGBATCH,248,02272,,0,,0001,5,40.00000
4774,,PACKINGBATCH,248,03119,,0,,0001,25,170.02768
4775,,PACKINGBATCH,248,02004,,0,,0001,1,234.35071
4776,,PACKING,248,00180,0001,5,1376.95200,0001,5,1376.95334
4777,,PurchasesBatch,124,01055,,0,,0001,50,1550.00000
4778,,PurchasesBatch,125,01184,,0,,0001,120,366.66667
4779,,PurchasesBatch,125,01047,,0,,0001,250,74.00000
4780,,PurchasesBatch,125,01026,,0,,0001,2,5500.00000
4781,,PurchasesBatch,125,01024,,0,,0001,2,5000.00000
4782,,PurchasesBatch,126,02026,,0,,0001,400,18.00000
4783,,PurchasesBatch,126,02272,,0,,0001,60,40.00000
4784,,PurchasesBatch,127,02004,,0,,0001,71,235.00000
4785,,PurchasesBatch,128,02004,,0,,0001,60,227.00000
4786,,PurchasesBatch,129,01016,,0,,0001,22000,10.00000
4787,,PurchasesBatch,130,02014,,0,,0001,374,440.00000
4788,,Productions,239,03020,,0,,0001,1000,209.07867
4789,,PRODUCTIONBATCH,239,01004,,0,,0001,1,400.00000
4790,,PRODUCTIONBATCH,239,01010,,0,,0001,1,2800.00000
4791,,PRODUCTIONBATCH,239,01011,,0,,0001,5,4840.91985
4792,,PRODUCTIONBATCH,239,01012,,0,,0001,0,4000.00000
4793,,PRODUCTIONBATCH,239,01020,,0,,0001,20,350.00000
4794,,PRODUCTIONBATCH,239,01041,,0,,0001,4,649.99986
4795,,PRODUCTIONBATCH,239,01046,,0,,0001,10,13130.72776
4796,,PRODUCTIONBATCH,239,01058,,0,,0001,2,1450.05753
4797,,PRODUCTIONBATCH,239,01184,,0,,0001,100,366.66667
4798,,Productions,239,03020,0001,1000,209.07867,0001,1000,209.07866
4799,,PACKING,249,00047,,0,,0001,200,1572.72560
4800,,PACKINGBATCH,249,02014,,0,,0001,200,439.96853
4801,,PACKINGBATCH,249,02026,,0,,0001,260,18.00000
4802,,PACKINGBATCH,249,03020,,0,,0001,1000,209.07866
4803,,PACKINGBATCH,249,02004,,0,,0001,55,232.59541
4804,,PACKING,249,00047,0001,200,1572.72560,0001,200,1572.72557
4805,,PACKING,249,00047,0001,200,1572.72557,0001,200,1572.72557
4806,,PACKINGBATCH,249,02014,0001,200,439.96853,,0,
4807,,PACKINGBATCH,249,02014,,0,,0001,210,439.96853
4808,,PACKING,249,00047,0001,200,1572.72557,0001,200,1594.72399
4809,,Productions,240,03097,,0,,0001,500,126.61128
4810,,PRODUCTIONBATCH,240,01020,,0,,0001,160,350.00000
4811,,PRODUCTIONBATCH,240,01028,,0,,0001,2,1650.00000
4812,,PRODUCTIONBATCH,240,01038,,0,,0001,2,650.00000
4813,,PRODUCTIONBATCH,240,01041,,0,,0001,1,649.99986
4814,,PRODUCTIONBATCH,240,01187,,0,,0001,1,387.09074
4815,,Productions,240,03097,0001,500,126.61128,0001,500,126.61127
4816,,PACKING,250,00137,,0,,0001,20,4329.72700
4817,,PACKINGBATCH,250,02128,,0,,0001,20,1065.44493
4818,,PACKINGBATCH,250,02146,,0,,0001,22,90.00000
4819,,PACKINGBATCH,250,03097,,0,,0001,500,126.61127
4820,,PACKING,250,00137,0001,20,4329.72700,0001,20,4329.72668
4821,,Productions,241,03013,,0,,0001,255,159.76902
4822,,PRODUCTIONBATCH,241,01024,,0,,0001,2,5000.00000
4823,,PRODUCTIONBATCH,241,01026,,0,,0001,2,5500.00000
4824,,PRODUCTIONBATCH,241,01041,,0,,0001,2,649.99986
4825,,PRODUCTIONBATCH,241,01047,,0,,0001,250,73.66038
4826,,Productions,241,03013,0001,255,159.76902,0001,255,159.76900
4827,,PACKING,251,00048,,0,,0001,255,275.06314
4828,,PACKINGBATCH,251,02035,,0,,0001,270,30.00000
4829,,PACKINGBATCH,251,03013,,0,,0001,255,159.76900
4830,,PACKINGBATCH,251,02140,,0,,0001,18,1100.00000
4831,,PACKINGBATCH,251,02266,,0,,0001,20,75.00000
4832,,PACKING,251,00048,0001,255,275.06314,0001,255,275.06312
4833,,Productions,242,03119,,0,,0001,220,164.86459
4834,,PRODUCTIONBATCH,242,01041,,0,,0001,0,649.99986
4835,,PRODUCTIONBATCH,242,01044,,0,,0001,2,128.02872
4836,,PRODUCTIONBATCH,242,01045,,0,,0001,2,421.69511
4837,,PRODUCTIONBATCH,242,01050,,0,,0001,0,3086.04001
4838,,PRODUCTIONBATCH,242,01055,,0,,0001,22,1549.94735
4839,,Productions,242,03119,0001,220,164.86459,0001,220,164.86459
4840,,PACKING,252,00180,,0,,0001,44,1376.98591
4841,,PACKINGBATCH,252,02014,,0,,0001,44,439.96853
4842,,PACKINGBATCH,252,02272,,0,,0001,60,40.00000
4843,,PACKINGBATCH,252,03119,,0,,0001,220,164.86459
4844,,PACKINGBATCH,252,02004,,0,,0001,11,232.59541
4845,,PACKING,252,00180,0001,44,1376.98591,0001,44,1376.98579
4846,,PurchasesBatch,131,01031,,0,,0001,6,5500.00000
4847,,PurchasesBatch,132,01010,,0,,0001,25,2800.00000
4848,,PurchasesBatch,132,01048,,0,,0001,25,1400.00000
4849,,PurchasesBatch,133,02114,,0,,0001,1400,25.00000
4850,,PurchasesBatch,133,02271,,0,,0001,65,40.00000
4851,,PurchasesBatch,133,02429,,0,,0001,17,140.00000
4852,,PurchasesBatch,134,02002,,0,,0001,108,198.00000
4853,,Productions,243,03052,,0,,0001,1296,85.18439
4854,,PRODUCTIONBATCH,243,01017,,0,,0001,7,3370.67997
4855,,PRODUCTIONBATCH,243,01031,,0,,0001,13,6055.55556
4856,,PRODUCTIONBATCH,243,01048,,0,,0001,3,1405.95140
4857,,Productions,243,03052,0001,1296,85.18439,0001,1296,85.18439
4858,,Productions,243,03052,0001,1296,85.18439,0001,1296,85.18439
4859,,PRODUCTIONBATCH,243,01031,0001,13,6055.55556,,0,
4860,,PRODUCTIONBATCH,243,01031,,0,,0001,10,6055.55556
4861,,Productions,243,03052,0001,1296,85.18439,0001,1296,71.16690
4862,,PACKING,253,00073,,0,,0001,1296,463.88655
4863,,PACKINGBATCH,253,02015,,0,,0001,1296,349.21348
4864,,PACKINGBATCH,253,02114,,0,,0001,1400,25.00000
4865,,PACKINGBATCH,253,03052,,0,,0001,1296,71.16690
4866,,PACKINGBATCH,253,02002,,0,,0001,108,198.00000
4867,,PACKING,253,00073,0001,1296,463.88655,0001,1296,463.88655
4868,,Productions,244,03262,,0,,0001,375,17.08992
4869,,PRODUCTIONBATCH,244,01003,,0,,0001,375,13.21900
4870,,PRODUCTIONBATCH,244,01187,,0,,0001,3,387.09074
4871,,Productions,244,03262,0001,375,17.08992,0001,375,17.08991
4872,,PACKING,254,00366,,0,,0001,15,585.91467
4873,,PACKINGBATCH,254,02429,,0,,0001,17,140.00000
4874,,PACKINGBATCH,254,03262,,0,,0001,375,17.08991
4875,,PACKING,254,00366,0001,15,585.91467,0001,15,585.91442
4876,,Productions,245,03120,,0,,0001,200,52.79840
4877,,PRODUCTIONBATCH,245,01041,,0,,0001,0,649.99986
4878,,PRODUCTIONBATCH,245,01052,,0,,0001,0,14500.00000
4879,,PRODUCTIONBATCH,245,01055,,0,,0001,6,1549.94735
4880,,Productions,245,03120,0001,200,52.79840,0001,200,52.79842
4881,,PACKING,255,00266,,0,,0001,40,812.10925
4882,,PACKINGBATCH,255,02014,,0,,0001,40,439.96853
4883,,PACKINGBATCH,255,02271,,0,,0001,50,40.00000
4884,,PACKINGBATCH,255,03120,,0,,0001,200,52.79842
4885,,PACKINGBATCH,255,02004,,0,,0001,10,232.59541
4886,,PACKING,255,00266,0001,40,812.10925,0001,40,812.10948
4887,,Productions,246,03023,,0,,0001,250,25.44288
4888,,PRODUCTIONBATCH,246,01003,,0,,0001,175,13.21900
4889,,PRODUCTIONBATCH,246,01015,,0,,0001,25,17.00000
4890,,PRODUCTIONBATCH,246,01059,,0,,0001,50,72.44776
4891,,Productions,246,03023,0001,250,25.44288,0001,250,25.44285
4892,,PACKING,256,00038,,0,,0001,10,791.07100
4893,,PACKINGBATCH,256,02307,,0,,0001,10,155.00000
4894,,PACKINGBATCH,256,03023,,0,,0001,250,25.44285
4895,,PACKING,256,00038,0001,10,791.07100,0001,10,791.07125
4896,,Productions,247,03144,,0,,0001,175,30.83537
4897,,PRODUCTIONBATCH,247,01003,,0,,0001,170,13.21900
4898,,PRODUCTIONBATCH,247,01033,,0,,0001,20,50.00000
4899,,PRODUCTIONBATCH,247,01059,,0,,0001,20,72.44776
4900,,PRODUCTIONBATCH,247,01007,,0,,0001,20,35.00000
4901,,Productions,247,03144,0001,175,30.83537,0001,175,30.83534
4902,,PACKING,257,00199,,0,,0001,7,965.88286
4903,,PACKINGBATCH,257,02213,,0,,0001,7,155.00000
4904,,PACKINGBATCH,257,02222,,0,,0001,7,40.00000
4905,,PACKINGBATCH,257,03144,,0,,0001,175,30.83534
4906,,PACKING,257,00199,0001,7,965.88286,0001,7,965.88350
4907,,PurchasesBatch,135,02025,,0,,0001,80,40.00000
4908,,Productions,248,03060,,0,,0001,480,61.51848
4909,,PRODUCTIONBATCH,248,01017,,0,,0001,2,3370.67997
4910,,PRODUCTIONBATCH,248,01031,,0,,0001,3,6055.55556
4911,,PRODUCTIONBATCH,248,01041,,0,,0001,1,649.99986
4912,,PRODUCTIONBATCH,248,01048,,0,,0001,1,1405.95140
4913,,Productions,248,03060,0001,480,61.51848,0001,480,61.51848
4914,,PACKING,258,00086,,0,,0001,480,413.64206
4915,,PACKINGBATCH,258,02015,,0,,0001,484,349.21348
4916,,PACKINGBATCH,258,03060,,0,,0001,480,61.51848
4917,,PACKING,258,00086,0001,480,413.64206,0001,480,413.64207
4918,,Productions,249,03023,,0,,0001,2500,13.97520
4919,,PRODUCTIONBATCH,249,01003,,0,,0001,2000,13.21900
4920,,PRODUCTIONBATCH,249,01015,,0,,0001,500,17.00000
4921,,Productions,249,03023,0001,2500,13.97520,0001,2500,13.97520
4922,,PACKING,259,00038,,0,,0001,100,515.23000
4923,,PACKINGBATCH,259,02307,,0,,0001,42,155.00000
4924,,PACKINGBATCH,259,03023,,0,,0001,2500,13.97520
4925,,PACKINGBATCH,259,02277,,0,,0001,65,155.00000
4926,,PACKING,259,00038,0001,100,515.23000,0001,100,515.23000
4927,,Productions,250,03009,,0,,0001,300,48.16667
4928,,PRODUCTIONBATCH,250,01004,,0,,0001,0,400.00000
4929,,PRODUCTIONBATCH,250,01010,,0,,0001,3,2800.00000
4930,,PRODUCTIONBATCH,250,01020,,0,,0001,10,350.00000
4931,,PRODUCTIONBATCH,250,01041,,0,,0001,1,649.99986
4932,,PRODUCTIONBATCH,250,01184,,0,,0001,4,366.66667
4933,,Productions,250,03009,0001,300,48.16667,0001,300,48.16667
4934,,PACKING,260,00046,,0,,0001,60,865.61217
4935,,PACKINGBATCH,260,02014,,0,,0001,70,439.96853
4936,,PACKINGBATCH,260,02025,,0,,0001,80,40.00000
4937,,PACKINGBATCH,260,03009,,0,,0001,300,48.16667
4938,,PACKINGBATCH,260,02004,,0,,0001,15,232.59541
4939,,PACKING,260,00046,0001,60,865.61217,0001,60,865.61215
4940,,Productions,251,03046,,0,,0001,125,10.52880
4941,,PRODUCTIONBATCH,251,01003,,0,,0001,5,13.21900
4942,,PRODUCTIONBATCH,251,01016,,0,,0001,125,10.00000
4943,,Productions,251,03046,0001,125,10.52880,0001,125,10.52876
4944,,PACKING,261,00220,,0,,0001,5,462.37000
4945,,PACKINGBATCH,261,02258,,0,,0001,5,44.15027
4946,,PACKINGBATCH,261,03046,,0,,0001,125,10.52876
4947,,PACKINGBATCH,261,02277,,0,,0001,5,155.00000
4948,,PACKING,261,00220,0001,5,462.37000,0001,5,462.36927
4949,,Productions,252,03104,,0,,0001,75,25.98333
4950,,PRODUCTIONBATCH,252,01020,,0,,0001,5,350.00000
4951,,PRODUCTIONBATCH,252,01022,,0,,0001,0,4000.00000
4952,,PRODUCTIONBATCH,252,01041,,0,,0001,0,649.99986
4953,,PRODUCTIONBATCH,252,01060,,0,,0001,0,950.00000
4954,,Productions,252,03104,0001,75,25.98333,0001,75,25.98333
4955,,PACKING,262,00147,,0,,0001,3,1755.02667
4956,,PACKINGBATCH,262,02128,,0,,0001,3,1065.44493
4957,,PACKINGBATCH,262,02160,,0,,0001,3,40.00000
4958,,PACKINGBATCH,262,03104,,0,,0001,75,25.98333
4959,,PACKING,262,00147,0001,3,1755.02667,0001,3,1755.02818
4960,,PurchasesBatch,136,01003,,0,,0001,10000,13.00000
4961,,PurchasesBatch,137,01035,,0,,0001,3,1250.00000
4962,,PurchasesBatch,138,02314,,0,,0001,1500,13.00000
4963,,Productions,253,03253,,0,,0001,700,19.69293
4964,,PRODUCTIONBATCH,253,01003,,0,,0001,350,13.10015
4965,,PRODUCTIONBATCH,253,01007,,0,,0001,50,35.00000
4966,,PRODUCTIONBATCH,253,01015,,0,,0001,350,17.00000
4967,,PRODUCTIONBATCH,253,01033,,0,,0001,30,50.00000
4968,,Productions,253,03253,0001,700,19.69293,0001,700,19.69293
4969,,PACKING,263,00357,,0,,0001,28,709.42929
4970,,PACKINGBATCH,263,02420,,0,,0001,30,47.63222
4971,,PACKINGBATCH,263,03253,,0,,0001,700,19.69293
4972,,PACKINGBATCH,263,02277,,0,,0001,30,155.00000
4973,,PACKING,263,00357,0001,28,709.42929,0001,28,709.42920
4974,,Productions,254,03019,,0,,0001,25,49.45920
4975,,PRODUCTIONBATCH,254,01003,,0,,0001,20,13.10015
4976,,PRODUCTIONBATCH,254,01033,,0,,0001,5,50.00000
4977,,PRODUCTIONBATCH,254,01059,,0,,0001,10,72.44776
4978,,Productions,254,03019,0001,25,49.45920,0001,25,49.45922
4979,,PACKING,264,00040,,0,,0001,1,1431.48000
4980,,PACKINGBATCH,264,02042,,0,,0001,1,40.00000
4981,,PACKINGBATCH,264,02213,,0,,0001,1,155.00000
4982,,PACKINGBATCH,264,03019,,0,,0001,25,49.45922
4983,,PACKING,264,00040,0001,1,1431.48000,0001,1,1431.48050
4984,,Productions,255,03165,,0,,0001,20,19.06250
4985,,PRODUCTIONBATCH,255,01012,,0,,0001,0,4000.00000
4986,,PRODUCTIONBATCH,255,01035,,0,,0001,0,1278.57143
4987,,PRODUCTIONBATCH,255,01041,,0,,0001,0,649.99986
4988,,PRODUCTIONBATCH,255,01043,,0,,0001,0,13.75000
4989,,PRODUCTIONBATCH,255,01044,,0,,0001,0,128.02872
4990,,Productions,255,03165,0001,20,19.06250,0001,20,19.06240
4991,,PACKING,265,00233,,0,,0001,200,32.76045
4992,,PACKINGBATCH,265,02010,,0,,0001,300,9.12281
4993,,PACKINGBATCH,265,02278,,0,,0001,250,12.00000
4994,,PACKINGBATCH,265,03165,,0,,0001,20,19.06240
4995,,PACKINGBATCH,265,02006,,0,,0001,2,217.00000
4996,,PACKING,265,00233,0001,200,32.76045,0001,200,32.76046
4997,,Productions,256,03151,,0,,0001,25,62.95680
4998,,PRODUCTIONBATCH,256,01009,,0,,0001,0,2176.62549
4999,,PRODUCTIONBATCH,256,01013,,0,,0001,0,209.76487
5000,,PRODUCTIONBATCH,256,01016,,0,,0001,20,10.00000
5001,,PRODUCTIONBATCH,256,01034,,0,,0001,0,556.05574
5002,,PRODUCTIONBATCH,256,01042,,0,,0001,0,168.72320
5003,,PRODUCTIONBATCH,256,01043,,0,,0001,5,13.75000
5004,,PRODUCTIONBATCH,256,01050,,0,,0001,0,3086.04001
5005,,PRODUCTIONBATCH,256,01052,,0,,0001,0,14500.00000
5006,,PRODUCTIONBATCH,256,01053,,0,,0001,0,17499.52012
5007,,PRODUCTIONBATCH,256,01054,,0,,0001,0,17499.10934
5008,,PRODUCTIONBATCH,256,01056,,0,,0001,0,18697.38365
5009,,PRODUCTIONBATCH,256,01057,,0,,0001,0,14000.00000
5010,,PRODUCTIONBATCH,256,01060,,0,,0001,0,950.00000
5011,,PRODUCTIONBATCH,256,01072,,0,,0001,0,9500.00000
5012,,PRODUCTIONBATCH,256,01073,,0,,0001,0,389.83627
5013,,PRODUCTIONBATCH,256,01143,,0,,0001,0,3200.00000
5014,,Productions,256,03151,0001,25,62.95680,0001,25,62.95698
5015,,PACKING,266,00212,,0,,0001,1,1768.92000
5016,,PACKINGBATCH,266,02245,,0,,0001,1,40.00000
5017,,PACKINGBATCH,266,03151,,0,,0001,25,62.95698
5018,,PACKINGBATCH,266,02277,,0,,0001,1,155.00000
5019,,PACKING,266,00212,0001,1,1768.92000,0001,1,1768.92450
5020,,Productions,257,03010,,0,,0001,17,158.46353
5021,,PRODUCTIONBATCH,257,01023,,0,,0001,0,7043.77043
5022,,PRODUCTIONBATCH,257,01025,,0,,0001,0,7200.00000
5023,,PRODUCTIONBATCH,257,01028,,0,,0001,0,1650.00000
5024,,PRODUCTIONBATCH,257,01041,,0,,0001,0,649.99986
5025,,PRODUCTIONBATCH,257,01045,,0,,0001,0,421.69511
5026,,PRODUCTIONBATCH,257,01050,,0,,0001,0,3086.04001
5027,,Productions,257,03010,0001,17,158.46353,0001,17,158.46326
5028,,PACKING,267,00259,,0,,0001,225,25.63040
5029,,PACKINGBATCH,267,02314,,0,,0001,225,13.00000
5030,,PACKINGBATCH,267,02316,,0,,0001,250,6.00000
5031,,PACKINGBATCH,267,03010,,0,,0001,7,158.46326
5032,,PACKINGBATCH,267,02004,,0,,0001,1,232.59541
5033,,PACKING,267,00259,0001,225,25.63040,0001,225,25.63039
5034,,PACKING,268,00201,,0,,0001,100,53.51190
5035,,PACKINGBATCH,268,02010,,0,,0001,200,9.12281
5036,,PACKINGBATCH,268,02224,,0,,0001,150,11.50000
5037,,PACKINGBATCH,268,03010,,0,,0001,10,158.46326
5038,,PACKINGBATCH,268,02006,,0,,0001,1,217.00000
5039,,PACKING,268,00201,0001,100,53.51190,0001,100,53.51195
5040,,Productions,258,03003,,0,,0001,34,27.08206
5041,,PRODUCTIONBATCH,258,01013,,0,,0001,0,209.76487
5042,,PRODUCTIONBATCH,258,01022,,0,,0001,0,4000.00000
5043,,PRODUCTIONBATCH,258,01038,,0,,0001,0,650.00000
5044,,PRODUCTIONBATCH,258,01043,,0,,0001,0,13.75000
5045,,PRODUCTIONBATCH,258,01048,,0,,0001,0,1405.95140
5046,,PRODUCTIONBATCH,258,01056,,0,,0001,0,18697.38365
5047,,PRODUCTIONBATCH,258,01060,,0,,0001,0,950.00000
5048,,Productions,258,03003,0001,34,27.08206,0001,34,27.08198
5049,,PACKING,269,00032,,0,,0001,24,289.70958
5050,,PACKINGBATCH,269,02097,,0,,0001,24,222.21075
5051,,PACKINGBATCH,269,02385,,0,,0001,30,20.00000
5052,,PACKINGBATCH,269,03003,,0,,0001,24,27.08198
5053,,PACKINGBATCH,269,02059,,0,,0001,2,185.00000
5054,,PACKING,269,00032,0001,24,289.70958,0001,24,289.70940
5055,,PACKING,270,00010,,0,,0001,100,36.56240
5056,,PACKINGBATCH,270,02018,,0,,0001,150,12.00000
5057,,PACKINGBATCH,270,03003,,0,,0001,10,27.08198
5058,,PACKINGBATCH,270,02010,,0,,0001,150,9.12281
5059,,PACKINGBATCH,270,02006,,0,,0001,1,217.00000
5060,,PACKING,270,00010,0001,100,36.56240,0001,100,36.56241
5061,,Productions,259,03018,,0,,0001,20,79.73850
5062,,PRODUCTIONBATCH,259,01027,,0,,0001,3,400.00000
5063,,PRODUCTIONBATCH,259,01041,,0,,0001,0,649.99986
5064,,PRODUCTIONBATCH,259,01043,,0,,0001,1,13.75000
5065,,PRODUCTIONBATCH,259,01050,,0,,0001,0,3086.04001
5066,,PRODUCTIONBATCH,259,01073,,0,,0001,0,389.83627
5067,,Productions,259,03018,0001,20,79.73850,0001,20,79.73874
5068,,PACKING,271,00008,,0,,0001,200,35.35165
5069,,PACKINGBATCH,271,02020,,0,,0001,250,12.00000
5070,,PACKINGBATCH,271,03018,,0,,0001,20,79.73874
5071,,PACKINGBATCH,271,02010,,0,,0001,200,9.12281
5072,,PACKINGBATCH,271,02006,,0,,0001,3,217.00000
5073,,PACKING,271,00008,0001,200,35.35165,0001,200,35.35168
5074,,Productions,260,03264,,0,,0001,29,483.50414
5075,,PRODUCTIONBATCH,260,01022,,0,,0001,0,4000.00000
5076,,PRODUCTIONBATCH,260,01065,,0,,0001,30,265.00000
5077,,PRODUCTIONBATCH,260,01075,,0,,0001,0,5192.27539
5078,,PRODUCTIONBATCH,260,01189,,0,,0001,5,717.02456
5079,,Productions,260,03264,0001,29,483.50414,0001,29,483.50422
5080,,PACKING,272,00369,,0,,0001,288,48.68618
5081,,PACKINGBATCH,272,03264,,0,,0001,29,483.50422
5082,,PACKING,272,00369,0001,288,48.68618,0001,288,48.68619
5083,,Productions,261,03182,,0,,0001,120,21.61642
5084,,PRODUCTIONBATCH,261,01009,,0,,0001,0,2176.62549
5085,,PRODUCTIONBATCH,261,01013,,0,,0001,0,209.76487
5086,,PRODUCTIONBATCH,261,01016,,0,,0001,100,10.00000
5087,,PRODUCTIONBATCH,261,01042,,0,,0001,1,168.72320
5088,,PRODUCTIONBATCH,261,01043,,0,,0001,24,13.75000
5089,,PRODUCTIONBATCH,261,01050,,0,,0001,0,3086.04001
5090,,PRODUCTIONBATCH,261,01053,,0,,0001,0,17499.52012
5091,,PRODUCTIONBATCH,261,01054,,0,,0001,0,17499.10934
5092,,PRODUCTIONBATCH,261,01143,,0,,0001,0,3200.00000
5093,,Productions,261,03182,0001,120,21.61642,0001,120,21.61642
5094,,PACKING,273,00265,,0,,0001,20,51.61650
5095,,PACKINGBATCH,273,02315,,0,,0001,20,30.00000
5096,,PACKINGBATCH,273,03182,,0,,0001,20,21.61642
5097,,PACKING,273,00265,0001,20,51.61650,0001,20,51.61642
5098,,PACKING,274,00258,,0,,0001,4,540.41000
5099,,PACKINGBATCH,274,03182,,0,,0001,100,21.61642
5100,,PACKING,274,00258,0001,4,540.41000,0001,4,540.41050
5101,,OpeningBatch,55,02307,0001,450,155.00000,0001,450,155.00000
5102,,OpeningBatch,56,02213,0001,450,155.00000,0001,450,155.00000
5103,,OpeningBatch,57,02277,0001,750,155.00000,0001,750,155.00000
5104,,OpeningBatch,58,02032,0001,600,155.00000,0001,600,155.00000
5105,,OpeningBatch,59,02033,0001,500,155.00000,0001,500,155.00000
5106,,OpeningBatch,60,02274,0001,600,80.00000,0001,600,80.00000
5107,,OpeningBatch,61,02034,0001,600,80.00000,0001,600,80.00000
5108,,OpeningBatch,62,02053,0001,950,70.00000,0001,950,70.00000
5109,,OpeningBatch,63,02173,0001,100,145.00000,0001,100,145.00000
5110,,OpeningBatch,64,02097,0001,660,220.00000,0001,660,220.00000
5111,,OpeningBatch,65,02014,0001,290,390.00000,0001,290,390.00000
5112,,OpeningBatch,66,02015,0001,70,270.00000,0001,70,270.00000
5113,,OpeningBatch,67,02128,0001,51,1000.00000,0001,51,1000.00000
5114,,OpeningBatch,68,02002,0001,20,180.00000,0001,20,180.00000
5115,,OpeningBatch,69,02003,0001,15,216.00000,0001,15,216.00000
5116,,OpeningBatch,70,02004,0001,220,208.00000,0001,220,208.00000
5117,,OpeningBatch,71,02006,0001,3,180.00000,0001,3,180.00000
5118,,OpeningBatch,72,02306,0001,190,210.00000,0001,190,210.00000
5119,,OpeningBatch,73,02317,0001,35,160.00000,0001,35,160.00000
5120,,OpeningBatch,74,02059,0001,190,185.00000,0001,190,185.00000
5121,,OpeningBatch,75,02324,0001,60,170.00000,0001,60,170.00000
5122,,OpeningBatch,76,02010,0001,2500,10.00000,0001,2500,10.00000
5123,,OpeningBatch,77,02013,0001,136,390.00000,0001,136,390.00000
5124,,OpeningBatch,78,02086,0001,1150,12.50000,0001,1150,12.50000
5125,,OpeningBatch,79,02420,0001,10,150.00000,0001,10,150.00000
5126,,OpeningBatch,80,02258,0001,120,45.00000,0001,120,45.00000
5127,,OpeningBatch,82,02191,0001,15500,17.00000,0001,15500,17.00000
5128,,OpeningBatch,83,02361,0001,1050,30.00000,0001,1050,30.00000
5129,,OpeningBatch,84,02315,0001,10800,30.00000,0001,10800,30.00000
5130,,OpeningBatch,85,02359,0001,800,30.00000,0001,800,30.00000
5131,,OpeningBatch,86,02172,0001,230,30.00000,0001,230,30.00000
5132,,OpeningBatch,87,02299,0001,6500,30.00000,0001,6500,30.00000
5133,,OpeningBatch,88,02035,0001,850,30.00000,0001,850,30.00000
5134,,OpeningBatch,89,02051,0001,12500,30.00000,0001,12500,30.00000
5135,,OpeningBatch,90,02321,0001,29000,20.00000,0001,29000,20.00000
5136,,OpeningBatch,91,02320,0001,8000,10.00000,0001,8000,10.00000
5137,,OpeningBatch,92,02319,0001,2500,9.50000,0001,2500,9.50000
5138,,OpeningBatch,93,02018,0001,5200,12.00000,0001,5200,12.00000
5139,,OpeningBatch,94,02278,0001,5300,12.00000,0001,5300,12.00000
5140,,OpeningBatch,95,02020,0001,11000,12.00000,0001,11000,12.00000
5141,,OpeningBatch,96,02019,0001,15000,11.50000,0001,15000,11.50000
5142,,OpeningBatch,97,02313,0001,6000,11.50000,0001,6000,11.50000
5143,,OpeningBatch,98,02224,0001,5500,11.50000,0001,5500,11.50000
5144,,OpeningBatch,99,02316,0001,6000,6.00000,0001,6000,6.00000
5145,,OpeningBatch,100,02341,0001,600,30.00000,0001,600,30.00000
5146,,OpeningBatch,104,02399,0001,300,20.00000,0001,300,20.00000
5147,,OpeningBatch,105,02398,0001,300,20.00000,0001,300,20.00000
5148,,OpeningBatch,106,02042,0001,200,40.00000,0001,200,40.00000
5149,,OpeningBatch,107,02222,0001,230,40.00000,0001,230,40.00000
5150,,OpeningBatch,109,02433,0001,2016,150.00000,0001,2016,150.00000
5151,,OpeningBatch,110,02232,0001,500,30.00000,0001,500,30.00000
5152,,OpeningBatch,112,02312,,0,,0001,200,70.00000
5153,,Productions,262,03014,,0,,0001,35,13.10029
5154,,PRODUCTIONBATCH,262,01003,,0,,0001,35,13.10015
5155,,Productions,262,03014,0001,35,13.10029,0001,35,13.10015
5156,,PACKING,275,00020,,0,,0001,25,43.10000
5157,,PACKINGBATCH,275,02051,,0,,0001,25,30.00000
5158,,PACKINGBATCH,275,03014,,0,,0001,25,13.10015
5159,,PACKING,275,00020,0001,25,43.10000,0001,25,43.10015
5160,,PACKING,276,00262,,0,,0001,100,10.81000
5161,,PACKINGBATCH,276,02319,,0,,0001,100,9.50000
5162,,PACKINGBATCH,276,03014,,0,,0001,10,13.10015
5163,,PACKING,276,00262,0001,100,10.81000,0001,100,10.81002
5164,,Productions,263,03179,,0,,0001,10,91.45900
5165,,PRODUCTIONBATCH,263,01010,,0,,0001,0,2800.00000
5166,,PRODUCTIONBATCH,263,01011,,0,,0001,0,4840.91985
5167,,PRODUCTIONBATCH,263,01012,,0,,0001,0,4000.00000
5168,,PRODUCTIONBATCH,263,01020,,0,,0001,0,350.00000
5169,,PRODUCTIONBATCH,263,01038,,0,,0001,0,650.00000
5170,,PRODUCTIONBATCH,263,01041,,0,,0001,0,649.99986
5171,,PRODUCTIONBATCH,263,01060,,0,,0001,0,950.00000
5172,,Productions,263,03179,0001,10,91.45900,0001,10,91.45919
5173,,PACKING,277,00257,,0,,0001,100,34.33010
5174,,PACKINGBATCH,277,02010,,0,,0001,150,9.12281
5175,,PACKINGBATCH,277,02313,,0,,0001,100,11.50000
5176,,PACKINGBATCH,277,03179,,0,,0001,10,91.45919
5177,,PACKING,277,00257,0001,100,34.33010,0001,100,34.33013
5178,,PurchasesBatch,139,01015,,0,,0001,1000,17.00000
5179,,PurchasesBatch,136,01003,0001,10000,13.00000,0001,10000,13.00000
5180,,PurchasesBatch,140,02445,,0,,0001,140,40.00000
5181,,PurchasesBatch,140,02412,,0,,0001,10,75.00000
5182,,PurchasesBatch,140,02444,,0,,0001,80,40.00000
5183,,PurchasesBatch,141,02010,,0,,0001,500,8.00000
5184,,PurchasesBatch,142,01197,,0,,0001,1,4500.00000
5185,,PurchasesBatch,142,01196,,0,,0001,20,1250.00000
5186,,PurchasesBatch,142,01207,,0,,0001,1,15500.00000
5187,,PurchasesBatch,143,01043,,0,,0001,600,13.75000
5188,,Productions,264,03043,,0,,0001,10,233.80100
5189,,PRODUCTIONBATCH,264,01002,,0,,0001,8,259.87006
5190,,PRODUCTIONBATCH,264,01034,,0,,0001,0,556.05574
5191,,PRODUCTIONBATCH,264,01041,,0,,0001,0,649.99986
5192,,PRODUCTIONBATCH,264,01047,,0,,0001,3,73.66038
5193,,PRODUCTIONBATCH,264,01060,,0,,0001,0,950.00000
5194,,Productions,264,03043,0001,10,233.80100,0001,10,233.80127
5195,,PACKING,278,00182,,0,,0001,100,23.38010
5196,,PACKINGBATCH,278,03043,,0,,0001,10,233.80127
5197,,PACKING,278,00182,0001,100,23.38010,0001,100,23.38013
5198,,Productions,265,03104,,0,,0001,370,20.15000
5199,,PRODUCTIONBATCH,265,01020,,0,,0001,18,350.00000
5200,,PRODUCTIONBATCH,265,01022,,0,,0001,0,4000.00000
5201,,PRODUCTIONBATCH,265,01041,,0,,0001,0,649.99986
5202,,PRODUCTIONBATCH,265,01060,,0,,0001,0,950.00000
5203,,Productions,265,03104,0001,370,20.15000,0001,370,20.15000
5204,,PACKING,279,00381,,0,,0001,120,304.44408
5205,,PACKINGBATCH,279,02097,,0,,0001,120,222.21075
5206,,PACKINGBATCH,279,02445,,0,,0001,140,40.00000
5207,,PACKINGBATCH,279,03104,,0,,0001,120,20.15000
5208,,PACKINGBATCH,279,02059,,0,,0001,10,185.00000
5209,,PACKING,279,00381,0001,120,304.44408,0001,120,304.44408
5210,,PACKING,280,00147,,0,,0001,10,1629.19500
5211,,PACKINGBATCH,280,02128,,0,,0001,10,1065.44493
5212,,PACKINGBATCH,280,02160,,0,,0001,15,40.00000
5213,,PACKINGBATCH,280,03104,,0,,0001,250,20.15000
5214,,PACKING,280,00147,0001,10,1629.19500,0001,10,1629.19493
5215,,Productions,266,03272,,0,,0001,300,145.34630
5216,,PRODUCTIONBATCH,266,01023,,0,,0001,3,7043.77043
5217,,PRODUCTIONBATCH,266,01025,,0,,0001,3,7200.00000
5218,,PRODUCTIONBATCH,266,01041,,0,,0001,1,649.99986
5219,,PRODUCTIONBATCH,266,01050,,0,,0001,0,3086.04001
5220,,Productions,266,03272,0001,300,145.34630,0001,300,145.34631
5221,,PACKING,281,00382,,0,,0001,60,1363.14017
5222,,PACKINGBATCH,281,02014,,0,,0001,70,439.96853
5223,,PACKINGBATCH,281,02444,,0,,0001,80,40.00000
5224,,PACKINGBATCH,281,03272,,0,,0001,300,145.34631
5225,,PACKINGBATCH,281,02004,,0,,0001,18,232.59541
5226,,PACKING,281,00382,0001,60,1363.14017,0001,60,1363.14013
5227,,Productions,267,03249,,0,,0001,100,100.59760
5228,,PRODUCTIONBATCH,267,01011,,0,,0001,2,4840.91985
5229,,PRODUCTIONBATCH,267,01013,,0,,0001,0,209.76487
5230,,PRODUCTIONBATCH,267,01034,,0,,0001,0,556.05574
5231,,PRODUCTIONBATCH,267,01043,,0,,0001,0,13.75000
5232,,PRODUCTIONBATCH,267,01073,,0,,0001,0,389.83627
5233,,PRODUCTIONBATCH,267,01115,,0,,0001,0,1200.00000
5234,,Productions,267,03249,0001,100,100.59760,0001,100,100.59757
5235,,PACKING,282,00351,,0,,0001,4,3767.88500
5236,,PACKINGBATCH,282,02128,,0,,0001,4,1065.44493
5237,,PACKINGBATCH,282,02412,,0,,0001,10,75.00000
5238,,PACKINGBATCH,282,03249,,0,,0001,100,100.59757
5239,,PACKING,282,00351,0001,4,3767.88500,0001,4,3767.88418
5240,,PurchasesBatch,144,02041,,0,,0001,12,140.00000
5241,,PurchasesBatch,144,02446,,0,,0001,135,40.00000
5242,,PurchasesBatch,144,02447,,0,,0001,135,40.00000
5243,,PurchasesBatch,145,01047,,0,,0001,250,74.00000
5244,,PurchasesBatch,146,01002,,0,,0001,25,280.00000
5245,,PurchasesBatch,146,01055,,0,,0001,25,1550.00000
5246,,PurchasesBatch,146,01195,,0,,0001,50,850.00000
5247,,PurchasesBatch,147,02043,,0,,0001,240,160.00000
5248,,PurchasesBatch,148,02118,,0,,0001,25,251.00000
5249,,Productions,268,03046,,0,,0001,500,13.63100
5250,,PRODUCTIONBATCH,268,01003,,0,,0001,5,13.10015
5251,,PRODUCTIONBATCH,268,01016,,0,,0001,250,10.00000
5252,,PRODUCTIONBATCH,268,01015,,0,,0001,250,17.00000
5253,,Productions,268,03046,0001,500,13.63100,0001,500,13.63100
5254,,PACKING,283,00220,,0,,0001,20,589.71300
5255,,PACKINGBATCH,283,02258,,0,,0001,25,44.15027
5256,,PACKINGBATCH,283,03046,,0,,0001,500,13.63100
5257,,PACKINGBATCH,283,02277,,0,,0001,25,155.00000
5258,,PACKING,283,00220,0001,20,589.71300,0001,20,589.71284
5259,,Productions,269,03003,,0,,0001,240,23.93550
5260,,PRODUCTIONBATCH,269,01022,,0,,0001,0,4000.00000
5261,,PRODUCTIONBATCH,269,01038,,0,,0001,3,650.00000
5262,,PRODUCTIONBATCH,269,01043,,0,,0001,1,13.75000
5263,,PRODUCTIONBATCH,269,01048,,0,,0001,0,1405.95140
5264,,PRODUCTIONBATCH,269,01056,,0,,0001,0,18697.38365
5265,,PRODUCTIONBATCH,269,01060,,0,,0001,0,950.00000
5266,,Productions,269,03003,0001,240,23.93550,0001,240,23.93551
5267,,PACKING,284,00049,,0,,0001,24,779.57750
5268,,PACKINGBATCH,284,02014,,0,,0001,30,439.96853
5269,,PACKINGBATCH,284,02027,,0,,0001,35,22.22222
5270,,PACKINGBATCH,284,03003,,0,,0001,120,23.93551
5271,,PACKINGBATCH,284,02004,,0,,0001,8,232.59541
5272,,PACKING,284,00049,0001,24,779.57750,0001,24,779.57742
5273,,PACKING,285,00032,,0,,0001,120,301.03883
5274,,PACKINGBATCH,285,02097,,0,,0001,130,222.21075
5275,,PACKINGBATCH,285,02385,,0,,0001,135,20.00000
5276,,PACKINGBATCH,285,03003,,0,,0001,120,23.93551
5277,,PACKINGBATCH,285,02059,,0,,0001,9,185.00000
5278,,PACKING,285,00032,0001,120,301.03883,0001,120,301.03882
5279,,Productions,270,03002,,0,,0001,2000,12.07500
5280,,PRODUCTIONBATCH,270,01190,,0,,0001,2100,11.50000
5281,,Productions,270,03002,0001,2000,12.07500,0001,2000,12.07500
5282,,PACKING,286,00019,,0,,0001,80,456.87500
5283,,PACKINGBATCH,286,03002,,0,,0001,2000,12.07500
5284,,PACKINGBATCH,286,02277,,0,,0001,80,155.00000
5285,,PACKING,286,00019,0001,80,456.87500,0001,80,456.87500
5286,,Productions,271,03014,,0,,0001,1340,14.17554
5287,,PRODUCTIONBATCH,271,01003,,0,,0001,1450,13.10015
5288,,Productions,271,03014,0001,1340,14.17554,0001,1340,14.17554
5289,,PACKING,287,00262,,0,,0001,900,14.55750
5290,,PACKINGBATCH,287,02319,,0,,0001,1000,9.50000
5291,,PACKINGBATCH,287,03014,,0,,0001,90,14.17554
5292,,PACKINGBATCH,287,02004,,0,,0001,10,232.59541
5293,,PACKING,287,00262,0001,900,14.55750,0001,900,14.55750
5294,,PACKING,288,00022,,0,,0001,50,509.38860
5295,,PACKINGBATCH,288,02033,,0,,0001,50,155.00000
5296,,PACKINGBATCH,288,03014,,0,,0001,1250,14.17554
5297,,PACKING,288,00022,0001,50,509.38860,0001,50,509.38850
5298,,Productions,272,03043,,0,,0001,60,62.10133
5299,,PRODUCTIONBATCH,272,01002,,0,,0001,10,271.82371
5300,,PRODUCTIONBATCH,272,01034,,0,,0001,0,556.05574
5301,,PRODUCTIONBATCH,272,01041,,0,,0001,0,649.99986
5302,,PRODUCTIONBATCH,272,01047,,0,,0001,6,73.98444
5303,,PRODUCTIONBATCH,272,01060,,0,,0001,0,950.00000
5304,,PRODUCTIONBATCH,272,01015,,0,,0001,10,17.00000
5305,,PRODUCTIONBATCH,272,01016,,0,,0001,10,10.00000
5306,,PRODUCTIONBATCH,272,01003,,0,,0001,5,13.10015
5307,,Productions,272,03043,0001,60,62.10133,0001,60,62.10119
5308,,PACKING,289,00182,,0,,0001,600,8.14842
5309,,PACKINGBATCH,289,03043,,0,,0001,60,62.10119
5310,,PACKINGBATCH,289,02004,,0,,0001,5,232.59541
5311,,PACKING,289,00182,0001,600,8.14842,0001,600,8.14841
5312,,Productions,273,03165,,0,,0001,50,17.14200
5313,,PRODUCTIONBATCH,273,01012,,0,,0001,0,4000.00000
5314,,PRODUCTIONBATCH,273,01035,,0,,0001,0,1278.57143
5315,,PRODUCTIONBATCH,273,01041,,0,,0001,0,649.99986
5316,,PRODUCTIONBATCH,273,01043,,0,,0001,0,13.75000
5317,,Productions,273,03165,0001,50,17.14200,0001,50,17.14196
5318,,PACKING,290,00233,,0,,0001,500,38.28202
5319,,PACKINGBATCH,290,02010,,0,,0001,1110,8.61704
5320,,PACKINGBATCH,290,02278,,0,,0001,600,12.00000
5321,,PACKINGBATCH,290,03165,,0,,0001,50,17.14196
5322,,PACKINGBATCH,290,02006,,0,,0001,7,217.00000
5323,,PACKING,290,00233,0001,500,38.28202,0001,500,38.28203
5324,,Productions,274,03163,,0,,0001,500,18.70000
5325,,PRODUCTIONBATCH,274,01015,,0,,0001,550,17.00000
5326,,Productions,274,03163,0001,500,18.70000,0001,500,18.70000
5327,,PACKING,291,00248,,0,,0001,500,63.32978
5328,,PACKINGBATCH,291,02299,,0,,0001,550,30.00000
5329,,PACKINGBATCH,291,03163,,0,,0001,500,18.70000
5330,,PACKINGBATCH,291,02004,,0,,0001,25,232.59541
5331,,PACKING,291,00248,0001,500,63.32978,0001,500,63.32977
5332,,Productions,275,03019,,0,,0001,175,46.49949
5333,,PRODUCTIONBATCH,275,01003,,0,,0001,150,13.10015
5334,,PRODUCTIONBATCH,275,01033,,0,,0001,30,50.00000
5335,,PRODUCTIONBATCH,275,01059,,0,,0001,50,72.44776
5336,,PRODUCTIONBATCH,275,01007,,0,,0001,30,35.00000
5337,,Productions,275,03019,0001,175,46.49949,0001,175,46.49949
5338,,PACKING,292,00040,,0,,0001,7,1441.05857
5339,,PACKINGBATCH,292,02042,,0,,0001,10,40.00000
5340,,PACKINGBATCH,292,02213,,0,,0001,10,155.00000
5341,,PACKINGBATCH,292,03019,,0,,0001,175,46.49949
5342,,PACKING,292,00040,0001,7,1441.05857,0001,7,1441.05868
5343,,Productions,276,03001,,0,,0001,1500,17.40374
5344,,PRODUCTIONBATCH,276,01016,,0,,0001,1200,10.00000
5345,,PRODUCTIONBATCH,276,01042,,0,,0001,18,168.72320
5346,,PRODUCTIONBATCH,276,01043,,0,,0001,300,13.75000
5347,,PRODUCTIONBATCH,276,01050,,0,,0001,2,3086.04001
5348,,Productions,276,03001,0001,1500,17.40374,0001,1500,17.40374
5349,,PACKING,293,00016,,0,,0001,60,590.09350
5350,,PACKINGBATCH,293,02032,,0,,0001,60,155.00000
5351,,PACKINGBATCH,293,03001,,0,,0001,1500,17.40374
5352,,PACKING,293,00016,0001,60,590.09350,0001,60,590.09350
5353,,PurchasesBatch,149,01043,,0,,0001,1250,13.75000
5354,,PurchasesBatch,150,01009,,0,,0001,25,2200.00000
5355,,PurchasesBatch,150,01013,,0,,0001,25,210.00000
5356,,PurchasesBatch,151,02425,,0,,0001,35,40.00000
5357,,PurchasesBatch,151,02422,,0,,0001,35,40.00000
5358,,PurchasesBatch,152,02006,,0,,0001,50,213.00000
5359,,PurchasesBatch,152,02004,,0,,0001,85,235.00000
5360,,Productions,277,03002,,0,,0001,6250,11.68400
5361,,PRODUCTIONBATCH,277,01190,,0,,0001,6350,11.50000
5362,,Productions,277,03002,0001,6250,11.68400,0001,6250,11.68400
5363,,PACKING,294,00019,,0,,0001,250,372.10000
5364,,PACKINGBATCH,294,02034,,0,,0001,250,80.00000
5365,,PACKINGBATCH,294,03002,,0,,0001,6250,11.68400
5366,,PACKING,294,00019,0001,250,372.10000,0001,250,372.10000
5367,,Productions,278,03258,,0,,001,120,73.81883
5368,,PRODUCTIONBATCH,278,01023,,0,,0001,0,7043.77043
5369,,PRODUCTIONBATCH,278,01025,,0,,0001,0,7200.00000
5370,,PRODUCTIONBATCH,278,01041,,0,,0001,0,649.99986
5371,,Productions,278,03258,001,120,73.81883,001,120,73.81885
5372,,PACKING,295,00362,,0,,0001,24,1045.62083
5373,,PACKINGBATCH,295,02014,,0,,0001,30,439.96853
5374,,PACKINGBATCH,295,02425,,0,,0001,35,40.00000
5375,,PACKINGBATCH,295,03258,,0,,001,120,73.81885
5376,,PACKINGBATCH,295,02004,,0,,0001,7,233.94008
5377,,PACKING,295,00362,0001,24,1045.62083,0001,24,1045.62077
5378,,Productions,279,03254,,0,,0001,100,116.28690
5379,,PRODUCTIONBATCH,279,01010,,0,,0001,1,2800.00000
5380,,PRODUCTIONBATCH,279,01012,,0,,0001,0,4000.00000
5381,,PRODUCTIONBATCH,279,01038,,0,,0001,0,650.00000
5382,,PRODUCTIONBATCH,279,01041,,0,,0001,0,649.99986
5383,,PRODUCTIONBATCH,279,01046,,0,,0001,0,13130.72776
5384,,PRODUCTIONBATCH,279,01184,,0,,0001,5,366.66667
5385,,Productions,279,03254,0001,100,116.28690,0001,100,116.28697
5386,,PurchasesBatch,151,02422,0001,35,40.00000,,0,
5387,,PurchasesBatch,151,02421,,0,,0001,35,40.00000
5388,,PACKING,296,00358,,0,,0001,20,1259.88050
5389,,PACKINGBATCH,296,02014,,0,,0001,25,439.96853
5390,,PACKINGBATCH,296,02421,,0,,0001,35,40.00000
5391,,PACKINGBATCH,296,03254,,0,,0001,100,116.28697
5392,,PACKINGBATCH,296,02004,,0,,0001,5,233.94008
5393,,PACKING,296,00358,0001,20,1259.88050,0001,20,1259.88053
5394,,Productions,280,03001,,0,,0001,250,17.40376
5395,,PRODUCTIONBATCH,280,01016,,0,,0001,200,10.00000
5396,,PRODUCTIONBATCH,280,01042,,0,,0001,3,168.72320
5397,,PRODUCTIONBATCH,280,01043,,0,,0001,50,13.75000
5398,,PRODUCTIONBATCH,280,01050,,0,,0001,0,3086.04001
5399,,Productions,280,03001,0001,250,17.40376,0001,250,17.40374
5400,,PACKING,297,00016,,0,,0001,10,590.09400
5401,,PACKINGBATCH,297,02032,,0,,0001,10,155.00000
5402,,PACKINGBATCH,297,03001,,0,,0001,250,17.40374
5403,,PACKING,297,00016,0001,10,590.09400,0001,10,590.09350
5404,,Productions,281,03014,,0,,0001,250,13.10016
5405,,PRODUCTIONBATCH,281,01003,,0,,0001,250,13.10015
5406,,Productions,281,03014,0001,250,13.10016,0001,250,13.10015
5407,,PACKING,298,00022,,0,,0001,10,482.50400
5408,,PACKINGBATCH,298,02033,,0,,0001,10,155.00000
5409,,PACKINGBATCH,298,03014,,0,,0001,250,13.10015
5410,,PACKING,298,00022,0001,10,482.50400,0001,10,482.50375
5411,,Productions,282,03163,,0,,0001,100,17.00000
5412,,PRODUCTIONBATCH,282,01015,,0,,0001,100,17.00000
5413,,Productions,282,03163,0001,100,17.00000,0001,100,17.00000
5414,,PACKING,299,00248,,0,,0001,100,58.69700
5415,,PACKINGBATCH,299,02299,,0,,0001,100,30.00000
5416,,PACKINGBATCH,299,03163,,0,,0001,100,17.00000
5417,,PACKINGBATCH,299,02004,,0,,0001,5,233.94008
5418,,PACKING,299,00248,0001,100,58.69700,0001,100,58.69700
5419,,Productions,283,03273,,0,,0001,120,138.87517
5420,,PRODUCTIONBATCH,283,01047,,0,,0001,120,73.98444
5421,,PRODUCTIONBATCH,283,01050,,0,,0001,0,3086.04001
5422,,PRODUCTIONBATCH,283,01055,,0,,0001,5,1549.97167
5423,,Productions,283,03273,0001,120,138.87517,0001,120,138.87520
5424,,PACKING,300,00383,,0,,0001,120,368.97517
5425,,PACKINGBATCH,300,02043,,0,,0001,120,160.00000
5426,,PACKINGBATCH,300,02446,,0,,0001,135,40.00000
5427,,PACKINGBATCH,300,03273,,0,,0001,120,138.87520
5428,,PACKINGBATCH,300,02118,,0,,0001,12,251.00000
5429,,PACKING,300,00383,0001,120,368.97517,0001,120,368.97520
5430,,Productions,284,03274,,0,,0001,120,88.38000
5431,,PRODUCTIONBATCH,284,01002,,0,,0001,6,271.82371
5432,,PRODUCTIONBATCH,284,01047,,0,,0001,120,73.98444
5433,,PRODUCTIONBATCH,284,01073,,0,,0001,0,389.83627
5434,,PRODUCTIONBATCH,284,01105,,0,,0001,0,414.58858
5435,,Productions,284,03274,0001,120,88.38000,0001,120,88.38005
5436,,PACKING,301,00384,,0,,0001,120,318.48008
5437,,PACKINGBATCH,301,02043,,0,,0001,120,160.00000
5438,,PACKINGBATCH,301,02447,,0,,0001,135,40.00000
5439,,PACKINGBATCH,301,03274,,0,,0001,120,88.38005
5440,,PACKINGBATCH,301,02118,,0,,0001,12,251.00000
5441,,PACKING,301,00384,0001,120,318.48008,0001,120,318.48005
5442,,Productions,285,03022,,0,,0001,250,17.94460
5443,,PRODUCTIONBATCH,285,01003,,0,,0001,250,13.10015
5444,,PRODUCTIONBATCH,285,01031,,0,,0001,0,6055.55556
5445,,Productions,285,03022,0001,250,17.94460,0001,250,17.94459
5446,,PACKING,302,00041,,0,,0001,10,771.61500
5447,,PACKINGBATCH,302,02041,,0,,0001,12,140.00000
5448,,PACKINGBATCH,302,03022,,0,,0001,250,17.94459
5449,,PACKINGBATCH,302,02277,,0,,0001,10,155.00000
5450,,PACKING,302,00041,0001,10,771.61500,0001,10,771.61475
5451,,Productions,286,03003,,0,,0001,60,27.08533
5452,,PRODUCTIONBATCH,286,01013,,0,,0001,0,209.98276
5453,,PRODUCTIONBATCH,286,01022,,0,,0001,0,4000.00000
5454,,PRODUCTIONBATCH,286,01038,,0,,0001,0,650.00000
5455,,PRODUCTIONBATCH,286,01043,,0,,0001,0,13.75000
5456,,PRODUCTIONBATCH,286,01048,,0,,0001,0,1405.95140
5457,,PRODUCTIONBATCH,286,01056,,0,,0001,0,18697.38365
5458,,PRODUCTIONBATCH,286,01060,,0,,0001,0,950.00000
5459,,Productions,286,03003,0001,60,27.08533,0001,60,27.08525
5460,,PACKING,303,00032,,0,,0001,60,898.52300
5461,,PACKINGBATCH,303,02097,,0,,0001,229,222.21075
5462,,PACKINGBATCH,303,02385,,0,,0001,70,20.00000
5463,,PACKINGBATCH,303,03003,,0,,0001,60,27.08525
5464,,PACKING,303,00032,0001,60,898.52300,0001,60,898.52295
5465,,SALESBATCH,80,00285,,0,,0001,225,243.48398
5466,,SALESBATCH,80,00274,,0,,0001,52,2100.57358
5467,,SALESBATCH,80,00280,,0,,0001,48,2041.84971
5468,,SALESBATCH,80,00281,,0,,0001,44,1114.82623
5469,,SALESBATCH,80,00278,,0,,0001,20,1477.88410
5470,,SALESBATCH,80,00289,,0,,0001,10,2330.41250
5471,,SALESBATCH,80,00373,,0,,0001,10,4477.13650
5472,,SALESBATCH,81,00352,,0,,0001,20,3827.35675
5473,,SALESBATCH,82,00016,,0,,0001,34,525.40862
5474,,SALESBATCH,82,00125,,0,,0001,19,721.44525
5475,,SALESBATCH,82,00040,,0,,001,10,873.93250
5476,,SALESBATCH,82,00231,,0,,0001,100,487.06060
5477,,SALESBATCH,83,00231,,0,,0001,15,487.06060
5478,,SALESBATCH,84,00135,,0,,0001,20,1875.01528
5479,,SALESBATCH,84,00124,,0,,0001,16,5000.00000
5480,,SALESBATCH,85,00051,,0,,0001,40,1369.00126
5481,,SALESBATCH,85,00211,,0,,0001,40,996.03737
5482,,SALESBATCH,85,00339,,0,,0001,48,1481.95468
5483,,SALESBATCH,85,00340,,0,,0001,60,1085.87331
5484,,SALESBATCH,86,00049,,0,,0001,44,740.01506
5485,,SALESBATCH,86,00211,,0,,0001,8,996.03737
5486,,SALESBATCH,86,00052,,0,,0001,44,1059.87390
5487,,SALESBATCH,87,00052,,0,,0001,60,1059.87390
5488,,SALESBATCH,88,00052,,0,,0001,44,1059.87390
5489,,SALESBATCH,89,00047,,0,,0001,120,1861.16178
5490,,SALESBATCH,90,00010,,0,,0001,200,30.36892
5491,,SALESBATCH,90,00233,,0,,0001,200,33.02257
5492,,SALESBATCH,90,00248,,0,,0001,25,61.93533
5493,,SALESBATCH,91,00233,,0,,0001,200,33.02257
5494,,SALESBATCH,91,00201,,0,,0001,200,43.98313
5495,,SALESBATCH,91,00010,,0,,0001,500,30.36892
5496,,SALESBATCH,91,00032,,0,,0001,60,363.05469
5497,,SALESBATCH,91,00022,,0,,0001,30,498.37533
5498,,SALESBATCH,91,00038,,0,,0001,5,538.74446
5499,,SALESBATCH,91,00054,,0,,0001,24,409.95109
5500,,SALESBATCH,91,00052,,0,,0001,12,1059.87390
5501,,SALESBATCH,91,00024,,0,,0001,48,410.29130
5502,,SALESBATCH,91,00064,,0,,0001,60,364.92276
5503,,SALESBATCH,91,00091,,0,,0001,8,917.21955
5504,,SALESBATCH,91,00151,,0,,0001,60,431.76577
5505,,SALESBATCH,91,00187,,0,,0001,12,1719.01811
5506,,SALESBATCH,91,00030,,0,,0001,1200,30.91332
5507,,SALESBATCH,91,00220,,0,,0001,10,630.30355
5508,,SALESBATCH,91,00016,,0,,0001,10,525.40862
5509,,SALESBATCH,91,00212,,0,,0001,10,1695.65910
5510,,SALESBATCH,91,00121,,0,,0001,75,260.07048
5511,,SALESBATCH,92,00363,,0,,0001,100,14000.00000
5512,,SALESBATCH,93,00197,,0,,0001,100,1265.05052
5513,,SALESBATCH,94,00170,,0,,0001,16,697.72075
5514,,SALESBATCH,94,00051,,0,,0001,8,1369.00126
5515,,SALESBATCH,95,00231,,0,,0001,20,487.06060
5516,,SALESBATCH,95,00022,,0,,0001,10,498.37533
5517,,SALESBATCH,95,00220,,0,,0001,5,630.30355
5518,,SALESBATCH,96,00357,,0,,0001,10,708.10801
5519,,SALESBATCH,97,00318,,0,,0001,240,285.89048
5520,,SALESBATCH,97,00319,,0,,0001,240,471.03059
5521,,SALESBATCH,97,00317,,0,,0001,240,335.45817
5522,,SALESBATCH,98,00377,,0,,0001,40,2141.71275
5523,,SALESBATCH,98,00040,,0,,0001,1,1410.35588
5524,,SALESBATCH,99,00375,,0,,0001,3,718.80833
5525,,SALESBATCH,100,00231,,0,,0001,10,487.06060
5526,,SALESBATCH,101,00074,,0,,0001,2,924.38000
5527,,SALESBATCH,102,00052,,0,,0001,8,1059.87390
5528,,SALESBATCH,102,00051,,0,,0001,12,1369.00126
5529,,SALESBATCH,102,00266,,0,,0001,4,830.34130
5530,,SALESBATCH,102,00163,,0,,0001,8,1702.19644
5531,,SALESBATCH,102,00072,,0,,0001,4,802.93536
5532,,SALESBATCH,102,00209,,0,,0001,2,905.47500
5533,,SALESBATCH,102,00076,,0,,0001,2,1376.08125
5534,,SALESBATCH,103,00274,,0,,0001,60,2100.57358
5535,,SALESBATCH,103,00371,,0,,001,20,1051.42016
5536,,SALESBATCH,103,00372,,0,,0001,20,757.86150
5537,,SALESBATCH,103,00124,,0,,0001,8,5000.00000
5538,,SALESBATCH,103,00285,,0,,0001,150,243.48398
5539,,SALESBATCH,103,00273,,0,,0001,20,1134.02050
5540,,SALERETURNSBATCH,1,00281,,0,,0001,4,4.00000
5541,,SALERETURNSBATCH,1,00281,0001,4,4.00000,,0,
5542,,SALESBATCH,104,00363,,0,,0001,5,14000.00000
5543,,SALESBATCH,104,00357,,0,,0001,3,708.10801
5544,,SALESBATCH,105,00026,,0,,0001,1860,61.60615
5545,,SALESBATCH,105,00028,,0,,0001,100,1540.15375
5546,,SALESBATCH,106,00220,,0,,0001,10,630.30355
5547,,SALESBATCH,107,00231,,0,,0001,20,487.06060
5548,,SALESBATCH,108,00008,,0,,0001,400,32.19299
5549,,SALESBATCH,108,00369,,0,,0001,96,285.75229
5550,,SALESBATCH,109,00008,,0,,0001,400,32.19299
5551,,SALESBATCH,109,00369,,0,,0001,96,285.75229
5552,,SALESBATCH,110,00369,,0,,0001,1440,285.75229
5553,,SALESBATCH,111,00369,,0,,0001,480,285.75229
5554,,SALESBATCH,112,00369,,0,,0001,960,285.75229
5555,,SALESBATCH,113,00369,,0,,0001,96,285.75229
5556,,SALESBATCH,114,00220,,0,,0001,5,630.30355
5557,,SALESBATCH,114,00199,,0,,0001,2,990.91758
5558,,SALESBATCH,114,00022,,0,,0001,15,498.37533
5559,,SALESBATCH,114,00124,,0,,0001,2,5000.00000
5560,,SALESBATCH,114,00035,,0,,0001,10,5729.01475
5561,,SALESBATCH,114,00212,,0,,0001,2,1695.65910
5562,,SALESBATCH,115,00309,,0,,0001,20,1614.25965
5563,,SALESBATCH,115,00206,,0,,0001,120,421.64282
5564,,SALESBATCH,115,00378,,0,,0001,60,374.46270
5565,,SALESBATCH,115,00226,,0,,0001,120,512.01755
5566,,SALESBATCH,115,00292,,0,,0001,200,1060.03419
5567,,SALESBATCH,115,00019,,0,,0001,50,390.85526
5568,,SALESBATCH,116,00035,,0,,0001,7,5729.01475
5569,,SALESBATCH,117,00344,,0,,0001,22,3918.53368
5570,,SALESBATCH,118,00197,,0,,0001,100,1265.05052
5571,,SALESBATCH,119,00051,,0,,0001,68,1369.00126
5572,,SALESBATCH,120,00032,,0,,0001,60,363.05469
5573,,SALESBATCH,120,00016,,0,,0001,20,525.40862
5574,,SALESBATCH,121,00016,,0,,0001,10,525.40862
5575,,SALESBATCH,122,00199,,0,,0001,70,990.91758
5576,,SALESBATCH,123,00369,,0,,0001,480,285.75229
5577,,SALESBATCH,124,00248,,0,,0001,500,61.93533
5578,,Productions,287,03163,,0,,0001,1950,8.71795
5579,,PRODUCTIONBATCH,287,01015,,0,,0001,1000,17.00000
5580,,Productions,287,03163,0001,1950,8.71795,0001,1950,8.71795
5581,,PACKING,304,00231,,0,,0001,78,217.94872
5582,,PACKINGBATCH,304,03163,,0,,0001,1950,8.71795
5583,,PACKING,304,00231,0001,78,217.94872,0001,78,217.94875
5584,,SALESBATCH,124,00231,,0,,0001,78,217.94875
5585,,SALESBATCH,124,00016,,0,,0001,20,525.40862
5586,,SALESBATCH,124,00032,,0,,0001,60,363.05469
5587,,OpeningBatch,81,00019,0001,56,1440.00000,0001,56,1440.00000
5588,,OpeningBatch,101,00363,0001,934,14000.00000,0001,934,14000.00000
5589,,OpeningBatch,102,00357,0001,2,10000.00000,0001,2,10000.00000
5590,,OpeningBatch,103,00053,0001,4,9000.00000,0001,4,9000.00000
5591,,OpeningBatch,108,00124,0001,152,5000.00000,0001,152,5000.00000
5592,,OpeningBatch,111,00369,0001,5080,300.00000,0001,5080,300.00000
5593,,OpeningBatch,113,00010,,0,,0001,500,70.00000
5594,,SALESBATCH,124,00010,,0,,0001,500,63.39482
5595,,OpeningBatch,81,00019,0001,56,1440.00000,0001,56,1440.00000
5596,,OpeningBatch,101,00363,0001,934,14000.00000,0001,934,14000.00000
5597,,OpeningBatch,102,00357,0001,2,10000.00000,0001,2,10000.00000
5598,,OpeningBatch,103,00053,0001,4,9000.00000,0001,4,9000.00000
5599,,OpeningBatch,108,00124,0001,152,5000.00000,0001,152,5000.00000
5600,,OpeningBatch,111,00369,0001,5080,300.00000,0001,5080,300.00000
5601,,OpeningBatch,113,00010,0001,500,70.00000,0001,500,70.00000
5602,,OpeningBatch,114,00008,,0,,0001,500,64.00000
5603,,SALESBATCH,124,00008,,0,,0001,500,54.91228
5604,,SALESBATCH,125,00264,,0,,0001,200,445.00000
5605,,SALESBATCH,126,00030,,0,,0001,1500,30.91332
5606,,SALESBATCH,127,00380,,0,,0001,60,2362.30827
5607,,SALESBATCH,128,00047,,0,,0001,200,1861.16178
5608,,SALESBATCH,128,00137,,0,,0001,20,4329.72668
5609,,SALESBATCH,128,00048,,0,,0001,255,275.06312
5610,,SALESBATCH,129,00180,,0,,0001,44,1376.98248
5611,,SALESBATCH,130,00363,,0,,0001,5,14000.00000
5612,,SALESBATCH,131,00363,,0,,0001,5,14000.00000
5613,,SALESBATCH,132,00073,,0,,0001,1296,463.88655
5614,,SALESBATCH,133,00366,,0,,0001,15,585.91442
5615,,SALESBATCH,134,00266,,0,,0001,40,830.34130
5616,,SALESBATCH,135,00038,,0,,0001,10,538.74446
5617,,SALESBATCH,136,00086,,0,,0001,480,413.64207
5618,,SALESBATCH,137,00038,,0,,0001,100,538.74446
5619,,SALESBATCH,137,00046,,0,,0001,60,865.61215
5620,,SALESBATCH,138,00363,,0,,0001,2,14000.00000
5621,,SALESBATCH,138,00220,,0,,0001,5,630.30355
5622,,SALESBATCH,139,00147,,0,,0001,3,1658.23338
5623,,SALESBATCH,140,00363,,0,,0001,40,14000.00000
5624,,SALESBATCH,141,00357,,0,,0001,20,708.10801
5625,,SALESBATCH,141,00357,,0,,000,8,621.08656
5626,,SALESBATCH,142,00040,,0,,0001,1,1410.35588
5627,,SALESBATCH,142,00363,,0,,0001,1,14000.00000
5628,,SALESBATCH,142,00233,,0,,0001,100,33.02257
5629,,SALESBATCH,142,00212,,0,,0001,1,1695.65910
5630,,SALESBATCH,142,00201,,0,,0001,100,43.98313
5631,,SALESBATCH,143,00032,,0,,0001,12,363.05469
5632,,SALESBATCH,143,00010,,0,,0001,100,63.39482
5633,,SALESBATCH,143,00233,,0,,0001,100,33.02257
5634,,SALESBATCH,143,00008,,0,,0001,100,54.91228
5635,,SALESBATCH,143,00369,,0,,0001,96,285.75229
5636,,SALESBATCH,143,00265,,0,,0001,20,51.61642
5637,,SALESBATCH,143,00020,,0,,0001,25,43.10015
5638,,SALESBATCH,143,00257,,0,,0001,100,34.33013
5639,,SALESBATCH,144,00258,,0,,0001,4,540.41050
5640,,SALESBATCH,144,00369,,0,,0001,192,285.75229
5641,,SALESBATCH,144,00032,,0,,0001,12,363.05469
5642,,SALESBATCH,144,00262,,0,,0001,100,14.18275
5643,,SALESBATCH,144,00363,,0,,0001,1,14000.00000
5644,,SALESBATCH,144,00008,,0,,0001,100,54.91228
5645,,SALESBATCH,144,00182,,0,,0001,100,10.32437
5646,,SALESBATCH,144,00259,,0,,0001,225,25.63039
5647,,SALESBATCH,145,00381,,0,,0001,120,304.44408
5648,,SALESBATCH,146,00382,,0,,0001,60,1363.14013
5649,,SALESBATCH,147,00351,,0,,0001,4,3767.88418
5650,,SALESBATCH,148,00220,,0,,0001,20,630.30355
5651,,SALESBATCH,149,00049,,0,,0001,24,740.01506
5652,,SALESBATCH,150,00019,,0,,0001,80,390.85526
5653,,SALESBATCH,150,00022,,0,,0001,50,498.37533
5654,,SALESBATCH,150,00262,,0,,0001,900,14.18275
5655,,SALESBATCH,150,00182,,0,,0001,600,10.32437
5656,,SALESBATCH,150,00233,,0,,0001,500,33.02257
5657,,SALESBATCH,150,00032,,0,,0001,120,363.05469
5658,,SALESBATCH,150,00363,,0,,0001,5,14000.00000
5659,,SALESBATCH,150,00199,,0,,0001,7,990.91758
5660,,SALESBATCH,150,00016,,0,,0001,60,525.40862
5661,,Productions,288,03163,,0,,0001,500,6.80000
5662,,PRODUCTIONBATCH,288,01015,,0,,0001,200,17.00000
5663,,Productions,288,03163,0001,500,6.80000,0001,500,6.80000
5664,,PACKING,305,00248,,0,,0001,500,49.69700
5665,,PACKINGBATCH,305,02299,,0,,0001,520,30.00000
5666,,PACKINGBATCH,305,03163,,0,,0001,500,6.80000
5667,,PACKINGBATCH,305,02004,,0,,0001,25,233.94008
5668,,PACKING,305,00248,0001,500,49.69700,0001,500,49.69700
5669,,SALESBATCH,150,00248,,0,,0001,500,51.73672
5670,,SALESBATCH,151,00147,,0,,0001,10,1658.23338
5671,,SALESBATCH,152,00362,,0,,0001,24,1045.62077
5672,,SALESBATCH,152,00358,,0,,0001,20,1259.88053
5673,,SALESBATCH,153,00016,,0,,0001,10,525.40862
5674,,SALESBATCH,153,00022,,0,,0001,10,498.37533
5675,,SALESBATCH,153,00363,,0,,0001,2,14000.00000
5676,,SALESBATCH,153,00248,,0,,0001,100,51.73672
5677,,SALESBATCH,154,00019,,0,,0001,250,390.85526
5678,,SALESBATCH,155,00363,,0,,0001,5,14000.00000
5679,,SALESBATCH,155,00040,,0,,0001,1,1410.35588
5680,,SALESBATCH,155,00022,,0,,0001,1,498.37533
5681,,SALERETURNSBATCH,1,00160,,0,,0001,10,4500.00000
5682,,SALERETURNSBATCH,1,00161,,0,,001,45,210.00000
5683,,SALERETURNSBATCH,1,00156,,0,,0001,2,1500.00000
5684,,SALERETURNSBATCH,1,00154,,0,,0001,3873,60.00000
5685,,SALERETURNSBATCH,1,00150,,0,,0001,5,3000.00000
5686,,SALERETURNSBATCH,1,00245,,0,,0001,1,7500.00000
5687,,SALERETURNSBATCH,1,00137,,0,,0001,2,6000.00000
5688,,SALERETURNSBATCH,1,00159,,0,,0001,2,130.00000
5689,,SALERETURNSBATCH,2,00048,,0,,0001,20,1500.00000
5690,,SALERETURNSBATCH,2,00137,,0,,0001,1,6000.00000
5691,,SALESBATCH,156,00383,,0,,0001,120,368.97520
5692,,SALESBATCH,156,00384,,0,,0001,120,318.48005
5693,,SALESBATCH,156,00041,,0,,0001,10,771.61475
5694,,SALESBATCH,156,00032,,0,,0001,60,363.05469
5695,,SALESBATCH,156,00383,0001,120,368.97520,,0,
5696,,SALESBATCH,156,00383,,0,,0001,120,368.97520
5697,,PurchasesBatch,153,01042,,0,,001,50,167.00000
5698,,PurchasesBatch,153,01042,001,50,167.00000,,0,
5699,,Productions,289,03182,,0,,001,450,21.28333
5700,,PRODUCTIONBATCH,289,01009,,0,,0001,0,2199.68505
5701,,PRODUCTIONBATCH,289,01013,,0,,0001,0,209.98276
5702,,PRODUCTIONBATCH,289,01016,,0,,0001,360,10.00000
5703,,PRODUCTIONBATCH,289,01042,,0,,0001,4,168.72320
5704,,PRODUCTIONBATCH,289,01043,,0,,0001,90,13.75000
5705,,PRODUCTIONBATCH,289,01050,,0,,0001,0,3086.04001
5706,,PRODUCTIONBATCH,289,01053,,0,,0001,0,17499.52012
5707,,PRODUCTIONBATCH,289,01054,,0,,0001,0,17499.10934
5708,,PRODUCTIONBATCH,289,01143,,0,,0001,0,3200.00000
5709,,Productions,289,03182,001,450,21.28333,001,450,21.28334
5710,,PACKING,306,00265,,0,,001,450,63.90693
5711,,PACKINGBATCH,306,02315,,0,,0001,460,30.00000
5712,,PACKINGBATCH,306,03182,,0,,001,450,21.28334
5713,,PACKINGBATCH,306,02004,,0,,0001,23,233.94008
5714,,PACKING,306,00265,001,450,63.90693,001,450,63.90694
5715,,Productions,290,03003,,0,,001,60,27.08533
5716,,PRODUCTIONBATCH,290,01013,,0,,0001,0,209.98276
5717,,PRODUCTIONBATCH,290,01022,,0,,0001,0,4000.00000
5718,,PRODUCTIONBATCH,290,01038,,0,,0001,0,650.00000
5719,,PRODUCTIONBATCH,290,01043,,0,,0001,0,13.75000
5720,,PRODUCTIONBATCH,290,01048,,0,,0001,0,1405.95140
5721,,PRODUCTIONBATCH,290,01056,,0,,0001,0,18697.38365
5722,,PRODUCTIONBATCH,290,01060,,0,,0001,0,950.00000
5723,,Productions,290,03003,001,60,27.08533,001,60,27.08525
5724,,OpeningBatch,55,02307,0001,450,155.00000,0001,450,155.00000
5725,,OpeningBatch,56,02213,0001,450,155.00000,0001,450,155.00000
5726,,OpeningBatch,57,02277,0001,750,155.00000,0001,750,155.00000
5727,,OpeningBatch,58,02032,0001,600,155.00000,0001,600,155.00000
5728,,OpeningBatch,59,02033,0001,500,155.00000,0001,500,155.00000
5729,,OpeningBatch,60,02274,0001,600,80.00000,0001,600,80.00000
5730,,OpeningBatch,61,02034,0001,600,80.00000,0001,600,80.00000
5731,,OpeningBatch,62,02053,0001,950,70.00000,0001,950,70.00000
5732,,OpeningBatch,63,02173,0001,100,145.00000,0001,100,145.00000
5733,,OpeningBatch,64,02097,0001,660,220.00000,0001,800,220.00000
5734,,OpeningBatch,65,02014,0001,290,390.00000,0001,290,390.00000
5735,,OpeningBatch,66,02015,0001,70,270.00000,0001,70,270.00000
5736,,OpeningBatch,67,02128,0001,51,1000.00000,0001,51,1000.00000
5737,,OpeningBatch,68,02002,0001,20,180.00000,0001,20,180.00000
5738,,OpeningBatch,69,02003,0001,15,216.00000,0001,15,216.00000
5739,,OpeningBatch,70,02004,0001,220,208.00000,0001,220,208.00000
5740,,OpeningBatch,71,02006,0001,3,180.00000,0001,3,180.00000
5741,,OpeningBatch,72,02306,0001,190,210.00000,0001,190,210.00000
5742,,OpeningBatch,73,02317,0001,35,160.00000,0001,35,160.00000
5743,,OpeningBatch,74,02059,0001,190,185.00000,0001,190,185.00000
5744,,OpeningBatch,75,02324,0001,60,170.00000,0001,60,170.00000
5745,,OpeningBatch,76,02010,0001,2500,10.00000,0001,2500,10.00000
5746,,OpeningBatch,77,02013,0001,136,390.00000,0001,136,390.00000
5747,,OpeningBatch,78,02086,0001,1150,12.50000,0001,1150,12.50000
5748,,OpeningBatch,79,02420,0001,10,150.00000,0001,10,150.00000
5749,,OpeningBatch,80,02258,0001,120,45.00000,0001,120,45.00000
5750,,OpeningBatch,82,02191,0001,15500,17.00000,0001,15500,17.00000
5751,,OpeningBatch,83,02361,0001,1050,30.00000,0001,1050,30.00000
5752,,OpeningBatch,84,02315,0001,10800,30.00000,0001,10800,30.00000
5753,,OpeningBatch,85,02359,0001,800,30.00000,0001,800,30.00000
5754,,OpeningBatch,86,02172,0001,230,30.00000,0001,230,30.00000
5755,,OpeningBatch,87,02299,0001,6500,30.00000,0001,6500,30.00000
5756,,OpeningBatch,88,02035,0001,850,30.00000,0001,850,30.00000
5757,,OpeningBatch,89,02051,0001,12500,30.00000,0001,12500,30.00000
5758,,OpeningBatch,90,02321,0001,29000,20.00000,0001,29000,20.00000
5759,,OpeningBatch,91,02320,0001,8000,10.00000,0001,8000,10.00000
5760,,OpeningBatch,92,02319,0001,2500,9.50000,0001,2500,9.50000
5761,,OpeningBatch,93,02018,0001,5200,12.00000,0001,5200,12.00000
5762,,OpeningBatch,94,02278,0001,5300,12.00000,0001,5300,12.00000
5763,,OpeningBatch,95,02020,0001,11000,12.00000,0001,11000,12.00000
5764,,OpeningBatch,96,02019,0001,15000,11.50000,0001,15000,11.50000
5765,,OpeningBatch,97,02313,0001,6000,11.50000,0001,6000,11.50000
5766,,OpeningBatch,98,02224,0001,5500,11.50000,0001,5500,11.50000
5767,,OpeningBatch,99,02316,0001,6000,6.00000,0001,6000,6.00000
5768,,OpeningBatch,100,02341,0001,600,30.00000,0001,600,30.00000
5769,,OpeningBatch,104,02399,0001,300,20.00000,0001,300,20.00000
5770,,OpeningBatch,105,02398,0001,300,20.00000,0001,300,20.00000
5771,,OpeningBatch,106,02042,0001,200,40.00000,0001,200,40.00000
5772,,OpeningBatch,107,02222,0001,230,40.00000,0001,230,40.00000
5773,,OpeningBatch,109,02433,0001,2016,150.00000,0001,2016,150.00000
5774,,OpeningBatch,110,02232,0001,500,30.00000,0001,500,30.00000
5775,,OpeningBatch,112,02312,0001,200,70.00000,0001,200,70.00000
5776,,PACKING,307,00032,,0,,001,60,270.75367
5777,,PACKINGBATCH,307,02097,,0,,0001,60,220.33496
5778,,PACKINGBATCH,307,02385,,0,,0001,70,20.00000
5779,,PACKINGBATCH,307,03003,,0,,001,60,27.08525
5780,,PACKING,307,00032,001,60,270.75367,001,60,270.75354
5781,,Productions,291,03014,,0,,001,200,13.10015
5782,,PRODUCTIONBATCH,291,01003,,0,,0001,200,13.10015
5783,,Productions,291,03014,001,200,13.10015,001,200,13.10015
5784,,PACKING,308,00020,,0,,001,200,56.29715
5785,,PACKINGBATCH,308,02051,,0,,0001,210,30.00000
5786,,PACKINGBATCH,308,03014,,0,,001,200,13.10015
5787,,PACKINGBATCH,308,02004,,0,,0001,10,233.94008
5788,,PACKING,308,00020,001,200,56.29715,001,200,56.29715
5789,,Productions,292,03010,,0,,001,13,164.26308
5790,,PRODUCTIONBATCH,292,01023,,0,,0001,0,7043.77043
5791,,PRODUCTIONBATCH,292,01025,,0,,0001,0,7200.00000
5792,,PRODUCTIONBATCH,292,01028,,0,,0001,0,1650.00000
5793,,PRODUCTIONBATCH,292,01041,,0,,0001,0,649.99986
5794,,PRODUCTIONBATCH,292,01045,,0,,0001,0,421.69511
5795,,PRODUCTIONBATCH,292,01050,,0,,0001,0,3086.04001
5796,,PRODUCTIONBATCH,292,01058,,0,,0001,0,1450.05753
5797,,Productions,292,03010,001,13,164.26308,001,13,164.26349
5798,,PACKING,309,00259,,0,,001,13,107.00462
5799,,PACKINGBATCH,309,02314,,0,,0001,13,13.00000
5800,,PACKINGBATCH,309,02316,,0,,0001,13,6.00000
5801,,PACKINGBATCH,309,03010,,0,,001,0,164.26349
5802,,PACKINGBATCH,309,02003,,0,,0001,5,216.00000
5803,,PACKING,309,00259,001,13,107.00462,001,13,107.00483
5804,,Productions,293,03264,,0,,001,23,330.96130
5805,,PRODUCTIONBATCH,293,01022,,0,,0001,0,4000.00000
5806,,PRODUCTIONBATCH,293,01065,,0,,0001,23,265.00000
5807,,PRODUCTIONBATCH,293,01075,,0,,0001,0,5192.27539
5808,,Productions,293,03264,001,23,330.96130,001,23,330.96138
5809,,OpeningBatch,55,02307,0001,450,155.00000,0001,450,155.00000
5810,,OpeningBatch,56,02213,0001,450,155.00000,0001,450,155.00000
5811,,OpeningBatch,57,02277,0001,750,155.00000,0001,750,155.00000
5812,,OpeningBatch,58,02032,0001,600,155.00000,0001,600,155.00000
5813,,OpeningBatch,59,02033,0001,500,155.00000,0001,500,155.00000
5814,,OpeningBatch,60,02274,0001,600,80.00000,0001,600,80.00000
5815,,OpeningBatch,61,02034,0001,600,80.00000,0001,600,80.00000
5816,,OpeningBatch,62,02053,0001,950,70.00000,0001,950,70.00000
5817,,OpeningBatch,63,02173,0001,100,145.00000,0001,100,145.00000
5818,,OpeningBatch,64,02097,0001,800,220.00000,0001,800,220.00000
5819,,OpeningBatch,65,02014,0001,290,390.00000,0001,290,390.00000
5820,,OpeningBatch,66,02015,0001,70,270.00000,0001,70,270.00000
5821,,OpeningBatch,67,02128,0001,51,1000.00000,0001,51,1000.00000
5822,,OpeningBatch,68,02002,0001,20,180.00000,0001,20,180.00000
5823,,OpeningBatch,69,02003,0001,15,216.00000,0001,15,216.00000
5824,,OpeningBatch,70,02004,0001,220,208.00000,0001,220,208.00000
5825,,OpeningBatch,71,02006,0001,3,180.00000,0001,3,180.00000
5826,,OpeningBatch,72,02306,0001,190,210.00000,0001,190,210.00000
5827,,OpeningBatch,73,02317,0001,35,160.00000,0001,35,160.00000
5828,,OpeningBatch,74,02059,0001,190,185.00000,0001,190,185.00000
5829,,OpeningBatch,75,02324,0001,60,170.00000,0001,60,170.00000
5830,,OpeningBatch,76,02010,0001,2500,10.00000,0001,2500,10.00000
5831,,OpeningBatch,77,02013,0001,136,390.00000,0001,136,390.00000
5832,,OpeningBatch,78,02086,0001,1150,12.50000,0001,1150,12.50000
5833,,OpeningBatch,79,02420,0001,10,150.00000,0001,10,150.00000
5834,,OpeningBatch,80,02258,0001,120,45.00000,0001,120,45.00000
5835,,OpeningBatch,82,02191,0001,15500,17.00000,0001,15500,17.00000
5836,,OpeningBatch,83,02361,0001,1050,30.00000,0001,1050,30.00000
5837,,OpeningBatch,84,02315,0001,10800,30.00000,0001,10800,30.00000
5838,,OpeningBatch,85,02359,0001,800,30.00000,0001,800,30.00000
5839,,OpeningBatch,86,02172,0001,230,30.00000,0001,230,30.00000
5840,,OpeningBatch,87,02299,0001,6500,30.00000,0001,6500,30.00000
5841,,OpeningBatch,88,02035,0001,850,30.00000,0001,850,30.00000
5842,,OpeningBatch,89,02051,0001,12500,30.00000,0001,12500,30.00000
5843,,OpeningBatch,90,02321,0001,29000,20.00000,0001,29000,20.00000
5844,,OpeningBatch,91,02320,0001,8000,10.00000,0001,8000,10.00000
5845,,OpeningBatch,92,02319,0001,2500,9.50000,0001,2500,9.50000
5846,,OpeningBatch,93,02018,0001,5200,12.00000,0001,5200,12.00000
5847,,OpeningBatch,94,02278,0001,5300,12.00000,0001,5300,12.00000
5848,,OpeningBatch,95,02020,0001,11000,12.00000,0001,11000,12.00000
5849,,OpeningBatch,96,02019,0001,15000,11.50000,0001,15000,11.50000
5850,,OpeningBatch,97,02313,0001,6000,11.50000,0001,6000,11.50000
5851,,OpeningBatch,98,02224,0001,5500,11.50000,0001,5500,11.50000
5852,,OpeningBatch,99,02316,0001,6000,6.00000,0001,6000,6.00000
5853,,OpeningBatch,100,02341,0001,600,30.00000,0001,600,30.00000
5854,,OpeningBatch,104,02399,0001,300,20.00000,0001,300,20.00000
5855,,OpeningBatch,105,02398,0001,300,20.00000,0001,300,20.00000
5856,,OpeningBatch,106,02042,0001,200,40.00000,0001,200,40.00000
5857,,OpeningBatch,107,02222,0001,230,40.00000,0001,230,40.00000
5858,,OpeningBatch,109,02433,0001,2016,150.00000,0001,2208,150.00000
5859,,OpeningBatch,110,02232,0001,500,30.00000,0001,500,30.00000
5860,,OpeningBatch,112,02312,0001,200,70.00000,0001,200,70.00000
5861,,PACKING,310,00369,,0,,001,23,1583.13522
5862,,PACKINGBATCH,310,02433,,0,,0001,192,150.00000
5863,,PACKINGBATCH,310,03264,,0,,001,23,330.96138
5864,,PACKING,310,00369,001,23,1583.13522,001,23,1583.13529
5865,,PurchasesBatch,153,02448,,0,,001,30,100.00000
5866,,PurchasesBatch,154,02097,,0,,001,60,230.00000
5867,,PurchasesBatch,155,02010,,0,,001,600,8.00000
5868,,PurchasesBatch,156,01044,,0,,001,25,128.00000
5869,,Productions,294,03055,,0,,001,5000,13.10015
5870,,PRODUCTIONBATCH,294,01003,,0,,0001,5000,13.10015
5871,,Productions,294,03055,001,5000,13.10015,001,5000,13.10015
5872,,PACKING,311,00078,,0,,001,200,327.50375
5873,,PACKINGBATCH,311,03055,,0,,001,5000,13.10015
5874,,PACKING,311,00078,001,200,327.50375,001,200,327.50375
5875,,Productions,295,03003,,0,,001,100,0.00000
5876,,PRODUCTIONBATCH,295,01013,,0,,0001,1,209.98276
5877,,PRODUCTIONBATCH,295,01022,,0,,0001,0,4000.00000
5878,,PRODUCTIONBATCH,295,01038,,0,,0001,1,650.00000
5879,,PRODUCTIONBATCH,295,01043,,0,,0001,0,13.75000
5880,,PRODUCTIONBATCH,295,01048,,0,,0001,0,1405.95140
5881,,PRODUCTIONBATCH,295,01056,,0,,0001,0,18697.38365
5882,,PRODUCTIONBATCH,295,01060,,0,,0001,0,950.00000
5883,,Productions,295,03003,001,100,0.00000,001,100,27.08525
5884,,PACKING,312,00010,,0,,001,400,25.45255
5885,,PACKINGBATCH,312,02018,,0,,0001,420,12.00000
5886,,PACKINGBATCH,312,03003,,0,,001,40,27.08525
5887,,PACKINGBATCH,312,02010,,0,,001,400,8.00000
5888,,PACKINGBATCH,312,02006,,0,,0001,4,214.40260
5889,,PACKING,312,00010,001,400,25.45255,001,400,25.45255
5890,,PACKING,313,00032,,0,,001,60,263.91950
5891,,PACKINGBATCH,313,02097,,0,,0001,60,220.33496
5892,,PACKINGBATCH,313,02385,,0,,0001,35,20.00000
5893,,PACKINGBATCH,313,03003,,0,,001,60,27.08525
5894,,PACKING,313,00032,001,60,263.91950,001,60,259.08688
5895,,Productions,296,03165,,0,,001,20,20.25200
5896,,PRODUCTIONBATCH,296,01012,,0,,0001,0,4000.00000
5897,,PRODUCTIONBATCH,296,01035,,0,,0001,0,1278.57143
5898,,PRODUCTIONBATCH,296,01043,,0,,0001,0,13.75000
5899,,PRODUCTIONBATCH,296,01044,,0,,0001,0,128.02872
5900,,PRODUCTIONBATCH,296,01058,,0,,0001,0,1450.05753
5901,,Productions,296,03165,001,20,20.25200,001,20,20.25245
5902,,PACKING,314,00233,,0,,001,200,24.76930
5903,,PACKINGBATCH,314,02010,,0,,001,200,8.00000
5904,,PACKINGBATCH,314,02278,,0,,0001,210,12.00000
5905,,PACKINGBATCH,314,03165,,0,,001,20,20.25245
5906,,PACKINGBATCH,314,02006,,0,,0001,2,214.40260
5907,,PACKING,314,00233,001,200,24.76930,001,200,24.76927
5908,,Productions,297,03010,,0,,001,7,167.70429
5909,,PRODUCTIONBATCH,297,01023,,0,,0001,0,7043.77043
5910,,PRODUCTIONBATCH,297,01025,,0,,0001,0,7200.00000
5911,,PRODUCTIONBATCH,297,01028,,0,,0001,0,1650.00000
5912,,PRODUCTIONBATCH,297,01036,,0,,0001,0,750.00000
5913,,PRODUCTIONBATCH,297,01041,,0,,0001,0,649.99986
5914,,PRODUCTIONBATCH,297,01045,,0,,0001,0,421.69511
5915,,PRODUCTIONBATCH,297,01058,,0,,0001,0,1450.05753
5916,,Productions,297,03010,001,7,167.70429,001,7,167.70489
5917,,PACKING,315,00259,,0,,001,7,619.96429
5918,,PACKINGBATCH,315,02314,,0,,0001,225,13.00000
5919,,PACKINGBATCH,315,02316,,0,,0001,230,6.00000
5920,,PACKINGBATCH,315,03010,,0,,001,0,165.49193
5921,,PACKING,315,00259,001,7,619.96429,001,7,619.96476
5922,,Productions,298,03163,,0,,001,100,14.20000
5923,,PRODUCTIONBATCH,298,01015,,0,,0001,60,17.00000
5924,,PRODUCTIONBATCH,298,01016,,0,,0001,40,10.00000
5925,,Productions,298,03163,001,100,14.20000,001,100,14.20000
5926,,PACKING,316,00231,,0,,001,3,355.00000
5927,,PACKINGBATCH,316,03163,,0,,001,75,14.20000
5928,,PACKING,316,00231,001,3,355.00000,001,3,355.00000
5929,,PACKING,317,00248,,0,,001,25,53.55760
5930,,PACKINGBATCH,317,02299,,0,,0001,25,30.00000
5931,,PACKINGBATCH,317,03163,,0,,001,25,14.20000
5932,,PACKINGBATCH,317,02004,,0,,0001,1,233.94008
5933,,PACKING,317,00248,001,25,53.55760,001,25,53.55760
5934,,Productions,299,03264,,0,,001,11,501.73636
5935,,PRODUCTIONBATCH,299,01019,,0,,0001,0,5473.93365
5936,,PRODUCTIONBATCH,299,01022,,0,,0001,0,4000.00000
5937,,PRODUCTIONBATCH,299,01065,,0,,0001,11,265.00000
5938,,PRODUCTIONBATCH,299,01075,,0,,0001,0,5192.27539
5939,,PRODUCTIONBATCH,299,01189,,0,,0001,2,717.02456
5940,,Productions,299,03264,001,11,501.73636,001,11,501.73596
5941,,OpeningBatch,55,02307,0001,450,155.00000,0001,450,155.00000
5942,,OpeningBatch,56,02213,0001,450,155.00000,0001,450,155.00000
5943,,OpeningBatch,57,02277,0001,750,155.00000,0001,750,155.00000
5944,,OpeningBatch,58,02032,0001,600,155.00000,0001,600,155.00000
5945,,OpeningBatch,59,02033,0001,500,155.00000,0001,500,155.00000
5946,,OpeningBatch,60,02274,0001,600,80.00000,0001,600,80.00000
5947,,OpeningBatch,61,02034,0001,600,80.00000,0001,600,80.00000
5948,,OpeningBatch,62,02053,0001,950,70.00000,0001,950,70.00000
5949,,OpeningBatch,63,02173,0001,100,145.00000,0001,100,145.00000
5950,,OpeningBatch,64,02097,0001,800,220.00000,0001,800,220.00000
5951,,OpeningBatch,65,02014,0001,290,390.00000,0001,290,390.00000
5952,,OpeningBatch,66,02015,0001,70,270.00000,0001,70,270.00000
5953,,OpeningBatch,67,02128,0001,51,1000.00000,0001,51,1000.00000
5954,,OpeningBatch,68,02002,0001,20,180.00000,0001,20,180.00000
5955,,OpeningBatch,69,02003,0001,15,216.00000,0001,15,216.00000
5956,,OpeningBatch,70,02004,0001,220,208.00000,0001,220,208.00000
5957,,OpeningBatch,71,02006,0001,3,180.00000,0001,3,180.00000
5958,,OpeningBatch,72,02306,0001,190,210.00000,0001,190,210.00000
5959,,OpeningBatch,73,02317,0001,35,160.00000,0001,35,160.00000
5960,,OpeningBatch,74,02059,0001,190,185.00000,0001,190,185.00000
5961,,OpeningBatch,75,02324,0001,60,170.00000,0001,60,170.00000
5962,,OpeningBatch,76,02010,0001,2500,10.00000,0001,2500,10.00000
5963,,OpeningBatch,77,02013,0001,136,390.00000,0001,136,390.00000
5964,,OpeningBatch,78,02086,0001,1150,12.50000,0001,1150,12.50000
5965,,OpeningBatch,79,02420,0001,10,150.00000,0001,10,150.00000
5966,,OpeningBatch,80,02258,0001,120,45.00000,0001,120,45.00000
5967,,OpeningBatch,82,02191,0001,15500,17.00000,0001,15500,17.00000
5968,,OpeningBatch,83,02361,0001,1050,30.00000,0001,1050,30.00000
5969,,OpeningBatch,84,02315,0001,10800,30.00000,0001,10800,30.00000
5970,,OpeningBatch,85,02359,0001,800,30.00000,0001,800,30.00000
5971,,OpeningBatch,86,02172,0001,230,30.00000,0001,230,30.00000
5972,,OpeningBatch,87,02299,0001,6500,30.00000,0001,6500,30.00000
5973,,OpeningBatch,88,02035,0001,850,30.00000,0001,850,30.00000
5974,,OpeningBatch,89,02051,0001,12500,30.00000,0001,12500,30.00000
5975,,OpeningBatch,90,02321,0001,29000,20.00000,0001,29000,20.00000
5976,,OpeningBatch,91,02320,0001,8000,10.00000,0001,8000,10.00000
5977,,OpeningBatch,92,02319,0001,2500,9.50000,0001,2500,9.50000
5978,,OpeningBatch,93,02018,0001,5200,12.00000,0001,5200,12.00000
5979,,OpeningBatch,94,02278,0001,5300,12.00000,0001,5300,12.00000
5980,,OpeningBatch,95,02020,0001,11000,12.00000,0001,11000,12.00000
5981,,OpeningBatch,96,02019,0001,15000,11.50000,0001,15000,11.50000
5982,,OpeningBatch,97,02313,0001,6000,11.50000,0001,6000,11.50000
5983,,OpeningBatch,98,02224,0001,5500,11.50000,0001,5500,11.50000
5984,,OpeningBatch,99,02316,0001,6000,6.00000,0001,6000,6.00000
5985,,OpeningBatch,100,02341,0001,600,30.00000,0001,600,30.00000
5986,,OpeningBatch,104,02399,0001,300,20.00000,0001,300,20.00000
5987,,OpeningBatch,105,02398,0001,300,20.00000,0001,300,20.00000
5988,,OpeningBatch,106,02042,0001,200,40.00000,0001,200,40.00000
5989,,OpeningBatch,107,02222,0001,230,40.00000,0001,230,40.00000
5990,,OpeningBatch,109,02433,0001,2208,150.00000,0001,2304,150.00000
5991,,OpeningBatch,110,02232,0001,500,30.00000,0001,500,30.00000
5992,,OpeningBatch,112,02312,0001,200,70.00000,0001,200,70.00000
5993,,PACKING,318,00369,,0,,001,96,207.49063
5994,,PACKINGBATCH,318,02433,,0,,0001,96,150.00000
5995,,PACKINGBATCH,318,03264,,0,,001,11,501.73596
5996,,PACKING,318,00369,001,96,207.49063,001,96,207.49058
5997,,Productions,300,03088,,0,,001,25,45.38520
5998,,PRODUCTIONBATCH,300,01016,,0,,0001,20,10.00000
5999,,PRODUCTIONBATCH,300,01042,,0,,0001,0,168.72320
6000,,PRODUCTIONBATCH,300,01043,,0,,0001,5,13.75000
6001,,PRODUCTIONBATCH,300,01050,,0,,0001,0,3086.04001
6002,,PRODUCTIONBATCH,300,01054,,0,,0001,0,17499.10934
6003,,Productions,300,03088,001,25,45.38520,001,25,45.38499
6004,,PACKING,319,00037,,0,,001,1,1289.62000
6005,,PACKINGBATCH,319,02213,,0,,0001,1,155.00000
6006,,PACKINGBATCH,319,03088,,0,,001,25,45.38499
6007,,PACKING,319,00037,001,1,1289.62000,001,1,1289.62475
6008,,Productions,301,03253,,0,,001,100,8.25010
6009,,PRODUCTIONBATCH,301,01003,,0,,0001,50,13.10015
6010,,PRODUCTIONBATCH,301,01007,,0,,0001,2,35.00000
6011,,PRODUCTIONBATCH,301,01033,,0,,0001,2,50.00000
6012,,Productions,301,03253,001,100,8.25010,001,100,8.25008
6013,,PACKING,320,00385,,0,,001,20,191.25050
6014,,PACKINGBATCH,320,02448,,0,,001,30,100.00000
6015,,PACKINGBATCH,320,03253,,0,,001,100,8.25008
6016,,PACKING,320,00385,001,20,191.25050,001,20,191.25040
6017,,PurchasesBatch,157,02097,,0,,001,540,230.00000
6018,,PurchasesBatch,158,02010,,0,,001,500,8.00000
6019,,PurchasesBatch,159,01038,,0,,001,25,650.00000
6020,,PurchasesBatch,160,01073,,0,,001,25,400.00000
6021,,PurchasesBatch,161,02166,,0,,001,64,40.00000
6022,,PurchasesBatch,161,02305,,0,,001,56,40.00000
6023,,PurchasesBatch,161,02141,,0,,PI012321,32,40.00000
6024,,PurchasesBatch,161,02092,,0,,001,15,40.00000
6025,,PurchasesBatch,161,02272,,0,,001,20,40.00000
6026,,Productions,302,03196,,0,,001,2125,11.50000
6027,,PRODUCTIONBATCH,302,01190,,0,,0001,2125,11.50000
6028,,Productions,302,03196,001,2125,11.50000,001,2125,11.50000
6029,,Productions,303,03119,,0,,050726,60,164.86683
6030,,PRODUCTIONBATCH,303,01041,,0,,0001,0,649.99986
6031,,PRODUCTIONBATCH,303,01044,,0,,0001,0,128.02872
6032,,PRODUCTIONBATCH,303,01044,,0,,001,0,128.00000
6033,,PRODUCTIONBATCH,303,01045,,0,,0001,0,421.69511
6034,,PRODUCTIONBATCH,303,01050,,0,,0001,0,3086.04001
6035,,PRODUCTIONBATCH,303,01055,,0,,0001,6,1549.97167
6036,,Productions,303,03119,050726,60,164.86683,050726,60,164.86690
6037,,PurchasesBatch,162,01058,,0,,001,20,1450.00000
6038,,PurchasesBatch,162,01041,,0,,001,25,560.00000
6039,,PurchasesBatch,163,01047,,0,,001,50,68.00000
6040,,PurchasesBatch,164,01050,,0,,001,25,3100.00000
6041,,Productions,304,03022,,0,,060726,2500,24.96967
6042,,PRODUCTIONBATCH,304,01003,,0,,0001,2000,13.10015
6043,,PRODUCTIONBATCH,304,01059,,0,,0001,500,72.44776
6044,,Productions,304,03022,060726,2500,24.96967,060726,2500,24.96967
6045,,PurchasesBatch,165,01047,,0,,001,50,70.00000
6046,,PurchasesBatch,166,02329,,0,,001,25,120.00000
6047,,PurchasesBatch,166,02345,,0,,001,24,90.00000
6048,,PurchasesBatch,166,02334,,0,,001,60,40.00000
6049,,PurchasesBatch,166,02342,,0,,001,60,40.00000
6050,,PurchasesBatch,166,02337,,0,,001,40,40.00000
6051,,PurchasesBatch,166,02330,,0,,001,160,40.00000
6052,,PurchasesBatch,166,02341,,0,,001,1035,33.00000
6053,,Productions,305,03151,,0,,070726,1325,62.96912
6054,,PRODUCTIONBATCH,305,01009,,0,,0001,0,2199.68505
6055,,PRODUCTIONBATCH,305,01013,,0,,0001,0,209.98276
6056,,PRODUCTIONBATCH,305,01016,,0,,0001,1060,10.00000
6057,,PRODUCTIONBATCH,305,01034,,0,,0001,1,556.05574
6058,,PRODUCTIONBATCH,305,01042,,0,,0001,15,168.72320
6059,,PRODUCTIONBATCH,305,01043,,0,,0001,265,13.75000
6060,,PRODUCTIONBATCH,305,01050,,0,,001,1,3100.00000
6061,,PRODUCTIONBATCH,305,01052,,0,,0001,0,14500.00000
6062,,PRODUCTIONBATCH,305,01053,,0,,0001,0,17499.52012
6063,,PRODUCTIONBATCH,305,01054,,0,,0001,0,17499.10934
6064,,PRODUCTIONBATCH,305,01056,,0,,0001,0,18697.38365
6065,,PRODUCTIONBATCH,305,01057,,0,,0001,0,14000.00000
6066,,PRODUCTIONBATCH,305,01060,,0,,0001,2,950.00000
6067,,PRODUCTIONBATCH,305,01072,,0,,0001,0,9500.00000
6068,,PRODUCTIONBATCH,305,01073,,0,,001,0,400.00000
6069,,PRODUCTIONBATCH,305,01143,,0,,0001,3,3200.00000
6070,,Productions,305,03151,070726,1325,62.96912,070726,1325,62.98010
6071,,Productions,306,03182,,0,,001,195,21.29169
6072,,PRODUCTIONBATCH,306,01009,,0,,0001,0,2199.68505
6073,,PRODUCTIONBATCH,306,01013,,0,,0001,0,209.98276
6074,,PRODUCTIONBATCH,306,01016,,0,,0001,156,10.00000
6075,,PRODUCTIONBATCH,306,01042,,0,,0001,1,168.72320
6076,,PRODUCTIONBATCH,306,01043,,0,,0001,39,13.75000
6077,,PRODUCTIONBATCH,306,01050,,0,,001,0,3100.00000
6078,,PRODUCTIONBATCH,306,01053,,0,,0001,0,17499.52012
6079,,PRODUCTIONBATCH,306,01054,,0,,0001,0,17499.10934
6080,,PRODUCTIONBATCH,306,01143,,0,,0001,0,3200.00000
6081,,Productions,306,03182,001,195,21.29169,001,195,21.30009
6082,,Productions,307,03003,,0,,001,230,34.33539
6083,,PRODUCTIONBATCH,307,01013,,0,,0001,3,209.98276
6084,,PRODUCTIONBATCH,307,01022,,0,,0001,0,4000.00000
6085,,PRODUCTIONBATCH,307,01038,,0,,001,3,650.00000
6086,,PRODUCTIONBATCH,307,01043,,0,,0001,1,13.75000
6087,,PRODUCTIONBATCH,307,01048,,0,,0001,0,1405.95140
6088,,PRODUCTIONBATCH,307,01056,,0,,0001,0,18697.38365
6089,,PRODUCTIONBATCH,307,01058,,0,,001,1,1450.00000
6090,,PRODUCTIONBATCH,307,01060,,0,,0001,0,950.00000
6091,,Productions,307,03003,001,230,34.33539,001,230,34.33525
6092,,Productions,308,03014,,0,,001,275,13.10015
6093,,PRODUCTIONBATCH,308,01003,,0,,0001,275,13.10015
6094,,Productions,308,03014,001,275,13.10015,001,275,13.10015
6095,,Productions,309,03092,,0,,001,24,159.93708
6096,,PRODUCTIONBATCH,309,01050,,0,,001,0,3100.00000
6097,,PRODUCTIONBATCH,309,01055,,0,,0001,0,1549.97167
6098,,PRODUCTIONBATCH,309,01056,,0,,0001,0,18697.38365
6099,,PRODUCTIONBATCH,309,01058,,0,,001,0,1450.00000
6100,,PRODUCTIONBATCH,309,01060,,0,,0001,0,950.00000
6101,,PRODUCTIONBATCH,309,01072,,0,,0001,0,9500.00000
6102,,Productions,309,03092,001,24,159.93708,001,24,159.93834
6103,,Productions,310,03010,,0,,001,13,167.78846
6104,,PRODUCTIONBATCH,310,01023,,0,,0001,0,7043.77043
6105,,PRODUCTIONBATCH,310,01025,,0,,0001,0,7200.00000
6106,,PRODUCTIONBATCH,310,01028,,0,,0001,0,1650.00000
6107,,PRODUCTIONBATCH,310,01036,,0,,0001,0,750.00000
6108,,PRODUCTIONBATCH,310,01041,,0,,001,0,560.00000
6109,,PRODUCTIONBATCH,310,01045,,0,,0001,0,421.69511
6110,,PRODUCTIONBATCH,310,01050,,0,,001,0,3100.00000
6111,,PRODUCTIONBATCH,310,01058,,0,,001,0,1450.00000
6112,,Productions,310,03010,001,13,167.78846,001,13,167.56466
6113,,Productions,311,03179,,0,,001,48,96.90938
6114,,PRODUCTIONBATCH,311,01010,,0,,0001,0,2800.00000
6115,,PRODUCTIONBATCH,311,01011,,0,,0001,0,4840.91985
6116,,PRODUCTIONBATCH,311,01012,,0,,0001,0,4000.00000
6117,,PRODUCTIONBATCH,311,01020,,0,,0001,0,350.00000
6118,,PRODUCTIONBATCH,311,01038,,0,,001,0,650.00000
6119,,PRODUCTIONBATCH,311,01041,,0,,001,1,560.00000
6120,,PRODUCTIONBATCH,311,01058,,0,,001,0,1450.00000
6121,,PRODUCTIONBATCH,311,01060,,0,,0001,0,950.00000
6122,,Productions,311,03179,001,48,96.90938,001,48,95.10920
6123,,Productions,312,03204,,0,,001,50,103.23340
6124,,PRODUCTIONBATCH,312,01036,,0,,0001,0,750.00000
6125,,PRODUCTIONBATCH,312,01041,,0,,001,0,560.00000
6126,,PRODUCTIONBATCH,312,01052,,0,,0001,0,14500.00000
6127,,PRODUCTIONBATCH,312,01053,,0,,0001,0,17499.52012
6128,,PRODUCTIONBATCH,312,01056,,0,,0001,0,18697.38365
6129,,PRODUCTIONBATCH,312,01057,,0,,0001,0,14000.00000
6130,,PRODUCTIONBATCH,312,01058,,0,,001,0,1450.00000
6131,,Productions,312,03204,001,50,103.23340,001,50,103.00826
6132,,Productions,313,03179,,0,,001,100,48.50010
6133,,PRODUCTIONBATCH,313,01010,,0,,0001,0,2800.00000
6134,,PRODUCTIONBATCH,313,01012,,0,,0001,0,4000.00000
6135,,PRODUCTIONBATCH,313,01020,,0,,0001,0,350.00000
6136,,PRODUCTIONBATCH,313,01038,,0,,001,1,650.00000
6137,,PRODUCTIONBATCH,313,01041,,0,,001,4,560.00000
6138,,PRODUCTIONBATCH,313,01058,,0,,001,0,1450.00000
6139,,PRODUCTIONBATCH,313,01060,,0,,0001,0,950.00000
6140,,Productions,313,03179,001,100,48.50010,001,100,46.70000
6141,,Productions,314,03027,,0,,001,40,215.22075
6142,,PRODUCTIONBATCH,314,01041,,0,,001,0,560.00000
6143,,PRODUCTIONBATCH,314,01045,,0,,0001,1,421.69511
6144,,PRODUCTIONBATCH,314,01052,,0,,0001,0,14500.00000
6145,,PRODUCTIONBATCH,314,01058,,0,,001,0,1450.00000
6146,,PRODUCTIONBATCH,314,01072,,0,,0001,0,9500.00000
6147,,Productions,314,03027,001,40,215.22075,001,40,215.04085
6148,,Productions,315,03264,,0,,001,35,305.00000
6149,,PRODUCTIONBATCH,315,01022,,0,,0001,0,4000.00000
6150,,PRODUCTIONBATCH,315,01065,,0,,0001,35,265.00000
6151,,Productions,315,03264,001,35,305.00000,001,35,305.00000
6152,,Productions,316,03144,,0,,001,50,40.52920
6153,,PRODUCTIONBATCH,316,01003,,0,,0001,25,13.10015
6154,,PRODUCTIONBATCH,316,01033,,0,,0001,5,50.00000
6155,,PRODUCTIONBATCH,316,01059,,0,,0001,20,72.44776
6156,,Productions,316,03144,001,50,40.52920,001,50,40.52918
6157,,PurchasesBatch,167,02014,,0,,001,116,440.00000
6158,,PurchasesBatch,168,02004,,0,,001,300,235.00000
6159,,Productions,317,03201,,0,,001,500,40.16874
6160,,PRODUCTIONBATCH,317,01009,,0,,0001,2,2199.68505
6161,,PRODUCTIONBATCH,317,01020,,0,,0001,40,350.00000
6162,,PRODUCTIONBATCH,317,01041,,0,,001,2,560.00000
6163,,PRODUCTIONBATCH,317,01060,,0,,0001,0,950.00000
6164,,Productions,317,03201,001,500,40.16874,001,500,39.98874
6165,,Productions,318,03198,,0,,001,200,16.34620
6166,,PRODUCTIONBATCH,318,01010,,0,,0001,0,2800.00000
6167,,PRODUCTIONBATCH,318,01034,,0,,0001,0,556.05574
6168,,PRODUCTIONBATCH,318,01041,,0,,001,0,560.00000
6169,,PRODUCTIONBATCH,318,01043,,0,,0001,0,13.75000
6170,,PRODUCTIONBATCH,318,01055,,0,,0001,0,1549.97167
6171,,PRODUCTIONBATCH,318,01058,,0,,001,0,1450.00000
6172,,PRODUCTIONBATCH,318,01073,,0,,001,0,400.00000
6173,,PRODUCTIONBATCH,318,01105,,0,,0001,0,414.58858
6174,,Productions,318,03198,001,200,16.34620,001,200,16.17623
6175,,Productions,319,03192,,0,,001,200,151.89500
6176,,PRODUCTIONBATCH,319,01023,,0,,0001,2,7043.77043
6177,,PRODUCTIONBATCH,319,01025,,0,,0001,2,7200.00000
6178,,PRODUCTIONBATCH,319,01041,,0,,001,0,560.00000
6179,,PRODUCTIONBATCH,319,01050,,0,,001,0,3100.00000
6180,,PRODUCTIONBATCH,319,01058,,0,,001,0,1450.00000
6181,,Productions,319,03192,001,200,151.89500,001,200,151.71770
6182,,Productions,320,03194,,0,,001,120,107.33133
6183,,PRODUCTIONBATCH,320,01009,,0,,0001,1,2199.68505
6184,,PRODUCTIONBATCH,320,01010,,0,,0001,0,2800.00000
6185,,PRODUCTIONBATCH,320,01020,,0,,0001,0,350.00000
6186,,PRODUCTIONBATCH,320,01028,,0,,0001,0,1650.00000
6187,,PRODUCTIONBATCH,320,01041,,0,,001,0,560.00000
6188,,PRODUCTIONBATCH,320,01045,,0,,0001,2,421.69511
6189,,PRODUCTIONBATCH,320,01058,,0,,001,0,1450.00000
6190,,PRODUCTIONBATCH,320,01105,,0,,0001,0,414.58858
6191,,PRODUCTIONBATCH,320,01115,,0,,0001,0,1200.00000
6192,,PRODUCTIONBATCH,320,01184,,0,,0001,6,366.66667
6193,,Productions,320,03194,001,120,107.33133,001,120,107.10628
6194,,PurchasesBatch,169,01047,,0,,001,600,72.00000
6195,,PurchasesBatch,170,01019,,0,,001,6,5000.00000
6196,,PurchasesBatch,170,01075,,0,,001,5,5000.00000
6197,,PurchasesBatch,170,02448,,0,,001,20,190.00000
6198,,PurchasesBatch,171,01031,,0,,001,25,6500.00000
6199,,PurchasesBatch,171,01189,,0,,001,50,650.00000
6200,,PurchasesBatch,171,01045,,0,,001,275,350.00000
6201,,PurchasesBatch,171,01055,,0,,001,15,1550.00000
6202,,PurchasesBatch,172,02140,,0,,001,50,1100.00000
6203,,Productions,321,03146,,0,,001,368,157.40927
6204,,PRODUCTIONBATCH,321,01041,,0,,001,1,560.00000
6205,,PRODUCTIONBATCH,321,01047,,0,,001,368,71.57143
6206,,PRODUCTIONBATCH,321,01050,,0,,001,0,3100.00000
6207,,PRODUCTIONBATCH,321,01055,,0,,001,15,1550.00000
6208,,PRODUCTIONBATCH,321,01055,,0,,0001,3,1549.97167
6209,,PRODUCTIONBATCH,321,01073,,0,,001,0,400.00000
6210,,PRODUCTIONBATCH,321,01105,,0,,0001,0,414.58858
6211,,Productions,321,03146,001,368,157.40927,001,368,156.04035
6212,,Productions,322,03190,,0,,001,600,119.54787
6213,,PRODUCTIONBATCH,322,01019,,0,,001,6,5000.00000
6214,,PRODUCTIONBATCH,322,01031,,0,,001,6,6500.00000
6215,,PRODUCTIONBATCH,322,01041,,0,,001,2,560.00000
6216,,PRODUCTIONBATCH,322,01058,,0,,001,1,1450.00000
6217,,Productions,322,03190,001,600,119.54787,001,600,121.59000
6218,,Productions,323,03189,,0,,001,500,16.70904
6219,,PRODUCTIONBATCH,323,01003,,0,,0001,490,13.10015
6220,,PRODUCTIONBATCH,323,01187,,0,,0001,5,387.09074
6221,,Productions,323,03189,001,500,16.70904,001,500,16.70905
6222,,Productions,324,03197,,0,,001,300,85.26863
6223,,PRODUCTIONBATCH,324,01041,,0,,001,1,560.00000
6224,,PRODUCTIONBATCH,324,01047,,0,,001,270,71.57143
6225,,PRODUCTIONBATCH,324,01055,,0,,0001,3,1549.97167
6226,,PRODUCTIONBATCH,324,01105,,0,,0001,0,414.58858
6227,,Productions,324,03197,001,300,85.26863,001,300,83.95777
6228,,PurchasesBatch,173,01201,,0,,001,60,750.00000
6229,,PurchasesBatch,174,01044,,0,,001,25,128.00000
6230,,PurchasesBatch,174,01184,,0,,001,30,367.00000
6231,,PurchasesBatch,175,01114,,0,,001,2000,17.00000
6232,,PurchasesBatch,176,02350,,0,,001,60,40.00000
6233,,PurchasesBatch,176,02348,,0,,001,50,40.00000
6234,,PurchasesBatch,176,02026,,0,,001,50,40.00000
6235,,PurchasesBatch,176,02216,,0,,001,50,40.00000
6236,,PurchasesBatch,176,02268,,0,,001,20,90.00000
6237,,PurchasesBatch,176,02351,,0,,001,20,140.00000
6238,,Productions,325,03206,,0,,001,200,105.82390
6239,,PRODUCTIONBATCH,325,01010,,0,,0001,3,2800.00000
6240,,PRODUCTIONBATCH,325,01012,,0,,0001,0,4000.00000
6241,,PRODUCTIONBATCH,325,01034,,0,,0001,5,556.05574
6242,,PRODUCTIONBATCH,325,01041,,0,,001,0,560.00000
6243,,PRODUCTIONBATCH,325,01045,,0,,001,10,350.00000
6244,,PRODUCTIONBATCH,325,01058,,0,,001,0,1450.00000
6245,,PRODUCTIONBATCH,325,01184,,0,,001,12,367.00000
6246,,Productions,325,03206,001,200,105.82390,001,200,103.86139
6247,,Productions,326,03205,,0,,001,160,55.57200
6248,,PRODUCTIONBATCH,326,01009,,0,,0001,1,2199.68505
6249,,PRODUCTIONBATCH,326,01028,,0,,0001,2,1650.00000
6250,,PRODUCTIONBATCH,326,01041,,0,,001,0,560.00000
6251,,PRODUCTIONBATCH,326,01058,,0,,001,0,1450.00000
6252,,Productions,326,03205,001,160,55.57200,001,160,55.34685
6253,,Productions,327,03070,,0,,001,160,85.91369
6254,,PRODUCTIONBATCH,327,01010,,0,,0001,0,2800.00000
6255,,PRODUCTIONBATCH,327,01012,,0,,0001,0,4000.00000
6256,,PRODUCTIONBATCH,327,01020,,0,,0001,0,350.00000
6257,,PRODUCTIONBATCH,327,01041,,0,,001,0,560.00000
6258,,PRODUCTIONBATCH,327,01046,,0,,0001,0,13130.72776
6259,,PRODUCTIONBATCH,327,01058,,0,,001,0,1450.00000
6260,,Productions,327,03070,001,160,85.91369,001,160,85.82364
6261,,Productions,328,03075,,0,,001,160,58.38263
6262,,PRODUCTIONBATCH,328,01023,,0,,0001,0,7043.77043
6263,,PRODUCTIONBATCH,328,01025,,0,,0001,0,7200.00000
6264,,PRODUCTIONBATCH,328,01041,,0,,001,0,560.00000
6265,,PRODUCTIONBATCH,328,01050,,0,,001,0,3100.00000
6266,,PRODUCTIONBATCH,328,01058,,0,,001,0,1450.00000
6267,,Productions,328,03075,001,160,58.38263,001,160,58.20320
6268,,Productions,329,03207,,0,,001,500,13.10016
6269,,PRODUCTIONBATCH,329,01003,,0,,0001,500,13.10015
6270,,Productions,329,03207,001,500,13.10016,001,500,13.10015
6271,,Productions,330,03162,,0,,001,500,26.25906
6272,,PRODUCTIONBATCH,330,01009,,0,,0001,1,2199.68505
6273,,PRODUCTIONBATCH,330,01020,,0,,0001,25,350.00000
6274,,PRODUCTIONBATCH,330,01041,,0,,001,1,560.00000
6275,,PRODUCTIONBATCH,330,01060,,0,,0001,0,950.00000
6276,,Productions,330,03162,001,500,26.25906,001,500,26.16906
6277,,Productions,331,03014,,0,,001,1500,13.10015
6278,,PRODUCTIONBATCH,331,01003,,0,,0001,1500,13.10015
6279,,Productions,331,03014,001,1500,13.10015,001,1500,13.10015
6280,,Productions,332,03264,,0,,001,57,427.18316
6281,,PRODUCTIONBATCH,332,01065,,0,,0001,57,265.00000
6282,,PRODUCTIONBATCH,332,01075,,0,,001,0,5000.00000
6283,,PRODUCTIONBATCH,332,01189,,0,,001,11,650.00000
6284,,Productions,332,03264,001,57,427.18316,001,57,420.00000
6285,,Productions,333,03003,,0,,110,245,34.33539
6286,,PRODUCTIONBATCH,333,01013,,0,,0001,3,209.98276
6287,,PRODUCTIONBATCH,333,01022,,0,,0001,0,4000.00000
6288,,PRODUCTIONBATCH,333,01038,,0,,001,3,650.00000
6289,,PRODUCTIONBATCH,333,01043,,0,,0001,1,13.75000
6290,,PRODUCTIONBATCH,333,01048,,0,,0001,0,1405.95140
6291,,PRODUCTIONBATCH,333,01056,,0,,0001,0,18697.38365
6292,,PRODUCTIONBATCH,333,01058,,0,,001,1,1450.00000
6293,,PRODUCTIONBATCH,333,01060,,0,,0001,0,950.00000
6294,,Productions,333,03003,110,245,34.33539,110,245,34.33525
6295,,Productions,334,03046,,0,,001,500,16.53100
6296,,PRODUCTIONBATCH,334,01003,,0,,0001,5,13.10015
6297,,PRODUCTIONBATCH,334,01016,,0,,0001,500,10.00000
6298,,PRODUCTIONBATCH,334,01044,,0,,001,25,128.00000
6299,,Productions,334,03046,001,500,16.53100,001,500,16.53100
6300,,PurchasesBatch,177,01047,,0,,001,350,72.00000
6301,,PurchasesBatch,177,01044,,0,,001,50,128.00000
6302,,PurchasesBatch,178,02395,,0,,001,55,40.00000
6303,,PurchasesBatch,178,02220,,0,,001,135,40.00000
6304,,PurchasesBatch,178,02349,,0,,001,55,40.00000
6305,,PurchasesBatch,178,02200,,0,,001,120,40.00000
6306,,PurchasesBatch,178,02374,,0,,001,320,40.00000
6307,,PurchasesBatch,178,02129,,0,,001,6,75.00000
6308,,PurchasesBatch,178,02351,,0,,001,25,140.00000
6309,,PurchasesBatch,178,02274,,0,,001,508,100.00000
6310,,PurchasesBatch,178,02305,,0,,001,140,1.00000
6311,,Productions,335,03207,,0,,001,625,13.10014
6312,,PRODUCTIONBATCH,335,01003,,0,,0001,625,13.10015
6313,,Productions,335,03207,001,625,13.10014,001,625,13.10015
6314,,Productions,336,03046,,0,,001,500,16.53100
6315,,PRODUCTIONBATCH,336,01003,,0,,0001,5,13.10015
6316,,PRODUCTIONBATCH,336,01016,,0,,0001,500,10.00000
6317,,PRODUCTIONBATCH,336,01044,,0,,001,25,128.00000
6318,,Productions,336,03046,001,500,16.53100,001,500,16.53100
6319,,Productions,337,03253,,0,,001,150,8.25007
6320,,PRODUCTIONBATCH,337,01003,,0,,0001,75,13.10015
6321,,PRODUCTIONBATCH,337,01007,,0,,0001,3,35.00000
6322,,PRODUCTIONBATCH,337,01033,,0,,0001,3,50.00000
6323,,Productions,337,03253,001,150,8.25007,001,150,8.25008
6324,,Productions,338,03163,,0,,001,372,0.11409
6325,,PRODUCTIONBATCH,338,01015,,0,,0001,2,17.00000
6326,,Productions,338,03163,001,372,0.11409,001,372,0.11425
6327,,Productions,339,03204,,0,,001,180,95.73339
6328,,PRODUCTIONBATCH,339,01041,,0,,001,0,560.00000
6329,,PRODUCTIONBATCH,339,01052,,0,,0001,0,14500.00000
6330,,PRODUCTIONBATCH,339,01053,,0,,0001,0,17499.52012
6331,,PRODUCTIONBATCH,339,01056,,0,,0001,0,18697.38365
6332,,PRODUCTIONBATCH,339,01057,,0,,0001,0,14000.00000
6333,,PRODUCTIONBATCH,339,01058,,0,,001,0,1450.00000
6334,,Productions,339,03204,001,180,95.73339,001,180,95.50826
6335,,Productions,340,03226,,0,,001,300,97.46247
6336,,PRODUCTIONBATCH,340,01047,,0,,001,240,71.93551
6337,,PRODUCTIONBATCH,340,01055,,0,,0001,6,1549.97167
6338,,PRODUCTIONBATCH,340,01073,,0,,001,3,400.00000
6339,,PRODUCTIONBATCH,340,01105,,0,,0001,3,414.58858
6340,,Productions,340,03226,001,300,97.46247,001,300,96.69373
6341,,Productions,341,03142,,0,,001,540,30.69778
6342,,PRODUCTIONBATCH,341,01009,,0,,0001,0,2199.68505
6343,,PRODUCTIONBATCH,341,01013,,0,,0001,13,209.98276
6344,,PRODUCTIONBATCH,341,01056,,0,,0001,0,18697.38365
6345,,PRODUCTIONBATCH,341,01060,,0,,0001,2,950.00000
6346,,PRODUCTIONBATCH,341,01104,,0,,0001,1,1100.00000
6347,,PRODUCTIONBATCH,341,01176,,0,,0001,0,9500.00000
6348,,Productions,341,03142,001,540,30.69778,001,540,30.69779
6349,,Productions,342,03029,,0,,001,125,26.65904
6350,,PRODUCTIONBATCH,342,01009,,0,,0001,0,2199.68505
6351,,PRODUCTIONBATCH,342,01020,,0,,0001,6,350.00000
6352,,PRODUCTIONBATCH,342,01022,,0,,0001,0,4000.00000
6353,,PRODUCTIONBATCH,342,01041,,0,,001,0,560.00000
6354,,PRODUCTIONBATCH,342,01060,,0,,0001,0,950.00000
6355,,Productions,342,03029,001,125,26.65904,001,125,26.56906
6356,,Productions,343,03241,,0,,001,220,110.82045
6357,,PRODUCTIONBATCH,343,01004,,0,,0001,0,400.00000
6358,,PRODUCTIONBATCH,343,01010,,0,,0001,1,2800.00000
6359,,PRODUCTIONBATCH,343,01012,,0,,0001,0,4000.00000
6360,,PRODUCTIONBATCH,343,01020,,0,,0001,1,350.00000
6361,,PRODUCTIONBATCH,343,01041,,0,,001,1,560.00000
6362,,PRODUCTIONBATCH,343,01046,,0,,0001,1,13130.72776
6363,,PRODUCTIONBATCH,343,01058,,0,,001,1,1450.00000
6364,,PRODUCTIONBATCH,343,01184,,0,,001,11,367.00000
6365,,Productions,343,03241,001,220,110.82045,001,220,110.60364
6366,,PurchasesBatch,179,01114,,0,,001,10000,17.00000
6367,,PurchasesBatch,180,02351,,0,,001,25,140.00000
6368,,PurchasesBatch,180,02385,,0,,001,1240,18.00000
6369,,PurchasesBatch,181,01038,,0,,001,70,650.00000
6370,,PurchasesBatch,182,02140,,0,,001,20,1100.00000
6371,,Productions,344,03147,,0,,001,500,95.54792
6372,,PRODUCTIONBATCH,344,01003,,0,,0001,500,13.10015
6373,,PRODUCTIONBATCH,344,01016,,0,,0001,500,10.00000
6374,,PRODUCTIONBATCH,344,01059,,0,,0001,500,72.44776
6375,,Productions,344,03147,001,500,95.54792,001,500,95.54791
6376,,SALESBATCH,137,00038,0001,100,538.74446,,0,
6377,,SALESBATCH,137,00038,,0,,0001,100,538.74446
6378,,SALESBATCH,137,00046,0001,60,865.61215,,0,
6379,,SALESBATCH,137,00046,,0,,0001,60,865.61215
6380,,PurchasesBatch,183,02014,,0,,001,170,440.00000
6381,,PurchasesBatch,184,01009,,0,,001,50,2200.00000
6382,,PurchasesBatch,184,01021,,0,,001,30,340.00000
6383,,PurchasesBatch,184,01115,,0,,001,25,650.00000
6384,,PurchasesBatch,184,01013,,0,,001,25,220.00000
6385,,PurchasesBatch,184,01060,,0,,001,25,950.00000
6386,,PurchasesBatch,185,01042,,0,,001,50,167.00000
6387,,PurchasesBatch,185,01020,,0,,001,70,312.00000
6388,,PurchasesBatch,186,02443,,0,,001,80,80.00000
6389,,PurchasesBatch,186,02057,,0,,001,20,80.00000
6390,,PurchasesBatch,187,02449,,0,,001,22,180.00000
6391,,PurchasesBatch,188,01043,,0,,001,1600,13.75000
6392,,PurchasesBatch,189,01186,,0,,001,30,70.00000
6393,,PurchasesBatch,189,01003,,0,,001,10000,13.00000
6394,,PurchasesBatch,190,02097,,0,,001,240,230.00000
6395,,PurchasesBatch,191,02034,,0,,001,506,100.00000
6396,,PurchasesBatch,191,02031,,0,,001,15,40.00000
6397,,PurchasesBatch,191,02271,,0,,001,15,40.00000
6398,,PurchasesBatch,191,02237,,0,,001,15,40.00000
6399,,PurchasesBatch,191,02297,,0,,001,15,40.00000
6400,,PurchasesBatch,191,02291,,0,,001,15,40.00000
6401,,PurchasesBatch,191,02272,,0,,001,30,40.00000
6402,,PurchasesBatch,191,02395,,0,,001,15,40.00000
6403,,PurchasesBatch,191,02201,,0,,001,15,40.00000
6404,,PurchasesBatch,191,02357,,0,,001,15,40.00000
6405,,PurchasesBatch,191,02288,,0,,001,30,140.00000
6406,,PurchasesBatch,191,02234,,0,,001,6,140.00000
6407,,PurchasesBatch,191,02170,,0,,001,12,140.00000
6408,,PurchasesBatch,192,02010,,0,,001,2000,8.00000
6409,,PurchasesBatch,192,02314,,0,,001,2000,13.00000
6410,,PurchasesBatch,192,01047,,0,,001,50,72.00000
6411,,PurchasesBatch,193,02014,,0,,001,340,440.00000
6412,,PurchasesBatch,193,02009,,0,,001,600,20.00000
6413,,PurchasesBatch,194,02004,,0,,001,156,235.00000
6414,,Productions,345,03221,,0,,001,25,137.05800
6415,,PRODUCTIONBATCH,345,01009,,0,,001,0,2200.00000
6416,,PRODUCTIONBATCH,345,01013,,0,,001,0,220.00000
6417,,PRODUCTIONBATCH,345,01028,,0,,0001,0,1650.00000
6418,,PRODUCTIONBATCH,345,01034,,0,,0001,0,556.05574
6419,,PRODUCTIONBATCH,345,01038,,0,,001,1,650.00000
6420,,PRODUCTIONBATCH,345,01041,,0,,001,0,560.00000
6421,,PRODUCTIONBATCH,345,01045,,0,,001,0,350.00000
6422,,PRODUCTIONBATCH,345,01056,,0,,0001,0,18697.38365
6423,,PRODUCTIONBATCH,345,01058,,0,,001,0,1450.00000
6424,,PRODUCTIONBATCH,345,01060,,0,,001,0,950.00000
6425,,PRODUCTIONBATCH,345,01189,,0,,001,1,650.00000
6426,,Productions,345,03221,001,25,137.05800,001,25,134.72313
6427,,Productions,346,03221,,0,,001,125,137.05904
6428,,PRODUCTIONBATCH,346,01009,,0,,001,0,2200.00000
6429,,PRODUCTIONBATCH,346,01013,,0,,001,3,220.00000
6430,,PRODUCTIONBATCH,346,01028,,0,,0001,0,1650.00000
6431,,PRODUCTIONBATCH,346,01034,,0,,0001,1,556.05574
6432,,PRODUCTIONBATCH,346,01038,,0,,001,6,650.00000
6433,,PRODUCTIONBATCH,346,01041,,0,,001,0,560.00000
6434,,PRODUCTIONBATCH,346,01045,,0,,001,3,350.00000
6435,,PRODUCTIONBATCH,346,01056,,0,,0001,0,18697.38365
6436,,PRODUCTIONBATCH,346,01058,,0,,001,0,1450.00000
6437,,PRODUCTIONBATCH,346,01060,,0,,001,1,950.00000
6438,,PRODUCTIONBATCH,346,01189,,0,,001,5,650.00000
6439,,Productions,346,03221,001,125,137.05904,001,125,134.72313
6440,,Productions,347,03014,,0,,001,500,13.05008
6441,,PRODUCTIONBATCH,347,01003,,0,,001,500,13.00000
6442,,Productions,347,03014,001,500,13.05008,001,500,13.00000
6443,,Productions,348,03014,,0,,001,375,13.05008
6444,,PRODUCTIONBATCH,348,01003,,0,,001,375,13.00000
6445,,Productions,348,03014,001,375,13.05008,001,375,13.00000
6446,,PurchasesBatch,179,01114,001,10000,17.00000,,0,
6447,,PurchasesBatch,195,01015,,0,,0001,10000,17.00000
6448,,Productions,349,03167,,0,,001,5500,17.00000
6449,,PRODUCTIONBATCH,349,01015,,0,,0001,5500,17.00000
6450,,Productions,349,03167,001,5500,17.00000,001,5500,17.00000
6451,,Productions,350,03167,,0,,001,750,17.00000
6452,,PRODUCTIONBATCH,350,01015,,0,,0001,750,17.00000
6453,,Productions,350,03167,001,750,17.00000,001,750,17.00000
6454,,Productions,351,03002,,0,,001,1500,17.00000
6455,,PRODUCTIONBATCH,351,01015,,0,,0001,1500,17.00000
6456,,Productions,351,03002,001,1500,17.00000,001,1500,17.00000
6457,,Productions,352,03002,,0,,001,1500,17.00000
6458,,PRODUCTIONBATCH,352,01015,,0,,0001,1500,17.00000
6459,,Productions,352,03002,001,1500,17.00000,001,1500,17.00000
6460,,Productions,353,03134,,0,,001,1000,14.25000
6461,,PRODUCTIONBATCH,353,01015,,0,,0001,500,17.00000
6462,,PRODUCTIONBATCH,353,01190,,0,,0001,500,11.50000
6463,,Productions,353,03134,001,1000,14.25000,001,1000,14.25000
6464,,Productions,354,03003,,0,,001,220,34.41055
6465,,PRODUCTIONBATCH,354,01013,,0,,001,3,220.00000
6466,,PRODUCTIONBATCH,354,01022,,0,,0001,0,4000.00000
6467,,PRODUCTIONBATCH,354,01038,,0,,001,3,650.00000
6468,,PRODUCTIONBATCH,354,01043,,0,,001,1,13.75000
6469,,PRODUCTIONBATCH,354,01048,,0,,0001,0,1405.95140
6470,,PRODUCTIONBATCH,354,01056,,0,,0001,0,18697.38365
6471,,PRODUCTIONBATCH,354,01058,,0,,001,1,1450.00000
6472,,PRODUCTIONBATCH,354,01060,,0,,001,0,950.00000
6473,,Productions,354,03003,001,220,34.41055,001,220,34.48551
6474,,Productions,355,03014,,0,,001,525,13.05008
6475,,PRODUCTIONBATCH,355,01003,,0,,001,525,13.00000
6476,,Productions,355,03014,001,525,13.05008,001,525,13.00000
6477,,Productions,356,03264,,0,,001,57,427.18316
6478,,PRODUCTIONBATCH,356,01065,,0,,0001,57,265.00000
6479,,PRODUCTIONBATCH,356,01075,,0,,001,0,5000.00000
6480,,PRODUCTIONBATCH,356,01189,,0,,001,11,650.00000
6481,,Productions,356,03264,001,57,427.18316,001,57,420.00000
6482,,Productions,357,03271,,0,,001,300,241.99410
6483,,PRODUCTIONBATCH,357,01004,,0,,0001,0,400.00000
6484,,PRODUCTIONBATCH,357,01010,,0,,0001,3,2800.00000
6485,,PRODUCTIONBATCH,357,01012,,0,,0001,0,4000.00000
6486,,PRODUCTIONBATCH,357,01020,,0,,001,3,312.00000
6487,,PRODUCTIONBATCH,357,01021,,0,,001,3,340.00000
6488,,PRODUCTIONBATCH,357,01041,,0,,001,1,560.00000
6489,,PRODUCTIONBATCH,357,01046,,0,,0001,4,13130.72776
6490,,PRODUCTIONBATCH,357,01058,,0,,001,1,1450.00000
6491,,Productions,357,03271,001,300,241.99410,001,300,241.28092
6492,,Productions,358,03022,,0,,001,60,43.76283
6493,,PRODUCTIONBATCH,358,01003,,0,,001,48,13.00000
6494,,PRODUCTIONBATCH,358,01031,,0,,001,0,6500.00000
6495,,PRODUCTIONBATCH,358,01059,,0,,0001,12,72.44776
6496,,Productions,358,03022,001,60,43.76283,001,60,44.38955
6497,,Productions,359,03275,,0,,001,500,33.74478
6498,,PRODUCTIONBATCH,359,01009,,0,,001,1,2200.00000
6499,,PRODUCTIONBATCH,359,01020,,0,,001,25,312.00000
6500,,PRODUCTIONBATCH,359,01021,,0,,001,12,340.00000
6501,,PRODUCTIONBATCH,359,01022,,0,,0001,0,4000.00000
6502,,PRODUCTIONBATCH,359,01060,,0,,001,0,950.00000
6503,,Productions,359,03275,001,500,33.74478,001,500,32.05000
6504,,Productions,360,03098,,0,,001,250,13.05008
6505,,PRODUCTIONBATCH,360,01003,,0,,001,250,13.00000
6506,,Productions,360,03098,001,250,13.05008,001,250,13.00000
6507,,Productions,361,03144,,0,,001,500,40.50414
6508,,PRODUCTIONBATCH,361,01003,,0,,001,250,13.00000
6509,,PRODUCTIONBATCH,361,01033,,0,,0001,50,50.00000
6510,,PRODUCTIONBATCH,361,01059,,0,,0001,200,72.44776
6511,,Productions,361,03144,001,500,40.50414,001,500,40.47910
6512,,Productions,362,03173,,0,,001,750,15.28953
6513,,PRODUCTIONBATCH,362,01016,,0,,0001,592,10.00000
6514,,PRODUCTIONBATCH,362,01043,,0,,001,150,13.75000
6515,,PRODUCTIONBATCH,362,01050,,0,,001,1,3100.00000
6516,,Productions,362,03173,001,750,15.28953,001,750,15.30000
6517,,Productions,363,03045,,0,,001,25,13.84000
6518,,PRODUCTIONBATCH,363,01003,,0,,001,20,13.00000
6519,,PRODUCTIONBATCH,363,01015,,0,,0001,5,17.00000
6520,,Productions,363,03045,001,25,13.84000,001,25,13.80000
6521,,PurchasesBatch,196,02014,,0,,001,204,440.00000
6522,,PurchasesBatch,196,02097,,0,,001,300,230.00000
6523,,PurchasesBatch,197,01015,,0,,0001,2500,17.00000
6524,,PurchasesBatch,198,02265,,0,,001,2500,40.00000
6525,,PurchasesBatch,198,02067,,0,,001,16,40.00000
6526,,PurchasesBatch,198,02431,,0,,001,32,40.00000
6527,,PurchasesBatch,198,02440,,0,,001,20,140.00000
6528,,PurchasesBatch,198,02282,,0,,001,20,140.00000
6529,,PurchasesBatch,198,02346,,0,,001,60,40.00000
6530,,PurchasesBatch,198,02428,,0,,001,10,40.00000
6531,,PurchasesBatch,198,02427,,0,,001,20,40.00000
6532,,PurchasesBatch,198,02423,,0,,001,20,40.00000
6533,,PurchasesBatch,198,02439,,0,,001,20,40.00000
6534,,PurchasesBatch,199,02006,,0,,001,48,213.00000
6535,,Productions,364,03010,,0,,001,24,163.68000
6536,,PRODUCTIONBATCH,364,01023,,0,,0001,0,7043.77043
6537,,PRODUCTIONBATCH,364,01025,,0,,0001,0,7200.00000
6538,,PRODUCTIONBATCH,364,01028,,0,,0001,0,1650.00000
6539,,PRODUCTIONBATCH,364,01041,,0,,001,0,560.00000
6540,,PRODUCTIONBATCH,364,01045,,0,,001,0,350.00000
6541,,PRODUCTIONBATCH,364,01050,,0,,001,0,3100.00000
6542,,PRODUCTIONBATCH,364,01058,,0,,001,0,1450.00000
6543,,Productions,364,03010,001,24,163.68000,001,24,163.09770
6544,,Productions,365,03054,,0,,001,12,54.97167
6545,,PRODUCTIONBATCH,365,01031,,0,,001,0,6500.00000
6546,,PRODUCTIONBATCH,365,01041,,0,,001,0,560.00000
6547,,PRODUCTIONBATCH,365,01048,,0,,0001,0,1405.95140
6548,,PRODUCTIONBATCH,365,01058,,0,,001,0,1450.00000
6549,,Productions,365,03054,001,12,54.97167,001,12,56.07976
6550,,Productions,366,03135,,0,,001,24,223.44292
6551,,PRODUCTIONBATCH,366,01005,,0,,0001,0,1500.00000
6552,,PRODUCTIONBATCH,366,01010,,0,,0001,0,2800.00000
6553,,PRODUCTIONBATCH,366,01011,,0,,0001,0,4840.91985
6554,,PRODUCTIONBATCH,366,01012,,0,,0001,0,4000.00000
6555,,PRODUCTIONBATCH,366,01020,,0,,001,0,312.00000
6556,,PRODUCTIONBATCH,366,01021,,0,,001,0,340.00000
6557,,PRODUCTIONBATCH,366,01041,,0,,001,0,560.00000
6558,,PRODUCTIONBATCH,366,01046,,0,,0001,0,13130.72776
6559,,PRODUCTIONBATCH,366,01058,,0,,001,0,1450.00000
6560,,PRODUCTIONBATCH,366,01184,,0,,001,1,367.00000
6561,,Productions,366,03135,001,24,223.44292,001,24,222.98204
6562,,Productions,367,03202,,0,,001,200,87.82715
6563,,PRODUCTIONBATCH,367,01009,,0,,001,0,2200.00000
6564,,PRODUCTIONBATCH,367,01010,,0,,0001,1,2800.00000
6565,,PRODUCTIONBATCH,367,01012,,0,,0001,0,4000.00000
6566,,PRODUCTIONBATCH,367,01020,,0,,001,0,312.00000
6567,,PRODUCTIONBATCH,367,01021,,0,,001,0,340.00000
6568,,PRODUCTIONBATCH,367,01028,,0,,0001,2,1650.00000
6569,,PRODUCTIONBATCH,367,01045,,0,,001,4,350.00000
6570,,PRODUCTIONBATCH,367,01058,,0,,001,0,1450.00000
6571,,PRODUCTIONBATCH,367,01105,,0,,0001,0,414.58858
6572,,PRODUCTIONBATCH,367,01184,,0,,001,5,367.00000
6573,,PRODUCTIONBATCH,367,01184,,0,,0001,8,366.66667
6574,,Productions,367,03202,001,200,87.82715,001,200,86.93751
6575,,Productions,368,03104,,0,,001,500,33.34478
6576,,PRODUCTIONBATCH,368,01009,,0,,001,1,2200.00000
6577,,PRODUCTIONBATCH,368,01020,,0,,001,25,312.00000
6578,,PRODUCTIONBATCH,368,01021,,0,,001,12,340.00000
6579,,PRODUCTIONBATCH,368,01060,,0,,001,0,950.00000
6580,,Productions,368,03104,001,500,33.34478,001,500,31.65000
6581,,Productions,369,03014,,0,,001,5000,13.05007
6582,,PRODUCTIONBATCH,369,01003,,0,,001,5000,13.00000
6583,,Productions,369,03014,001,5000,13.05007,001,5000,13.00000
6584,,Productions,370,03270,,0,,001,500,30.06234
6585,,PRODUCTIONBATCH,370,01002,,0,,0001,12,271.82371
6586,,PRODUCTIONBATCH,370,01003,,0,,001,187,13.00000
6587,,PRODUCTIONBATCH,370,01015,,0,,0001,250,17.00000
6588,,PRODUCTIONBATCH,370,01073,,0,,001,12,400.00000
6589,,Productions,370,03270,001,500,30.06234,001,500,30.17059
6590,,Productions,371,03164,,0,,001,500,13.05008
6591,,PRODUCTIONBATCH,371,01003,,0,,001,500,13.00000
6592,,Productions,371,03164,001,500,13.05008,001,500,13.00000
6593,,Productions,372,03046,,0,,001,2500,10.13050
6594,,PRODUCTIONBATCH,372,01003,,0,,001,25,13.00000
6595,,PRODUCTIONBATCH,372,01016,,0,,0001,2500,10.00000
6596,,Productions,372,03046,001,2500,10.13050,001,2500,10.13000
6597,,Productions,373,03264,,0,,170726,23,427.18348
6598,,PRODUCTIONBATCH,373,01065,,0,,0001,23,265.00000
6599,,PRODUCTIONBATCH,373,01075,,0,,001,0,5000.00000
6600,,PRODUCTIONBATCH,373,01189,,0,,001,4,650.00000
6601,,Productions,373,03264,170726,23,427.18348,170726,23,420.00000
6602,,Productions,374,03010,,0,,170726,81,163.68049
6603,,PRODUCTIONBATCH,374,01023,,0,,0001,0,7043.77043
6604,,PRODUCTIONBATCH,374,01025,,0,,0001,0,7200.00000
6605,,PRODUCTIONBATCH,374,01028,,0,,0001,0,1650.00000
6606,,PRODUCTIONBATCH,374,01041,,0,,001,0,560.00000
6607,,PRODUCTIONBATCH,374,01045,,0,,001,0,350.00000
6608,,PRODUCTIONBATCH,374,01050,,0,,001,0,3100.00000
6609,,PRODUCTIONBATCH,374,01058,,0,,001,0,1450.00000
6610,,Productions,374,03010,170726,81,163.68049,170726,81,163.09770
6611,,Productions,375,03179,,0,,001,20,72.69000
6612,,PRODUCTIONBATCH,375,01010,,0,,0001,0,2800.00000
6613,,PRODUCTIONBATCH,375,01011,,0,,0001,0,4840.91985
6614,,PRODUCTIONBATCH,375,01012,,0,,0001,0,4000.00000
6615,,PRODUCTIONBATCH,375,01020,,0,,001,0,312.00000
6616,,PRODUCTIONBATCH,375,01038,,0,,001,0,650.00000
6617,,PRODUCTIONBATCH,375,01058,,0,,001,0,1450.00000
6618,,PRODUCTIONBATCH,375,01060,,0,,001,0,950.00000
6619,,Productions,375,03179,001,20,72.69000,001,20,72.67120
6620,,Productions,376,03012,,0,,001,40,47.55950
6621,,PRODUCTIONBATCH,376,01027,,0,,0001,4,400.00000
6622,,PRODUCTIONBATCH,376,01050,,0,,001,0,3100.00000
6623,,PRODUCTIONBATCH,376,01058,,0,,001,0,1450.00000
6624,,Productions,376,03012,001,40,47.55950,001,40,47.56000
6625,,Productions,377,03165,,0,,001,40,24.19200
6626,,PRODUCTIONBATCH,377,01012,,0,,0001,0,4000.00000
6627,,PRODUCTIONBATCH,377,01021,,0,,001,0,340.00000
6628,,PRODUCTIONBATCH,377,01035,,0,,0001,0,1278.57143
6629,,PRODUCTIONBATCH,377,01041,,0,,001,0,560.00000
6630,,PRODUCTIONBATCH,377,01043,,0,,001,0,13.75000
6631,,PRODUCTIONBATCH,377,01044,,0,,001,0,128.00000
6632,,PRODUCTIONBATCH,377,01058,,0,,001,0,1450.00000
6633,,Productions,377,03165,001,40,24.19200,001,40,23.87596
6634,,Productions,378,03265,,0,,001,40,268.14775
6635,,PRODUCTIONBATCH,378,01009,,0,,001,4,2200.00000
6636,,PRODUCTIONBATCH,378,01021,,0,,001,0,340.00000
6637,,PRODUCTIONBATCH,378,01028,,0,,0001,0,1650.00000
6638,,PRODUCTIONBATCH,378,01041,,0,,001,0,560.00000
6639,,PRODUCTIONBATCH,378,01045,,0,,001,1,350.00000
6640,,PRODUCTIONBATCH,378,01058,,0,,001,0,1450.00000
6641,,Productions,378,03265,001,40,268.14775,001,40,266.64000
6642,,Productions,379,03118,,0,,001,90,113.73056
6643,,PRODUCTIONBATCH,379,01047,,0,,001,90,71.95003
6644,,PRODUCTIONBATCH,379,01055,,0,,0001,2,1549.97167
6645,,PRODUCTIONBATCH,379,01073,,0,,001,0,400.00000
6646,,PRODUCTIONBATCH,379,01105,,0,,0001,0,414.58858
6647,,Productions,379,03118,001,90,113.73056,001,90,112.72850
6648,,Productions,380,03019,,0,,001,100,40.50410
6649,,PRODUCTIONBATCH,380,01003,,0,,001,50,13.00000
6650,,PRODUCTIONBATCH,380,01033,,0,,0001,10,50.00000
6651,,PRODUCTIONBATCH,380,01059,,0,,0001,40,72.44776
6652,,Productions,380,03019,001,100,40.50410,001,100,40.47910
6653,,Productions,381,03134,,0,,001,250,14.25000
6654,,PRODUCTIONBATCH,381,01015,,0,,0001,125,17.00000
6655,,PRODUCTIONBATCH,381,01190,,0,,0001,125,11.50000
6656,,Productions,381,03134,001,250,14.25000,001,250,14.25000
6657,,Productions,382,03182,,0,,001,250,21.28360
6658,,PRODUCTIONBATCH,382,01009,,0,,001,0,2200.00000
6659,,PRODUCTIONBATCH,382,01013,,0,,001,0,220.00000
6660,,PRODUCTIONBATCH,382,01016,,0,,0001,200,10.00000
6661,,PRODUCTIONBATCH,382,01042,,0,,001,2,167.00000
6662,,PRODUCTIONBATCH,382,01043,,0,,001,50,13.75000
6663,,PRODUCTIONBATCH,382,01050,,0,,001,0,3100.00000
6664,,PRODUCTIONBATCH,382,01053,,0,,0001,0,17499.52012
6665,,PRODUCTIONBATCH,382,01054,,0,,0001,0,17499.10934
6666,,PRODUCTIONBATCH,382,01143,,0,,0001,0,3200.00000
6667,,Productions,382,03182,001,250,21.28360,001,250,21.28386
6668,,Productions,383,03022,,0,,001,500,43.76296
6669,,PRODUCTIONBATCH,383,01003,,0,,001,400,13.00000
6670,,PRODUCTIONBATCH,383,01031,,0,,001,1,6500.00000
6671,,PRODUCTIONBATCH,383,01059,,0,,0001,100,72.44776
6672,,Productions,383,03022,001,500,43.76296,001,500,44.38955
6673,,Productions,384,03121,,0,,001,40,54.83250
6674,,PRODUCTIONBATCH,384,01052,,0,,0001,0,14500.00000
6675,,PRODUCTIONBATCH,384,01056,,0,,0001,0,18697.38365
6676,,PRODUCTIONBATCH,384,01072,,0,,0001,0,9500.00000
6677,,Productions,384,03121,001,40,54.83250,001,40,54.83243
6678,,Productions,385,03176,,0,,001,40,125.85875
6679,,PRODUCTIONBATCH,385,01017,,0,,0001,0,3370.67997
6680,,PRODUCTIONBATCH,385,01031,,0,,001,0,6500.00000
6681,,PRODUCTIONBATCH,385,01048,,0,,0001,0,1405.95140
6682,,PRODUCTIONBATCH,385,01058,,0,,001,0,1450.00000
6683,,Productions,385,03176,001,40,125.85875,001,40,129.19193
6684,,Productions,386,03179,,0,,001,60,24.28117
6685,,PRODUCTIONBATCH,386,01010,,0,,0001,0,2800.00000
6686,,PRODUCTIONBATCH,386,01012,,0,,0001,0,4000.00000
6687,,PRODUCTIONBATCH,386,01020,,0,,001,0,312.00000
6688,,PRODUCTIONBATCH,386,01038,,0,,001,0,650.00000
6689,,PRODUCTIONBATCH,386,01058,,0,,001,0,1450.00000
6690,,PRODUCTIONBATCH,386,01060,,0,,001,0,950.00000
6691,,Productions,386,03179,001,60,24.28117,001,60,24.26200
6692,,Productions,387,03086,,0,,001,40,30.00000
6693,,PRODUCTIONBATCH,387,01033,,0,,0001,24,50.00000
6694,,Productions,387,03086,001,40,30.00000,001,40,30.00000
6695,,Productions,388,03186,,0,,001,40,73.92675
6696,,PRODUCTIONBATCH,388,01045,,0,,001,0,350.00000
6697,,PRODUCTIONBATCH,388,01056,,0,,0001,0,18697.38365
6698,,PRODUCTIONBATCH,388,01058,,0,,001,0,1450.00000
6699,,PRODUCTIONBATCH,388,01072,,0,,0001,0,9500.00000
6700,,Productions,388,03186,001,40,73.92675,001,40,73.74738
6701,,Productions,389,03241,,0,,001,40,109.54125
6702,,PRODUCTIONBATCH,389,01004,,0,,0001,0,400.00000
6703,,PRODUCTIONBATCH,389,01010,,0,,0001,0,2800.00000
6704,,PRODUCTIONBATCH,389,01012,,0,,0001,0,4000.00000
6705,,PRODUCTIONBATCH,389,01020,,0,,001,0,312.00000
6706,,PRODUCTIONBATCH,389,01021,,0,,001,0,340.00000
6707,,PRODUCTIONBATCH,389,01021,,0,,0001,0,399.62005
6708,,PRODUCTIONBATCH,389,01046,,0,,0001,0,13130.72776
6709,,PRODUCTIONBATCH,389,01058,,0,,001,0,1450.00000
6710,,PRODUCTIONBATCH,389,01184,,0,,0001,2,366.66667
6711,,Productions,389,03241,001,40,109.54125,001,40,109.32678
6712,,Productions,390,03130,,0,,001,40,260.12675
6713,,PRODUCTIONBATCH,390,01009,,0,,001,4,2200.00000
6714,,PRODUCTIONBATCH,390,01028,,0,,0001,0,1650.00000
6715,,PRODUCTIONBATCH,390,01045,,0,,001,2,350.00000
6716,,PRODUCTIONBATCH,390,01058,,0,,001,0,1450.00000
6717,,Productions,390,03130,001,40,260.12675,001,40,258.35000
6718,,Productions,391,03119,,0,,001,60,161.80083
6719,,PRODUCTIONBATCH,391,01044,,0,,001,0,128.00000
6720,,PRODUCTIONBATCH,391,01045,,0,,001,0,350.00000
6721,,PRODUCTIONBATCH,391,01050,,0,,001,0,3100.00000
6722,,PRODUCTIONBATCH,391,01055,,0,,0001,6,1549.97167
6723,,Productions,391,03119,001,60,161.80083,001,60,161.33517
6724,,PurchasesBatch,200,01114,,0,,001,2500,17.00000
6725,,PurchasesBatch,201,01193,,0,,001,2,1150.00000
6726,,Productions,392,03112,,0,,001,2500,13.05007
6727,,PRODUCTIONBATCH,392,01003,,0,,001,1869,13.00000
6728,,PRODUCTIONBATCH,392,01003,,0,,0001,630,13.10015
6729,,Productions,392,03112,001,2500,13.05007,001,2500,13.02526
6730,,Productions,393,03112,,0,,001,2500,13.10015
6731,,PRODUCTIONBATCH,393,01003,,0,,0001,2500,13.10015
6732,,Productions,393,03112,001,2500,13.10015,001,2500,13.10015
6733,,PurchasesBatch,202,01114,,0,,001,2500,17.00000
6734,,PurchasesBatch,203,02014,,0,,001,170,440.00000
6735,,PurchasesBatch,204,02097,,0,,001,120,230.00000
6736,,PurchasesBatch,205,02010,,0,,001,1000,8.00000
6737,,PurchasesBatch,206,02163,,0,,001,30,40.00000
6738,,PurchasesBatch,207,02237,,0,,001,30,40.00000
6739,,PurchasesBatch,208,02297,,0,,001,55,40.00000
6740,,PurchasesBatch,209,02214,,0,,001,20,140.00000
6741,,PurchasesBatch,210,02146,,0,,001,20,90.00000
6742,,PurchasesBatch,211,02125,,0,,001,2075,33.00000
6743,,Productions,394,03144,,0,,001,100,40.52920
6744,,PRODUCTIONBATCH,394,01003,,0,,0001,50,13.10015
6745,,PRODUCTIONBATCH,394,01033,,0,,0001,10,50.00000
6746,,PRODUCTIONBATCH,394,01059,,0,,0001,40,72.44776
6747,,Productions,394,03144,001,100,40.52920,001,100,40.52918
6748,,Productions,395,03116,,0,,001,20,206.20800
6749,,PRODUCTIONBATCH,395,01017,,0,,0001,0,3370.67997
6750,,PRODUCTIONBATCH,395,01031,,0,,001,0,6500.00000
6751,,PRODUCTIONBATCH,395,01041,,0,,001,0,560.00000
6752,,PRODUCTIONBATCH,395,01048,,0,,0001,0,1405.95140
6753,,PRODUCTIONBATCH,395,01058,,0,,001,0,1450.00000
6754,,Productions,395,03116,001,20,206.20800,001,20,210.51741
6755,,Productions,396,03147,,0,,001,100,95.54800
6756,,PRODUCTIONBATCH,396,01003,,0,,0001,100,13.10015
6757,,PRODUCTIONBATCH,396,01016,,0,,0001,100,10.00000
6758,,PRODUCTIONBATCH,396,01059,,0,,0001,100,72.44776
6759,,Productions,396,03147,001,100,95.54800,001,100,95.54791
6760,,Productions,397,03022,,0,,001,500,29.31346
6761,,PRODUCTIONBATCH,397,01003,,0,,0001,400,13.10015
6762,,PRODUCTIONBATCH,397,01031,,0,,001,1,6500.00000
6763,,Productions,397,03022,001,500,29.31346,001,500,29.98012
6764,,Productions,398,03014,,0,,001,130,13.10015
6765,,PRODUCTIONBATCH,398,01003,,0,,0001,130,13.10015
6766,,Productions,398,03014,001,130,13.10015,001,130,13.10015
6767,,Productions,399,03010,,0,,001,20,160.65550
6768,,PRODUCTIONBATCH,399,01023,,0,,0001,0,7043.77043
6769,,PRODUCTIONBATCH,399,01025,,0,,0001,0,7200.00000
6770,,PRODUCTIONBATCH,399,01028,,0,,0001,0,1650.00000
6771,,PRODUCTIONBATCH,399,01045,,0,,001,0,350.00000
6772,,PRODUCTIONBATCH,399,01050,,0,,001,0,3100.00000
6773,,PRODUCTIONBATCH,399,01058,,0,,001,0,1450.00000
6774,,Productions,399,03010,001,20,160.65550,001,20,160.29770
6775,,Productions,400,03003,,0,,001,34,34.41059
6776,,PRODUCTIONBATCH,400,01013,,0,,001,0,220.00000
6777,,PRODUCTIONBATCH,400,01022,,0,,0001,0,4000.00000
6778,,PRODUCTIONBATCH,400,01038,,0,,001,0,650.00000
6779,,PRODUCTIONBATCH,400,01043,,0,,001,0,13.75000
6780,,PRODUCTIONBATCH,400,01048,,0,,0001,0,1405.95140
6781,,PRODUCTIONBATCH,400,01056,,0,,0001,0,18697.38365
6782,,PRODUCTIONBATCH,400,01058,,0,,001,0,1450.00000
6783,,PRODUCTIONBATCH,400,01060,,0,,001,0,950.00000
6784,,Productions,400,03003,001,34,34.41059,001,34,34.48551
6785,,Productions,401,03012,,0,,001,10,117.65900
6786,,PRODUCTIONBATCH,401,01027,,0,,0001,1,400.00000
6787,,PRODUCTIONBATCH,401,01050,,0,,001,0,3100.00000
6788,,PRODUCTIONBATCH,401,01058,,0,,001,0,1450.00000
6789,,PRODUCTIONBATCH,401,01117,,0,,0001,0,420.00000
6790,,PRODUCTIONBATCH,401,01193,,0,,001,0,1150.00000
6791,,Productions,401,03012,001,10,117.65900,001,10,117.66000
6792,,Productions,402,03179,,0,,001,10,72.69000
6793,,PRODUCTIONBATCH,402,01010,,0,,0001,0,2800.00000
6794,,PRODUCTIONBATCH,402,01011,,0,,0001,0,4840.91985
6795,,PRODUCTIONBATCH,402,01012,,0,,0001,0,4000.00000
6796,,PRODUCTIONBATCH,402,01020,,0,,001,0,312.00000
6797,,PRODUCTIONBATCH,402,01038,,0,,001,0,650.00000
6798,,PRODUCTIONBATCH,402,01058,,0,,001,0,1450.00000
6799,,PRODUCTIONBATCH,402,01060,,0,,001,0,950.00000
6800,,Productions,402,03179,001,10,72.69000,001,10,72.67120
6801,,Productions,403,03121,,0,,001,100,11.33240
6802,,PRODUCTIONBATCH,403,01056,,0,,0001,0,18697.38365
6803,,PRODUCTIONBATCH,403,01072,,0,,0001,0,9500.00000
6804,,Productions,403,03121,001,100,11.33240,001,100,11.33243
6805,,Productions,404,03176,,0,,001,200,125.85875
6806,,PRODUCTIONBATCH,404,01017,,0,,0001,1,3370.67997
6807,,PRODUCTIONBATCH,404,01031,,0,,001,3,6500.00000
6808,,PRODUCTIONBATCH,404,01048,,0,,0001,0,1405.95140
6809,,PRODUCTIONBATCH,404,01058,,0,,001,1,1450.00000
6810,,Productions,404,03176,001,200,125.85875,001,200,129.19193
6811,,Productions,405,03018,,0,,001,60,86.56833
6812,,PRODUCTIONBATCH,405,01027,,0,,0001,9,400.00000
6813,,PRODUCTIONBATCH,405,01043,,0,,001,5,13.75000
6814,,PRODUCTIONBATCH,405,01050,,0,,001,0,3100.00000
6815,,PRODUCTIONBATCH,405,01058,,0,,001,0,1450.00000
6816,,PRODUCTIONBATCH,405,01073,,0,,001,2,400.00000
6817,,Productions,405,03018,001,60,86.56833,001,60,86.79750
6818,,PurchasesBatch,212,01038,,0,,001,35,650.00000
6819,,PurchasesBatch,213,01184,,0,,001,60,367.00000
6820,,PurchasesBatch,214,01027,,0,,001,50,400.00000
6821,,PurchasesBatch,215,01009,,0,,001,50,2200.00000
6822,,PurchasesBatch,216,01186,,0,,001,30,70.00000
6823,,PurchasesBatch,217,02451,,0,,001,70,40.00000
6824,,PurchasesBatch,218,02452,,0,,001,70,40.00000
6825,,PurchasesBatch,219,02453,,0,,001,70,40.00000
6826,,PurchasesBatch,220,02454,,0,,001,50,80.00000
6827,,PurchasesBatch,221,02455,,0,,001,50,80.00000
6828,,PACKING,321,00019,,0,,0001,85,515.00000
6829,,PACKINGBATCH,321,02034,,0,,001,85,100.00000
6830,,PACKINGBATCH,321,03002,,0,,001,2125,17.00000
6831,,PACKING,321,00019,0001,85,515.00000,0001,85,525.00000
6832,,PACKING,322,00180,,0,,0001,12,1383.77167
6833,,PACKINGBATCH,322,02014,,0,,001,12,440.00000
6834,,PACKINGBATCH,322,02272,,0,,001,15,40.00000
6835,,PACKINGBATCH,322,03119,,0,,050726,60,164.86690
6836,,PACKINGBATCH,322,02004,,0,,001,4,235.00000
6837,,PACKING,322,00180,0001,12,1383.77167,0001,12,1392.66783
6838,,PRODUCTIONBATCH,304,01003,0001,2000,13.10015,,0,
6839,,PRODUCTIONBATCH,304,01059,0001,500,72.44776,,0,
6840,,Production,304,03022,060726,2500,24.96967,,0,
6841,,Productions,406,03001,,0,,0001,2500,17.40387
6842,,PRODUCTIONBATCH,406,01016,,0,,0001,2000,10.00000
6843,,PRODUCTIONBATCH,406,01042,,0,,001,30,167.00000
6844,,PRODUCTIONBATCH,406,01043,,0,,001,500,13.75000
6845,,PRODUCTIONBATCH,406,01050,,0,,001,3,3100.00000
6846,,Productions,406,03001,0001,2500,17.40387,0001,2500,17.40400
6847,,OpeningBatch,55,02307,0001,450,155.00000,0001,450,155.00000
6848,,OpeningBatch,56,02213,0001,450,155.00000,0001,450,155.00000
6849,,OpeningBatch,57,02277,0001,750,155.00000,0001,750,155.00000
6850,,OpeningBatch,58,02032,0001,600,155.00000,0001,700,155.00000
6851,,OpeningBatch,59,02033,0001,500,155.00000,0001,500,155.00000
6852,,OpeningBatch,60,02274,0001,600,80.00000,0001,600,80.00000
6853,,OpeningBatch,61,02034,0001,600,80.00000,0001,600,80.00000
6854,,OpeningBatch,62,02053,0001,950,70.00000,0001,950,70.00000
6855,,OpeningBatch,63,02173,0001,100,145.00000,0001,100,145.00000
6856,,OpeningBatch,64,02097,0001,800,220.00000,0001,800,220.00000
6857,,OpeningBatch,65,02014,0001,290,390.00000,0001,290,390.00000
6858,,OpeningBatch,66,02015,0001,70,270.00000,0001,70,270.00000
6859,,OpeningBatch,67,02128,0001,51,1000.00000,0001,51,1000.00000
6860,,OpeningBatch,68,02002,0001,20,180.00000,0001,20,180.00000
6861,,OpeningBatch,69,02003,0001,15,216.00000,0001,15,216.00000
6862,,OpeningBatch,70,02004,0001,220,208.00000,0001,220,208.00000
6863,,OpeningBatch,71,02006,0001,3,180.00000,0001,3,180.00000
6864,,OpeningBatch,72,02306,0001,190,210.00000,0001,190,210.00000
6865,,OpeningBatch,73,02317,0001,35,160.00000,0001,35,160.00000
6866,,OpeningBatch,74,02059,0001,190,185.00000,0001,190,185.00000
6867,,OpeningBatch,75,02324,0001,60,170.00000,0001,60,170.00000
6868,,OpeningBatch,76,02010,0001,2500,10.00000,0001,2500,10.00000
6869,,OpeningBatch,77,02013,0001,136,390.00000,0001,136,390.00000
6870,,OpeningBatch,78,02086,0001,1150,12.50000,0001,1150,12.50000
6871,,OpeningBatch,79,02420,0001,10,150.00000,0001,10,150.00000
6872,,OpeningBatch,80,02258,0001,120,45.00000,0001,120,45.00000
6873,,OpeningBatch,82,02191,0001,15500,17.00000,0001,15500,17.00000
6874,,OpeningBatch,83,02361,0001,1050,30.00000,0001,1050,30.00000
6875,,OpeningBatch,84,02315,0001,10800,30.00000,0001,10800,30.00000
6876,,OpeningBatch,85,02359,0001,800,30.00000,0001,800,30.00000
6877,,OpeningBatch,86,02172,0001,230,30.00000,0001,230,30.00000
6878,,OpeningBatch,87,02299,0001,6500,30.00000,0001,6500,30.00000
6879,,OpeningBatch,88,02035,0001,850,30.00000,0001,850,30.00000
6880,,OpeningBatch,89,02051,0001,12500,30.00000,0001,12500,30.00000
6881,,OpeningBatch,90,02321,0001,29000,20.00000,0001,29000,20.00000
6882,,OpeningBatch,91,02320,0001,8000,10.00000,0001,8000,10.00000
6883,,OpeningBatch,92,02319,0001,2500,9.50000,0001,2500,9.50000
6884,,OpeningBatch,93,02018,0001,5200,12.00000,0001,5200,12.00000
6885,,OpeningBatch,94,02278,0001,5300,12.00000,0001,5300,12.00000
6886,,OpeningBatch,95,02020,0001,11000,12.00000,0001,11000,12.00000
6887,,OpeningBatch,96,02019,0001,15000,11.50000,0001,15000,11.50000
6888,,OpeningBatch,97,02313,0001,6000,11.50000,0001,6000,11.50000
6889,,OpeningBatch,98,02224,0001,5500,11.50000,0001,5500,11.50000
6890,,OpeningBatch,99,02316,0001,6000,6.00000,0001,6000,6.00000
6891,,OpeningBatch,100,02341,0001,600,30.00000,0001,600,30.00000
6892,,OpeningBatch,104,02399,0001,300,20.00000,0001,300,20.00000
6893,,OpeningBatch,105,02398,0001,300,20.00000,0001,300,20.00000
6894,,OpeningBatch,106,02042,0001,200,40.00000,0001,200,40.00000
6895,,OpeningBatch,107,02222,0001,230,40.00000,0001,230,40.00000
6896,,OpeningBatch,109,02433,0001,2304,150.00000,0001,2304,150.00000
6897,,OpeningBatch,110,02232,0001,500,30.00000,0001,500,30.00000
6898,,OpeningBatch,112,02312,0001,200,70.00000,0001,200,70.00000
6899,,PACKING,323,00016,,0,,0001,100,590.10000
6900,,PACKINGBATCH,323,02032,,0,,0001,100,155.00000
6901,,PACKINGBATCH,323,03001,,0,,0001,2500,17.40400
6902,,PACKING,323,00016,0001,100,590.10000,0001,100,590.10000
6903,,PACKING,324,00212,,0,,0001,53,1771.01189
6904,,PACKINGBATCH,324,02245,,0,,0001,55,40.00000
6905,,PACKINGBATCH,324,03151,,0,,070726,1325,62.98010
6906,,PACKINGBATCH,324,02213,,0,,0001,53,155.00000
6907,,PACKING,324,00212,0001,53,1771.01189,0001,53,1771.01193
6908,,PACKING,325,00263,,0,,0001,450,14.73851
6909,,PACKINGBATCH,325,02320,,0,,0001,450,10.00000
6910,,PACKINGBATCH,325,03182,,0,,001,45,21.29098
6911,,PACKINGBATCH,325,02004,,0,,001,5,235.00000
6912,,PACKING,325,00263,0001,450,14.73851,0001,450,14.74021
6913,,PACKING,326,00258,,0,,0001,6,602.27500
6914,,PACKINGBATCH,326,02312,,0,,0001,6,70.00000
6915,,PACKINGBATCH,326,03182,,0,,001,150,21.29098
6916,,PACKING,326,00258,0001,6,602.27500,0001,6,602.27450
6917,,PACKING,327,00010,,0,,0001,500,26.48350
6918,,PACKINGBATCH,327,02018,,0,,0001,520,12.00000
6919,,PACKINGBATCH,327,03003,,0,,001,50,34.41410
6920,,PACKINGBATCH,327,02010,,0,,001,500,8.00000
6921,,PACKINGBATCH,327,02006,,0,,001,6,213.00000
6922,,PACKING,327,00010,0001,500,26.48350,0001,500,26.47741
6923,,PACKING,328,00032,,0,,0001,120,279.79217
6924,,PACKINGBATCH,328,02097,,0,,0001,45,220.33496
6925,,PACKINGBATCH,328,02097,,0,,001,75,230.00000
6926,,PACKINGBATCH,328,02385,,0,,001,135,18.00000
6927,,PACKINGBATCH,328,03003,,0,,001,120,34.41410
6928,,PACKING,328,00032,0001,120,279.79217,0001,120,281.03971
6929,,PACKING,329,00049,,0,,0001,60,708.02700
6930,,PACKINGBATCH,329,02014,,0,,001,60,440.00000
6931,,PACKINGBATCH,329,02027,,0,,0001,80,22.22222
6932,,PACKINGBATCH,329,03003,,0,,001,300,34.41410
6933,,PACKINGBATCH,329,02004,,0,,001,17,235.00000
6934,,PACKING,329,00049,0001,60,708.02700,0001,60,708.28346
6935,,PACKING,330,00022,,0,,0001,10,480.57500
6936,,PACKINGBATCH,330,02033,,0,,0001,10,155.00000
6937,,PACKINGBATCH,330,03014,,0,,001,250,13.02298
6938,,PACKING,330,00022,0001,10,480.57500,0001,10,480.57450
6939,,PACKING,331,00020,,0,,0001,25,43.02280
6940,,PACKINGBATCH,331,02051,,0,,0001,25,30.00000
6941,,PACKINGBATCH,331,03014,,0,,001,25,13.02298
6942,,PACKING,331,00020,0001,25,43.02280,0001,25,43.02298
6943,,PACKING,332,00122,,0,,0001,24,389.93833
6944,,PACKINGBATCH,332,02097,,0,,001,24,230.00000
6945,,PACKINGBATCH,332,03092,,0,,001,24,159.93834
6946,,PACKING,332,00122,0001,24,389.93833,0001,24,389.93834
6947,,PACKING,333,00259,,0,,0001,450,22.48062
6948,,PACKINGBATCH,333,02314,,0,,001,450,13.00000
6949,,PACKINGBATCH,333,02316,,0,,0001,357,6.00000
6950,,PACKINGBATCH,333,03010,,0,,001,13,163.73276
6951,,PACKING,333,00259,0001,450,22.48062,0001,450,22.49006
6952,,PACKING,334,00392,,0,,0001,48,284.08021
6953,,PACKINGBATCH,334,02097,,0,,001,48,230.00000
6954,,PACKINGBATCH,334,03179,,0,,001,48,54.08024
6955,,PACKING,334,00392,0001,48,284.08021,0001,48,284.08024
6956,,PRODUCTIONBATCH,312,01036,0001,0,750.00000,,0,
6957,,PRODUCTIONBATCH,312,01041,001,0,560.00000,,0,
6958,,PRODUCTIONBATCH,312,01052,0001,0,14500.00000,,0,
6959,,PRODUCTIONBATCH,312,01053,0001,0,17499.52012,,0,
6960,,PRODUCTIONBATCH,312,01056,0001,0,18697.38365,,0,
6961,,PRODUCTIONBATCH,312,01057,0001,0,14000.00000,,0,
6962,,PRODUCTIONBATCH,312,01058,001,0,1450.00000,,0,
6963,,Production,312,03204,001,50,103.00826,,0,
6964,,Productions,407,03108,,0,,0001,50,124.76740
6965,,PRODUCTIONBATCH,407,01001,,0,,0001,0,1850.00000
6966,,PRODUCTIONBATCH,407,01002,,0,,0001,5,271.82371
6967,,PRODUCTIONBATCH,407,01041,,0,,001,0,560.00000
6968,,PRODUCTIONBATCH,407,01047,,0,,001,45,71.95003
6969,,PRODUCTIONBATCH,407,01052,,0,,0001,0,14500.00000
6970,,PRODUCTIONBATCH,407,01056,,0,,0001,0,18697.38365
6971,,PRODUCTIONBATCH,407,01072,,0,,0001,0,9500.00000
6972,,Productions,407,03108,0001,50,124.76740,0001,50,123.62688
6973,,PACKING,335,00152,,0,,0001,50,184.22040
6974,,PACKINGBATCH,335,02166,,0,,001,64,40.00000
6975,,PACKINGBATCH,335,03108,,0,,0001,50,123.62688
6976,,PACKINGBATCH,335,02004,,0,,001,2,235.00000
6977,,PACKING,335,00152,0001,50,184.22040,0001,50,184.22688
6978,,PRODUCTIONBATCH,313,01010,0001,0,2800.00000,,0,
6979,,PRODUCTIONBATCH,313,01012,0001,0,4000.00000,,0,
6980,,PRODUCTIONBATCH,313,01020,0001,0,350.00000,,0,
6981,,PRODUCTIONBATCH,313,01038,001,1,650.00000,,0,
6982,,PRODUCTIONBATCH,313,01041,001,4,560.00000,,0,
6983,,PRODUCTIONBATCH,313,01058,001,0,1450.00000,,0,
6984,,PRODUCTIONBATCH,313,01060,0001,0,950.00000,,0,
6985,,Production,313,03179,001,100,46.70000,,0,
6986,,Productions,408,03011,,0,,0001,100,81.98550
6987,,PRODUCTIONBATCH,408,01010,,0,,0001,1,2800.00000
6988,,PRODUCTIONBATCH,408,01012,,0,,0001,0,4000.00000
6989,,PRODUCTIONBATCH,408,01013,,0,,001,1,220.00000
6990,,PRODUCTIONBATCH,408,01038,,0,,001,1,650.00000
6991,,PRODUCTIONBATCH,408,01043,,0,,001,0,13.75000
6992,,PRODUCTIONBATCH,408,01058,,0,,001,0,1450.00000
6993,,PRODUCTIONBATCH,408,01060,,0,,001,0,950.00000
6994,,PRODUCTIONBATCH,408,01184,,0,,001,5,367.00000
6995,,Productions,408,03011,0001,100,81.98550,0001,100,82.06875
6996,,PACKING,336,00052,,0,,0001,20,929.03850
6997,,PACKINGBATCH,336,02014,,0,,001,20,440.00000
6998,,PACKINGBATCH,336,02029,,0,,0001,20,20.00000
6999,,PACKINGBATCH,336,03011,,0,,0001,100,82.06875
7000,,PACKINGBATCH,336,02004,,0,,001,5,235.00000
7001,,PACKING,336,00052,0001,20,929.03850,0001,20,929.09375
7002,,PACKING,337,00090,,0,,0001,8,1788.25750
7003,,PACKINGBATCH,337,02014,,0,,001,10,440.00000
7004,,PACKINGBATCH,337,02092,,0,,001,15,40.00000
7005,,PACKINGBATCH,337,03027,,0,,001,40,215.04085
7006,,PACKINGBATCH,337,02004,,0,,001,3,235.00000
7007,,PACKING,337,00090,0001,8,1788.25750,0001,8,1788.32925
7008,,OpeningBatch,55,02307,0001,450,155.00000,0001,450,155.00000
7009,,OpeningBatch,56,02213,0001,450,155.00000,0001,450,155.00000
7010,,OpeningBatch,57,02277,0001,750,155.00000,0001,750,155.00000
7011,,OpeningBatch,58,02032,0001,700,155.00000,0001,700,155.00000
7012,,OpeningBatch,59,02033,0001,500,155.00000,0001,500,155.00000
7013,,OpeningBatch,60,02274,0001,600,80.00000,0001,600,80.00000
7014,,OpeningBatch,61,02034,0001,600,80.00000,0001,600,80.00000
7015,,OpeningBatch,62,02053,0001,950,70.00000,0001,950,70.00000
7016,,OpeningBatch,63,02173,0001,100,145.00000,0001,100,145.00000
7017,,OpeningBatch,64,02097,0001,800,220.00000,0001,800,220.00000
7018,,OpeningBatch,65,02014,0001,290,390.00000,0001,290,390.00000
7019,,OpeningBatch,66,02015,0001,70,270.00000,0001,70,270.00000
7020,,OpeningBatch,67,02128,0001,51,1000.00000,0001,51,1000.00000
7021,,OpeningBatch,68,02002,0001,20,180.00000,0001,20,180.00000
7022,,OpeningBatch,69,02003,0001,15,216.00000,0001,15,216.00000
7023,,OpeningBatch,70,02004,0001,220,208.00000,0001,220,208.00000
7024,,OpeningBatch,71,02006,0001,3,180.00000,0001,3,180.00000
7025,,OpeningBatch,72,02306,0001,190,210.00000,0001,190,210.00000
7026,,OpeningBatch,73,02317,0001,35,160.00000,0001,35,160.00000
7027,,OpeningBatch,74,02059,0001,190,185.00000,0001,190,185.00000
7028,,OpeningBatch,75,02324,0001,60,170.00000,0001,60,170.00000
7029,,OpeningBatch,76,02010,0001,2500,10.00000,0001,2500,10.00000
7030,,OpeningBatch,77,02013,0001,136,390.00000,0001,136,390.00000
7031,,OpeningBatch,78,02086,0001,1150,12.50000,0001,1150,12.50000
7032,,OpeningBatch,79,02420,0001,10,150.00000,0001,10,150.00000
7033,,OpeningBatch,80,02258,0001,120,45.00000,0001,120,45.00000
7034,,OpeningBatch,82,02191,0001,15500,17.00000,0001,15500,17.00000
7035,,OpeningBatch,83,02361,0001,1050,30.00000,0001,1050,30.00000
7036,,OpeningBatch,84,02315,0001,10800,30.00000,0001,10800,30.00000
7037,,OpeningBatch,85,02359,0001,800,30.00000,0001,800,30.00000
7038,,OpeningBatch,86,02172,0001,230,30.00000,0001,230,30.00000
7039,,OpeningBatch,87,02299,0001,6500,30.00000,0001,6500,30.00000
7040,,OpeningBatch,88,02035,0001,850,30.00000,0001,850,30.00000
7041,,OpeningBatch,89,02051,0001,12500,30.00000,0001,12500,30.00000
7042,,OpeningBatch,90,02321,0001,29000,20.00000,0001,29000,20.00000
7043,,OpeningBatch,91,02320,0001,8000,10.00000,0001,8000,10.00000
7044,,OpeningBatch,92,02319,0001,2500,9.50000,0001,2500,9.50000
7045,,OpeningBatch,93,02018,0001,5200,12.00000,0001,5200,12.00000
7046,,OpeningBatch,94,02278,0001,5300,12.00000,0001,5300,12.00000
7047,,OpeningBatch,95,02020,0001,11000,12.00000,0001,11000,12.00000
7048,,OpeningBatch,96,02019,0001,15000,11.50000,0001,15000,11.50000
7049,,OpeningBatch,97,02313,0001,6000,11.50000,0001,6000,11.50000
7050,,OpeningBatch,98,02224,0001,5500,11.50000,0001,5500,11.50000
7051,,OpeningBatch,99,02316,0001,6000,6.00000,0001,6000,6.00000
7052,,OpeningBatch,100,02341,0001,600,30.00000,0001,600,30.00000
7053,,OpeningBatch,104,02399,0001,300,20.00000,0001,300,20.00000
7054,,OpeningBatch,105,02398,0001,300,20.00000,0001,300,20.00000
7055,,OpeningBatch,106,02042,0001,200,40.00000,0001,200,40.00000
7056,,OpeningBatch,107,02222,0001,230,40.00000,0001,230,40.00000
7057,,OpeningBatch,109,02433,0001,2304,150.00000,0001,4224,150.00000
7058,,OpeningBatch,110,02232,0001,500,30.00000,0001,500,30.00000
7059,,OpeningBatch,112,02312,0001,200,70.00000,0001,200,70.00000
7060,,PACKING,338,00369,,0,,0001,288,196.82069
7061,,PACKINGBATCH,338,02433,,0,,0001,288,150.00000
7062,,PACKINGBATCH,338,03264,,0,,001,34,392.98658
7063,,PACKING,338,00369,0001,288,196.82069,0001,288,196.39425
7064,,PACKING,339,00199,,0,,0001,2,1207.26500
7065,,PACKINGBATCH,339,02213,,0,,0001,2,155.00000
7066,,PACKINGBATCH,339,02222,,0,,0001,2,40.00000
7067,,PACKINGBATCH,339,03144,,0,,001,50,40.49067
7068,,PACKING,339,00199,0001,2,1207.26500,0001,2,1207.26675
7069,,PACKING,340,00289,,0,,0001,20,2173.16350
7070,,PACKINGBATCH,340,02128,,0,,0001,20,1065.44493
7071,,PACKINGBATCH,340,02345,,0,,001,24,90.00000
7072,,PACKINGBATCH,340,03201,,0,,001,500,39.98874
7073,,PACKING,340,00289,0001,20,2173.16350,0001,20,2173.16343
7074,,PACKING,341,00286,,0,,0001,40,694.58075
7075,,PACKINGBATCH,341,02014,,0,,001,45,440.00000
7076,,PACKINGBATCH,341,02342,,0,,001,60,40.00000
7077,,PACKINGBATCH,341,03198,,0,,001,200,16.17623
7078,,PACKINGBATCH,341,02004,,0,,001,10,235.00000
7079,,PACKING,341,00286,0001,40,694.58075,0001,40,694.63115
7080,,PACKING,342,00278,,0,,0001,40,1384.02850
7081,,PACKINGBATCH,342,02014,,0,,001,45,440.00000
7082,,PACKINGBATCH,342,02334,,0,,001,60,40.00000
7083,,PACKINGBATCH,342,03192,,0,,001,200,151.71770
7084,,PACKINGBATCH,342,02004,,0,,001,12,235.00000
7085,,PACKING,342,00278,0001,40,1384.02850,0001,40,1384.08850
7086,,PACKING,343,00281,,0,,0001,24,1110.67417
7087,,PACKINGBATCH,343,02014,,0,,001,24,440.00000
7088,,PACKINGBATCH,343,02337,,0,,001,40,40.00000
7089,,PACKINGBATCH,343,03194,,0,,001,120,107.10628
7090,,PACKINGBATCH,343,02004,,0,,001,7,235.00000
7091,,PACKING,343,00281,0001,24,1110.67417,0001,24,1110.73973
7092,,PACKING,344,00208,,0,,0001,368,259.30122
7093,,PACKINGBATCH,344,02232,,0,,0001,130,30.00000
7094,,PACKINGBATCH,344,03146,,0,,001,368,156.04035
7095,,PACKINGBATCH,344,02140,,0,,001,31,1100.00000
7096,,PACKING,344,00208,0001,368,259.30122,0001,368,259.30122
7097,,PACKING,345,00274,,0,,0001,120,1206.43075
7098,,PACKINGBATCH,345,02014,,0,,001,130,440.00000
7099,,PACKINGBATCH,345,02330,,0,,001,160,40.00000
7100,,PACKINGBATCH,345,03190,,0,,001,600,121.59000
7101,,PACKINGBATCH,345,02004,,0,,001,35,235.00000
7102,,PACKING,345,00274,0001,120,1206.43075,0001,120,1206.49167
7103,,PACKING,346,00273,,0,,0001,20,567.72650
7104,,PACKINGBATCH,346,02329,,0,,001,25,120.00000
7105,,PACKINGBATCH,346,03189,,0,,001,500,16.70905
7106,,PACKING,346,00273,0001,20,567.72650,0001,20,567.72625
7107,,PACKING,347,00285,,0,,0001,300,191.39110
7108,,PACKINGBATCH,347,02341,,0,,001,310,33.00000
7109,,PACKINGBATCH,347,03197,,0,,001,300,83.95777
7110,,PACKINGBATCH,347,02140,,0,,001,20,1100.00000
7111,,PACKING,347,00285,0001,300,191.39110,0001,300,191.39110
7112,,PACKING,348,00295,,0,,0001,40,1077.99475
7113,,PACKINGBATCH,348,02014,,0,,001,40,440.00000
7114,,PACKINGBATCH,348,02350,,0,,001,60,40.00000
7115,,PACKINGBATCH,348,03206,,0,,001,200,103.86139
7116,,PACKINGBATCH,348,02004,,0,,001,10,235.00000
7117,,PACKING,348,00295,0001,40,1077.99475,0001,40,1078.05695
7118,,PACKING,349,00291,,0,,0001,32,837.92094
7119,,PACKINGBATCH,349,02014,,0,,001,32,440.00000
7120,,PACKINGBATCH,349,02348,,0,,001,50,40.00000
7121,,PACKINGBATCH,349,03205,,0,,001,160,55.34685
7122,,PACKINGBATCH,349,02004,,0,,001,8,235.00000
7123,,PACKING,349,00291,0001,32,837.92094,0001,32,837.98425
7124,,PurchasesBatch,176,02026,001,50,40.00000,,0,
7125,,PurchasesBatch,176,02210,,0,,0001,50,40.00000
7126,,PACKING,350,00188,,0,,0001,32,1004.97906
7127,,PACKINGBATCH,350,02014,,0,,001,32,440.00000
7128,,PACKINGBATCH,350,02210,,0,,0001,50,40.00000
7129,,PACKINGBATCH,350,03070,,0,,001,160,85.82364
7130,,PACKINGBATCH,350,02004,,0,,001,10,235.00000
7131,,PACKING,350,00188,0001,32,1004.97906,0001,32,1005.05570
7132,,PACKING,351,00194,,0,,0001,32,852.20031
7133,,PACKINGBATCH,351,02014,,0,,001,32,440.00000
7134,,PACKINGBATCH,351,02216,,0,,001,50,40.00000
7135,,PACKINGBATCH,351,03075,,0,,001,160,58.20320
7136,,PACKINGBATCH,351,02004,,0,,001,8,235.00000
7137,,PACKING,351,00194,0001,32,852.20031,0001,32,852.26600
7138,,PACKING,352,00296,,0,,0001,20,762.50400
7139,,PACKINGBATCH,352,02351,,0,,001,40,140.00000
7140,,PACKINGBATCH,352,03207,,0,,001,500,13.10015
7141,,PACKINGBATCH,352,02213,,0,,0001,20,155.00000
7142,,PACKING,352,00296,0001,20,762.50400,0001,20,762.50375
7143,,PACKING,353,00228,,0,,0001,20,1809.67150
7144,,PACKINGBATCH,353,02128,,0,,0001,20,1065.44493
7145,,PACKINGBATCH,353,02268,,0,,001,20,90.00000
7146,,PACKINGBATCH,353,03162,,0,,001,500,26.16906
7147,,PACKING,353,00228,0001,20,1809.67150,0001,20,1809.67143
7148,,PACKING,354,00220,,0,,0001,20,498.12200
7149,,PACKINGBATCH,354,02258,,0,,0001,20,44.15027
7150,,PACKINGBATCH,354,03046,,0,,001,500,11.95885
7151,,PACKINGBATCH,354,02213,,0,,0001,20,155.00000
7152,,PACKING,354,00220,0001,20,498.12200,0001,20,498.12152
7153,,PACKING,355,00020,,0,,0001,250,52.41488
7154,,PACKINGBATCH,355,02051,,0,,0001,250,30.00000
7155,,PACKINGBATCH,355,03014,,0,,001,250,13.02298
7156,,PACKINGBATCH,355,02004,,0,,001,10,235.00000
7157,,PACKING,355,00020,0001,250,52.41488,0001,250,52.42298
7158,,PACKING,356,00022,,0,,0001,50,480.57460
7159,,PACKINGBATCH,356,02033,,0,,0001,50,155.00000
7160,,PACKINGBATCH,356,03014,,0,,001,1250,13.02298
7161,,PACKING,356,00022,0001,50,480.57460,0001,50,480.57450
7162,,PACKING,357,00369,,0,,0001,480,197.20179
7163,,PACKINGBATCH,357,02433,,0,,0001,480,150.00000
7164,,PACKINGBATCH,357,03264,,0,,001,57,392.98658
7165,,PACKING,357,00369,0001,480,197.20179,0001,480,196.66716
7166,,PACKING,358,00049,,0,,0001,40,712.85050
7167,,PACKINGBATCH,358,02014,,0,,001,40,440.00000
7168,,PACKINGBATCH,358,02027,,0,,0001,55,22.22222
7169,,PACKINGBATCH,358,03003,,0,,001,14,34.41410
7170,,PACKINGBATCH,358,03003,,0,,110,186,34.33525
7171,,PACKINGBATCH,358,02004,,0,,001,12,235.00000
7172,,PACKING,358,00049,0001,40,712.85050,0001,40,712.75940
7173,,PACKING,359,00032,,0,,0001,45,284.33533
7174,,PACKINGBATCH,359,02097,,0,,001,45,230.00000
7175,,PACKINGBATCH,359,02385,,0,,001,50,18.00000
7176,,PACKINGBATCH,359,03003,,0,,110,45,34.33525
7177,,PACKING,359,00032,0001,45,284.33533,0001,45,284.33525
7178,,PACKING,360,00296,,0,,0001,25,681.50360
7179,,PACKINGBATCH,360,02351,,0,,001,30,140.00000
7180,,PACKINGBATCH,360,03207,,0,,001,625,13.10015
7181,,PACKINGBATCH,360,02213,,0,,0001,30,155.00000
7182,,PACKING,360,00296,0001,25,681.50360,0001,25,681.50375
7183,,PACKING,361,00220,,0,,0001,20,509.15950
7184,,PACKINGBATCH,361,02258,,0,,0001,25,44.15027
7185,,PACKINGBATCH,361,03046,,0,,001,500,11.95885
7186,,PACKINGBATCH,361,02213,,0,,0001,20,155.00000
7187,,PACKING,361,00220,0001,20,509.15950,0001,20,509.15909
7188,,Productions,338,03163,001,372,0.11425,001,375,0.11425
7189,,PRODUCTIONBATCH,338,01015,0001,2,17.00000,,0,
7190,,PRODUCTIONBATCH,338,01015,,0,,0001,375,17.00000
7191,,Productions,338,03163,001,375,0.11425,001,375,17.00000
7192,,PACKING,362,00231,,0,,0001,15,525.00000
7193,,PACKINGBATCH,362,02274,,0,,001,15,100.00000
7194,,PACKINGBATCH,362,03163,,0,,001,375,17.00000
7195,,PACKING,362,00231,0001,15,525.00000,0001,15,525.00000
7196,,PACKING,363,00357,,0,,0001,6,408.88333
7197,,PACKINGBATCH,363,02213,,0,,0001,6,155.00000
7198,,PACKINGBATCH,363,02420,,0,,0001,6,47.63222
7199,,PACKINGBATCH,363,03253,,0,,001,150,8.25008
7200,,PACKING,363,00357,0001,6,408.88333,0001,6,408.88422
7201,,PACKING,364,00294,,0,,0001,36,1030.81111
7202,,PACKINGBATCH,364,02014,,0,,001,36,440.00000
7203,,PACKINGBATCH,364,02349,,0,,001,55,40.00000
7204,,PACKINGBATCH,364,03204,,0,,001,180,95.50826
7205,,PACKINGBATCH,364,02004,,0,,001,8,235.00000
7206,,PACKING,364,00294,0001,36,1030.81111,0001,36,1030.87463
7207,,PACKING,365,00320,,0,,0001,300,212.69373
7208,,PACKINGBATCH,365,02374,,0,,001,320,40.00000
7209,,PACKINGBATCH,365,03226,,0,,001,300,96.69373
7210,,PACKINGBATCH,365,02140,,0,,001,19,1100.00000
7211,,PACKINGBATCH,365,02140,,0,,0001,1,1100.00000
7212,,PACKING,365,00320,0001,300,212.69373,0001,300,212.69373
7213,,PACKING,366,00197,,0,,0001,108,712.49185
7214,,PACKINGBATCH,366,02014,,0,,001,110,440.00000
7215,,PACKINGBATCH,366,02220,,0,,001,135,40.00000
7216,,PACKINGBATCH,366,03142,,0,,001,540,30.69779
7217,,PACKINGBATCH,366,02004,,0,,001,28,235.00000
7218,,PACKING,366,00197,0001,108,712.49185,0001,108,712.56302
7219,,PACKING,367,00118,,0,,0001,5,1819.67000
7220,,PACKINGBATCH,367,02128,,0,,0001,5,1065.44493
7221,,PACKINGBATCH,367,02129,,0,,001,6,75.00000
7222,,PACKINGBATCH,367,03029,,0,,001,125,26.56906
7223,,PACKING,367,00118,0001,5,1819.67000,0001,5,1819.67143
7224,,PACKING,368,00340,,0,,0001,44,1119.68250
7225,,PACKINGBATCH,368,02014,,0,,001,44,440.00000
7226,,PACKINGBATCH,368,02395,,0,,001,70,40.00000
7227,,PACKINGBATCH,368,03241,,0,,001,220,110.40720
7228,,PACKINGBATCH,368,02004,,0,,001,12,235.00000
7229,,PACKING,368,00340,0001,44,1119.68250,0001,44,1119.76327
7230,,PurchasesBatch,178,02305,001,140,1.00000,,0,
7231,,PurchasesBatch,178,02234,,0,,0001,20,140.00000
7232,,PACKING,369,00209,,0,,0001,20,2683.69800
7233,,PACKINGBATCH,369,02234,,0,,001,6,140.00000
7234,,PACKINGBATCH,369,02234,,0,,0001,14,140.00000
7235,,PACKINGBATCH,369,03147,,0,,001,500,95.54792
7236,,PACKINGBATCH,369,02213,,0,,0001,20,155.00000
7237,,PACKING,369,00209,0001,20,2683.69800,0001,20,2683.69800
7238,,PRODUCTIONBATCH,345,01009,001,0,2200.00000,,0,
7239,,PRODUCTIONBATCH,345,01013,001,0,220.00000,,0,
7240,,PRODUCTIONBATCH,345,01028,0001,0,1650.00000,,0,
7241,,PRODUCTIONBATCH,345,01034,0001,0,556.05574,,0,
7242,,PRODUCTIONBATCH,345,01038,001,1,650.00000,,0,
7243,,PRODUCTIONBATCH,345,01041,001,0,560.00000,,0,
7244,,PRODUCTIONBATCH,345,01045,001,0,350.00000,,0,
7245,,PRODUCTIONBATCH,345,01056,0001,0,18697.38365,,0,
7246,,PRODUCTIONBATCH,345,01058,001,0,1450.00000,,0,
7247,,PRODUCTIONBATCH,345,01060,001,0,950.00000,,0,
7248,,PRODUCTIONBATCH,345,01189,001,1,650.00000,,0,
7249,,Production,345,03221,001,25,134.72313,,0,
7250,,PRODUCTIONBATCH,346,01009,001,0,2200.00000,,0,
7251,,PRODUCTIONBATCH,346,01013,001,3,220.00000,,0,
7252,,PRODUCTIONBATCH,346,01028,0001,0,1650.00000,,0,
7253,,PRODUCTIONBATCH,346,01034,0001,1,556.05574,,0,
7254,,PRODUCTIONBATCH,346,01038,001,6,650.00000,,0,
7255,,PRODUCTIONBATCH,346,01041,001,0,560.00000,,0,
7256,,PRODUCTIONBATCH,346,01045,001,3,350.00000,,0,
7257,,PRODUCTIONBATCH,346,01056,0001,0,18697.38365,,0,
7258,,PRODUCTIONBATCH,346,01058,001,0,1450.00000,,0,
7259,,PRODUCTIONBATCH,346,01060,001,1,950.00000,,0,
7260,,PRODUCTIONBATCH,346,01189,001,5,650.00000,,0,
7261,,Production,346,03221,001,125,134.72313,,0,
7262,,PRODUCTIONBATCH,349,01015,0001,5500,17.00000,,0,
7263,,Production,349,03167,001,5500,17.00000,,0,
7264,,PRODUCTIONBATCH,350,01015,0001,750,17.00000,,0,
7265,,Production,350,03167,001,750,17.00000,,0,
7266,,Productions,409,03163,,0,,0001,5500,17.00000
7267,,PRODUCTIONBATCH,409,01015,,0,,0001,5500,17.00000
7268,,Productions,409,03163,0001,5500,17.00000,0001,5500,17.00000
7269,,PACKING,370,00248,,0,,0001,500,58.73764
7270,,PACKINGBATCH,370,02299,,0,,0001,500,30.00000
7271,,PACKINGBATCH,370,03163,,0,,0001,500,17.00000
7272,,PACKINGBATCH,370,02004,,0,,001,25,235.00000
7273,,PACKING,370,00248,0001,500,58.73764,0001,500,58.75000
7274,,PACKING,371,00231,,0,,0001,200,525.00000
7275,,PACKINGBATCH,371,02274,,0,,001,200,100.00000
7276,,PACKINGBATCH,371,03163,,0,,0001,5000,17.00000
7277,,PACKING,371,00231,0001,200,525.00000,0001,200,525.00000
7278,,PACKING,372,00020,,0,,0001,500,54.75960
7279,,PACKINGBATCH,372,02051,,0,,0001,500,30.00000
7280,,PACKINGBATCH,372,03014,,0,,001,500,13.02298
7281,,PACKINGBATCH,372,02004,,0,,001,25,235.00000
7282,,PACKING,372,00020,0001,500,54.75960,0001,500,54.77298
7283,,PurchasesBatch,222,01055,,0,,0001,25,1550.00000
7284,,PurchasesBatch,222,01208,,0,,0001,0,55000.00000
7285,,PRODUCTIONBATCH,353,01015,0001,500,17.00000,,0,
7286,,PRODUCTIONBATCH,353,01190,0001,500,11.50000,,0,
7287,,Production,353,03134,001,1000,14.25000,,0,
7288,,Productions,410,03163,,0,,0001,750,0.00000
7289,,PRODUCTIONBATCH,410,01015,,0,,0001,750,17.00000
7290,,Productions,410,03163,0001,750,0.00000,0001,750,17.00000
7291,,PACKING,373,00248,,0,,0001,250,58.26600
7292,,PACKINGBATCH,373,02299,,0,,0001,250,30.00000
7293,,PACKINGBATCH,373,03163,,0,,0001,250,17.00000
7294,,PACKINGBATCH,373,02004,,0,,001,12,235.00000
7295,,PACKING,373,00248,0001,250,58.26600,0001,250,58.28000
7296,,PACKING,374,00231,,0,,0001,20,525.00000
7297,,PACKINGBATCH,374,02274,,0,,001,20,100.00000
7298,,PACKINGBATCH,374,03163,,0,,0001,500,17.00000
7299,,PACKING,374,00231,0001,20,525.00000,0001,20,525.00000
7300,,PACKING,375,00020,,0,,0001,250,52.41080
7301,,PACKINGBATCH,375,02051,,0,,0001,250,30.00000
7302,,PACKINGBATCH,375,03014,,0,,001,250,13.02298
7303,,PACKINGBATCH,375,02004,,0,,001,10,235.00000
7304,,PACKING,375,00020,0001,250,52.41080,0001,250,52.42298
7305,,PACKING,376,00022,,0,,0001,5,480.57400
7306,,PACKINGBATCH,376,02033,,0,,0001,5,155.00000
7307,,PACKINGBATCH,376,03014,,0,,001,125,13.02298
7308,,PACKING,376,00022,0001,5,480.57400,0001,5,480.57450
7309,,Productions,352,03002,001,1500,17.00000,001,1500,17.00000
7310,,PRODUCTIONBATCH,352,01190,,0,,0001,1000,11.50000
7311,,PRODUCTIONBATCH,352,01015,0001,1500,17.00000,,0,
7312,,Productions,352,03002,001,1500,17.00000,001,1500,7.66667
7318,,PACKING,377,00019,,0,,0001,40,111.87525
7319,,PACKINGBATCH,377,02034,,0,,001,40,100.00000
7320,,PACKINGBATCH,377,03002,,0,,001,875,1.00001
7321,,PACKING,377,00019,0001,40,111.87525,0001,40,121.87522
7323,,PACKINGBATCH,377,02034,001,40,100.00000,,0,
7324,,PACKINGBATCH,377,03002,001,875,1.00001,,0,
7325,,PACKING,377,00019,0001,40,121.87522,,0,
7326,,PACKING,377,00019,,0,,0001,100,98.75010
7327,,PACKINGBATCH,377,02034,,0,,001,100,100.00000
7328,,PACKINGBATCH,377,03002,,0,,001,875,1.00001
7329,,PACKING,377,00019,0001,100,98.75010,0001,100,108.75009
7330,,PACKING,378,00248,,0,,0001,500,0.00000
7331,,PACKINGBATCH,378,02299,,0,,0001,530,30.00000
7332,,PACKING,378,00248,0001,500,0.00000,0001,500,31.80000
7333,,PACKING,379,00231,,0,,0001,200,100.00000
7334,,PACKINGBATCH,379,02274,,0,,001,200,100.00000
7335,,PACKING,379,00231,0001,200,100.00000,0001,200,100.00000
7336,,Productions,411,03163,,0,,0001,2500,0.00000
7337,,PRODUCTIONBATCH,411,01015,,0,,0001,2500,17.00000
7338,,Productions,411,03163,0001,2500,0.00000,0001,2500,17.00000
7339,,PACKING,380,00231,,0,,0001,100,0.00000
7340,,PACKINGBATCH,380,02274,,0,,001,73,100.00000
7341,,PACKINGBATCH,380,03163,,0,,0001,2500,17.00000
7342,,PACKING,380,00231,0001,100,0.00000,0001,100,498.00000
7343,,Productions,354,03003,001,220,34.48551,001,220,34.48551
7344,,PRODUCTIONBATCH,354,01013,001,3,220.00000,,0,
7345,,PRODUCTIONBATCH,354,01013,,0,,001,3,220.00000
7346,,PRODUCTIONBATCH,354,01022,0001,0,4000.00000,,0,
7347,,PRODUCTIONBATCH,354,01022,,0,,0001,0,4000.00000
7348,,PRODUCTIONBATCH,354,01038,001,3,650.00000,,0,
7349,,PRODUCTIONBATCH,354,01038,,0,,001,3,650.00000
7350,,PRODUCTIONBATCH,354,01043,001,1,13.75000,,0,
7351,,PRODUCTIONBATCH,354,01043,,0,,001,1,13.75000
7352,,PRODUCTIONBATCH,354,01048,0001,0,1405.95140,,0,
7353,,PRODUCTIONBATCH,354,01048,,0,,0001,0,1405.95140
7354,,PRODUCTIONBATCH,354,01056,0001,0,18697.38365,,0,
7355,,PRODUCTIONBATCH,354,01056,,0,,0001,0,18697.38365
7356,,PRODUCTIONBATCH,354,01058,001,1,1450.00000,,0,
7357,,PRODUCTIONBATCH,354,01058,,0,,001,1,1450.00000
7358,,PRODUCTIONBATCH,354,01060,001,0,950.00000,,0,
7359,,PRODUCTIONBATCH,354,01060,,0,,001,0,950.00000
7360,,Productions,354,03003,001,220,34.48551,001,220,34.48551
7369,,PACKING,381,00049,,0,,0001,20,568.38000
7370,,PACKINGBATCH,381,02014,,0,,001,20,440.00000
7371,,PACKINGBATCH,381,02027,,0,,0001,20,22.22222
7372,,PACKINGBATCH,381,03003,,0,,110,14,34.33525
7373,,PACKINGBATCH,381,02004,,0,,001,7,235.00000
7374,,PACKING,381,00049,0001,20,568.38000,0001,20,568.50690
7375,,PACKING,382,00032,,0,,0001,120,248.00000
7376,,PACKINGBATCH,382,02097,,0,,001,120,230.00000
7377,,PACKINGBATCH,382,02385,,0,,001,120,18.00000
7378,,PACKING,382,00032,0001,120,248.00000,0001,120,248.00000
7379,,PACKING,383,00020,,0,,0001,500,54.75668
7380,,PACKINGBATCH,383,02051,,0,,0001,500,30.00000
7381,,PACKINGBATCH,383,03014,,0,,001,500,13.02298
7382,,PACKINGBATCH,383,02004,,0,,001,25,235.00000
7383,,PACKING,383,00020,0001,500,54.75668,0001,500,54.77298
7384,,PACKING,384,00022,,0,,0001,1,480.57000
7385,,PACKINGBATCH,384,02033,,0,,0001,1,155.00000
7386,,PACKINGBATCH,384,03014,,0,,001,25,13.02298
7387,,PACKING,384,00022,0001,1,480.57000,0001,1,480.57450
7388,,PACKING,385,00369,,0,,0001,480,197.57802
7389,,PACKINGBATCH,385,02433,,0,,0001,480,150.00000
7390,,PACKINGBATCH,385,03264,,0,,001,57,392.98658
7391,,PACKING,385,00369,0001,480,197.57802,0001,480,196.66716
7392,,PACKING,386,00380,,0,,0001,60,1819.53617
7393,,PACKINGBATCH,386,02014,,0,,001,60,440.00000
7394,,PACKINGBATCH,386,02443,,0,,001,80,80.00000
7395,,PACKINGBATCH,386,03271,,0,,001,300,241.28092
7396,,PACKINGBATCH,386,02004,,0,,001,17,235.00000
7397,,PACKING,386,00380,0001,60,1819.53617,0001,60,1819.65460
7398,,PRODUCTIONBATCH,358,01003,001,48,13.00000,,0,
7399,,PRODUCTIONBATCH,358,01031,001,0,6500.00000,,0,
7400,,PRODUCTIONBATCH,358,01059,0001,12,72.44776,,0,
7401,,Production,358,03022,001,60,44.38955,,0,
7402,,PurchasesBatch,186,02057,001,20,80.00000,,0,
7403,,PurchasesBatch,187,02457,,0,,0001,20,40.00000
7404,,PurchasesBatch,187,02457,0001,20,40.00000,0001,20,80.00000
7405,,Productions,412,03281,,0,,0001,60,10.42517
7406,,PRODUCTIONBATCH,412,01012,,0,,0001,0,4000.00000
7407,,PRODUCTIONBATCH,412,01041,,0,,001,0,560.00000
7408,,PRODUCTIONBATCH,412,01058,,0,,001,0,1450.00000
7409,,Productions,412,03281,0001,60,10.42517,0001,60,10.20000
7410,,PACKING,387,00393,,0,,0001,12,702.52000
7411,,PACKINGBATCH,387,02014,,0,,001,12,440.00000
7412,,PACKINGBATCH,387,02457,,0,,0001,20,80.00000
7413,,PACKINGBATCH,387,03281,,0,,0001,60,10.20000
7414,,PACKINGBATCH,387,02004,,0,,001,4,235.00000
7415,,PACKING,387,00393,0001,12,702.52000,0001,12,702.66667
7416,,PACKING,388,00386,,0,,0001,20,2064.69500
7417,,PACKINGBATCH,388,02128,,0,,0001,20,1065.44493
7418,,PACKINGBATCH,388,02449,,0,,001,22,180.00000
7419,,PACKINGBATCH,388,03275,,0,,001,500,32.05000
7420,,PACKING,388,00386,0001,20,2064.69500,0001,20,2064.69493
7421,,PurchasesBatch,191,02170,001,12,140.00000,,0,
7422,,PurchasesBatch,191,02148,,0,,0001,12,140.00000
7423,,PACKING,389,00139,,0,,0001,10,648.00000
7424,,PACKINGBATCH,389,02148,,0,,0001,12,140.00000
7425,,PACKINGBATCH,389,03098,,0,,001,250,13.00000
7426,,PACKINGBATCH,389,02213,,0,,0001,10,155.00000
7427,,PACKING,389,00139,0001,10,648.00000,0001,10,648.00000
7428,,Productions,361,03144,001,500,40.47910,001,500,40.47910
7429,,PRODUCTIONBATCH,361,01007,,0,,0001,50,35.00000
7430,,Productions,361,03144,001,500,40.47910,001,500,43.97910
7431,,PACKING,390,00199,,0,,0001,20,1290.18350
7432,,PACKINGBATCH,390,02213,,0,,0001,20,155.00000
7433,,PACKINGBATCH,390,02222,,0,,0001,25,40.00000
7434,,PACKINGBATCH,390,03144,,0,,001,500,43.40734
7435,,PACKING,390,00199,0001,20,1290.18350,0001,20,1290.18350
7436,,Productions,362,03173,001,750,15.30000,001,750,15.30000
7437,,PRODUCTIONBATCH,362,01016,0001,592,10.00000,,0,
7438,,PRODUCTIONBATCH,362,01016,,0,,0001,600,10.00000
7439,,PRODUCTIONBATCH,362,01042,,0,,001,10,167.00000
7440,,Productions,362,03173,001,750,15.30000,001,750,17.62667
7441,,PACKING,391,00243,,0,,0001,30,735.66667
7442,,PACKINGBATCH,391,02288,,0,,001,30,140.00000
7443,,PACKINGBATCH,391,03173,,0,,001,750,17.62667
7444,,PACKINGBATCH,391,02213,,0,,0001,30,155.00000
7445,,PACKING,391,00243,0001,30,735.66667,0001,30,735.66675
7446,,OpeningBatch,81,00019,0001,56,1440.00000,0001,56,1440.00000
7447,,OpeningBatch,101,00363,0001,934,14000.00000,0001,934,14000.00000
7448,,OpeningBatch,102,00357,0001,2,10000.00000,0001,2,10000.00000
7449,,OpeningBatch,103,00053,0001,4,9000.00000,0001,4,9000.00000
7450,,OpeningBatch,108,00124,0001,152,5000.00000,0001,152,5000.00000
7451,,OpeningBatch,111,00369,0001,5080,300.00000,0001,5080,300.00000
7452,,OpeningBatch,113,00010,0001,500,70.00000,0001,500,70.00000
7453,,OpeningBatch,114,00008,0001,500,64.00000,0001,500,64.00000
7454,,OpeningBatch,115,00264,,0,,001,10,1500.00000
7455,,PACKING,392,00074,,0,,0001,1,500.00000
7456,,PACKINGBATCH,392,03045,,0,,001,25,13.80000
7457,,PACKINGBATCH,392,02213,,0,,0001,1,155.00000
7458,,PACKING,392,00074,0001,1,500.00000,0001,1,500.00000
7459,,PurchasesBatch,223,01002,,0,,0001,50,280.00000
7460,,PurchasesBatch,223,01073,,0,,0001,25,370.00000
7461,,PurchasesBatch,223,01034,,0,,0001,50,560.00000
7462,,PACKING,393,00050,,0,,0001,24,433.41542
7463,,PACKINGBATCH,393,02097,,0,,001,24,230.00000
7464,,PACKINGBATCH,393,02265,,0,,0001,24,40.00000
7465,,PACKINGBATCH,393,03010,,0,,001,24,163.73276
7466,,PACKING,393,00050,0001,24,433.41542,0001,24,433.73276
7467,,PurchasesBatch,198,02265,001,2500,40.00000,001,32,40.00000
7468,,PACKING,394,00050,,0,,0001,24,433.41542
7469,,PACKINGBATCH,394,02097,,0,,001,24,230.00000
7470,,PACKINGBATCH,394,02265,,0,,0001,24,40.00000
7471,,PACKINGBATCH,394,03010,,0,,001,24,163.73276
7472,,PACKING,394,00050,0001,24,433.41542,0001,24,433.73276
7473,,PACKING,395,00077,,0,,0001,12,339.41333
7474,,PACKINGBATCH,395,02067,,0,,001,16,40.00000
7475,,PACKINGBATCH,395,03054,,0,,001,12,56.07976
7476,,PACKINGBATCH,395,02097,,0,,001,12,230.00000
7477,,PACKING,395,00077,0001,12,339.41333,0001,12,339.41309
7478,,PACKING,396,00368,,0,,0001,24,506.31542
7479,,PACKINGBATCH,396,02097,,0,,001,24,230.00000
7480,,PACKINGBATCH,396,02431,,0,,001,32,40.00000
7481,,PACKINGBATCH,396,03135,,0,,001,24,222.98204
7482,,PACKING,396,00368,0001,24,506.31542,0001,24,506.31537
7483,,Productions,367,03202,001,200,86.93751,001,200,86.93751
7484,,PRODUCTIONBATCH,367,01184,0001,8,366.66667,,0,
7485,,PRODUCTIONBATCH,367,01184,001,5,367.00000,,0,
7486,,PRODUCTIONBATCH,367,01184,,0,,001,20,367.00000
7487,,Productions,367,03202,001,200,86.93751,001,200,97.96118
7488,,PACKING,397,00292,,0,,0001,40,1115.16300
7489,,PACKINGBATCH,397,02014,,0,,001,45,440.00000
7490,,PACKINGBATCH,397,02346,,0,,001,60,40.00000
7491,,PACKINGBATCH,397,03202,,0,,001,200,97.96118
7492,,PACKINGBATCH,397,02004,,0,,001,12,235.00000
7493,,PACKING,397,00292,0001,40,1115.16300,0001,40,1115.30590
7494,,Productions,368,03104,001,500,31.65000,001,500,31.65000
7495,,PRODUCTIONBATCH,368,01020,001,25,312.00000,,0,
7496,,PRODUCTIONBATCH,368,01020,,0,,001,40,312.00000
7497,,Productions,368,03104,001,500,31.65000,001,500,41.01000
7498,,PACKING,398,00147,,0,,0001,20,2140.69500
7499,,PACKINGBATCH,398,02128,,0,,0001,20,1065.44493
7500,,PACKINGBATCH,398,02160,,0,,0001,25,40.00000
7501,,PACKINGBATCH,398,03104,,0,,001,500,41.01000
7502,,PACKING,398,00147,0001,20,2140.69500,0001,20,2140.69493
7503,,PACKING,399,00022,,0,,0001,200,468.17450
7504,,PACKINGBATCH,399,02033,,0,,0001,184,155.00000
7505,,PACKINGBATCH,399,03014,,0,,001,5000,13.02298
7506,,PACKING,399,00022,0001,200,468.17450,0001,200,468.17450
7507,,Productions,370,03270,001,500,30.17059,001,500,30.17059
7508,,PRODUCTIONBATCH,370,01002,0001,12,271.82371,,0,
7509,,PRODUCTIONBATCH,370,01002,,0,,0001,25,277.57357
7510,,Productions,370,03270,001,500,30.17059,001,500,37.25368
7511,,PACKING,400,00377,,0,,0001,20,1226.34200
7512,,PACKINGBATCH,400,02440,,0,,001,20,140.00000
7513,,PACKINGBATCH,400,03270,,0,,001,500,37.25368
7514,,PACKINGBATCH,400,02213,,0,,0001,20,155.00000
7515,,PACKING,400,00377,0001,20,1226.34200,0001,20,1226.34200
7516,,PRODUCTIONBATCH,371,01003,001,500,13.00000,,0,
7517,,Production,371,03164,001,500,13.00000,,0,
7518,,PurchasesBatch,198,02282,001,20,140.00000,,0,
7519,,Productions,413,03282,,0,,0001,500,68.20304
7520,,PRODUCTIONBATCH,413,01003,,0,,001,30,13.00000
7521,,PRODUCTIONBATCH,413,01009,,0,,001,0,2200.00000
7522,,PRODUCTIONBATCH,413,01015,,0,,0001,425,17.00000
7523,,PRODUCTIONBATCH,413,01034,,0,,0001,5,559.14782
7524,,PRODUCTIONBATCH,413,01053,,0,,0001,0,17499.52012
7525,,PRODUCTIONBATCH,413,01054,,0,,0001,0,17499.10934
7526,,PRODUCTIONBATCH,413,01060,,0,,001,1,950.00000
7527,,PRODUCTIONBATCH,413,01143,,0,,0001,1,3200.00000
7528,,Productions,413,03282,0001,500,68.20304,0001,500,68.20011
7529,,PurchasesBatch,198,02458,,0,,0001,20,140.00000
7530,,PACKING,401,00394,,0,,0001,20,2000.00300
7531,,PACKINGBATCH,401,02213,,0,,0001,20,155.00000
7532,,PACKINGBATCH,401,02458,,0,,0001,20,140.00000
7533,,PACKINGBATCH,401,03282,,0,,0001,500,68.20011
7534,,PACKING,401,00394,0001,20,2000.00300,0001,20,2000.00275
7535,,PRODUCTIONBATCH,381,01015,0001,125,17.00000,,0,
7536,,PRODUCTIONBATCH,381,01190,0001,125,11.50000,,0,
7537,,Production,381,03134,001,250,14.25000,,0,
7548,,PRODUCTIONBATCH,372,01003,001,25,13.00000,,0,
7549,,PRODUCTIONBATCH,372,01016,0001,2500,10.00000,,0,
7550,,Production,372,03046,001,2500,10.13000,,0,
7551,,Productions,414,03046,,0,,0001,750,15.67717
7552,,PRODUCTIONBATCH,414,01003,,0,,001,7,13.00000
7553,,PRODUCTIONBATCH,414,01016,,0,,0001,400,10.00000
7554,,PRODUCTIONBATCH,414,01044,,0,,001,20,128.00000
7555,,PRODUCTIONBATCH,414,01015,,0,,0001,300,17.00000
7556,,Productions,414,03046,0001,750,15.67717,0001,750,15.67667
7557,,PACKING,402,00220,,0,,0001,30,591.06700
7558,,PACKINGBATCH,402,02258,,0,,0001,30,44.15027
7559,,PACKINGBATCH,402,03046,,0,,0001,750,15.67667
7560,,PACKINGBATCH,402,02213,,0,,0001,30,155.00000
7561,,PACKING,402,00220,0001,30,591.06700,0001,30,591.06702
7562,,Productions,373,03264,170726,23,420.00000,170726,23,420.00000
7563,,Productions,373,03264,170726,23,420.00000,170726,23,420.00000
7564,,PACKING,403,00369,,0,,0001,192,202.35932
7565,,PACKINGBATCH,403,02433,,0,,0001,192,150.00000
7566,,PACKINGBATCH,403,03264,,0,,001,1,392.98658
7567,,PACKINGBATCH,403,03264,,0,,170726,23,420.00000
7568,,PACKING,403,00369,0001,192,202.35932,0001,192,202.35931
7569,,Productions,374,03010,170726,81,163.09770,170726,81,163.09770
7570,,Productions,374,03010,170726,81,163.09770,170726,81,163.09770
7571,,PACKING,404,00259,,0,,0001,692,17.95257
7572,,PACKINGBATCH,404,02314,,0,,001,692,13.00000
7573,,PACKINGBATCH,404,03010,,0,,001,15,163.73276
7574,,PACKINGBATCH,404,03010,,0,,170726,5,163.09770
7575,,PACKING,404,00259,0001,692,17.95257,0001,692,17.96363
7576,,PACKING,405,00201,,0,,0001,200,39.01795
7577,,PACKINGBATCH,405,02010,,0,,001,200,8.00000
7578,,PACKINGBATCH,405,02224,,0,,0001,200,11.50000
7579,,PACKINGBATCH,405,03010,,0,,170726,20,163.09770
7580,,PACKINGBATCH,405,02006,,0,,001,3,213.00000
7581,,PACKING,405,00201,0001,200,39.01795,0001,200,39.00477
7582,,PACKING,406,00051,,0,,0001,8,1389.11625
7583,,PACKINGBATCH,406,02014,,0,,001,8,440.00000
7584,,PACKINGBATCH,406,02031,,0,,001,15,40.00000
7585,,PACKINGBATCH,406,03010,,0,,170726,40,163.09770
7586,,PACKINGBATCH,406,02004,,0,,001,2,235.00000
7587,,PACKING,406,00051,0001,8,1389.11625,0001,8,1389.23850
7588,,Productions,375,03179,001,20,72.67120,001,20,72.67120
7589,,PRODUCTIONBATCH,375,01184,,0,,001,2,367.00000
7590,,Productions,375,03179,001,20,72.67120,001,20,109.37120
7591,,PACKING,407,00257,,0,,0001,200,29.75220
7592,,PACKINGBATCH,407,02010,,0,,001,200,8.00000
7593,,PACKINGBATCH,407,02313,,0,,0001,200,11.50000
7594,,PACKINGBATCH,407,03179,,0,,001,20,70.43607
7595,,PACKINGBATCH,407,02006,,0,,001,3,213.00000
7596,,PACKING,407,00257,0001,200,29.75220,0001,200,29.73861
7597,,Productions,376,03012,001,40,47.56000,001,40,47.56000
7598,,Productions,376,03012,001,40,47.56000,001,40,47.56000
7599,,PACKING,408,00013,,0,,0001,400,40.59013
7600,,PACKINGBATCH,408,02009,,0,,001,400,20.00000
7601,,PACKINGBATCH,408,02019,,0,,0001,400,11.50000
7602,,PACKINGBATCH,408,03012,,0,,001,40,61.58000
7603,,PACKINGBATCH,408,02004,,0,,001,5,235.00000
7604,,PACKING,408,00013,0001,400,40.59013,0001,400,40.59550
7605,,Productions,377,03165,001,40,23.87596,001,40,23.87596
7606,,Productions,377,03165,001,40,23.87596,001,40,23.87596
7607,,PACKING,409,00233,,0,,0001,400,25.06173
7608,,PACKINGBATCH,409,02010,,0,,001,400,8.00000
7609,,PACKINGBATCH,409,02278,,0,,0001,400,12.00000
7610,,PACKINGBATCH,409,03165,,0,,001,40,23.87596
7611,,PACKINGBATCH,409,02006,,0,,001,5,213.00000
7612,,PACKING,409,00233,0001,400,25.06173,0001,400,25.05010
7613,,PRODUCTIONBATCH,378,01009,001,4,2200.00000,,0,
7614,,PRODUCTIONBATCH,378,01021,001,0,340.00000,,0,
7615,,PRODUCTIONBATCH,378,01028,0001,0,1650.00000,,0,
7616,,PRODUCTIONBATCH,378,01041,001,0,560.00000,,0,
7617,,PRODUCTIONBATCH,378,01045,001,1,350.00000,,0,
7618,,PRODUCTIONBATCH,378,01058,001,0,1450.00000,,0,
7619,,Production,378,03265,001,40,266.64000,,0,
7620,,Productions,415,03018,,0,,0001,40,86.80525
7621,,PRODUCTIONBATCH,415,01027,,0,,001,6,400.00000
7622,,PRODUCTIONBATCH,415,01041,,0,,001,0,560.00000
7623,,PRODUCTIONBATCH,415,01043,,0,,001,3,13.75000
7624,,PRODUCTIONBATCH,415,01050,,0,,001,0,3100.00000
7625,,PRODUCTIONBATCH,415,01058,,0,,001,0,1450.00000
7626,,PRODUCTIONBATCH,415,01073,,0,,001,1,400.00000
7627,,Productions,415,03018,0001,40,86.80525,0001,40,87.35750
7628,,PACKING,410,00008,,0,,0001,400,31.38245
7629,,PACKINGBATCH,410,02020,,0,,0001,400,12.00000
7630,,PACKINGBATCH,410,03018,,0,,001,40,86.79750
7631,,PACKINGBATCH,410,02010,,0,,001,400,8.00000
7632,,PACKINGBATCH,410,02006,,0,,001,5,213.00000
7633,,PACKING,410,00008,0001,400,31.38245,0001,400,31.34225
7634,,Productions,379,03118,001,90,112.72850,001,90,112.72850
7635,,Productions,379,03118,001,90,112.72850,001,90,112.72850
7636,,PACKING,411,00030,,0,,0001,900,31.25682
7637,,PACKINGBATCH,411,02191,,0,,0001,920,17.00000
7638,,PACKINGBATCH,411,03118,,0,,001,90,112.72850
7639,,PACKINGBATCH,411,02004,,0,,001,10,235.00000
7640,,PACKING,411,00030,0001,900,31.25682,0001,900,31.26174
7641,,Productions,380,03019,001,100,40.47910,001,100,40.47910
7642,,PRODUCTIONBATCH,380,01007,,0,,0001,10,35.00000
7643,,Productions,380,03019,001,100,40.47910,001,100,43.97910
7644,,PACKING,412,00040,,0,,0001,4,1294.47750
7645,,PACKINGBATCH,412,02042,,0,,0001,4,40.00000
7646,,PACKINGBATCH,412,02213,,0,,0001,4,155.00000
7647,,PACKINGBATCH,412,03019,,0,,001,100,43.97910
7648,,PACKING,412,00040,0001,4,1294.47750,0001,4,1294.47750
7649,,Productions,416,03002,,0,,0001,250,11.50000
7650,,PRODUCTIONBATCH,416,01190,,0,,0001,250,11.50000
7651,,Productions,416,03002,0001,250,11.50000,0001,250,11.50000
7652,,PACKING,413,00019,,0,,0001,10,377.50000
7653,,PACKINGBATCH,413,02034,,0,,001,10,100.00000
7654,,PACKINGBATCH,413,03002,,0,,0001,250,11.50000
7655,,PACKING,413,00019,0001,10,377.50000,0001,10,387.50000
7656,,Productions,382,03182,001,250,21.28386,001,250,21.28386
7657,,Productions,382,03182,001,250,21.28386,001,250,21.28386
7658,,PACKING,414,00258,,0,,0001,10,602.27500
7659,,PACKINGBATCH,414,02312,,0,,0001,10,70.00000
7660,,PACKINGBATCH,414,03182,,0,,001,250,21.29098
7661,,PACKING,414,00258,0001,10,602.27500,0001,10,602.27450
7670,,Productions,417,03163,,0,,0001,2500,0.00000
7671,,PRODUCTIONBATCH,417,01015,,0,,0001,500,17.00000
7672,,Productions,417,03163,0001,2500,0.00000,0001,2500,3.40000
7673,,PACKING,415,00231,,0,,0001,100,85.00000
7674,,PACKINGBATCH,415,03163,,0,,0001,2500,3.40000
7675,,PACKING,415,00231,0001,100,85.00000,0001,100,85.00000
7676,,Productions,418,03001,,0,,0001,500,17.30388
7677,,PRODUCTIONBATCH,418,01016,,0,,0001,395,10.00000
7678,,PRODUCTIONBATCH,418,01042,,0,,001,6,167.00000
7679,,PRODUCTIONBATCH,418,01043,,0,,001,100,13.75000
7680,,PRODUCTIONBATCH,418,01050,,0,,001,0,3100.00000
7681,,Productions,418,03001,0001,500,17.30388,0001,500,17.30400
7682,,PACKING,416,00016,,0,,0001,20,587.60000
7683,,PACKINGBATCH,416,02032,,0,,0001,20,155.00000
7684,,PACKINGBATCH,416,03001,,0,,0001,500,17.30400
7685,,PACKING,416,00016,0001,20,587.60000,0001,20,587.60000
7686,,Productions,384,03121,001,40,54.83243,001,40,54.83243
7687,,PRODUCTIONBATCH,384,01058,,0,,001,0,1450.00000
7688,,PRODUCTIONBATCH,384,01041,,0,,001,0,560.00000
7689,,Productions,384,03121,001,40,54.83243,001,40,64.88243
7690,,PACKING,417,00211,,0,,0001,8,681.77875
7691,,PACKINGBATCH,417,02014,,0,,001,8,440.00000
7692,,PACKINGBATCH,417,02237,,0,,001,10,40.00000
7693,,PACKINGBATCH,417,03121,,0,,001,40,26.63243
7694,,PACKINGBATCH,417,02004,,0,,001,2,235.00000
7695,,PACKING,417,00211,0001,8,681.77875,0001,8,681.91215
7696,,Productions,385,03176,001,40,129.19193,001,40,129.19193
7697,,Productions,385,03176,001,40,129.19193,001,40,129.19193
7698,,PACKING,418,00247,,0,,0001,8,1194.57500
7699,,PACKINGBATCH,418,02014,,0,,001,8,440.00000
7700,,PACKINGBATCH,418,02297,,0,,001,10,40.00000
7701,,PACKINGBATCH,418,03176,,0,,001,40,129.19193
7702,,PACKINGBATCH,418,02004,,0,,001,2,235.00000
7703,,PACKING,418,00247,0001,8,1194.57500,0001,8,1194.70965
7704,,PRODUCTIONBATCH,386,01010,0001,0,2800.00000,,0,
7705,,PRODUCTIONBATCH,386,01012,0001,0,4000.00000,,0,
7706,,PRODUCTIONBATCH,386,01020,001,0,312.00000,,0,
7707,,PRODUCTIONBATCH,386,01038,001,0,650.00000,,0,
7708,,PRODUCTIONBATCH,386,01058,001,0,1450.00000,,0,
7709,,PRODUCTIONBATCH,386,01060,001,0,950.00000,,0,
7710,,Production,386,03179,001,60,24.26200,,0,
7711,,Productions,419,03011,,0,,0001,60,81.98550
7712,,PRODUCTIONBATCH,419,01010,,0,,0001,0,2800.00000
7713,,PRODUCTIONBATCH,419,01012,,0,,0001,0,4000.00000
7714,,PRODUCTIONBATCH,419,01013,,0,,001,0,220.00000
7715,,PRODUCTIONBATCH,419,01038,,0,,001,0,650.00000
7716,,PRODUCTIONBATCH,419,01043,,0,,001,0,13.75000
7717,,PRODUCTIONBATCH,419,01058,,0,,001,0,1450.00000
7718,,PRODUCTIONBATCH,419,01060,,0,,001,0,950.00000
7719,,PRODUCTIONBATCH,419,01184,,0,,001,3,367.00000
7720,,Productions,419,03011,0001,60,81.98550,0001,60,82.06875
7721,,PACKING,419,00052,,0,,0001,12,961.83500
7722,,PACKINGBATCH,419,02014,,0,,001,12,440.00000
7723,,PACKINGBATCH,419,02029,,0,,0001,20,20.00000
7724,,PACKINGBATCH,419,03011,,0,,0001,60,82.06875
7725,,PACKINGBATCH,419,02004,,0,,001,4,235.00000
7726,,PACKING,419,00052,0001,12,961.83500,0001,12,962.01042
7727,,PRODUCTIONBATCH,387,01033,0001,24,50.00000,,0,
7728,,Production,387,03086,001,40,30.00000,,0,
7729,,OpeningBatch,81,00019,0001,56,1440.00000,0001,56,1440.00000
7730,,OpeningBatch,101,00363,0001,934,14000.00000,0001,934,14000.00000
7731,,OpeningBatch,102,00357,0001,2,10000.00000,0001,2,10000.00000
7732,,OpeningBatch,103,00053,0001,4,9000.00000,0001,4,9000.00000
7733,,OpeningBatch,108,00124,0001,152,5000.00000,0001,160,5000.00000
7734,,OpeningBatch,111,00369,0001,5080,300.00000,0001,5080,300.00000
7735,,OpeningBatch,113,00010,0001,500,70.00000,0001,500,70.00000
7736,,OpeningBatch,114,00008,0001,500,64.00000,0001,500,64.00000
7737,,OpeningBatch,115,00264,001,10,1500.00000,001,10,1500.00000
7738,,PRODUCTIONBATCH,388,01045,001,0,350.00000,,0,
7739,,PRODUCTIONBATCH,388,01056,0001,0,18697.38365,,0,
7740,,PRODUCTIONBATCH,388,01058,001,0,1450.00000,,0,
7741,,PRODUCTIONBATCH,388,01072,0001,0,9500.00000,,0,
7742,,Production,388,03186,001,40,73.74738,,0,
7743,,Productions,420,03120,,0,,0001,40,55.56450
7744,,PRODUCTIONBATCH,420,01041,,0,,001,0,560.00000
7745,,PRODUCTIONBATCH,420,01052,,0,,0001,0,14500.00000
7746,,PRODUCTIONBATCH,420,01055,,0,,0001,1,1549.98681
7747,,PRODUCTIONBATCH,420,01058,,0,,001,0,1450.00000
7748,,Productions,420,03120,0001,40,55.56450,0001,40,55.42960
7749,,PACKING,420,00266,,0,,0001,8,1215.75875
7750,,PACKINGBATCH,420,02014,,0,,001,8,440.00000
7751,,PACKINGBATCH,420,02271,,0,,001,15,40.00000
7752,,PACKINGBATCH,420,02271,,0,,0001,73,40.00000
7753,,PACKINGBATCH,420,03120,,0,,0001,40,55.42960
7754,,PACKINGBATCH,420,02004,,0,,001,2,235.00000
7755,,PACKING,420,00266,0001,8,1215.75875,0001,8,1215.89800
7756,,PACKING,421,00340,,0,,0001,8,1079.95875
7757,,PACKINGBATCH,421,02014,,0,,001,8,440.00000
7758,,PACKINGBATCH,421,03241,,0,,001,40,110.40720
7759,,PACKINGBATCH,421,02004,,0,,001,3,235.00000
7760,,PACKING,421,00340,0001,8,1079.95875,0001,8,1080.16100
7761,,Productions,390,03130,001,40,258.35000,001,40,258.35000
7762,,Productions,390,03130,001,40,258.35000,001,40,258.35000
7763,,PACKING,422,00179,,0,,0001,8,1865.35750
7764,,PACKINGBATCH,422,02014,,0,,001,8,440.00000
7765,,PACKINGBATCH,422,02201,,0,,001,15,40.00000
7766,,PACKINGBATCH,422,03130,,0,,001,40,258.35000
7767,,PACKINGBATCH,422,02004,,0,,001,2,235.00000
7768,,PACKING,422,00179,0001,8,1865.35750,0001,8,1865.50000
7769,,PACKING,423,00180,,0,,0001,12,1378.15583
7770,,PACKINGBATCH,423,02014,,0,,001,12,440.00000
7771,,PACKINGBATCH,423,02272,,0,,001,16,40.00000
7772,,PACKINGBATCH,423,03119,,0,,001,60,161.33517
7773,,PACKINGBATCH,423,02004,,0,,001,4,235.00000
7774,,PACKING,423,00180,0001,12,1378.15583,0001,12,1378.34252
7775,,Productions,394,03144,001,100,40.52918,001,100,40.52918
7776,,PRODUCTIONBATCH,394,01007,,0,,0001,20,35.00000
7777,,Productions,394,03144,001,100,40.52918,001,100,47.52918
7778,,PACKING,424,00199,,0,,0001,4,1455.18250
7779,,PACKINGBATCH,424,02213,,0,,0001,4,155.00000
7780,,PACKINGBATCH,424,02222,,0,,0001,4,40.00000
7781,,PACKINGBATCH,424,03144,,0,,001,100,50.40734
7782,,PACKING,424,00199,0001,4,1455.18250,0001,4,1455.18350
7783,,PACKING,425,00163,,0,,001,4,1642.57250
7784,,PACKINGBATCH,425,02014,,0,,001,4,440.00000
7785,,PACKINGBATCH,425,02357,,0,,001,15,40.00000
7786,,PACKINGBATCH,425,03116,,0,,001,20,210.51741
7787,,PACKING,425,00163,001,4,1642.57250,001,4,1642.58705
7788,,Productions,396,03147,001,100,95.54791,001,100,95.54791
7789,,PRODUCTIONBATCH,396,01016,0001,100,10.00000,,0,
7790,,PRODUCTIONBATCH,396,01016,,0,,0001,10,10.00000
7791,,Productions,396,03147,001,100,95.54791,001,100,86.54791
7792,,PACKING,426,00209,,0,,0001,4,2528.69750
7793,,PACKINGBATCH,426,02234,,0,,0001,6,140.00000
7794,,PACKINGBATCH,426,03147,,0,,001,100,86.54792
7795,,PACKINGBATCH,426,02213,,0,,0001,4,155.00000
7796,,PACKING,426,00209,0001,4,2528.69750,0001,4,2528.69800
7803,,Productions,421,03001,,0,,0001,500,0.00000
7804,,PRODUCTIONBATCH,421,01016,,0,,0001,400,10.00000
7805,,PRODUCTIONBATCH,421,01042,,0,,001,1,167.00000
7806,,PRODUCTIONBATCH,421,01042,,0,,0001,4,168.72320
7807,,PRODUCTIONBATCH,421,01043,,0,,001,100,13.75000
7808,,PRODUCTIONBATCH,421,01050,,0,,001,0,3100.00000
7809,,Productions,421,03001,0001,500,0.00000,0001,500,17.41951
7810,,PACKING,427,00016,,0,,0001,20,590.48800
7811,,PACKINGBATCH,427,02032,,0,,0001,20,155.00000
7812,,PACKINGBATCH,427,03001,,0,,0001,500,17.41951
7813,,PACKING,427,00016,0001,20,590.48800,0001,20,590.48775
7814,,Productions,405,03018,001,60,86.79750,001,60,86.79750
7815,,Productions,405,03018,001,60,86.79750,001,60,86.79750
7816,,PACKING,428,00008,,0,,0001,600,32.20473
7817,,PACKINGBATCH,428,02020,,0,,0001,630,12.00000
7818,,PACKINGBATCH,428,03018,,0,,001,20,86.79750
7819,,PACKINGBATCH,428,03018,,0,,0001,40,87.35750
7820,,PACKINGBATCH,428,02010,,0,,001,630,8.00000
7821,,PACKINGBATCH,428,02006,,0,,001,7,213.00000
7822,,PACKING,428,00008,0001,600,32.20473,0001,600,32.20208
7823,,PACKING,429,00262,,0,,0001,300,13.14703
7824,,PACKINGBATCH,429,02319,,0,,0001,300,9.50000
7825,,PACKINGBATCH,429,03014,,0,,001,30,13.02298
7826,,PACKINGBATCH,429,02004,,0,,001,3,235.00000
7827,,PACKING,429,00262,0001,300,13.14703,0001,300,13.15230
7828,,PACKING,430,00022,,0,,0001,4,325.57500
7829,,PACKINGBATCH,430,03014,,0,,001,100,13.02298
7830,,PACKING,430,00022,0001,4,325.57500,0001,4,325.57450
7831,,Productions,399,03010,001,20,160.29770,001,20,160.29770
7832,,Productions,399,03010,001,20,160.29770,001,20,160.29770
7833,,PACKING,431,00201,,0,,0001,200,35.27010
7834,,PACKINGBATCH,431,02010,,0,,001,200,8.00000
7835,,PACKINGBATCH,431,02224,,0,,0001,200,11.50000
7836,,PACKINGBATCH,431,03010,,0,,170726,15,163.09770
7837,,PACKINGBATCH,431,02006,,0,,001,3,213.00000
7838,,PACKING,431,00201,0001,200,35.27010,0001,200,35.25352
7839,,Productions,400,03003,001,34,34.48551,001,34,34.48551
7840,,Productions,400,03003,001,34,34.48551,001,34,34.48551
7841,,Productions,400,03003,001,34,34.48551,001,34,34.48551
7842,,Productions,400,03003,001,34,34.48551,001,34,34.48551
7851,,Productions,422,03003,,0,,0001,34,0.00000
7852,,PRODUCTIONBATCH,422,01013,,0,,001,0,220.00000
7853,,PRODUCTIONBATCH,422,01022,,0,,0001,0,4000.00000
7854,,PRODUCTIONBATCH,422,01038,,0,,001,0,650.00000
7855,,PRODUCTIONBATCH,422,01043,,0,,001,0,13.75000
7856,,PRODUCTIONBATCH,422,01048,,0,,0001,0,1405.95140
7857,,PRODUCTIONBATCH,422,01056,,0,,0001,0,18697.38365
7858,,PRODUCTIONBATCH,422,01058,,0,,001,0,1450.00000
7859,,PRODUCTIONBATCH,422,01060,,0,,001,0,950.00000
7860,,Productions,422,03003,0001,34,0.00000,0001,34,34.48551
7861,,PACKING,432,00010,,0,,0001,100,26.39000
7862,,PACKINGBATCH,432,02018,,0,,0001,100,12.00000
7863,,PACKINGBATCH,432,03003,,0,,0001,10,34.48551
7864,,PACKINGBATCH,432,02010,,0,,001,110,8.00000
7865,,PACKINGBATCH,432,02006,,0,,001,1,213.00000
7866,,PACKING,432,00010,0001,100,26.39000,0001,100,26.37855
7867,,PACKING,433,00032,,0,,0001,24,286.98542
7868,,PACKINGBATCH,433,02097,,0,,001,24,230.00000
7869,,PACKINGBATCH,433,02385,,0,,001,30,18.00000
7870,,PACKINGBATCH,433,03003,,0,,0001,24,34.48551
7871,,PACKING,433,00032,0001,24,286.98542,0001,24,286.98551
7872,,Productions,401,03012,001,10,117.66000,001,10,117.66000
7873,,Productions,401,03012,001,10,117.66000,001,10,117.66000
7874,,PACKING,434,00013,,0,,0001,100,40.00260
7875,,PACKINGBATCH,434,02009,,0,,001,100,20.00000
7876,,PACKINGBATCH,434,02019,,0,,0001,100,11.50000
7877,,PACKINGBATCH,434,03012,,0,,001,10,61.58000
7878,,PACKINGBATCH,434,02004,,0,,001,1,235.00000
7879,,PACKING,434,00013,0001,100,40.00260,0001,100,40.00800
7880,,Productions,423,03011,,0,,0001,300,0.00000
7881,,PRODUCTIONBATCH,423,01010,,0,,0001,4,2800.00000
7882,,PRODUCTIONBATCH,423,01012,,0,,0001,0,4000.00000
7883,,PRODUCTIONBATCH,423,01013,,0,,001,4,220.00000
7884,,PRODUCTIONBATCH,423,01038,,0,,001,4,650.00000
7885,,PRODUCTIONBATCH,423,01043,,0,,001,1,13.75000
7886,,PRODUCTIONBATCH,423,01060,,0,,001,0,950.00000
7887,,PRODUCTIONBATCH,423,01184,,0,,001,15,367.00000
7888,,Productions,423,03011,0001,300,0.00000,0001,300,74.81875
7889,,PACKING,435,00052,,0,,0001,60,984.40133
7890,,PACKINGBATCH,435,02014,,0,,001,70,440.00000
7891,,PACKINGBATCH,435,02029,,0,,0001,80,20.00000
7892,,PACKINGBATCH,435,03011,,0,,0001,300,74.81875
7893,,PACKINGBATCH,435,02004,,0,,001,18,235.00000
7894,,PACKING,435,00052,0001,60,984.40133,0001,60,984.59375
7895,,PACKING,436,00257,,0,,0001,100,58.53120
7896,,PACKINGBATCH,436,02010,,0,,001,100,8.00000
7897,,PACKINGBATCH,436,02313,,0,,0001,100,11.50000
7898,,PACKINGBATCH,436,03179,,0,,001,10,347.48049
7899,,PACKINGBATCH,436,02006,,0,,001,2,213.00000
7900,,PACKING,436,00257,0001,100,58.53120,0001,100,58.50805
7901,,Productions,403,03121,001,100,11.33243,001,100,11.33243
7902,,Productions,403,03121,001,100,11.33243,001,100,11.33243
7903,,PACKING,437,00211,,0,,0001,20,713.46200
7904,,PACKINGBATCH,437,02014,,0,,001,5,440.00000
7905,,PACKINGBATCH,437,02014,,0,,0001,15,439.96853
7906,,PACKINGBATCH,437,02237,,0,,001,35,40.00000
7907,,PACKINGBATCH,437,03121,,0,,001,100,26.63243
7908,,PACKINGBATCH,437,02004,,0,,001,6,235.00000
7909,,PACKING,437,00211,0001,20,713.46200,0001,20,713.63855
7910,,PACKING,438,00247,,0,,0001,40,1216.23500
7911,,PACKINGBATCH,438,02014,,0,,0001,40,439.96853
7912,,PACKINGBATCH,438,02297,,0,,001,60,40.00000
7913,,PACKINGBATCH,438,03176,,0,,001,200,129.19193
7914,,PACKINGBATCH,438,02004,,0,,001,12,235.00000
7915,,PACKING,438,00247,0001,40,1216.23500,0001,40,1216.42818
7916,,Productions,424,03279,,0,,0001,100,0.00000
7917,,PRODUCTIONBATCH,424,01010,,0,,0001,1,2800.00000
7918,,PRODUCTIONBATCH,424,01012,,0,,0001,0,4000.00000
7919,,PRODUCTIONBATCH,424,01020,,0,,001,0,312.00000
7920,,PRODUCTIONBATCH,424,01020,,0,,0001,0,350.00000
7921,,PRODUCTIONBATCH,424,01041,,0,,001,0,560.00000
7922,,PRODUCTIONBATCH,424,01046,,0,,0001,1,13130.72776
7923,,PRODUCTIONBATCH,424,01058,,0,,001,0,1450.00000
7924,,PRODUCTIONBATCH,424,01184,,0,,001,10,367.00000
7925,,Productions,424,03279,0001,100,0.00000,0001,100,273.63992
7926,,PACKING,439,00390,,0,,0001,20,2066.74000
7927,,PACKINGBATCH,439,02014,,0,,0001,20,439.96853
7928,,PACKINGBATCH,439,02454,,0,,001,50,80.00000
7929,,PACKINGBATCH,439,03279,,0,,0001,100,273.63992
7930,,PACKINGBATCH,439,02004,,0,,001,5,235.00000
7931,,PACKING,439,00390,0001,20,2066.74000,0001,20,2066.91813
7932,,Productions,425,03280,,0,,0001,200,77.33480
7933,,PRODUCTIONBATCH,425,01023,,0,,0001,2,7043.77043
7934,,PRODUCTIONBATCH,425,01041,,0,,001,0,560.00000
7935,,PRODUCTIONBATCH,425,01045,,0,,001,2,350.00000
7936,,PRODUCTIONBATCH,425,01050,,0,,001,0,3100.00000
7937,,Productions,425,03280,0001,200,77.33480,0001,200,76.79770
7938,,PACKING,440,00391,,0,,0001,40,1049.22925
7939,,PACKINGBATCH,440,02014,,0,,0001,45,439.96853
7940,,PACKINGBATCH,440,02455,,0,,001,50,80.00000
7941,,PACKINGBATCH,440,03280,,0,,0001,200,76.79770
7942,,PACKINGBATCH,440,02004,,0,,001,12,235.00000
7943,,PACKING,440,00391,0001,40,1049.22925,0001,40,1049.45310
7944,,Productions,426,03277,,0,,0001,60,252.95450
7945,,PRODUCTIONBATCH,426,01009,,0,,001,6,2200.00000
7946,,PRODUCTIONBATCH,426,01028,,0,,0001,0,1650.00000
7947,,PRODUCTIONBATCH,426,01041,,0,,001,0,560.00000
7948,,PRODUCTIONBATCH,426,01058,,0,,001,0,1450.00000
7949,,Productions,426,03277,0001,60,252.95450,0001,60,252.79000
7950,,PACKING,441,00388,,0,,0001,60,529.45667
7951,,PACKINGBATCH,441,02097,,0,,001,60,230.00000
7952,,PACKINGBATCH,441,02452,,0,,001,70,40.00000
7953,,PACKINGBATCH,441,03277,,0,,0001,60,252.79000
7954,,PACKING,441,00388,0001,60,529.45667,0001,60,529.45667
7955,,Productions,427,03278,,0,,0001,60,247.15433
7956,,PRODUCTIONBATCH,427,01009,,0,,001,6,2200.00000
7957,,PRODUCTIONBATCH,427,01028,,0,,0001,0,1650.00000
7958,,PRODUCTIONBATCH,427,01041,,0,,001,0,560.00000
7959,,Productions,427,03278,0001,60,247.15433,0001,60,246.99000
7960,,PACKING,442,00389,,0,,0001,60,523.65667
7961,,PACKINGBATCH,442,02097,,0,,001,60,230.00000
7962,,PACKINGBATCH,442,02453,,0,,001,70,40.00000
7963,,PACKINGBATCH,442,03278,,0,,0001,60,246.99000
7964,,PACKING,442,00389,0001,60,523.65667,0001,60,523.65667
7965,,Productions,428,03276,,0,,0001,60,79.90700
7966,,PRODUCTIONBATCH,428,01017,,0,,0001,0,3370.67997
7967,,PRODUCTIONBATCH,428,01031,,0,,001,0,6500.00000
7968,,PRODUCTIONBATCH,428,01036,,0,,0001,0,750.00000
7969,,PRODUCTIONBATCH,428,01041,,0,,001,0,560.00000
7970,,PRODUCTIONBATCH,428,01048,,0,,0001,0,1405.95140
7971,,Productions,428,03276,0001,60,79.90700,0001,60,81.94921
7972,,PurchasesBatch,217,02451,001,70,40.00000,,0,
7973,,PurchasesBatch,217,02459,,0,,0001,70,40.00000
7974,,PACKING,443,00395,,0,,0001,60,358.61583
7975,,PACKINGBATCH,443,02097,,0,,001,60,230.00000
7976,,PACKINGBATCH,443,02459,,0,,0001,70,40.00000
7977,,PACKINGBATCH,443,03276,,0,,0001,60,81.94921
7978,,PACKING,443,00395,0001,60,358.61583,0001,60,358.61588
7979,,PurchasesBatch,224,02014,,0,,0001,204,440.00000
7980,,PurchasesBatch,225,02004,,0,,0001,39,227.00000
7981,,Productions,429,03020,,0,,0001,500,54.52266
7982,,PRODUCTIONBATCH,429,01010,,0,,0001,1,2800.00000
7983,,PRODUCTIONBATCH,429,01012,,0,,0001,0,4000.00000
7984,,PRODUCTIONBATCH,429,01020,,0,,0001,25,350.00000
7985,,PRODUCTIONBATCH,429,01041,,0,,001,2,560.00000
7986,,PRODUCTIONBATCH,429,01046,,0,,0001,0,13130.72776
7987,,PRODUCTIONBATCH,429,01184,,0,,001,10,367.00000
7988,,PRODUCTIONBATCH,429,01184,,0,,0001,9,366.66667
7989,,Productions,429,03020,0001,500,54.52266,0001,500,54.34459
7990,,PACKING,444,00047,,0,,0001,100,845.89040
7991,,PACKINGBATCH,444,02014,,0,,0001,110,439.98329
7992,,PACKINGBATCH,444,02026,,0,,0001,140,18.00000
7993,,PACKINGBATCH,444,03020,,0,,0001,500,54.34459
7994,,PACKINGBATCH,444,02004,,0,,001,20,235.00000
7995,,PACKINGBATCH,444,02004,,0,,0001,8,231.58649
7996,,PACKING,444,00047,0001,100,845.89040,0001,100,846.43149
7997,,Productions,430,03106,,0,,0001,100,148.78900
7998,,PRODUCTIONBATCH,430,01013,,0,,001,1,220.00000
7999,,PRODUCTIONBATCH,430,01022,,0,,0001,0,4000.00000
8000,,PRODUCTIONBATCH,430,01038,,0,,001,20,650.00000
8001,,PRODUCTIONBATCH,430,01043,,0,,001,0,13.75000
8002,,PRODUCTIONBATCH,430,01048,,0,,0001,0,1405.95140
8003,,PRODUCTIONBATCH,430,01056,,0,,0001,0,18697.38365
8004,,PRODUCTIONBATCH,430,01060,,0,,001,0,950.00000
8005,,Productions,430,03106,0001,100,148.78900,0001,100,148.86396
8006,,PACKING,445,00150,,0,,0001,20,1313.77950
8007,,PACKINGBATCH,445,02014,,0,,0001,20,439.98329
8008,,PACKINGBATCH,445,02163,,0,,001,30,40.00000
8009,,PACKINGBATCH,445,03106,,0,,0001,100,148.86396
8010,,PACKINGBATCH,445,02004,,0,,0001,6,231.58649
8011,,PACKING,445,00150,0001,20,1313.77950,0001,20,1313.77904
8012,,Productions,431,03097,,0,,0001,500,116.82042
8013,,PRODUCTIONBATCH,431,01009,,0,,001,1,2200.00000
8014,,PRODUCTIONBATCH,431,01020,,0,,0001,100,350.00000
8015,,PRODUCTIONBATCH,431,01028,,0,,0001,2,1650.00000
8016,,PRODUCTIONBATCH,431,01038,,0,,001,20,650.00000
8017,,PRODUCTIONBATCH,431,01186,,0,,001,15,70.00000
8018,,PRODUCTIONBATCH,431,01187,,0,,0001,5,387.09074
8019,,Productions,431,03097,0001,500,116.82042,0001,500,116.82091
8020,,PACKING,446,00137,,0,,0001,20,4075.96800
8021,,PACKINGBATCH,446,02128,,0,,0001,20,1065.44493
8022,,PACKINGBATCH,446,02146,,0,,001,20,90.00000
8023,,PACKINGBATCH,446,03097,,0,,0001,500,116.82091
8024,,PACKING,446,00137,0001,20,4075.96800,0001,20,4075.96768
8025,,Productions,432,03054,,0,,0001,120,44.69642
8026,,PRODUCTIONBATCH,432,01031,,0,,001,0,6500.00000
8027,,PRODUCTIONBATCH,432,01048,,0,,0001,0,1405.95140
8028,,Productions,432,03054,0001,120,44.69642,0001,120,46.02976
8029,,PACKING,447,00138,,0,,0001,24,737.67833
8030,,PACKINGBATCH,447,02014,,0,,0001,24,439.98329
8031,,PACKINGBATCH,447,03054,,0,,0001,120,46.02976
8032,,PACKINGBATCH,447,02004,,0,,0001,7,231.58649
8033,,PACKING,447,00138,0001,24,737.67833,0001,24,737.67815
8034,,Productions,433,03261,,0,,0001,250,56.11084
8035,,PRODUCTIONBATCH,433,01009,,0,,001,2,2200.00000
8036,,PRODUCTIONBATCH,433,01020,,0,,0001,10,350.00000
8037,,PRODUCTIONBATCH,433,01028,,0,,0001,1,1650.00000
8038,,PRODUCTIONBATCH,433,01038,,0,,001,5,650.00000
8039,,PRODUCTIONBATCH,433,01186,,0,,001,7,70.00000
8040,,PRODUCTIONBATCH,433,01187,,0,,0001,0,387.09074
8041,,Productions,433,03261,0001,250,56.11084,0001,250,56.11127
8042,,PACKING,448,00365,,0,,0001,10,2508.22700
8043,,PACKINGBATCH,448,02128,,0,,0001,10,1065.44493
8044,,PACKINGBATCH,448,02428,,0,,001,10,40.00000
8045,,PACKINGBATCH,448,03261,,0,,0001,250,56.11127
8046,,PACKING,448,00365,0001,10,2508.22700,0001,10,2508.22668
8047,,Productions,434,03260,,0,,0001,60,52.31500
8048,,PRODUCTIONBATCH,434,01045,,0,,001,1,350.00000
8049,,PRODUCTIONBATCH,434,01052,,0,,0001,0,14500.00000
8050,,PRODUCTIONBATCH,434,01053,,0,,0001,0,17499.52012
8051,,PRODUCTIONBATCH,434,01055,,0,,0001,0,1549.98681
8052,,PRODUCTIONBATCH,434,01056,,0,,0001,0,18697.38365
8053,,Productions,434,03260,0001,60,52.31500,0001,60,51.59793
8054,,PACKING,449,00364,,0,,0001,12,841.83583
8055,,PACKINGBATCH,449,02014,,0,,0001,12,439.98329
8056,,PACKINGBATCH,449,02427,,0,,001,20,40.00000
8057,,PACKINGBATCH,449,03260,,0,,0001,60,51.59793
8058,,PACKINGBATCH,449,02004,,0,,0001,4,231.58649
8059,,PACKING,449,00364,0001,12,841.83583,0001,12,841.83510
8060,,Productions,435,03256,,0,,0001,60,63.16483
8061,,PRODUCTIONBATCH,435,01010,,0,,0001,0,2800.00000
8062,,PRODUCTIONBATCH,435,01012,,0,,0001,0,4000.00000
8063,,PRODUCTIONBATCH,435,01020,,0,,0001,0,350.00000
8064,,PRODUCTIONBATCH,435,01041,,0,,001,0,560.00000
8065,,PRODUCTIONBATCH,435,01046,,0,,0001,0,13130.72776
8066,,PRODUCTIONBATCH,435,01184,,0,,0001,3,366.66667
8067,,Productions,435,03256,0001,60,63.16483,0001,60,62.98479
8068,,PACKING,450,00360,,0,,0001,12,898.77000
8069,,PACKINGBATCH,450,02014,,0,,0001,12,439.98329
8070,,PACKINGBATCH,450,02423,,0,,001,20,40.00000
8071,,PACKINGBATCH,450,03256,,0,,0001,60,62.98479
8072,,PACKINGBATCH,450,02004,,0,,0001,4,231.58649
8073,,PACKING,450,00360,0001,12,898.77000,0001,12,898.76940
8074,,Productions,436,03269,,0,,0001,60,142.11433
8075,,PRODUCTIONBATCH,436,01002,,0,,0001,6,277.57357
8076,,PRODUCTIONBATCH,436,01034,,0,,0001,1,559.14782
8077,,PRODUCTIONBATCH,436,01044,,0,,001,1,128.00000
8078,,PRODUCTIONBATCH,436,01045,,0,,001,3,350.00000
8079,,PRODUCTIONBATCH,436,01055,,0,,0001,3,1549.98681
8080,,PRODUCTIONBATCH,436,01073,,0,,001,0,400.00000
8081,,Productions,436,03269,0001,60,142.11433,0001,60,140.33539
8082,,PACKING,451,00376,,0,,0001,12,1285.52250
8083,,PACKINGBATCH,451,02014,,0,,0001,12,439.98329
8084,,PACKINGBATCH,451,02439,,0,,001,20,40.00000
8085,,PACKINGBATCH,451,03269,,0,,0001,60,140.33539
8086,,PACKINGBATCH,451,02004,,0,,0001,4,231.58649
8087,,PACKING,451,00376,0001,12,1285.52250,0001,12,1285.52240
8088,,Productions,437,03104,,0,,0001,625,14.30973
8089,,PRODUCTIONBATCH,437,01009,,0,,001,3,2200.00000
8090,,PRODUCTIONBATCH,437,01020,,0,,0001,5,350.00000
8091,,PRODUCTIONBATCH,437,01060,,0,,001,0,950.00000
8092,,Productions,437,03104,0001,625,14.30973,0001,625,14.31000
8093,,PACKING,452,00147,,0,,0001,25,1471.19480
8094,,PACKINGBATCH,452,02128,,0,,0001,25,1065.44493
8095,,PACKINGBATCH,452,02160,,0,,0001,30,40.00000
8096,,PACKINGBATCH,452,03104,,0,,0001,625,14.31000
8097,,PACKING,452,00147,0001,25,1471.19480,0001,25,1471.19493
8098,,Productions,438,03002,,0,,0001,1000,11.50000
8099,,PRODUCTIONBATCH,438,01190,,0,,0001,1000,11.50000
8100,,Productions,438,03002,0001,1000,11.50000,0001,1000,11.50000
8101,,PACKING,453,00019,,0,,0001,40,377.50000
8102,,PACKINGBATCH,453,02034,,0,,001,40,100.00000
8103,,PACKINGBATCH,453,03002,,0,,0001,1000,11.50000
8104,,PACKING,453,00019,0001,40,377.50000,0001,40,387.50000
8105,,Productions,439,03136,,0,,0001,500,33.90176
8106,,PRODUCTIONBATCH,439,01003,,0,,001,400,13.00000
8107,,PRODUCTIONBATCH,439,01059,,0,,0001,150,72.44776
8108,,PRODUCTIONBATCH,439,01015,,0,,0001,50,17.00000
8109,,Productions,439,03136,0001,500,33.90176,0001,500,33.83433
8110,,PACKING,454,00191,,0,,0001,20,985.85850
8111,,PACKINGBATCH,454,02214,,0,,001,20,140.00000
8112,,PACKINGBATCH,454,03136,,0,,0001,500,33.83433
8113,,PACKING,454,00191,0001,20,985.85850,0001,20,985.85825
8114,,Productions,440,03244,,0,,0001,1250,15.12000
8115,,PRODUCTIONBATCH,440,01015,,0,,0001,300,17.00000
8116,,PRODUCTIONBATCH,440,01143,,0,,0001,1,3200.00000
8117,,PRODUCTIONBATCH,440,01016,,0,,0001,900,10.00000
8118,,Productions,440,03244,0001,1250,15.12000,0001,1250,15.12000
8119,,PACKING,455,00343,,0,,0001,50,378.00000
8120,,PACKINGBATCH,455,03244,,0,,0001,1250,15.12000
8121,,PACKING,455,00343,0001,50,378.00000,0001,50,378.00000
8122,,PurchasesBatch,226,01044,,0,,0001,50,128.00000
8123,,PurchasesBatch,227,02015,,0,,0001,150,350.00000
8124,,PurchasesBatch,228,02126,,0,,0001,40,140.00000
8125,,Productions,441,03087,,0,,0001,2950,21.05499
8126,,PRODUCTIONBATCH,441,01009,,0,,001,0,2200.00000
8127,,PRODUCTIONBATCH,441,01013,,0,,001,0,220.00000
8128,,PRODUCTIONBATCH,441,01016,,0,,0001,2360,10.00000
8129,,PRODUCTIONBATCH,441,01043,,0,,001,590,13.75000
8130,,PRODUCTIONBATCH,441,01050,,0,,001,3,3100.00000
8131,,PRODUCTIONBATCH,441,01052,,0,,0001,0,14500.00000
8132,,PRODUCTIONBATCH,441,01053,,0,,0001,0,17499.52012
8133,,PRODUCTIONBATCH,441,01054,,0,,0001,0,17499.10934
8134,,PRODUCTIONBATCH,441,01143,,0,,0001,1,3200.00000
8135,,Productions,441,03087,0001,2950,21.05499,0001,2950,21.06386
8136,,PACKING,456,00125,,0,,0001,40,633.26675
8137,,PACKINGBATCH,456,02126,,0,,0001,38,140.00000
8138,,PACKINGBATCH,456,03087,,0,,0001,950,21.06386
8139,,PACKING,456,00125,0001,40,633.26675,0001,40,633.26668
8140,,PACKING,457,00126,,0,,0001,2000,56.95869
8141,,PACKINGBATCH,457,02125,,0,,001,2000,33.00000
8142,,PACKINGBATCH,457,03087,,0,,0001,2000,21.06386
8143,,PACKINGBATCH,457,02004,,0,,0001,25,231.58649
8144,,PACKING,457,00126,0001,2000,56.95869,0001,2000,56.95869
8145,,Productions,442,03182,,0,,001,500,19.60500
8146,,PRODUCTIONBATCH,442,01009,,0,,001,0,2200.00000
8147,,PRODUCTIONBATCH,442,01013,,0,,001,0,220.00000
8148,,PRODUCTIONBATCH,442,01016,,0,,0001,400,10.00000
8149,,PRODUCTIONBATCH,442,01043,,0,,001,96,13.75000
8150,,PRODUCTIONBATCH,442,01043,,0,,0001,3,13.75000
8151,,PRODUCTIONBATCH,442,01050,,0,,001,0,3100.00000
8152,,PRODUCTIONBATCH,442,01053,,0,,0001,0,17499.52012
8153,,PRODUCTIONBATCH,442,01054,,0,,0001,0,17499.10934
8154,,PRODUCTIONBATCH,442,01143,,0,,0001,0,3200.00000
8155,,Productions,442,03182,001,500,19.60500,001,500,19.61386
8156,,PACKING,458,00265,,0,,0001,500,58.87732
8157,,PACKINGBATCH,458,02315,,0,,0001,500,30.00000
8158,,PACKINGBATCH,458,03182,,0,,001,500,19.61386
8159,,PACKINGBATCH,458,02004,,0,,0001,20,231.58649
8160,,PACKING,458,00265,0001,500,58.87732,0001,500,58.87732
8161,,Productions,443,03014,,0,,0001,1625,13.05007
8162,,PRODUCTIONBATCH,443,01003,,0,,001,135,13.00000
8163,,PRODUCTIONBATCH,443,01003,,0,,0001,1489,13.10015
8164,,Productions,443,03014,0001,1625,13.05007,0001,1625,13.09180
8165,,PACKING,459,00262,,0,,0001,100,22.38850
8166,,PACKINGBATCH,459,02319,,0,,0001,100,9.50000
8167,,PACKINGBATCH,459,03014,,0,,0001,10,13.09180
8168,,PACKINGBATCH,459,02004,,0,,0001,5,231.58649
8169,,PACKING,459,00262,0001,100,22.38850,0001,100,22.38851
8170,,PACKING,460,00022,,0,,0001,62,327.29500
8171,,PACKINGBATCH,460,03014,,0,,0001,1550,13.09180
8172,,PACKING,460,00022,0001,62,327.29500,0001,62,327.29500
8173,,Productions,444,03046,,0,,0001,1750,10.13100
8174,,PRODUCTIONBATCH,444,01003,,0,,0001,17,13.10015
8175,,PRODUCTIONBATCH,444,01016,,0,,0001,1750,10.00000
8176,,Productions,444,03046,0001,1750,10.13100,0001,1750,10.13100
8177,,PACKING,461,00220,,0,,0001,70,297.42529
8178,,PACKINGBATCH,461,02258,,0,,0001,70,44.15027
8179,,PACKINGBATCH,461,03046,,0,,0001,1750,10.13100
8180,,PACKING,461,00220,0001,70,297.42529,0001,70,297.42527
8181,,Productions,445,03264,,0,,0001,57,427.18316
8182,,PRODUCTIONBATCH,445,01065,,0,,0001,57,265.00000
8183,,PRODUCTIONBATCH,445,01075,,0,,001,0,5000.00000
8184,,PRODUCTIONBATCH,445,01189,,0,,001,11,650.00000
8185,,Productions,445,03264,0001,57,427.18316,0001,57,420.00000
8186,,PACKING,462,00369,,0,,0001,480,150.00000
8187,,PACKINGBATCH,462,02433,,0,,0001,480,150.00000
8188,,PACKING,462,00369,0001,480,150.00000,0001,480,150.00000
8189,,Productions,446,03002,,0,,0001,1000,11.50000
8190,,PRODUCTIONBATCH,446,01190,,0,,0001,1000,11.50000
8191,,Productions,446,03002,0001,1000,11.50000,0001,1000,11.50000
8192,,PACKING,463,00019,,0,,0001,40,377.50000
8193,,PACKINGBATCH,463,02034,,0,,001,40,100.00000
8194,,PACKINGBATCH,463,03002,,0,,0001,1000,11.50000
8195,,PACKING,463,00019,0001,40,377.50000,0001,40,387.50000
8196,,Productions,447,03163,,0,,0001,125,10.00000
8197,,PRODUCTIONBATCH,447,01016,,0,,0001,125,10.00000
8198,,Productions,447,03163,0001,125,10.00000,0001,125,10.00000
8199,,PRODUCTIONBATCH,447,01016,0001,125,10.00000,,0,
8200,,Production,447,03163,0001,125,10.00000,,0,
8201,,Productions,447,03163,,0,,220726,1,2000.00000
8202,,PRODUCTIONBATCH,447,01016,,0,,0001,200,10.00000
8203,,Productions,447,03163,220726,1,2000.00000,220726,1,2000.00000
8204,,PRODUCTIONBATCH,447,01016,0001,200,10.00000,,0,
8205,,Production,447,03163,220726,1,2000.00000,,0,
8206,,Productions,447,03163,,0,,0001,200,10.00000
8207,,PRODUCTIONBATCH,447,01016,,0,,0001,200,10.00000
8208,,Productions,447,03163,0001,200,10.00000,0001,200,10.00000
8209,,PACKING,464,00231,,0,,0001,8,250.00000
8210,,PACKINGBATCH,464,03163,,0,,0001,200,10.00000
8211,,PACKING,464,00231,0001,8,250.00000,0001,8,250.00000
8212,,PurchasesBatch,229,01044,,0,,0001,25,128.00000
8213,,PurchasesBatch,230,02091,,0,,0001,64,40.00000
8214,,PurchasesBatch,230,02293,,0,,0001,15,40.00000
8215,,PurchasesBatch,230,02031,,0,,0001,30,40.00000
8216,,PurchasesBatch,230,02457,,0,,0001,55,80.00000
8217,,Productions,448,03014,,0,,0001,750,13.10015
8218,,PRODUCTIONBATCH,448,01003,,0,,0001,750,13.10015
8219,,Productions,448,03014,0001,750,13.10015,0001,750,13.10015
8220,,Productions,449,03003,,0,,0001,120,0.00000
8221,,PRODUCTIONBATCH,449,01013,,0,,001,1,220.00000
8222,,PRODUCTIONBATCH,449,01022,,0,,0001,0,4000.00000
8223,,PRODUCTIONBATCH,449,01038,,0,,001,1,650.00000
8224,,PRODUCTIONBATCH,449,01043,,0,,0001,0,13.75000
8225,,PRODUCTIONBATCH,449,01048,,0,,0001,0,1405.95140
8226,,PRODUCTIONBATCH,449,01056,,0,,0001,0,18697.38365
8227,,PRODUCTIONBATCH,449,01060,,0,,001,0,950.00000
8228,,Productions,449,03003,0001,120,0.00000,0001,120,27.23551
8229,,PACKING,465,00032,,0,,0001,120,286.81483
8230,,PACKINGBATCH,465,02097,,0,,001,120,230.00000
8231,,PACKINGBATCH,465,02385,,0,,001,120,18.00000
8232,,PACKINGBATCH,465,03003,,0,,0001,120,27.23551
8233,,PACKINGBATCH,465,02004,,0,,0001,6,231.58649
8234,,PACKING,465,00032,0001,120,286.81483,0001,120,286.81484
8235,,Productions,450,03163,,0,,0001,400,10.00000
8236,,PRODUCTIONBATCH,450,01016,,0,,0001,400,10.00000
8237,,Productions,450,03163,0001,400,10.00000,0001,400,10.00000
8238,,Productions,450,03163,0001,400,10.00000,0001,400,10.00000
8239,,Productions,450,03163,0001,400,10.00000,0001,400,10.00000
8240,,PACKING,466,00248,,0,,0001,25,40.00000
8241,,PACKINGBATCH,466,02299,,0,,0001,25,30.00000
8242,,PACKINGBATCH,466,03163,,0,,0001,25,10.00000
8243,,PACKING,466,00248,0001,25,40.00000,0001,25,40.00000
8244,,PACKING,467,00231,,0,,0001,15,250.00000
8245,,PACKINGBATCH,467,03163,,0,,0001,375,10.00000
8246,,PACKING,467,00231,0001,15,250.00000,0001,15,250.00000
8247,,Productions,451,03118,,0,,0001,90,113.70633
8248,,PRODUCTIONBATCH,451,01047,,0,,001,87,71.95003
8249,,PRODUCTIONBATCH,451,01047,,0,,0001,3,73.98444
8250,,PRODUCTIONBATCH,451,01055,,0,,0001,2,1549.98681
8251,,PRODUCTIONBATCH,451,01073,,0,,001,0,400.00000
8252,,PRODUCTIONBATCH,451,01105,,0,,0001,0,414.58858
8253,,Productions,451,03118,0001,90,113.70633,0001,90,112.79669
8254,,PACKING,468,00030,,0,,0001,900,28.27967
8255,,PACKINGBATCH,468,02191,,0,,0001,900,17.00000
8256,,PACKINGBATCH,468,03118,,0,,0001,90,112.79669
8257,,PACKING,468,00030,0001,900,28.27967,0001,900,28.27967
8258,,Productions,452,03019,,0,,0001,325,40.52917
8259,,PRODUCTIONBATCH,452,01003,,0,,0001,162,13.10015
8260,,PRODUCTIONBATCH,452,01033,,0,,0001,32,50.00000
8261,,PRODUCTIONBATCH,452,01059,,0,,0001,130,72.44776
8262,,Productions,452,03019,0001,325,40.52917,0001,325,40.52918
8263,,PACKING,469,00040,,0,,0001,13,1053.22923
8264,,PACKINGBATCH,469,02042,,0,,0001,13,40.00000
8265,,PACKINGBATCH,469,03019,,0,,0001,325,40.52918
8266,,PACKING,469,00040,0001,13,1053.22923,0001,13,1053.22950
8267,,Productions,453,03092,,0,,0001,48,159.93771
8268,,PRODUCTIONBATCH,453,01050,,0,,001,0,3100.00000
8269,,PRODUCTIONBATCH,453,01055,,0,,0001,0,1549.98681
8270,,PRODUCTIONBATCH,453,01056,,0,,0001,0,18697.38365
8271,,PRODUCTIONBATCH,453,01058,,0,,001,0,1450.00000
8272,,PRODUCTIONBATCH,453,01060,,0,,001,0,950.00000
8273,,PRODUCTIONBATCH,453,01072,,0,,0001,0,9500.00000
8274,,Productions,453,03092,0001,48,159.93771,0001,48,159.93853
8275,,PACKING,470,00122,,0,,0001,48,429.93854
8276,,PACKINGBATCH,470,02091,,0,,0001,48,40.00000
8277,,PACKINGBATCH,470,02097,,0,,001,48,230.00000
8278,,PACKINGBATCH,470,03092,,0,,0001,48,159.93853
8279,,PACKING,470,00122,0001,48,429.93854,0001,48,429.93853
8280,,Productions,454,03183,,0,,0001,40,67.10000
8281,,PRODUCTIONBATCH,454,01010,,0,,0001,0,2800.00000
8282,,PRODUCTIONBATCH,454,01020,,0,,0001,0,350.00000
8283,,PRODUCTIONBATCH,454,01021,,0,,001,0,340.00000
8284,,PRODUCTIONBATCH,454,01041,,0,,001,0,560.00000
8285,,PRODUCTIONBATCH,454,01045,,0,,001,0,350.00000
8286,,PRODUCTIONBATCH,454,01058,,0,,001,0,1450.00000
8287,,PRODUCTIONBATCH,454,01058,,0,,0001,0,1450.05753
8288,,PRODUCTIONBATCH,454,01105,,0,,0001,0,414.58858
8289,,PRODUCTIONBATCH,454,01184,,0,,0001,2,366.66667
8290,,Productions,454,03183,0001,40,67.10000,0001,40,65.96194
8291,,PACKING,471,00337,,0,,0001,40,295.96200
8292,,PACKINGBATCH,471,02097,,0,,001,40,230.00000
8293,,PACKINGBATCH,471,03183,,0,,0001,40,65.96194
8294,,PACKING,471,00337,0001,40,295.96200,0001,40,295.96194
8295,,Productions,455,03281,,0,,0001,200,1.60000
8296,,PRODUCTIONBATCH,455,01012,,0,,0001,0,4000.00000
8297,,Productions,455,03281,0001,200,1.60000,0001,200,1.60000
8298,,PACKING,472,00393,,0,,0001,40,527.98325
8299,,PACKINGBATCH,472,02014,,0,,0001,40,439.98329
8300,,PACKINGBATCH,472,02457,,0,,0001,40,80.00000
8301,,PACKINGBATCH,472,03281,,0,,0001,200,1.60000
8302,,PACKING,472,00393,0001,40,527.98325,0001,40,527.98329
8303,,PurchasesBatch,231,01020,,0,,0001,140,312.00000
8304,,PACKING,473,00020,,0,,0001,325,43.09948
8305,,PACKINGBATCH,473,02051,,0,,0001,325,30.00000
8306,,PACKINGBATCH,473,03014,,0,,0001,325,13.09948
8307,,PACKING,473,00020,0001,325,43.09948,0001,325,43.09948
8308,,PACKING,474,00022,,0,,0001,12,327.48667
8309,,PACKINGBATCH,474,03014,,0,,0001,300,13.09948
8310,,PACKING,474,00022,0001,12,327.48667,0001,12,327.48700
8311,,PACKING,475,00262,,0,,0001,1000,10.80995
8312,,PACKINGBATCH,475,02319,,0,,0001,1000,9.50000
8313,,PACKINGBATCH,475,03014,,0,,0001,100,13.09948
8314,,PACKING,475,00262,0001,1000,10.80995,0001,1000,10.80995
8315,,Productions,456,03002,,0,,0001,625,0.00000
8316,,PRODUCTIONBATCH,456,01190,,0,,0001,100,11.50000
8317,,Productions,456,03002,0001,625,0.00000,0001,625,1.84000
8318,,PACKING,476,00019,,0,,0001,25,0.00000
8319,,PACKINGBATCH,476,02034,,0,,001,25,100.00000
8320,,PACKINGBATCH,476,03002,,0,,0001,625,1.84000
8321,,PACKING,476,00019,0001,25,0.00000,0001,25,146.00000
8322,,PurchasesBatch,230,02460,,0,,0001,30,40.00000
8323,,PurchasesBatch,232,02014,,0,,0001,255,440.00000
8324,,Productions,457,03283,,0,,0001,100,164.05440
8325,,PRODUCTIONBATCH,457,01010,,0,,0001,1,2800.00000
8326,,PRODUCTIONBATCH,457,01012,,0,,0001,0,4000.00000
8327,,PRODUCTIONBATCH,457,01020,,0,,0001,1,314.70791
8328,,PRODUCTIONBATCH,457,01046,,0,,0001,1,13130.72776
8329,,Productions,457,03283,0001,100,164.05440,0001,100,164.05436
8330,,PACKING,477,00396,,0,,0001,20,1300.26450
8331,,PACKINGBATCH,477,02014,,0,,0001,20,439.99255
8332,,PACKINGBATCH,477,02460,,0,,0001,20,40.00000
8333,,PACKINGBATCH,477,03283,,0,,0001,100,164.05436
8334,,PACKING,477,00396,0001,20,1300.26450,0001,20,1300.26435
8335,,PurchasesBatch,233,02146,,0,,0001,40,90.00000
8336,,PurchasesBatch,233,02151,,0,,0001,1008,33.00000
8337,,PurchasesBatch,234,02014,,0,,0001,300,440.00000
8338,,PurchasesBatch,235,02128,,0,,0001,300,1070.00000
8339,,Productions,458,03097,,0,,0001,1000,21.36080
8340,,PRODUCTIONBATCH,458,01009,,0,,001,3,2200.00000
8341,,PRODUCTIONBATCH,458,01028,,0,,0001,5,1650.00000
8342,,PRODUCTIONBATCH,458,01038,,0,,001,5,650.00000
8343,,PRODUCTIONBATCH,458,01186,,0,,001,30,70.00000
8344,,PRODUCTIONBATCH,458,01187,,0,,0001,3,387.09074
8345,,Productions,458,03097,0001,1000,21.36080,0001,1000,21.36127
8346,,PACKING,478,00137,,0,,0001,40,1693.64300
8347,,PACKINGBATCH,478,02128,,0,,0001,40,1069.61115
8348,,PACKINGBATCH,478,02146,,0,,0001,40,90.00000
8349,,PACKINGBATCH,478,03097,,0,,0001,1000,21.36127
8350,,PACKING,478,00137,0001,40,1693.64300,0001,40,1693.64290
8351,,Productions,459,03253,,0,,0001,250,8.25008
8352,,PRODUCTIONBATCH,459,01003,,0,,0001,125,13.10015
8353,,PRODUCTIONBATCH,459,01007,,0,,0001,5,35.00000
8354,,PRODUCTIONBATCH,459,01033,,0,,0001,5,50.00000
8355,,Productions,459,03253,0001,250,8.25008,0001,250,8.25008
8356,,PACKING,479,00357,,0,,0001,10,253.88400
8357,,PACKINGBATCH,479,02420,,0,,0001,10,47.63222
8358,,PACKINGBATCH,479,03253,,0,,0001,250,8.25008
8359,,PACKING,479,00357,0001,10,253.88400,0001,10,253.88422
8360,,PurchasesBatch,233,02461,,0,,0001,150,40.00000
8361,,Productions,460,03284,,0,,0001,400,3.85848
8362,,PRODUCTIONBATCH,460,01045,,0,,001,4,350.00000
8363,,Productions,460,03284,0001,400,3.85848,0001,400,3.50000
8364,,PACKING,480,00397,,0,,0001,80,497.49563
8365,,PACKINGBATCH,480,02014,,0,,0001,80,439.99557
8366,,PACKINGBATCH,480,02461,,0,,0001,80,40.00000
8367,,PACKINGBATCH,480,03284,,0,,0001,400,3.50000
8368,,PACKING,480,00397,0001,80,497.49563,0001,80,497.49557
8369,,SALESBATCH,157,00265,,0,,001,200,63.90694
8370,,SALESBATCH,157,00032,,0,,0001,60,285.00729
8371,,SALESBATCH,158,00020,,0,,001,200,56.29715
8372,,SALESBATCH,158,00265,,0,,001,250,63.90694
8373,,SALESBATCH,159,00259,,0,,001,20,286.54080
8374,,SALESBATCH,159,00259,,0,,0001,430,19.74725
8375,,SALESBATCH,159,00369,,0,,001,119,473.37149
8376,,SALESBATCH,159,00369,,0,,0001,73,222.94897
8377,,SALESBATCH,160,00078,,0,,001,200,327.50375
8378,,OpeningBatch,81,00019,0001,56,1440.00000,0001,56,1440.00000
8379,,OpeningBatch,101,00363,0001,934,14000.00000,0001,934,14000.00000
8380,,OpeningBatch,102,00357,0001,2,10000.00000,0001,2,10000.00000
8381,,OpeningBatch,103,00053,0001,4,9000.00000,0001,4,9000.00000
8382,,OpeningBatch,108,00124,0001,160,5000.00000,0001,160,5000.00000
8383,,OpeningBatch,111,00369,0001,5080,300.00000,0001,5080,300.00000
8384,,OpeningBatch,113,00010,0001,500,70.00000,0001,500,70.00000
8385,,OpeningBatch,114,00008,0001,500,64.00000,0001,500,64.00000
8386,,OpeningBatch,115,00264,001,10,1500.00000,001,10,1500.00000
8387,,OpeningBatch,116,00398,,0,,0001,40,3000.00000
8388,,SALESBATCH,161,00398,,0,,0001,40,3000.00000
8389,,SALESBATCH,162,00032,,0,,0001,60,285.00729
8390,,SALESBATCH,162,00037,,0,,001,1,1289.62475
8391,,SALESBATCH,162,00231,,0,,001,1,355.00000
8392,,SALESBATCH,163,00010,,0,,001,400,25.45255
8393,,SALESBATCH,163,00233,,0,,001,200,24.76927
8394,,SALESBATCH,163,00259,,0,,0001,225,19.74725
8395,,SALESBATCH,163,00248,,0,,001,25,53.55760
8396,,SALESBATCH,163,00369,,0,,0001,96,222.94897
8397,,SALESBATCH,164,00385,,0,,001,20,191.25040
8398,,SALESBATCH,165,00019,,0,,0001,85,313.41671
8399,,SALESBATCH,166,00180,,0,,0001,12,1384.03574
8400,,SALESBATCH,167,00016,,0,,0001,70,568.13160
8401,,SALESBATCH,168,00016,,0,,0001,15,568.13160
8402,,SALESBATCH,169,00016,,0,,0001,5,568.13160
8403,,SALESBATCH,170,00016,,0,,0001,10,568.13160
8404,,PurchasesBatch,236,01044,,0,,0001,100,128.00000
8405,,Productions,461,03046,,0,,0001,2500,16.53100
8406,,PRODUCTIONBATCH,461,01003,,0,,0001,25,13.10015
8407,,PRODUCTIONBATCH,461,01016,,0,,0001,2500,10.00000
8408,,PRODUCTIONBATCH,461,01044,,0,,0001,125,128.00000
8409,,Productions,461,03046,0001,2500,16.53100,0001,2500,16.53100
8410,,PACKING,481,00220,,0,,0001,100,457.42530
8411,,PACKINGBATCH,481,02258,,0,,0001,100,44.15027
8412,,PACKINGBATCH,481,03046,,0,,0001,2500,16.53100
8413,,PACKING,481,00220,0001,100,457.42530,0001,100,457.42527
8414,,Productions,462,03019,,0,,0001,750,5.00000
8415,,PRODUCTIONBATCH,462,01033,,0,,0001,75,50.00000
8416,,Productions,462,03019,0001,750,5.00000,0001,750,5.00000
8417,,PACKING,482,00040,,0,,0001,30,165.00000
8418,,PACKINGBATCH,482,02042,,0,,0001,30,40.00000
8419,,PACKINGBATCH,482,03019,,0,,0001,750,5.00000
8420,,PACKING,482,00040,0001,30,165.00000,0001,30,165.00000
8421,,PurchasesBatch,237,02311,,0,,0001,200,2050.00000
8422,,PurchasesBatch,238,01015,,0,,0001,10000,17.00000
8423,,PurchasesBatch,239,02004,,0,,0001,195,235.00000
8424,,PurchasesBatch,239,02006,,0,,0001,104,100.00000
8425,,PurchasesBatch,240,01041,,0,,0001,25,560.00000
8426,,PurchasesBatch,240,01058,,0,,0001,25,1400.00000
8427,,PurchasesBatch,240,01209,,0,,0001,2,3500.00000
8428,,Productions,463,03003,,0,,0001,170,34.16118
8429,,PRODUCTIONBATCH,463,01013,,0,,001,2,220.00000
8430,,PRODUCTIONBATCH,463,01022,,0,,0001,0,4000.00000
8431,,PRODUCTIONBATCH,463,01038,,0,,001,2,650.00000
8432,,PRODUCTIONBATCH,463,01043,,0,,0001,0,13.75000
8433,,PRODUCTIONBATCH,463,01048,,0,,0001,0,1405.95140
8434,,PRODUCTIONBATCH,463,01056,,0,,0001,0,18697.38365
8435,,PRODUCTIONBATCH,463,01058,,0,,0001,0,1400.15171
8436,,PRODUCTIONBATCH,463,01060,,0,,001,0,950.00000
8437,,Productions,463,03003,0001,170,34.16118,0001,170,34.23627
8438,,PACKING,483,00032,,0,,0001,120,282.23625
8439,,PACKINGBATCH,483,02097,,0,,001,120,230.00000
8440,,PACKINGBATCH,483,02385,,0,,001,120,18.00000
8441,,PACKINGBATCH,483,03003,,0,,0001,120,34.23627
8442,,PACKING,483,00032,0001,120,282.23625,0001,120,282.23627
8443,,PACKING,484,00010,,0,,0001,500,15.42362
8444,,PACKINGBATCH,484,02018,,0,,0001,500,12.00000
8445,,PACKINGBATCH,484,03003,,0,,0001,50,34.23627
8446,,PACKING,484,00010,0001,500,15.42362,0001,500,15.42363
8447,,Productions,464,03107,,0,,0001,100,138.19120
8448,,PRODUCTIONBATCH,464,01009,,0,,001,5,2200.00000
8449,,PRODUCTIONBATCH,464,01028,,0,,0001,1,1650.00000
8450,,PRODUCTIONBATCH,464,01041,,0,,001,0,560.00000
8451,,PRODUCTIONBATCH,464,01041,,0,,0001,0,560.00720
8452,,PRODUCTIONBATCH,464,01045,,0,,001,1,350.00000
8453,,PRODUCTIONBATCH,464,01058,,0,,0001,0,1400.15171
8454,,Productions,464,03107,0001,100,138.19120,0001,100,137.84064
8455,,PACKING,485,00261,,0,,0001,20,1129.19850
8456,,PACKINGBATCH,485,02014,,0,,0001,20,439.99557
8457,,PACKINGBATCH,485,03107,,0,,0001,100,137.84064
8458,,PACKING,485,00261,0001,20,1129.19850,0001,20,1129.19877
8459,,PurchasesBatch,241,02059,,0,,0001,103,176.00000
8460,,PurchasesBatch,242,02097,,0,,0001,360,230.00000
8461,,PurchasesBatch,243,02323,,0,,0001,32,40.00000
8462,,PACKINGBATCH,485,02014,0001,20,439.99557,,0,
8463,,PACKINGBATCH,485,03107,0001,100,137.84064,,0,
8464,,PACKING,485,00261,0001,20,1129.19877,,0,
8465,,PACKING,485,00261,,0,,0001,20,1169.19850
8466,,PACKINGBATCH,485,02014,,0,,0001,20,439.99557
8467,,PACKINGBATCH,485,02323,,0,,0001,20,40.00000
8468,,PACKINGBATCH,485,03107,,0,,0001,100,137.84064
8469,,PACKING,485,00261,0001,20,1169.19850,0001,20,1169.19877
8470,,SALESBATCH,171,00212,,0,,0001,53,1769.61651
8471,,SALESBATCH,171,00258,,0,,0001,6,602.27450
8472,,SALESBATCH,171,00263,,0,,0001,450,14.74021
8473,,SALESBATCH,171,00032,,0,,0001,120,284.32728
8474,,SALESBATCH,171,00049,,0,,0001,12,699.86327
8475,,SALESBATCH,171,00010,,0,,0001,500,21.44397
8476,,SALESBATCH,171,00020,,0,,0001,25,51.92831
8477,,SALESBATCH,171,00122,,0,,0001,24,416.60513
8478,,SALESBATCH,171,00259,,0,,0001,450,19.74725
8479,,SALESBATCH,171,00392,,0,,0001,48,284.08024
8480,,SALESBATCH,171,00052,,0,,0001,20,969.58288
8481,,SALESBATCH,171,00152,,0,,0001,50,184.22688
8482,,SALESBATCH,171,00090,,0,,0001,8,1788.32925
8483,,SALESBATCH,171,00022,,0,,0001,10,438.59665
8484,,SALESBATCH,171,00369,,0,,0001,288,222.94897
8485,,SALESBATCH,171,00199,,0,,0001,2,1309.18990
8486,,SALESBATCH,172,00208,,0,,0001,368,259.30122
8487,,SALESBATCH,173,00285,,0,,0001,300,191.39110
8488,,SALESBATCH,173,00274,,0,,0001,120,1206.49167
8489,,SALESBATCH,173,00278,,0,,0001,40,1384.08850
8490,,SALESBATCH,173,00281,,0,,0001,24,1110.73973
8491,,SALESBATCH,173,00286,,0,,0001,40,694.63115
8492,,SALESBATCH,173,00289,,0,,0001,20,2173.16343
8493,,SALESBATCH,173,00273,,0,,0001,20,567.72625
8494,,SALESBATCH,174,00363,,0,,0001,5,14000.00000
8495,,SALESBATCH,175,00363,,0,,0001,5,14000.00000
8496,,SALESBATCH,176,00295,,0,,0001,40,1078.05695
8497,,SALESBATCH,176,00291,,0,,0001,32,837.98425
8498,,SALESBATCH,176,00188,,0,,0001,32,1005.05570
8499,,SALESBATCH,176,00194,,0,,0001,32,852.26600
8500,,SALESBATCH,176,00296,,0,,0001,20,717.50375
8501,,SALESBATCH,176,00228,,0,,0001,20,1809.67143
8502,,SALESBATCH,177,00220,,0,,0001,20,435.16633
8503,,SALESBATCH,177,00022,,0,,0001,50,438.59665
8504,,SALESBATCH,177,00020,,0,,0001,250,51.92831
8505,,SALESBATCH,177,00369,,0,,0001,480,222.94897
8506,,SALESBATCH,177,00032,,0,,0001,45,284.32728
8507,,SALESBATCH,177,00049,,0,,0001,40,699.86327
8508,,SALESBATCH,178,00296,,0,,0001,25,717.50375
8509,,SALESBATCH,179,00220,,0,,0001,20,435.16633
8510,,SALESBATCH,179,00231,,0,,001,2,355.00000
8511,,SALESBATCH,179,00231,,0,,0001,13,315.23556
8512,,SALESBATCH,180,00294,,0,,0001,36,1030.87463
8513,,SALESBATCH,180,00320,,0,,0001,180,212.69373
8514,,SALESBATCH,181,00320,,0,,0001,120,212.69373
8515,,SALESBATCH,182,00197,,0,,0001,108,712.56302
8516,,SALESBATCH,183,00118,,0,,0001,5,1819.67143
8517,,SALESBATCH,183,00340,,0,,0001,44,1113.67062
8518,,SALESBATCH,183,00209,,0,,0001,20,2657.86466
8519,,SALESBATCH,184,00363,,0,,0001,5,14000.00000
8520,,SALESBATCH,184,00357,,0,,000,2,621.08656
8521,,SALESBATCH,185,00363,,0,,0001,10,14000.00000
8522,,SALESBATCH,186,00363,,0,,0001,100,14000.00000
8523,,SALESBATCH,187,00020,,0,,0001,500,51.92831
8524,,SALESBATCH,188,00248,,0,,0001,500,47.72157
8525,,SALESBATCH,188,00231,,0,,0001,200,315.23556
8526,,SALESBATCH,189,00019,,0,,0001,60,313.41671
8527,,SALESBATCH,190,00019,,0,,0001,40,313.41671
8528,,SALESBATCH,191,00231,,0,,0001,100,315.23556
8529,,SALESBATCH,191,00020,,0,,0001,500,51.92831
8530,,SALESBATCH,191,00032,,0,,0001,120,284.32728
8531,,SALESBATCH,191,00049,,0,,0001,20,699.86327
8532,,SALESBATCH,191,00369,,0,,0001,480,222.94897
8533,,SALESBATCH,192,00363,,0,,0001,5,14000.00000
8534,,SALESBATCH,192,00022,,0,,0001,1,438.59665
8535,,SALESBATCH,192,00074,,0,,0001,1,500.00000
8536,,SALESBATCH,193,00022,,0,,0001,200,438.59665
8537,,SALESBATCH,194,00368,,0,,0001,24,506.31537
8538,,SALESBATCH,195,00377,,0,,0001,20,1226.34200
8539,,SALESBATCH,195,00394,,0,,0001,20,2000.00275
8540,,SALESBATCH,196,00357,,0,,0001,6,312.00922
8541,,SALESBATCH,197,00231,,0,,0001,10,315.23556
8542,,SALESBATCH,197,00248,,0,,0001,125,47.72157
8543,,SALESBATCH,197,00020,,0,,0001,125,51.92831
8544,,SALESBATCH,197,00363,,0,,0001,2,14000.00000
8545,,SALESBATCH,198,00231,,0,,0001,10,315.23556
8546,,SALESBATCH,198,00248,,0,,0001,125,47.72157
8547,,SALESBATCH,198,00020,,0,,0001,125,51.92831
8548,,SALESBATCH,198,00022,,0,,0001,5,438.59665
8549,,SALESBATCH,198,00363,,0,,0001,3,14000.00000
8550,,SALESBATCH,199,00380,,0,,0001,60,1819.65460
8551,,SALESBATCH,199,00393,,0,,0001,12,568.29484
8552,,SALESBATCH,199,00386,,0,,0001,20,2064.69493
8553,,SALESBATCH,200,00139,,0,,0001,10,648.00000
8554,,SALESBATCH,200,00199,,0,,0001,20,1309.18990
8555,,SALESBATCH,200,00264,,0,,001,10,1500.00000
8556,,SALESBATCH,200,00243,,0,,0001,30,735.66675
8557,,SALESBATCH,201,00292,,0,,0001,40,1115.30590
8558,,SALESBATCH,201,00147,,0,,0001,20,1768.75048
8559,,SALESBATCH,202,00231,,0,,0001,100,315.23556
8560,,SALESBATCH,202,00220,,0,,0001,20,435.16633
8561,,SALESBATCH,202,00369,,0,,0001,192,222.94897
8562,,OpeningBatch,81,00019,0001,56,1440.00000,0001,56,1440.00000
8563,,OpeningBatch,101,00363,0001,934,14000.00000,0001,934,14000.00000
8564,,OpeningBatch,102,00357,0001,2,10000.00000,0001,2,10000.00000
8565,,OpeningBatch,103,00053,0001,4,9000.00000,0001,4,9000.00000
8566,,OpeningBatch,108,00124,0001,160,5000.00000,0001,160,5000.00000
8567,,OpeningBatch,111,00369,0001,5080,300.00000,0001,5080,300.00000
8568,,OpeningBatch,113,00010,0001,500,70.00000,0001,500,70.00000
8569,,OpeningBatch,114,00008,0001,500,64.00000,0001,500,64.00000
8570,,OpeningBatch,115,00264,001,10,1500.00000,001,10,1500.00000
8571,,OpeningBatch,116,00398,0001,40,3000.00000,0001,40,3000.00000
8572,,OpeningBatch,117,00259,,0,,0001,655,40.00000
8573,,SALESBATCH,203,00259,,0,,0001,692,38.91712
8574,,SALESBATCH,203,00201,,0,,0001,200,37.12915
8575,,SALESBATCH,203,00257,,0,,0001,200,39.32842
8576,,SALESBATCH,203,00013,,0,,0001,400,40.47800
8577,,SALESBATCH,203,00233,,0,,0001,400,25.05010
8578,,SALESBATCH,203,00008,,0,,0001,400,31.85815
8579,,SALESBATCH,203,00030,,0,,0001,900,29.77071
8580,,SALESBATCH,203,00040,,0,,0001,4,623.93305
8581,,SALESBATCH,203,00019,,0,,0001,10,313.41671
8582,,SALESBATCH,203,00220,,0,,0001,10,435.16633
8583,,SALESBATCH,203,00258,,0,,0001,10,602.27450
8584,,SALESBATCH,203,00016,,0,,0001,20,568.13160
8585,,SALESBATCH,204,00051,,0,,0001,8,1389.23850
8586,,SALESBATCH,204,00211,,0,,0001,8,704.57387
8587,,SALESBATCH,204,00247,,0,,0001,8,1212.80842
8588,,SALESBATCH,204,00052,,0,,0001,12,969.58288
8589,,SALESBATCH,204,00124,,0,,0001,8,5000.00000
8590,,SALESBATCH,204,00266,,0,,0001,8,1215.89800
8591,,SALESBATCH,204,00180,,0,,0001,12,1384.03574
8592,,SALESBATCH,204,00340,,0,,0001,8,1113.67062
8593,,SALESBATCH,204,00179,,0,,0001,8,1865.50000
8594,,SALESBATCH,204,00199,,0,,0001,4,1309.18990
8595,,SALESBATCH,204,00163,,0,,001,4,1642.58705
8596,,SALESBATCH,204,00209,,0,,0001,4,2657.86466
8597,,SALESBATCH,205,00016,,0,,0001,20,568.13160
8598,,SALESBATCH,206,00008,,0,,0001,500,31.85815
8599,,SALESBATCH,206,00262,,0,,0001,300,12.13892
8600,,SALESBATCH,206,00201,,0,,0001,200,37.12915
8601,,SALESBATCH,206,00032,,0,,0001,24,284.32728
8602,,SALESBATCH,207,00052,,0,,0001,60,969.58288
8603,,SALESBATCH,207,00211,,0,,0001,20,704.57387
8604,,SALESBATCH,207,00247,,0,,0001,40,1212.80842
8605,,SALESBATCH,208,00010,,0,,0001,100,21.44397
8606,,SALESBATCH,208,00008,,0,,0001,100,31.85815
8607,,SALESBATCH,208,00013,,0,,0001,100,40.47800
8608,,SALESBATCH,208,00257,,0,,0001,100,39.32842
8609,,SALESBATCH,208,00022,,0,,0001,4,438.59665
8610,,SALESBATCH,209,00390,,0,,0001,20,2066.91813
8611,,SALESBATCH,209,00391,,0,,0001,40,1049.45310
8612,,SALESBATCH,209,00388,,0,,0001,60,529.45667
8613,,SALESBATCH,209,00389,,0,,0001,60,523.65667
8614,,SALESBATCH,209,00395,,0,,0001,60,358.61588
8615,,SALESBATCH,210,00047,,0,,0001,100,846.43149
8616,,SALESBATCH,210,00150,,0,,0001,20,1651.02323
8617,,SALESBATCH,210,00137,,0,,0001,20,2655.00111
8618,,SALESBATCH,211,00138,,0,,0001,24,737.67815
8619,,SALESBATCH,212,00365,,0,,0001,10,2508.22668
8620,,SALESBATCH,212,00364,,0,,0001,12,841.83510
8621,,SALESBATCH,212,00360,,0,,0001,12,898.76940
8622,,SALESBATCH,212,00376,,0,,0001,12,1285.52240
8623,,SALESBATCH,213,00147,,0,,0001,25,1768.75048
8624,,SALESBATCH,213,00019,,0,,0001,40,313.41671
8625,,SALESBATCH,213,00191,,0,,0001,20,985.85825
8626,,SALESBATCH,213,00343,,0,,0001,50,378.00000
8627,,SALESBATCH,214,00126,,0,,0001,2000,56.95869
8628,,SALESBATCH,214,00125,,0,,0001,38,633.26668
8629,,SALESBATCH,214,00265,,0,,0001,500,58.87732
8630,,SALESBATCH,215,00022,,0,,0001,50,438.59665
8631,,SALESBATCH,215,00220,,0,,0001,50,435.16633
8632,,SALESBATCH,215,00262,,0,,0001,750,12.13892
8633,,SALESBATCH,215,00369,,0,,0001,480,222.94897
8634,,SALESBATCH,216,00220,,0,,0001,10,435.16633
8635,,SALESBATCH,217,00220,,0,,0001,5,435.16633
8636,,SALESBATCH,217,00022,,0,,0001,2,438.59665
8637,,SALESBATCH,218,00220,,0,,0001,5,435.16633
8638,,SALESBATCH,218,00022,,0,,0001,5,438.59665
8639,,SALESBATCH,219,00019,,0,,0001,20,313.41671
8640,,SALESBATCH,220,00019,,0,,0001,20,313.41671
8641,,SALESBATCH,221,00231,,0,,0001,8,315.23556
8642,,OpeningBatch,81,00019,0001,56,1440.00000,0001,56,1440.00000
8643,,OpeningBatch,101,00363,0001,934,14000.00000,0001,934,14000.00000
8644,,OpeningBatch,102,00357,0001,2,10000.00000,0001,2,10000.00000
8645,,OpeningBatch,103,00053,0001,4,9000.00000,0001,4,9000.00000
8646,,OpeningBatch,108,00124,0001,160,5000.00000,0001,160,5000.00000
8647,,OpeningBatch,111,00369,0001,5080,300.00000,0001,5080,300.00000
8648,,OpeningBatch,113,00010,0001,500,70.00000,0001,500,70.00000
8649,,OpeningBatch,114,00008,0001,500,64.00000,0001,500,64.00000
8650,,OpeningBatch,115,00264,001,10,1500.00000,001,10,1500.00000
8651,,OpeningBatch,116,00398,0001,40,3000.00000,0001,40,3000.00000
8652,,OpeningBatch,117,00259,0001,655,40.00000,0001,655,40.00000
8653,,OpeningBatch,118,00262,,0,,0001,748,40.00000
8654,,SALESBATCH,222,00262,,0,,0001,1098,31.11896
8655,,SALESBATCH,222,00020,,0,,0001,300,51.92831
8656,,SALESBATCH,222,00022,,0,,0001,12,438.59665
8657,,SALESBATCH,222,00040,,0,,0001,13,623.93305
8658,,SALESBATCH,222,00019,,0,,0001,20,313.41671
8659,,SALESBATCH,222,00032,,0,,0001,120,284.32728
8660,,SALESBATCH,222,00231,,0,,0001,10,315.23556
8661,,SALESBATCH,222,00030,,0,,0001,850,29.77071
8662,,SALESBATCH,223,00231,,0,,0001,5,315.23556
8663,,SALESBATCH,223,00248,,0,,0001,25,47.72157
8664,,SALESBATCH,223,00019,,0,,0001,5,313.41671
8665,,SALESBATCH,223,00020,,0,,0001,25,51.92831
8666,,OpeningBatch,81,00019,0001,56,1440.00000,0001,56,1440.00000
8667,,OpeningBatch,101,00363,0001,934,14000.00000,0001,934,14000.00000
8668,,OpeningBatch,102,00357,0001,2,10000.00000,0001,2,10000.00000
8669,,OpeningBatch,103,00053,0001,4,9000.00000,0001,4,9000.00000
8670,,OpeningBatch,108,00124,0001,160,5000.00000,0001,160,5000.00000
8671,,OpeningBatch,111,00369,0001,5080,300.00000,0001,5080,300.00000
8672,,OpeningBatch,113,00010,0001,500,70.00000,0001,500,70.00000
8673,,OpeningBatch,114,00008,0001,500,64.00000,0001,500,64.00000
8674,,OpeningBatch,115,00264,001,10,1500.00000,001,10,1500.00000
8675,,OpeningBatch,116,00398,0001,40,3000.00000,0001,40,3000.00000
8676,,OpeningBatch,117,00259,0001,655,40.00000,0001,655,40.00000
8677,,OpeningBatch,118,00262,0001,748,40.00000,0001,898,40.00000
8678,,OpeningBatch,119,00030,,0,,0001,100,48.00000
8679,,SALESBATCH,223,00262,,0,,0001,150,40.00000
8680,,SALESBATCH,223,00030,,0,,0001,150,41.92357
8681,,PACKINGBATCH,471,02097,001,40,230.00000,,0,
8682,,PACKINGBATCH,471,03183,0001,40,65.96194,,0,
8683,,PACKING,471,00337,0001,40,295.96194,,0,
8684,,PACKING,486,00260,,0,,0001,8,932.78000
8685,,PACKINGBATCH,486,02014,,0,,0001,8,439.99557
8686,,PACKINGBATCH,486,02293,,0,,0001,15,40.00000
8687,,PACKINGBATCH,486,03183,,0,,0001,40,65.96194
8688,,PACKINGBATCH,486,02004,,0,,0001,3,234.59841
8689,,PACKING,486,00260,0001,8,932.78000,0001,8,932.77967
8690,,SALESBATCH,224,00122,,0,,0001,48,416.60513
8691,,SALESBATCH,224,00260,,0,,0001,8,932.77967
8692,,SALESBATCH,225,00396,,0,,0001,20,1300.26435
8693,,SALESBATCH,226,00393,,0,,0001,40,568.29484
8694,,SALESBATCH,227,00363,,0,,0001,1,14000.00000
8695,,SALESBATCH,228,00397,,0,,0001,80,497.49557
8696,,SALESBATCH,229,00357,,0,,0001,10,312.00922
8697,,SALESBATCH,230,00363,,0,,0001,4,14000.00000
8698,,SALESBATCH,231,00137,,0,,0001,40,2655.00111
8699,,OpeningBatch,81,00019,0001,56,1440.00000,0001,77,1440.00000
8700,,OpeningBatch,101,00363,0001,934,14000.00000,0001,934,14000.00000
8701,,OpeningBatch,102,00357,0001,2,10000.00000,0001,2,10000.00000
8702,,OpeningBatch,103,00053,0001,4,9000.00000,0001,4,9000.00000
8703,,OpeningBatch,108,00124,0001,160,5000.00000,0001,160,5000.00000
8704,,OpeningBatch,111,00369,0001,5080,300.00000,0001,5080,300.00000
8705,,OpeningBatch,113,00010,0001,500,70.00000,0001,500,70.00000
8706,,OpeningBatch,114,00008,0001,500,64.00000,0001,500,64.00000
8707,,OpeningBatch,115,00264,001,10,1500.00000,001,10,1500.00000
8708,,OpeningBatch,116,00398,0001,40,3000.00000,0001,40,3000.00000
8709,,OpeningBatch,117,00259,0001,655,40.00000,0001,655,40.00000
8710,,OpeningBatch,118,00262,0001,898,40.00000,0001,898,40.00000
8711,,OpeningBatch,119,00030,0001,100,48.00000,0001,100,48.00000
8712,,OpeningBatch,81,00019,0001,77,1440.00000,0001,177,1440.00000
8713,,OpeningBatch,101,00363,0001,934,14000.00000,0001,934,14000.00000
8714,,OpeningBatch,102,00357,0001,2,10000.00000,0001,2,10000.00000
8715,,OpeningBatch,103,00053,0001,4,9000.00000,0001,4,9000.00000
8716,,OpeningBatch,108,00124,0001,160,5000.00000,0001,160,5000.00000
8717,,OpeningBatch,111,00369,0001,5080,300.00000,0001,5080,300.00000
8718,,OpeningBatch,113,00010,0001,500,70.00000,0001,500,70.00000
8719,,OpeningBatch,114,00008,0001,500,64.00000,0001,500,64.00000
8720,,OpeningBatch,115,00264,001,10,1500.00000,001,10,1500.00000
8721,,OpeningBatch,116,00398,0001,40,3000.00000,0001,40,3000.00000
8722,,OpeningBatch,117,00259,0001,655,40.00000,0001,655,40.00000
8723,,OpeningBatch,118,00262,0001,898,40.00000,0001,898,40.00000
8724,,OpeningBatch,119,00030,0001,100,48.00000,0001,100,48.00000
8725,,SALESBATCH,232,00019,,0,,0001,21,1440.00000
8726,,SALESBATCH,233,00220,,0,,0001,100,435.16633
8727,,SALESBATCH,233,00019,,0,,0001,100,1440.00000
8728,,SALESBATCH,233,00040,,0,,0001,30,623.93305
8729,,SALESBATCH,234,00032,,0,,0001,60,284.32728
8730,,SALESBATCH,234,00032,,0,,001,60,264.92021
8731,,SALESBATCH,234,00010,,0,,0001,500,21.44397
8732,,SALESBATCH,234,00363,,0,,0001,5,14000.00000
8733,,SALESBATCH,235,00261,,0,,0001,20,1169.19877
8734,,PurchasesBatch,244,01003,,0,,0001,1000,14.00000
8735,,PurchasesBatch,245,01042,,0,,0001,50,165.00000
8736,,PurchasesBatch,245,01044,,0,,0001,25,128.00000
8737,,PurchasesBatch,246,02010,,0,,0001,4700,7.80000
8738,,PurchasesBatch,247,01038,,0,,0001,35,650.00000
8739,,PurchasesBatch,247,01021,,0,,0001,30,340.00000
8740,,PurchasesBatch,247,01028,,0,,0001,30,1650.00000
8741,,PurchasesBatch,247,01004,,0,,0001,25,400.00000
8742,,PurchasesBatch,247,01055,,0,,0001,25,1550.00000
8743,,PurchasesBatch,247,01072,,0,,0001,10,9000.00000
8744,,PurchasesBatch,247,01057,,0,,0001,5,12500.00000
8745,,PurchasesBatch,247,01010,,0,,0001,25,2800.00000
8746,,PurchasesBatch,247,01074,,0,,00001,2,4000.00000
8747,,PurchasesBatch,248,02002,,0,,0001,20,150.00000
8748,,PurchasesBatch,248,02002,0001,20,150.00000,0001,20,208.00000
8749,,PurchasesBatch,249,02462,,0,,0001,30,60.00000
8750,,PurchasesBatch,249,02463,,0,,0001,30,60.00000
8751,,PurchasesBatch,249,02464,,0,,0001,30,60.00000
8752,,PurchasesBatch,249,02465,,0,,0001,30,60.00000
8753,,PurchasesBatch,249,02466,,0,,0001,30,60.00000
8754,,PurchasesBatch,249,02467,,0,,0001,32,40.00000
8755,,PurchasesBatch,249,02443,,0,,0001,80,80.00000
8756,,Productions,465,03286,,0,,0001,24,255.41542
8757,,PRODUCTIONBATCH,465,01004,,0,,0001,0,400.00000
8758,,PRODUCTIONBATCH,465,01010,,0,,0001,0,2800.00000
8759,,PRODUCTIONBATCH,465,01012,,0,,0001,0,4000.00000
8760,,PRODUCTIONBATCH,465,01020,,0,,0001,0,314.70791
8761,,PRODUCTIONBATCH,465,01021,,0,,001,0,340.00000
8762,,PRODUCTIONBATCH,465,01041,,0,,0001,0,560.00720
8763,,PRODUCTIONBATCH,465,01046,,0,,0001,0,13130.72776
8764,,PRODUCTIONBATCH,465,01058,,0,,0001,0,1400.15171
8765,,PRODUCTIONBATCH,465,01184,,0,,0001,0,366.66667
8766,,Productions,465,03286,0001,24,255.41542,0001,24,255.41530
8767,,PACKING,487,00399,,0,,0001,24,697.74875
8768,,PACKINGBATCH,487,02015,,0,,0001,24,350.00000
8769,,PACKINGBATCH,487,02462,,0,,0001,30,60.00000
8770,,PACKINGBATCH,487,03286,,0,,0001,24,255.41530
8771,,PACKINGBATCH,487,02002,,0,,0001,2,208.00000
8772,,PACKING,487,00399,0001,24,697.74875,0001,24,697.74863
8773,,Productions,466,03287,,0,,0001,24,29.74375
8774,,PRODUCTIONBATCH,466,01004,,0,,0001,0,400.00000
8775,,PRODUCTIONBATCH,466,01041,,0,,0001,0,560.00720
8776,,PRODUCTIONBATCH,466,01044,,0,,0001,0,128.00000
8777,,PRODUCTIONBATCH,466,01045,,0,,001,0,350.00000
8778,,PRODUCTIONBATCH,466,01050,,0,,001,0,3100.00000
8779,,PRODUCTIONBATCH,466,01055,,0,,0001,0,1549.99192
8780,,Productions,466,03287,0001,24,29.74375,0001,24,29.27795
8781,,Productions,467,03288,,0,,0001,24,125.60958
8782,,PRODUCTIONBATCH,467,01017,,0,,0001,0,3370.67997
8783,,PRODUCTIONBATCH,467,01031,,0,,001,0,6500.00000
8784,,PRODUCTIONBATCH,467,01048,,0,,0001,0,1405.95140
8785,,PRODUCTIONBATCH,467,01058,,0,,0001,0,1400.15171
8786,,Productions,467,03288,0001,24,125.60958,0001,24,128.94269
8787,,PACKING,488,00400,,0,,0001,24,471.61125
8788,,PACKINGBATCH,488,02015,,0,,0001,24,350.00000
8789,,PACKINGBATCH,488,02463,,0,,0001,30,60.00000
8790,,PACKINGBATCH,488,03287,,0,,0001,24,29.27795
8791,,PACKINGBATCH,488,02002,,0,,0001,2,208.00000
8792,,PACKING,488,00400,0001,24,471.61125,0001,24,471.61128
8793,,PACKING,489,00401,,0,,0001,24,571.27583
8794,,PACKINGBATCH,489,02015,,0,,0001,24,350.00000
8795,,PACKINGBATCH,489,02464,,0,,0001,30,60.00000
8796,,PACKINGBATCH,489,03288,,0,,0001,24,128.94269
8797,,PACKINGBATCH,489,02002,,0,,0001,2,208.00000
8798,,PACKING,489,00401,0001,24,571.27583,0001,24,571.27602
8799,,Productions,468,03289,,0,,0001,24,45.89458
8800,,PRODUCTIONBATCH,468,01028,,0,,0001,0,1650.00000
8801,,PRODUCTIONBATCH,468,01050,,0,,001,0,3100.00000
8802,,PRODUCTIONBATCH,468,01052,,0,,0001,0,14500.00000
8803,,PRODUCTIONBATCH,468,01055,,0,,0001,0,1549.99192
8804,,PRODUCTIONBATCH,468,01056,,0,,0001,0,18697.38365
8805,,PRODUCTIONBATCH,468,01058,,0,,0001,0,1400.15171
8806,,Productions,468,03289,0001,24,45.89458,0001,24,45.89528
8807,,Productions,469,03290,,0,,0001,24,66.73833
8808,,PRODUCTIONBATCH,469,01023,,0,,0001,0,7043.77043
8809,,PRODUCTIONBATCH,469,01041,,0,,0001,0,560.00720
8810,,PRODUCTIONBATCH,469,01045,,0,,001,0,350.00000
8811,,PRODUCTIONBATCH,469,01050,,0,,001,0,3100.00000
8812,,PRODUCTIONBATCH,469,01058,,0,,0001,0,1400.15171
8813,,Productions,469,03290,0001,24,66.73833,0001,24,66.56080
8814,,Productions,470,03291,,0,,0001,24,46.80583
8815,,PRODUCTIONBATCH,470,01004,,0,,0001,0,400.00000
8816,,PRODUCTIONBATCH,470,01009,,0,,001,0,2200.00000
8817,,PRODUCTIONBATCH,470,01020,,0,,0001,1,314.70791
8818,,PRODUCTIONBATCH,470,01021,,0,,001,0,340.00000
8819,,PRODUCTIONBATCH,470,01021,,0,,0001,0,340.07146
8820,,PRODUCTIONBATCH,470,01022,,0,,0001,0,4000.00000
8821,,PRODUCTIONBATCH,470,01036,,0,,0001,0,750.00000
8822,,PRODUCTIONBATCH,470,01041,,0,,0001,0,560.00720
8823,,PRODUCTIONBATCH,470,01060,,0,,001,0,950.00000
8824,,Productions,470,03291,0001,24,46.80583,0001,24,46.80713
8825,,PACKING,490,00402,,0,,280726,24,488.22875
8826,,PACKINGBATCH,490,02015,,0,,0001,24,350.00000
8827,,PACKINGBATCH,490,02465,,0,,0001,30,60.00000
8828,,PACKINGBATCH,490,03289,,0,,0001,24,45.89528
8829,,PACKINGBATCH,490,02002,,0,,0001,2,208.00000
8830,,PACKING,490,00402,280726,24,488.22875,280726,24,488.22861
8831,,PACKING,491,00403,,0,,280726,24,508.89417
8832,,PACKINGBATCH,491,02015,,0,,0001,24,350.00000
8833,,PACKINGBATCH,491,02466,,0,,0001,30,60.00000
8834,,PACKINGBATCH,491,03290,,0,,0001,24,66.56080
8835,,PACKINGBATCH,491,02002,,0,,0001,2,208.00000
8836,,PACKING,491,00403,280726,24,508.89417,280726,24,508.89413
8837,,PACKING,492,00404,,0,,0001,24,341.47375
8838,,PACKINGBATCH,492,02097,,0,,0001,24,230.00000
8839,,PACKINGBATCH,492,02467,,0,,0001,30,40.00000
8840,,PACKINGBATCH,492,03291,,0,,0001,24,46.80713
8841,,PACKINGBATCH,492,02059,,0,,0001,2,176.00000
8842,,PACKING,492,00404,0001,24,341.47375,0001,24,341.47380
8843,,Productions,471,03253,,0,,0001,100,17.10120
8844,,PRODUCTIONBATCH,471,01003,,0,,0001,50,13.80247
8845,,PRODUCTIONBATCH,471,01007,,0,,0001,2,35.00000
8846,,PRODUCTIONBATCH,471,01015,,0,,0001,50,17.00000
8847,,PRODUCTIONBATCH,471,01033,,0,,0001,2,50.00000
8848,,Productions,471,03253,0001,100,17.10120,0001,100,17.10124
8849,,Productions,472,03271,,0,,0001,300,44.14840
8850,,PRODUCTIONBATCH,472,01004,,0,,0001,0,400.00000
8851,,PRODUCTIONBATCH,472,01010,,0,,0001,3,2800.00000
8852,,PRODUCTIONBATCH,472,01012,,0,,0001,0,4000.00000
8853,,PRODUCTIONBATCH,472,01020,,0,,0001,3,314.70791
8854,,PRODUCTIONBATCH,472,01021,,0,,0001,3,340.07146
8855,,PRODUCTIONBATCH,472,01041,,0,,0001,1,560.00720
8856,,PRODUCTIONBATCH,472,01058,,0,,0001,1,1400.15171
8857,,Productions,472,03271,0001,300,44.14840,0001,300,44.14844
8858,,PACKING,493,00357,,0,,0001,4,630.16250
8859,,PACKINGBATCH,493,02213,,0,,0001,4,155.00000
8860,,PACKINGBATCH,493,02420,,0,,0001,4,47.63222
8861,,PACKINGBATCH,493,03253,,0,,0001,100,17.10124
8862,,PACKING,493,00357,0001,4,630.16250,0001,4,630.16322
8863,,PACKING,494,00380,,0,,0001,60,740.73767
8864,,PACKINGBATCH,494,02014,,0,,0001,60,439.99557
8865,,PACKINGBATCH,494,02443,,0,,0001,60,80.00000
8866,,PACKINGBATCH,494,03271,,0,,0001,300,44.14844
8867,,PACKING,494,00380,0001,60,740.73767,0001,60,740.73777
8868,,Productions,473,03046,,0,,0001,425,16.53802
8869,,PRODUCTIONBATCH,473,01003,,0,,0001,4,13.80247
8870,,PRODUCTIONBATCH,473,01016,,0,,0001,425,10.00000
8871,,PRODUCTIONBATCH,473,01044,,0,,0001,21,128.00000
8872,,Productions,473,03046,0001,425,16.53802,0001,425,16.53803
8873,,Productions,474,03014,,0,,0001,175,13.80246
8874,,PRODUCTIONBATCH,474,01003,,0,,0001,175,13.80247
8875,,Productions,474,03014,0001,175,13.80246,0001,175,13.80247
8876,,PACKING,495,00220,,0,,0001,17,457.60059
8877,,PACKINGBATCH,495,02258,,0,,0001,17,44.15027
8878,,PACKINGBATCH,495,03046,,0,,0001,425,16.53803
8879,,PACKING,495,00220,0001,17,457.60059,0001,17,457.60102
8880,,Productions,474,03014,0001,175,13.80247,0001,175,13.80247
8881,,PRODUCTIONBATCH,474,01003,0001,175,13.80247,,0,
8882,,PRODUCTIONBATCH,474,01003,,0,,0001,180,13.80247
8883,,Productions,474,03014,0001,175,13.80247,0001,175,14.19683
8884,,PACKING,496,00022,,0,,0001,7,345.60429
8885,,PACKINGBATCH,496,03014,,0,,0001,175,13.82415
8886,,PACKING,496,00022,0001,7,345.60429,0001,7,345.60375
8887,,Productions,475,03151,,0,,0001,50,62.56040
8888,,PRODUCTIONBATCH,475,01009,,0,,001,0,2200.00000
8889,,PRODUCTIONBATCH,475,01013,,0,,001,0,220.00000
8890,,PRODUCTIONBATCH,475,01016,,0,,0001,40,10.00000
8891,,PRODUCTIONBATCH,475,01034,,0,,0001,0,559.14782
8892,,PRODUCTIONBATCH,475,01042,,0,,0001,0,165.19944
8893,,PRODUCTIONBATCH,475,01043,,0,,0001,10,13.75000
8894,,PRODUCTIONBATCH,475,01050,,0,,001,0,3100.00000
8895,,PRODUCTIONBATCH,475,01052,,0,,0001,0,14500.00000
8896,,PRODUCTIONBATCH,475,01053,,0,,0001,0,17499.52012
8897,,PRODUCTIONBATCH,475,01054,,0,,0001,0,17499.10934
8898,,PRODUCTIONBATCH,475,01056,,0,,0001,0,18697.38365
8899,,PRODUCTIONBATCH,475,01057,,0,,0001,0,12863.29191
8900,,PRODUCTIONBATCH,475,01060,,0,,001,0,950.00000
8901,,PRODUCTIONBATCH,475,01072,,0,,0001,0,9146.17902
8902,,PRODUCTIONBATCH,475,01073,,0,,001,0,400.00000
8903,,PRODUCTIONBATCH,475,01143,,0,,0001,0,3200.00000
8904,,Productions,475,03151,0001,50,62.56040,0001,50,62.57255
8905,,Productions,476,03163,,0,,0001,50,17.00000
8906,,PRODUCTIONBATCH,476,01015,,0,,0001,50,17.00000
8907,,Productions,476,03163,0001,50,17.00000,0001,50,17.00000
8908,,PACKING,497,00212,,0,,0001,2,1604.31500
8909,,PACKINGBATCH,497,02245,,0,,0001,2,40.00000
8910,,PACKINGBATCH,497,03151,,0,,0001,50,62.57255
8911,,PACKING,497,00212,0001,2,1604.31500,0001,2,1604.31375
8912,,PACKING,498,00231,,0,,0001,2,425.00000
8913,,PACKINGBATCH,498,03163,,0,,0001,50,17.00000
8914,,PACKING,498,00231,0001,2,425.00000,0001,2,425.00000
8915,,PurchasesBatch,250,01047,,0,,0001,50,66.00000
8916,,PurchasesBatch,250,01193,,0,,0001,5,710.00000
8917,,PurchasesBatch,250,01184,,0,,0001,25,367.00000
8918,,PurchasesBatch,251,01002,,0,,0001,25,280.00000
8919,,PurchasesBatch,251,01027,,0,,0001,25,400.00000
8920,,PurchasesBatch,252,02200,,0,,0001,64,40.00000
8921,,PurchasesBatch,252,02146,,0,,0001,25,75.00000
8922,,PurchasesBatch,253,02010,,0,,0001,1300,7.80000
8923,,PurchasesBatch,254,02009,,0,,0001,1200,20.00000
8924,,Productions,477,03011,,0,,0001,100,81.74320
8925,,PRODUCTIONBATCH,477,01010,,0,,0001,1,2800.00000
8926,,PRODUCTIONBATCH,477,01012,,0,,0001,0,4000.00000
8927,,PRODUCTIONBATCH,477,01013,,0,,001,1,220.00000
8928,,PRODUCTIONBATCH,477,01038,,0,,001,1,650.00000
8929,,PRODUCTIONBATCH,477,01043,,0,,0001,0,13.75000
8930,,PRODUCTIONBATCH,477,01058,,0,,0001,0,1400.15171
8931,,PRODUCTIONBATCH,477,01060,,0,,001,0,950.00000
8932,,PRODUCTIONBATCH,477,01184,,0,,0001,5,366.97462
8933,,Productions,477,03011,0001,100,81.74320,0001,100,81.81824
8934,,Productions,478,03129,,0,,0001,50,317.82260
8935,,PRODUCTIONBATCH,478,01001,,0,,0001,0,1850.00000
8936,,PRODUCTIONBATCH,478,01002,,0,,0001,19,278.50538
8937,,PRODUCTIONBATCH,478,01047,,0,,0001,31,67.64758
8938,,PRODUCTIONBATCH,478,01052,,0,,0001,0,14500.00000
8939,,PRODUCTIONBATCH,478,01055,,0,,0001,5,1549.99192
8940,,Productions,478,03129,0001,50,317.82260,0001,50,317.82274
8941,,Productions,479,03182,,0,,001,550,21.25696
8942,,PRODUCTIONBATCH,479,01009,,0,,001,0,2200.00000
8943,,PRODUCTIONBATCH,479,01013,,0,,001,0,220.00000
8944,,PRODUCTIONBATCH,479,01016,,0,,0001,440,10.00000
8945,,PRODUCTIONBATCH,479,01042,,0,,0001,5,165.19944
8946,,PRODUCTIONBATCH,479,01043,,0,,0001,110,13.75000
8947,,PRODUCTIONBATCH,479,01050,,0,,001,0,3100.00000
8948,,PRODUCTIONBATCH,479,01053,,0,,0001,0,17499.52012
8949,,PRODUCTIONBATCH,479,01054,,0,,0001,0,17499.10934
8950,,PRODUCTIONBATCH,479,01143,,0,,0001,0,3200.00000
8951,,Productions,479,03182,001,550,21.25696,001,550,21.26586
8952,,PACKING,499,00052,,0,,0001,20,927.73600
8953,,PACKINGBATCH,499,02014,,0,,0001,20,439.99557
8954,,PACKINGBATCH,499,02029,,0,,0001,20,20.00000
8955,,PACKINGBATCH,499,03011,,0,,0001,100,81.81824
8956,,PACKINGBATCH,499,02004,,0,,0001,5,234.59841
8957,,PACKING,499,00052,0001,20,927.73600,0001,20,927.73637
8958,,PACKING,500,00178,,0,,0001,50,371.20680
8959,,PACKINGBATCH,500,02200,,0,,001,55,40.00000
8960,,PACKINGBATCH,500,03129,,0,,0001,50,317.82274
8961,,PACKINGBATCH,500,02004,,0,,0001,2,234.59841
8962,,PACKING,500,00178,0001,50,371.20680,0001,50,371.20668
8963,,PACKING,501,00265,,0,,0001,500,62.99578
8964,,PACKINGBATCH,501,02315,,0,,0001,500,30.00000
8965,,PACKINGBATCH,501,03182,,0,,001,500,21.26586
8966,,PACKINGBATCH,501,02004,,0,,0001,25,234.59841
8967,,PACKING,501,00265,0001,500,62.99578,0001,500,62.99578
8968,,PACKING,502,00258,,0,,0001,2,2651.64500
8969,,PACKINGBATCH,502,02311,,0,,0001,2,2050.00000
8970,,PACKINGBATCH,502,02312,,0,,0001,2,70.00000
8971,,PACKINGBATCH,502,03182,,0,,001,50,21.26586
8972,,PACKING,502,00258,0001,2,2651.64500,0001,2,2651.64650
8973,,SALESBATCH,221,00231,0001,8,315.23556,,0,
8974,,SALESBATCH,221,00231,,0,,0001,8,316.27107
8975,,Productions,480,03002,,0,,0001,1250,17.00000
8976,,PRODUCTIONBATCH,480,01015,,0,,0001,1250,17.00000
8977,,Productions,480,03002,0001,1250,17.00000,0001,1250,17.00000
8978,,PACKING,503,00019,,0,,0001,50,515.00000
8979,,PACKINGBATCH,503,02034,,0,,001,50,100.00000
8980,,PACKINGBATCH,503,03002,,0,,0001,1250,17.00000
8981,,PACKING,503,00019,0001,50,515.00000,0001,50,525.00000
8982,,Productions,481,03046,,0,,0001,250,16.53804
8983,,PRODUCTIONBATCH,481,01003,,0,,0001,2,13.80247
8984,,PRODUCTIONBATCH,481,01016,,0,,0001,250,10.00000
8985,,PRODUCTIONBATCH,481,01044,,0,,0001,12,128.00000
8986,,Productions,481,03046,0001,250,16.53804,0001,250,16.53803
8987,,PACKING,504,00220,,0,,0001,10,466.43100
8988,,PACKINGBATCH,504,02258,,0,,0001,12,44.15027
8989,,PACKINGBATCH,504,03046,,0,,0001,250,16.53803
8990,,PACKING,504,00220,0001,10,466.43100,0001,10,466.43107
8991,,Productions,482,03182,,0,,0001,750,21.25697
8992,,PRODUCTIONBATCH,482,01009,,0,,001,0,2200.00000
8993,,PRODUCTIONBATCH,482,01013,,0,,001,0,220.00000
8994,,PRODUCTIONBATCH,482,01016,,0,,0001,600,10.00000
8995,,PRODUCTIONBATCH,482,01042,,0,,0001,7,165.19944
8996,,PRODUCTIONBATCH,482,01043,,0,,0001,150,13.75000
8997,,PRODUCTIONBATCH,482,01050,,0,,001,0,3100.00000
8998,,PRODUCTIONBATCH,482,01053,,0,,0001,0,17499.52012
8999,,PRODUCTIONBATCH,482,01054,,0,,0001,0,17499.10934
9000,,PRODUCTIONBATCH,482,01143,,0,,0001,0,3200.00000
9001,,Productions,482,03182,0001,750,21.25697,0001,750,21.26586
9002,,PACKING,505,00258,,0,,0001,30,2663.31333
9003,,PACKINGBATCH,505,02311,,0,,0001,30,2050.00000
9004,,PACKINGBATCH,505,02312,,0,,0001,35,70.00000
9005,,PACKINGBATCH,505,03182,,0,,0001,750,21.26586
9006,,PACKING,505,00258,0001,30,2663.31333,0001,30,2663.31317
9007,,Productions,483,03144,,0,,0001,1250,11.90123
9008,,PRODUCTIONBATCH,483,01003,,0,,0001,625,13.80247
9009,,PRODUCTIONBATCH,483,01033,,0,,0001,125,50.00000
9010,,Productions,483,03144,0001,1250,11.90123,0001,1250,11.90124
9011,,Productions,484,03003,,0,,0001,340,34.16115
9012,,PRODUCTIONBATCH,484,01013,,0,,001,5,220.00000
9013,,PRODUCTIONBATCH,484,01022,,0,,0001,0,4000.00000
9014,,PRODUCTIONBATCH,484,01038,,0,,001,5,650.00000
9015,,PRODUCTIONBATCH,484,01043,,0,,0001,1,13.75000
9016,,PRODUCTIONBATCH,484,01048,,0,,0001,1,1405.95140
9017,,PRODUCTIONBATCH,484,01056,,0,,0001,0,18697.38365
9018,,PRODUCTIONBATCH,484,01058,,0,,0001,1,1400.15171
9019,,PRODUCTIONBATCH,484,01060,,0,,001,0,950.00000
9020,,Productions,484,03003,0001,340,34.16115,0001,340,34.23627
9021,,PACKING,506,00199,,0,,0001,50,337.53100
9022,,PACKINGBATCH,506,02222,,0,,0001,50,40.00000
9023,,PACKINGBATCH,506,03144,,0,,0001,1250,11.90124
9024,,PACKING,506,00199,0001,50,337.53100,0001,50,337.53100
9025,,PACKING,507,00049,,0,,0001,32,633.39906
9026,,PACKINGBATCH,507,02014,,0,,0001,32,439.99557
9027,,PACKINGBATCH,507,02027,,0,,0001,32,22.22222
9028,,PACKINGBATCH,507,03003,,0,,0001,160,34.23627
9029,,PACKING,507,00049,0001,32,633.39906,0001,32,633.39914
9030,,PACKING,508,00032,,0,,0001,180,282.23628
9031,,PACKINGBATCH,508,02097,,0,,0001,180,230.00000
9032,,PACKINGBATCH,508,02385,,0,,001,180,18.00000
9033,,PACKINGBATCH,508,03003,,0,,0001,180,34.23627
9034,,PACKING,508,00032,0001,180,282.23628,0001,180,282.23627
9035,,PACKING,508,00032,0001,180,282.23627,0001,180,282.23627
9036,,PACKINGBATCH,508,03003,0001,180,34.23627,,0,
9037,,PACKINGBATCH,508,03003,,0,,0001,180,34.23627
9038,,PACKINGBATCH,508,02059,,0,,0001,12,176.00000
9039,,PACKING,508,00032,0001,180,282.23627,0001,180,293.96960
9040,,PACKING,507,00049,0001,32,633.39914,0001,32,633.39914
9041,,PACKINGBATCH,507,02004,,0,,0001,8,234.59841
9042,,PACKING,507,00049,0001,32,633.39914,0001,32,692.04874
9043,,PurchasesBatch,255,01003,,0,,0001,10000,13.00000
9044,,PurchasesBatch,256,02097,,0,,0001,600,230.00000
9045,,PurchasesBatch,257,01043,,0,,0001,400,13.75000
9046,,Productions,485,03046,,0,,0001,125,16.53032
9047,,PRODUCTIONBATCH,485,01003,,0,,0001,1,13.03231
9048,,PRODUCTIONBATCH,485,01016,,0,,0001,125,10.00000
9049,,PRODUCTIONBATCH,485,01044,,0,,0001,6,128.00000
9050,,Productions,485,03046,0001,125,16.53032,0001,125,16.53032
9051,,PACKING,509,00220,,0,,0001,5,457.40800
9052,,PACKINGBATCH,509,02258,,0,,0001,5,44.15027
9053,,PACKINGBATCH,509,03046,,0,,0001,125,16.53032
9054,,PACKING,509,00220,0001,5,457.40800,0001,5,457.40827
9055,,PurchasesBatch,258,01027,,0,,0001,25,400.00000
9056,,Productions,486,03010,,0,,0001,40,92.81825
9057,,PRODUCTIONBATCH,486,01025,,0,,0001,0,7200.00000
9058,,PRODUCTIONBATCH,486,01028,,0,,0001,0,1650.00000
9059,,PRODUCTIONBATCH,486,01041,,0,,0001,0,560.00720
9060,,PRODUCTIONBATCH,486,01045,,0,,001,0,350.00000
9061,,PRODUCTIONBATCH,486,01050,,0,,001,0,3100.00000
9062,,PRODUCTIONBATCH,486,01058,,0,,0001,0,1400.15171
9063,,Productions,486,03010,0001,40,92.81825,0001,40,92.46064
9064,,Productions,487,03179,,0,,0001,40,46.41575
9065,,PRODUCTIONBATCH,487,01010,,0,,0001,0,2800.00000
9066,,PRODUCTIONBATCH,487,01012,,0,,0001,0,4000.00000
9067,,PRODUCTIONBATCH,487,01020,,0,,0001,0,314.70791
9068,,PRODUCTIONBATCH,487,01038,,0,,001,0,650.00000
9069,,PRODUCTIONBATCH,487,01041,,0,,0001,1,560.00720
9070,,PRODUCTIONBATCH,487,01058,,0,,0001,0,1400.15171
9071,,PRODUCTIONBATCH,487,01060,,0,,001,0,950.00000
9072,,Productions,487,03179,0001,40,46.41575,0001,40,46.41575
9073,,Productions,488,03003,,0,,0001,80,34.16113
9074,,PRODUCTIONBATCH,488,01013,,0,,001,0,220.00000
9075,,PRODUCTIONBATCH,488,01013,,0,,0001,0,209.98276
9076,,PRODUCTIONBATCH,488,01022,,0,,0001,0,4000.00000
9077,,PRODUCTIONBATCH,488,01038,,0,,001,1,650.00000
9078,,PRODUCTIONBATCH,488,01043,,0,,0001,0,13.75000
9079,,PRODUCTIONBATCH,488,01048,,0,,0001,0,1405.95140
9080,,PRODUCTIONBATCH,488,01056,,0,,0001,0,18697.38365
9081,,PRODUCTIONBATCH,488,01058,,0,,0001,0,1400.15171
9082,,PRODUCTIONBATCH,488,01060,,0,,001,0,950.00000
9083,,Productions,488,03003,0001,80,34.16113,0001,80,34.18963
9084,,Productions,489,03012,,0,,0001,80,102.21013
9085,,PRODUCTIONBATCH,489,01027,,0,,001,8,400.00000
9086,,PRODUCTIONBATCH,489,01041,,0,,0001,1,560.00720
9087,,PRODUCTIONBATCH,489,01050,,0,,001,0,3100.00000
9088,,PRODUCTIONBATCH,489,01058,,0,,0001,0,1400.15171
9089,,PRODUCTIONBATCH,489,01193,,0,,001,1,1150.00000
9090,,PRODUCTIONBATCH,489,01193,,0,,0001,2,710.00000
9091,,Productions,489,03012,0001,80,102.21013,0001,80,99.46087
9092,,Productions,490,03165,,0,,0001,80,23.82688
9093,,PRODUCTIONBATCH,490,01012,,0,,0001,0,4000.00000
9094,,PRODUCTIONBATCH,490,01021,,0,,0001,0,340.07146
9095,,PRODUCTIONBATCH,490,01035,,0,,0001,0,1278.57143
9096,,PRODUCTIONBATCH,490,01041,,0,,0001,0,560.00720
9097,,PRODUCTIONBATCH,490,01043,,0,,0001,0,13.75000
9098,,PRODUCTIONBATCH,490,01044,,0,,0001,1,128.00000
9099,,PRODUCTIONBATCH,490,01058,,0,,0001,0,1400.15171
9100,,Productions,490,03165,0001,80,23.82688,0001,80,23.82683
9101,,Productions,491,03018,,0,,0001,80,86.51075
9102,,PRODUCTIONBATCH,491,01027,,0,,001,12,400.00000
9103,,PRODUCTIONBATCH,491,01041,,0,,0001,0,560.00720
9104,,PRODUCTIONBATCH,491,01043,,0,,0001,7,13.75000
9105,,PRODUCTIONBATCH,491,01050,,0,,001,0,3100.00000
9106,,PRODUCTIONBATCH,491,01058,,0,,0001,0,1400.15171
9107,,PRODUCTIONBATCH,491,01073,,0,,001,3,400.00000
9108,,PRODUCTIONBATCH,491,01073,,0,,0001,0,373.47646
9109,,Productions,491,03018,0001,80,86.51075,0001,80,86.95128
9110,,PACKING,510,00201,,0,,0001,400,30.73128
9111,,PACKINGBATCH,510,02010,,0,,0001,400,7.80000
9112,,PACKINGBATCH,510,02224,,0,,0001,420,11.50000
9113,,PACKINGBATCH,510,03010,,0,,0001,40,92.46064
9114,,PACKINGBATCH,510,02006,,0,,001,4,213.00000
9115,,PACKING,510,00201,0001,400,30.73128,0001,400,31.25106
9116,,PACKING,511,00257,,0,,0001,400,26.11330
9117,,PACKINGBATCH,511,02010,,0,,0001,400,7.80000
9118,,PACKINGBATCH,511,02313,,0,,0001,420,11.50000
9119,,PACKINGBATCH,511,03179,,0,,0001,40,46.41575
9120,,PACKINGBATCH,511,02006,,0,,001,4,213.00000
9121,,PACKING,511,00257,0001,400,26.11330,0001,400,26.64658
9122,,PACKING,512,00010,,0,,0001,800,12.25160
9123,,PACKINGBATCH,512,02018,,0,,0001,490,12.00000
9124,,PACKINGBATCH,512,03003,,0,,0001,80,34.18963
9125,,PACKINGBATCH,512,02006,,0,,001,5,213.00000
9126,,PACKINGBATCH,512,02006,,0,,0001,3,146.41477
9127,,PACKING,512,00010,0001,800,12.25160,0001,800,12.64927
9128,,PACKING,513,00013,,0,,0001,800,43.19774
9129,,PACKINGBATCH,513,02009,,0,,001,100,20.00000
9130,,PACKINGBATCH,513,02009,,0,,0001,700,20.00000
9131,,PACKINGBATCH,513,02019,,0,,0001,820,11.50000
9132,,PACKINGBATCH,513,03012,,0,,0001,80,99.46087
9133,,PACKINGBATCH,513,02006,,0,,0001,8,146.41477
9134,,PACKING,513,00013,0001,800,43.19774,0001,800,43.19774
9135,,PACKING,514,00233,,0,,0001,800,24.04684
9136,,PACKINGBATCH,514,02010,,0,,0001,800,7.80000
9137,,PACKINGBATCH,514,02278,,0,,0001,820,12.00000
9138,,PACKINGBATCH,514,03165,,0,,0001,80,23.82683
9139,,PACKINGBATCH,514,02006,,0,,0001,8,146.41477
9140,,PACKING,514,00233,0001,800,24.04684,0001,800,23.94683
9141,,PACKING,515,00008,,0,,0001,800,30.28873
9142,,PACKINGBATCH,515,02020,,0,,0001,820,12.00000
9143,,PACKINGBATCH,515,03018,,0,,0001,80,86.95128
9144,,PACKINGBATCH,515,02006,,0,,0001,8,146.41477
9145,,PACKINGBATCH,515,02010,,0,,0001,800,7.80000
9146,,PACKING,515,00008,0001,800,30.28873,0001,800,30.25928
9147,,Productions,492,03151,,0,,0001,200,55.30895
9148,,PRODUCTIONBATCH,492,01009,,0,,001,0,2200.00000
9149,,PRODUCTIONBATCH,492,01013,,0,,0001,0,209.98276
9150,,PRODUCTIONBATCH,492,01016,,0,,0001,160,10.00000
9151,,PRODUCTIONBATCH,492,01034,,0,,0001,0,559.14782
9152,,PRODUCTIONBATCH,492,01042,,0,,0001,2,165.19944
9153,,PRODUCTIONBATCH,492,01043,,0,,0001,40,13.75000
9154,,PRODUCTIONBATCH,492,01050,,0,,001,0,3100.00000
9155,,PRODUCTIONBATCH,492,01053,,0,,0001,0,17499.52012
9156,,PRODUCTIONBATCH,492,01054,,0,,0001,0,17499.10934
9157,,PRODUCTIONBATCH,492,01056,,0,,0001,0,18697.38365
9158,,PRODUCTIONBATCH,492,01057,,0,,0001,0,12863.29191
9159,,PRODUCTIONBATCH,492,01060,,0,,001,0,950.00000
9160,,PRODUCTIONBATCH,492,01072,,0,,0001,0,9146.17902
9161,,PRODUCTIONBATCH,492,01073,,0,,0001,0,373.47646
9162,,PRODUCTIONBATCH,492,01143,,0,,0001,0,3200.00000
9163,,Productions,492,03151,0001,200,55.30895,0001,200,55.31940
9164,,Productions,493,03182,,0,,0001,620,21.25648
9165,,PRODUCTIONBATCH,493,01009,,0,,001,0,2200.00000
9166,,PRODUCTIONBATCH,493,01013,,0,,0001,0,209.98276
9167,,PRODUCTIONBATCH,493,01016,,0,,0001,496,10.00000
9168,,PRODUCTIONBATCH,493,01042,,0,,0001,6,165.19944
9169,,PRODUCTIONBATCH,493,01043,,0,,0001,124,13.75000
9170,,PRODUCTIONBATCH,493,01050,,0,,001,0,3100.00000
9171,,PRODUCTIONBATCH,493,01053,,0,,0001,0,17499.52012
9172,,PRODUCTIONBATCH,493,01054,,0,,0001,0,17499.10934
9173,,PRODUCTIONBATCH,493,01143,,0,,0001,0,3200.00000
9174,,Productions,493,03182,0001,620,21.25648,0001,620,21.26486
9175,,Productions,494,03163,,0,,0001,500,17.00000
9176,,PRODUCTIONBATCH,494,01015,,0,,0001,500,17.00000
9177,,Productions,494,03163,0001,500,17.00000,0001,500,17.00000
9178,,Productions,495,03253,,0,,0001,100,16.71620
9179,,PRODUCTIONBATCH,495,01003,,0,,0001,50,13.03231
9180,,PRODUCTIONBATCH,495,01007,,0,,0001,2,35.00000
9181,,PRODUCTIONBATCH,495,01015,,0,,0001,50,17.00000
9182,,PRODUCTIONBATCH,495,01033,,0,,0001,2,50.00000
9183,,Productions,495,03253,0001,100,16.71620,0001,100,16.71616
9184,,Productions,496,03014,,0,,0001,50,13.03240
9185,,PRODUCTIONBATCH,496,01003,,0,,0001,50,13.03231
9186,,Productions,496,03014,0001,50,13.03240,0001,50,13.03231
9187,,Productions,497,03151,,0,,0001,50,55.30880
9188,,PRODUCTIONBATCH,497,01009,,0,,001,0,2200.00000
9189,,PRODUCTIONBATCH,497,01013,,0,,0001,0,209.98276
9190,,PRODUCTIONBATCH,497,01016,,0,,0001,40,10.00000
9191,,PRODUCTIONBATCH,497,01034,,0,,0001,0,559.14782
9192,,PRODUCTIONBATCH,497,01042,,0,,0001,0,165.19944
9193,,PRODUCTIONBATCH,497,01043,,0,,0001,10,13.75000
9194,,PRODUCTIONBATCH,497,01050,,0,,001,0,3100.00000
9195,,PRODUCTIONBATCH,497,01053,,0,,0001,0,17499.52012
9196,,PRODUCTIONBATCH,497,01054,,0,,0001,0,17499.10934
9197,,PRODUCTIONBATCH,497,01056,,0,,0001,0,18697.38365
9198,,PRODUCTIONBATCH,497,01057,,0,,0001,0,12863.29191
9199,,PRODUCTIONBATCH,497,01060,,0,,001,0,950.00000
9200,,PRODUCTIONBATCH,497,01072,,0,,0001,0,9146.17902
9201,,PRODUCTIONBATCH,497,01073,,0,,0001,0,373.47646
9202,,PRODUCTIONBATCH,497,01143,,0,,0001,0,3200.00000
9203,,Productions,497,03151,0001,50,55.30880,0001,50,55.31940
9204,,PACKING,516,00212,,0,,0001,8,1422.98500
9205,,PACKINGBATCH,516,02245,,0,,0001,8,40.00000
9206,,PACKINGBATCH,516,03151,,0,,0001,200,55.31940
9207,,PACKING,516,00212,0001,8,1422.98500,0001,8,1422.98500
9208,,PACKING,517,00263,,0,,0001,1200,14.63913
9209,,PACKINGBATCH,517,02320,,0,,0001,1220,10.00000
9210,,PACKINGBATCH,517,03182,,0,,0001,120,21.26486
9211,,PACKINGBATCH,517,02004,,0,,0001,12,234.59841
9212,,PACKING,517,00263,0001,1200,14.63913,0001,1200,14.63914
9213,,PACKING,518,00265,,0,,0001,250,68.06488
9214,,PACKINGBATCH,518,02315,,0,,0001,250,30.00000
9215,,PACKINGBATCH,518,03182,,0,,0001,250,21.26486
9216,,PACKINGBATCH,518,02306,,0,,0001,20,210.00000
9217,,PACKING,518,00265,0001,250,68.06488,0001,250,68.06486
9218,,PACKING,519,00258,,0,,0001,10,2651.62200
9219,,PACKINGBATCH,519,02311,,0,,0001,10,2050.00000
9220,,PACKINGBATCH,519,02312,,0,,0001,10,70.00000
9221,,PACKINGBATCH,519,03182,,0,,0001,250,21.26486
9222,,PACKING,519,00258,0001,10,2651.62200,0001,10,2651.62150
9223,,PACKING,520,00248,,0,,0001,500,55.40000
9224,,PACKINGBATCH,520,02299,,0,,0001,500,30.00000
9225,,PACKINGBATCH,520,03163,,0,,0001,500,17.00000
9226,,PACKINGBATCH,520,02306,,0,,0001,20,210.00000
9227,,PACKING,520,00248,0001,500,55.40000,0001,500,55.40000
9228,,PACKING,521,00357,,0,,0001,4,465.53750
9229,,PACKINGBATCH,521,02420,,0,,0001,4,47.63222
9230,,PACKINGBATCH,521,03253,,0,,0001,100,16.71616
9231,,PACKING,521,00357,0001,4,465.53750,0001,4,465.53622
9232,,PACKING,522,00022,,0,,0001,4,338.53500
9233,,PACKINGBATCH,522,03014,,0,,0001,100,13.54135
9234,,PACKING,522,00022,0001,4,338.53500,0001,4,338.53375
9235,,PACKING,522,00022,0001,4,338.53375,0001,2,338.53375
9236,,PACKINGBATCH,522,03014,0001,100,13.54135,,0,
9237,,PACKINGBATCH,522,03014,,0,,0001,50,13.54135
9238,,PACKING,522,00022,0001,2,338.53375,0001,2,338.53375
9239,,PACKING,523,00212,,0,,0001,2,1422.98500
9240,,PACKINGBATCH,523,02245,,0,,0001,2,40.00000
9241,,PACKINGBATCH,523,03151,,0,,0001,50,55.31940
9242,,PACKING,523,00212,0001,2,1422.98500,0001,2,1422.98500
9243,,PACKINGBATCH,515,02006,0001,8,146.41477,,0,
9244,,PACKINGBATCH,515,02010,0001,800,7.80000,,0,
9245,,PACKINGBATCH,515,02020,0001,820,12.00000,,0,
9246,,PACKINGBATCH,515,03018,0001,80,86.95128,,0,
9247,,PACKING,515,00008,0001,800,30.25928,,0,
9248,,PACKING,513,00013,0001,800,43.19774,0001,800,43.19774
9249,,PACKINGBATCH,513,02010,,0,,0001,805,7.80000
9250,,PACKINGBATCH,513,02009,0001,700,20.00000,,0,
9251,,PACKINGBATCH,513,02009,001,100,20.00000,,0,
9252,,PACKING,513,00013,0001,800,43.19774,0001,800,31.04649
9253,,PACKING,524,00008,,0,,0001,800,30.34314
9254,,PACKINGBATCH,524,02020,,0,,0001,820,12.00000
9255,,PACKINGBATCH,524,03018,,0,,0001,80,86.95128
9256,,PACKINGBATCH,524,02010,,0,,0001,805,7.80000
9257,,PACKINGBATCH,524,02006,,0,,0001,8,146.41477
9258,,PACKING,524,00008,0001,800,30.34314,0001,800,30.30803
9259,,SALESBATCH,236,00399,,0,,0001,24,697.74863
9260,,SALESBATCH,236,00400,,0,,0001,24,471.61128
9261,,SALESBATCH,236,00401,,0,,0001,24,571.27602
9262,,SALESBATCH,236,00402,,0,,280726,24,488.22861
9263,,SALESBATCH,236,00403,,0,,280726,24,508.89413
9264,,SALESBATCH,236,00404,,0,,0001,24,341.47380
9265,,SALESBATCH,237,00357,,0,,0001,4,547.84972
9266,,SALESBATCH,238,00380,,0,,0001,60,740.73777
9267,,SALESBATCH,239,00220,,0,,0001,2,460.33029
9268,,SALESBATCH,239,00022,,0,,0001,7,377.80551
9269,,SALESBATCH,239,00212,,0,,0001,2,1477.54569
9270,,SALESBATCH,239,00231,,0,,0001,2,316.27107
9271,,SALESBATCH,240,00052,,0,,0001,20,927.73637
9272,,SALESBATCH,240,00178,,0,,0001,50,371.20668
9273,,SALESBATCH,241,00220,,0,,0001,10,460.33029
9274,,SALESBATCH,242,00265,,0,,0001,500,64.68547
9275,,SALESBATCH,242,00258,,0,,0001,2,2659.97388
9276,,SALESBATCH,242,00363,,0,,0001,2,14000.00000
9277,,SALESBATCH,242,00019,,0,,0001,50,525.00000
9278,,SALESBATCH,243,00258,,0,,0001,30,2659.97388
9279,,SALESBATCH,243,00199,,0,,0001,50,337.53100
9280,,SALESBATCH,243,00032,,0,,001,60,264.92021
9281,,SALESBATCH,243,00032,,0,,0001,120,293.96960
9282,,SALESBATCH,243,00049,,0,,0001,32,697.77939
9283,,SALESBATCH,244,00363,,0,,0001,2,14000.00000
9284,,SALESBATCH,245,00220,,0,,0001,5,460.33029
9285,,SALESBATCH,246,00201,,0,,0001,400,31.25106
9286,,SALESBATCH,246,00257,,0,,0001,400,26.64658
9287,,SALESBATCH,246,00010,,0,,0001,800,12.64927
9288,,SALESBATCH,246,00013,,0,,0001,800,31.04649
9289,,SALESBATCH,246,00233,,0,,0001,800,23.94683
9290,,SALESBATCH,246,00008,,0,,0001,800,30.30803
9291,,SALESBATCH,246,00220,,0,,0001,15,460.33029
9292,,SALESBATCH,246,00212,,0,,0001,8,1477.54569
9293,,SALESBATCH,246,00265,,0,,0001,250,64.68547
9294,,SALESBATCH,246,00258,,0,,0001,10,2659.97388
9295,,SALESBATCH,246,00263,,0,,0001,1200,14.63914
9296,,SALESBATCH,246,00248,,0,,0001,500,51.56079
9297,,PurchasesBatch,259,01184,,0,,0001,90,367.00000
9298,,PurchasesBatch,259,01043,,0,,0001,400,13.75000
9299,,PurchasesBatch,260,02014,,0,,0001,340,440.00000
9300,,PurchasesBatch,261,02274,,0,,0001,515,100.00000
9301,,PurchasesBatch,261,02346,,0,,0001,325,40.00000
9302,,PurchasesBatch,261,02385,,0,,0001,1275,18.00000
9303,,PurchasesBatch,261,02258,,0,,0001,220,40.00000
9304,,PurchasesBatch,261,02440,,0,,0001,10,190.00000
9305,,PurchasesBatch,261,02272,,0,,0001,25,40.00000
9306,,PurchasesBatch,262,02004,,0,,0001,200,235.00000
9307,,Productions,498,03182,,0,,0001,500,21.25650
9308,,PRODUCTIONBATCH,498,01009,,0,,001,0,2200.00000
9309,,PRODUCTIONBATCH,498,01013,,0,,0001,0,209.98276
9310,,PRODUCTIONBATCH,498,01016,,0,,0001,400,10.00000
9311,,PRODUCTIONBATCH,498,01042,,0,,0001,5,165.19944
9312,,PRODUCTIONBATCH,498,01043,,0,,0001,100,13.75000
9313,,PRODUCTIONBATCH,498,01050,,0,,001,0,3100.00000
9314,,PRODUCTIONBATCH,498,01053,,0,,0001,0,17499.52012
9315,,PRODUCTIONBATCH,498,01054,,0,,0001,0,17499.10934
9316,,PRODUCTIONBATCH,498,01143,,0,,0001,0,3200.00000
9317,,Productions,498,03182,0001,500,21.25650,0001,500,21.26486
9318,,Productions,499,03202,,0,,0001,1200,90.27783
9319,,PRODUCTIONBATCH,499,01009,,0,,001,2,2200.00000
9320,,PRODUCTIONBATCH,499,01010,,0,,0001,9,2800.00000
9321,,PRODUCTIONBATCH,499,01012,,0,,0001,0,4000.00000
9322,,PRODUCTIONBATCH,499,01020,,0,,0001,4,314.70791
9323,,PRODUCTIONBATCH,499,01021,,0,,0001,4,340.07146
9324,,PRODUCTIONBATCH,499,01028,,0,,0001,13,1650.00000
9325,,PRODUCTIONBATCH,499,01041,,0,,0001,6,560.00720
9326,,PRODUCTIONBATCH,499,01045,,0,,001,24,350.00000
9327,,PRODUCTIONBATCH,499,01058,,0,,0001,4,1400.15171
9328,,PRODUCTIONBATCH,499,01105,,0,,0001,2,414.58858
9329,,PRODUCTIONBATCH,499,01184,,0,,0001,84,366.99500
9330,,Productions,499,03202,0001,1200,90.27783,0001,1200,89.56120
9331,,PACKING,525,00258,,0,,0001,20,2651.62150
9332,,PACKINGBATCH,525,02311,,0,,0001,20,2050.00000
9333,,PACKINGBATCH,525,02312,,0,,0001,20,70.00000
9334,,PACKINGBATCH,525,03182,,0,,0001,500,21.26486
9335,,PACKING,525,00258,0001,20,2651.62150,0001,20,2651.62150
9336,,PACKING,526,00292,,0,,0001,240,986.50779
9337,,PACKINGBATCH,526,02014,,0,,0001,240,439.99732
9338,,PACKINGBATCH,526,02346,,0,,0001,240,40.00000
9339,,PACKINGBATCH,526,03202,,0,,0001,1200,89.56120
9340,,PACKINGBATCH,526,02004,,0,,0001,60,234.81786
9341,,PACKING,526,00292,0001,240,986.50779,0001,240,986.50779
9342,,PurchasesBatch,263,02014,,0,,0001,357,440.00000
9343,,PurchasesBatch,263,02097,,0,,0001,120,230.00000
9344,,PurchasesBatch,264,01060,,0,,0001,25,950.00000
9345,,PurchasesBatch,265,01193,,0,,0001,5,950.00000
9346,,PurchasesBatch,266,02054,,0,,0001,20,190.00000
9347,,PurchasesBatch,266,02443,,0,,0001,55,80.00000
9348,,PurchasesBatch,266,02455,,0,,0001,80,80.00000
9349,,PurchasesBatch,266,02459,,0,,0001,135,40.00000
9350,,PurchasesBatch,266,02457,,0,,0001,80,80.00000
9351,,PurchasesBatch,266,02297,,0,,0001,70,40.00000
9352,,PurchasesBatch,266,02271,,0,,0001,55,40.00000
9353,,PurchasesBatch,266,02129,,0,,0001,12,75.00000
9354,,PurchasesBatch,267,02468,,0,,0001,135,40.00000
9355,,PurchasesBatch,267,02469,,0,,0001,135,40.00000
9356,,PurchasesBatch,267,02470,,0,,0001,30,40.00000
9357,,PurchasesBatch,267,02471,,0,,0001,12,140.00000
9358,,PurchasesBatch,267,02472,,0,,0001,12,140.00000
9359,,Productions,500,03294,,0,,0001,100,29.74360
9360,,PRODUCTIONBATCH,500,01004,,0,,0001,1,400.00000
9361,,PRODUCTIONBATCH,500,01041,,0,,0001,0,560.00720
9362,,PRODUCTIONBATCH,500,01044,,0,,0001,1,128.00000
9363,,PRODUCTIONBATCH,500,01045,,0,,001,1,350.00000
9364,,PRODUCTIONBATCH,500,01050,,0,,001,0,3100.00000
9365,,PRODUCTIONBATCH,500,01055,,0,,0001,1,1549.99192
9366,,Productions,500,03294,0001,100,29.74360,0001,100,29.27795
9367,,Productions,501,03144,,0,,0001,50,40.49540
9368,,PRODUCTIONBATCH,501,01003,,0,,0001,25,13.03231
9369,,PRODUCTIONBATCH,501,01033,,0,,0001,5,50.00000
9370,,PRODUCTIONBATCH,501,01059,,0,,0001,20,72.44776
9371,,Productions,501,03144,0001,50,40.49540,0001,50,40.49526
9372,,Productions,502,03271,,0,,0001,200,80.84795
9373,,PRODUCTIONBATCH,502,01004,,0,,0001,0,400.00000
9374,,PRODUCTIONBATCH,502,01010,,0,,0001,2,2800.00000
9375,,PRODUCTIONBATCH,502,01012,,0,,0001,0,4000.00000
9376,,PRODUCTIONBATCH,502,01020,,0,,0001,2,314.70791
9377,,PRODUCTIONBATCH,502,01021,,0,,0001,2,340.07146
9378,,PRODUCTIONBATCH,502,01041,,0,,0001,1,560.00720
9379,,PRODUCTIONBATCH,502,01058,,0,,0001,0,1400.15171
9380,,PRODUCTIONBATCH,502,01184,,0,,0001,20,366.99500
9381,,Productions,502,03271,0001,200,80.84795,0001,200,80.84794
9382,,Productions,503,03280,,0,,0001,300,12.31770
9383,,PRODUCTIONBATCH,503,01041,,0,,0001,1,560.00720
9384,,PRODUCTIONBATCH,503,01045,,0,,001,3,350.00000
9385,,PRODUCTIONBATCH,503,01050,,0,,001,0,3100.00000
9386,,PRODUCTIONBATCH,503,01058,,0,,0001,1,1400.15171
9387,,Productions,503,03280,0001,300,12.31770,0001,300,11.96064
9388,,Productions,504,03281,,0,,0001,300,10.00063
9389,,PRODUCTIONBATCH,504,01012,,0,,0001,0,4000.00000
9390,,PRODUCTIONBATCH,504,01041,,0,,0001,1,560.00720
9391,,PRODUCTIONBATCH,504,01058,,0,,0001,1,1400.15171
9392,,Productions,504,03281,0001,300,10.00063,0001,300,10.00064
9393,,Productions,505,03276,,0,,0001,120,131.98300
9394,,PRODUCTIONBATCH,505,01017,,0,,0001,0,3370.67997
9395,,PRODUCTIONBATCH,505,01031,,0,,001,1,6500.00000
9396,,PRODUCTIONBATCH,505,01041,,0,,0001,0,560.00720
9397,,PRODUCTIONBATCH,505,01048,,0,,0001,0,1405.95140
9398,,PRODUCTIONBATCH,505,01058,,0,,0001,4,1400.15171
9399,,Productions,505,03276,0001,120,131.98300,0001,120,134.20531
9400,,Productions,506,03292,,0,,0001,120,43.42925
9401,,PRODUCTIONBATCH,506,01028,,0,,0001,1,1650.00000
9402,,PRODUCTIONBATCH,506,01050,,0,,001,0,3100.00000
9403,,PRODUCTIONBATCH,506,01055,,0,,0001,0,1549.99192
9404,,PRODUCTIONBATCH,506,01056,,0,,0001,0,18697.38365
9405,,PRODUCTIONBATCH,506,01058,,0,,0001,0,1400.15171
9406,,Productions,506,03292,0001,120,43.42925,0001,120,43.43028
9407,,Productions,507,03293,,0,,0001,120,152.74217
9408,,PRODUCTIONBATCH,507,01045,,0,,001,1,350.00000
9409,,PRODUCTIONBATCH,507,01053,,0,,0001,0,17499.52012
9410,,PRODUCTIONBATCH,507,01054,,0,,0001,0,17499.10934
9411,,PRODUCTIONBATCH,507,01055,,0,,0001,0,1549.99192
9412,,PRODUCTIONBATCH,507,01056,,0,,0001,0,18697.38365
9413,,PRODUCTIONBATCH,507,01057,,0,,0001,0,12863.29191
9414,,PRODUCTIONBATCH,507,01058,,0,,0001,0,1400.15171
9415,,PRODUCTIONBATCH,507,01060,,0,,001,0,950.00000
9416,,PRODUCTIONBATCH,507,01143,,0,,0001,0,3200.00000
9417,,Productions,507,03293,0001,120,152.74217,0001,120,152.38363
9418,,Productions,508,03296,,0,,0001,250,21.92908
9419,,PRODUCTIONBATCH,508,01003,,0,,0001,225,13.03231
9420,,PRODUCTIONBATCH,508,01007,,0,,0001,25,35.00000
9421,,PRODUCTIONBATCH,508,01015,,0,,0001,25,17.00000
9422,,PRODUCTIONBATCH,508,01033,,0,,0001,25,50.00000
9423,,Productions,508,03296,0001,250,21.92908,0001,250,21.92908
9424,,Productions,509,03295,,0,,0001,250,20.84000
9425,,PRODUCTIONBATCH,509,01015,,0,,0001,250,17.00000
9426,,PRODUCTIONBATCH,509,01143,,0,,0001,0,3200.00000
9427,,Productions,509,03295,0001,250,20.84000,0001,250,20.84000
9428,,Productions,510,03176,,0,,0001,260,127.84938
9429,,PRODUCTIONBATCH,510,01017,,0,,0001,1,3370.67997
9430,,PRODUCTIONBATCH,510,01031,,0,,001,3,6500.00000
9431,,PRODUCTIONBATCH,510,01041,,0,,0001,1,560.00720
9432,,PRODUCTIONBATCH,510,01048,,0,,0001,0,1405.95140
9433,,PRODUCTIONBATCH,510,01058,,0,,0001,1,1400.15171
9434,,Productions,510,03176,0001,260,127.84938,0001,260,131.18272
9435,,PACKING,527,00407,,0,,0001,20,744.09450
9436,,PACKINGBATCH,527,02014,,0,,0001,20,439.99830
9437,,PACKINGBATCH,527,02470,,0,,0001,20,40.00000
9438,,PACKINGBATCH,527,03294,,0,,0001,20,29.27795
9439,,PACKINGBATCH,527,02004,,0,,0001,20,234.81786
9440,,PACKING,527,00407,0001,20,744.09450,0001,20,744.09411
9441,,PACKING,528,00199,,0,,0001,2,1052.38000
9442,,PACKINGBATCH,528,02222,,0,,0001,2,40.00000
9443,,PACKINGBATCH,528,03144,,0,,0001,50,40.49526
9444,,PACKING,528,00199,0001,2,1052.38000,0001,2,1052.38150
9445,,PACKING,529,00380,,0,,0001,40,1159.05575
9446,,PACKINGBATCH,529,02014,,0,,0001,40,439.99830
9447,,PACKINGBATCH,529,02443,,0,,0001,40,80.00000
9448,,PACKINGBATCH,529,03271,,0,,0001,200,80.84794
9449,,PACKINGBATCH,529,02004,,0,,0001,40,234.81786
9450,,PACKING,529,00380,0001,40,1159.05575,0001,40,1159.05586
9451,,PACKING,530,00391,,0,,0001,60,873.32383
9452,,PACKINGBATCH,530,02014,,0,,0001,60,439.99830
9453,,PACKINGBATCH,530,02455,,0,,0001,60,80.00000
9454,,PACKINGBATCH,530,03280,,0,,0001,300,11.96064
9455,,PACKINGBATCH,530,02004,,0,,0001,75,234.81786
9456,,PACKING,530,00391,0001,60,873.32383,0001,60,873.32383
9457,,PACKING,531,00393,,0,,0001,60,863.52383
9458,,PACKINGBATCH,531,02014,,0,,0001,60,439.99830
9459,,PACKINGBATCH,531,02457,,0,,0001,60,80.00000
9460,,PACKINGBATCH,531,03281,,0,,0001,300,10.00064
9461,,PACKINGBATCH,531,02004,,0,,0001,75,234.81786
9462,,PACKING,531,00393,0001,60,863.52383,0001,60,863.52383
9463,,PACKING,532,00405,,0,,0001,120,313.43025
9464,,PACKINGBATCH,532,02097,,0,,0001,120,230.00000
9465,,PACKINGBATCH,532,02468,,0,,0001,120,40.00000
9466,,PACKINGBATCH,532,03292,,0,,0001,120,43.43028
9467,,PACKING,532,00405,0001,120,313.43025,0001,120,313.43028
9468,,PACKING,533,00406,,0,,0001,120,422.38367
9469,,PACKINGBATCH,533,02097,,0,,0001,120,230.00000
9470,,PACKINGBATCH,533,02469,,0,,0001,120,40.00000
9471,,PACKINGBATCH,533,03293,,0,,0001,120,152.38363
9472,,PACKING,533,00406,0001,120,422.38367,0001,120,422.38363
9473,,PACKING,534,00409,,0,,0001,10,161.92900
9474,,PACKINGBATCH,534,02472,,0,,0001,10,140.00000
9475,,PACKINGBATCH,534,03296,,0,,0001,10,21.92908
9476,,PACKING,534,00409,0001,10,161.92900,0001,10,161.92908
9477,,PACKING,535,00408,,0,,0001,10,160.84000
9478,,PACKINGBATCH,535,02471,,0,,0001,10,140.00000
9479,,PACKINGBATCH,535,03295,,0,,0001,10,20.84000
9480,,PACKING,535,00408,0001,10,160.84000,0001,10,160.84000
9481,,PACKING,536,00247,,0,,0001,52,1429.43423
9482,,PACKINGBATCH,536,02014,,0,,0001,52,439.99830
9483,,PACKINGBATCH,536,02297,,0,,0001,52,40.00000
9484,,PACKINGBATCH,536,03176,,0,,0001,260,131.18272
9485,,PACKINGBATCH,536,02004,,0,,0001,65,234.81786
9486,,PACKING,536,00247,0001,52,1429.43423,0001,52,1429.43423
9487,,PurchasesBatch,268,01184,,0,,0001,30,367.00000
9488,,PurchasesBatch,268,01044,,0,,0001,25,128.00000
9489,,Productions,511,03120,,0,,0001,220,0.00000
9490,,PRODUCTIONBATCH,511,01041,,0,,0001,0,560.00720
9491,,PRODUCTIONBATCH,511,01055,,0,,0001,6,1549.99192
9492,,PRODUCTIONBATCH,511,01058,,0,,0001,0,1400.15171
9493,,Productions,511,03120,0001,220,0.00000,0001,220,50.98008
9494,,Productions,512,03003,,0,,0001,120,34.08600
9495,,PRODUCTIONBATCH,512,01013,,0,,0001,1,209.98276
9496,,PRODUCTIONBATCH,512,01022,,0,,0001,0,4000.00000
9497,,PRODUCTIONBATCH,512,01038,,0,,001,1,650.00000
9498,,PRODUCTIONBATCH,512,01043,,0,,0001,0,13.75000
9499,,PRODUCTIONBATCH,512,01048,,0,,0001,0,1405.95140
9500,,PRODUCTIONBATCH,512,01056,,0,,0001,0,18697.38365
9501,,PRODUCTIONBATCH,512,01058,,0,,0001,0,1400.15171
9502,,PRODUCTIONBATCH,512,01060,,0,,001,0,950.00000
9503,,Productions,512,03003,0001,120,34.08600,0001,120,34.08601
9504,,Productions,513,03182,,0,,0001,2825,19.17971
9505,,PRODUCTIONBATCH,513,01009,,0,,001,0,2200.00000
9506,,PRODUCTIONBATCH,513,01013,,0,,0001,0,209.98276
9507,,PRODUCTIONBATCH,513,01016,,0,,0001,2140,10.00000
9508,,PRODUCTIONBATCH,513,01043,,0,,0001,565,13.75000
9509,,PRODUCTIONBATCH,513,01050,,0,,001,3,3100.00000
9510,,PRODUCTIONBATCH,513,01053,,0,,0001,0,17499.52012
9511,,PRODUCTIONBATCH,513,01054,,0,,0001,0,17499.10934
9512,,PRODUCTIONBATCH,513,01143,,0,,0001,1,3200.00000
9513,,Productions,513,03182,0001,2825,19.17971,0001,2825,19.18808
9514,,Productions,514,03018,,0,,0001,95,85.91389
9515,,PRODUCTIONBATCH,514,01027,,0,,001,14,400.00000
9516,,PRODUCTIONBATCH,514,01041,,0,,0001,0,560.00720
9517,,PRODUCTIONBATCH,514,01043,,0,,0001,8,13.75000
9518,,PRODUCTIONBATCH,514,01050,,0,,001,0,3100.00000
9519,,PRODUCTIONBATCH,514,01058,,0,,0001,0,1400.15171
9520,,PRODUCTIONBATCH,514,01073,,0,,0001,4,373.47646
9521,,Productions,514,03018,0001,95,85.91389,0001,95,85.91471
9522,,Productions,515,03003,,0,,0001,520,23.93552
9523,,PRODUCTIONBATCH,515,01022,,0,,0001,0,4000.00000
9524,,PRODUCTIONBATCH,515,01038,,0,,001,7,650.00000
9525,,PRODUCTIONBATCH,515,01043,,0,,0001,2,13.75000
9526,,PRODUCTIONBATCH,515,01048,,0,,0001,2,1405.95140
9527,,PRODUCTIONBATCH,515,01056,,0,,0001,0,18697.38365
9528,,PRODUCTIONBATCH,515,01060,,0,,001,0,950.00000
9529,,Productions,515,03003,0001,520,23.93552,0001,520,23.93551
9530,,Productions,516,03163,,0,,0001,2925,17.00000
9531,,PRODUCTIONBATCH,516,01015,,0,,0001,2925,17.00000
9532,,Productions,516,03163,0001,2925,17.00000,0001,2925,17.00000
9533,,Productions,517,03012,,0,,0001,32,99.21000
9534,,PRODUCTIONBATCH,517,01027,,0,,001,3,400.00000
9535,,PRODUCTIONBATCH,517,01041,,0,,0001,0,560.00720
9536,,PRODUCTIONBATCH,517,01050,,0,,001,0,3100.00000
9537,,PRODUCTIONBATCH,517,01058,,0,,0001,0,1400.15171
9538,,PRODUCTIONBATCH,517,01193,,0,,0001,1,870.00000
9539,,Productions,517,03012,0001,32,99.21000,0001,32,99.21087
9540,,PACKING,537,00266,,0,,0001,44,895.00205
9541,,PACKINGBATCH,537,02014,,0,,0001,44,439.99830
9542,,PACKINGBATCH,537,02271,,0,,0001,44,40.00000
9543,,PACKINGBATCH,537,03120,,0,,0001,220,50.98008
9544,,PACKINGBATCH,537,02004,,0,,0001,30,234.81786
9545,,PACKING,537,00266,0001,44,895.00205,0001,44,895.00179
9546,,PACKING,538,00049,,0,,0001,24,591.41417
9547,,PACKINGBATCH,538,02014,,0,,0001,24,439.99830
9548,,PACKINGBATCH,538,02027,,0,,0001,24,22.22222
9549,,PACKINGBATCH,538,03003,,0,,0001,120,25.83873
9550,,PACKING,538,00049,0001,24,591.41417,0001,24,591.41417
9551,,PACKING,539,00265,,0,,0001,500,49.18808
9552,,PACKINGBATCH,539,02315,,0,,0001,500,30.00000
9553,,PACKINGBATCH,539,03182,,0,,0001,500,19.18808
9554,,PACKING,539,00265,0001,500,49.18808,0001,500,49.18808
9555,,PACKING,540,00258,,0,,0001,93,2599.70204
9556,,PACKINGBATCH,540,02311,,0,,0001,93,2050.00000
9557,,PACKINGBATCH,540,02312,,0,,0001,93,70.00000
9558,,PACKINGBATCH,540,03182,,0,,0001,2325,19.18808
9559,,PACKING,540,00258,0001,93,2599.70204,0001,93,2599.70200
9560,,PACKING,541,00008,,0,,0001,950,20.59147
9561,,PACKINGBATCH,541,02020,,0,,0001,950,12.00000
9562,,PACKINGBATCH,541,03018,,0,,0001,95,85.91471
9563,,PACKING,541,00008,0001,950,20.59147,0001,950,20.59147
9564,,PACKING,542,00032,,0,,0001,360,273.83872
9565,,PACKINGBATCH,542,02097,,0,,0001,360,230.00000
9566,,PACKINGBATCH,542,02385,,0,,001,360,18.00000
9567,,PACKINGBATCH,542,03003,,0,,0001,360,25.83873
9568,,PACKING,542,00032,0001,360,273.83872,0001,360,273.83873
9569,,PACKING,543,00231,,0,,0001,100,525.00000
9570,,PACKINGBATCH,543,02274,,0,,0001,100,100.00000
9571,,PACKINGBATCH,543,03163,,0,,0001,2500,17.00000
9572,,PACKING,543,00231,0001,100,525.00000,0001,100,525.00000
9573,,PACKING,544,00248,,0,,0001,425,47.00000
9574,,PACKINGBATCH,544,02299,,0,,0001,425,30.00000
9575,,PACKINGBATCH,544,03163,,0,,0001,425,17.00000
9576,,PACKING,544,00248,0001,425,47.00000,0001,425,47.00000
9577,,PACKING,545,00013,,0,,0001,325,41.26846
9578,,PACKINGBATCH,545,02009,,0,,001,100,20.00000
9579,,PACKINGBATCH,545,02009,,0,,0001,225,20.00000
9580,,PACKINGBATCH,545,02019,,0,,0001,325,11.50000
9581,,PACKINGBATCH,545,03012,,0,,0001,32,99.21087
9582,,PACKING,545,00013,0001,325,41.26846,0001,325,41.26846
9583,,PACKINGBATCH,531,02004,0001,75,234.81786,,0,
9584,,PACKINGBATCH,531,02014,0001,60,439.99830,,0,
9585,,PACKINGBATCH,531,02457,0001,60,80.00000,,0,
9586,,PACKINGBATCH,531,03281,0001,300,10.00064,,0,
9587,,PACKING,531,00393,0001,60,863.52383,,0,
9588,,PACKING,546,00395,,0,,0001,120,423.87200
9589,,PACKINGBATCH,546,02097,,0,,0001,120,230.00000
9590,,PACKINGBATCH,546,02459,,0,,0001,135,40.00000
9591,,PACKINGBATCH,546,03276,,0,,0001,120,134.20531
9592,,PACKINGBATCH,546,02059,,0,,0001,10,176.00000
9593,,PACKING,546,00395,0001,120,423.87200,0001,120,423.87198
9594,,PurchasesBatch,269,01002,,0,,0001,25,280.00000
9595,,PurchasesBatch,266,02054,0001,20,190.00000,0001,20,190.00000
9596,,PurchasesBatch,267,02468,0001,135,40.00000,0001,135,40.00000
9597,,PurchasesBatch,267,02470,0001,30,40.00000,0001,30,40.00000
9598,,PurchasesBatch,267,02472,0001,12,140.00000,0001,12,140.00000
9599,,PurchasesBatch,270,02267,,0,,0001,50,40.00000
9600,,PurchasesBatch,270,02147,,0,,0001,50,40.00000
9601,,PurchasesBatch,270,02210,,0,,0001,50,40.00000
9602,,PurchasesBatch,270,02343,,0,,0001,50,40.00000
9603,,PurchasesBatch,271,01043,,0,,0001,2000,13.75000
9604,,PurchasesBatch,272,02054,,0,,0001,35,190.00000
9605,,Productions,518,03270,,0,,0001,250,71.63588
9606,,PRODUCTIONBATCH,518,01002,,0,,0001,6,279.03091
9607,,PRODUCTIONBATCH,518,01003,,0,,0001,93,13.03231
9608,,PRODUCTIONBATCH,518,01015,,0,,0001,125,17.00000
9609,,PRODUCTIONBATCH,518,01034,,0,,0001,18,559.14782
9610,,PRODUCTIONBATCH,518,01073,,0,,0001,6,373.47646
9611,,Productions,518,03270,0001,250,71.63588,0001,250,71.63589
9612,,Productions,519,03046,,0,,0001,625,6.53032
9613,,PRODUCTIONBATCH,519,01003,,0,,0001,6,13.03231
9614,,PRODUCTIONBATCH,519,01044,,0,,0001,31,128.00000
9615,,Productions,519,03046,0001,625,6.53032,0001,625,6.53032
9616,,Productions,520,03119,,0,,0001,80,169.24300
9617,,PRODUCTIONBATCH,520,01004,,0,,0001,1,400.00000
9618,,PRODUCTIONBATCH,520,01041,,0,,0001,0,560.00720
9619,,PRODUCTIONBATCH,520,01044,,0,,0001,1,128.00000
9620,,PRODUCTIONBATCH,520,01045,,0,,001,1,350.00000
9621,,PRODUCTIONBATCH,520,01050,,0,,001,0,3100.00000
9622,,PRODUCTIONBATCH,520,01055,,0,,0001,8,1549.99192
9623,,Productions,520,03119,0001,80,169.24300,0001,80,168.77722
9624,,Productions,521,03086,,0,,0001,60,30.00000
9625,,PRODUCTIONBATCH,521,01033,,0,,0001,36,50.00000
9626,,Productions,521,03086,0001,60,30.00000,0001,60,30.00000
9627,,Productions,522,03014,,0,,0001,50,13.03240
9628,,PRODUCTIONBATCH,522,01003,,0,,0001,50,13.03231
9629,,Productions,522,03014,0001,50,13.03240,0001,50,13.03231
9630,,Productions,523,03144,,0,,0001,300,40.49527
9631,,PRODUCTIONBATCH,523,01003,,0,,0001,150,13.03231
9632,,PRODUCTIONBATCH,523,01033,,0,,0001,30,50.00000
9633,,PRODUCTIONBATCH,523,01059,,0,,0001,120,72.44776
9634,,Productions,523,03144,0001,300,40.49527,0001,300,40.49526
9635,,Productions,524,03054,,0,,0001,180,54.49728
9636,,PRODUCTIONBATCH,524,01031,,0,,001,1,6500.00000
9637,,PRODUCTIONBATCH,524,01041,,0,,0001,0,560.00720
9638,,PRODUCTIONBATCH,524,01048,,0,,0001,0,1405.95140
9639,,PRODUCTIONBATCH,524,01058,,0,,0001,0,1400.15171
9640,,Productions,524,03054,0001,180,54.49728,0001,180,55.83055
9641,,Productions,525,03070,,0,,0001,180,21.59417
9642,,PRODUCTIONBATCH,525,01010,,0,,0001,0,2800.00000
9643,,PRODUCTIONBATCH,525,01012,,0,,0001,0,4000.00000
9644,,PRODUCTIONBATCH,525,01020,,0,,0001,0,314.70791
9645,,PRODUCTIONBATCH,525,01021,,0,,0001,0,340.07146
9646,,PRODUCTIONBATCH,525,01041,,0,,0001,0,560.00720
9647,,PRODUCTIONBATCH,525,01058,,0,,0001,0,1400.15171
9648,,Productions,525,03070,0001,180,21.59417,0001,180,21.59422
9649,,Productions,526,03199,,0,,0001,180,25.60722
9650,,PRODUCTIONBATCH,526,01002,,0,,0001,4,279.03091
9651,,PRODUCTIONBATCH,526,01004,,0,,0001,0,400.00000
9652,,PRODUCTIONBATCH,526,01020,,0,,0001,0,314.70791
9653,,PRODUCTIONBATCH,526,01021,,0,,0001,0,340.07146
9654,,PRODUCTIONBATCH,526,01041,,0,,0001,0,560.00720
9655,,PRODUCTIONBATCH,526,01045,,0,,001,1,350.00000
9656,,PRODUCTIONBATCH,526,01055,,0,,0001,0,1549.99192
9657,,PRODUCTIONBATCH,526,01105,,0,,0001,0,414.58858
9658,,Productions,526,03199,0001,180,25.60722,0001,180,25.24870
9659,,Productions,527,03011,,0,,0001,220,71.51873
9660,,PRODUCTIONBATCH,527,01010,,0,,0001,3,2800.00000
9661,,PRODUCTIONBATCH,527,01012,,0,,0001,0,4000.00000
9662,,PRODUCTIONBATCH,527,01038,,0,,001,3,650.00000
9663,,PRODUCTIONBATCH,527,01043,,0,,0001,1,13.75000
9664,,PRODUCTIONBATCH,527,01060,,0,,001,0,950.00000
9665,,PRODUCTIONBATCH,527,01184,,0,,0001,11,366.99894
9666,,Productions,527,03011,0001,220,71.51873,0001,220,71.51870
9667,,Productions,528,03122,,0,,0001,100,71.28930
9668,,PRODUCTIONBATCH,528,01009,,0,,001,0,2200.00000
9669,,PRODUCTIONBATCH,528,01012,,0,,0001,0,4000.00000
9670,,PRODUCTIONBATCH,528,01020,,0,,0001,10,314.70791
9671,,PRODUCTIONBATCH,528,01028,,0,,0001,1,1650.00000
9672,,PRODUCTIONBATCH,528,01041,,0,,0001,0,560.00720
9673,,PRODUCTIONBATCH,528,01043,,0,,0001,0,13.75000
9674,,PRODUCTIONBATCH,528,01045,,0,,001,1,350.00000
9675,,Productions,528,03122,0001,100,71.28930,0001,100,70.75207
9676,,PACKING,547,00377,,0,,0001,10,2170.89700
9677,,PACKINGBATCH,547,02440,,0,,0001,10,190.00000
9678,,PACKINGBATCH,547,03270,,0,,0001,250,71.63589
9679,,PACKINGBATCH,547,02054,,0,,0001,10,190.00000
9680,,PACKING,547,00377,0001,10,2170.89700,0001,10,2170.89725
9681,,PACKING,548,00220,,0,,0001,25,394.76920
9682,,PACKINGBATCH,548,02258,,0,,0001,25,41.51137
9683,,PACKINGBATCH,548,03046,,0,,0001,625,6.53032
9684,,PACKINGBATCH,548,02054,,0,,0001,25,190.00000
9685,,PACKING,548,00220,0001,25,394.76920,0001,25,394.76937
9686,,PACKING,549,00180,,0,,0001,16,1617.40688
9687,,PACKINGBATCH,549,02014,,0,,0001,16,439.99830
9688,,PACKINGBATCH,549,02272,,0,,001,16,40.00000
9689,,PACKINGBATCH,549,03119,,0,,0001,80,168.77722
9690,,PACKINGBATCH,549,02004,,0,,0001,20,234.81786
9691,,PACKING,549,00180,0001,16,1617.40688,0001,16,1617.40673
9692,,PACKING,550,00052,,0,,0001,44,1111.11409
9693,,PACKINGBATCH,550,02014,,0,,0001,44,439.99830
9694,,PACKINGBATCH,550,02029,,0,,0001,44,20.00000
9695,,PACKINGBATCH,550,03011,,0,,0001,220,71.51870
9696,,PACKINGBATCH,550,02004,,0,,0001,55,234.81786
9697,,PACKING,550,00052,0001,44,1111.11409,0001,44,1111.11413
9698,,PACKING,551,00170,,0,,0001,20,833.75900
9699,,PACKINGBATCH,551,02014,,0,,0001,20,439.99830
9700,,PACKINGBATCH,551,02267,,0,,0001,20,40.00000
9701,,PACKINGBATCH,551,03122,,0,,0001,100,70.75207
9702,,PACKING,551,00170,0001,20,833.75900,0001,20,833.75865
9703,,PACKING,552,00267,,0,,0001,12,629.99833
9704,,PACKINGBATCH,552,02014,,0,,0001,12,439.99830
9705,,PACKINGBATCH,552,02291,,0,,001,12,40.00000
9706,,PACKINGBATCH,552,03086,,0,,0001,60,30.00000
9707,,PACKING,552,00267,0001,12,629.99833,0001,12,629.99830
9708,,PRODUCTIONBATCH,522,01003,0001,50,13.03231,,0,
9709,,Production,522,03014,0001,50,13.03231,,0,
9710,,PACKING,553,00199,,0,,0001,12,1242.38167
9711,,PACKINGBATCH,553,02222,,0,,0001,12,40.00000
9712,,PACKINGBATCH,553,03144,,0,,0001,300,40.49526
9713,,PACKINGBATCH,553,02054,,0,,0001,12,190.00000
9714,,PACKING,553,00199,0001,12,1242.38167,0001,12,1242.38150
9715,,PACKING,554,00138,,0,,0001,36,759.15111
9716,,PACKINGBATCH,554,02014,,0,,0001,36,439.99830
9717,,PACKINGBATCH,554,02147,,0,,0001,36,40.00000
9718,,PACKINGBATCH,554,03054,,0,,0001,180,55.83055
9719,,PACKING,554,00138,0001,36,759.15111,0001,36,759.15105
9720,,PACKING,555,00188,,0,,0001,36,587.96944
9721,,PACKINGBATCH,555,02014,,0,,0001,36,439.99830
9722,,PACKINGBATCH,555,02210,,0,,0001,36,40.00000
9723,,PACKINGBATCH,555,03070,,0,,0001,180,21.59422
9724,,PACKING,555,00188,0001,36,587.96944,0001,36,587.96940
9725,,PACKING,556,00287,,0,,0001,36,606.24194
9726,,PACKINGBATCH,556,02014,,0,,0001,36,439.99830
9727,,PACKINGBATCH,556,02343,,0,,0001,36,40.00000
9728,,PACKINGBATCH,556,03199,,0,,0001,180,25.24870
9729,,PACKING,556,00287,0001,36,606.24194,0001,36,606.24180
9730,,Productions,529,03014,,0,,0001,50,13.03240
9731,,PRODUCTIONBATCH,529,01003,,0,,0001,50,13.03231
9732,,Productions,529,03014,0001,50,13.03240,0001,50,13.03231
9733,,PACKING,557,00022,,0,,0001,2,523.99000
9734,,PACKINGBATCH,557,03014,,0,,0001,50,13.35955
9735,,PACKINGBATCH,557,02054,,0,,0001,2,190.00000
9736,,PACKING,557,00022,0001,2,523.99000,0001,2,523.98875
9737,,PurchasesBatch,273,02055,,0,,0001,26,140.00000
9738,,Productions,530,03088,,0,,0001,500,37.41252
9739,,PRODUCTIONBATCH,530,01042,,0,,0001,6,165.19944
9740,,PRODUCTIONBATCH,530,01043,,0,,0001,100,13.75000
9741,,PRODUCTIONBATCH,530,01050,,0,,001,4,3100.00000
9742,,PRODUCTIONBATCH,530,01050,,0,,0001,0,3086.04001
9743,,PRODUCTIONBATCH,530,01054,,0,,0001,0,17499.10934
9744,,Productions,530,03088,0001,500,37.41252,0001,500,37.46960
9745,,Productions,531,03014,,0,,0001,650,13.03231
9746,,PRODUCTIONBATCH,531,01003,,0,,0001,650,13.03231
9747,,Productions,531,03014,0001,650,13.03231,0001,650,13.03231
9748,,Productions,532,03163,,0,,0001,500,17.00000
9749,,PRODUCTIONBATCH,532,01015,,0,,0001,500,17.00000
9750,,Productions,532,03163,0001,500,17.00000,0001,500,17.00000
9751,,Productions,533,03046,,0,,0001,50,6.53040
9752,,PRODUCTIONBATCH,533,01003,,0,,0001,0,13.03231
9753,,PRODUCTIONBATCH,533,01044,,0,,0001,2,128.00000
9754,,Productions,533,03046,0001,50,6.53040,0001,50,6.53032
9755,,Productions,534,03003,,0,,0001,10,34.08700
9756,,PRODUCTIONBATCH,534,01013,,0,,0001,0,209.98276
9757,,PRODUCTIONBATCH,534,01022,,0,,0001,0,4000.00000
9758,,PRODUCTIONBATCH,534,01038,,0,,001,0,650.00000
9759,,PRODUCTIONBATCH,534,01043,,0,,0001,0,13.75000
9760,,PRODUCTIONBATCH,534,01048,,0,,0001,0,1405.95140
9761,,PRODUCTIONBATCH,534,01056,,0,,0001,0,18697.38365
9762,,PRODUCTIONBATCH,534,01058,,0,,0001,0,1400.15171
9763,,PRODUCTIONBATCH,534,01060,,0,,001,0,950.00000
9764,,Productions,534,03003,0001,10,34.08700,0001,10,34.08601
9765,,Productions,535,03018,,0,,0001,20,85.91350
9766,,PRODUCTIONBATCH,535,01027,,0,,001,3,400.00000
9767,,PRODUCTIONBATCH,535,01041,,0,,0001,0,560.00720
9768,,PRODUCTIONBATCH,535,01043,,0,,0001,1,13.75000
9769,,PRODUCTIONBATCH,535,01050,,0,,0001,0,3086.04001
9770,,PRODUCTIONBATCH,535,01058,,0,,0001,0,1400.15171
9771,,PRODUCTIONBATCH,535,01073,,0,,0001,0,373.47646
9772,,Productions,535,03018,0001,20,85.91350,0001,20,85.91331
9773,,Productions,536,03012,,0,,0001,10,111.81000
9774,,PRODUCTIONBATCH,536,01027,,0,,001,1,400.00000
9775,,PRODUCTIONBATCH,536,01041,,0,,0001,0,560.00720
9776,,PRODUCTIONBATCH,536,01050,,0,,0001,0,3086.04001
9777,,PRODUCTIONBATCH,536,01058,,0,,0001,0,1400.15171
9778,,PRODUCTIONBATCH,536,01117,,0,,0001,0,420.00000
9779,,PRODUCTIONBATCH,536,01193,,0,,0001,0,870.00000
9780,,Productions,536,03012,0001,10,111.81000,0001,10,111.80947
9781,,Productions,537,03182,,0,,0001,15,13.24800
9782,,PRODUCTIONBATCH,537,01009,,0,,001,0,2200.00000
9783,,PRODUCTIONBATCH,537,01013,,0,,0001,0,209.98276
9784,,PRODUCTIONBATCH,537,01042,,0,,0001,0,165.19944
9785,,PRODUCTIONBATCH,537,01043,,0,,0001,3,13.75000
9786,,PRODUCTIONBATCH,537,01050,,0,,0001,0,3086.04001
9787,,PRODUCTIONBATCH,537,01053,,0,,0001,0,17499.52012
9788,,PRODUCTIONBATCH,537,01054,,0,,0001,0,17499.10934
9789,,PRODUCTIONBATCH,537,01143,,0,,0001,0,3200.00000
9790,,Productions,537,03182,0001,15,13.24800,0001,15,13.24810
9791,,PACKING,558,00022,,0,,0001,26,326.80269
9792,,PACKINGBATCH,558,03014,,0,,0001,650,13.07211
9793,,PACKING,558,00022,0001,26,326.80269,0001,26,326.80275
9794,,PACKING,559,00231,,0,,0001,20,525.00000
9795,,PACKINGBATCH,559,02274,,0,,0001,20,100.00000
9796,,PACKINGBATCH,559,03163,,0,,0001,500,17.00000
9797,,PACKING,559,00231,0001,20,525.00000,0001,20,525.00000
9798,,PACKING,560,00220,,0,,0001,2,204.77000
9799,,PACKINGBATCH,560,02258,,0,,0001,2,41.51137
9800,,PACKINGBATCH,560,03046,,0,,0001,50,6.53032
9801,,PACKING,560,00220,0001,2,204.77000,0001,2,204.76937
9802,,PACKING,561,00010,,0,,0001,100,149.04720
9803,,PACKINGBATCH,561,03003,,0,,0001,10,26.32386
9804,,PACKINGBATCH,561,02006,,0,,0001,100,146.41477
9805,,PACKING,561,00010,0001,100,149.04720,0001,100,149.04716
9806,,PACKING,562,00008,,0,,0001,20,20.59150
9807,,PACKINGBATCH,562,02020,,0,,0001,20,12.00000
9808,,PACKINGBATCH,562,03018,,0,,0001,2,85.91331
9809,,PACKING,562,00008,0001,20,20.59150,0001,20,20.59133
9810,,PACKING,563,00263,,0,,0001,150,12.89027
9811,,PACKINGBATCH,563,02320,,0,,0001,150,10.00000
9812,,PACKINGBATCH,563,03182,,0,,0001,15,13.24810
9813,,PACKINGBATCH,563,02004,,0,,0001,1,234.81786
9814,,PACKING,563,00263,0001,150,12.89027,0001,150,12.89026
9815,,PurchasesBatch,274,01184,,0,,0001,60,367.00000
9816,,PurchasesBatch,274,01044,,0,,0001,50,128.00000
9817,,PurchasesBatch,275,02014,,0,,0001,340,440.00000
9818,,PurchasesBatch,276,02004,,0,,0001,40,227.00000
9819,,PurchasesBatch,277,02026,,0,,0001,150,30.00000
9820,,PurchasesBatch,277,02163,,0,,0001,30,40.00000
9821,,PurchasesBatch,277,02168,,0,,0001,200,40.00000
9822,,PurchasesBatch,277,02041,,0,,0001,12,120.00000
9823,,PurchasesBatch,277,02219,,0,,0001,20,120.00000
9824,,PurchasesBatch,277,02329,,0,,0001,20,240.00000
9825,,PurchasesBatch,277,02345,,0,,0001,20,75.00000
9826,,PurchasesBatch,277,02332,,0,,0001,55,80.00000
9827,,PurchasesBatch,277,02334,,0,,0001,55,80.00000
9828,,PurchasesBatch,277,02337,,0,,0001,55,80.00000
9829,,PurchasesBatch,277,02330,,0,,0001,160,80.00000
9830,,PurchasesBatch,277,02342,,0,,0001,55,80.00000
9831,,PurchasesBatch,277,02336,,0,,0001,55,80.00000
9832,,PurchasesBatch,277,02435,,0,,0001,30,80.00000
9833,,PurchasesBatch,277,02436,,0,,0001,30,80.00000
9834,,PurchasesBatch,277,02331,,0,,0001,72,40.00000
9835,,PurchasesBatch,277,02291,,0,,0001,50,40.00000
9836,,PurchasesBatch,278,01046,,0,,0001,25,10500.00000
9837,,PurchasesBatch,278,01053,,0,,0001,5,14500.00000
9838,,PurchasesBatch,278,01054,,0,,0001,10,16500.00000
9839,,PurchasesBatch,277,02213,,0,,0001,1000,168.00000
9840,,PurchasesBatch,277,02307,,0,,0001,1040,168.00000
9841,,PurchasesBatch,277,02277,,0,,0001,1030,168.00000
9842,,Productions,538,03163,,0,,080826,2525,0.00000
9843,,PRODUCTIONBATCH,538,01015,,0,,0001,2525,17.00000
9844,,Productions,538,03163,080826,2525,0.00000,080826,2525,17.00000
9845,,Productions,539,03046,,0,,0001,1250,6.53032
9846,,PRODUCTIONBATCH,539,01003,,0,,0001,12,13.03231
9847,,PRODUCTIONBATCH,539,01044,,0,,0001,62,128.00000
9848,,Productions,539,03046,0001,1250,6.53032,0001,1250,6.53032
9849,,Productions,540,03014,,0,,0001,1275,13.03231
9850,,PRODUCTIONBATCH,540,01003,,0,,0001,1275,13.03231
9851,,Productions,540,03014,0001,1275,13.03231,0001,1275,13.03231
9852,,Productions,541,03020,,0,,0001,500,204.61932
9853,,PRODUCTIONBATCH,541,01004,,0,,0001,0,400.00000
9854,,PRODUCTIONBATCH,541,01012,,0,,0001,0,4000.00000
9855,,PRODUCTIONBATCH,541,01020,,0,,0001,5,314.70791
9856,,PRODUCTIONBATCH,541,01021,,0,,0001,5,340.07146
9857,,PRODUCTIONBATCH,541,01041,,0,,0001,2,560.00720
9858,,PRODUCTIONBATCH,541,01046,,0,,0001,7,10502.10290
9859,,PRODUCTIONBATCH,541,01184,,0,,0001,50,366.99967
9860,,Productions,541,03020,0001,500,204.61932,0001,500,204.61933
9861,,Productions,542,03106,,0,,0001,100,25.31410
9862,,PRODUCTIONBATCH,542,01022,,0,,0001,0,4000.00000
9863,,PRODUCTIONBATCH,542,01038,,0,,001,1,650.00000
9864,,PRODUCTIONBATCH,542,01043,,0,,0001,0,13.75000
9865,,PRODUCTIONBATCH,542,01048,,0,,0001,0,1405.95140
9866,,PRODUCTIONBATCH,542,01056,,0,,0001,0,18697.38365
9867,,PRODUCTIONBATCH,542,01060,,0,,001,0,950.00000
9868,,Productions,542,03106,0001,100,25.31410,0001,100,25.31396
9869,,PACKING,564,00231,,0,,0001,101,525.00000
9870,,PACKINGBATCH,564,02274,,0,,0001,101,100.00000
9871,,PACKINGBATCH,564,03163,,0,,080826,2525,17.00000
9872,,PACKING,564,00231,0001,101,525.00000,0001,101,525.00000
9873,,PACKING,565,00220,,0,,0001,50,372.76940
9874,,PACKINGBATCH,565,02258,,0,,0001,50,41.51137
9875,,PACKINGBATCH,565,02307,,0,,0001,50,168.00000
9876,,PACKINGBATCH,565,03046,,0,,0001,1250,6.53032
9877,,PACKING,565,00220,0001,50,372.76940,0001,50,372.76937
9878,,OpeningBatch,55,02307,0001,450,155.00000,0001,450,155.00000
9879,,OpeningBatch,56,02213,0001,450,155.00000,0001,450,155.00000
9880,,OpeningBatch,57,02277,0001,750,155.00000,0001,750,155.00000
9881,,OpeningBatch,58,02032,0001,700,155.00000,0001,700,155.00000
9882,,OpeningBatch,59,02033,0001,500,155.00000,0001,650,155.00000
9883,,OpeningBatch,60,02274,0001,600,80.00000,0001,600,80.00000
9884,,OpeningBatch,61,02034,0001,600,80.00000,0001,600,80.00000
9885,,OpeningBatch,62,02053,0001,950,70.00000,0001,950,70.00000
9886,,OpeningBatch,63,02173,0001,100,145.00000,0001,100,145.00000
9887,,OpeningBatch,64,02097,0001,800,220.00000,0001,800,220.00000
9888,,OpeningBatch,65,02014,0001,290,390.00000,0001,290,390.00000
9889,,OpeningBatch,66,02015,0001,70,270.00000,0001,70,270.00000
9890,,OpeningBatch,67,02128,0001,51,1000.00000,0001,51,1000.00000
9891,,OpeningBatch,68,02002,0001,20,180.00000,0001,20,180.00000
9892,,OpeningBatch,69,02003,0001,15,216.00000,0001,15,216.00000
9893,,OpeningBatch,70,02004,0001,220,208.00000,0001,220,208.00000
9894,,OpeningBatch,71,02006,0001,3,180.00000,0001,3,180.00000
9895,,OpeningBatch,72,02306,0001,190,210.00000,0001,190,210.00000
9896,,OpeningBatch,73,02317,0001,35,160.00000,0001,35,160.00000
9897,,OpeningBatch,74,02059,0001,190,185.00000,0001,190,185.00000
9898,,OpeningBatch,75,02324,0001,60,170.00000,0001,60,170.00000
9899,,OpeningBatch,76,02010,0001,2500,10.00000,0001,2500,10.00000
9900,,OpeningBatch,77,02013,0001,136,390.00000,0001,136,390.00000
9901,,OpeningBatch,78,02086,0001,1150,12.50000,0001,1150,12.50000
9902,,OpeningBatch,79,02420,0001,10,150.00000,0001,10,150.00000
9903,,OpeningBatch,80,02258,0001,120,45.00000,0001,120,45.00000
9904,,OpeningBatch,82,02191,0001,15500,17.00000,0001,15500,17.00000
9905,,OpeningBatch,83,02361,0001,1050,30.00000,0001,1050,30.00000
9906,,OpeningBatch,84,02315,0001,10800,30.00000,0001,10800,30.00000
9907,,OpeningBatch,85,02359,0001,800,30.00000,0001,800,30.00000
9908,,OpeningBatch,86,02172,0001,230,30.00000,0001,230,30.00000
9909,,OpeningBatch,87,02299,0001,6500,30.00000,0001,6500,30.00000
9910,,OpeningBatch,88,02035,0001,850,30.00000,0001,850,30.00000
9911,,OpeningBatch,89,02051,0001,12500,30.00000,0001,12500,30.00000
9912,,OpeningBatch,90,02321,0001,29000,20.00000,0001,29000,20.00000
9913,,OpeningBatch,91,02320,0001,8000,10.00000,0001,8000,10.00000
9914,,OpeningBatch,92,02319,0001,2500,9.50000,0001,2500,9.50000
9915,,OpeningBatch,93,02018,0001,5200,12.00000,0001,5200,12.00000
9916,,OpeningBatch,94,02278,0001,5300,12.00000,0001,5300,12.00000
9917,,OpeningBatch,95,02020,0001,11000,12.00000,0001,11000,12.00000
9918,,OpeningBatch,96,02019,0001,15000,11.50000,0001,15000,11.50000
9919,,OpeningBatch,97,02313,0001,6000,11.50000,0001,6000,11.50000
9920,,OpeningBatch,98,02224,0001,5500,11.50000,0001,5500,11.50000
9921,,OpeningBatch,99,02316,0001,6000,6.00000,0001,6000,6.00000
9922,,OpeningBatch,100,02341,0001,600,30.00000,0001,600,30.00000
9923,,OpeningBatch,104,02399,0001,300,20.00000,0001,300,20.00000
9924,,OpeningBatch,105,02398,0001,300,20.00000,0001,300,20.00000
9925,,OpeningBatch,106,02042,0001,200,40.00000,0001,200,40.00000
9926,,OpeningBatch,107,02222,0001,230,40.00000,0001,230,40.00000
9927,,OpeningBatch,109,02433,0001,4224,150.00000,0001,4224,150.00000
9928,,OpeningBatch,110,02232,0001,500,30.00000,0001,500,30.00000
9929,,OpeningBatch,112,02312,0001,200,70.00000,0001,200,70.00000
9930,,PACKING,566,00022,,0,,0001,51,480.87333
9931,,PACKINGBATCH,566,02033,,0,,0001,51,155.00000
9932,,PACKINGBATCH,566,03014,,0,,0001,1275,13.03493
9933,,PACKING,566,00022,0001,51,480.87333,0001,51,480.87325
9934,,PACKING,567,00047,,0,,0001,100,1549.84570
9935,,PACKINGBATCH,567,02014,,0,,0001,100,439.99896
9936,,PACKINGBATCH,567,02026,,0,,0001,100,30.00000
9937,,PACKINGBATCH,567,03020,,0,,0001,500,204.61933
9938,,PACKINGBATCH,567,02004,,0,,0001,25,227.00000
9939,,PACKING,567,00047,0001,100,1549.84570,0001,100,1549.84561
9940,,PACKING,568,00150,,0,,0001,20,776.81900
9941,,PACKINGBATCH,568,02014,,0,,0001,20,439.99896
9942,,PACKINGBATCH,568,02163,,0,,0001,20,40.00000
9943,,PACKINGBATCH,568,03106,,0,,0001,100,25.31396
9944,,PACKINGBATCH,568,02004,,0,,0001,15,227.00000
9945,,PACKING,568,00150,0001,20,776.81900,0001,20,776.81876
9946,,PurchasesBatch,279,01016,,0,,0001,17180,10.00000
9947,,Productions,543,03110,,0,,0001,500,17.36146
9948,,PRODUCTIONBATCH,543,01016,,0,,0001,400,10.00000
9949,,PRODUCTIONBATCH,543,01042,,0,,0001,6,165.19944
9950,,PRODUCTIONBATCH,543,01043,,0,,0001,100,13.75000
9951,,PRODUCTIONBATCH,543,01050,,0,,0001,0,3086.04001
9952,,Productions,543,03110,0001,500,17.36146,0001,500,17.36145
9953,,Productions,544,03141,,0,,0001,500,11.51616
9954,,PRODUCTIONBATCH,544,01003,,0,,0001,250,13.03231
9955,,PRODUCTIONBATCH,544,01033,,0,,0001,50,50.00000
9956,,Productions,544,03141,0001,500,11.51616,0001,500,11.51616
9957,,Productions,545,03134,,0,,0001,125,10.80000
9958,,PRODUCTIONBATCH,545,01015,,0,,0001,62,17.00000
9959,,PRODUCTIONBATCH,545,01190,,0,,0001,25,11.50000
9960,,Productions,545,03134,0001,125,10.80000,0001,125,10.80000
9961,,Productions,546,03151,,0,,0001,75,54.13013
9962,,PRODUCTIONBATCH,546,01009,,0,,001,0,2200.00000
9963,,PRODUCTIONBATCH,546,01013,,0,,0001,0,209.98276
9964,,PRODUCTIONBATCH,546,01016,,0,,0001,60,10.00000
9965,,PRODUCTIONBATCH,546,01034,,0,,0001,0,559.14782
9966,,PRODUCTIONBATCH,546,01042,,0,,0001,0,165.19944
9967,,PRODUCTIONBATCH,546,01043,,0,,0001,15,13.75000
9968,,PRODUCTIONBATCH,546,01050,,0,,0001,0,3086.04001
9969,,PRODUCTIONBATCH,546,01053,,0,,0001,0,15760.34525
9970,,PRODUCTIONBATCH,546,01054,,0,,0001,0,16752.11170
9971,,PRODUCTIONBATCH,546,01056,,0,,0001,0,18697.38365
9972,,PRODUCTIONBATCH,546,01057,,0,,0001,0,12863.29191
9973,,PRODUCTIONBATCH,546,01060,,0,,001,0,950.00000
9974,,PRODUCTIONBATCH,546,01072,,0,,0001,0,9146.17902
9975,,PRODUCTIONBATCH,546,01073,,0,,0001,0,373.47646
9976,,PRODUCTIONBATCH,546,01143,,0,,0001,0,3200.00000
9977,,Productions,546,03151,0001,75,54.13013,0001,75,54.13007
9978,,Productions,547,03022,,0,,0001,250,43.74872
9979,,PRODUCTIONBATCH,547,01003,,0,,0001,200,13.03231
9980,,PRODUCTIONBATCH,547,01031,,0,,001,0,6500.00000
9981,,PRODUCTIONBATCH,547,01059,,0,,0001,50,72.44776
9982,,Productions,547,03022,0001,250,43.74872,0001,250,44.41540
9983,,PACKING,569,00158,,0,,0001,20,619.03650
9984,,PACKINGBATCH,569,02168,,0,,0001,20,40.00000
9985,,PACKINGBATCH,569,02173,,0,,0001,20,145.00000
9986,,PACKINGBATCH,569,03110,,0,,0001,500,17.36145
9987,,PACKING,569,00158,0001,20,619.03650,0001,20,619.03625
9988,,PACKING,570,00196,,0,,0001,20,552.90400
9989,,PACKINGBATCH,570,02173,,0,,0001,20,145.00000
9990,,PACKINGBATCH,570,02219,,0,,0001,20,120.00000
9991,,PACKINGBATCH,570,03141,,0,,0001,500,11.51616
9992,,PACKING,570,00196,0001,20,552.90400,0001,20,552.90400
9993,,OpeningBatch,1,01002,0001,25,200.00000,0001,25,200.00000
9994,,OpeningBatch,2,01195,0001,35,380.00000,0001,35,380.00000
9995,,OpeningBatch,3,01010,0001,27,2800.00000,0001,27,2800.00000
9996,,OpeningBatch,4,01005,0001,12,1500.00000,0001,12,1500.00000
9997,,OpeningBatch,5,01009,0001,65,1650.00000,0001,65,1650.00000
9998,,OpeningBatch,6,01001,0001,4,1850.00000,0001,4,1850.00000
9999,,OpeningBatch,7,01184,0001,25,367.00000,0001,25,367.00000
10000,,OpeningBatch,8,01003,0001,150,17.00000,0001,150,17.00000
10001,,OpeningBatch,9,01011,0001,2,4000.00000,0001,2,4000.00000
10002,,OpeningBatch,10,01012,0001,7,4000.00000,0001,7,4000.00000
10003,,OpeningBatch,11,01115,0001,19,1200.00000,0001,19,1200.00000
10004,,OpeningBatch,12,01027,0001,14,350.00000,0001,14,350.00000
10005,,OpeningBatch,13,01013,0001,15,160.00000,0001,15,160.00000
10006,,OpeningBatch,14,01015,0001,2750,17.00000,0001,2750,17.00000
10007,,OpeningBatch,15,01016,0001,30000,10.00000,0001,30000,10.00000
10008,,OpeningBatch,16,01021,0001,7,380.00000,0001,7,380.00000
10009,,OpeningBatch,17,01020,0001,560,350.00000,0001,560,350.00000
10010,,OpeningBatch,18,01023,0001,10,5500.00000,0001,10,5500.00000
10011,,OpeningBatch,19,01025,000,8,4500.00000,000,8,4500.00000
10012,,OpeningBatch,20,01028,0001,3,1650.00000,0001,3,1650.00000
10013,,OpeningBatch,21,01104,0001,15,1100.00000,0001,15,1100.00000
10014,,OpeningBatch,22,01031,0001,42,6500.00000,0001,42,6500.00000
10015,,OpeningBatch,23,01034,0001,16,380.00000,0001,16,380.00000
10016,,OpeningBatch,24,01117,0001,2,420.00000,0001,2,420.00000
10017,,OpeningBatch,25,01175,0001,35,320.00000,0001,35,320.00000
10018,,OpeningBatch,26,01038,0001,65,650.00000,0001,65,650.00000
10019,,OpeningBatch,27,01039,0001,20,4000.00000,0001,20,4000.00000
10020,,OpeningBatch,28,01019,0001,2,5000.00000,0001,2,5000.00000
10021,,OpeningBatch,29,01041,0001,32,620.00000,0001,32,620.00000
10022,,OpeningBatch,30,01042,0001,40,180.00000,0001,40,180.00000
10023,,OpeningBatch,31,01044,0001,48,132.00000,0001,48,132.00000
10024,,OpeningBatch,32,01046,0001,20,16500.00000,0001,20,16500.00000
10025,,OpeningBatch,33,01187,0001,24,200.00000,0001,24,200.00000
10026,,OpeningBatch,34,01105,0001,9,290.00000,0001,9,290.00000
10027,,OpeningBatch,35,01048,0001,16,1500.00000,0001,16,1500.00000
10028,,OpeningBatch,36,01050,0001,15,2900.00000,0001,15,2900.00000
10029,,OpeningBatch,37,01133,0001,25,1300.00000,0001,25,1300.00000
10030,,OpeningBatch,38,01017,0001,11,3200.00000,0001,11,3200.00000
10031,,OpeningBatch,39,01052,0001,8,14500.00000,0001,8,14500.00000
10032,,OpeningBatch,40,01053,0001,0,15500.00000,0001,0,15500.00000
10033,,OpeningBatch,41,01054,0001,1,16000.00000,0001,1,16000.00000
10034,,OpeningBatch,42,01143,0001,60,3200.00000,0001,60,3200.00000
10035,,OpeningBatch,43,01057,0001,5,14000.00000,0001,5,14000.00000
10036,,OpeningBatch,44,01055,0001,3,1300.00000,0001,3,1300.00000
10037,,OpeningBatch,45,01056,0001,6,16500.00000,0001,6,16500.00000
10038,,OpeningBatch,46,01072,0001,5,9500.00000,0001,5,9500.00000
10039,,OpeningBatch,47,01075,0001,1,5000.00000,0001,1,5000.00000
10040,,OpeningBatch,48,01060,0001,25,950.00000,0001,25,950.00000
10041,,OpeningBatch,49,01058,0001,23,1600.00000,0001,23,1600.00000
10042,,OpeningBatch,50,01189,0001,50,590.00000,0001,50,590.00000
10043,,OpeningBatch,51,01080,0001,2,4500.00000,0001,2,4500.00000
10044,,OpeningBatch,52,01036,0001,265,750.00000,0001,265,750.00000
10045,,OpeningBatch,53,01045,0001,120,680.00000,0001,120,680.00000
10046,,OpeningBatch,54,01201,0001,60,600.00000,0001,60,600.00000
10047,,OpeningBatch,55,02307,0001,450,155.00000,0001,450,155.00000
10048,,OpeningBatch,56,02213,0001,450,155.00000,0001,450,155.00000
10049,,OpeningBatch,57,02277,0001,750,155.00000,0001,750,155.00000
10050,,OpeningBatch,58,02032,0001,700,155.00000,0001,700,155.00000
10051,,OpeningBatch,59,02033,0001,650,155.00000,0001,650,155.00000
10052,,OpeningBatch,60,02274,0001,600,80.00000,0001,600,80.00000
10053,,OpeningBatch,61,02034,0001,600,80.00000,0001,606,80.00000
10054,,OpeningBatch,62,02053,0001,950,70.00000,0001,950,70.00000
10055,,OpeningBatch,63,02173,0001,100,145.00000,0001,100,145.00000
10056,,OpeningBatch,64,02097,0001,800,220.00000,0001,800,220.00000
10057,,OpeningBatch,65,02014,0001,290,390.00000,0001,290,390.00000
10058,,OpeningBatch,66,02015,0001,70,270.00000,0001,70,270.00000
10059,,OpeningBatch,67,02128,0001,51,1000.00000,0001,51,1000.00000
10060,,OpeningBatch,68,02002,0001,20,180.00000,0001,20,180.00000
10061,,OpeningBatch,69,02003,0001,15,216.00000,0001,15,216.00000
10062,,OpeningBatch,70,02004,0001,220,208.00000,0001,220,208.00000
10063,,OpeningBatch,71,02006,0001,3,180.00000,0001,3,180.00000
10064,,OpeningBatch,72,02306,0001,190,210.00000,0001,190,210.00000
10065,,OpeningBatch,73,02317,0001,35,160.00000,0001,35,160.00000
10066,,OpeningBatch,74,02059,0001,190,185.00000,0001,190,185.00000
10067,,OpeningBatch,75,02324,0001,60,170.00000,0001,60,170.00000
10068,,OpeningBatch,76,02010,0001,2500,10.00000,0001,2500,10.00000
10069,,OpeningBatch,77,02013,0001,136,390.00000,0001,136,390.00000
10070,,OpeningBatch,78,02086,0001,1150,12.50000,0001,1150,12.50000
10071,,OpeningBatch,79,02420,0001,10,150.00000,0001,10,150.00000
10072,,OpeningBatch,80,02258,0001,120,45.00000,0001,120,45.00000
10073,,OpeningBatch,81,00019,0001,177,1440.00000,0001,177,1440.00000
10074,,OpeningBatch,82,02191,0001,15500,17.00000,0001,15500,17.00000
10075,,OpeningBatch,83,02361,0001,1050,30.00000,0001,1050,30.00000
10076,,OpeningBatch,84,02315,0001,10800,30.00000,0001,10800,30.00000
10077,,OpeningBatch,85,02359,0001,800,30.00000,0001,800,30.00000
10078,,OpeningBatch,86,02172,0001,230,30.00000,0001,230,30.00000
10079,,OpeningBatch,87,02299,0001,6500,30.00000,0001,6500,30.00000
10080,,OpeningBatch,88,02035,0001,850,30.00000,0001,850,30.00000
10081,,OpeningBatch,89,02051,0001,12500,30.00000,0001,12500,30.00000
10082,,OpeningBatch,90,02321,0001,29000,20.00000,0001,29000,20.00000
10083,,OpeningBatch,91,02320,0001,8000,10.00000,0001,8000,10.00000
10084,,OpeningBatch,92,02319,0001,2500,9.50000,0001,2500,9.50000
10085,,OpeningBatch,93,02018,0001,5200,12.00000,0001,5200,12.00000
10086,,OpeningBatch,94,02278,0001,5300,12.00000,0001,5300,12.00000
10087,,OpeningBatch,95,02020,0001,11000,12.00000,0001,11000,12.00000
10088,,OpeningBatch,96,02019,0001,15000,11.50000,0001,15000,11.50000
10089,,OpeningBatch,97,02313,0001,6000,11.50000,0001,6000,11.50000
10090,,OpeningBatch,98,02224,0001,5500,11.50000,0001,5500,11.50000
10091,,OpeningBatch,99,02316,0001,6000,6.00000,0001,6000,6.00000
10092,,OpeningBatch,100,02341,0001,600,30.00000,0001,600,30.00000
10093,,OpeningBatch,101,00363,0001,934,14000.00000,0001,934,14000.00000
10094,,OpeningBatch,102,00357,0001,2,10000.00000,0001,2,10000.00000
10095,,OpeningBatch,103,00053,0001,4,9000.00000,0001,4,9000.00000
10096,,OpeningBatch,104,02399,0001,300,20.00000,0001,300,20.00000
10097,,OpeningBatch,105,02398,0001,300,20.00000,0001,300,20.00000
10098,,OpeningBatch,106,02042,0001,200,40.00000,0001,200,40.00000
10099,,OpeningBatch,107,02222,0001,230,40.00000,0001,230,40.00000
10100,,OpeningBatch,108,00124,0001,160,5000.00000,0001,160,5000.00000
10101,,OpeningBatch,109,02433,0001,4224,150.00000,0001,4224,150.00000
10102,,OpeningBatch,110,02232,0001,500,30.00000,0001,500,30.00000
10103,,OpeningBatch,111,00369,0001,5080,300.00000,0001,5080,300.00000
10104,,OpeningBatch,112,02312,0001,200,70.00000,0001,200,70.00000
10105,,OpeningBatch,113,00010,0001,500,70.00000,0001,500,70.00000
10106,,OpeningBatch,114,00008,0001,500,64.00000,0001,500,64.00000
10107,,OpeningBatch,115,00264,001,10,1500.00000,001,10,1500.00000
10108,,OpeningBatch,116,00398,0001,40,3000.00000,0001,40,3000.00000
10109,,OpeningBatch,117,00259,0001,655,40.00000,0001,655,40.00000
10110,,OpeningBatch,118,00262,0001,898,40.00000,0001,898,40.00000
10111,,OpeningBatch,119,00030,0001,100,48.00000,0001,100,48.00000
10112,,PACKING,571,00186,,0,,0001,5,270.00000
10113,,PACKINGBATCH,571,03134,,0,,0001,125,10.80000
10114,,PACKING,571,00186,0001,5,270.00000,0001,5,270.00000
10115,,PACKING,572,00212,,0,,0001,3,1561.25333
10116,,PACKINGBATCH,572,02245,,0,,0001,3,40.00000
10117,,PACKINGBATCH,572,02307,,0,,0001,3,168.00000
10118,,PACKINGBATCH,572,03151,,0,,0001,75,54.13007
10119,,PACKING,572,00212,0001,3,1561.25333,0001,3,1561.25175
10120,,PACKING,573,00041,,0,,0001,10,1308.00300
10121,,PACKINGBATCH,573,02041,,0,,0001,10,120.00000
10122,,PACKINGBATCH,573,02307,,0,,0001,10,168.00000
10123,,PACKINGBATCH,573,03022,,0,,001,250,37.18484
10124,,PACKING,573,00041,0001,10,1308.00300,0001,10,1217.62100
10125,,PurchasesBatch,280,02014,,0,,0001,306,440.00000
10126,,PurchasesBatch,281,02004,,0,,0001,155,235.00000
10127,,PurchasesBatch,281,02059,,0,,0001,10,176.00000
10128,,PurchasesBatch,282,01019,,0,,0001,6,5200.00000
10129,,PurchasesBatch,282,01075,,0,,0001,6,4700.00000
10130,,PurchasesBatch,283,02173,,0,,0001,20,190.00000
10131,,SALESBATCH,247,00357,,0,,0001,2,547.84972
10132,,SALESBATCH,248,00258,,0,,0001,10,2608.89129
10133,,SALESBATCH,248,00363,,0,,0001,10,14000.00000
10134,,SALESBATCH,249,00258,,0,,0001,10,2608.89129
10135,,SALESBATCH,249,00363,,0,,0001,5,14000.00000
10136,,SALESBATCH,250,00247,,0,,0001,52,1429.43423
10137,,SALESBATCH,251,00407,,0,,0001,20,744.09411
10138,,SALESBATCH,251,00407,0001,20,744.09411,,0,
10139,,SALESBATCH,251,00407,,0,,0001,20,744.09411
10140,,SALESBATCH,252,00199,,0,,0001,2,1215.23864
10141,,SALESBATCH,253,00266,,0,,0001,44,895.00179
10142,,SALESBATCH,254,00363,,0,,0001,10,14000.00000
10143,,SALESBATCH,255,00377,,0,,0001,10,2170.89725
10144,,SALESBATCH,255,00220,,0,,0001,25,375.54859
10145,,SALESBATCH,255,00180,,0,,0001,8,1561.84221
10146,,SALESBATCH,256,00258,,0,,0001,93,2608.89129
10147,,SALESBATCH,256,00265,,0,,0001,500,49.18808
10148,,SALESBATCH,256,00008,,0,,0001,950,20.59147
10149,,SALESBATCH,256,00032,,0,,0001,360,276.71457
10150,,PACKING,574,00010,,0,,0001,1600,11.93935
10151,,PACKINGBATCH,574,03003,,0,,0001,160,26.32386
10152,,PACKINGBATCH,574,02010,,0,,0001,1600,7.80000
10153,,PACKINGBATCH,574,02006,,0,,0001,16,146.41477
10154,,PACKING,574,00010,0001,1600,11.93935,0001,1600,11.89653
10155,,SALESBATCH,256,00010,,0,,0001,1600,19.96422
10156,,SALESBATCH,256,00231,,0,,0001,100,425.32330
10157,,SALESBATCH,256,00248,,0,,0001,425,49.46529
10158,,OpeningBatch,81,00019,0001,177,1440.00000,0001,177,1440.00000
10159,,OpeningBatch,101,00363,0001,934,14000.00000,0001,934,14000.00000
10160,,OpeningBatch,102,00357,0001,2,10000.00000,0001,2,10000.00000
10161,,OpeningBatch,103,00053,0001,4,9000.00000,0001,4,9000.00000
10162,,OpeningBatch,108,00124,0001,160,5000.00000,0001,160,5000.00000
10163,,OpeningBatch,111,00369,0001,5080,300.00000,0001,5080,300.00000
10164,,OpeningBatch,113,00010,0001,500,70.00000,0001,500,70.00000
10165,,OpeningBatch,114,00008,0001,500,64.00000,0001,500,64.00000
10166,,OpeningBatch,115,00264,001,10,1500.00000,001,10,1500.00000
10167,,OpeningBatch,116,00398,0001,40,3000.00000,0001,40,3000.00000
10168,,OpeningBatch,117,00259,0001,655,40.00000,0001,655,40.00000
10169,,OpeningBatch,118,00262,0001,898,40.00000,0001,898,40.00000
10170,,OpeningBatch,119,00030,0001,100,48.00000,0001,100,48.00000
10171,,OpeningBatch,120,00013,,0,,0001,100,64.00000
10172,,SALESBATCH,256,00013,,0,,0001,425,46.61706
10173,,PurchasesBatch,284,01143,,0,,0001,50,3400.00000
10174,,PurchasesBatch,284,01055,,0,,0001,25,1550.00000
10175,,PurchasesBatch,284,01038,,0,,0001,35,650.00000
10176,,PurchasesBatch,284,01010,,0,,0001,25,2800.00000
10177,,PurchasesBatch,284,01013,,0,,0001,25,260.00000
10178,,PurchasesBatch,284,01041,,0,,0001,25,560.00000
10179,,PurchasesBatch,284,01058,,0,,0001,25,1450.00000
10180,,PurchasesBatch,284,01201,,0,,0001,90,750.00000
10181,,PurchasesBatch,284,01189,,0,,0001,70,700.00000
10182,,PurchasesBatch,284,01031,,0,,0001,25,6500.00000
10183,,PurchasesBatch,284,01080,,0,,0001,5,5800.00000
10184,,PurchasesBatch,284,01057,,0,,0001,10,12500.00000
10185,,Productions,548,03194,,0,,0001,200,107.27605
10186,,PRODUCTIONBATCH,548,01009,,0,,001,3,2200.00000
10187,,PRODUCTIONBATCH,548,01010,,0,,0001,1,2800.00000
10188,,PRODUCTIONBATCH,548,01020,,0,,0001,1,314.70791
10189,,PRODUCTIONBATCH,548,01021,,0,,0001,1,340.07146
10190,,PRODUCTIONBATCH,548,01028,,0,,0001,1,1650.00000
10191,,PRODUCTIONBATCH,548,01041,,0,,0001,1,560.00047
10192,,PRODUCTIONBATCH,548,01045,,0,,001,4,350.00000
10193,,PRODUCTIONBATCH,548,01058,,0,,0001,0,1449.92236
10194,,PRODUCTIONBATCH,548,01105,,0,,0001,0,414.58858
10195,,PRODUCTIONBATCH,548,01115,,0,,001,0,650.00000
10196,,PRODUCTIONBATCH,548,01184,,0,,0001,10,366.99967
10197,,Productions,548,03194,0001,200,107.27605,0001,200,106.01146
10198,,Productions,549,03192,,0,,0001,200,28.56650
10199,,PRODUCTIONBATCH,549,01041,,0,,0001,0,560.00047
10200,,PRODUCTIONBATCH,549,01045,,0,,001,10,350.00000
10201,,PRODUCTIONBATCH,549,01050,,0,,0001,0,3086.04001
10202,,PRODUCTIONBATCH,549,01058,,0,,0001,0,1449.92236
10203,,Productions,549,03192,0001,200,28.56650,0001,200,26.77411
10204,,Productions,550,03198,,0,,0001,200,16.12915
10205,,PRODUCTIONBATCH,550,01010,,0,,0001,0,2800.00000
10206,,PRODUCTIONBATCH,550,01034,,0,,0001,0,559.14782
10207,,PRODUCTIONBATCH,550,01041,,0,,0001,0,560.00047
10208,,PRODUCTIONBATCH,550,01043,,0,,0001,0,13.75000
10209,,PRODUCTIONBATCH,550,01055,,0,,0001,0,1549.99494
10210,,PRODUCTIONBATCH,550,01058,,0,,0001,0,1449.92236
10211,,PRODUCTIONBATCH,550,01073,,0,,0001,0,373.47646
10212,,PRODUCTIONBATCH,550,01105,,0,,0001,0,414.58858
10213,,Productions,550,03198,0001,200,16.12915,0001,200,16.12911
10214,,Productions,551,03191,,0,,0001,160,92.61219
10215,,PRODUCTIONBATCH,551,01009,,0,,001,0,2200.00000
10216,,PRODUCTIONBATCH,551,01010,,0,,0001,1,2800.00000
10217,,PRODUCTIONBATCH,551,01012,,0,,0001,0,4000.00000
10218,,PRODUCTIONBATCH,551,01020,,0,,0001,0,314.70791
10219,,PRODUCTIONBATCH,551,01021,,0,,0001,0,340.07146
10220,,PRODUCTIONBATCH,551,01028,,0,,0001,1,1650.00000
10221,,PRODUCTIONBATCH,551,01041,,0,,0001,0,560.00047
10222,,PRODUCTIONBATCH,551,01045,,0,,001,3,350.00000
10223,,PRODUCTIONBATCH,551,01058,,0,,0001,0,1449.92236
10224,,PRODUCTIONBATCH,551,01105,,0,,0001,0,414.58858
10225,,PRODUCTIONBATCH,551,01115,,0,,001,0,650.00000
10226,,PRODUCTIONBATCH,551,01184,,0,,0001,11,366.99967
10227,,Productions,551,03191,0001,160,92.61219,0001,160,91.62050
10228,,Productions,552,03193,,0,,0001,220,253.07041
10229,,PRODUCTIONBATCH,552,01007,,0,,0001,1,35.00000
10230,,PRODUCTIONBATCH,552,01009,,0,,001,4,2200.00000
10231,,PRODUCTIONBATCH,552,01041,,0,,0001,1,560.00047
10232,,PRODUCTIONBATCH,552,01045,,0,,001,30,350.00000
10233,,PRODUCTIONBATCH,552,01053,,0,,0001,0,15760.34525
10234,,PRODUCTIONBATCH,552,01054,,0,,0001,0,16752.11170
10235,,PRODUCTIONBATCH,552,01055,,0,,0001,0,1549.99494
10236,,PRODUCTIONBATCH,552,01056,,0,,0001,0,18697.38365
10237,,PRODUCTIONBATCH,552,01057,,0,,0001,0,12640.67293
10238,,PRODUCTIONBATCH,552,01058,,0,,0001,1,1449.92236
10239,,PRODUCTIONBATCH,552,01060,,0,,001,0,950.00000
10240,,PRODUCTIONBATCH,552,01143,,0,,0001,0,3396.86396
10241,,Productions,552,03193,0001,220,253.07041,0001,220,248.05493
10242,,Productions,553,03265,,0,,0001,100,267.52130
10243,,PRODUCTIONBATCH,553,01009,,0,,001,10,2200.00000
10244,,PRODUCTIONBATCH,553,01021,,0,,0001,1,340.07146
10245,,PRODUCTIONBATCH,553,01028,,0,,0001,1,1650.00000
10246,,PRODUCTIONBATCH,553,01041,,0,,0001,0,560.00047
10247,,PRODUCTIONBATCH,553,01045,,0,,001,2,350.00000
10248,,PRODUCTIONBATCH,553,01058,,0,,0001,0,1449.92236
10249,,Productions,553,03265,0001,100,267.52130,0001,100,266.64076
10250,,Productions,554,03190,,0,,0001,500,314.61658
10251,,PRODUCTIONBATCH,554,01019,,0,,0001,5,5200.00000
10252,,PRODUCTIONBATCH,554,01031,,0,,001,3,6500.00000
10253,,PRODUCTIONBATCH,554,01031,,0,,0001,1,6494.72991
10254,,PRODUCTIONBATCH,554,01041,,0,,0001,2,560.00047
10255,,PRODUCTIONBATCH,554,01058,,0,,0001,1,1449.92236
10256,,PRODUCTIONBATCH,554,01075,,0,,001,4,5000.00000
10257,,PRODUCTIONBATCH,554,01075,,0,,0001,0,4710.43977
10258,,PRODUCTIONBATCH,554,01189,,0,,001,11,650.00000
10259,,PRODUCTIONBATCH,554,01189,,0,,0001,38,700.01943
10260,,PRODUCTIONBATCH,554,01201,,0,,001,50,750.00000
10261,,Productions,554,03190,0001,500,314.61658,0001,500,316.89180
10262,,Productions,555,03189,,0,,0001,500,25.89256
10263,,PRODUCTIONBATCH,555,01003,,0,,0001,490,13.03231
10264,,PRODUCTIONBATCH,555,01115,,0,,001,5,650.00000
10265,,PRODUCTIONBATCH,555,01187,,0,,0001,5,387.09074
10266,,Productions,555,03189,0001,500,25.89256,0001,500,23.14257
10267,,PACKING,575,00281,,0,,090826,40,0.00000
10268,,PACKINGBATCH,575,02014,,0,,0001,40,439.99926
10269,,PACKINGBATCH,575,02337,,0,,0001,40,80.00000
10270,,PACKINGBATCH,575,03194,,0,,0001,200,106.01146
10271,,PACKINGBATCH,575,02004,,0,,0001,10,235.00000
10272,,PACKING,575,00281,090826,40,0.00000,090826,40,1108.80656
10273,,PACKING,576,00278,,0,,0001,40,712.61975
10274,,PACKINGBATCH,576,02014,,0,,0001,40,439.99926
10275,,PACKINGBATCH,576,02334,,0,,0001,40,80.00000
10276,,PACKINGBATCH,576,03192,,0,,0001,200,26.77411
10277,,PACKINGBATCH,576,02004,,0,,0001,10,235.00000
10278,,PACKING,576,00278,0001,40,712.61975,0001,40,712.61981
10279,,PACKING,577,00286,,0,,0001,40,659.39475
10280,,PACKINGBATCH,577,02014,,0,,0001,40,439.99926
10281,,PACKINGBATCH,577,02342,,0,,0001,40,80.00000
10282,,PACKINGBATCH,577,03198,,0,,0001,200,16.12911
10283,,PACKINGBATCH,577,02004,,0,,0001,10,235.00000
10284,,PACKING,577,00286,0001,40,659.39475,0001,40,659.39481
10285,,PACKING,578,00276,,0,,0001,32,1056.85188
10286,,PACKINGBATCH,578,02014,,0,,0001,32,439.99926
10287,,PACKINGBATCH,578,02332,,0,,0001,40,80.00000
10288,,PACKINGBATCH,578,03191,,0,,0001,160,91.62050
10289,,PACKINGBATCH,578,02004,,0,,0001,8,235.00000
10290,,PACKING,578,00276,0001,32,1056.85188,0001,32,1056.85176
10291,,PACKING,579,00280,,0,,0001,44,1819.02386
10292,,PACKINGBATCH,579,02014,,0,,0001,44,439.99926
10293,,PACKINGBATCH,579,02336,,0,,0001,44,80.00000
10294,,PACKINGBATCH,579,03193,,0,,0001,220,248.05493
10295,,PACKINGBATCH,579,02004,,0,,0001,11,235.00000
10296,,PACKING,579,00280,0001,44,1819.02386,0001,44,1819.02391
10297,,PACKING,580,00371,,0,,0001,20,1911.95350
10298,,PACKINGBATCH,580,02014,,0,,0001,20,439.99926
10299,,PACKINGBATCH,580,02435,,0,,0001,20,80.00000
10300,,PACKINGBATCH,580,03265,,0,,0001,100,266.64076
10301,,PACKINGBATCH,580,02004,,0,,0001,5,235.00000
10302,,PACKING,580,00371,0001,20,1911.95350,0001,20,1911.95306
10303,,PACKING,581,00274,,0,,0001,88,2163.20818
10304,,PACKINGBATCH,581,02014,,0,,0001,88,439.99926
10305,,PACKINGBATCH,581,02330,,0,,0001,88,80.00000
10306,,PACKINGBATCH,581,03190,,0,,0001,440,316.89180
10307,,PACKINGBATCH,581,02004,,0,,0001,22,235.00000
10308,,PACKING,581,00274,0001,88,2163.20818,0001,88,2163.20826
10309,,PACKING,582,00275,,0,,0001,60,370.75850
10310,,PACKINGBATCH,582,02331,,0,,0001,60,40.00000
10311,,PACKINGBATCH,582,03190,,0,,0001,60,316.89180
10312,,PACKINGBATCH,582,02002,,0,,0001,4,208.00000
10313,,PACKING,582,00275,0001,60,370.75850,0001,60,370.75847
10314,,PACKING,583,00273,,0,,0001,20,818.56450
10315,,PACKINGBATCH,583,02329,,0,,0001,20,240.00000
10316,,PACKINGBATCH,583,03189,,0,,0001,500,23.14257
10317,,PACKING,583,00273,0001,20,818.56450,0001,20,818.56425
10318,,PurchasesBatch,285,02004,,0,,0001,44,235.00000
10319,,PurchasesBatch,286,02097,,0,,0001,60,230.00000
10320,,PurchasesBatch,287,01184,,0,,0001,60,367.00000
10321,,PurchasesBatch,288,02358,,0,,0001,6,140.00000
10322,,SALESBATCH,257,00052,,0,,0001,44,1111.11413
10323,,SALESBATCH,257,00170,,0,,0001,20,833.75865
10324,,SALESBATCH,257,00180,,0,,0001,8,1561.84221
10325,,SALESBATCH,257,00267,,0,,0001,12,629.99830
10326,,SALESBATCH,258,00199,,0,,0001,10,1215.23864
10327,,Productions,556,03088,,0,,0001,500,45.26802
10328,,PRODUCTIONBATCH,556,01016,,0,,0001,400,10.00000
10329,,PRODUCTIONBATCH,556,01042,,0,,0001,6,165.19944
10330,,PRODUCTIONBATCH,556,01043,,0,,0001,100,13.75000
10331,,PRODUCTIONBATCH,556,01050,,0,,0001,5,3086.04001
10332,,PRODUCTIONBATCH,556,01054,,0,,0001,0,16752.11170
10333,,Productions,556,03088,0001,500,45.26802,0001,500,45.26801
10334,,Productions,556,03088,0001,500,45.26801,0001,500,45.26801
10335,,Productions,556,03088,0001,500,45.26801,0001,500,45.26801
10336,,PACKING,584,00037,,0,,0001,20,1384.22050
10337,,PACKINGBATCH,584,02055,,0,,0001,26,140.00000
10338,,PACKINGBATCH,584,02307,,0,,0001,20,168.00000
10339,,PACKINGBATCH,584,03088,,0,,0001,500,41.36881
10340,,PACKING,584,00037,0001,20,1384.22050,0001,20,1384.22025
10341,,SALESBATCH,259,00037,,0,,0001,20,1384.22025
10342,,SALESBATCH,259,00022,,0,,0001,20,426.90724
10343,,SALESBATCH,259,00231,,0,,0001,20,425.32330
10344,,SALESBATCH,260,00363,,0,,0001,16,14000.00000
10345,,PACKING,562,00008,0001,20,20.59133,0001,200,20.59133
10346,,PACKINGBATCH,562,02020,0001,20,12.00000,,0,
10347,,PACKINGBATCH,562,02020,,0,,0001,200,12.00000
10348,,PACKINGBATCH,562,03018,0001,2,85.91331,,0,
10349,,PACKINGBATCH,562,03018,,0,,0001,20,85.91331
10350,,PACKINGBATCH,562,02010,,0,,0001,205,7.80000
10351,,PACKINGBATCH,562,02006,,0,,0001,2,146.41477
10352,,PACKING,562,00008,0001,200,20.59133,0001,200,30.05048
10353,,SALESBATCH,261,00010,,0,,0001,100,19.96422
10354,,SALESBATCH,261,00008,,0,,0001,200,30.05049
10355,,OpeningBatch,81,00019,0001,177,1440.00000,0001,177,1440.00000
10356,,OpeningBatch,101,00363,0001,934,14000.00000,0001,934,14000.00000
10357,,OpeningBatch,102,00357,0001,2,10000.00000,0001,2,10000.00000
10358,,OpeningBatch,103,00053,0001,4,9000.00000,0001,4,9000.00000
10359,,OpeningBatch,108,00124,0001,160,5000.00000,0001,160,5000.00000
10360,,OpeningBatch,111,00369,0001,5080,300.00000,0001,5080,300.00000
10361,,OpeningBatch,113,00010,0001,500,70.00000,0001,500,70.00000
10362,,OpeningBatch,114,00008,0001,500,64.00000,0001,500,64.00000
10363,,OpeningBatch,115,00264,001,10,1500.00000,001,10,1500.00000
10364,,OpeningBatch,116,00398,0001,40,3000.00000,0001,40,3000.00000
10365,,OpeningBatch,117,00259,0001,655,40.00000,0001,655,40.00000
10366,,OpeningBatch,118,00262,0001,898,40.00000,0001,898,40.00000
10367,,OpeningBatch,119,00030,0001,100,48.00000,0001,100,48.00000
10368,,OpeningBatch,120,00013,0001,100,64.00000,0001,200,64.00000
10369,,SALESBATCH,261,00013,,0,,0001,100,64.00000
10370,,SALESBATCH,261,00263,,0,,0001,150,12.89026
10371,,SALESBATCH,262,00231,,0,,0001,100,425.32330
10372,,SALESBATCH,262,00220,,0,,0001,50,375.54859
10373,,SALESBATCH,262,00022,,0,,0001,50,426.90724
10374,,SALESBATCH,263,00047,,0,,0001,100,1549.84561
10375,,SALESBATCH,263,00150,,0,,0001,20,951.65966
10376,,SALESBATCH,263,00158,,0,,0001,20,619.03625
10377,,SALESBATCH,263,00196,,0,,0001,20,552.90400
10378,,SALESBATCH,264,00186,,0,,0001,5,270.00000
10379,,PurchasesBatch,289,02473,,0,,0001,15,40.00000
10380,,PurchasesBatch,289,02475,,0,,0001,15,40.00000
10381,,PurchasesBatch,289,02477,,0,,0001,15,40.00000
10382,,PurchasesBatch,289,02478,,0,,0001,15,40.00000
10383,,PurchasesBatch,289,02476,,0,,0001,15,40.00000
10384,,Productions,557,03297,,0,,0001,40,129.11225
10385,,PRODUCTIONBATCH,557,01017,,0,,0001,0,3370.67997
10386,,PRODUCTIONBATCH,557,01031,,0,,0001,0,6494.72991
10387,,PRODUCTIONBATCH,557,01048,,0,,0001,0,1405.95140
10388,,PRODUCTIONBATCH,557,01058,,0,,0001,0,1449.92236
10389,,Productions,557,03297,0001,40,129.11225,0001,40,129.11249
10390,,Productions,558,03298,,0,,0001,40,68.18625
10391,,PRODUCTIONBATCH,558,01025,,0,,0001,0,7200.00000
10392,,PRODUCTIONBATCH,558,01041,,0,,0001,0,560.00047
10393,,PRODUCTIONBATCH,558,01045,,0,,001,0,350.00000
10394,,PRODUCTIONBATCH,558,01050,,0,,0001,0,3086.04001
10395,,PRODUCTIONBATCH,558,01058,,0,,0001,0,1449.92236
10396,,Productions,558,03298,0001,40,68.18625,0001,40,68.00690
10397,,Productions,559,03299,,0,,0001,40,96.02000
10398,,PRODUCTIONBATCH,559,01010,,0,,0001,0,2800.00000
10399,,PRODUCTIONBATCH,559,01020,,0,,0001,0,314.70791
10400,,PRODUCTIONBATCH,559,01021,,0,,0001,0,340.07146
10401,,PRODUCTIONBATCH,559,01028,,0,,0001,0,1650.00000
10402,,PRODUCTIONBATCH,559,01041,,0,,0001,0,560.00047
10403,,PRODUCTIONBATCH,559,01045,,0,,001,0,350.00000
10404,,PRODUCTIONBATCH,559,01058,,0,,0001,0,1449.92236
10405,,PRODUCTIONBATCH,559,01105,,0,,0001,0,414.58858
10406,,PRODUCTIONBATCH,559,01115,,0,,001,0,650.00000
10407,,PRODUCTIONBATCH,559,01184,,0,,0001,2,366.99993
10408,,Productions,559,03299,0001,40,96.02000,0001,40,90.59238
10409,,Productions,560,03300,,0,,0001,40,206.88875
10410,,PRODUCTIONBATCH,560,01041,,0,,0001,0,560.00047
10411,,PRODUCTIONBATCH,560,01045,,0,,001,1,350.00000
10412,,PRODUCTIONBATCH,560,01052,,0,,0001,0,14500.00000
10413,,PRODUCTIONBATCH,560,01058,,0,,0001,0,1449.92236
10414,,PRODUCTIONBATCH,560,01072,,0,,0001,0,9146.17902
10415,,Productions,560,03300,0001,40,206.88875,0001,40,205.81327
10416,,Productions,561,03213,,0,,0001,125,15.60776
10417,,PRODUCTIONBATCH,561,01003,,0,,0001,125,13.03231
10418,,PRODUCTIONBATCH,561,01044,,0,,0001,0,128.00000
10419,,PRODUCTIONBATCH,561,01187,,0,,0001,0,387.09074
10420,,Productions,561,03213,0001,125,15.60776,0001,125,15.60776
10421,,Productions,562,03144,,0,,0001,25,40.49520
10422,,PRODUCTIONBATCH,562,01003,,0,,0001,12,13.03231
10423,,PRODUCTIONBATCH,562,01033,,0,,0001,2,50.00000
10424,,PRODUCTIONBATCH,562,01059,,0,,0001,10,72.44776
10425,,Productions,562,03144,0001,25,40.49520,0001,25,40.49526
10426,,Productions,563,03014,,0,,0001,75,13.03227
10427,,PRODUCTIONBATCH,563,01003,,0,,0001,75,13.03231
10428,,Productions,563,03014,0001,75,13.03227,0001,75,13.03231
10429,,Productions,564,03163,,0,,0001,150,17.00000
10430,,PRODUCTIONBATCH,564,01015,,0,,0001,150,17.00000
10431,,Productions,564,03163,0001,150,17.00000,0001,150,17.00000
10432,,Productions,565,03021,,0,,0001,4100,52.69622
10433,,PRODUCTIONBATCH,565,01009,,0,,001,0,2200.00000
10434,,PRODUCTIONBATCH,565,01013,,0,,0001,0,259.62717
10435,,PRODUCTIONBATCH,565,01016,,0,,0001,3280,10.00000
10436,,PRODUCTIONBATCH,565,01034,,0,,0001,4,559.14782
10437,,PRODUCTIONBATCH,565,01043,,0,,0001,820,13.75000
10438,,PRODUCTIONBATCH,565,01050,,0,,0001,6,3086.04001
10439,,PRODUCTIONBATCH,565,01053,,0,,0001,2,15760.34525
10440,,PRODUCTIONBATCH,565,01054,,0,,0001,1,16752.11170
10441,,PRODUCTIONBATCH,565,01056,,0,,0001,0,18697.38365
10442,,PRODUCTIONBATCH,565,01057,,0,,0001,0,12640.67293
10443,,PRODUCTIONBATCH,565,01060,,0,,001,8,950.00000
10444,,PRODUCTIONBATCH,565,01072,,0,,0001,1,9146.17902
10445,,PRODUCTIONBATCH,565,01073,,0,,0001,0,373.47646
10446,,PRODUCTIONBATCH,565,01143,,0,,0001,12,3396.86396
10447,,Productions,565,03021,0001,4100,52.69622,0001,4100,52.69623
10448,,PACKING,585,00411,,0,,0001,8,1184.31125
10449,,PACKINGBATCH,585,02014,,0,,0001,8,439.99926
10450,,PACKINGBATCH,585,02475,,0,,0001,8,40.00000
10451,,PACKINGBATCH,585,03297,,0,,0001,40,129.11249
10452,,PACKINGBATCH,585,02004,,0,,0001,2,235.00000
10453,,PACKING,585,00411,0001,8,1184.31125,0001,8,1184.31171
10454,,PACKING,586,00412,,0,,0001,8,878.78375
10455,,PACKINGBATCH,586,02014,,0,,0001,8,439.99926
10456,,PACKINGBATCH,586,02476,,0,,0001,8,40.00000
10457,,PACKINGBATCH,586,03298,,0,,0001,40,68.00690
10458,,PACKINGBATCH,586,02004,,0,,0001,2,235.00000
10459,,PACKING,586,00412,0001,8,878.78375,0001,8,878.78376
10460,,PACKING,587,00413,,0,,0001,8,991.71125
10461,,PACKINGBATCH,587,02014,,0,,0001,8,439.99926
10462,,PACKINGBATCH,587,02477,,0,,0001,8,40.00000
10463,,PACKINGBATCH,587,03299,,0,,0001,40,90.59238
10464,,PACKINGBATCH,587,02004,,0,,0001,2,235.00000
10465,,PACKING,587,00413,0001,8,991.71125,0001,8,991.71116
10466,,PACKING,588,00414,,0,,0001,8,1567.81500
10467,,PACKINGBATCH,588,02014,,0,,0001,8,439.99926
10468,,PACKINGBATCH,588,02478,,0,,0001,8,40.00000
10469,,PACKINGBATCH,588,03300,,0,,0001,40,205.81327
10470,,PACKINGBATCH,588,02004,,0,,0001,2,235.00000
10471,,PACKING,588,00414,0001,8,1567.81500,0001,8,1567.81561
10472,,PACKING,589,00302,,0,,0001,5,698.19400
10473,,PACKINGBATCH,589,02213,,0,,0001,5,168.00000
10474,,PACKINGBATCH,589,02358,,0,,0001,5,140.00000
10475,,PACKINGBATCH,589,03213,,0,,0001,125,15.60776
10476,,PACKING,589,00302,0001,5,698.19400,0001,5,698.19400
10477,,PACKING,590,00199,,0,,0001,1,1220.38000
10478,,PACKINGBATCH,590,02213,,0,,0001,1,168.00000
10479,,PACKINGBATCH,590,02222,,0,,0001,1,40.00000
10480,,PACKINGBATCH,590,03144,,0,,0001,25,40.49526
10481,,PACKING,590,00199,0001,1,1220.38000,0001,1,1220.38150
10482,,PACKING,591,00022,,0,,0001,3,480.84333
10483,,PACKINGBATCH,591,02033,,0,,0001,3,155.00000
10484,,PACKINGBATCH,591,03014,,0,,0001,75,13.03374
10485,,PACKING,591,00022,0001,3,480.84333,0001,3,480.84350
10486,,PACKING,592,00231,,0,,0001,6,525.00000
10487,,PACKINGBATCH,592,02274,,0,,0001,6,100.00000
10488,,PACKINGBATCH,592,03163,,0,,0001,150,17.00000
10489,,PACKING,592,00231,0001,6,525.00000,0001,6,525.00000
10490,,PRODUCTIONBATCH,565,01009,001,0,2200.00000,,0,
10491,,PRODUCTIONBATCH,565,01013,0001,0,259.62717,,0,
10492,,PRODUCTIONBATCH,565,01016,0001,3280,10.00000,,0,
10493,,PRODUCTIONBATCH,565,01034,0001,4,559.14782,,0,
10494,,PRODUCTIONBATCH,565,01043,0001,820,13.75000,,0,
10495,,PRODUCTIONBATCH,565,01050,0001,6,3086.04001,,0,
10496,,PRODUCTIONBATCH,565,01053,0001,2,15760.34525,,0,
10497,,PRODUCTIONBATCH,565,01054,0001,1,16752.11170,,0,
10498,,PRODUCTIONBATCH,565,01056,0001,0,18697.38365,,0,
10499,,PRODUCTIONBATCH,565,01057,0001,0,12640.67293,,0,
10500,,PRODUCTIONBATCH,565,01060,001,8,950.00000,,0,
10501,,PRODUCTIONBATCH,565,01072,0001,1,9146.17902,,0,
10502,,PRODUCTIONBATCH,565,01073,0001,0,373.47646,,0,
10503,,PRODUCTIONBATCH,565,01143,0001,12,3396.86396,,0,
10504,,Production,565,03021,0001,4100,52.69623,,0,
10505,,Productions,565,03244,,0,,0001,125,21.07624
10506,,PRODUCTIONBATCH,565,01015,,0,,0001,125,17.00000
10507,,PRODUCTIONBATCH,565,01143,,0,,0001,0,3396.86396
10508,,Productions,565,03244,0001,125,21.07624,0001,125,21.07624
10509,,Productions,566,03021,,0,,0001,4100,52.69622
10510,,PRODUCTIONBATCH,566,01009,,0,,001,0,2200.00000
10511,,PRODUCTIONBATCH,566,01013,,0,,0001,0,259.62717
10512,,PRODUCTIONBATCH,566,01016,,0,,0001,3280,10.00000
10513,,PRODUCTIONBATCH,566,01034,,0,,0001,4,559.14782
10514,,PRODUCTIONBATCH,566,01043,,0,,0001,820,13.75000
10515,,PRODUCTIONBATCH,566,01050,,0,,0001,6,3086.04001
10516,,PRODUCTIONBATCH,566,01053,,0,,0001,2,15760.34525
10517,,PRODUCTIONBATCH,566,01054,,0,,0001,1,16752.11170
10518,,PRODUCTIONBATCH,566,01056,,0,,0001,0,18697.38365
10519,,PRODUCTIONBATCH,566,01057,,0,,0001,0,12640.67293
10520,,PRODUCTIONBATCH,566,01060,,0,,001,8,950.00000
10521,,PRODUCTIONBATCH,566,01072,,0,,0001,1,9146.17902
10522,,PRODUCTIONBATCH,566,01073,,0,,0001,0,373.47646
10523,,PRODUCTIONBATCH,566,01143,,0,,0001,12,3396.86396
10524,,Productions,566,03021,0001,4100,52.69622,0001,4100,52.69623
10525,,PACKING,593,00343,,0,,0001,5,884.90600
10526,,PACKINGBATCH,593,02307,,0,,0001,5,168.00000
10527,,PACKINGBATCH,593,03244,,0,,0001,125,21.07624
10528,,PACKINGBATCH,593,02054,,0,,0001,5,190.00000
10529,,PACKING,593,00343,0001,5,884.90600,0001,5,884.90600
10530,,PACKING,594,00028,,0,,0001,100,1317.40580
10531,,PACKINGBATCH,594,03021,,0,,0001,2500,52.69623
10532,,PACKING,594,00028,0001,100,1317.40580,0001,100,1317.40575
10533,,PACKING,595,00026,,0,,0001,1600,52.69623
10534,,PACKINGBATCH,595,03021,,0,,0001,1600,52.69623
10535,,PACKING,595,00026,0001,1600,52.69623,0001,1600,52.69623
10536,,PurchasesBatch,290,02316,,0,,0001,5300,7.25000
10537,,PurchasesBatch,291,01015,,0,,0001,2750,17.00000
10538,,PurchasesBatch,292,01042,,0,,0001,50,169.00000
10539,,Productions,567,03163,,0,,0001,1250,17.00000
10540,,PRODUCTIONBATCH,567,01015,,0,,0001,1250,17.00000
10541,,Productions,567,03163,0001,1250,17.00000,0001,1250,17.00000
10542,,Productions,568,03144,,0,,0001,500,11.51616
10543,,PRODUCTIONBATCH,568,01003,,0,,0001,250,13.03231
10544,,PRODUCTIONBATCH,568,01033,,0,,0001,50,50.00000
10545,,Productions,568,03144,0001,500,11.51616,0001,500,11.51616
10546,,Productions,569,03100,,0,,0001,1000,21.13682
10547,,PRODUCTIONBATCH,569,01009,,0,,001,0,2200.00000
10548,,PRODUCTIONBATCH,569,01013,,0,,0001,0,259.62717
10549,,PRODUCTIONBATCH,569,01016,,0,,0001,800,10.00000
10550,,PRODUCTIONBATCH,569,01042,,0,,0001,10,168.59401
10551,,PRODUCTIONBATCH,569,01043,,0,,0001,200,13.75000
10552,,PRODUCTIONBATCH,569,01050,,0,,0001,1,3086.04001
10553,,PRODUCTIONBATCH,569,01053,,0,,0001,0,15760.34525
10554,,PRODUCTIONBATCH,569,01054,,0,,0001,0,16752.11170
10555,,PRODUCTIONBATCH,569,01143,,0,,0001,0,3396.86396
10556,,Productions,569,03100,0001,1000,21.13682,0001,1000,21.13683
10557,,PACKING,596,00231,,0,,0001,50,525.00000
10558,,PACKINGBATCH,596,02274,,0,,0001,50,100.00000
10559,,PACKINGBATCH,596,03163,,0,,0001,1250,17.00000
10560,,PACKING,596,00231,0001,50,525.00000,0001,50,525.00000
10561,,PACKING,597,00199,,0,,0001,20,495.90400
10562,,PACKINGBATCH,597,02213,,0,,0001,20,168.00000
10563,,PACKINGBATCH,597,02222,,0,,0001,20,40.00000
10564,,PACKINGBATCH,597,03144,,0,,0001,500,11.51616
10565,,PACKING,597,00199,0001,20,495.90400,0001,20,495.90400
10566,,PACKING,598,00141,,0,,0001,1000,65.88683
10567,,PACKINGBATCH,598,02151,,0,,0001,1000,33.00000
10568,,PACKINGBATCH,598,03100,,0,,0001,1000,21.13683
10569,,PACKINGBATCH,598,02004,,0,,0001,50,235.00000
10570,,PACKING,598,00141,0001,1000,65.88683,0001,1000,65.88683
10571,,SALESBATCH,265,00281,,0,,090826,40,1108.80656
10572,,SALESBATCH,265,00278,,0,,0001,40,712.61981
10573,,SALESBATCH,265,00276,,0,,0001,32,1056.85176
10574,,SALESBATCH,265,00286,,0,,0001,40,659.39481
10575,,SALESBATCH,265,00280,,0,,0001,44,1819.02391
10576,,SALESBATCH,265,00371,,0,,0001,20,1911.95306
10577,,SALESBATCH,265,00274,,0,,0001,88,2163.20826
10578,,SALESBATCH,265,00275,,0,,0001,60,370.75847
10579,,SALESBATCH,265,00273,,0,,0001,20,818.56425
10580,,SALESBATCH,266,00028,,0,,0001,100,1317.40575
10581,,SALESBATCH,266,00026,,0,,0001,1600,52.69623
10582,,SALESBATCH,267,00199,,0,,0001,20,589.95386
10583,,SALESBATCH,267,00231,,0,,0001,50,446.87502
10584,,SALESBATCH,267,00141,,0,,0001,1000,65.88683
10585,,SALESBATCH,268,00292,,0,,0001,240,986.50779
10586,,SALESBATCH,269,00380,,0,,0001,40,1159.05586
10587,,SALESBATCH,269,00391,,0,,0001,60,873.32383
10588,,PACKING,599,00393,,0,,0001,60,628.75250
10589,,PACKINGBATCH,599,02014,,0,,0001,60,439.99926
10590,,PACKINGBATCH,599,02457,,0,,0001,60,80.00000
10591,,PACKINGBATCH,599,03281,,0,,0001,300,10.00064
10592,,PACKINGBATCH,599,02004,,0,,0001,15,235.00000
10593,,PACKING,599,00393,0001,60,628.75250,0001,60,628.75246
10594,,SALESBATCH,269,00393,,0,,0001,60,628.75246
10595,,SALESBATCH,269,00395,,0,,0001,120,423.87198
10596,,SALESBATCH,269,00405,,0,,0001,120,313.43028
10597,,SALESBATCH,269,00406,,0,,0001,120,422.38363
10598,,SALESBATCH,269,00409,,0,,0001,10,161.92908
10599,,SALESBATCH,269,00408,,0,,0001,10,160.84000
10600,,SALESBATCH,270,00049,,0,,0001,24,674.98684
10601,,SALESBATCH,271,00138,,0,,0001,36,759.15105
10602,,SALESBATCH,271,00188,,0,,0001,36,587.96940
10603,,SALESBATCH,271,00287,,0,,0001,36,606.24180
10604,,SALESBATCH,272,00041,,0,,0001,10,1217.62100
10605,,SALESBATCH,273,00411,,0,,0001,8,1184.31171
10606,,SALESBATCH,273,00412,,0,,0001,8,878.78376
10607,,SALESBATCH,273,00413,,0,,0001,8,991.71116
10608,,SALESBATCH,273,00414,,0,,0001,8,1567.81561
10609,,SALESBATCH,274,00343,,0,,0001,5,884.90600
10610,,SALESBATCH,274,00302,,0,,0001,5,698.19400
10611,,PurchasesBatch,293,01045,,0,,0001,275,285.00000
10612,,PurchasesBatch,293,01036,,0,,0001,215,650.00000
10613,,PurchasesBatch,293,01020,,0,,0001,140,312.00000
10614,,PurchasesBatch,293,01019,,0,,0001,1,5200.00000
10615,,PurchasesBatch,293,01075,,0,,0001,1,4600.00000
10616,,PurchasesBatch,293,01070,,0,,0001,1,5000.00000
10617,,PurchasesBatch,294,02014,,0,,0001,255,440.00000
10618,,PurchasesBatch,294,02097,,0,,0001,360,230.00000
10619,,PurchasesBatch,295,02004,,0,,0001,10,225.00000
10620,,PurchasesBatch,296,02294,,0,,0001,5,75.00000
10621,,PurchasesBatch,296,02467,,0,,0001,30,40.00000
10622,,PurchasesBatch,296,02410,,0,,0001,55,80.00000
10623,,PurchasesBatch,296,02268,,0,,0001,20,75.00000
10624,,PurchasesBatch,296,02163,,0,,0001,55,40.00000
10625,,PurchasesBatch,296,02427,,0,,0001,25,40.00000
10626,,PurchasesBatch,296,02129,,0,,0001,10,75.00000
10627,,PurchasesBatch,296,02465,,0,,0001,30,40.00000
10628,,PurchasesBatch,296,02463,,0,,0001,30,40.00000
10629,,PurchasesBatch,296,02462,,0,,0001,30,40.00000
10630,,PurchasesBatch,296,02466,,0,,0001,30,40.00000
10631,,PurchasesBatch,296,02464,,0,,0001,30,40.00000
10632,,PurchasesBatch,296,02127,,0,,0001,1000,33.00000
10633,,Productions,570,03162,,0,,0001,700,36.83199
10634,,PRODUCTIONBATCH,570,01004,,0,,0001,10,400.00000
10635,,PRODUCTIONBATCH,570,01009,,0,,001,2,2200.00000
10636,,PRODUCTIONBATCH,570,01020,,0,,0001,35,313.24849
10637,,PRODUCTIONBATCH,570,01036,,0,,0001,7,650.00233
10638,,PRODUCTIONBATCH,570,01041,,0,,0001,1,560.00047
10639,,PRODUCTIONBATCH,570,01060,,0,,001,0,950.00000
10640,,Productions,570,03162,0001,700,36.83199,0001,700,36.83245
10641,,Productions,571,03260,,0,,0001,60,117.05750
10642,,PRODUCTIONBATCH,571,01036,,0,,0001,6,650.00233
10643,,PRODUCTIONBATCH,571,01041,,0,,0001,0,560.00047
10644,,PRODUCTIONBATCH,571,01045,,0,,001,1,350.00000
10645,,PRODUCTIONBATCH,571,01053,,0,,0001,0,15760.34525
10646,,PRODUCTIONBATCH,571,01055,,0,,0001,0,1549.99494
10647,,PRODUCTIONBATCH,571,01056,,0,,0001,0,18697.38365
10648,,PRODUCTIONBATCH,571,01058,,0,,0001,0,1449.92236
10649,,Productions,571,03260,0001,60,117.05750,0001,60,117.67912
10650,,PACKING,600,00228,,0,,0001,28,2043.99393
10651,,PACKINGBATCH,600,02128,,0,,0001,28,1069.61115
10652,,PACKINGBATCH,600,02268,,0,,0001,20,75.00000
10653,,PACKINGBATCH,600,03162,,0,,0001,700,36.83245
10654,,PACKING,600,00228,0001,28,2043.99393,0001,28,2043.99383
10655,,PACKING,601,00364,,0,,0001,12,1126.72833
10656,,PACKINGBATCH,601,02014,,0,,0001,12,439.99946
10657,,PACKINGBATCH,601,02427,,0,,0001,12,40.00000
10658,,PACKINGBATCH,601,03260,,0,,0001,60,117.67912
10659,,PACKINGBATCH,601,02004,,0,,0001,3,233.33333
10660,,PACKING,601,00364,0001,12,1126.72833,0001,12,1126.72839
10661,,SALERETURNSBATCH,3,00040,,0,,0001,185,9000.00000
10662,,Productions,572,03028,,0,,0001,60,325.68717
10663,,PRODUCTIONBATCH,572,01017,,0,,0001,0,3370.67997
10664,,PRODUCTIONBATCH,572,01019,,0,,0001,0,5200.00000
10665,,PRODUCTIONBATCH,572,01031,,0,,0001,0,6494.72991
10666,,PRODUCTIONBATCH,572,01036,,0,,0001,3,650.00233
10667,,PRODUCTIONBATCH,572,01041,,0,,0001,0,560.00047
10668,,PRODUCTIONBATCH,572,01045,,0,,001,3,350.00000
10669,,PRODUCTIONBATCH,572,01058,,0,,0001,0,1449.92236
10670,,PRODUCTIONBATCH,572,01075,,0,,0001,0,4692.51124
10671,,PRODUCTIONBATCH,572,01189,,0,,0001,4,700.01943
10672,,Productions,572,03028,0001,60,325.68717,0001,60,327.24082
10673,,Productions,573,03248,,0,,0001,220,104.61745
10674,,PRODUCTIONBATCH,573,01004,,0,,0001,2,400.00000
10675,,PRODUCTIONBATCH,573,01036,,0,,0001,2,650.00233
10676,,PRODUCTIONBATCH,573,01041,,0,,0001,2,560.00047
10677,,PRODUCTIONBATCH,573,01043,,0,,0001,1,13.75000
10678,,PRODUCTIONBATCH,573,01045,,0,,001,2,350.00000
10679,,PRODUCTIONBATCH,573,01050,,0,,0001,0,3086.04001
10680,,PRODUCTIONBATCH,573,01055,,0,,0001,11,1549.99494
10681,,PRODUCTIONBATCH,573,01058,,0,,0001,0,1449.92236
10682,,PRODUCTIONBATCH,573,01073,,0,,0001,1,373.47646
10683,,Productions,573,03248,0001,220,104.61745,0001,220,104.92818
10684,,Productions,574,03291,,0,,0001,124,45.73371
10685,,PRODUCTIONBATCH,574,01004,,0,,0001,1,400.00000
10686,,PRODUCTIONBATCH,574,01009,,0,,001,0,2200.00000
10687,,PRODUCTIONBATCH,574,01020,,0,,0001,6,313.24849
10688,,PRODUCTIONBATCH,574,01021,,0,,0001,3,340.07146
10689,,PRODUCTIONBATCH,574,01022,,0,,0001,0,4000.00000
10690,,PRODUCTIONBATCH,574,01036,,0,,0001,1,650.00233
10691,,PRODUCTIONBATCH,574,01041,,0,,0001,0,560.00047
10692,,PRODUCTIONBATCH,574,01060,,0,,001,0,950.00000
10693,,Productions,574,03291,0001,124,45.73371,0001,124,45.73424
10694,,Productions,575,03019,,0,,0001,1250,13.83448
10695,,PRODUCTIONBATCH,575,01003,,0,,0001,625,13.03231
10696,,PRODUCTIONBATCH,575,01033,,0,,0001,125,50.00000
10697,,PRODUCTIONBATCH,575,01059,,0,,0001,40,72.44776
10698,,Productions,575,03019,0001,1250,13.83448,0001,1250,13.83448
10699,,PACKING,602,00226,,0,,0001,60,571.90750
10700,,PACKINGBATCH,602,02097,,0,,0001,60,230.00000
10701,,PACKINGBATCH,602,03028,,0,,0001,60,327.24082
10702,,PACKINGBATCH,602,02059,,0,,0001,5,176.00000
10703,,PACKING,602,00226,0001,60,571.90750,0001,60,571.90749
10704,,PACKING,603,00349,,0,,0001,44,1102.97386
10705,,PACKINGBATCH,603,02014,,0,,0001,44,439.99946
10706,,PACKINGBATCH,603,02410,,0,,0001,44,80.00000
10707,,PACKINGBATCH,603,03248,,0,,0001,220,104.92818
10708,,PACKINGBATCH,603,02004,,0,,0001,11,233.33333
10709,,PACKING,603,00349,0001,44,1102.97386,0001,44,1102.97369
10710,,PACKING,604,00404,,0,,0001,24,340.40083
10711,,PACKINGBATCH,604,02097,,0,,0001,24,230.00000
10712,,PACKINGBATCH,604,02467,,0,,0001,30,40.00000
10713,,PACKINGBATCH,604,03291,,0,,0001,24,45.73424
10714,,PACKINGBATCH,604,02059,,0,,0001,2,176.00000
10715,,PACKING,604,00404,0001,24,340.40083,0001,24,340.40091
10716,,PurchasesBatch,296,02294,0001,5,75.00000,,0,
10717,,PurchasesBatch,296,02410,0001,55,80.00000,0001,55,80.00000
10718,,PurchasesBatch,296,02479,,0,,0001,5,75.00000
10719,,PACKING,605,00415,,0,,0001,4,2306.71500
10720,,PACKINGBATCH,605,02128,,0,,0001,4,1069.61115
10721,,PACKINGBATCH,605,02479,,0,,0001,5,75.00000
10722,,PACKINGBATCH,605,03291,,0,,0001,100,45.73424
10723,,PACKING,605,00415,0001,4,2306.71500,0001,4,2306.71715
10724,,PACKING,606,00040,,0,,0001,50,553.86200
10725,,PACKINGBATCH,606,02042,,0,,0001,50,40.00000
10726,,PACKINGBATCH,606,02213,,0,,0001,50,168.00000
10727,,PACKINGBATCH,606,03019,,0,,0001,1250,13.83448
10728,,PACKING,606,00040,0001,50,553.86200,0001,50,553.86200
10729,,Productions,576,03289,,0,,0001,24,57.19208
10730,,PRODUCTIONBATCH,576,01028,,0,,0001,0,1650.00000
10731,,PRODUCTIONBATCH,576,01036,,0,,0001,0,650.00233
10732,,PRODUCTIONBATCH,576,01050,,0,,0001,0,3086.04001
10733,,PRODUCTIONBATCH,576,01052,,0,,0001,0,14500.00000
10734,,PRODUCTIONBATCH,576,01055,,0,,0001,0,1549.99494
10735,,PRODUCTIONBATCH,576,01056,,0,,0001,0,18697.38365
10736,,PRODUCTIONBATCH,576,01058,,0,,0001,0,1449.92236
10737,,Productions,576,03289,0001,24,57.19208,0001,24,57.19195
10738,,Productions,577,03287,,0,,0001,24,28.87375
10739,,PRODUCTIONBATCH,577,01004,,0,,0001,0,400.00000
10740,,PRODUCTIONBATCH,577,01041,,0,,0001,0,560.00047
10741,,PRODUCTIONBATCH,577,01044,,0,,0001,0,128.00000
10742,,PRODUCTIONBATCH,577,01045,,0,,001,0,350.00000
10743,,PRODUCTIONBATCH,577,01050,,0,,0001,0,3086.04001
10744,,PRODUCTIONBATCH,577,01055,,0,,0001,0,1549.99494
10745,,Productions,577,03287,0001,24,28.87375,0001,24,29.27739
10746,,Productions,578,03286,,0,,0001,24,216.17458
10747,,PRODUCTIONBATCH,578,01004,,0,,0001,0,400.00000
10748,,PRODUCTIONBATCH,578,01010,,0,,0001,0,2800.00000
10749,,PRODUCTIONBATCH,578,01012,,0,,0001,0,4000.00000
10750,,PRODUCTIONBATCH,578,01020,,0,,0001,0,313.24849
10751,,PRODUCTIONBATCH,578,01021,,0,,0001,0,340.07146
10752,,PRODUCTIONBATCH,578,01041,,0,,0001,0,560.00047
10753,,PRODUCTIONBATCH,578,01046,,0,,0001,0,10502.10290
10754,,PRODUCTIONBATCH,578,01058,,0,,0001,0,1449.92236
10755,,PRODUCTIONBATCH,578,01184,,0,,0001,0,366.99993
10756,,Productions,578,03286,0001,24,216.17458,0001,24,216.17443
10757,,Productions,579,03290,,0,,0001,24,23.25125
10758,,PRODUCTIONBATCH,579,01036,,0,,0001,0,650.00233
10759,,PRODUCTIONBATCH,579,01041,,0,,0001,0,560.00047
10760,,PRODUCTIONBATCH,579,01045,,0,,001,0,350.00000
10761,,PRODUCTIONBATCH,579,01050,,0,,0001,0,3086.04001
10762,,PRODUCTIONBATCH,579,01058,,0,,0001,0,1449.92236
10763,,Productions,579,03290,0001,24,23.25125,0001,24,23.40695
10764,,Productions,580,03074,,0,,0001,24,128.65500
10765,,PRODUCTIONBATCH,580,01017,,0,,0001,0,3370.67997
10766,,PRODUCTIONBATCH,580,01031,,0,,0001,0,6494.72991
10767,,PRODUCTIONBATCH,580,01041,,0,,0001,0,560.00047
10768,,PRODUCTIONBATCH,580,01048,,0,,0001,0,1405.95140
10769,,PRODUCTIONBATCH,580,01058,,0,,0001,0,1449.92236
10770,,Productions,580,03074,0001,24,128.65500,0001,24,128.65497
10771,,PACKING,607,00402,,0,,0001,24,351.85875
10772,,PACKINGBATCH,607,02465,,0,,0001,30,40.00000
10773,,PACKINGBATCH,607,03289,,0,,0001,24,57.19195
10774,,PACKINGBATCH,607,02059,,0,,0001,2,176.00000
10775,,PACKINGBATCH,607,02097,,0,,0001,24,230.00000
10776,,PACKING,607,00402,0001,24,351.85875,0001,24,351.85862
10777,,PACKING,608,00400,,0,,0001,24,103.11083
10778,,PACKINGBATCH,608,02463,,0,,0001,24,40.00000
10779,,PACKINGBATCH,608,03287,,0,,0001,24,29.27739
10780,,PACKINGBATCH,608,02059,,0,,0001,2,176.00000
10781,,PACKINGBATCH,608,02097,,0,,0001,2,230.00000
10782,,PACKING,608,00400,0001,24,103.11083,0001,24,103.11072
10783,,PACKING,609,00399,,0,,0001,24,290.00792
10784,,PACKINGBATCH,609,02462,,0,,0001,24,40.00000
10785,,PACKINGBATCH,609,03286,,0,,0001,24,216.17443
10786,,PACKINGBATCH,609,02059,,0,,0001,2,176.00000
10787,,PACKINGBATCH,609,02097,,0,,0001,2,230.00000
10788,,PACKING,609,00399,0001,24,290.00792,0001,24,290.00776
10789,,PACKING,610,00403,,0,,0001,24,97.24042
10790,,PACKINGBATCH,610,02466,,0,,0001,24,40.00000
10791,,PACKINGBATCH,610,03290,,0,,0001,24,23.40695
10792,,PACKINGBATCH,610,02059,,0,,0001,2,176.00000
10793,,PACKINGBATCH,610,02097,,0,,0001,2,230.00000
10794,,PACKING,610,00403,0001,24,97.24042,0001,24,97.24028
10795,,PRODUCTIONBATCH,580,01017,0001,0,3370.67997,,0,
10796,,PRODUCTIONBATCH,580,01031,0001,0,6494.72991,,0,
10797,,PRODUCTIONBATCH,580,01041,0001,0,560.00047,,0,
10798,,PRODUCTIONBATCH,580,01048,0001,0,1405.95140,,0,
10799,,PRODUCTIONBATCH,580,01058,0001,0,1449.92236,,0,
10800,,Production,580,03074,0001,24,128.65497,,0,
10801,,Productions,580,03288,,0,,0001,24,129.11250
10802,,PRODUCTIONBATCH,580,01017,,0,,0001,0,3370.67997
10803,,PRODUCTIONBATCH,580,01031,,0,,0001,0,6494.72991
10804,,PRODUCTIONBATCH,580,01048,,0,,0001,0,1405.95140
10805,,PRODUCTIONBATCH,580,01058,,0,,0001,0,1449.92236
10806,,Productions,580,03288,0001,24,129.11250,0001,24,129.11249
10807,,PACKING,611,00401,,0,,0001,24,413.77917
10808,,PACKINGBATCH,611,02464,,0,,0001,24,40.00000
10809,,PACKINGBATCH,611,03288,,0,,0001,24,129.11249
10810,,PACKINGBATCH,611,02059,,0,,0001,2,176.00000
10811,,PACKINGBATCH,611,02097,,0,,0001,24,230.00000
10812,,PACKING,611,00401,0001,24,413.77917,0001,24,413.77916
10813,,PurchasesBatch,297,01043,,0,,0001,800,13.75000
10814,,PurchasesBatch,298,02014,,0,,0001,170,440.00000
10815,,PurchasesBatch,299,02059,,0,,0001,92,166.00000
10816,,PurchasesBatch,300,01015,,0,,0001,10000,17.00000
10817,,PurchasesBatch,300,01003,,0,,0001,750,15.00000
10818,,SALESBATCH,275,00050,,0,,0001,24,433.73276
10819,,SALESBATCH,275,00077,,0,,0001,12,339.41309
10820,,PurchasesBatch,301,02041,,0,,0001,10,140.00000
10821,,PurchasesBatch,301,02300,,0,,0001,16,40.00000
10822,,PurchasesBatch,301,02048,,0,,0001,16,40.00000
10823,,PurchasesBatch,301,02096,,0,,0001,135,40.00000
10824,,PurchasesBatch,301,02204,,0,,0001,55,40.00000
10825,,PurchasesBatch,301,02293,,0,,0001,55,40.00000
10826,,PurchasesBatch,301,02404,,0,,0001,55,40.00000
10827,,PurchasesBatch,301,02384,,0,,0001,55,40.00000
10828,,PurchasesBatch,301,02441,,0,,0001,140,40.00000
10829,,PurchasesBatch,301,02060,,0,,0001,5,140.00000
10830,,PurchasesBatch,301,02234,,0,,0001,10,140.00000
10831,,Productions,581,03034,,0,,0001,12,43.36500
10832,,PRODUCTIONBATCH,581,01036,,0,,0001,0,650.00233
10833,,PRODUCTIONBATCH,581,01041,,0,,0001,0,560.00047
10834,,PRODUCTIONBATCH,581,01045,,0,,001,0,350.00000
10835,,PRODUCTIONBATCH,581,01053,,0,,0001,0,15760.34525
10836,,PRODUCTIONBATCH,581,01056,,0,,0001,0,18697.38365
10837,,PRODUCTIONBATCH,581,01058,,0,,0001,0,1449.92236
10838,,Productions,581,03034,0001,12,43.36500,0001,12,43.98627
10839,,Productions,582,03027,,0,,0001,12,207.03083
10840,,PRODUCTIONBATCH,582,01036,,0,,0001,0,650.00233
10841,,PRODUCTIONBATCH,582,01041,,0,,0001,0,560.00047
10842,,PRODUCTIONBATCH,582,01045,,0,,001,0,350.00000
10843,,PRODUCTIONBATCH,582,01058,,0,,0001,0,1449.92236
10844,,PRODUCTIONBATCH,582,01072,,0,,0001,0,9146.17902
10845,,Productions,582,03027,0001,12,207.03083,0001,12,207.96330
10846,,Productions,583,03022,,0,,0001,125,30.09016
10847,,PRODUCTIONBATCH,583,01003,,0,,0001,100,13.25752
10848,,PRODUCTIONBATCH,583,01031,,0,,0001,0,6494.72991
10849,,Productions,583,03022,0001,125,30.09016,0001,125,30.09021
10850,,PACKING,612,00063,,0,,0001,12,341.51917
10851,,PACKINGBATCH,612,02097,,0,,0001,12,230.00000
10852,,PACKINGBATCH,612,02300,,0,,0001,16,40.00000
10853,,PACKINGBATCH,612,03034,,0,,0001,12,43.98627
10854,,PACKINGBATCH,612,02059,,0,,0001,1,170.39024
10855,,PACKING,612,00063,0001,12,341.51917,0001,12,341.51879
10856,,PACKING,613,00055,,0,,0001,12,498.82917
10857,,PACKINGBATCH,613,02048,,0,,0001,14,40.00000
10858,,PACKINGBATCH,613,02097,,0,,0001,12,230.00000
10859,,PACKINGBATCH,613,03027,,0,,0001,12,207.96330
10860,,PACKINGBATCH,613,02059,,0,,0001,1,170.39024
10861,,PACKING,613,00055,0001,12,498.82917,0001,12,498.82915
10862,,PACKING,614,00041,,0,,0001,5,1264.98000
10863,,PACKINGBATCH,614,02041,,0,,0001,5,136.66667
10864,,PACKINGBATCH,614,02307,,0,,0001,5,168.00000
10865,,PACKINGBATCH,614,03022,,0,,001,125,37.18484
10866,,PACKING,614,00041,0001,5,1264.98000,0001,5,1234.28767
10867,,SALESBATCH,276,00228,,0,,0001,28,2043.99383
10868,,SALESBATCH,277,00364,,0,,0001,12,1126.72839
10869,,SALESBATCH,278,00226,,0,,0001,60,571.90749
10870,,SALESBATCH,278,00349,,0,,0001,44,1102.97369
10871,,OpeningBatch,81,00019,0001,177,1440.00000,0001,177,1440.00000
10872,,OpeningBatch,101,00363,0001,934,14000.00000,0001,934,14000.00000
10873,,OpeningBatch,102,00357,0001,2,10000.00000,0001,2,10000.00000
10874,,OpeningBatch,103,00053,0001,4,9000.00000,0001,4,9000.00000
10875,,OpeningBatch,108,00124,0001,160,5000.00000,0001,160,5000.00000
10876,,OpeningBatch,111,00369,0001,5080,300.00000,0001,5080,300.00000
10877,,OpeningBatch,113,00010,0001,500,70.00000,0001,500,70.00000
10878,,OpeningBatch,114,00008,0001,500,64.00000,0001,500,64.00000
10879,,OpeningBatch,115,00264,001,10,1500.00000,001,10,1500.00000
10880,,OpeningBatch,116,00398,0001,40,3000.00000,0001,40,3000.00000
10881,,OpeningBatch,117,00259,0001,655,40.00000,0001,655,40.00000
10882,,OpeningBatch,118,00262,0001,898,40.00000,0001,898,40.00000
10883,,OpeningBatch,119,00030,0001,100,48.00000,0001,100,48.00000
10884,,OpeningBatch,120,00013,0001,200,64.00000,0001,200,64.00000
10885,,OpeningBatch,121,00416,,0,,001,5,50000.00000
10886,,SALESBATCH,279,00040,,0,,0001,50,7012.64724
10887,,SALESBATCH,279,00416,,0,,001,5,50000.00000
10888,,OpeningBatch,81,00019,0001,177,1440.00000,0001,177,1440.00000
10889,,OpeningBatch,101,00363,0001,934,14000.00000,0001,934,14000.00000
10890,,OpeningBatch,102,00357,0001,2,10000.00000,0001,2,10000.00000
10891,,OpeningBatch,103,00053,0001,4,9000.00000,0001,4,9000.00000
10892,,OpeningBatch,108,00124,0001,160,5000.00000,0001,160,5000.00000
10893,,OpeningBatch,111,00369,0001,5080,300.00000,0001,5080,300.00000
10894,,OpeningBatch,113,00010,0001,500,70.00000,0001,500,70.00000
10895,,OpeningBatch,114,00008,0001,500,64.00000,0001,500,64.00000
10896,,OpeningBatch,115,00264,001,10,1500.00000,001,10,1500.00000
10897,,OpeningBatch,116,00398,0001,40,3000.00000,0001,40,3000.00000
10898,,OpeningBatch,117,00259,0001,655,40.00000,0001,655,40.00000
10899,,OpeningBatch,118,00262,0001,898,40.00000,0001,898,40.00000
10900,,OpeningBatch,119,00030,0001,100,48.00000,0001,100,48.00000
10901,,OpeningBatch,120,00013,0001,200,64.00000,0001,200,64.00000
10902,,OpeningBatch,121,00416,001,5,50000.00000,001,100,50000.00000
10903,,SALESBATCH,280,00415,,0,,0001,4,2306.71715
10904,,SALESBATCH,280,00404,,0,,0001,24,340.40091
10905,,SALESBATCH,280,00401,,0,,0001,24,413.77916
10906,,SALESBATCH,280,00399,,0,,0001,24,290.00776
10907,,SALESBATCH,280,00400,,0,,0001,24,103.11072
10908,,SALESBATCH,280,00402,,0,,0001,24,351.85862
10909,,SALESBATCH,280,00403,,0,,0001,24,97.24028
10910,,SALESBATCH,281,00063,,0,,0001,12,341.51879
10911,,SALESBATCH,281,00055,,0,,0001,12,498.82915
10912,,SALESBATCH,282,00041,,0,,0001,5,1234.28767
10913,,SALERETURNSBATCH,4,00400,,0,,0001,24,1200.00000
10914,,SALERETURNSBATCH,4,00401,,0,,001,24,1675.00000
10915,,SALERETURNSBATCH,4,00399,,0,,0001,24,1560.00000
10916,,SALERETURNSBATCH,4,00404,,0,,0001,24,800.00000
10917,,SALERETURNSBATCH,4,00402,,0,,0001,24,980.00000
10918,,SALERETURNSBATCH,4,00403,,0,,0001,24,1800.00000
10919,,SALESBATCH,155,00022,0001,1,498.37533,,0,
10920,,SALESBATCH,155,00022,,0,,0001,1,438.57108
10921,,SALESBATCH,155,00040,0001,1,1410.35588,,0,
10922,,SALESBATCH,155,00040,,0,,0001,1,6983.61982
10923,,SALESBATCH,192,00022,0001,1,438.59665,,0,
10924,,SALESBATCH,192,00022,,0,,0001,1,438.57236
10925,,SALESBATCH,283,00357,,0,,0001,2,547.84972
10926,,SALESBATCH,283,00022,,0,,0001,2,438.57236
10927,,SALESBATCH,283,00212,,0,,0001,2,1519.39872
10928,,SALESBATCH,284,00022,,0,,0001,2,438.57236
10929,,SALESBATCH,284,00199,,0,,0001,2,589.95386
10930,,SALESBATCH,285,00220,,0,,0001,2,375.54859
10931,,SALESBATCH,285,00022,,0,,0001,1,438.57236
10932,,SALESBATCH,285,00363,,0,,0001,1,14000.00000
10933,,SALESBATCH,286,00212,,0,,0001,3,1519.39872
10934,,SALESBATCH,286,00022,,0,,0001,1,438.57236
10935,,SALESBATCH,286,00231,,0,,0001,1,446.87502
10936,,SALESBATCH,287,00199,,0,,0001,1,589.95386
10937,,SALESBATCH,287,00022,,0,,0001,3,438.57236
10938,,SALESBATCH,287,00231,,0,,0001,6,446.87502
10939,,ExpiriesBatch,1,00402,,0,,0001,24,980.00000
10940,,ExpiriesBatch,1,00399,,0,,0001,24,1560.00000
10941,,ExpiriesBatch,1,00400,,0,,0001,24,1200.00000
10942,,ExpiriesBatch,1,00404,,0,,0001,24,800.00000
10943,,ExpiriesBatch,1,00401,,0,,001,24,1675.00000
10944,,ExpiriesBatch,1,00403,,0,,0001,24,1800.00000
10947,,PACKING,534,00409,0001,10,161.92908,0001,10,161.92908
10948,,PACKINGBATCH,534,03296,0001,10,21.92908,,0,
10949,,PACKINGBATCH,534,03296,,0,,0001,250,21.92908
10950,,PACKING,534,00409,0001,10,161.92908,0001,10,688.22700
10951,,PACKING,535,00408,0001,10,160.84000,0001,10,160.84000
10952,,PACKINGBATCH,535,03295,0001,10,20.84000,,0,
10953,,PACKINGBATCH,535,03295,,0,,0001,250,20.84000
10954,,PACKING,535,00408,0001,10,160.84000,0001,10,661.00000
10955,,PACKING,527,00407,0001,20,744.09411,0001,20,744.09411
10956,,PACKINGBATCH,527,02004,0001,20,234.81786,,0,
10957,,PACKINGBATCH,527,02004,,0,,0001,5,233.78319
10958,,PACKINGBATCH,527,02470,0001,20,40.00000,,0,
10959,,PACKINGBATCH,527,02470,,0,,0001,30,40.00000
10960,,PACKINGBATCH,527,03294,0001,20,29.27795,,0,
10961,,PACKINGBATCH,527,03294,,0,,0001,100,29.27795
10962,,PACKING,527,00407,0001,20,744.09411,0001,20,704.83385
10963,,SALESBATCH,192,00074,0001,1,500.00000,,0,
10964,,SALESBATCH,192,00074,,0,,0001,1,500.00000
10965,,SALESBATCH,269,00408,0001,10,160.84000,,0,
10966,,SALESBATCH,269,00408,,0,,0001,10,160.84000
10967,,SALESBATCH,269,00409,0001,10,161.92908,,0,
10968,,SALESBATCH,269,00409,,0,,0001,10,161.92908
10969,,PurchasesBatch,302,02009,,0,,0001,2400,20.00000
10970,,PurchasesBatch,303,02004,,0,,0001,202,225.00000
10971,,PurchasesBatch,304,01060,,0,,0001,25,950.00000
10972,,PurchasesBatch,304,01034,,0,,0001,25,480.00000
10973,,Productions,584,03131,,0,,0001,320,78.16663
10974,,PRODUCTIONBATCH,584,01021,,0,,0001,1,340.07146
10975,,PRODUCTIONBATCH,584,01028,,0,,0001,3,1650.00000
10976,,PRODUCTIONBATCH,584,01041,,0,,0001,1,560.00047
10977,,PRODUCTIONBATCH,584,01045,,0,,001,3,350.00000
10978,,PRODUCTIONBATCH,584,01050,,0,,0001,0,3086.04001
10979,,PRODUCTIONBATCH,584,01057,,0,,0001,0,12640.67293
10980,,PRODUCTIONBATCH,584,01058,,0,,0001,1,1449.92236
10981,,PRODUCTIONBATCH,584,01115,,0,,001,12,650.00000
10982,,PRODUCTIONBATCH,584,01143,,0,,0001,0,3396.86396
10983,,Productions,584,03131,0001,320,78.16663,0001,320,68.02738
10984,,Productions,585,03183,,0,,0001,200,65.01760
10985,,PRODUCTIONBATCH,585,01010,,0,,0001,1,2800.00000
10986,,PRODUCTIONBATCH,585,01020,,0,,0001,1,313.24849
10987,,PRODUCTIONBATCH,585,01021,,0,,0001,1,340.07146
10988,,PRODUCTIONBATCH,585,01041,,0,,0001,0,560.00047
10989,,PRODUCTIONBATCH,585,01045,,0,,001,4,350.00000
10990,,PRODUCTIONBATCH,585,01058,,0,,0001,0,1449.92236
10991,,PRODUCTIONBATCH,585,01105,,0,,0001,1,414.58858
10992,,PRODUCTIONBATCH,585,01184,,0,,0001,10,366.99993
10993,,Productions,585,03183,0001,200,65.01760,0001,200,65.67012
10994,,Productions,586,03089,,0,,0001,220,111.01745
10995,,PRODUCTIONBATCH,586,01017,,0,,0001,1,3370.67997
10996,,PRODUCTIONBATCH,586,01031,,0,,0001,2,6494.72991
10997,,PRODUCTIONBATCH,586,01036,,0,,0001,0,650.00233
10998,,PRODUCTIONBATCH,586,01041,,0,,0001,0,560.00047
10999,,PRODUCTIONBATCH,586,01045,,0,,001,6,350.00000
11000,,PRODUCTIONBATCH,586,01048,,0,,0001,0,1405.95140
11001,,PRODUCTIONBATCH,586,01058,,0,,0001,0,1449.92236
11002,,Productions,586,03089,0001,220,111.01745,0001,220,111.94961
11003,,Productions,587,03101,,0,,0001,220,72.86000
11004,,PRODUCTIONBATCH,587,01009,,0,,001,0,2200.00000
11005,,PRODUCTIONBATCH,587,01013,,0,,0001,6,259.62717
11006,,PRODUCTIONBATCH,587,01034,,0,,0001,2,525.41335
11007,,PRODUCTIONBATCH,587,01036,,0,,0001,1,650.00233
11008,,PRODUCTIONBATCH,587,01038,,0,,001,8,650.00000
11009,,PRODUCTIONBATCH,587,01045,,0,,001,1,350.00000
11010,,PRODUCTIONBATCH,587,01056,,0,,0001,0,18697.38365
11011,,PRODUCTIONBATCH,587,01058,,0,,0001,0,1449.92236
11012,,PRODUCTIONBATCH,587,01060,,0,,001,1,950.00000
11013,,Productions,587,03101,0001,220,72.86000,0001,220,73.01569
11014,,Productions,588,03104,,0,,0001,700,30.83199
11015,,PRODUCTIONBATCH,588,01009,,0,,001,2,2200.00000
11016,,PRODUCTIONBATCH,588,01020,,0,,0001,35,313.24849
11017,,PRODUCTIONBATCH,588,01036,,0,,0001,7,650.00233
11018,,PRODUCTIONBATCH,588,01041,,0,,0001,1,560.00047
11019,,PRODUCTIONBATCH,588,01060,,0,,001,0,950.00000
11020,,Productions,588,03104,0001,700,30.83199,0001,700,30.83245
11021,,PACKING,615,00183,,0,,0001,40,886.89575
11022,,PACKINGBATCH,615,02014,,0,,0001,40,439.99955
11023,,PACKINGBATCH,615,02204,,0,,0001,50,40.00000
11024,,PACKINGBATCH,615,03131,,0,,0001,200,68.02738
11025,,PACKINGBATCH,615,02004,,0,,0001,10,227.03717
11026,,PACKING,615,00183,0001,40,886.89575,0001,40,886.89574
11027,,PACKING,616,00260,,0,,0001,40,865.10925
11028,,PACKINGBATCH,616,02014,,0,,0001,40,439.99955
11029,,PACKINGBATCH,616,02293,,0,,0001,40,40.00000
11030,,PACKINGBATCH,616,03183,,0,,0001,200,65.67012
11031,,PACKINGBATCH,616,02004,,0,,0001,10,227.03717
11032,,PACKING,616,00260,0001,40,865.10925,0001,40,865.10944
11033,,PACKING,617,00129,,0,,0001,44,1076.50682
11034,,PACKINGBATCH,617,02014,,0,,0001,44,439.99955
11035,,PACKINGBATCH,617,02131,,0,,0001,44,20.00000
11036,,PACKINGBATCH,617,03089,,0,,0001,220,111.94961
11037,,PACKINGBATCH,617,02004,,0,,0001,11,227.03717
11038,,PACKING,617,00129,0001,44,1076.50682,0001,44,1076.50689
11039,,PACKING,618,00144,,0,,0001,44,901.83727
11040,,PACKINGBATCH,618,02014,,0,,0001,44,439.99955
11041,,PACKINGBATCH,618,02404,,0,,0001,44,40.00000
11042,,PACKINGBATCH,618,03101,,0,,0001,220,73.01569
11043,,PACKINGBATCH,618,02004,,0,,0001,11,227.03717
11044,,PACKING,618,00144,0001,44,901.83727,0001,44,901.83729
11045,,PACKING,619,00147,,0,,0001,28,1883.27964
11046,,PACKINGBATCH,619,02128,,0,,0001,28,1069.61115
11047,,PACKINGBATCH,619,02160,,0,,0001,30,40.00000
11048,,PACKINGBATCH,619,03104,,0,,0001,700,30.83245
11049,,PACKING,619,00147,0001,28,1883.27964,0001,28,1883.27954
11050,,SALESBATCH,288,00183,,0,,0001,40,886.89574
11051,,SALESBATCH,288,00260,,0,,0001,40,865.10944
11052,,SALESBATCH,288,00129,,0,,0001,44,1076.50689
11053,,SALESBATCH,288,00144,,0,,0001,44,901.83729
11054,,SALESBATCH,288,00147,,0,,0001,28,1883.27954
11055,,PACKING,620,00268,,0,,0001,120,355.06642
11056,,PACKINGBATCH,620,02096,,0,,0001,120,40.00000
11057,,PACKINGBATCH,620,02097,,0,,0001,120,230.00000
11058,,PACKINGBATCH,620,03131,,0,,0001,120,68.02738
11059,,PACKINGBATCH,620,02059,,0,,0001,12,170.39024
11060,,PACKING,620,00268,0001,120,355.06642,0001,120,355.06640
11061,,SALESBATCH,288,00268,,0,,0001,120,355.06640
11062,,OpeningBatch,81,00019,0001,177,1440.00000,0001,177,1440.00000
11063,,OpeningBatch,101,00363,0001,934,14000.00000,0001,934,14000.00000
11064,,OpeningBatch,102,00357,0001,2,10000.00000,0001,2,10000.00000
11065,,OpeningBatch,103,00053,0001,4,9000.00000,0001,4,9000.00000
11066,,OpeningBatch,108,00124,0001,160,5000.00000,0001,160,5000.00000
11067,,OpeningBatch,111,00369,0001,5080,300.00000,0001,5080,300.00000
11068,,OpeningBatch,113,00010,0001,500,70.00000,0001,500,70.00000
11069,,OpeningBatch,114,00008,0001,500,64.00000,0001,500,64.00000
11070,,OpeningBatch,115,00264,001,10,1500.00000,001,110,1500.00000
11071,,OpeningBatch,116,00398,0001,40,3000.00000,0001,40,3000.00000
11072,,OpeningBatch,117,00259,0001,655,40.00000,0001,655,40.00000
11073,,OpeningBatch,118,00262,0001,898,40.00000,0001,898,40.00000
11074,,OpeningBatch,119,00030,0001,100,48.00000,0001,100,48.00000
11075,,OpeningBatch,120,00013,0001,200,64.00000,0001,200,64.00000
11076,,OpeningBatch,121,00416,001,100,50000.00000,001,100,50000.00000
11077,,SALESBATCH,289,00264,,0,,001,100,1500.00000
11078,,PurchasesBatch,305,02010,,0,,0001,10000,8.50000
11079,,PurchasesBatch,305,02314,,0,,0001,3000,12.00000
11080,,PurchasesBatch,305,01042,,0,,0001,50,169.00000
11081,,PurchasesBatch,305,01044,,0,,0001,100,128.00000
11082,,PurchasesBatch,305,01043,,0,,0001,1360,13.75000
11083,,PurchasesBatch,305,01038,,0,,0001,35,640.00000
11084,,PurchasesBatch,305,01193,,0,,0001,5,950.00000
11085,,PurchasesBatch,306,02007,,0,,0001,51,260.00000
11086,,PurchasesBatch,307,01027,,0,,0001,25,400.00000
11087,,PurchasesBatch,308,02481,,0,,0001,52,120.00000
11088,,PurchasesBatch,308,02146,,0,,0001,20,75.00000
