PackingID,ProductID,BatchNo,ExpiryDate,Quantity,Cost,IsDeleted
1,02004,0001,07/22/2034 00:00:00,10.000000000,216.00000,False
1,02014,0001,07/22/2034 00:00:00,40.000000000,390.00000,False
1,02334,0001,07/23/2028 00:00:00,60.000000000,80.00000,False
1,03192,0001,07/23/2028 00:00:00,200.000000000,146.25000,False
2,02006,0001,07/22/2034 00:00:00,11.000000000,194.80000,False
2,02010,0001,07/22/2034 00:00:00,1100.000000000,10.00000,False
2,02086,0001,07/22/2034 00:00:00,1150.000000000,12.50000,False
2,03174,0001,07/23/2028 00:00:00,110.000000000,13.86000,False
3,02004,0001,07/22/2034 00:00:00,6.000000000,216.00000,False
3,02014,0001,07/22/2034 00:00:00,24.000000000,390.00000,False
3,02427,0001,07/23/2028 00:00:00,36.000000000,40.00000,False
3,03260,0001,07/23/2028 00:00:00,120.000000000,133.33000,False
4,02004,0001,07/22/2034 00:00:00,3.000000000,216.00000,False
4,02014,0001,07/22/2034 00:00:00,12.000000000,390.00000,False
4,02421,0001,07/23/2028 00:00:00,20.000000000,40.00000,False
4,03254,0001,07/23/2028 00:00:00,60.000000000,173.43000,False
5,02004,0001,07/22/2034 00:00:00,5.000000000,216.00000,False
5,02014,0001,07/22/2034 00:00:00,20.000000000,390.00000,False
5,02430,0001,07/23/2028 00:00:00,36.000000000,40.00000,False
5,03263,0001,07/23/2028 00:00:00,100.000000000,78.38000,False
6,02004,0001,07/22/2034 00:00:00,3.000000000,216.00000,False
6,02014,0001,07/22/2034 00:00:00,12.000000000,390.00000,False
6,02425,0001,07/23/2028 00:00:00,24.000000000,40.00000,False
6,03258,0001,07/23/2028 00:00:00,60.000000000,66.03000,False
7,02004,0001,07/22/2034 00:00:00,3.000000000,216.00000,False
7,02014,0001,07/22/2034 00:00:00,12.000000000,390.00000,False
7,02423,0001,07/23/2028 00:00:00,20.000000000,40.00000,False
7,03256,0001,07/23/2028 00:00:00,60.000000000,78.28000,False
8,02128,0001,07/22/2034 00:00:00,10.000000000,1000.00000,False
8,02428,0001,07/23/2028 00:00:00,10.000000000,90.00000,False
8,03261,0001,07/23/2028 00:00:00,250.000000000,109.49000,False
9,02429,0001,07/23/2028 00:00:00,10.000000000,120.00000,False
9,03262,0001,07/23/2028 00:00:00,250.000000000,19.46154,False
10,02059,0001,07/22/2034 00:00:00,1.000000000,185.00000,False
10,02097,0001,07/22/2034 00:00:00,12.000000000,218.83929,False
10,02265,0001,07/23/2028 00:00:00,15.000000000,40.00000,False
10,03010,0001,07/23/2028 00:00:00,12.000000000,128.59000,False
11,02033,0001,07/22/2034 00:00:00,4.000000000,155.00000,False
11,03014,0001,07/23/2028 00:00:00,100.000000000,15.46154,False
12,02274,0001,07/22/2034 00:00:00,150.000000000,80.00000,False
12,03163,0001,07/23/2028 00:00:00,3750.000000000,15.13333,False
13,02032,0001,07/22/2034 00:00:00,36.000000000,155.00000,False
13,03001,0001,07/23/2028 00:00:00,900.000000000,14.41000,False
14,02258,0001,07/22/2034 00:00:00,10.000000000,45.00000,False
14,02307,0001,07/22/2034 00:00:00,10.000000000,155.00000,False
14,03046,0001,07/23/2028 00:00:00,250.000000000,16.77311,False
15,02004,0001,07/22/2034 00:00:00,13.000000000,216.00000,False
15,02014,0001,07/22/2034 00:00:00,52.000000000,390.00000,False
15,02330,0001,07/23/2028 00:00:00,80.000000000,80.00000,False
15,03190,0001,07/23/2028 00:00:00,260.000000000,475.31846,False
16,02128,0001,07/22/2034 00:00:00,20.000000000,1000.00000,False
16,02146,0001,07/23/2028 00:00:00,26.000000000,90.00000,False
16,03097,0001,07/23/2028 00:00:00,500.000000000,105.17000,False
17,02059,0001,07/22/2034 00:00:00,1.000000000,185.00000,False
17,02097,0001,07/22/2034 00:00:00,12.000000000,218.83929,False
17,02431,0001,07/23/2028 00:00:00,15.000000000,40.00000,False
17,03135,0001,07/23/2028 00:00:00,12.000000000,224.30000,False
18,02048,0001,07/23/2028 00:00:00,15.000000000,40.00000,False
18,02059,0001,07/22/2034 00:00:00,1.000000000,185.00000,False
18,02097,0001,07/22/2034 00:00:00,12.000000000,218.83929,False
18,03027,0001,07/23/2028 00:00:00,12.000000000,231.13000,False
19,02059,0001,07/22/2034 00:00:00,1.000000000,185.00000,False
19,02097,0001,07/22/2034 00:00:00,12.000000000,218.83929,False
19,02300,0001,07/23/2028 00:00:00,15.000000000,40.00000,False
19,03034,0001,07/23/2028 00:00:00,12.000000000,95.53000,False
20,02004,0001,07/22/2034 00:00:00,1.000000000,216.00000,False
20,02014,0001,07/22/2034 00:00:00,4.000000000,390.00000,False
20,02124,0001,07/23/2028 00:00:00,12.000000000,40.00000,False
20,03026,0001,07/23/2028 00:00:00,20.000000000,111.86000,False
21,02047,0001,07/23/2028 00:00:00,15.000000000,40.00000,False
21,02059,0001,07/22/2034 00:00:00,1.000000000,185.00000,False
21,02097,0001,07/22/2034 00:00:00,12.000000000,218.83929,False
21,03026,0001,07/23/2028 00:00:00,12.000000000,111.86000,False
22,02004,0001,07/22/2034 00:00:00,2.000000000,216.00000,False
22,02014,0001,07/22/2034 00:00:00,8.000000000,390.00000,False
22,02025,0001,07/23/2028 00:00:00,12.000000000,40.00000,False
22,03009,0001,07/23/2028 00:00:00,40.000000000,126.03500,False
23,02004,0001,07/22/2034 00:00:00,2.000000000,216.00000,False
23,02014,0001,07/22/2034 00:00:00,8.000000000,390.00000,False
23,02323,0001,07/23/2028 00:00:00,12.000000000,40.00000,False
23,03107,0001,07/23/2028 00:00:00,40.000000000,122.18000,False
24,02274,0001,07/22/2034 00:00:00,50.000000000,80.00000,False
24,03163,0001,07/23/2028 00:00:00,1250.000000000,10.00000,False
25,02004,0001,07/22/2034 00:00:00,2.000000000,216.00000,False
25,02014,0001,07/22/2034 00:00:00,8.000000000,390.00000,False
25,03011,0001,07/23/2028 00:00:00,40.000000000,121.85000,False
26,03055,0001,07/23/2028 00:00:00,5000.000000000,17.65744,False
27,03021,0001,07/23/2028 00:00:00,1000.000000000,50.03050,False
28,02004,0001,07/22/2034 00:00:00,8.000000000,216.00000,False
28,02014,0001,07/22/2034 00:00:00,28.000000000,390.00000,False
28,03011,0001,07/24/2028 00:00:00,140.000000000,83.09732,False
29,02128,0001,07/22/2034 00:00:00,10.000000000,1000.00000,False
29,03104,0001,07/24/2028 00:00:00,250.000000000,142.54000,False
30,02128,0001,07/22/2034 00:00:00,11.000000000,1000.00000,False
30,02268,0001,07/24/2028 00:00:00,32.000000000,90.00000,False
30,03162,0001,07/24/2028 00:00:00,600.000000000,61.30667,False
31,02004,0001,07/22/2034 00:00:00,12.000000000,216.00000,False
31,02014,0001,07/22/2034 00:00:00,48.000000000,390.00000,False
31,02365,0001,07/29/2028 00:00:00,64.000000000,40.00000,False
31,03028,0001,07/29/2028 00:00:00,240.000000000,364.29667,False
32,02004,0001,07/22/2034 00:00:00,10.000000000,216.00000,False
32,02014,0001,07/22/2034 00:00:00,40.000000000,390.00000,False
32,02144,0001,07/29/2028 00:00:00,55.000000000,20.00000,False
32,03094,0001,07/29/2028 00:00:00,200.000000000,333.47500,False
33,02059,0001,07/22/2034 00:00:00,4.000000000,185.00000,False
33,02097,0001,07/22/2034 00:00:00,48.000000000,218.83929,False
33,03096,0001,07/29/2028 00:00:00,48.000000000,84.90000,False
34,02004,0001,07/22/2034 00:00:00,27.000000000,216.00000,False
34,02014,0001,07/22/2034 00:00:00,110.000000000,390.00000,False
34,02147,0001,07/29/2028 00:00:00,150.000000000,40.00000,False
34,03054,0001,07/29/2028 00:00:00,520.000000000,96.58077,False
35,02014,0001,07/22/2034 00:00:00,44.000000000,390.00000,False
35,02364,0001,07/29/2028 00:00:00,64.000000000,40.00000,False
35,03215,0001,07/29/2028 00:00:00,220.000000000,627.55089,False
36,02004,0001,07/22/2034 00:00:00,7.000000000,216.00000,False
36,02014,0001,07/22/2034 00:00:00,28.000000000,390.00000,False
36,02427,0001,07/29/2028 00:00:00,50.000000000,40.00000,False
36,03260,0001,07/29/2028 00:00:00,140.000000000,132.06390,False
37,02032,0001,07/22/2034 00:00:00,5.000000000,155.00000,False
37,03001,0001,07/29/2028 00:00:00,125.000000000,17.14393,False
38,02059,0001,07/22/2034 00:00:00,17.000000000,185.00000,False
38,02097,0001,07/22/2034 00:00:00,190.000000000,218.83929,False
38,02399,0001,07/29/2034 00:00:00,190.000000000,20.00000,False
38,03025,0001,07/29/2028 00:00:00,190.000000000,36.28044,False
39,02059,0001,07/22/2034 00:00:00,15.000000000,185.00000,False
39,02097,0001,07/22/2034 00:00:00,120.000000000,218.83929,False
39,02398,0001,07/29/2034 00:00:00,120.000000000,20.00000,False
39,03093,0001,07/29/2028 00:00:00,120.000000000,279.96915,False
40,02042,0001,07/29/2034 00:00:00,10.000000000,40.00000,False
40,02213,0001,07/22/2034 00:00:00,10.000000000,155.00000,False
40,03019,0001,07/29/2028 00:00:00,250.000000000,17.31122,False
41,02004,0001,07/22/2034 00:00:00,6.000000000,216.00000,False
41,02014,0001,07/22/2034 00:00:00,50.000000000,390.00000,False
41,02216,0001,08/02/2034 00:00:00,72.000000000,40.00000,False
41,03075,0001,08/02/2028 00:00:00,240.000000000,44.17000,False
42,02032,0001,07/22/2034 00:00:00,210.000000000,155.00000,False
42,03001,0001,08/02/2028 00:00:00,5000.000000000,17.34808,False
43,02274,0001,07/22/2034 00:00:00,100.000000000,80.00000,False
43,03163,0001,08/02/2028 00:00:00,2500.000000000,17.68000,False
44,02307,0001,07/22/2034 00:00:00,49.000000000,155.00000,False
44,03151,0001,08/02/2028 00:00:00,1225.000000000,52.29363,False
45,02258,0001,07/22/2034 00:00:00,50.000000000,45.00000,False
45,02307,0001,07/22/2034 00:00:00,50.000000000,155.00000,False
45,03046,0001,08/02/2028 00:00:00,1250.000000000,16.73461,False
46,02433,0001,08/02/2034 00:00:00,1344.000000000,250.00000,False
46,03264,0001,08/02/2028 00:00:00,161.000000000,439.76038,False
47,02059,0001,07/22/2034 00:00:00,20.000000000,185.00000,False
47,02097,0001,07/22/2034 00:00:00,180.000000000,202.39915,False
47,03003,0001,08/02/2028 00:00:00,180.000000000,33.29028,False
48,02006,0001,07/22/2034 00:00:00,21.000000000,199.98987,False
48,02010,0001,07/22/2034 00:00:00,2100.000000000,9.12281,False
48,02018,0001,07/22/2028 00:00:00,2050.000000000,12.00000,False
48,03003,0001,08/02/2028 00:00:00,200.000000000,33.29028,False
49,02314,0001,07/29/2034 00:00:00,2420.000000000,12.50000,False
49,02316,0001,07/22/2028 00:00:00,2450.000000000,6.00000,False
49,02317,0001,07/22/2034 00:00:00,20.000000000,160.00000,False
49,03010,0001,08/02/2028 00:00:00,80.000000000,125.58658,False
50,02059,0001,07/22/2034 00:00:00,8.000000000,185.00000,False
50,02191,0001,06/30/2027 00:00:00,750.000000000,17.00000,False
50,03118,0001,08/02/2028 00:00:00,75.000000000,144.30610,False
51,02006,0001,07/22/2034 00:00:00,11.000000000,199.98987,False
51,02010,0001,07/22/2034 00:00:00,1050.000000000,9.12281,False
51,02313,0001,06/30/2027 00:00:00,1050.000000000,11.50000,False
51,03179,0001,08/02/2028 00:00:00,100.000000000,49.30753,False
52,02006,0001,07/22/2034 00:00:00,12.000000000,199.98987,False
52,02010,0001,07/22/2034 00:00:00,1100.000000000,9.12281,False
52,02020,0001,06/30/2027 00:00:00,1100.000000000,12.00000,False
52,03018,0001,08/02/2028 00:00:00,108.000000000,103.76888,False
53,02006,0001,07/22/2034 00:00:00,20.000000000,199.98987,False
53,02010,0001,07/22/2034 00:00:00,2100.000000000,9.12281,False
53,02278,0001,07/22/2028 00:00:00,2100.000000000,12.00000,False
53,03165,0001,08/02/2028 00:00:00,200.000000000,11.80986,False
54,02004,0001,08/02/2034 00:00:00,4.000000000,235.00000,False
54,02019,0001,06/30/2027 00:00:00,400.000000000,11.50000,False
54,03012,0001,08/02/2028 00:00:00,38.000000000,116.77315,False
55,02004,0001,08/02/2034 00:00:00,10.000000000,235.00000,False
55,02014,0001,07/22/2034 00:00:00,40.000000000,390.00000,False
55,02332,0001,08/02/2034 00:00:00,60.000000000,80.00000,False
55,03191,0001,08/02/2028 00:00:00,200.000000000,73.00437,False
56,02004,0001,08/02/2034 00:00:00,5.000000000,235.00000,False
56,02014,0001,07/22/2034 00:00:00,20.000000000,390.00000,False
56,02334,0001,08/02/2034 00:00:00,30.000000000,80.00000,False
56,03192,0001,08/02/2028 00:00:00,100.000000000,168.24522,False
57,02004,0001,08/02/2034 00:00:00,9.000000000,216.60804,False
57,02014,0001,07/22/2034 00:00:00,35.000000000,390.00000,False
57,02337,0001,08/02/2034 00:00:00,50.000000000,80.00000,False
57,03194,0001,08/02/2028 00:00:00,160.000000000,93.75005,False
58,02004,0001,08/02/2034 00:00:00,8.000000000,216.60804,False
58,02014,0001,07/22/2034 00:00:00,35.000000000,390.00000,False
58,02336,0001,08/02/2034 00:00:00,50.000000000,80.00000,False
58,03193,0001,08/02/2028 00:00:00,160.000000000,247.91501,False
59,02004,0001,08/02/2034 00:00:00,25.000000000,216.60804,False
59,02014,0001,07/22/2034 00:00:00,105.000000000,390.00000,False
59,02330,0001,08/02/2034 00:00:00,140.000000000,80.00000,False
59,03190,0001,08/02/2028 00:00:00,500.000000000,410.24064,False
60,02033,0001,07/22/2034 00:00:00,10.000000000,155.00000,False
60,03014,0001,08/02/2028 00:00:00,250.000000000,13.46106,False
61,02004,0001,08/02/2034 00:00:00,6.000000000,216.60804,False
61,02014,0001,07/22/2034 00:00:00,24.000000000,390.00000,False
61,02031,0001,08/03/2028 00:00:00,40.000000000,40.00000,False
61,03010,0001,08/03/2028 00:00:00,120.000000000,125.58658,False
62,02059,0001,07/22/2034 00:00:00,2.000000000,185.00000,False
62,02097,0001,07/22/2034 00:00:00,24.000000000,202.39915,False
62,03028,0001,08/03/2028 00:00:00,24.000000000,390.28480,False
63,02004,0001,08/02/2034 00:00:00,5.000000000,216.60804,False
63,02014,0001,07/22/2034 00:00:00,16.000000000,390.00000,False
63,02293,0001,08/03/2028 00:00:00,40.000000000,40.00000,False
63,03183,0001,08/03/2028 00:00:00,80.000000000,67.26667,False
64,02004,0001,08/02/2034 00:00:00,8.000000000,216.60804,False
64,02014,0001,07/22/2034 00:00:00,32.000000000,390.00000,False
64,02384,0001,08/03/2028 00:00:00,64.000000000,40.00000,False
64,03236,0001,08/03/2028 00:00:00,160.000000000,93.77648,False
65,02258,0001,07/22/2034 00:00:00,40.000000000,45.00000,False
65,02307,0001,07/22/2034 00:00:00,40.000000000,155.00000,False
65,03046,0001,08/03/2028 00:00:00,1000.000000000,16.66146,False
66,02033,0001,07/22/2034 00:00:00,20.000000000,155.00000,False
66,03014,0001,08/03/2028 00:00:00,500.000000000,13.46106,False
67,03021,0001,08/03/2028 00:00:00,2500.000000000,66.04065,False
68,02097,0001,07/22/2034 00:00:00,240.000000000,202.39915,False
68,03224,0001,08/03/2028 00:00:00,240.000000000,64.30450,False
69,02004,0001,08/02/2034 00:00:00,45.000000000,216.60804,False
69,02315,0001,06/30/2027 00:00:00,1000.000000000,30.00000,False
69,03182,0001,08/03/2028 00:00:00,960.000000000,17.75916,False
70,02006,0001,07/22/2034 00:00:00,4.000000000,199.98987,False
70,02010,0001,07/22/2034 00:00:00,450.000000000,9.12281,False
70,02020,0001,06/30/2027 00:00:00,450.000000000,12.00000,False
70,03018,0001,08/03/2028 00:00:00,40.000000000,90.32633,False
71,02004,0001,08/02/2034 00:00:00,22.000000000,216.60804,False
71,02014,0001,07/22/2034 00:00:00,80.000000000,390.00000,False
71,02346,0001,08/03/2028 00:00:00,112.000000000,40.00000,False
71,03202,0001,08/03/2028 00:00:00,400.000000000,104.77088,False
72,02002,0001,07/22/2034 00:00:00,10.000000000,180.00000,False
72,02434,0001,08/03/2028 00:00:00,135.000000000,40.00000,False
72,03247,0001,08/03/2028 00:00:00,120.000000000,104.04268,False
73,02015,0001,07/22/2034 00:00:00,240.000000000,332.50000,False
73,03060,0001,08/04/2028 00:00:00,240.000000000,95.75414,False
74,02433,0001,08/02/2034 00:00:00,672.000000000,150.00000,False
74,03264,0001,08/04/2028 00:00:00,80.000000000,470.41105,False
75,02006,0001,07/22/2034 00:00:00,2.000000000,199.98987,False
75,02010,0001,07/22/2034 00:00:00,200.000000000,9.12281,False
75,02278,0001,07/22/2028 00:00:00,200.000000000,12.00000,False
75,03165,0001,08/04/2028 00:00:00,20.000000000,11.78791,False
76,02059,0001,07/22/2034 00:00:00,2.000000000,185.00000,False
76,02097,0001,07/22/2034 00:00:00,24.000000000,202.39915,False
76,02265,0001,08/03/2034 00:00:00,32.000000000,40.00000,False
76,03010,0001,08/04/2028 00:00:00,24.000000000,125.58658,False
77,02059,0001,07/22/2034 00:00:00,10.000000000,185.00000,False
77,02314,0001,07/29/2034 00:00:00,1460.000000000,12.50000,False
77,02316,0001,07/22/2028 00:00:00,1500.000000000,6.00000,False
77,03010,0001,08/04/2028 00:00:00,43.000000000,125.58658,False
78,02003,0001,07/22/2034 00:00:00,5.000000000,216.00000,False
78,02051,0001,06/30/2027 00:00:00,100.000000000,30.00000,False
78,03014,0001,08/04/2028 00:00:00,100.000000000,13.46106,False
79,02032,0001,07/22/2034 00:00:00,55.000000000,155.00000,False
79,03001,0001,08/04/2028 00:00:00,1250.000000000,14.56055,False
80,03182,0001,08/04/2028 00:00:00,250.000000000,16.67366,False
81,02059,0001,07/22/2034 00:00:00,3.000000000,185.00000,False
81,02191,0001,06/30/2027 00:00:00,250.000000000,17.00000,False
81,03118,0001,08/04/2028 00:00:00,25.000000000,121.49994,False
82,02006,0001,07/22/2034 00:00:00,2.000000000,199.98987,False
82,02010,0001,07/22/2034 00:00:00,210.000000000,9.12281,False
82,02018,0001,07/22/2028 00:00:00,220.000000000,12.00000,False
82,03003,0001,08/04/2028 00:00:00,20.000000000,33.29028,False
83,02059,0001,07/22/2034 00:00:00,5.000000000,185.00000,False
83,02097,0001,07/22/2034 00:00:00,26.000000000,202.39915,False
83,03003,0001,08/04/2028 00:00:00,60.000000000,33.29028,False
84,02258,0001,07/22/2034 00:00:00,10.000000000,45.00000,False
84,02307,0001,07/22/2034 00:00:00,10.000000000,155.00000,False
84,03046,0001,08/04/2028 00:00:00,250.000000000,13.78965,False
85,02277,0001,07/22/2034 00:00:00,20.000000000,155.00000,False
85,03173,0001,08/04/2028 00:00:00,500.000000000,14.56055,False
86,02314,0001,07/29/2034 00:00:00,1120.000000000,12.50000,False
86,02316,0001,07/22/2028 00:00:00,1200.000000000,6.00000,False
86,02317,0001,07/22/2034 00:00:00,15.000000000,160.00000,False
86,03010,0001,08/06/2028 00:00:00,34.000000000,125.64313,False
87,02277,0001,07/22/2034 00:00:00,110.000000000,155.00000,False
87,02372,0001,08/06/2028 00:00:00,110.000000000,40.00000,False
87,03222,0001,08/06/2028 00:00:00,2500.000000000,20.78096,False
88,02004,0001,08/02/2034 00:00:00,22.000000000,231.59940,False
88,02014,0001,07/22/2034 00:00:00,85.000000000,392.56410,False
88,02147,0001,08/06/2028 00:00:00,110.000000000,40.00000,False
88,03054,0001,08/06/2028 00:00:00,400.000000000,57.09101,False
89,02004,0001,08/02/2034 00:00:00,20.000000000,231.59940,False
89,02014,0001,07/22/2034 00:00:00,60.000000000,392.56410,False
89,02211,0001,07/30/2034 00:00:00,144.000000000,40.00000,False
89,03074,0001,08/06/2028 00:00:00,280.000000000,115.47660,False
90,02140,0001,08/06/2034 00:00:00,30.000000000,1100.00000,False
90,02232,0001,08/06/2034 00:00:00,370.000000000,30.00000,False
90,03146,0001,08/06/2028 00:00:00,360.000000000,152.73469,False
91,00374,0001,08/06/2028 00:00:00,20.000000000,70.00000,False
91,02140,0001,08/06/2034 00:00:00,10.000000000,1100.00000,False
91,02341,0001,07/22/2034 00:00:00,160.000000000,30.00000,False
91,03197,0001,08/06/2028 00:00:00,150.000000000,132.56633,False
92,02054,0001,08/06/2034 00:00:00,20.000000000,185.00000,False
92,02329,0001,08/06/2028 00:00:00,25.000000000,120.00000,False
92,03189,0001,08/06/2028 00:00:00,500.000000000,27.46106,False
93,02004,0001,08/02/2034 00:00:00,5.000000000,231.59940,False
93,02014,0001,07/22/2034 00:00:00,20.000000000,392.56410,False
93,02435,0001,08/06/2028 00:00:00,52.000000000,40.00000,False
93,03265,0001,08/06/2028 00:00:00,100.000000000,274.87542,False
94,02274,0001,07/22/2034 00:00:00,2.000000000,80.00000,False
94,03163,0001,08/06/2028 00:00:00,50.000000000,17.00000,False
95,02042,0001,07/29/2034 00:00:00,2.000000000,40.00000,False
95,02213,0001,07/22/2034 00:00:00,2.000000000,155.00000,False
95,03019,0001,08/06/2028 00:00:00,50.000000000,21.96106,False
96,02004,0001,08/02/2034 00:00:00,25.000000000,231.59940,False
96,02014,0001,07/22/2034 00:00:00,95.000000000,392.56410,False
96,02365,0001,08/06/2028 00:00:00,110.000000000,40.00000,False
96,03028,0001,08/06/2028 00:00:00,460.000000000,59.63195,False
97,02004,0001,08/02/2034 00:00:00,12.000000000,231.59940,False
97,02014,0001,07/22/2034 00:00:00,50.000000000,392.56410,False
97,02145,0001,08/06/2028 00:00:00,60.000000000,22.75862,False
97,03095,0001,08/06/2028 00:00:00,220.000000000,60.06028,False
98,02004,0001,08/02/2034 00:00:00,22.000000000,231.59940,False
98,02014,0001,07/22/2034 00:00:00,84.000000000,392.56410,False
98,02404,0001,08/06/2028 00:00:00,110.000000000,40.00000,False
98,03101,0001,08/06/2028 00:00:00,420.000000000,94.40513,False
99,02004,0001,08/02/2034 00:00:00,12.000000000,231.59940,False
99,02014,0001,07/22/2034 00:00:00,44.000000000,392.56410,False
99,02131,0001,07/29/2034 00:00:00,60.000000000,20.00000,False
99,03089,0001,08/06/2028 00:00:00,220.000000000,113.78869,False
100,02004,0001,08/02/2034 00:00:00,35.000000000,231.59940,False
100,02014,0001,07/22/2034 00:00:00,135.000000000,392.56410,False
100,02144,0001,07/29/2028 00:00:00,168.000000000,20.00000,False
100,03094,0001,08/06/2028 00:00:00,640.000000000,315.45563,False
101,02004,0001,08/02/2034 00:00:00,1.000000000,231.59940,False
101,02014,0001,07/22/2034 00:00:00,4.000000000,392.56410,False
101,02132,0001,08/06/2028 00:00:00,6.000000000,20.00000,False
101,03090,0001,08/06/2028 00:00:00,20.000000000,137.51743,False
102,02004,0001,08/02/2034 00:00:00,32.000000000,229.87145,False
102,02014,0001,07/22/2034 00:00:00,120.000000000,392.56410,False
102,02132,0001,08/06/2028 00:00:00,160.000000000,20.00000,False
102,03090,0001,08/12/2028 00:00:00,580.000000000,161.33084,False
103,02004,0001,08/02/2034 00:00:00,16.000000000,229.87145,False
103,02014,0001,07/22/2034 00:00:00,60.000000000,392.56410,False
103,02141,0001,08/06/2028 00:00:00,80.000000000,20.00000,False
103,03092,0001,08/12/2028 00:00:00,295.000000000,82.56813,False
104,02004,0001,08/02/2034 00:00:00,43.000000000,229.87145,False
104,02014,0001,07/22/2034 00:00:00,170.000000000,392.56410,False
104,02363,0001,08/06/2028 00:00:00,220.000000000,20.00000,False
104,03102,0001,08/12/2028 00:00:00,820.000000000,132.42435,False
105,02004,0001,08/02/2034 00:00:00,15.000000000,229.87145,False
105,02013,0001,07/22/2034 00:00:00,60.000000000,390.00000,False
105,02142,0001,08/06/2028 00:00:00,110.000000000,40.00000,False
105,03093,0001,08/12/2028 00:00:00,300.000000000,269.78876,False
106,02004,0001,08/02/2034 00:00:00,20.000000000,229.87145,False
106,02014,0001,07/22/2034 00:00:00,80.000000000,392.56410,False
106,02410,0001,08/12/2034 00:00:00,110.000000000,80.00000,False
106,03248,0001,08/12/2028 00:00:00,400.000000000,106.93652,False
107,02004,0001,08/02/2034 00:00:00,40.000000000,229.87145,False
107,02014,0001,07/22/2034 00:00:00,170.000000000,392.56410,False
107,02133,0001,07/29/2034 00:00:00,220.000000000,20.00000,False
107,03091,0001,08/12/2028 00:00:00,800.000000000,115.39655,False
108,02004,0001,08/02/2034 00:00:00,23.000000000,229.87145,False
108,02014,0001,07/22/2034 00:00:00,92.000000000,392.56410,False
108,02293,0001,08/06/2028 00:00:00,110.000000000,40.00000,False
108,03183,0001,08/12/2028 00:00:00,460.000000000,57.81229,False
109,02004,0001,08/02/2034 00:00:00,10.000000000,229.87145,False
109,02014,0001,07/22/2034 00:00:00,40.000000000,392.56410,False
109,02371,0001,08/12/2034 00:00:00,64.000000000,40.00000,False
109,03221,0001,08/12/2028 00:00:00,200.000000000,142.10916,False
110,02004,0001,08/02/2034 00:00:00,4.000000000,233.70999,False
110,02014,0001,07/22/2034 00:00:00,16.000000000,390.69597,False
110,02267,0001,08/12/2034 00:00:00,24.000000000,40.00000,False
110,03122,0001,08/12/2028 00:00:00,80.000000000,75.30670,False
111,02004,0001,08/02/2034 00:00:00,3.000000000,233.70999,False
111,02014,0001,07/22/2034 00:00:00,12.000000000,390.69597,False
111,02271,0001,08/12/2034 00:00:00,24.000000000,40.00000,False
111,03120,0001,08/12/2028 00:00:00,60.000000000,55.59393,False
112,02004,0001,08/02/2034 00:00:00,3.000000000,233.70999,False
112,02014,0001,07/22/2034 00:00:00,12.000000000,390.69597,False
112,03003,0001,08/12/2028 00:00:00,60.000000000,181.53284,False
113,02004,0001,08/02/2034 00:00:00,8.000000000,233.70999,False
113,02014,0001,07/22/2034 00:00:00,32.000000000,390.69597,False
113,02272,0001,08/12/2034 00:00:00,32.000000000,40.00000,False
113,03119,0001,08/12/2028 00:00:00,160.000000000,98.91146,False
114,02004,0001,08/02/2034 00:00:00,9.000000000,233.70999,False
114,02014,0001,07/22/2034 00:00:00,36.000000000,390.69597,False
114,02350,0001,08/12/2034 00:00:00,64.000000000,40.00000,False
114,03206,0001,08/12/2028 00:00:00,180.000000000,106.78664,False
115,02004,0001,08/02/2034 00:00:00,25.000000000,233.70999,False
115,02014,0001,07/22/2034 00:00:00,100.000000000,390.69597,False
115,02026,0001,08/12/2034 00:00:00,144.000000000,60.00000,False
115,03020,0001,08/12/2028 00:00:00,500.000000000,343.80818,False
116,02307,0001,07/22/2034 00:00:00,11.000000000,155.00000,False
116,02351,0001,08/12/2034 00:00:00,12.000000000,140.00000,False
116,03207,0001,08/12/2028 00:00:00,275.000000000,13.46106,False
117,02034,0001,07/22/2034 00:00:00,200.000000000,80.00000,False
117,03002,0001,08/12/2028 00:00:00,5000.000000000,11.73000,False
118,03113,0001,08/12/2028 00:00:00,5000.000000000,11.61500,False
119,02274,0001,07/22/2034 00:00:00,70.000000000,80.00000,False
119,03163,0001,08/12/2028 00:00:00,1750.000000000,17.48571,False
120,02307,0001,07/22/2034 00:00:00,22.000000000,155.00000,False
120,03087,0001,08/12/2028 00:00:00,550.000000000,19.90668,False
121,03182,0001,08/12/2028 00:00:00,125.000000000,20.32668,False
122,02128,0001,08/12/2034 00:00:00,24.000000000,1066.00000,False
122,02268,0001,08/12/2034 00:00:00,26.000000000,90.00000,False
122,03162,0001,08/12/2028 00:00:00,600.000000000,52.13148,False
123,02059,0001,07/22/2034 00:00:00,15.000000000,185.00000,False
123,02097,0001,08/12/2034 00:00:00,156.000000000,230.00000,False
123,02399,0001,07/29/2034 00:00:00,110.000000000,20.00000,False
123,03025,0001,08/12/2028 00:00:00,156.000000000,54.15363,False
124,02004,0001,08/02/2034 00:00:00,52.000000000,233.70999,False
124,02014,0001,07/22/2034 00:00:00,200.000000000,390.20504,False
124,02106,0001,07/29/2034 00:00:00,270.000000000,20.00000,False
124,03025,0001,08/12/2028 00:00:00,1000.000000000,54.15363,False
125,02004,0001,08/02/2034 00:00:00,2.000000000,233.70999,False
125,02014,0001,07/22/2034 00:00:00,6.000000000,390.20504,False
125,02131,0001,07/29/2034 00:00:00,6.000000000,20.00000,False
125,03089,0001,08/12/2028 00:00:00,30.000000000,114.96842,False
126,02004,0001,08/02/2034 00:00:00,12.000000000,233.70999,False
126,02014,0001,07/22/2034 00:00:00,44.000000000,390.20504,False
126,02364,0001,08/12/2034 00:00:00,64.000000000,40.00000,False
126,03215,0001,08/12/2028 00:00:00,220.000000000,563.94646,False
127,02128,0001,08/12/2034 00:00:00,130.000000000,1066.00000,False
127,02160,0001,08/12/2034 00:00:00,130.000000000,90.00000,False
127,03104,0001,08/12/2028 00:00:00,3250.000000000,69.91882,False
128,02128,0001,08/12/2034 00:00:00,54.000000000,1066.00000,False
128,03245,0001,08/12/2028 00:00:00,1350.000000000,79.49356,False
129,02148,0001,08/12/2034 00:00:00,12.000000000,140.00000,False
129,02307,0001,07/22/2034 00:00:00,10.000000000,155.00000,False
129,03098,0001,08/12/2028 00:00:00,250.000000000,13.46106,False
130,02004,0001,08/02/2034 00:00:00,14.000000000,233.70999,False
130,02014,0001,07/22/2034 00:00:00,52.000000000,390.20504,False
130,02337,0001,08/12/2034 00:00:00,80.000000000,80.00000,False
130,03194,0001,08/12/2028 00:00:00,260.000000000,91.59664,False
131,02004,0001,08/02/2034 00:00:00,14.000000000,233.70999,False
131,02014,0001,07/22/2034 00:00:00,52.000000000,390.20504,False
131,02332,0001,08/12/2034 00:00:00,80.000000000,80.00000,False
131,03191,0001,08/12/2028 00:00:00,260.000000000,47.08371,False
132,02004,0001,08/02/2034 00:00:00,5.000000000,233.70999,False
132,02014,0001,07/22/2034 00:00:00,20.000000000,390.20504,False
132,02436,0001,08/06/2028 00:00:00,52.000000000,40.00000,False
132,03266,0001,08/12/2028 00:00:00,100.000000000,18.70036,False
133,02128,0001,08/12/2034 00:00:00,5.000000000,1066.00000,False
133,02437,0001,08/06/2028 00:00:00,6.000000000,90.00000,False
133,03267,0001,08/12/2028 00:00:00,125.000000000,126.71836,False
134,00374,0001,08/12/2034 00:00:00,20.000000000,75.00000,False
134,02140,0001,08/06/2034 00:00:00,10.000000000,1100.00000,False
134,02341,0001,07/22/2034 00:00:00,160.000000000,30.00000,False
134,03197,0001,08/17/2028 00:00:00,150.000000000,140.16462,False
135,02004,0001,08/02/2034 00:00:00,15.000000000,233.70999,False
135,02014,0001,07/22/2034 00:00:00,60.000000000,390.20504,False
135,02342,0001,08/12/2034 00:00:00,80.000000000,80.00000,False
135,03198,0001,08/17/2028 00:00:00,300.000000000,14.06721,False
136,02006,0001,07/22/2034 00:00:00,2.000000000,199.98987,False
136,02010,0001,07/22/2034 00:00:00,200.000000000,9.12281,False
136,02278,0001,07/22/2028 00:00:00,210.000000000,12.00000,False
136,03165,0001,08/23/2028 00:00:00,20.000000000,11.64833,False
137,02059,0001,07/22/2034 00:00:00,5.000000000,185.00000,False
137,02097,0001,08/12/2034 00:00:00,24.000000000,230.00000,False
137,03003,0001,08/23/2028 00:00:00,60.000000000,34.71409,False
138,02033,0001,07/22/2034 00:00:00,100.000000000,155.00000,False
138,03014,0001,08/23/2028 00:00:00,2500.000000000,13.48338,False
139,02034,0001,07/22/2034 00:00:00,50.000000000,80.00000,False
139,03134,0001,08/23/2028 00:00:00,1250.000000000,11.96000,False
140,02042,0001,07/29/2034 00:00:00,2.000000000,40.00000,False
140,02213,0001,07/22/2034 00:00:00,2.000000000,155.00000,False
140,03019,0001,08/23/2028 00:00:00,50.000000000,23.11900,False
141,02004,0001,08/02/2034 00:00:00,6.000000000,233.70999,False
141,02014,0001,07/22/2034 00:00:00,24.000000000,433.83980,False
141,02439,0001,08/23/2034 00:00:00,32.000000000,40.00000,False
141,03269,0001,08/23/2028 00:00:00,120.000000000,120.50419,False
142,02004,0001,08/02/2034 00:00:00,6.000000000,233.70999,False
142,02014,0001,07/22/2034 00:00:00,20.000000000,433.83980,False
142,02220,0001,08/23/2034 00:00:00,40.000000000,40.00000,False
142,03142,0001,08/23/2028 00:00:00,100.000000000,123.20906,False
143,02004,0001,08/02/2034 00:00:00,7.000000000,233.70999,False
143,02014,0001,07/22/2034 00:00:00,30.000000000,433.83980,False
143,02348,0001,08/23/2034 00:00:00,40.000000000,40.00000,False
143,03205,0001,08/23/2028 00:00:00,140.000000000,109.69697,False
144,02128,0001,08/12/2034 00:00:00,20.000000000,1066.00000,False
144,02268,0001,08/23/2034 00:00:00,22.000000000,90.00000,False
144,03162,0001,08/23/2028 00:00:00,500.000000000,27.03870,False
145,02307,0001,07/22/2034 00:00:00,25.000000000,155.00000,False
145,02351,0001,08/23/2034 00:00:00,30.000000000,140.00000,False
145,03207,0001,08/23/2028 00:00:00,625.000000000,13.74776,False
146,02174,0001,08/23/2034 00:00:00,400.000000000,100.00000,False
146,03113,0001,08/23/2028 00:00:00,10000.000000000,11.61500,False
147,02274,0001,07/22/2034 00:00:00,100.000000000,80.00000,False
147,03163,0001,08/24/2028 00:00:00,2500.000000000,17.34000,False
148,02258,0001,07/22/2034 00:00:00,160.000000000,40.16129,False
148,02277,0001,07/22/2034 00:00:00,150.000000000,155.00000,False
148,02307,0001,07/22/2034 00:00:00,100.000000000,155.00000,False
148,03046,0001,08/24/2028 00:00:00,3750.000000000,21.88728,False
149,00374,0001,09/04/2034 00:00:00,15.000000000,75.00000,False
149,02140,0001,09/04/2034 00:00:00,15.000000000,1100.00000,False
149,02341,0001,07/22/2034 00:00:00,225.000000000,30.00000,False
149,03197,0001,09/04/2028 00:00:00,225.000000000,134.39270,False
150,02004,0001,08/02/2034 00:00:00,15.000000000,233.42179,False
150,02014,0001,07/22/2034 00:00:00,52.000000000,433.83980,False
150,02330,0001,09/04/2034 00:00:00,70.000000000,80.00000,False
150,03190,0001,09/04/2028 00:00:00,260.000000000,336.46814,False
151,02004,0001,08/02/2034 00:00:00,12.000000000,233.42179,False
151,02014,0001,07/22/2034 00:00:00,60.000000000,433.83980,False
151,02336,0001,09/04/2034 00:00:00,70.000000000,80.00000,False
151,03193,0001,09/04/2028 00:00:00,240.000000000,264.90557,False
152,02004,0001,08/02/2034 00:00:00,11.000000000,233.42179,False
152,02014,0001,07/22/2034 00:00:00,50.000000000,433.83980,False
152,02337,0001,09/04/2034 00:00:00,60.000000000,80.00000,False
152,03194,0001,09/04/2028 00:00:00,220.000000000,90.87602,False
153,02004,0001,08/02/2034 00:00:00,5.000000000,233.42179,False
153,02014,0001,07/22/2034 00:00:00,20.000000000,433.83980,False
153,02334,0001,09/04/2034 00:00:00,30.000000000,80.00000,False
153,03192,0001,09/04/2028 00:00:00,100.000000000,173.13777,False
154,02128,0001,08/12/2034 00:00:00,10.000000000,1066.00000,False
154,02345,0001,09/04/2034 00:00:00,12.000000000,90.00000,False
154,03201,0001,09/04/2028 00:00:00,250.000000000,46.25650,False
155,02128,0001,08/12/2034 00:00:00,10.000000000,1066.00000,False
155,02437,0001,09/04/2034 00:00:00,20.000000000,90.00000,False
155,03267,0001,09/04/2028 00:00:00,250.000000000,129.24546,False
156,02128,0001,08/12/2034 00:00:00,20.000000000,1066.00000,False
156,03084,0001,09/04/2028 00:00:00,500.000000000,110.45427,False
157,02032,0001,07/22/2034 00:00:00,34.000000000,155.00000,False
157,03001,0001,09/04/2028 00:00:00,850.000000000,17.54585,False
158,02307,0001,07/22/2034 00:00:00,19.000000000,155.00000,False
158,03087,0001,09/04/2028 00:00:00,475.000000000,22.65781,False
159,02042,0001,07/29/2034 00:00:00,10.000000000,40.00000,False
159,02213,0001,07/22/2034 00:00:00,10.000000000,155.00000,False
159,03019,0001,09/04/2028 00:00:00,250.000000000,27.15730,False
160,02274,0001,07/22/2034 00:00:00,100.000000000,80.00000,False
160,03163,0001,09/04/2028 00:00:00,2500.000000000,17.00000,False
161,02274,0001,07/22/2034 00:00:00,15.000000000,80.00000,False
161,03163,0001,09/06/2028 00:00:00,375.000000000,17.00000,False
162,02004,0001,08/02/2034 00:00:00,5.000000000,233.42179,False
162,02014,0001,07/22/2034 00:00:00,20.000000000,438.54013,False
162,02144,0001,07/29/2028 00:00:00,30.000000000,20.00000,False
162,03094,0001,09/06/2028 00:00:00,100.000000000,269.62394,False
163,02004,0001,08/02/2034 00:00:00,12.000000000,233.42179,False
163,02014,0001,07/22/2034 00:00:00,40.000000000,438.54013,False
163,02031,0001,08/23/2034 00:00:00,64.000000000,40.00000,False
163,03010,0001,09/06/2028 00:00:00,200.000000000,164.25914,False
164,02004,0001,08/02/2034 00:00:00,13.000000000,233.42179,False
164,02014,0001,07/22/2034 00:00:00,48.000000000,438.54013,False
164,02237,0001,08/23/2034 00:00:00,64.000000000,40.00000,False
164,03121,0001,09/06/2028 00:00:00,240.000000000,88.18910,False
165,02004,0001,08/02/2034 00:00:00,12.000000000,233.42179,False
165,02014,0001,07/22/2034 00:00:00,60.000000000,438.54013,False
165,02394,0001,08/23/2034 00:00:00,80.000000000,40.00000,False
165,03240,0001,09/06/2028 00:00:00,240.000000000,161.75148,False
166,02004,0001,08/02/2034 00:00:00,17.000000000,233.42179,False
166,02014,0001,07/22/2034 00:00:00,70.000000000,438.54013,False
166,02395,0001,08/23/2034 00:00:00,80.000000000,40.00000,False
166,03241,0001,09/06/2028 00:00:00,300.000000000,90.95473,False
167,02004,0001,08/02/2034 00:00:00,12.000000000,233.42179,False
167,02014,0001,07/22/2034 00:00:00,44.000000000,438.54013,False
167,02027,0001,09/06/2034 00:00:00,70.000000000,40.00000,False
167,03003,0001,09/06/2028 00:00:00,220.000000000,34.69172,False
168,02004,0001,08/02/2034 00:00:00,40.000000000,233.42179,False
168,02014,0001,07/22/2034 00:00:00,160.000000000,438.54013,False
168,02029,0001,07/29/2034 00:00:00,200.000000000,20.00000,False
168,03011,0001,09/06/2028 00:00:00,740.000000000,97.27685,False
169,02004,0001,08/02/2034 00:00:00,32.000000000,233.42179,False
169,02014,0001,07/22/2034 00:00:00,120.000000000,439.68910,False
169,02026,0001,09/04/2034 00:00:00,160.000000000,50.00000,False
169,03020,0001,09/06/2028 00:00:00,600.000000000,347.32464,False
170,02006,0001,07/22/2034 00:00:00,5.000000000,199.98987,False
170,02010,0001,07/22/2034 00:00:00,900.000000000,9.12281,False
170,02018,0001,07/22/2028 00:00:00,750.000000000,12.00000,False
170,03003,0001,09/06/2028 00:00:00,70.000000000,34.69172,False
171,02059,0001,07/22/2034 00:00:00,5.000000000,185.00000,False
171,02097,0001,08/23/2034 00:00:00,60.000000000,230.00000,False
171,03003,0001,09/06/2028 00:00:00,60.000000000,34.69172,False
172,02010,0001,07/22/2034 00:00:00,430.000000000,9.12281,False
172,02278,0001,07/22/2028 00:00:00,430.000000000,12.00000,False
172,03165,0001,09/06/2028 00:00:00,40.000000000,38.72310,False
173,02299,0001,06/30/2027 00:00:00,25.000000000,30.00000,False
173,03163,0001,09/06/2028 00:00:00,25.000000000,17.00000,False
174,02006,0001,09/06/2034 00:00:00,2.000000000,217.00000,False
174,02010,0001,07/22/2034 00:00:00,200.000000000,9.12281,False
174,02224,0001,06/30/2027 00:00:00,200.000000000,11.50000,False
174,03010,0001,09/06/2028 00:00:00,20.000000000,164.25914,False
175,02033,0001,07/22/2034 00:00:00,30.000000000,155.00000,False
175,03014,0001,09/06/2028 00:00:00,750.000000000,13.21900,False
176,02002,0001,07/22/2034 00:00:00,4.000000000,180.00000,False
176,02097,0001,08/23/2034 00:00:00,48.000000000,230.00000,False
176,02298,0001,09/06/2034 00:00:00,64.000000000,40.00000,False
176,03011,0001,09/06/2028 00:00:00,48.000000000,111.95797,False
177,02004,0001,08/02/2034 00:00:00,3.000000000,233.42179,False
177,02014,0001,07/22/2034 00:00:00,12.000000000,439.68910,False
177,02029,0001,07/29/2034 00:00:00,12.000000000,20.00000,False
177,03011,0001,09/06/2028 00:00:00,60.000000000,111.95797,False
178,02047,0001,09/06/2034 00:00:00,32.000000000,40.00000,False
178,02059,0001,07/22/2034 00:00:00,2.000000000,185.00000,False
178,02097,0001,08/23/2034 00:00:00,24.000000000,230.00000,False
178,03026,0001,09/06/2028 00:00:00,24.000000000,111.20109,False
179,02059,0001,07/22/2034 00:00:00,5.000000000,185.00000,False
179,02097,0001,08/23/2034 00:00:00,60.000000000,230.00000,False
179,02164,0001,09/06/2034 00:00:00,72.000000000,40.00000,False
179,03107,0001,09/06/2028 00:00:00,60.000000000,138.34910,False
180,02307,0001,07/22/2034 00:00:00,5.000000000,155.00000,False
180,03023,0001,09/06/2028 00:00:00,125.000000000,13.97520,False
181,02059,0001,07/22/2034 00:00:00,5.000000000,185.00000,False
181,02097,0001,08/23/2034 00:00:00,60.000000000,230.00000,False
181,02165,0001,09/06/2034 00:00:00,72.000000000,40.00000,False
181,03035,0001,09/06/2028 00:00:00,60.000000000,71.50609,False
182,02014,0001,07/22/2034 00:00:00,8.000000000,439.68910,False
182,02093,0001,09/06/2034 00:00:00,24.000000000,40.00000,False
182,03035,0001,09/06/2028 00:00:00,40.000000000,71.50609,False
183,02004,0001,08/02/2034 00:00:00,4.000000000,233.42179,False
183,02014,0001,07/22/2034 00:00:00,12.000000000,439.68910,False
183,02209,0001,09/06/2034 00:00:00,24.000000000,40.00000,False
183,03135,0001,09/06/2028 00:00:00,60.000000000,224.30435,False
184,02004,0001,08/02/2034 00:00:00,10.000000000,233.42179,False
184,02191,0001,06/30/2027 00:00:00,1250.000000000,17.00000,False
184,03118,0001,09/06/2028 00:00:00,120.000000000,109.98650,False
185,02258,0001,07/22/2034 00:00:00,10.000000000,40.16129,False
185,02307,0001,07/22/2034 00:00:00,10.000000000,155.00000,False
185,03046,0001,09/06/2028 00:00:00,250.000000000,19.49363,False
186,02032,0001,07/22/2034 00:00:00,10.000000000,155.00000,False
186,03001,0001,09/06/2028 00:00:00,250.000000000,17.34286,False
187,02307,0001,07/22/2034 00:00:00,10.000000000,155.00000,False
187,03151,0001,09/06/2028 00:00:00,250.000000000,60.99924,False
188,02004,0001,08/02/2034 00:00:00,4.000000000,233.42179,False
188,02076,0001,09/06/2034 00:00:00,80.000000000,28.75000,False
188,02094,0001,09/06/2034 00:00:00,100.000000000,40.00000,False
188,03109,0001,09/06/2028 00:00:00,75.000000000,163.62132,False
189,02004,0001,08/02/2034 00:00:00,27.000000000,234.35071,False
189,02014,0001,07/22/2034 00:00:00,110.000000000,439.68910,False
189,02220,0001,09/06/2034 00:00:00,144.000000000,40.00000,False
189,03142,0001,09/06/2028 00:00:00,500.000000000,130.43810,False
190,02004,0001,08/02/2034 00:00:00,5.000000000,234.35071,False
190,02014,0001,07/22/2034 00:00:00,16.000000000,439.68910,False
190,02267,0001,09/06/2034 00:00:00,24.000000000,40.00000,False
190,03122,0001,09/06/2028 00:00:00,80.000000000,24.95941,False
191,02004,0001,08/02/2034 00:00:00,2.000000000,234.35071,False
191,02014,0001,07/22/2034 00:00:00,8.000000000,439.68910,False
191,02031,0001,09/06/2034 00:00:00,10.000000000,40.00000,False
191,03010,0001,09/07/2028 00:00:00,40.000000000,164.26007,False
192,02274,0001,07/22/2034 00:00:00,10.000000000,80.00000,False
192,03163,0001,09/07/2028 00:00:00,500.000000000,17.00000,False
193,02033,0001,07/22/2034 00:00:00,10.000000000,155.00000,False
193,03014,0001,09/07/2028 00:00:00,250.000000000,13.21900,False
194,02258,0001,07/22/2034 00:00:00,5.000000000,40.16129,False
194,02307,0001,07/22/2034 00:00:00,5.000000000,155.00000,False
194,03046,0001,09/07/2028 00:00:00,125.000000000,20.41896,False
195,02213,0001,07/22/2034 00:00:00,10.000000000,155.00000,False
195,02420,0001,07/22/2034 00:00:00,10.000000000,45.84906,False
195,03253,0001,09/07/2028 00:00:00,250.000000000,16.80950,False
196,02002,0001,07/22/2034 00:00:00,6.000000000,180.00000,False
196,02097,0001,08/23/2034 00:00:00,240.000000000,199.66292,False
196,03224,0001,09/07/2028 00:00:00,240.000000000,81.72756,False
197,02097,0001,08/23/2034 00:00:00,240.000000000,199.66292,False
197,03225,0001,09/07/2028 00:00:00,240.000000000,271.36767,False
198,02097,0001,08/23/2034 00:00:00,240.000000000,199.66292,False
198,03223,0001,09/07/2028 00:00:00,240.000000000,135.79525,False
199,02213,0001,07/22/2034 00:00:00,2.000000000,155.00000,False
199,02420,0001,07/22/2034 00:00:00,2.000000000,45.84906,False
199,03253,0001,09/07/2028 00:00:00,50.000000000,16.80950,False
200,02307,0001,07/22/2034 00:00:00,1.000000000,155.00000,False
200,03151,0001,09/07/2028 00:00:00,25.000000000,62.90576,False
201,02277,0001,07/22/2034 00:00:00,50.000000000,155.00000,False
201,02440,0001,09/07/2034 00:00:00,45.000000000,140.00000,False
201,03270,0001,09/07/2028 00:00:00,1000.000000000,71.61851,False
202,02042,0001,07/29/2034 00:00:00,1.000000000,40.00000,False
202,02213,0001,07/22/2034 00:00:00,1.000000000,155.00000,False
202,03019,0001,09/07/2028 00:00:00,25.000000000,47.19810,False
203,02032,0001,07/22/2034 00:00:00,91.000000000,155.00000,False
203,03001,0001,09/07/2028 00:00:00,2275.000000000,10.67560,False
204,02059,0001,07/22/2034 00:00:00,10.000000000,185.00000,False
204,02097,0001,08/23/2034 00:00:00,120.000000000,199.66292,False
204,03003,0001,09/08/2028 00:00:00,120.000000000,33.75846,False
205,02004,0001,08/02/2034 00:00:00,10.000000000,234.35071,False
205,02014,0001,07/22/2034 00:00:00,40.000000000,439.68910,False
205,02027,0001,09/07/2034 00:00:00,50.000000000,40.00000,False
205,03003,0001,09/08/2028 00:00:00,200.000000000,33.75846,False
206,02004,0001,08/02/2034 00:00:00,17.000000000,234.35071,False
206,02014,0001,07/22/2034 00:00:00,60.000000000,439.90810,False
206,02330,0001,09/08/2034 00:00:00,80.000000000,80.00000,False
206,03190,0001,09/09/2028 00:00:00,300.000000000,264.47693,False
207,02004,0001,08/02/2034 00:00:00,6.000000000,234.35071,False
207,02014,0001,07/22/2034 00:00:00,20.000000000,439.90810,False
207,02435,0001,09/04/2034 00:00:00,30.000000000,80.00000,False
207,03265,0001,09/09/2028 00:00:00,100.000000000,84.24137,False
208,02004,0001,08/02/2034 00:00:00,7.000000000,234.35071,False
208,02014,0001,07/22/2034 00:00:00,20.000000000,439.90810,False
208,02436,0001,09/04/2034 00:00:00,32.000000000,80.00000,False
208,03266,0001,09/09/2028 00:00:00,100.000000000,21.58613,False
209,00374,0001,09/08/2034 00:00:00,15.000000000,75.00000,False
209,02140,0001,09/04/2034 00:00:00,10.000000000,1100.00000,False
209,02341,0001,07/22/2034 00:00:00,55.000000000,30.00000,False
209,03197,0001,09/09/2028 00:00:00,150.000000000,152.78757,False
210,02277,0001,07/22/2034 00:00:00,3.000000000,155.00000,False
210,02438,0001,08/06/2028 00:00:00,5.000000000,140.00000,False
210,03268,0001,09/09/2028 00:00:00,75.000000000,13.21900,False
211,02274,0001,07/22/2034 00:00:00,3.000000000,80.00000,False
211,03163,0001,09/09/2028 00:00:00,750.000000000,17.00000,False
212,02058,0001,09/08/2028 00:00:00,6.000000000,140.00000,False
212,02307,0001,07/22/2034 00:00:00,2.000000000,155.00000,False
212,03045,0001,09/09/2028 00:00:00,50.000000000,13.97520,False
213,02004,0001,08/02/2034 00:00:00,3.000000000,234.35071,False
213,02014,0001,07/22/2034 00:00:00,8.000000000,439.90810,False
213,02029,0001,07/29/2034 00:00:00,12.000000000,20.00000,False
213,03011,0001,09/09/2028 00:00:00,40.000000000,129.35805,False
214,02004,0001,08/02/2034 00:00:00,5.000000000,234.35071,False
214,02014,0001,07/22/2034 00:00:00,12.000000000,439.90810,False
214,02031,0001,09/06/2034 00:00:00,14.000000000,40.00000,False
214,03010,0001,09/09/2028 00:00:00,60.000000000,156.01007,False
215,02004,0001,08/02/2034 00:00:00,4.000000000,234.35071,False
215,02014,0001,07/22/2034 00:00:00,4.000000000,439.90810,False
215,02271,0001,08/23/2034 00:00:00,6.000000000,40.00000,False
215,03120,0001,09/09/2028 00:00:00,20.000000000,55.68013,False
216,02004,0001,08/02/2034 00:00:00,5.000000000,234.35071,False
216,02014,0001,07/22/2034 00:00:00,8.000000000,439.90810,False
216,02357,0001,09/06/2034 00:00:00,12.000000000,40.00000,False
216,03116,0001,09/09/2028 00:00:00,40.000000000,211.16383,False
217,02004,0001,08/02/2034 00:00:00,2.000000000,234.35071,False
217,02014,0001,07/22/2034 00:00:00,4.000000000,439.90810,False
217,02028,0001,09/06/2034 00:00:00,12.000000000,40.00000,False
217,03029,0001,09/09/2028 00:00:00,20.000000000,25.17038,False
218,02234,0001,09/06/2034 00:00:00,6.000000000,140.00000,False
218,02307,0001,07/22/2034 00:00:00,2.000000000,155.00000,False
218,03147,0001,09/09/2028 00:00:00,50.000000000,13.21900,False
219,02054,0001,09/08/2034 00:00:00,2.000000000,200.00000,False
219,02060,0001,09/06/2034 00:00:00,4.000000000,140.00000,False
219,03053,0001,09/09/2028 00:00:00,50.000000000,35.84325,False
220,02054,0001,09/08/2034 00:00:00,25.000000000,200.00000,False
220,02329,0001,09/08/2034 00:00:00,25.000000000,240.00000,False
220,03189,0001,09/09/2028 00:00:00,500.000000000,23.36082,False
221,02213,0001,07/22/2034 00:00:00,3.000000000,155.00000,False
221,02420,0001,07/22/2034 00:00:00,5.000000000,47.63222,False
221,03253,0001,09/09/2028 00:00:00,75.000000000,20.77617,False
222,03021,0001,09/09/2028 00:00:00,1860.000000000,61.60615,False
223,03021,0001,09/09/2028 00:00:00,2500.000000000,61.60615,False
224,02258,0001,07/22/2034 00:00:00,15.000000000,53.04370,False
224,02307,0001,07/22/2034 00:00:00,10.000000000,155.00000,False
224,03046,0001,09/09/2028 00:00:00,250.000000000,19.89363,False
225,02042,0001,07/29/2034 00:00:00,1.000000000,40.00000,False
225,02213,0001,07/22/2034 00:00:00,1.000000000,155.00000,False
225,03019,0001,09/09/2028 00:00:00,25.000000000,40.58860,False
226,02033,0001,07/22/2034 00:00:00,1.000000000,155.00000,False
226,03014,0001,09/09/2028 00:00:00,25.000000000,13.21900,False
227,02006,0001,09/06/2034 00:00:00,9.000000000,217.00000,False
227,02010,0001,07/22/2034 00:00:00,850.000000000,9.12281,False
227,02020,0001,06/30/2027 00:00:00,850.000000000,12.00000,False
227,03018,0001,09/09/2028 00:00:00,80.000000000,65.19074,False
228,02004,0001,08/02/2034 00:00:00,7.000000000,234.35071,False
228,02014,0001,07/22/2034 00:00:00,20.000000000,439.94480,False
228,02366,0001,09/09/2034 00:00:00,30.000000000,40.00000,False
228,03217,0001,09/09/2028 00:00:00,100.000000000,206.45842,False
229,02059,0001,07/22/2034 00:00:00,10.000000000,185.00000,False
229,02097,0001,08/23/2034 00:00:00,120.000000000,222.21075,False
229,02403,0001,07/29/2034 00:00:00,135.000000000,20.00000,False
229,03094,001,09/09/2028 00:00:00,120.000000000,161.51540,False
230,02059,0001,07/22/2034 00:00:00,6.000000000,185.00000,False
230,02097,0001,08/23/2034 00:00:00,60.000000000,222.21075,False
230,02441,0001,09/09/2034 00:00:00,70.000000000,40.00000,False
230,03236,0001,09/09/2028 00:00:00,60.000000000,87.08528,False
231,02059,0001,07/22/2034 00:00:00,10.000000000,185.00000,False
231,02097,0001,08/23/2034 00:00:00,120.000000000,222.21075,False
231,03028,0001,09/09/2028 00:00:00,120.000000000,274.39013,False
232,02004,0001,08/02/2034 00:00:00,60.000000000,234.35071,False
232,02014,0001,07/22/2034 00:00:00,220.000000000,439.94480,False
232,02346,0001,09/09/2034 00:00:00,280.000000000,40.00000,False
232,03202,0001,09/09/2028 00:00:00,1000.000000000,89.95794,False
233,02034,0001,07/22/2034 00:00:00,50.000000000,80.00000,False
233,03002,0001,09/09/2028 00:00:00,1250.000000000,11.96000,False
234,02053,0001,07/22/2034 00:00:00,17.000000000,70.00000,False
234,03024,0001,09/09/2028 00:00:00,425.000000000,226.36059,False
235,02258,0001,07/22/2034 00:00:00,5.000000000,44.15027,False
235,02307,0001,07/22/2034 00:00:00,5.000000000,155.00000,False
235,03046,0001,09/09/2028 00:00:00,125.000000000,15.14065,False
236,02213,0001,07/22/2034 00:00:00,2.000000000,155.00000,False
236,02222,0001,07/29/2034 00:00:00,2.000000000,40.00000,False
236,03144,0001,09/09/2028 00:00:00,50.000000000,47.58860,False
237,02033,0001,07/22/2034 00:00:00,15.000000000,155.00000,False
237,03014,0001,09/09/2028 00:00:00,375.000000000,14.10027,False
238,02245,0001,09/09/2034 00:00:00,2.000000000,40.00000,False
238,02307,0001,07/22/2034 00:00:00,2.000000000,155.00000,False
238,03151,0001,09/09/2028 00:00:00,50.000000000,61.05698,False
239,02128,0001,08/12/2034 00:00:00,22.000000000,1065.44493,False
239,02405,0001,09/09/2034 00:00:00,22.000000000,75.00000,False
239,03245,0001,09/09/2028 00:00:00,550.000000000,111.12355,False
240,02004,0001,08/02/2034 00:00:00,30.000000000,234.35071,False
240,02014,0001,07/22/2034 00:00:00,110.000000000,439.94480,False
240,02220,0001,09/09/2034 00:00:00,140.000000000,40.00000,False
240,03142,0001,09/09/2028 00:00:00,500.000000000,132.62667,False
241,02004,0001,08/02/2034 00:00:00,17.000000000,234.35071,False
241,02014,0001,07/22/2034 00:00:00,68.000000000,439.94480,False
241,02031,0001,09/09/2034 00:00:00,60.000000000,40.00000,False
241,03010,0001,09/09/2028 00:00:00,340.000000000,164.26349,False
242,02059,0001,07/22/2034 00:00:00,5.000000000,185.00000,False
242,02097,0001,08/23/2034 00:00:00,60.000000000,222.21075,False
242,02385,0001,09/09/2034 00:00:00,60.000000000,20.00000,False
242,03003,0001,09/09/2028 00:00:00,60.000000000,34.70846,False
243,02032,0001,07/22/2034 00:00:00,30.000000000,155.00000,False
243,03001,0001,09/09/2028 00:00:00,750.000000000,17.40374,False
244,02213,0001,07/22/2034 00:00:00,70.000000000,155.00000,False
244,02222,0001,07/29/2034 00:00:00,75.000000000,40.00000,False
244,03144,0001,09/09/2028 00:00:00,1750.000000000,31.37250,False
245,02004,0001,08/02/2034 00:00:00,15.000000000,234.35071,False
245,02191,0001,06/30/2027 00:00:00,1550.000000000,17.00000,False
245,03118,0001,09/10/2028 00:00:00,150.000000000,112.12077,False
246,02004,0001,08/02/2034 00:00:00,16.000000000,234.35071,False
246,02014,0001,07/22/2034 00:00:00,60.000000000,439.94480,False
246,02443,0001,09/10/2034 00:00:00,90.000000000,40.00000,False
246,03271,0001,09/03/2028 00:00:00,300.000000000,359.97399,False
247,02277,0001,07/22/2034 00:00:00,200.000000000,155.00000,False
247,02322,0001,09/10/2034 00:00:00,200.000000000,40.00000,False
247,03184,0001,09/10/2028 00:00:00,5000.000000000,10.00000,False
248,02004,0001,08/02/2034 00:00:00,1.000000000,234.35071,False
248,02014,0001,07/22/2034 00:00:00,5.000000000,439.94480,False
248,02272,0001,08/12/2034 00:00:00,5.000000000,40.00000,False
248,03119,0001,09/10/2028 00:00:00,25.000000000,170.02768,False
249,02004,0001,08/02/2034 00:00:00,55.000000000,232.59541,False
249,02014,0001,07/22/2034 00:00:00,210.000000000,439.96853,False
249,02026,0001,09/10/2034 00:00:00,260.000000000,18.00000,False
249,03020,0001,09/10/2028 00:00:00,1000.000000000,209.07866,False
250,02128,0001,08/12/2034 00:00:00,20.000000000,1065.44493,False
250,02146,0001,09/10/2034 00:00:00,22.000000000,90.00000,False
250,03097,0001,09/10/2028 00:00:00,500.000000000,126.61127,False
251,02035,0001,07/22/2034 00:00:00,270.000000000,30.00000,False
251,02140,0001,09/04/2034 00:00:00,18.000000000,1100.00000,False
251,02266,0001,09/10/2034 00:00:00,20.000000000,75.00000,False
251,03013,0001,09/10/2028 00:00:00,255.000000000,159.76900,False
252,02004,0001,08/02/2034 00:00:00,11.000000000,232.59541,False
252,02014,0001,07/22/2034 00:00:00,44.000000000,439.96853,False
252,02272,0001,08/12/2034 00:00:00,60.000000000,40.00000,False
252,03119,0001,09/10/2028 00:00:00,220.000000000,164.86459,False
253,02002,0001,09/10/2034 00:00:00,108.000000000,198.00000,False
253,02015,0001,07/22/2034 00:00:00,1296.000000000,349.21348,False
253,02114,0001,09/10/2034 00:00:00,1400.000000000,25.00000,False
253,03052,0001,09/10/2028 00:00:00,1296.000000000,71.16690,False
254,02429,0001,09/10/2034 00:00:00,17.000000000,140.00000,False
254,03262,0001,09/10/2028 00:00:00,375.000000000,17.08991,False
255,02004,0001,08/02/2034 00:00:00,10.000000000,232.59541,False
255,02014,0001,07/22/2034 00:00:00,40.000000000,439.96853,False
255,02271,0001,08/23/2034 00:00:00,50.000000000,40.00000,False
255,03120,0001,09/10/2028 00:00:00,200.000000000,52.79842,False
256,02307,0001,07/22/2034 00:00:00,10.000000000,155.00000,False
256,03023,0001,09/10/2028 00:00:00,250.000000000,25.44285,False
257,02213,0001,07/22/2034 00:00:00,7.000000000,155.00000,False
257,02222,0001,07/29/2034 00:00:00,7.000000000,40.00000,False
257,03144,0001,09/10/2028 00:00:00,175.000000000,30.83534,False
258,02015,0001,07/22/2034 00:00:00,484.000000000,349.21348,False
258,03060,0001,09/16/2028 00:00:00,480.000000000,61.51848,False
259,02277,0001,07/22/2034 00:00:00,65.000000000,155.00000,False
259,02307,0001,07/22/2034 00:00:00,42.000000000,155.00000,False
259,03023,0001,09/16/2028 00:00:00,2500.000000000,13.97520,False
260,02004,0001,08/02/2034 00:00:00,15.000000000,232.59541,False
260,02014,0001,07/22/2034 00:00:00,70.000000000,439.96853,False
260,02025,0001,09/16/2034 00:00:00,80.000000000,40.00000,False
260,03009,0001,09/16/2028 00:00:00,300.000000000,48.16667,False
261,02258,0001,07/22/2034 00:00:00,5.000000000,44.15027,False
261,02277,0001,07/22/2034 00:00:00,5.000000000,155.00000,False
261,03046,0001,09/16/2028 00:00:00,125.000000000,10.52876,False
262,02128,0001,08/12/2034 00:00:00,3.000000000,1065.44493,False
262,02160,0001,09/09/2034 00:00:00,3.000000000,40.00000,False
262,03104,0001,09/16/2028 00:00:00,75.000000000,25.98333,False
263,02277,0001,07/22/2034 00:00:00,30.000000000,155.00000,False
263,02420,0001,07/22/2034 00:00:00,30.000000000,47.63222,False
263,03253,0001,09/16/2028 00:00:00,700.000000000,19.69293,False
264,02042,0001,07/29/2034 00:00:00,1.000000000,40.00000,False
264,02213,0001,07/22/2034 00:00:00,1.000000000,155.00000,False
264,03019,0001,09/16/2028 00:00:00,25.000000000,49.45922,False
265,02006,0001,09/06/2034 00:00:00,2.000000000,217.00000,False
265,02010,0001,07/22/2034 00:00:00,300.000000000,9.12281,False
265,02278,0001,07/22/2028 00:00:00,250.000000000,12.00000,False
265,03165,0001,09/16/2028 00:00:00,20.000000000,19.06240,False
266,02245,0001,09/09/2034 00:00:00,1.000000000,40.00000,False
266,02277,0001,07/22/2034 00:00:00,1.000000000,155.00000,False
266,03151,0001,09/16/2028 00:00:00,25.000000000,62.95698,False
267,02004,0001,08/02/2034 00:00:00,1.000000000,232.59541,False
267,02314,0001,09/16/2034 00:00:00,225.000000000,13.00000,False
267,02316,0001,07/22/2028 00:00:00,250.000000000,6.00000,False
267,03010,0001,09/16/2028 00:00:00,7.000000000,158.46326,False
268,02006,0001,09/06/2034 00:00:00,1.000000000,217.00000,False
268,02010,0001,07/22/2034 00:00:00,200.000000000,9.12281,False
268,02224,0001,06/30/2027 00:00:00,150.000000000,11.50000,False
268,03010,0001,09/16/2028 00:00:00,10.000000000,158.46326,False
269,02059,0001,07/22/2034 00:00:00,2.000000000,185.00000,False
269,02097,0001,08/23/2034 00:00:00,24.000000000,222.21075,False
269,02385,0001,09/09/2034 00:00:00,30.000000000,20.00000,False
269,03003,0001,09/16/2028 00:00:00,24.000000000,27.08198,False
270,02006,0001,09/06/2034 00:00:00,1.000000000,217.00000,False
270,02010,0001,07/22/2034 00:00:00,150.000000000,9.12281,False
270,02018,0001,07/22/2028 00:00:00,150.000000000,12.00000,False
270,03003,0001,09/16/2028 00:00:00,10.000000000,27.08198,False
271,02006,0001,09/06/2034 00:00:00,3.000000000,217.00000,False
271,02010,0001,07/22/2034 00:00:00,200.000000000,9.12281,False
271,02020,0001,06/30/2027 00:00:00,250.000000000,12.00000,False
271,03018,0001,09/16/2028 00:00:00,20.000000000,79.73874,False
272,03264,0001,09/16/2028 00:00:00,29.000000000,483.50422,False
273,02315,0001,06/30/2027 00:00:00,20.000000000,30.00000,False
273,03182,0001,09/16/2028 00:00:00,20.000000000,21.61642,False
274,03182,0001,09/16/2028 00:00:00,100.000000000,21.61642,False
275,02051,0001,06/30/2027 00:00:00,25.000000000,30.00000,False
275,03014,0001,09/16/2028 00:00:00,25.000000000,13.10015,False
276,02319,0001,06/30/2027 00:00:00,100.000000000,9.50000,False
276,03014,0001,09/16/2028 00:00:00,10.000000000,13.10015,False
277,02010,0001,07/22/2034 00:00:00,150.000000000,9.12281,False
277,02313,0001,06/30/2027 00:00:00,100.000000000,11.50000,False
277,03179,0001,09/16/2028 00:00:00,10.000000000,91.45919,False
278,03043,0001,09/16/2028 00:00:00,10.000000000,233.80127,False
279,02059,0001,07/22/2034 00:00:00,10.000000000,185.00000,False
279,02097,0001,08/23/2034 00:00:00,120.000000000,222.21075,False
279,02445,0001,09/16/2034 00:00:00,140.000000000,40.00000,False
279,03104,0001,09/19/2028 00:00:00,120.000000000,20.15000,False
280,02128,0001,08/12/2034 00:00:00,10.000000000,1065.44493,False
280,02160,0001,09/09/2034 00:00:00,15.000000000,40.00000,False
280,03104,0001,09/19/2028 00:00:00,250.000000000,20.15000,False
281,02004,0001,08/02/2034 00:00:00,18.000000000,232.59541,False
281,02014,0001,07/22/2034 00:00:00,70.000000000,439.96853,False
281,02444,0001,09/16/2034 00:00:00,80.000000000,40.00000,False
281,03272,0001,09/19/2028 00:00:00,300.000000000,145.34631,False
282,02128,0001,08/12/2034 00:00:00,4.000000000,1065.44493,False
282,02412,0001,09/16/2034 00:00:00,10.000000000,75.00000,False
282,03249,0001,09/19/2028 00:00:00,100.000000000,100.59757,False
283,02258,0001,07/22/2034 00:00:00,25.000000000,44.15027,False
283,02277,0001,07/22/2034 00:00:00,25.000000000,155.00000,False
283,03046,0001,09/20/2028 00:00:00,500.000000000,13.63100,False
284,02004,0001,08/02/2034 00:00:00,8.000000000,232.59541,False
284,02014,0001,07/22/2034 00:00:00,30.000000000,439.96853,False
284,02027,0001,09/07/2034 00:00:00,35.000000000,22.22222,False
284,03003,0001,09/20/2028 00:00:00,120.000000000,23.93551,False
285,02059,0001,07/22/2034 00:00:00,9.000000000,185.00000,False
285,02097,0001,08/23/2034 00:00:00,130.000000000,222.21075,False
285,02385,0001,09/09/2034 00:00:00,135.000000000,20.00000,False
285,03003,0001,09/20/2028 00:00:00,120.000000000,23.93551,False
286,02277,0001,07/22/2034 00:00:00,80.000000000,155.00000,False
286,03002,0001,09/20/2028 00:00:00,2000.000000000,12.07500,False
287,02004,0001,08/02/2034 00:00:00,10.000000000,232.59541,False
287,02319,0001,06/30/2027 00:00:00,1000.000000000,9.50000,False
287,03014,0001,09/20/2028 00:00:00,90.000000000,14.17554,False
288,02033,0001,07/22/2034 00:00:00,50.000000000,155.00000,False
288,03014,0001,09/20/2028 00:00:00,1250.000000000,14.17554,False
289,02004,0001,08/02/2034 00:00:00,5.000000000,232.59541,False
289,03043,0001,09/20/2028 00:00:00,60.000000000,62.10119,False
290,02006,0001,09/06/2034 00:00:00,7.000000000,217.00000,False
290,02010,0001,07/22/2034 00:00:00,1110.000000000,8.61704,False
290,02278,0001,07/22/2028 00:00:00,600.000000000,12.00000,False
290,03165,0001,09/20/2028 00:00:00,50.000000000,17.14196,False
291,02004,0001,08/02/2034 00:00:00,25.000000000,232.59541,False
291,02299,0001,06/30/2027 00:00:00,550.000000000,30.00000,False
291,03163,0001,09/20/2028 00:00:00,500.000000000,18.70000,False
292,02042,0001,07/29/2034 00:00:00,10.000000000,40.00000,False
292,02213,0001,07/22/2034 00:00:00,10.000000000,155.00000,False
292,03019,0001,09/20/2028 00:00:00,175.000000000,46.49949,False
293,02032,0001,07/22/2034 00:00:00,60.000000000,155.00000,False
293,03001,0001,09/20/2028 00:00:00,1500.000000000,17.40374,False
294,02034,0001,07/22/2034 00:00:00,250.000000000,80.00000,False
294,03002,0001,09/20/2028 00:00:00,6250.000000000,11.68400,False
295,02004,0001,08/02/2034 00:00:00,7.000000000,233.94008,False
295,02014,0001,07/22/2034 00:00:00,30.000000000,439.96853,False
295,02425,0001,09/20/2034 00:00:00,35.000000000,40.00000,False
295,03258,001,09/20/2028 00:00:00,120.000000000,73.81885,False
296,02004,0001,08/02/2034 00:00:00,5.000000000,233.94008,False
296,02014,0001,07/22/2034 00:00:00,25.000000000,439.96853,False
296,02421,0001,09/20/2034 00:00:00,35.000000000,40.00000,False
296,03254,0001,09/20/2028 00:00:00,100.000000000,116.28697,False
297,02032,0001,07/22/2034 00:00:00,10.000000000,155.00000,False
297,03001,0001,09/20/2028 00:00:00,250.000000000,17.40374,False
298,02033,0001,07/22/2034 00:00:00,10.000000000,155.00000,False
298,03014,0001,09/20/2028 00:00:00,250.000000000,13.10015,False
299,02004,0001,08/02/2034 00:00:00,5.000000000,233.94008,False
299,02299,0001,06/30/2027 00:00:00,100.000000000,30.00000,False
299,03163,0001,09/20/2028 00:00:00,100.000000000,17.00000,False
300,02043,0001,09/20/2034 00:00:00,120.000000000,160.00000,False
300,02118,0001,09/20/2034 00:00:00,12.000000000,251.00000,False
300,02446,0001,09/20/2034 00:00:00,135.000000000,40.00000,False
300,03273,0001,09/20/2028 00:00:00,120.000000000,138.87520,False
301,02043,0001,09/20/2034 00:00:00,120.000000000,160.00000,False
301,02118,0001,09/20/2034 00:00:00,12.000000000,251.00000,False
301,02447,0001,09/20/2034 00:00:00,135.000000000,40.00000,False
301,03274,0001,09/20/2028 00:00:00,120.000000000,88.38005,False
302,02041,0001,09/19/2034 00:00:00,12.000000000,140.00000,False
302,02277,0001,07/22/2034 00:00:00,10.000000000,155.00000,False
302,03022,0001,09/20/2028 00:00:00,250.000000000,17.94459,False
303,02097,0001,08/23/2034 00:00:00,229.000000000,222.21075,False
303,02385,0001,09/09/2034 00:00:00,70.000000000,20.00000,False
303,03003,0001,09/20/2028 00:00:00,60.000000000,27.08525,False
304,03163,0001,09/21/2028 00:00:00,1950.000000000,8.71795,False
305,02004,0001,08/02/2034 00:00:00,25.000000000,233.94008,False
305,02299,0001,06/30/2027 00:00:00,520.000000000,30.00000,False
305,03163,0001,09/24/2028 00:00:00,500.000000000,6.80000,False
306,02004,0001,08/02/2034 00:00:00,23.000000000,233.94008,False
306,02315,0001,06/30/2027 00:00:00,460.000000000,30.00000,False
306,03182,001,09/30/2028 00:00:00,450.000000000,21.28334,False
307,02097,0001,08/23/2034 00:00:00,60.000000000,220.33496,False
307,02385,0001,09/09/2034 00:00:00,70.000000000,20.00000,False
307,03003,001,09/30/2028 00:00:00,60.000000000,27.08525,False
308,02004,0001,08/02/2034 00:00:00,10.000000000,233.94008,False
308,02051,0001,06/30/2027 00:00:00,210.000000000,30.00000,False
308,03014,001,09/30/2028 00:00:00,200.000000000,13.10015,False
309,02003,0001,07/22/2034 00:00:00,5.000000000,216.00000,False
309,02314,0001,09/16/2034 00:00:00,13.000000000,13.00000,False
309,02316,0001,07/22/2028 00:00:00,13.000000000,6.00000,False
309,03010,001,09/30/2028 00:00:00,0.390000000,164.26349,False
310,02433,0001,08/02/2034 00:00:00,192.000000000,150.00000,False
310,03264,001,10/01/2028 00:00:00,23.000000000,330.96138,False
311,03055,001,10/01/2028 00:00:00,5000.000000000,13.10015,False
312,02006,0001,09/06/2034 00:00:00,4.000000000,214.40260,False
312,02010,001,10/01/2034 00:00:00,400.000000000,8.00000,False
312,02018,0001,07/22/2028 00:00:00,420.000000000,12.00000,False
312,03003,001,10/01/2028 00:00:00,40.000000000,27.08525,False
313,02097,0001,08/23/2034 00:00:00,60.000000000,220.33496,False
313,02385,0001,09/09/2034 00:00:00,35.000000000,20.00000,False
313,03003,001,10/01/2028 00:00:00,60.000000000,27.08525,False
314,02006,0001,09/06/2034 00:00:00,2.000000000,214.40260,False
314,02010,001,10/01/2034 00:00:00,200.000000000,8.00000,False
314,02278,0001,07/22/2028 00:00:00,210.000000000,12.00000,False
314,03165,001,10/01/2028 00:00:00,20.000000000,20.25245,False
315,02314,0001,09/16/2034 00:00:00,225.000000000,13.00000,False
315,02316,0001,07/22/2028 00:00:00,230.000000000,6.00000,False
315,03010,001,09/30/2028 00:00:00,0.210000000,165.49193,False
316,03163,001,10/01/2028 00:00:00,75.000000000,14.20000,False
317,02004,0001,08/02/2034 00:00:00,1.000000000,233.94008,False
317,02299,0001,06/30/2027 00:00:00,25.000000000,30.00000,False
317,03163,001,10/01/2028 00:00:00,25.000000000,14.20000,False
318,02433,0001,08/02/2034 00:00:00,96.000000000,150.00000,False
318,03264,001,10/01/2028 00:00:00,11.000000000,501.73596,False
319,02213,0001,07/22/2034 00:00:00,1.000000000,155.00000,False
319,03088,001,10/01/2028 00:00:00,25.000000000,45.38499,False
320,02448,001,10/01/2030 00:00:00,30.000000000,100.00000,False
320,03253,001,10/01/2028 00:00:00,100.000000000,8.25008,False
321,02034,001,10/05/2028 00:00:00,85.000000000,100.00000,False
321,03002,001,10/06/2028 00:00:00,2125.000000000,17.00000,False
322,02004,001,10/02/2028 00:00:00,4.000000000,235.00000,False
322,02014,001,10/01/2028 00:00:00,12.000000000,440.00000,False
322,02272,001,10/01/2028 00:00:00,15.000000000,40.00000,False
322,03119,050726,10/01/2028 00:00:00,60.000000000,164.86690,False
323,02032,0001,07/22/2034 00:00:00,100.000000000,155.00000,False
323,03001,0001,10/09/2028 00:00:00,2500.000000000,17.40400,False
324,02213,0001,07/22/2034 00:00:00,53.000000000,155.00000,False
324,02245,0001,09/09/2034 00:00:00,55.000000000,40.00000,False
324,03151,070726,10/01/2028 00:00:00,1325.000000000,62.98010,False
325,02004,001,10/02/2028 00:00:00,5.000000000,235.00000,False
325,02320,0001,06/30/2027 00:00:00,450.000000000,10.00000,False
325,03182,001,10/01/2028 00:00:00,45.000000000,21.29098,False
326,02312,0001,09/16/2034 00:00:00,6.000000000,70.00000,False
326,03182,001,10/01/2028 00:00:00,150.000000000,21.29098,False
327,02006,001,10/06/2028 00:00:00,6.000000000,213.00000,False
327,02010,001,10/01/2034 00:00:00,500.000000000,8.00000,False
327,02018,0001,07/22/2028 00:00:00,520.000000000,12.00000,False
327,03003,001,10/01/2028 00:00:00,50.000000000,34.41410,False
328,02097,0001,08/23/2034 00:00:00,45.000000000,220.33496,False
328,02097,001,10/01/2034 00:00:00,75.000000000,230.00000,False
328,02385,001,10/02/2028 00:00:00,135.000000000,18.00000,False
328,03003,001,10/01/2028 00:00:00,120.000000000,34.41410,False
329,02004,001,10/02/2028 00:00:00,17.000000000,235.00000,False
329,02014,001,10/01/2028 00:00:00,60.000000000,440.00000,False
329,02027,0001,09/07/2034 00:00:00,80.000000000,22.22222,False
329,03003,001,10/01/2028 00:00:00,300.000000000,34.41410,False
330,02033,0001,07/22/2034 00:00:00,10.000000000,155.00000,False
330,03014,001,10/01/2028 00:00:00,250.000000000,13.02298,False
331,02051,0001,06/30/2027 00:00:00,25.000000000,30.00000,False
331,03014,001,10/01/2028 00:00:00,25.000000000,13.02298,False
332,02097,001,10/01/2034 00:00:00,24.000000000,230.00000,False
332,03092,001,10/01/2028 00:00:00,24.000000000,159.93834,False
333,02314,001,10/05/2028 00:00:00,450.000000000,13.00000,False
333,02316,0001,07/22/2028 00:00:00,357.000000000,6.00000,False
333,03010,001,09/30/2028 00:00:00,13.000000000,163.73276,False
334,02097,001,10/01/2034 00:00:00,48.000000000,230.00000,False
334,03179,001,10/01/2028 00:00:00,48.000000000,54.08024,False
335,02004,001,10/02/2028 00:00:00,2.000000000,235.00000,False
335,02166,001,10/01/2028 00:00:00,64.000000000,40.00000,False
335,03108,0001,10/09/2028 00:00:00,50.000000000,123.62688,False
336,02004,001,10/02/2028 00:00:00,5.000000000,235.00000,False
336,02014,001,10/01/2028 00:00:00,20.000000000,440.00000,False
336,02029,0001,07/29/2034 00:00:00,20.000000000,20.00000,False
336,03011,0001,10/09/2028 00:00:00,100.000000000,82.06875,False
337,02004,001,10/02/2028 00:00:00,3.000000000,235.00000,False
337,02014,001,10/01/2028 00:00:00,10.000000000,440.00000,False
337,02092,001,10/01/2028 00:00:00,15.000000000,40.00000,False
337,03027,001,10/01/2028 00:00:00,40.000000000,215.04085,False
338,02433,0001,08/02/2034 00:00:00,288.000000000,150.00000,False
338,03264,001,10/01/2028 00:00:00,34.000000000,392.98658,False
339,02213,0001,07/22/2034 00:00:00,2.000000000,155.00000,False
339,02222,0001,07/29/2034 00:00:00,2.000000000,40.00000,False
339,03144,001,10/01/2028 00:00:00,50.000000000,40.49067,False
340,02128,0001,08/12/2034 00:00:00,20.000000000,1065.44493,False
340,02345,001,10/01/2028 00:00:00,24.000000000,90.00000,False
340,03201,001,10/02/2028 00:00:00,500.000000000,39.98874,False
341,02004,001,10/02/2028 00:00:00,10.000000000,235.00000,False
341,02014,001,10/01/2028 00:00:00,45.000000000,440.00000,False
341,02342,001,10/01/2028 00:00:00,60.000000000,40.00000,False
341,03198,001,10/02/2028 00:00:00,200.000000000,16.17623,False
342,02004,001,10/02/2028 00:00:00,12.000000000,235.00000,False
342,02014,001,10/01/2028 00:00:00,45.000000000,440.00000,False
342,02334,001,10/01/2028 00:00:00,60.000000000,40.00000,False
342,03192,001,10/02/2028 00:00:00,200.000000000,151.71770,False
343,02004,001,10/02/2028 00:00:00,7.000000000,235.00000,False
343,02014,001,10/01/2028 00:00:00,24.000000000,440.00000,False
343,02337,001,10/01/2028 00:00:00,40.000000000,40.00000,False
343,03194,001,10/02/2028 00:00:00,120.000000000,107.10628,False
344,02140,001,10/02/2028 00:00:00,31.000000000,1100.00000,False
344,02232,0001,08/06/2034 00:00:00,130.000000000,30.00000,False
344,03146,001,10/02/2028 00:00:00,368.000000000,156.04035,False
345,02004,001,10/02/2028 00:00:00,35.000000000,235.00000,False
345,02014,001,10/01/2028 00:00:00,130.000000000,440.00000,False
345,02330,001,10/01/2028 00:00:00,160.000000000,40.00000,False
345,03190,001,10/02/2028 00:00:00,600.000000000,121.59000,False
346,02329,001,10/01/2028 00:00:00,25.000000000,120.00000,False
346,03189,001,10/02/2028 00:00:00,500.000000000,16.70905,False
347,02140,001,10/02/2028 00:00:00,20.000000000,1100.00000,False
347,02341,001,10/01/2028 00:00:00,310.000000000,33.00000,False
347,03197,001,10/02/2028 00:00:00,300.000000000,83.95777,False
348,02004,001,10/02/2028 00:00:00,10.000000000,235.00000,False
348,02014,001,10/01/2028 00:00:00,40.000000000,440.00000,False
348,02350,001,10/02/2028 00:00:00,60.000000000,40.00000,False
348,03206,001,10/02/2028 00:00:00,200.000000000,103.86139,False
349,02004,001,10/02/2028 00:00:00,8.000000000,235.00000,False
349,02014,001,10/01/2028 00:00:00,32.000000000,440.00000,False
349,02348,001,10/02/2028 00:00:00,50.000000000,40.00000,False
349,03205,001,10/02/2028 00:00:00,160.000000000,55.34685,False
350,02004,001,10/02/2028 00:00:00,10.000000000,235.00000,False
350,02014,001,10/01/2028 00:00:00,32.000000000,440.00000,False
350,02210,0001,10/09/2028 00:00:00,50.000000000,40.00000,False
350,03070,001,10/02/2028 00:00:00,160.000000000,85.82364,False
351,02004,001,10/02/2028 00:00:00,8.000000000,235.00000,False
351,02014,001,10/01/2028 00:00:00,32.000000000,440.00000,False
351,02216,001,10/02/2028 00:00:00,50.000000000,40.00000,False
351,03075,001,10/02/2028 00:00:00,160.000000000,58.20320,False
352,02213,0001,07/22/2034 00:00:00,20.000000000,155.00000,False
352,02351,001,10/02/2028 00:00:00,40.000000000,140.00000,False
352,03207,001,10/02/2028 00:00:00,500.000000000,13.10015,False
353,02128,0001,08/12/2034 00:00:00,20.000000000,1065.44493,False
353,02268,001,10/02/2028 00:00:00,20.000000000,90.00000,False
353,03162,001,10/02/2034 00:00:00,500.000000000,26.16906,False
354,02213,0001,07/22/2034 00:00:00,20.000000000,155.00000,False
354,02258,0001,07/22/2034 00:00:00,20.000000000,44.15027,False
354,03046,001,10/02/2028 00:00:00,500.000000000,11.95885,False
355,02004,001,10/02/2028 00:00:00,10.000000000,235.00000,False
355,02051,0001,06/30/2027 00:00:00,250.000000000,30.00000,False
355,03014,001,10/01/2028 00:00:00,250.000000000,13.02298,False
356,02033,0001,07/22/2034 00:00:00,50.000000000,155.00000,False
356,03014,001,10/01/2028 00:00:00,1250.000000000,13.02298,False
357,02433,0001,08/02/2034 00:00:00,480.000000000,150.00000,False
357,03264,001,10/01/2028 00:00:00,57.000000000,392.98658,False
358,02004,001,10/02/2028 00:00:00,12.000000000,235.00000,False
358,02014,001,10/01/2028 00:00:00,40.000000000,440.00000,False
358,02027,0001,09/07/2034 00:00:00,55.000000000,22.22222,False
358,03003,001,10/01/2028 00:00:00,14.000000000,34.41410,False
358,03003,110,10/02/2028 00:00:00,186.000000000,34.33525,False
359,02097,001,10/01/2034 00:00:00,45.000000000,230.00000,False
359,02385,001,10/02/2028 00:00:00,50.000000000,18.00000,False
359,03003,110,10/02/2028 00:00:00,45.000000000,34.33525,False
360,02213,0001,07/22/2034 00:00:00,30.000000000,155.00000,False
360,02351,001,10/02/2028 00:00:00,30.000000000,140.00000,False
360,03207,001,10/02/2028 00:00:00,625.000000000,13.10015,False
361,02213,0001,07/22/2034 00:00:00,20.000000000,155.00000,False
361,02258,0001,07/22/2034 00:00:00,25.000000000,44.15027,False
361,03046,001,10/02/2028 00:00:00,500.000000000,11.95885,False
362,02274,001,10/02/2028 00:00:00,15.000000000,100.00000,False
362,03163,001,10/02/2028 00:00:00,375.000000000,17.00000,False
363,02213,0001,07/22/2034 00:00:00,6.000000000,155.00000,False
363,02420,0001,07/22/2034 00:00:00,6.000000000,47.63222,False
363,03253,001,10/02/2028 00:00:00,150.000000000,8.25008,False
364,02004,001,10/02/2028 00:00:00,8.000000000,235.00000,False
364,02014,001,10/01/2028 00:00:00,36.000000000,440.00000,False
364,02349,001,10/02/2028 00:00:00,55.000000000,40.00000,False
364,03204,001,10/01/2028 00:00:00,180.000000000,95.50826,False
365,02140,0001,09/04/2034 00:00:00,1.000000000,1100.00000,False
365,02140,001,10/02/2028 00:00:00,19.000000000,1100.00000,False
365,02374,001,10/02/2028 00:00:00,320.000000000,40.00000,False
365,03226,001,10/02/2028 00:00:00,300.000000000,96.69373,False
366,02004,001,10/02/2028 00:00:00,28.000000000,235.00000,False
366,02014,001,10/01/2028 00:00:00,110.000000000,440.00000,False
366,02220,001,10/02/2028 00:00:00,135.000000000,40.00000,False
366,03142,001,10/02/2028 00:00:00,540.000000000,30.69779,False
367,02128,0001,08/12/2034 00:00:00,5.000000000,1065.44493,False
367,02129,001,10/02/2028 00:00:00,6.000000000,75.00000,False
367,03029,001,10/02/2028 00:00:00,125.000000000,26.56906,False
368,02004,001,10/02/2028 00:00:00,12.000000000,235.00000,False
368,02014,001,10/01/2028 00:00:00,44.000000000,440.00000,False
368,02395,001,10/02/2028 00:00:00,70.000000000,40.00000,False
368,03241,001,10/02/2028 00:00:00,220.000000000,110.40720,False
369,02213,0001,07/22/2034 00:00:00,20.000000000,155.00000,False
369,02234,0001,10/09/2034 00:00:00,14.000000000,140.00000,False
369,02234,001,10/05/2028 00:00:00,6.000000000,140.00000,False
369,03147,001,10/02/2028 00:00:00,500.000000000,95.54792,False
370,02004,001,10/02/2028 00:00:00,25.000000000,235.00000,False
370,02299,0001,06/30/2027 00:00:00,500.000000000,30.00000,False
370,03163,0001,10/09/2028 00:00:00,500.000000000,17.00000,False
371,02274,001,10/02/2028 00:00:00,200.000000000,100.00000,False
371,03163,0001,10/09/2028 00:00:00,5000.000000000,17.00000,False
372,02004,001,10/02/2028 00:00:00,25.000000000,235.00000,False
372,02051,0001,06/30/2027 00:00:00,500.000000000,30.00000,False
372,03014,001,10/01/2028 00:00:00,500.000000000,13.02298,False
373,02004,001,10/02/2028 00:00:00,12.000000000,235.00000,False
373,02299,0001,06/30/2027 00:00:00,250.000000000,30.00000,False
373,03163,0001,10/09/2028 00:00:00,250.000000000,17.00000,False
374,02274,001,10/02/2028 00:00:00,20.000000000,100.00000,False
374,03163,0001,10/09/2028 00:00:00,500.000000000,17.00000,False
375,02004,001,10/02/2028 00:00:00,10.000000000,235.00000,False
375,02051,0001,06/30/2027 00:00:00,250.000000000,30.00000,False
375,03014,001,10/01/2028 00:00:00,250.000000000,13.02298,False
376,02033,0001,07/22/2034 00:00:00,5.000000000,155.00000,False
376,03014,001,10/01/2028 00:00:00,125.000000000,13.02298,False
377,02034,001,10/05/2028 00:00:00,100.000000000,100.00000,False
377,03002,001,10/06/2028 00:00:00,875.000000000,1.00001,False
378,02299,0001,06/30/2027 00:00:00,530.000000000,30.00000,False
379,02274,001,10/02/2028 00:00:00,200.000000000,100.00000,False
380,02274,001,10/02/2028 00:00:00,73.000000000,100.00000,False
380,03163,0001,10/11/2028 00:00:00,2500.000000000,17.00000,False
381,02004,001,10/02/2028 00:00:00,7.000000000,235.00000,False
381,02014,001,10/01/2028 00:00:00,20.000000000,440.00000,False
381,02027,0001,09/07/2034 00:00:00,20.000000000,22.22222,False
381,03003,110,10/02/2028 00:00:00,14.000000000,34.33525,False
382,02097,001,10/01/2034 00:00:00,120.000000000,230.00000,False
382,02385,001,10/02/2028 00:00:00,120.000000000,18.00000,False
383,02004,001,10/02/2028 00:00:00,25.000000000,235.00000,False
383,02051,0001,06/30/2027 00:00:00,500.000000000,30.00000,False
383,03014,001,10/01/2028 00:00:00,500.000000000,13.02298,False
384,02033,0001,07/22/2034 00:00:00,1.000000000,155.00000,False
384,03014,001,10/01/2028 00:00:00,25.000000000,13.02298,False
385,02433,0001,08/02/2034 00:00:00,480.000000000,150.00000,False
385,03264,001,10/01/2028 00:00:00,57.000000000,392.98658,False
386,02004,001,10/02/2028 00:00:00,17.000000000,235.00000,False
386,02014,001,10/01/2028 00:00:00,60.000000000,440.00000,False
386,02443,001,10/05/2028 00:00:00,80.000000000,80.00000,False
386,03271,001,10/06/2028 00:00:00,300.000000000,241.28092,False
387,02004,001,10/02/2028 00:00:00,4.000000000,235.00000,False
387,02014,001,10/01/2028 00:00:00,12.000000000,440.00000,False
387,02457,0001,10/11/2028 00:00:00,20.000000000,80.00000,False
387,03281,0001,10/11/2028 00:00:00,60.000000000,10.20000,False
388,02128,0001,08/12/2034 00:00:00,20.000000000,1065.44493,False
388,02449,001,10/05/2028 00:00:00,22.000000000,180.00000,False
388,03275,001,10/06/2028 00:00:00,500.000000000,32.05000,False
389,02148,0001,10/11/2034 00:00:00,12.000000000,140.00000,False
389,02213,0001,07/22/2034 00:00:00,10.000000000,155.00000,False
389,03098,001,10/06/2028 00:00:00,250.000000000,13.00000,False
390,02213,0001,07/22/2034 00:00:00,20.000000000,155.00000,False
390,02222,0001,07/29/2034 00:00:00,25.000000000,40.00000,False
390,03144,001,10/01/2028 00:00:00,500.000000000,43.40734,False
391,02213,0001,07/22/2034 00:00:00,30.000000000,155.00000,False
391,02288,001,10/05/2028 00:00:00,30.000000000,140.00000,False
391,03173,001,10/06/2028 00:00:00,750.000000000,17.62667,False
392,02213,0001,07/22/2034 00:00:00,1.000000000,155.00000,False
392,03045,001,10/06/2028 00:00:00,25.000000000,13.80000,False
393,02097,001,10/01/2034 00:00:00,24.000000000,230.00000,False
393,02265,0001,09/09/2034 00:00:00,24.000000000,40.00000,False
393,03010,001,09/30/2028 00:00:00,24.000000000,163.73276,False
394,02097,001,10/01/2034 00:00:00,24.000000000,230.00000,False
394,02265,0001,09/09/2034 00:00:00,24.000000000,40.00000,False
394,03010,001,09/30/2028 00:00:00,24.000000000,163.73276,False
395,02067,001,10/06/2028 00:00:00,16.000000000,40.00000,False
395,02097,001,10/01/2034 00:00:00,12.000000000,230.00000,False
395,03054,001,10/06/2034 00:00:00,12.000000000,56.07976,False
396,02097,001,10/01/2034 00:00:00,24.000000000,230.00000,False
396,02431,001,10/06/2028 00:00:00,32.000000000,40.00000,False
396,03135,001,10/06/2034 00:00:00,24.000000000,222.98204,False
397,02004,001,10/02/2028 00:00:00,12.000000000,235.00000,False
397,02014,001,10/01/2028 00:00:00,45.000000000,440.00000,False
397,02346,001,10/06/2028 00:00:00,60.000000000,40.00000,False
397,03202,001,10/06/2028 00:00:00,200.000000000,97.96118,False
398,02128,0001,08/12/2034 00:00:00,20.000000000,1065.44493,False
398,02160,0001,09/09/2034 00:00:00,25.000000000,40.00000,False
398,03104,001,10/06/2028 00:00:00,500.000000000,41.01000,False
399,02033,0001,07/22/2034 00:00:00,184.000000000,155.00000,False
399,03014,001,10/01/2028 00:00:00,5000.000000000,13.02298,False
400,02213,0001,07/22/2034 00:00:00,20.000000000,155.00000,False
400,02440,001,10/06/2028 00:00:00,20.000000000,140.00000,False
400,03270,001,10/06/2028 00:00:00,500.000000000,37.25368,False
401,02213,0001,07/22/2034 00:00:00,20.000000000,155.00000,False
401,02458,0001,10/11/2034 00:00:00,20.000000000,140.00000,False
401,03282,0001,10/11/2028 00:00:00,500.000000000,68.20011,False
402,02213,0001,07/22/2034 00:00:00,30.000000000,155.00000,False
402,02258,0001,07/22/2034 00:00:00,30.000000000,44.15027,False
402,03046,0001,10/12/2028 00:00:00,750.000000000,15.67667,False
403,02433,0001,08/02/2034 00:00:00,192.000000000,150.00000,False
403,03264,001,10/01/2028 00:00:00,1.000000000,392.98658,False
403,03264,170726,10/06/2034 00:00:00,23.000000000,420.00000,False
404,02314,001,10/05/2028 00:00:00,692.000000000,13.00000,False
404,03010,001,09/30/2028 00:00:00,15.400000000,163.73276,False
404,03010,170726,10/06/2028 00:00:00,5.600000000,163.09770,False
405,02006,001,10/06/2028 00:00:00,3.000000000,213.00000,False
405,02010,001,10/01/2034 00:00:00,200.000000000,8.00000,False
405,02224,0001,06/30/2027 00:00:00,200.000000000,11.50000,False
405,03010,170726,10/06/2028 00:00:00,20.000000000,163.09770,False
406,02004,001,10/02/2028 00:00:00,2.000000000,235.00000,False
406,02014,001,10/01/2028 00:00:00,8.000000000,440.00000,False
406,02031,001,10/05/2028 00:00:00,15.000000000,40.00000,False
406,03010,170726,10/06/2028 00:00:00,40.000000000,163.09770,False
407,02006,001,10/06/2028 00:00:00,3.000000000,213.00000,False
407,02010,001,10/01/2034 00:00:00,200.000000000,8.00000,False
407,02313,0001,06/30/2027 00:00:00,200.000000000,11.50000,False
407,03179,001,10/01/2028 00:00:00,20.000000000,70.43607,False
408,02004,001,10/02/2028 00:00:00,5.000000000,235.00000,False
408,02009,001,10/05/2028 00:00:00,400.000000000,20.00000,False
408,02019,0001,06/30/2027 00:00:00,400.000000000,11.50000,False
408,03012,001,10/06/2028 00:00:00,40.000000000,61.58000,False
409,02006,001,10/06/2028 00:00:00,5.000000000,213.00000,False
409,02010,001,10/01/2034 00:00:00,400.000000000,8.00000,False
409,02278,0001,07/22/2028 00:00:00,400.000000000,12.00000,False
409,03165,001,10/06/2028 00:00:00,40.000000000,23.87596,False
410,02006,001,10/06/2028 00:00:00,5.000000000,213.00000,False
410,02010,001,10/01/2034 00:00:00,400.000000000,8.00000,False
410,02020,0001,06/30/2027 00:00:00,400.000000000,12.00000,False
410,03018,001,10/07/2028 00:00:00,40.000000000,86.79750,False
411,02004,001,10/02/2028 00:00:00,10.000000000,235.00000,False
411,02191,0001,06/30/2027 00:00:00,920.000000000,17.00000,False
411,03118,001,10/06/2028 00:00:00,90.000000000,112.72850,False
412,02042,0001,07/29/2034 00:00:00,4.000000000,40.00000,False
412,02213,0001,07/22/2034 00:00:00,4.000000000,155.00000,False
412,03019,001,10/06/2028 00:00:00,100.000000000,43.97910,False
413,02034,001,10/05/2028 00:00:00,10.000000000,100.00000,False
413,03002,0001,10/12/2028 00:00:00,250.000000000,11.50000,False
414,02312,0001,09/16/2034 00:00:00,10.000000000,70.00000,False
414,03182,001,10/01/2028 00:00:00,250.000000000,21.29098,False
415,03163,0001,10/12/2028 00:00:00,2500.000000000,3.40000,False
416,02032,0001,07/22/2034 00:00:00,20.000000000,155.00000,False
416,03001,0001,10/12/2028 00:00:00,500.000000000,17.30400,False
417,02004,001,10/02/2028 00:00:00,2.000000000,235.00000,False
417,02014,001,10/01/2028 00:00:00,8.000000000,440.00000,False
417,02237,001,10/05/2028 00:00:00,10.000000000,40.00000,False
417,03121,001,10/06/2028 00:00:00,40.000000000,26.63243,False
418,02004,001,10/02/2028 00:00:00,2.000000000,235.00000,False
418,02014,001,10/01/2028 00:00:00,8.000000000,440.00000,False
418,02297,001,10/05/2028 00:00:00,10.000000000,40.00000,False
418,03176,001,10/06/2028 00:00:00,40.000000000,129.19193,False
419,02004,001,10/02/2028 00:00:00,4.000000000,235.00000,False
419,02014,001,10/01/2028 00:00:00,12.000000000,440.00000,False
419,02029,0001,07/29/2034 00:00:00,20.000000000,20.00000,False
419,03011,0001,10/12/2028 00:00:00,60.000000000,82.06875,False
420,02004,001,10/02/2028 00:00:00,2.000000000,235.00000,False
420,02014,001,10/01/2028 00:00:00,8.000000000,440.00000,False
420,02271,0001,08/23/2034 00:00:00,73.000000000,40.00000,False
420,02271,001,10/05/2028 00:00:00,15.000000000,40.00000,False
420,03120,0001,10/12/2028 00:00:00,40.000000000,55.42960,False
421,02004,001,10/02/2028 00:00:00,3.000000000,235.00000,False
421,02014,001,10/01/2028 00:00:00,8.000000000,440.00000,False
421,03241,001,10/02/2028 00:00:00,40.000000000,110.40720,False
422,02004,001,10/02/2028 00:00:00,2.000000000,235.00000,False
422,02014,001,10/01/2028 00:00:00,8.000000000,440.00000,False
422,02201,001,10/05/2028 00:00:00,15.000000000,40.00000,False
422,03130,001,10/06/2028 00:00:00,40.000000000,258.35000,False
423,02004,001,10/02/2028 00:00:00,4.000000000,235.00000,False
423,02014,001,10/01/2028 00:00:00,12.000000000,440.00000,False
423,02272,001,10/01/2028 00:00:00,16.000000000,40.00000,False
423,03119,001,10/06/2028 00:00:00,60.000000000,161.33517,False
424,02213,0001,07/22/2034 00:00:00,4.000000000,155.00000,False
424,02222,0001,07/29/2034 00:00:00,4.000000000,40.00000,False
424,03144,001,10/01/2028 00:00:00,100.000000000,50.40734,False
425,02014,001,10/01/2028 00:00:00,4.000000000,440.00000,False
425,02357,001,10/05/2028 00:00:00,15.000000000,40.00000,False
425,03116,001,10/07/2028 00:00:00,20.000000000,210.51741,False
426,02213,0001,07/22/2034 00:00:00,4.000000000,155.00000,False
426,02234,0001,10/09/2034 00:00:00,6.000000000,140.00000,False
426,03147,001,10/02/2028 00:00:00,100.000000000,86.54792,False
427,02032,0001,07/22/2034 00:00:00,20.000000000,155.00000,False
427,03001,0001,10/12/2028 00:00:00,500.000000000,17.41951,False
428,02006,001,10/06/2028 00:00:00,7.000000000,213.00000,False
428,02010,001,10/01/2034 00:00:00,630.000000000,8.00000,False
428,02020,0001,06/30/2027 00:00:00,630.000000000,12.00000,False
428,03018,0001,10/12/2028 00:00:00,40.000000000,87.35750,False
428,03018,001,10/07/2028 00:00:00,20.000000000,86.79750,False
429,02004,001,10/02/2028 00:00:00,3.000000000,235.00000,False
429,02319,0001,06/30/2027 00:00:00,300.000000000,9.50000,False
429,03014,001,10/01/2028 00:00:00,30.000000000,13.02298,False
430,03014,001,10/01/2028 00:00:00,100.000000000,13.02298,False
431,02006,001,10/06/2028 00:00:00,3.000000000,213.00000,False
431,02010,001,10/01/2034 00:00:00,200.000000000,8.00000,False
431,02224,0001,06/30/2027 00:00:00,200.000000000,11.50000,False
431,03010,170726,10/06/2028 00:00:00,15.400000000,163.09770,False
432,02006,001,10/06/2028 00:00:00,1.000000000,213.00000,False
432,02010,001,10/01/2034 00:00:00,110.000000000,8.00000,False
432,02018,0001,07/22/2028 00:00:00,100.000000000,12.00000,False
432,03003,0001,10/12/2028 00:00:00,10.000000000,34.48551,False
433,02097,001,10/01/2034 00:00:00,24.000000000,230.00000,False
433,02385,001,10/02/2028 00:00:00,30.000000000,18.00000,False
433,03003,0001,10/12/2028 00:00:00,24.000000000,34.48551,False
434,02004,001,10/02/2028 00:00:00,1.000000000,235.00000,False
434,02009,001,10/05/2028 00:00:00,100.000000000,20.00000,False
434,02019,0001,06/30/2027 00:00:00,100.000000000,11.50000,False
434,03012,001,10/06/2028 00:00:00,10.000000000,61.58000,False
435,02004,001,10/02/2028 00:00:00,18.000000000,235.00000,False
435,02014,001,10/01/2028 00:00:00,70.000000000,440.00000,False
435,02029,0001,07/29/2034 00:00:00,80.000000000,20.00000,False
435,03011,0001,10/12/2028 00:00:00,300.000000000,74.81875,False
436,02006,001,10/06/2028 00:00:00,2.000000000,213.00000,False
436,02010,001,10/01/2034 00:00:00,100.000000000,8.00000,False
436,02313,0001,06/30/2027 00:00:00,100.000000000,11.50000,False
436,03179,001,10/01/2028 00:00:00,10.000000000,347.48049,False
437,02004,001,10/02/2028 00:00:00,6.000000000,235.00000,False
437,02014,0001,07/22/2034 00:00:00,15.000000000,439.96853,False
437,02014,001,10/01/2028 00:00:00,5.000000000,440.00000,False
437,02237,001,10/05/2028 00:00:00,35.000000000,40.00000,False
437,03121,001,10/06/2028 00:00:00,100.000000000,26.63243,False
438,02004,001,10/02/2028 00:00:00,12.000000000,235.00000,False
438,02014,0001,07/22/2034 00:00:00,40.000000000,439.96853,False
438,02297,001,10/05/2028 00:00:00,60.000000000,40.00000,False
438,03176,001,10/06/2028 00:00:00,200.000000000,129.19193,False
439,02004,001,10/02/2028 00:00:00,5.000000000,235.00000,False
439,02014,0001,07/22/2034 00:00:00,20.000000000,439.96853,False
439,02454,001,10/07/2028 00:00:00,50.000000000,80.00000,False
439,03279,0001,10/12/2028 00:00:00,100.000000000,273.63992,False
440,02004,001,10/02/2028 00:00:00,12.000000000,235.00000,False
440,02014,0001,07/22/2034 00:00:00,45.000000000,439.96853,False
440,02455,001,10/07/2028 00:00:00,50.000000000,80.00000,False
440,03280,0001,10/12/2028 00:00:00,200.000000000,76.79770,False
441,02097,001,10/01/2034 00:00:00,60.000000000,230.00000,False
441,02452,001,10/07/2028 00:00:00,70.000000000,40.00000,False
441,03277,0001,10/12/2028 00:00:00,60.000000000,252.79000,False
442,02097,001,10/01/2034 00:00:00,60.000000000,230.00000,False
442,02453,001,10/07/2028 00:00:00,70.000000000,40.00000,False
442,03278,0001,10/12/2028 00:00:00,60.000000000,246.99000,False
443,02097,001,10/01/2034 00:00:00,60.000000000,230.00000,False
443,02459,0001,10/12/2034 00:00:00,70.000000000,40.00000,False
443,03276,0001,10/12/2028 00:00:00,60.000000000,81.94921,False
444,02004,0001,08/02/2034 00:00:00,8.000000000,231.58649,False
444,02004,001,10/02/2028 00:00:00,20.000000000,235.00000,False
444,02014,0001,07/22/2034 00:00:00,110.000000000,439.98329,False
444,02026,0001,09/10/2034 00:00:00,140.000000000,18.00000,False
444,03020,0001,10/12/2028 00:00:00,500.000000000,54.34459,False
445,02004,0001,08/02/2034 00:00:00,6.000000000,231.58649,False
445,02014,0001,07/22/2034 00:00:00,20.000000000,439.98329,False
445,02163,001,10/06/2028 00:00:00,30.000000000,40.00000,False
445,03106,0001,10/12/2028 00:00:00,100.000000000,148.86396,False
446,02128,0001,08/12/2034 00:00:00,20.000000000,1065.44493,False
446,02146,001,10/06/2028 00:00:00,20.000000000,90.00000,False
446,03097,0001,10/12/2028 00:00:00,500.000000000,116.82091,False
447,02004,0001,08/02/2034 00:00:00,7.000000000,231.58649,False
447,02014,0001,07/22/2034 00:00:00,24.000000000,439.98329,False
447,03054,0001,10/12/2028 00:00:00,120.000000000,46.02976,False
448,02128,0001,08/12/2034 00:00:00,10.000000000,1065.44493,False
448,02428,001,10/06/2028 00:00:00,10.000000000,40.00000,False
448,03261,0001,10/12/2028 00:00:00,250.000000000,56.11127,False
449,02004,0001,08/02/2034 00:00:00,4.000000000,231.58649,False
449,02014,0001,07/22/2034 00:00:00,12.000000000,439.98329,False
449,02427,001,10/06/2028 00:00:00,20.000000000,40.00000,False
449,03260,0001,10/12/2028 00:00:00,60.000000000,51.59793,False
450,02004,0001,08/02/2034 00:00:00,4.000000000,231.58649,False
450,02014,0001,07/22/2034 00:00:00,12.000000000,439.98329,False
450,02423,001,10/06/2028 00:00:00,20.000000000,40.00000,False
450,03256,0001,10/12/2028 00:00:00,60.000000000,62.98479,False
451,02004,0001,08/02/2034 00:00:00,4.000000000,231.58649,False
451,02014,0001,07/22/2034 00:00:00,12.000000000,439.98329,False
451,02439,001,10/06/2028 00:00:00,20.000000000,40.00000,False
451,03269,0001,10/12/2028 00:00:00,60.000000000,140.33539,False
452,02128,0001,08/12/2034 00:00:00,25.000000000,1065.44493,False
452,02160,0001,09/09/2034 00:00:00,30.000000000,40.00000,False
452,03104,0001,10/12/2028 00:00:00,625.000000000,14.31000,False
453,02034,001,10/05/2028 00:00:00,40.000000000,100.00000,False
453,03002,0001,10/12/2028 00:00:00,1000.000000000,11.50000,False
454,02214,001,10/06/2028 00:00:00,20.000000000,140.00000,False
454,03136,0001,10/12/2028 00:00:00,500.000000000,33.83433,False
455,03244,0001,10/12/2028 00:00:00,1250.000000000,15.12000,False
456,02126,0001,10/12/2028 00:00:00,38.000000000,140.00000,False
456,03087,0001,10/12/2028 00:00:00,950.000000000,21.06386,False
457,02004,0001,08/02/2034 00:00:00,25.000000000,231.58649,False
457,02125,001,10/06/2028 00:00:00,2000.000000000,33.00000,False
457,03087,0001,10/12/2028 00:00:00,2000.000000000,21.06386,False
458,02004,0001,08/02/2034 00:00:00,20.000000000,231.58649,False
458,02315,0001,06/30/2027 00:00:00,500.000000000,30.00000,False
458,03182,001,10/12/2028 00:00:00,500.000000000,19.61386,False
459,02004,0001,08/02/2034 00:00:00,5.000000000,231.58649,False
459,02319,0001,06/30/2027 00:00:00,100.000000000,9.50000,False
459,03014,0001,10/12/2028 00:00:00,10.000000000,13.09180,False
460,03014,0001,10/12/2028 00:00:00,1550.000000000,13.09180,False
461,02258,0001,07/22/2034 00:00:00,70.000000000,44.15027,False
461,03046,0001,10/12/2028 00:00:00,1750.000000000,10.13100,False
462,02433,0001,08/02/2034 00:00:00,480.000000000,150.00000,False
463,02034,001,10/05/2028 00:00:00,40.000000000,100.00000,False
463,03002,0001,10/12/2028 00:00:00,1000.000000000,11.50000,False
464,03163,0001,10/12/2028 00:00:00,200.000000000,10.00000,False
465,02004,0001,08/02/2034 00:00:00,6.000000000,231.58649,False
465,02097,001,10/01/2034 00:00:00,120.000000000,230.00000,False
465,02385,001,10/02/2028 00:00:00,120.000000000,18.00000,False
465,03003,0001,10/12/2028 00:00:00,120.000000000,27.23551,False
466,02299,0001,06/30/2027 00:00:00,25.000000000,30.00000,False
466,03163,0001,10/12/2028 00:00:00,25.000000000,10.00000,False
467,03163,0001,10/12/2028 00:00:00,375.000000000,10.00000,False
468,02191,0001,06/30/2027 00:00:00,900.000000000,17.00000,False
468,03118,0001,10/12/2028 00:00:00,90.000000000,112.79669,False
469,02042,0001,07/29/2034 00:00:00,13.000000000,40.00000,False
469,03019,0001,10/12/2028 00:00:00,325.000000000,40.52918,False
470,02091,0001,10/12/2028 00:00:00,48.000000000,40.00000,False
470,02097,001,10/01/2034 00:00:00,48.000000000,230.00000,False
470,03092,0001,10/13/2028 00:00:00,48.000000000,159.93853,False
472,02014,0001,07/22/2034 00:00:00,40.000000000,439.98329,False
472,02457,0001,10/12/2028 00:00:00,40.000000000,80.00000,False
472,03281,0001,10/13/2028 00:00:00,200.000000000,1.60000,False
473,02051,0001,06/30/2027 00:00:00,325.000000000,30.00000,False
473,03014,0001,10/12/2028 00:00:00,325.000000000,13.09948,False
474,03014,0001,10/12/2028 00:00:00,300.000000000,13.09948,False
475,02319,0001,06/30/2027 00:00:00,1000.000000000,9.50000,False
475,03014,0001,10/12/2028 00:00:00,100.000000000,13.09948,False
476,02034,001,10/05/2028 00:00:00,25.000000000,100.00000,False
476,03002,0001,10/13/2028 00:00:00,625.000000000,1.84000,False
477,02014,0001,07/22/2034 00:00:00,20.000000000,439.99255,False
477,02460,0001,10/13/2028 00:00:00,20.000000000,40.00000,False
477,03283,0001,10/13/2028 00:00:00,100.000000000,164.05436,False
478,02128,0001,08/12/2034 00:00:00,40.000000000,1069.61115,False
478,02146,0001,10/13/2028 00:00:00,40.000000000,90.00000,False
478,03097,0001,10/13/2028 00:00:00,1000.000000000,21.36127,False
479,02420,0001,07/22/2034 00:00:00,10.000000000,47.63222,False
479,03253,0001,10/13/2028 00:00:00,250.000000000,8.25008,False
480,02014,0001,07/22/2034 00:00:00,80.000000000,439.99557,False
480,02461,0001,10/13/2028 00:00:00,80.000000000,40.00000,False
480,03284,0001,10/13/2028 00:00:00,400.000000000,3.50000,False
481,02258,0001,07/22/2034 00:00:00,100.000000000,44.15027,False
481,03046,0001,10/13/2028 00:00:00,2500.000000000,16.53100,False
482,02042,0001,07/29/2034 00:00:00,30.000000000,40.00000,False
482,03019,0001,10/13/2028 00:00:00,750.000000000,5.00000,False
483,02097,001,10/01/2034 00:00:00,120.000000000,230.00000,False
483,02385,001,10/02/2028 00:00:00,120.000000000,18.00000,False
483,03003,0001,10/14/2028 00:00:00,120.000000000,34.23627,False
484,02018,0001,07/22/2028 00:00:00,500.000000000,12.00000,False
484,03003,0001,10/14/2028 00:00:00,50.000000000,34.23627,False
485,02014,0001,07/22/2034 00:00:00,20.000000000,439.99557,False
485,02323,0001,10/14/2028 00:00:00,20.000000000,40.00000,False
485,03107,0001,10/14/2028 00:00:00,100.000000000,137.84064,False
486,02004,0001,08/02/2034 00:00:00,3.000000000,234.59841,False
486,02014,0001,07/22/2034 00:00:00,8.000000000,439.99557,False
486,02293,0001,10/12/2028 00:00:00,15.000000000,40.00000,False
486,03183,0001,10/13/2028 00:00:00,40.000000000,65.96194,False
487,02002,0001,10/15/2028 00:00:00,2.000000000,208.00000,False
487,02015,0001,10/12/2028 00:00:00,24.000000000,350.00000,False
487,02462,0001,10/16/2028 00:00:00,30.000000000,60.00000,False
487,03286,0001,10/16/2028 00:00:00,24.000000000,255.41530,False
488,02002,0001,10/15/2028 00:00:00,2.000000000,208.00000,False
488,02015,0001,10/12/2028 00:00:00,24.000000000,350.00000,False
488,02463,0001,10/16/2028 00:00:00,30.000000000,60.00000,False
488,03287,0001,10/16/2028 00:00:00,24.000000000,29.27795,False
489,02002,0001,10/15/2028 00:00:00,2.000000000,208.00000,False
489,02015,0001,10/12/2028 00:00:00,24.000000000,350.00000,False
489,02464,0001,10/16/2028 00:00:00,30.000000000,60.00000,False
489,03288,0001,10/16/2028 00:00:00,24.000000000,128.94269,False
490,02002,0001,10/15/2028 00:00:00,2.000000000,208.00000,False
490,02015,0001,10/12/2028 00:00:00,24.000000000,350.00000,False
490,02465,0001,10/16/2028 00:00:00,30.000000000,60.00000,False
490,03289,0001,10/06/2028 00:00:00,24.000000000,45.89528,False
491,02002,0001,10/15/2028 00:00:00,2.000000000,208.00000,False
491,02015,0001,10/12/2028 00:00:00,24.000000000,350.00000,False
491,02466,0001,10/16/2028 00:00:00,30.000000000,60.00000,False
491,03290,0001,10/16/2028 00:00:00,24.000000000,66.56080,False
492,02059,0001,10/14/2028 00:00:00,2.000000000,176.00000,False
492,02097,0001,10/14/2028 00:00:00,24.000000000,230.00000,False
492,02467,0001,10/16/2028 00:00:00,30.000000000,40.00000,False
492,03291,0001,10/16/2028 00:00:00,24.000000000,46.80713,False
493,02213,0001,07/22/2034 00:00:00,4.000000000,155.00000,False
493,02420,0001,07/22/2034 00:00:00,4.000000000,47.63222,False
493,03253,0001,10/16/2028 00:00:00,100.000000000,17.10124,False
494,02014,0001,07/22/2034 00:00:00,60.000000000,439.99557,False
494,02443,0001,10/16/2028 00:00:00,60.000000000,80.00000,False
494,03271,0001,10/16/2028 00:00:00,300.000000000,44.14844,False
495,02258,0001,07/22/2034 00:00:00,17.000000000,44.15027,False
495,03046,0001,10/16/2028 00:00:00,425.000000000,16.53803,False
496,03014,0001,10/12/2028 00:00:00,175.000000000,13.82415,False
497,02245,0001,09/09/2034 00:00:00,2.000000000,40.00000,False
497,03151,0001,10/16/2028 00:00:00,50.000000000,62.57255,False
498,03163,0001,10/16/2028 00:00:00,50.000000000,17.00000,False
499,02004,0001,08/02/2034 00:00:00,5.000000000,234.59841,False
499,02014,0001,07/22/2034 00:00:00,20.000000000,439.99557,False
499,02029,0001,07/29/2034 00:00:00,20.000000000,20.00000,False
499,03011,0001,10/16/2028 00:00:00,100.000000000,81.81824,False
500,02004,0001,08/02/2034 00:00:00,2.000000000,234.59841,False
500,02200,001,10/02/2028 00:00:00,55.000000000,40.00000,False
500,03129,0001,10/16/2028 00:00:00,50.000000000,317.82274,False
501,02004,0001,08/02/2034 00:00:00,25.000000000,234.59841,False
501,02315,0001,06/30/2027 00:00:00,500.000000000,30.00000,False
501,03182,001,10/16/2028 00:00:00,500.000000000,21.26586,False
502,02311,0001,10/13/2028 00:00:00,2.000000000,2050.00000,False
502,02312,0001,09/16/2034 00:00:00,2.000000000,70.00000,False
502,03182,001,10/16/2028 00:00:00,50.000000000,21.26586,False
503,02034,001,10/05/2028 00:00:00,50.000000000,100.00000,False
503,03002,0001,10/16/2028 00:00:00,1250.000000000,17.00000,False
504,02258,0001,07/22/2034 00:00:00,12.000000000,44.15027,False
504,03046,0001,10/16/2028 00:00:00,250.000000000,16.53803,False
505,02311,0001,10/13/2028 00:00:00,30.000000000,2050.00000,False
505,02312,0001,09/16/2034 00:00:00,35.000000000,70.00000,False
505,03182,0001,10/19/2028 00:00:00,750.000000000,21.26586,False
506,02222,0001,07/29/2034 00:00:00,50.000000000,40.00000,False
506,03144,0001,10/19/2028 00:00:00,1250.000000000,11.90124,False
507,02004,0001,08/02/2034 00:00:00,8.000000000,234.59841,False
507,02014,0001,07/22/2034 00:00:00,32.000000000,439.99557,False
507,02027,0001,09/07/2034 00:00:00,32.000000000,22.22222,False
507,03003,0001,10/19/2028 00:00:00,160.000000000,34.23627,False
508,02059,0001,10/14/2028 00:00:00,12.000000000,176.00000,False
508,02097,0001,10/14/2028 00:00:00,180.000000000,230.00000,False
508,02385,001,10/02/2028 00:00:00,180.000000000,18.00000,False
508,03003,0001,10/19/2028 00:00:00,180.000000000,34.23627,False
509,02258,0001,07/22/2034 00:00:00,5.000000000,44.15027,False
509,03046,0001,10/19/2028 00:00:00,125.000000000,16.53032,False
510,02006,001,10/06/2028 00:00:00,4.000000000,213.00000,False
510,02010,0001,10/15/2028 00:00:00,400.000000000,7.80000,False
510,02224,0001,06/30/2027 00:00:00,420.000000000,11.50000,False
510,03010,0001,10/19/2028 00:00:00,40.000000000,92.46064,False
511,02006,001,10/06/2028 00:00:00,4.000000000,213.00000,False
511,02010,0001,10/15/2028 00:00:00,400.000000000,7.80000,False
511,02313,0001,06/30/2027 00:00:00,420.000000000,11.50000,False
511,03179,0001,10/19/2028 00:00:00,40.000000000,46.41575,False
512,02006,0001,09/06/2034 00:00:00,3.000000000,146.41477,False
512,02006,001,10/06/2028 00:00:00,5.000000000,213.00000,False
512,02018,0001,07/22/2028 00:00:00,490.000000000,12.00000,False
512,03003,0001,10/19/2028 00:00:00,80.000000000,34.18963,False
513,02006,0001,09/06/2034 00:00:00,8.000000000,146.41477,False
513,02010,0001,10/15/2028 00:00:00,805.000000000,7.80000,False
513,02019,0001,06/30/2027 00:00:00,820.000000000,11.50000,False
513,03012,0001,10/19/2028 00:00:00,80.000000000,99.46087,False
514,02006,0001,09/06/2034 00:00:00,8.000000000,146.41477,False
514,02010,0001,10/15/2028 00:00:00,800.000000000,7.80000,False
514,02278,0001,07/22/2028 00:00:00,820.000000000,12.00000,False
514,03165,0001,10/19/2028 00:00:00,80.000000000,23.82683,False
516,02245,0001,09/09/2034 00:00:00,8.000000000,40.00000,False
516,03151,0001,10/19/2028 00:00:00,200.000000000,55.31940,False
517,02004,0001,08/02/2034 00:00:00,12.000000000,234.59841,False
517,02320,0001,06/30/2027 00:00:00,1220.000000000,10.00000,False
517,03182,0001,10/19/2028 00:00:00,120.000000000,21.26486,False
518,02306,0001,07/22/2034 00:00:00,20.000000000,210.00000,False
518,02315,0001,06/30/2027 00:00:00,250.000000000,30.00000,False
518,03182,0001,10/19/2028 00:00:00,250.000000000,21.26486,False
519,02311,0001,10/13/2028 00:00:00,10.000000000,2050.00000,False
519,02312,0001,09/16/2034 00:00:00,10.000000000,70.00000,False
519,03182,0001,10/19/2028 00:00:00,250.000000000,21.26486,False
520,02299,0001,06/30/2027 00:00:00,500.000000000,30.00000,False
520,02306,0001,07/22/2034 00:00:00,20.000000000,210.00000,False
520,03163,0001,10/19/2028 00:00:00,500.000000000,17.00000,False
521,02420,0001,07/22/2034 00:00:00,4.000000000,47.63222,False
521,03253,0001,10/19/2028 00:00:00,100.000000000,16.71616,False
522,03014,0001,10/12/2028 00:00:00,50.000000000,13.54135,False
523,02245,0001,09/09/2034 00:00:00,2.000000000,40.00000,False
523,03151,0001,10/19/2028 00:00:00,50.000000000,55.31940,False
524,02006,0001,09/06/2034 00:00:00,8.000000000,146.41477,False
524,02010,0001,10/15/2028 00:00:00,805.000000000,7.80000,False
524,02020,0001,06/30/2027 00:00:00,820.000000000,12.00000,False
524,03018,0001,10/19/2028 00:00:00,80.000000000,86.95128,False
525,02311,0001,10/13/2028 00:00:00,20.000000000,2050.00000,False
525,02312,0001,09/16/2034 00:00:00,20.000000000,70.00000,False
525,03182,0001,10/27/2028 00:00:00,500.000000000,21.26486,False
526,02004,0001,08/02/2034 00:00:00,60.000000000,234.81786,False
526,02014,0001,07/22/2034 00:00:00,240.000000000,439.99732,False
526,02346,0001,10/20/2028 00:00:00,240.000000000,40.00000,False
526,03202,0001,10/27/2028 00:00:00,1200.000000000,89.56120,False
527,02004,0001,10/28/2028 00:00:00,5.000000000,233.78319,False
527,02014,0001,07/22/2034 00:00:00,20.000000000,439.99830,False
527,02470,0001,10/27/2028 00:00:00,30.000000000,40.00000,False
527,03294,0001,10/27/2028 00:00:00,100.000000000,29.27795,False
528,02222,0001,07/29/2034 00:00:00,2.000000000,40.00000,False
528,03144,0001,10/27/2028 00:00:00,50.000000000,40.49526,False
529,02004,0001,08/02/2034 00:00:00,40.000000000,234.81786,False
529,02014,0001,07/22/2034 00:00:00,40.000000000,439.99830,False
529,02443,0001,10/16/2028 00:00:00,40.000000000,80.00000,False
529,03271,0001,10/27/2028 00:00:00,200.000000000,80.84794,False
530,02004,0001,08/02/2034 00:00:00,75.000000000,234.81786,False
530,02014,0001,07/22/2034 00:00:00,60.000000000,439.99830,False
530,02455,0001,10/27/2028 00:00:00,60.000000000,80.00000,False
530,03280,0001,10/27/2028 00:00:00,300.000000000,11.96064,False
532,02097,0001,10/14/2028 00:00:00,120.000000000,230.00000,False
532,02468,0001,10/27/2028 00:00:00,120.000000000,40.00000,False
532,03292,0001,10/27/2028 00:00:00,120.000000000,43.43028,False
533,02097,0001,10/14/2028 00:00:00,120.000000000,230.00000,False
533,02469,0001,10/27/2028 00:00:00,120.000000000,40.00000,False
533,03293,0001,10/27/2028 00:00:00,120.000000000,152.38363,False
534,02472,0001,10/27/2028 00:00:00,10.000000000,140.00000,False
534,03296,0001,10/27/2028 00:00:00,250.000000000,21.92908,False
535,02471,0001,10/27/2028 00:00:00,10.000000000,140.00000,False
535,03295,0001,10/27/2028 00:00:00,250.000000000,20.84000,False
536,02004,0001,08/02/2034 00:00:00,65.000000000,234.81786,False
536,02014,0001,07/22/2034 00:00:00,52.000000000,439.99830,False
536,02297,0001,10/27/2028 00:00:00,52.000000000,40.00000,False
536,03176,0001,10/27/2028 00:00:00,260.000000000,131.18272,False
537,02004,0001,08/02/2034 00:00:00,30.000000000,234.81786,False
537,02014,0001,07/22/2034 00:00:00,44.000000000,439.99830,False
537,02271,0001,10/27/2028 00:00:00,44.000000000,40.00000,False
537,03120,0001,10/27/2028 00:00:00,220.000000000,50.98008,False
538,02014,0001,07/22/2034 00:00:00,24.000000000,439.99830,False
538,02027,0001,09/07/2034 00:00:00,24.000000000,22.22222,False
538,03003,0001,10/27/2028 00:00:00,120.000000000,25.83873,False
539,02315,0001,06/30/2027 00:00:00,500.000000000,30.00000,False
539,03182,0001,10/27/2028 00:00:00,500.000000000,19.18808,False
540,02311,0001,10/13/2028 00:00:00,93.000000000,2050.00000,False
540,02312,0001,09/16/2034 00:00:00,93.000000000,70.00000,False
540,03182,0001,10/27/2028 00:00:00,2325.000000000,19.18808,False
541,02020,0001,06/30/2027 00:00:00,950.000000000,12.00000,False
541,03018,0001,10/27/2028 00:00:00,95.000000000,85.91471,False
542,02097,0001,10/14/2028 00:00:00,360.000000000,230.00000,False
542,02385,001,10/02/2028 00:00:00,360.000000000,18.00000,False
542,03003,0001,10/27/2028 00:00:00,360.000000000,25.83873,False
543,02274,0001,10/20/2028 00:00:00,100.000000000,100.00000,False
543,03163,0001,10/27/2028 00:00:00,2500.000000000,17.00000,False
544,02299,0001,06/30/2027 00:00:00,425.000000000,30.00000,False
544,03163,0001,10/27/2028 00:00:00,425.000000000,17.00000,False
545,02009,0001,10/16/2028 00:00:00,225.000000000,20.00000,False
545,02009,001,10/05/2028 00:00:00,100.000000000,20.00000,False
545,02019,0001,06/30/2027 00:00:00,325.000000000,11.50000,False
545,03012,0001,10/27/2028 00:00:00,32.000000000,99.21087,False
546,02059,0001,10/14/2028 00:00:00,10.000000000,176.00000,False
546,02097,0001,10/14/2028 00:00:00,120.000000000,230.00000,False
546,02459,0001,10/27/2028 00:00:00,135.000000000,40.00000,False
546,03276,0001,10/27/2028 00:00:00,120.000000000,134.20531,False
547,02054,0001,10/27/2028 00:00:00,10.000000000,190.00000,False
547,02440,0001,10/20/2028 00:00:00,10.000000000,190.00000,False
547,03270,0001,10/27/2028 00:00:00,250.000000000,71.63589,False
548,02054,0001,10/27/2028 00:00:00,25.000000000,190.00000,False
548,02258,0001,07/22/2034 00:00:00,25.000000000,41.51137,False
548,03046,0001,10/27/2028 00:00:00,625.000000000,6.53032,False
549,02004,0001,08/02/2034 00:00:00,20.000000000,234.81786,False
549,02014,0001,07/22/2034 00:00:00,16.000000000,439.99830,False
549,02272,001,10/01/2028 00:00:00,16.000000000,40.00000,False
549,03119,0001,10/27/2028 00:00:00,80.000000000,168.77722,False
550,02004,0001,08/02/2034 00:00:00,55.000000000,234.81786,False
550,02014,0001,07/22/2034 00:00:00,44.000000000,439.99830,False
550,02029,0001,07/29/2034 00:00:00,44.000000000,20.00000,False
550,03011,0001,10/27/2028 00:00:00,220.000000000,71.51870,False
551,02014,0001,07/22/2034 00:00:00,20.000000000,439.99830,False
551,02267,0001,10/27/2028 00:00:00,20.000000000,40.00000,False
551,03122,0001,10/27/2028 00:00:00,100.000000000,70.75207,False
552,02014,0001,07/22/2034 00:00:00,12.000000000,439.99830,False
552,02291,001,10/05/2028 00:00:00,12.000000000,40.00000,False
552,03086,0001,10/27/2028 00:00:00,60.000000000,30.00000,False
553,02054,0001,10/27/2028 00:00:00,12.000000000,190.00000,False
553,02222,0001,07/29/2034 00:00:00,12.000000000,40.00000,False
553,03144,0001,10/27/2028 00:00:00,300.000000000,40.49526,False
554,02014,0001,07/22/2034 00:00:00,36.000000000,439.99830,False
554,02147,0001,10/27/2028 00:00:00,36.000000000,40.00000,False
554,03054,0001,10/27/2028 00:00:00,180.000000000,55.83055,False
555,02014,0001,07/22/2034 00:00:00,36.000000000,439.99830,False
555,02210,0001,10/27/2028 00:00:00,36.000000000,40.00000,False
555,03070,0001,10/27/2028 00:00:00,180.000000000,21.59422,False
556,02014,0001,07/22/2034 00:00:00,36.000000000,439.99830,False
556,02343,0001,10/27/2028 00:00:00,36.000000000,40.00000,False
556,03199,0001,10/27/2028 00:00:00,180.000000000,25.24870,False
557,02054,0001,10/27/2028 00:00:00,2.000000000,190.00000,False
557,03014,0001,10/12/2028 00:00:00,50.000000000,13.35955,False
558,03014,0001,10/12/2028 00:00:00,650.000000000,13.07211,False
559,02274,0001,10/20/2028 00:00:00,20.000000000,100.00000,False
559,03163,0001,09/27/2028 00:00:00,500.000000000,17.00000,False
560,02258,0001,07/22/2034 00:00:00,2.000000000,41.51137,False
560,03046,0001,10/27/2028 00:00:00,50.000000000,6.53032,False
561,02006,0001,09/06/2034 00:00:00,100.000000000,146.41477,False
561,03003,0001,10/27/2028 00:00:00,10.000000000,26.32386,False
562,02006,0001,09/06/2034 00:00:00,2.000000000,146.41477,False
562,02010,0001,10/15/2028 00:00:00,205.000000000,7.80000,False
562,02020,0001,06/30/2027 00:00:00,200.000000000,12.00000,False
562,03018,0001,10/27/2028 00:00:00,20.000000000,85.91331,False
563,02004,0001,08/02/2034 00:00:00,1.000000000,234.81786,False
563,02320,0001,06/30/2027 00:00:00,150.000000000,10.00000,False
563,03182,0001,10/27/2028 00:00:00,15.000000000,13.24810,False
564,02274,0001,10/20/2028 00:00:00,101.000000000,100.00000,False
564,03163,080826,10/28/2034 00:00:00,2525.000000000,17.00000,False
565,02258,0001,07/22/2034 00:00:00,50.000000000,41.51137,False
565,02307,0001,10/27/2028 00:00:00,50.000000000,168.00000,False
565,03046,0001,10/28/2028 00:00:00,1250.000000000,6.53032,False
566,02033,0001,07/22/2034 00:00:00,51.000000000,155.00000,False
566,03014,0001,10/12/2028 00:00:00,1275.000000000,13.03493,False
567,02004,0001,10/27/2028 00:00:00,25.000000000,227.00000,False
567,02014,0001,07/22/2034 00:00:00,100.000000000,439.99896,False
567,02026,0001,10/27/2028 00:00:00,100.000000000,30.00000,False
567,03020,0001,10/28/2028 00:00:00,500.000000000,204.61933,False
568,02004,0001,10/27/2028 00:00:00,15.000000000,227.00000,False
568,02014,0001,07/22/2034 00:00:00,20.000000000,439.99896,False
568,02163,0001,10/27/2028 00:00:00,20.000000000,40.00000,False
568,03106,0001,10/28/2028 00:00:00,100.000000000,25.31396,False
569,02168,0001,10/27/2028 00:00:00,20.000000000,40.00000,False
569,02173,0001,07/22/2034 00:00:00,20.000000000,145.00000,False
569,03110,0001,10/28/2028 00:00:00,500.000000000,17.36145,False
570,02173,0001,07/22/2034 00:00:00,20.000000000,145.00000,False
570,02219,0001,10/27/2028 00:00:00,20.000000000,120.00000,False
570,03141,0001,10/28/2028 00:00:00,500.000000000,11.51616,False
571,03134,0001,10/28/2028 00:00:00,125.000000000,10.80000,False
572,02245,0001,09/09/2034 00:00:00,3.000000000,40.00000,False
572,02307,0001,10/27/2028 00:00:00,3.000000000,168.00000,False
572,03151,0001,10/28/2028 00:00:00,75.000000000,54.13007,False
573,02041,0001,10/26/2028 00:00:00,10.000000000,120.00000,False
573,02307,0001,10/27/2028 00:00:00,10.000000000,168.00000,False
573,03022,001,10/06/2028 00:00:00,250.000000000,37.18484,False
574,02006,0001,09/06/2034 00:00:00,16.000000000,146.41477,False
574,02010,0001,10/15/2028 00:00:00,1600.000000000,7.80000,False
574,03003,0001,10/27/2028 00:00:00,160.000000000,26.32386,False
575,02004,0001,10/28/2028 00:00:00,10.000000000,235.00000,False
575,02014,0001,07/22/2034 00:00:00,40.000000000,439.99926,False
575,02337,0001,10/27/2028 00:00:00,40.000000000,80.00000,False
575,03194,0001,10/29/2028 00:00:00,200.000000000,106.01146,False
576,02004,0001,10/28/2028 00:00:00,10.000000000,235.00000,False
576,02014,0001,07/22/2034 00:00:00,40.000000000,439.99926,False
576,02334,0001,09/27/2028 00:00:00,40.000000000,80.00000,False
576,03192,0001,10/29/2028 00:00:00,200.000000000,26.77411,False
577,02004,0001,10/28/2028 00:00:00,10.000000000,235.00000,False
577,02014,0001,07/22/2034 00:00:00,40.000000000,439.99926,False
577,02342,0001,10/27/2028 00:00:00,40.000000000,80.00000,False
577,03198,0001,10/29/2028 00:00:00,200.000000000,16.12911,False
578,02004,0001,10/28/2028 00:00:00,8.000000000,235.00000,False
578,02014,0001,07/22/2034 00:00:00,32.000000000,439.99926,False
578,02332,0001,10/27/2028 00:00:00,40.000000000,80.00000,False
578,03191,0001,10/29/2028 00:00:00,160.000000000,91.62050,False
579,02004,0001,10/28/2028 00:00:00,11.000000000,235.00000,False
579,02014,0001,07/22/2034 00:00:00,44.000000000,439.99926,False
579,02336,0001,10/27/2028 00:00:00,44.000000000,80.00000,False
579,03193,0001,10/29/2028 00:00:00,220.000000000,248.05493,False
580,02004,0001,10/28/2028 00:00:00,5.000000000,235.00000,False
580,02014,0001,07/22/2034 00:00:00,20.000000000,439.99926,False
580,02435,0001,10/27/2028 00:00:00,20.000000000,80.00000,False
580,03265,0001,10/29/2028 00:00:00,100.000000000,266.64076,False
581,02004,0001,10/28/2028 00:00:00,22.000000000,235.00000,False
581,02014,0001,07/22/2034 00:00:00,88.000000000,439.99926,False
581,02330,0001,10/27/2028 00:00:00,88.000000000,80.00000,False
581,03190,0001,10/29/2028 00:00:00,440.000000000,316.89180,False
582,02002,0001,10/15/2028 00:00:00,4.000000000,208.00000,False
582,02331,0001,10/27/2028 00:00:00,60.000000000,40.00000,False
582,03190,0001,10/29/2028 00:00:00,60.000000000,316.89180,False
583,02329,0001,10/27/2028 00:00:00,20.000000000,240.00000,False
583,03189,0001,10/29/2028 00:00:00,500.000000000,23.14257,False
584,02055,0001,10/27/2028 00:00:00,26.000000000,140.00000,False
584,02307,0001,10/27/2028 00:00:00,20.000000000,168.00000,False
584,03088,0001,10/10/2034 00:00:00,500.000000000,41.36881,False
585,02004,0001,10/28/2028 00:00:00,2.000000000,235.00000,False
585,02014,0001,07/22/2034 00:00:00,8.000000000,439.99926,False
585,02475,0001,10/30/2028 00:00:00,8.000000000,40.00000,False
585,03297,0001,10/30/2028 00:00:00,40.000000000,129.11249,False
586,02004,0001,10/28/2028 00:00:00,2.000000000,235.00000,False
586,02014,0001,07/22/2034 00:00:00,8.000000000,439.99926,False
586,02476,0001,10/30/2028 00:00:00,8.000000000,40.00000,False
586,03298,0001,10/30/2028 00:00:00,40.000000000,68.00690,False
587,02004,0001,10/28/2028 00:00:00,2.000000000,235.00000,False
587,02014,0001,07/22/2034 00:00:00,8.000000000,439.99926,False
587,02477,0001,10/30/2028 00:00:00,8.000000000,40.00000,False
587,03299,0001,10/30/2028 00:00:00,40.000000000,90.59238,False
588,02004,0001,10/28/2028 00:00:00,2.000000000,235.00000,False
588,02014,0001,07/22/2034 00:00:00,8.000000000,439.99926,False
588,02478,0001,10/30/2028 00:00:00,8.000000000,40.00000,False
588,03300,0001,10/30/2028 00:00:00,40.000000000,205.81327,False
589,02213,0001,10/27/2028 00:00:00,5.000000000,168.00000,False
589,02358,0001,10/29/2028 00:00:00,5.000000000,140.00000,False
589,03213,0001,10/30/2028 00:00:00,125.000000000,15.60776,False
590,02213,0001,10/27/2028 00:00:00,1.000000000,168.00000,False
590,02222,0001,07/29/2034 00:00:00,1.000000000,40.00000,False
590,03144,0001,10/30/2028 00:00:00,25.000000000,40.49526,False
591,02033,0001,07/22/2034 00:00:00,3.000000000,155.00000,False
591,03014,0001,10/12/2028 00:00:00,75.000000000,13.03374,False
592,02274,0001,10/20/2028 00:00:00,6.000000000,100.00000,False
592,03163,0001,10/30/2034 00:00:00,150.000000000,17.00000,False
593,02054,0001,10/27/2028 00:00:00,5.000000000,190.00000,False
593,02307,0001,10/27/2028 00:00:00,5.000000000,168.00000,False
593,03244,0001,10/30/2028 00:00:00,125.000000000,21.07624,False
594,03021,0001,10/30/2028 00:00:00,2500.000000000,52.69623,False
595,03021,0001,10/30/2028 00:00:00,1600.000000000,52.69623,False
596,02274,0001,10/20/2028 00:00:00,50.000000000,100.00000,False
596,03163,0001,10/30/2028 00:00:00,1250.000000000,17.00000,False
597,02213,0001,10/27/2028 00:00:00,20.000000000,168.00000,False
597,02222,0001,07/29/2034 00:00:00,20.000000000,40.00000,False
597,03144,0001,10/30/2028 00:00:00,500.000000000,11.51616,False
598,02004,0001,10/28/2028 00:00:00,50.000000000,235.00000,False
598,02151,0001,10/13/2028 00:00:00,1000.000000000,33.00000,False
598,03100,0001,10/30/2028 00:00:00,1000.000000000,21.13683,False
599,02004,0001,10/28/2028 00:00:00,15.000000000,235.00000,False
599,02014,0001,07/22/2034 00:00:00,60.000000000,439.99926,False
599,02457,0001,10/12/2028 00:00:00,60.000000000,80.00000,False
599,03281,0001,10/27/2028 00:00:00,300.000000000,10.00064,False
600,02128,0001,08/12/2034 00:00:00,28.000000000,1069.61115,False
600,02268,0001,11/01/2028 00:00:00,20.000000000,75.00000,False
600,03162,0001,11/01/2028 00:00:00,700.000000000,36.83245,False
601,02004,0001,10/28/2028 00:00:00,3.000000000,233.33333,False
601,02014,0001,07/22/2034 00:00:00,12.000000000,439.99946,False
601,02427,0001,11/01/2028 00:00:00,12.000000000,40.00000,False
601,03260,0001,11/01/2028 00:00:00,60.000000000,117.67912,False
602,02059,0001,10/14/2028 00:00:00,5.000000000,176.00000,False
602,02097,0001,10/14/2028 00:00:00,60.000000000,230.00000,False
602,03028,0001,11/01/2028 00:00:00,60.000000000,327.24082,False
603,02004,0001,10/28/2028 00:00:00,11.000000000,233.33333,False
603,02014,0001,07/22/2034 00:00:00,44.000000000,439.99946,False
603,02410,0001,11/01/2028 00:00:00,44.000000000,80.00000,False
603,03248,0001,11/01/2028 00:00:00,220.000000000,104.92818,False
604,02059,0001,10/14/2028 00:00:00,2.000000000,176.00000,False
604,02097,0001,10/14/2028 00:00:00,24.000000000,230.00000,False
604,02467,0001,10/16/2028 00:00:00,30.000000000,40.00000,False
604,03291,0001,11/01/2028 00:00:00,24.000000000,45.73424,False
605,02128,0001,08/12/2034 00:00:00,4.000000000,1069.61115,False
605,02479,0001,11/01/2028 00:00:00,5.000000000,75.00000,False
605,03291,0001,11/01/2028 00:00:00,100.000000000,45.73424,False
606,02042,0001,07/29/2034 00:00:00,50.000000000,40.00000,False
606,02213,0001,10/27/2028 00:00:00,50.000000000,168.00000,False
606,03019,0001,11/01/2028 00:00:00,1250.000000000,13.83448,False
607,02059,0001,10/14/2028 00:00:00,2.000000000,176.00000,False
607,02097,0001,10/14/2028 00:00:00,24.000000000,230.00000,False
607,02465,0001,11/01/2028 00:00:00,30.000000000,40.00000,False
607,03289,0001,11/01/2028 00:00:00,24.000000000,57.19195,False
608,02059,0001,10/14/2028 00:00:00,2.000000000,176.00000,False
608,02097,0001,10/14/2028 00:00:00,2.000000000,230.00000,False
608,02463,0001,11/01/2028 00:00:00,24.000000000,40.00000,False
608,03287,0001,11/01/2028 00:00:00,24.000000000,29.27739,False
609,02059,0001,10/14/2028 00:00:00,2.000000000,176.00000,False
609,02097,0001,10/14/2028 00:00:00,2.000000000,230.00000,False
609,02462,0001,11/01/2028 00:00:00,24.000000000,40.00000,False
609,03286,0001,11/01/2028 00:00:00,24.000000000,216.17443,False
610,02059,0001,10/14/2028 00:00:00,2.000000000,176.00000,False
610,02097,0001,10/14/2028 00:00:00,2.000000000,230.00000,False
610,02466,0001,11/01/2028 00:00:00,24.000000000,40.00000,False
610,03290,0001,11/01/2028 00:00:00,24.000000000,23.40695,False
611,02059,0001,10/14/2028 00:00:00,2.000000000,176.00000,False
611,02097,0001,10/14/2028 00:00:00,24.000000000,230.00000,False
611,02464,0001,11/01/2028 00:00:00,24.000000000,40.00000,False
611,03288,0001,11/01/2028 00:00:00,24.000000000,129.11249,False
612,02059,0001,10/14/2028 00:00:00,1.000000000,170.39024,False
612,02097,0001,10/14/2028 00:00:00,12.000000000,230.00000,False
612,02300,0001,11/02/2028 00:00:00,16.000000000,40.00000,False
612,03034,0001,11/02/2028 00:00:00,12.000000000,43.98627,False
613,02048,0001,11/02/2028 00:00:00,14.000000000,40.00000,False
613,02059,0001,10/14/2028 00:00:00,1.000000000,170.39024,False
613,02097,0001,10/14/2028 00:00:00,12.000000000,230.00000,False
613,03027,0001,11/02/2028 00:00:00,12.000000000,207.96330,False
614,02041,0001,10/26/2028 00:00:00,5.000000000,136.66667,False
614,02307,0001,10/27/2028 00:00:00,5.000000000,168.00000,False
614,03022,001,10/06/2028 00:00:00,125.000000000,37.18484,False
615,02004,0001,10/28/2028 00:00:00,10.000000000,227.03717,False
615,02014,0001,07/22/2034 00:00:00,40.000000000,439.99955,False
615,02204,0001,11/02/2028 00:00:00,50.000000000,40.00000,False
615,03131,0001,11/03/2028 00:00:00,200.000000000,68.02738,False
616,02004,0001,10/28/2028 00:00:00,10.000000000,227.03717,False
616,02014,0001,07/22/2034 00:00:00,40.000000000,439.99955,False
616,02293,0001,11/02/2028 00:00:00,40.000000000,40.00000,False
616,03183,0001,11/03/2028 00:00:00,200.000000000,65.67012,False
617,02004,0001,10/28/2028 00:00:00,11.000000000,227.03717,False
617,02014,0001,07/22/2034 00:00:00,44.000000000,439.99955,False
617,02131,0001,07/29/2034 00:00:00,44.000000000,20.00000,False
617,03089,0001,11/03/2028 00:00:00,220.000000000,111.94961,False
618,02004,0001,10/28/2028 00:00:00,11.000000000,227.03717,False
618,02014,0001,07/22/2034 00:00:00,44.000000000,439.99955,False
618,02404,0001,11/02/2028 00:00:00,44.000000000,40.00000,False
618,03101,0001,11/03/2028 00:00:00,220.000000000,73.01569,False
619,02128,0001,08/12/2034 00:00:00,28.000000000,1069.61115,False
619,02160,0001,09/09/2034 00:00:00,30.000000000,40.00000,False
619,03104,0001,11/03/2028 00:00:00,700.000000000,30.83245,False
620,02059,0001,10/14/2028 00:00:00,12.000000000,170.39024,False
620,02096,0001,11/02/2028 00:00:00,120.000000000,40.00000,False
620,02097,0001,10/14/2028 00:00:00,120.000000000,230.00000,False
620,03131,0001,11/03/2028 00:00:00,120.000000000,68.02738,False
