ProductionID,ProductID,BatchNo,ExpiryDate,Quantity,Cost,IsDeleted
1,01023,0001,07/22/2034 00:00:00,1.000000000,5500.00000,False
1,01025,000,07/22/2034 00:00:00,1.000000000,4500.00000,False
1,01036,0001,07/22/2034 00:00:00,20.000000000,750.00000,False
1,01050,0001,07/22/2034 00:00:00,0.200000000,2900.00000,False
1,01184,0001,07/21/2034 00:00:00,10.000000000,367.00000,False
2,01012,0001,07/21/2034 00:00:00,0.022000000,4000.00000,False
2,01021,0001,07/21/2034 00:00:00,1.100000000,380.00000,False
2,01041,0001,07/22/2034 00:00:00,0.440000000,620.00000,False
2,01044,0001,07/22/2034 00:00:00,1.650000000,132.00000,False
2,01058,0001,07/22/2034 00:00:00,0.330000000,1600.00000,False
3,01036,0001,07/22/2034 00:00:00,12.000000000,750.00000,False
3,01041,0001,07/22/2034 00:00:00,0.480000000,620.00000,False
3,01045,0001,07/22/2034 00:00:00,2.400000000,680.00000,False
3,01052,0001,07/22/2034 00:00:00,0.036000000,14500.00000,False
3,01053,0001,07/22/2034 00:00:00,0.180000000,15500.00000,False
3,01056,0001,07/22/2034 00:00:00,0.060000000,16500.00000,False
3,01058,0001,07/22/2034 00:00:00,0.480000000,1600.00000,False
4,01010,0001,07/21/2034 00:00:00,0.600000000,2800.00000,False
4,01012,0001,07/21/2034 00:00:00,0.006000000,4000.00000,False
4,01038,0001,07/22/2034 00:00:00,0.120000000,650.00000,False
4,01041,0001,07/22/2034 00:00:00,0.240000000,620.00000,False
4,01045,0001,07/22/2034 00:00:00,3.000000000,680.00000,False
4,01046,0001,07/22/2034 00:00:00,0.300000000,16500.00000,False
4,01058,0001,07/22/2034 00:00:00,0.240000000,1600.00000,False
4,01184,0001,07/21/2034 00:00:00,3.000000000,367.00000,False
5,01031,0001,07/22/2034 00:00:00,1.000000000,6500.00000,False
5,01041,0001,07/22/2034 00:00:00,0.400000000,620.00000,False
5,01048,0001,07/22/2034 00:00:00,0.300000000,1500.00000,False
5,01058,0001,07/22/2034 00:00:00,0.400000000,1600.00000,False
6,01023,0001,07/22/2034 00:00:00,0.300000000,5500.00000,False
6,01025,000,07/22/2034 00:00:00,0.300000000,4500.00000,False
6,01036,0001,07/22/2034 00:00:00,0.300000000,750.00000,False
6,01041,0001,07/22/2034 00:00:00,0.240000000,620.00000,False
6,01045,0001,07/22/2034 00:00:00,0.300000000,680.00000,False
6,01058,0001,07/22/2034 00:00:00,0.240000000,1600.00000,False
7,01010,0001,07/21/2034 00:00:00,0.300000000,2800.00000,False
7,01012,0001,07/21/2034 00:00:00,0.006000000,4000.00000,False
7,01020,0001,07/22/2034 00:00:00,0.300000000,350.00000,False
7,01021,0001,07/21/2034 00:00:00,0.300000000,380.00000,False
7,01041,0001,07/22/2034 00:00:00,0.240000000,620.00000,False
7,01046,0001,07/22/2034 00:00:00,0.120000000,16500.00000,False
7,01058,0001,07/22/2034 00:00:00,0.240000000,1600.00000,False
7,01184,0001,07/21/2034 00:00:00,3.000000000,367.00000,False
8,01009,0001,07/21/2034 00:00:00,0.750000000,1650.00000,False
8,01020,0001,07/22/2034 00:00:00,60.000000000,350.00000,False
8,01021,0001,07/21/2034 00:00:00,2.500000000,380.00000,False
8,01028,0001,07/22/2034 00:00:00,1.250000000,1650.00000,False
8,01038,0001,07/22/2034 00:00:00,1.250000000,650.00000,False
8,01041,0001,07/22/2034 00:00:00,0.500000000,620.00000,False
8,01187,0001,07/22/2034 00:00:00,5.000000000,200.00000,False
9,01003,0001,07/21/2034 00:00:00,250.000000000,15.46154,False
9,01187,0001,07/22/2034 00:00:00,5.000000000,200.00000,False
10,01023,0001,07/22/2034 00:00:00,0.120000000,5500.00000,False
10,01025,000,07/22/2034 00:00:00,0.120000000,4500.00000,False
10,01028,0001,07/22/2034 00:00:00,0.060000000,1650.00000,False
10,01036,0001,07/22/2034 00:00:00,0.060000000,750.00000,False
10,01041,0001,07/22/2034 00:00:00,0.060000000,620.00000,False
10,01045,0001,07/22/2034 00:00:00,0.120000000,680.00000,False
10,01050,0001,07/22/2034 00:00:00,0.001200000,2900.00000,False
10,01058,0001,07/22/2034 00:00:00,0.048000000,1600.00000,False
11,01003,0001,07/21/2034 00:00:00,100.000000000,15.46154,False
12,01015,0001,07/21/2034 00:00:00,2750.000000000,17.00000,False
12,01016,0001,07/21/2034 00:00:00,1000.000000000,10.00000,False
13,01016,0001,07/21/2034 00:00:00,711.000000000,10.00000,False
13,01042,0001,07/22/2034 00:00:00,10.800000000,180.00000,False
13,01050,0001,07/22/2034 00:00:00,1.350000000,2900.00000,False
14,01003,0001,07/21/2034 00:00:00,2.500000000,17.31122,False
14,01016,0001,07/21/2034 00:00:00,250.000000000,10.00000,False
14,01044,0001,07/22/2034 00:00:00,12.500000000,132.00000,False
15,01019,0001,07/22/2034 00:00:00,5.000000000,5000.00000,False
15,01031,0001,07/22/2034 00:00:00,3.000000000,6500.00000,False
15,01036,0001,07/22/2034 00:00:00,35.000000000,750.00000,False
15,01041,0001,07/22/2034 00:00:00,1.040000000,620.00000,False
15,01058,0001,07/22/2034 00:00:00,0.780000000,1600.00000,False
15,01075,0001,07/22/2034 00:00:00,3.500000000,5714.28571,False
15,01189,0001,07/22/2034 00:00:00,26.000000000,590.00000,False
15,01201,0001,07/22/2034 00:00:00,26.000000000,600.00000,False
16,01009,0001,07/21/2034 00:00:00,1.500000000,1650.00000,False
16,01020,0001,07/22/2034 00:00:00,120.000000000,350.00000,False
16,01021,0001,07/21/2034 00:00:00,1.000000000,380.00000,False
16,01038,0001,07/22/2034 00:00:00,10.000000000,650.00000,False
16,01041,0001,07/22/2034 00:00:00,1.500000000,620.00000,False
16,01187,0001,07/22/2034 00:00:00,1.500000000,200.00000,False
17,01005,0001,07/21/2034 00:00:00,0.012000000,1500.00000,False
17,01010,0001,07/21/2034 00:00:00,0.120000000,2800.00000,False
17,01011,0001,07/21/2034 00:00:00,0.240000000,4000.00000,False
17,01012,0001,07/21/2034 00:00:00,0.002400000,4000.00000,False
17,01020,0001,07/22/2034 00:00:00,0.060000000,350.00000,False
17,01021,0001,07/21/2034 00:00:00,0.060000000,380.00000,False
17,01041,0001,07/22/2034 00:00:00,0.060000000,620.00000,False
17,01046,0001,07/22/2034 00:00:00,0.060000000,16500.00000,False
17,01058,0001,07/22/2034 00:00:00,0.048000000,1600.00000,False
17,01184,0001,07/21/2034 00:00:00,0.600000000,367.00000,False
18,01036,0001,07/22/2034 00:00:00,0.120000000,750.00000,False
18,01041,0001,07/22/2034 00:00:00,0.048000000,620.00000,False
18,01045,0001,07/22/2034 00:00:00,0.360000000,680.00000,False
18,01052,0001,07/22/2034 00:00:00,0.003600000,14500.00000,False
18,01058,0001,07/22/2034 00:00:00,0.048000000,1600.00000,False
18,01072,0001,07/22/2034 00:00:00,0.240000000,9500.00000,False
19,01036,0001,07/22/2034 00:00:00,0.240000000,750.00000,False
19,01041,0001,07/22/2034 00:00:00,0.048000000,620.00000,False
19,01045,0001,07/22/2034 00:00:00,0.240000000,680.00000,False
19,01052,0001,07/22/2034 00:00:00,0.036000000,14500.00000,False
19,01053,0001,07/22/2034 00:00:00,0.003600000,15500.00000,False
19,01056,0001,07/22/2034 00:00:00,0.007200000,16500.00000,False
19,01058,0001,07/22/2034 00:00:00,0.048000000,1600.00000,False
20,01031,0001,07/22/2034 00:00:00,0.480000000,6500.00000,False
20,01041,0001,07/22/2034 00:00:00,0.096000000,620.00000,False
20,01048,0001,07/22/2034 00:00:00,0.096000000,1500.00000,False
20,01058,0001,07/22/2034 00:00:00,0.160000000,1600.00000,False
21,01010,0001,07/21/2034 00:00:00,0.400000000,2800.00000,False
21,01011,0001,07/21/2034 00:00:00,0.800000000,4000.00000,False
21,01020,0001,07/22/2034 00:00:00,0.200000000,350.00000,False
21,01021,0001,07/21/2034 00:00:00,0.200000000,380.00000,False
21,01041,0001,07/22/2034 00:00:00,0.160000000,620.00000,False
21,01058,0001,07/22/2034 00:00:00,0.160000000,1600.00000,False
21,01184,0001,07/21/2034 00:00:00,0.600000000,367.00000,False
22,01009,0001,07/21/2034 00:00:00,2.000000000,1650.00000,False
22,01028,0001,07/22/2034 00:00:00,0.400000000,1650.00000,False
22,01036,0001,07/22/2034 00:00:00,0.400000000,750.00000,False
22,01041,0001,07/22/2034 00:00:00,0.160000000,620.00000,False
22,01045,0001,07/22/2034 00:00:00,0.400000000,680.00000,False
22,01058,0001,07/22/2034 00:00:00,0.160000000,1600.00000,False
23,01016,0001,07/21/2034 00:00:00,1250.000000000,10.00000,False
24,01010,0001,07/21/2034 00:00:00,0.600000000,2800.00000,False
24,01011,0001,07/21/2034 00:00:00,0.400000000,4000.00000,False
24,01012,0001,07/21/2034 00:00:00,0.004000000,4000.00000,False
24,01013,0001,07/21/2034 00:00:00,0.600000000,160.00000,False
24,01038,0001,07/22/2034 00:00:00,0.600000000,650.00000,False
24,01058,0001,07/22/2034 00:00:00,0.200000000,1600.00000,False
24,01060,0001,07/22/2034 00:00:00,0.040000000,950.00000,False
24,01184,0001,07/21/2034 00:00:00,2.000000000,367.00000,False
25,01003,0001,07/21/2034 00:00:00,5100.000000000,17.31122,False
26,01009,0001,07/21/2034 00:00:00,0.050000000,1650.00000,False
26,01013,0001,07/21/2034 00:00:00,0.050000000,160.00000,False
26,01016,0001,07/21/2034 00:00:00,800.000000000,10.00000,False
26,01034,0001,07/22/2034 00:00:00,1.000000000,380.00000,False
26,01042,0001,07/22/2034 00:00:00,12.000000000,180.00000,False
26,01050,0001,07/22/2034 00:00:00,1.500000000,2900.00000,False
26,01052,0001,07/22/2034 00:00:00,0.500000000,14500.00000,False
26,01054,0001,07/22/2034 00:00:00,0.400000000,16000.00000,False
26,01056,0001,07/22/2034 00:00:00,0.200000000,16500.00000,False
26,01057,0001,07/22/2034 00:00:00,0.200000000,14000.00000,False
26,01060,0001,07/22/2034 00:00:00,2.000000000,950.00000,False
26,01072,0001,07/22/2034 00:00:00,0.400000000,9500.00000,False
26,01143,0001,07/22/2034 00:00:00,3.000000000,3200.00000,False
27,01010,0001,07/21/2034 00:00:00,2.100000000,2800.00000,False
27,01011,0001,07/21/2034 00:00:00,0.500000000,4000.00000,False
27,01012,0001,07/21/2034 00:00:00,0.014000000,4000.00000,False
27,01013,0001,07/21/2034 00:00:00,2.100000000,160.00000,False
27,01038,0001,07/22/2034 00:00:00,2.100000000,650.00000,False
27,01043,0001,07/24/2034 00:00:00,0.700000000,13.75000,False
27,01058,0001,07/22/2034 00:00:00,0.700000000,1600.00000,False
27,01060,0001,07/22/2034 00:00:00,0.140000000,950.00000,False
27,01184,0001,07/21/2034 00:00:00,2.000000000,367.00000,False
28,01009,0001,07/21/2034 00:00:00,0.750000000,1650.00000,False
28,01020,0001,07/22/2034 00:00:00,75.000000000,350.00000,False
28,01022,0001,07/23/2034 00:00:00,0.025000000,4000.00000,False
28,01036,0001,07/22/2034 00:00:00,10.000000000,750.00000,False
28,01041,0001,07/22/2034 00:00:00,0.500000000,620.00000,False
28,01060,0001,07/22/2034 00:00:00,0.250000000,950.00000,False
29,01009,0001,07/21/2034 00:00:00,1.800000000,1650.00000,False
29,01020,0001,07/22/2034 00:00:00,80.000000000,350.00000,False
29,01036,0001,07/22/2034 00:00:00,6.000000000,750.00000,False
29,01041,0001,07/22/2034 00:00:00,1.200000000,620.00000,False
29,01060,0001,07/22/2034 00:00:00,0.600000000,950.00000,False
30,01017,0001,07/22/2034 00:00:00,1.200000000,3200.00000,False
30,01019,0001,07/23/2034 00:00:00,2.400000000,5000.00000,False
30,01031,0001,07/22/2034 00:00:00,3.600000000,6500.00000,False
30,01036,0001,07/22/2034 00:00:00,12.000000000,750.00000,False
30,01041,0001,07/22/2034 00:00:00,0.960000000,620.00000,False
30,01045,0001,07/22/2034 00:00:00,12.000000000,680.00000,False
30,01058,0001,07/22/2034 00:00:00,0.960000000,1600.00000,False
30,01070,0001,07/29/2034 00:00:00,2.000000000,4500.00000,False
30,01075,0001,07/23/2034 00:00:00,2.400000000,5833.33333,False
30,01189,0001,07/22/2034 00:00:00,10.000000000,590.00000,False
31,01004,0001,07/29/2034 00:00:00,10.000000000,400.00000,False
31,01009,0001,07/21/2034 00:00:00,15.000000000,1650.00000,False
31,01028,0001,07/22/2034 00:00:00,12.500000000,1650.00000,False
31,01036,0001,07/22/2034 00:00:00,10.000000000,750.00000,False
31,01041,0001,07/22/2034 00:00:00,1.000000000,620.00000,False
31,01045,0001,07/22/2034 00:00:00,10.000000000,680.00000,False
31,01058,0001,07/22/2034 00:00:00,1.500000000,1600.00000,False
32,01002,0001,07/21/2034 00:00:00,2.400000000,200.00000,False
32,01034,0001,07/22/2034 00:00:00,0.480000000,380.00000,False
32,01036,0001,07/22/2034 00:00:00,0.480000000,750.00000,False
32,01041,0001,07/22/2034 00:00:00,0.240000000,620.00000,False
32,01045,0001,07/22/2034 00:00:00,2.400000000,680.00000,False
32,01055,0001,07/22/2034 00:00:00,0.480000000,1300.00000,False
32,01058,0001,07/22/2034 00:00:00,0.144000000,1600.00000,False
32,01105,0001,07/22/2034 00:00:00,1.440000000,290.00000,False
33,01017,0001,07/22/2034 00:00:00,1.500000000,3200.00000,False
33,01031,0001,07/22/2034 00:00:00,5.500000000,6500.00000,False
33,01041,0001,07/22/2034 00:00:00,2.600000000,620.00000,False
33,01048,0001,07/22/2034 00:00:00,2.600000000,1500.00000,False
33,01058,0001,07/22/2034 00:00:00,2.600000000,1600.00000,False
34,01036,0001,07/22/2034 00:00:00,55.000000000,750.00000,False
34,01041,0001,07/22/2034 00:00:00,1.000000000,620.00000,False
34,01045,0001,07/22/2034 00:00:00,55.000000000,421.69511,False
34,01058,0001,07/22/2034 00:00:00,1.000000000,1600.00000,False
34,01072,0001,07/22/2034 00:00:00,1.500000000,9500.00000,False
34,01189,0001,07/22/2034 00:00:00,50.000000000,807.80303,False
34,01201,0001,07/22/2034 00:00:00,25.000000000,670.31250,False
35,01036,0001,07/22/2034 00:00:00,14.000000000,750.00000,False
35,01041,0001,07/22/2034 00:00:00,0.560000000,620.00000,False
35,01045,0001,07/22/2034 00:00:00,2.800000000,421.69511,False
35,01052,0001,07/22/2034 00:00:00,0.042000000,14500.00000,False
35,01053,0001,07/22/2034 00:00:00,0.210000000,15500.00000,False
35,01055,0001,07/22/2034 00:00:00,0.420000000,1300.00000,False
35,01056,0001,07/22/2034 00:00:00,0.070000000,16500.00000,False
35,01058,0001,07/22/2034 00:00:00,0.560000000,1600.00000,False
36,01016,0001,07/21/2034 00:00:00,100.000000000,10.00000,False
36,01042,0001,07/22/2034 00:00:00,1.500000000,170.32738,False
36,01043,0001,07/24/2034 00:00:00,25.000000000,13.75000,False
36,01050,0001,07/22/2034 00:00:00,0.187500000,2900.00000,False
37,01004,0001,07/29/2034 00:00:00,0.380000000,400.00000,False
37,01020,0001,07/22/2034 00:00:00,0.190000000,350.00000,False
37,01021,0001,07/21/2034 00:00:00,0.570000000,398.84422,False
37,01028,0001,07/22/2034 00:00:00,0.570000000,1650.00000,False
37,01036,0001,07/22/2034 00:00:00,1.900000000,750.00000,False
37,01038,0001,07/22/2034 00:00:00,0.570000000,650.00000,False
37,01041,0001,07/22/2034 00:00:00,0.950000000,620.00000,False
37,01045,0001,07/22/2034 00:00:00,3.800000000,421.69511,False
37,01058,0001,07/22/2034 00:00:00,0.950000000,1600.00000,False
38,01009,0001,07/21/2034 00:00:00,3.192000000,1650.00000,False
38,01034,0001,07/22/2034 00:00:00,2.000000000,380.00000,False
38,01036,0001,07/22/2034 00:00:00,4.080000000,750.00000,False
38,01045,0001,07/22/2034 00:00:00,16.800000000,421.69511,False
38,01052,0001,07/22/2034 00:00:00,0.039600000,14500.00000,False
38,01053,0001,07/22/2034 00:00:00,0.204000000,15500.00000,False
38,01054,0001,07/22/2034 00:00:00,0.408000000,16000.00000,False
38,01055,0001,07/22/2034 00:00:00,0.408000000,1300.00000,False
38,01056,0001,07/22/2034 00:00:00,0.100800000,16500.00000,False
38,01057,0001,07/22/2034 00:00:00,0.204000000,14000.00000,False
38,01058,0001,07/22/2034 00:00:00,0.480000000,1600.00000,False
38,01060,0001,07/22/2034 00:00:00,0.039600000,950.00000,False
38,01143,0001,07/22/2034 00:00:00,0.408000000,3200.00000,False
39,01003,0001,07/21/2034 00:00:00,250.000000000,17.31122,False
40,01023,0001,07/22/2034 00:00:00,0.840000000,5500.00000,False
40,01025,000,07/22/2034 00:00:00,0.840000000,4500.00000,False
40,01041,0001,07/22/2034 00:00:00,0.960000000,620.00000,False
40,01050,0001,07/22/2034 00:00:00,0.024000000,2900.00000,False
40,01058,0001,07/22/2034 00:00:00,0.960000000,1600.00000,False
41,01016,0001,07/21/2034 00:00:00,4000.000000000,10.00000,False
41,01042,0001,07/22/2034 00:00:00,60.000000000,170.32738,False
41,01043,0001,07/24/2034 00:00:00,1000.000000000,13.75000,False
41,01050,0001,07/22/2034 00:00:00,7.500000000,3036.10146,False
42,01015,0001,08/02/2034 00:00:00,2600.000000000,17.00000,False
43,01009,0001,07/21/2034 00:00:00,0.061250000,1650.00000,False
43,01013,0001,07/21/2034 00:00:00,0.061250000,160.00000,False
43,01016,0001,07/21/2034 00:00:00,1000.000000000,10.00000,False
43,01034,0001,07/22/2034 00:00:00,1.225000000,380.00000,False
43,01042,0001,07/22/2034 00:00:00,2.500000000,170.32738,False
43,01043,0001,07/24/2034 00:00:00,245.000000000,13.75000,False
43,01050,0001,07/22/2034 00:00:00,2.000000000,3036.10146,False
43,01052,0001,07/22/2034 00:00:00,0.612500000,14500.00000,False
43,01054,0001,07/22/2034 00:00:00,0.490000000,17258.38926,False
43,01056,0001,07/22/2034 00:00:00,0.245000000,16500.00000,False
43,01057,0001,07/22/2034 00:00:00,0.245000000,14000.00000,False
43,01060,0001,07/22/2034 00:00:00,2.450000000,950.00000,False
43,01072,0001,07/22/2034 00:00:00,0.490000000,9500.00000,False
43,01073,0001,07/29/2034 00:00:00,0.122500000,520.00000,False
43,01143,0001,07/22/2034 00:00:00,3.675000000,3200.00000,False
44,01003,0001,07/21/2034 00:00:00,12.500000000,13.46106,False
44,01016,0001,07/21/2034 00:00:00,1250.000000000,10.00000,False
44,01044,0001,07/22/2034 00:00:00,62.500000000,132.00000,False
45,01019,0001,07/23/2034 00:00:00,0.805000000,5000.00000,False
45,01022,0001,07/23/2034 00:00:00,0.500000000,4000.00000,False
45,01065,0001,07/23/2034 00:00:00,180.000000000,265.00000,False
45,01075,0001,07/23/2034 00:00:00,0.805000000,6160.71429,False
45,01189,0001,07/22/2034 00:00:00,15.000000000,807.80303,False
46,01013,0001,07/21/2034 00:00:00,5.700000000,160.00000,False
46,01022,0001,07/23/2034 00:00:00,0.006080000,4000.00000,False
46,01038,0001,07/22/2034 00:00:00,5.700000000,650.00000,False
46,01043,0001,07/24/2034 00:00:00,1.900000000,13.75000,False
46,01048,0001,07/22/2034 00:00:00,1.520000000,1500.00000,False
46,01056,0001,07/22/2034 00:00:00,0.152000000,16500.00000,False
46,01058,0001,07/22/2034 00:00:00,1.900000000,1491.50561,False
46,01060,0001,07/22/2034 00:00:00,0.380000000,950.00000,False
47,01023,0001,07/22/2034 00:00:00,0.800000000,5500.00000,False
47,01025,000,07/22/2034 00:00:00,0.800000000,4500.00000,False
47,01028,0001,07/22/2034 00:00:00,0.400000000,1650.00000,False
47,01036,0001,07/22/2034 00:00:00,0.400000000,750.00000,False
47,01041,0001,07/22/2034 00:00:00,0.400000000,620.00000,False
47,01045,0001,07/22/2034 00:00:00,0.800000000,421.69511,False
47,01050,0001,07/22/2034 00:00:00,0.008000000,3036.10146,False
47,01058,0001,07/22/2034 00:00:00,0.320000000,1491.50561,False
48,01004,0001,07/29/2034 00:00:00,0.150000000,400.00000,False
48,01047,0001,08/02/2034 00:00:00,75.000000000,80.00000,False
48,01055,0001,07/22/2034 00:00:00,3.000000000,1534.15256,False
48,01073,0001,07/29/2034 00:00:00,0.225000000,520.00000,False
48,01105,0001,07/22/2034 00:00:00,0.150000000,290.00000,False
49,01010,0001,07/21/2034 00:00:00,0.200000000,2800.00000,False
49,01012,0001,07/21/2034 00:00:00,0.010000000,4000.00000,False
49,01020,0001,07/22/2034 00:00:00,0.100000000,350.00000,False
49,01038,0001,07/22/2034 00:00:00,1.500000000,650.00000,False
49,01041,0001,07/22/2034 00:00:00,4.000000000,620.00000,False
49,01058,0001,07/22/2034 00:00:00,0.500000000,1491.50561,False
49,01060,0001,07/22/2034 00:00:00,0.100000000,950.00000,False
50,01027,0001,07/21/2034 00:00:00,20.000000000,382.05128,False
50,01041,0001,07/22/2034 00:00:00,0.108000000,620.00000,False
50,01043,0001,07/24/2034 00:00:00,9.720000000,13.75000,False
50,01050,0001,07/22/2034 00:00:00,0.010800000,3036.10146,False
50,01058,0001,07/22/2034 00:00:00,0.540000000,1491.50561,False
50,01073,0001,07/29/2034 00:00:00,4.860000000,520.00000,False
51,01012,0001,07/21/2034 00:00:00,0.200000000,4000.00000,False
51,01021,0001,07/21/2034 00:00:00,2.000000000,399.41013,False
51,01041,0001,07/22/2034 00:00:00,0.080000000,620.00000,False
51,01043,0001,07/24/2034 00:00:00,1.400000000,13.75000,False
51,01044,0001,07/22/2034 00:00:00,3.000000000,132.00000,False
51,01058,0001,07/22/2034 00:00:00,0.200000000,1491.50561,False
52,01027,0001,07/21/2034 00:00:00,5.000000000,382.05128,False
52,01041,0001,07/22/2034 00:00:00,0.570000000,620.00000,False
52,01050,0001,07/22/2034 00:00:00,0.003800000,3036.10146,False
52,01058,0001,07/22/2034 00:00:00,0.190000000,1491.50561,False
52,01117,0001,07/22/2034 00:00:00,1.140000000,420.00000,False
52,01193,0001,07/29/2034 00:00:00,2.000000000,700.00000,False
53,01009,0001,07/21/2034 00:00:00,0.400000000,1650.00000,False
53,01010,0001,07/21/2034 00:00:00,2.000000000,2800.00000,False
53,01012,0001,07/21/2034 00:00:00,0.008000000,4000.00000,False
53,01020,0001,07/22/2034 00:00:00,0.700000000,350.00000,False
53,01021,0001,07/21/2034 00:00:00,0.700000000,399.41013,False
53,01028,0001,07/22/2034 00:00:00,2.200000000,1650.00000,False
53,01041,0001,07/22/2034 00:00:00,1.000000000,620.00000,False
53,01045,0001,07/22/2034 00:00:00,4.000000000,421.69511,False
53,01058,0001,07/22/2034 00:00:00,1.000000000,1491.50561,False
53,01105,0001,07/22/2034 00:00:00,0.400000000,290.00000,False
53,01115,0001,07/21/2034 00:00:00,0.200000000,1200.00000,False
54,01023,0001,07/22/2034 00:00:00,1.000000000,5500.00000,False
54,01025,000,07/22/2034 00:00:00,1.000000000,4500.00000,False
54,01036,0001,07/22/2034 00:00:00,5.000000000,750.00000,False
54,01041,0001,07/22/2034 00:00:00,0.400000000,620.00000,False
54,01045,0001,07/22/2034 00:00:00,5.000000000,421.69511,False
54,01050,0001,07/22/2034 00:00:00,0.040000000,3036.10146,False
54,01058,0001,07/22/2034 00:00:00,0.400000000,1491.50561,False
55,01009,0001,07/21/2034 00:00:00,2.400000000,1650.00000,False
55,01010,0001,07/21/2034 00:00:00,1.280000000,2800.00000,False
55,01020,0001,07/22/2034 00:00:00,5.000000000,350.00000,False
55,01021,0001,07/21/2034 00:00:00,2.000000000,399.41013,False
55,01028,0001,07/22/2034 00:00:00,0.960000000,1650.00000,False
55,01041,0001,07/22/2034 00:00:00,0.800000000,620.00000,False
55,01045,0001,07/22/2034 00:00:00,3.200000000,421.69511,False
55,01058,0001,07/22/2034 00:00:00,0.640000000,1491.50561,False
55,01105,0001,07/22/2034 00:00:00,0.480000000,290.00000,False
55,01115,0001,07/21/2034 00:00:00,0.320000000,1200.00000,False
56,01007,0001,08/02/2034 00:00:00,0.800000000,35.00000,False
56,01009,0001,07/21/2034 00:00:00,3.200000000,1650.00000,False
56,01036,0001,07/22/2034 00:00:00,4.800000000,750.00000,False
56,01041,0001,07/22/2034 00:00:00,0.800000000,620.00000,False
56,01045,0001,07/22/2034 00:00:00,22.400000000,421.69511,False
56,01054,0001,07/22/2034 00:00:00,0.640000000,17258.38926,False
56,01055,0001,07/22/2034 00:00:00,0.640000000,1534.15256,False
56,01056,0001,07/22/2034 00:00:00,0.128000000,16500.00000,False
56,01057,0001,07/22/2034 00:00:00,0.240000000,14000.00000,False
56,01058,0001,07/22/2034 00:00:00,0.800000000,1491.50561,False
56,01060,0001,07/22/2034 00:00:00,0.080000000,950.00000,False
56,01143,0001,07/22/2034 00:00:00,0.640000000,3200.00000,False
57,01019,0001,07/23/2034 00:00:00,4.000000000,5000.00000,False
57,01031,0001,07/22/2034 00:00:00,5.000000000,6500.00000,False
57,01036,0001,07/22/2034 00:00:00,50.000000000,750.00000,False
57,01041,0001,07/22/2034 00:00:00,2.000000000,620.00000,False
57,01058,0001,07/22/2034 00:00:00,1.500000000,1491.50561,False
57,01075,0001,07/23/2034 00:00:00,4.700000000,6160.71429,False
57,01189,0001,07/22/2034 00:00:00,50.000000000,807.80303,False
57,01201,0001,07/22/2034 00:00:00,60.000000000,704.95924,False
58,01003,0001,07/21/2034 00:00:00,250.000000000,13.46106,False
59,01023,0001,07/22/2034 00:00:00,1.200000000,5500.00000,False
59,01025,000,07/22/2034 00:00:00,1.200000000,4500.00000,False
59,01028,0001,07/22/2034 00:00:00,0.600000000,1650.00000,False
59,01036,0001,07/22/2034 00:00:00,0.600000000,750.00000,False
59,01041,0001,07/22/2034 00:00:00,0.600000000,620.00000,False
59,01045,0001,07/22/2034 00:00:00,1.200000000,421.69511,False
59,01050,0001,07/22/2034 00:00:00,0.012000000,3036.10146,False
59,01058,0001,07/22/2034 00:00:00,0.480000000,1491.50561,False
60,01017,0001,07/22/2034 00:00:00,0.120000000,3309.28962,False
60,01019,0001,07/23/2034 00:00:00,0.240000000,5000.00000,False
60,01031,0001,07/22/2034 00:00:00,0.360000000,6500.00000,False
60,01036,0001,07/22/2034 00:00:00,1.200000000,750.00000,False
60,01041,0001,07/22/2034 00:00:00,0.096000000,620.00000,False
60,01045,0001,07/22/2034 00:00:00,1.200000000,421.69511,False
60,01058,0001,07/22/2034 00:00:00,0.096000000,1491.50561,False
60,01070,0001,08/03/2034 00:00:00,1.000000000,2270.00000,False
60,01189,0001,07/22/2034 00:00:00,1.920000000,807.80303,False
61,01010,0001,07/21/2034 00:00:00,0.672000000,2800.00000,False
61,01020,0001,07/22/2034 00:00:00,0.672000000,350.00000,False
61,01021,0001,07/21/2034 00:00:00,0.672000000,399.41013,False
61,01041,0001,07/22/2034 00:00:00,0.240000000,620.00000,False
61,01045,0001,07/22/2034 00:00:00,1.680000000,421.69511,False
61,01058,0001,07/22/2034 00:00:00,0.320000000,1491.50561,False
61,01105,0001,07/22/2034 00:00:00,0.672000000,290.00000,False
61,01184,0001,07/21/2034 00:00:00,4.000000000,366.68017,False
62,01010,0001,07/21/2034 00:00:00,0.800000000,2800.00000,False
62,01011,0001,07/21/2034 00:00:00,0.320000000,4456.98925,False
62,01012,0001,07/21/2034 00:00:00,0.064000000,4000.00000,False
62,01013,0001,07/21/2034 00:00:00,0.320000000,160.00000,False
62,01020,0001,07/22/2034 00:00:00,0.800000000,350.00000,False
62,01028,0001,07/22/2034 00:00:00,0.800000000,1650.00000,False
62,01036,0001,07/22/2034 00:00:00,1.600000000,750.00000,False
62,01041,0001,07/22/2034 00:00:00,0.800000000,620.00000,False
62,01045,0001,07/22/2034 00:00:00,1.600000000,421.69511,False
62,01058,0001,07/22/2034 00:00:00,0.800000000,1491.50561,False
62,01184,0001,07/21/2034 00:00:00,16.000000000,366.68017,False
63,01003,0001,07/21/2034 00:00:00,10.000000000,13.46106,False
63,01016,0001,07/21/2034 00:00:00,1000.000000000,10.00000,False
63,01044,0001,07/22/2034 00:00:00,50.000000000,130.53694,False
64,01003,0001,07/21/2034 00:00:00,500.000000000,13.46106,False
65,01009,0001,07/21/2034 00:00:00,0.125000000,1650.00000,False
65,01013,0001,07/21/2034 00:00:00,0.125000000,160.00000,False
65,01016,0001,07/21/2034 00:00:00,2000.000000000,10.00000,False
65,01034,0001,07/22/2034 00:00:00,2.500000000,380.00000,False
65,01043,0001,07/24/2034 00:00:00,500.000000000,13.75000,False
65,01050,0001,07/22/2034 00:00:00,3.750000000,3036.10146,False
65,01052,0001,07/22/2034 00:00:00,1.250000000,14500.00000,False
65,01056,0001,07/22/2034 00:00:00,1.000000000,16500.00000,False
65,01057,0001,07/22/2034 00:00:00,0.500000000,14000.00000,False
65,01060,0001,07/22/2034 00:00:00,10.000000000,950.00000,False
65,01072,0001,07/22/2034 00:00:00,1.000000000,9500.00000,False
65,01073,0001,07/29/2034 00:00:00,2.000000000,520.00000,False
65,01143,0001,07/22/2034 00:00:00,20.000000000,3200.00000,False
66,01023,0001,07/22/2034 00:00:00,1.200000000,5500.00000,False
66,01025,000,07/22/2034 00:00:00,1.200000000,4500.00000,False
66,01036,0001,07/22/2034 00:00:00,1.200000000,750.00000,False
66,01041,0001,07/22/2034 00:00:00,0.960000000,620.00000,False
66,01045,0001,07/22/2034 00:00:00,1.200000000,421.69511,False
66,01058,0001,07/22/2034 00:00:00,0.960000000,1491.50561,False
67,01009,0001,07/21/2034 00:00:00,0.009600000,1650.00000,False
67,01013,0001,07/21/2034 00:00:00,0.096000000,160.00000,False
67,01016,0001,07/21/2034 00:00:00,768.000000000,10.00000,False
67,01043,0001,07/24/2034 00:00:00,192.000000000,13.75000,False
67,01050,0001,07/22/2034 00:00:00,1.152000000,3036.10146,False
67,01143,0001,07/22/2034 00:00:00,1.000000000,3200.00000,False
68,01027,0001,07/21/2034 00:00:00,6.000000000,382.05128,False
68,01041,0001,07/22/2034 00:00:00,0.040000000,620.00000,False
68,01043,0001,07/24/2034 00:00:00,3.600000000,13.75000,False
68,01050,0001,07/22/2034 00:00:00,0.004000000,3036.10146,False
68,01058,0001,07/22/2034 00:00:00,0.200000000,1491.50561,False
68,01073,0001,07/29/2034 00:00:00,1.800000000,520.00000,False
69,01009,0001,07/21/2034 00:00:00,0.800000000,1650.00000,False
69,01010,0001,07/21/2034 00:00:00,3.200000000,2800.00000,False
69,01012,0001,07/21/2034 00:00:00,0.040000000,4000.00000,False
69,01020,0001,07/22/2034 00:00:00,5.000000000,350.00000,False
69,01021,0001,07/21/2034 00:00:00,1.400000000,399.41013,False
69,01028,0001,07/22/2034 00:00:00,4.400000000,1650.00000,False
69,01041,0001,07/22/2034 00:00:00,2.000000000,620.00000,False
69,01045,0001,07/22/2034 00:00:00,8.000000000,421.69511,False
69,01058,0001,07/22/2034 00:00:00,1.600000000,1491.50561,False
69,01105,0001,07/22/2034 00:00:00,0.800000000,290.00000,False
69,01184,0001,07/21/2034 00:00:00,40.000000000,366.68017,False
70,01004,0001,07/29/2034 00:00:00,1.200000000,400.00000,False
70,01036,0001,07/22/2034 00:00:00,1.200000000,750.00000,False
70,01041,0001,07/22/2034 00:00:00,0.480000000,620.00000,False
70,01043,0001,07/24/2034 00:00:00,0.600000000,13.75000,False
70,01045,0001,07/22/2034 00:00:00,1.200000000,421.69511,False
70,01050,0001,07/22/2034 00:00:00,0.003600000,3036.10146,False
70,01055,0001,07/22/2034 00:00:00,6.000000000,1542.39750,False
70,01058,0001,07/22/2034 00:00:00,0.480000000,1491.50561,False
70,01073,0001,07/29/2034 00:00:00,0.600000000,520.00000,False
71,01017,0001,07/22/2034 00:00:00,1.200000000,3309.28962,False
71,01031,0001,07/22/2034 00:00:00,2.500000000,6500.00000,False
71,01041,0001,07/22/2034 00:00:00,0.400000000,620.00000,False
71,01048,0001,07/22/2034 00:00:00,0.720000000,1500.00000,False
71,01058,0001,07/22/2034 00:00:00,0.960000000,1491.50561,False
72,01019,0001,07/23/2034 00:00:00,0.400000000,5000.00000,False
72,01022,0001,07/23/2034 00:00:00,0.300000000,4000.00000,False
72,01065,0001,07/23/2034 00:00:00,80.000000000,265.00000,False
72,01075,0001,07/23/2034 00:00:00,0.050000000,6160.71429,False
72,01189,0001,07/22/2034 00:00:00,16.000000000,807.80303,False
73,01012,0001,07/21/2034 00:00:00,0.020000000,4000.00000,False
73,01021,0001,07/21/2034 00:00:00,0.200000000,399.41013,False
73,01041,0001,07/22/2034 00:00:00,0.008000000,620.00000,False
73,01043,0001,07/24/2034 00:00:00,0.140000000,13.75000,False
73,01044,0001,07/22/2034 00:00:00,0.300000000,130.53694,False
73,01058,0001,07/22/2034 00:00:00,0.020000000,1491.50561,False
74,01023,0001,07/22/2034 00:00:00,0.670000000,5500.00000,False
74,01025,000,07/22/2034 00:00:00,0.670000000,4500.00000,False
74,01028,0001,07/22/2034 00:00:00,0.335000000,1650.00000,False
74,01036,0001,07/22/2034 00:00:00,0.335000000,750.00000,False
74,01041,0001,07/22/2034 00:00:00,0.335000000,620.00000,False
74,01045,0001,07/22/2034 00:00:00,0.670000000,421.69511,False
74,01050,0001,07/22/2034 00:00:00,0.006700000,3036.10146,False
74,01058,0001,07/22/2034 00:00:00,0.268000000,1491.50561,False
75,01003,0001,07/21/2034 00:00:00,100.000000000,13.46106,False
76,01016,0001,07/21/2034 00:00:00,1000.000000000,10.00000,False
76,01042,0001,07/22/2034 00:00:00,15.000000000,167.20014,False
76,01050,0001,07/22/2034 00:00:00,1.875000000,3036.10146,False
77,01009,0001,07/21/2034 00:00:00,0.002500000,1650.00000,False
77,01013,0001,07/21/2034 00:00:00,0.025000000,160.00000,False
77,01016,0001,07/21/2034 00:00:00,200.000000000,10.00000,False
77,01042,0001,07/22/2034 00:00:00,2.500000000,167.20014,False
77,01050,0001,07/22/2034 00:00:00,0.300000000,3036.10146,False
77,01054,0001,07/22/2034 00:00:00,0.025000000,17258.38926,False
77,01143,0001,07/22/2034 00:00:00,0.125000000,3200.00000,False
78,01004,0001,07/29/2034 00:00:00,0.050000000,400.00000,False
78,01047,0001,08/02/2034 00:00:00,25.000000000,80.00000,False
78,01055,0001,07/22/2034 00:00:00,0.625000000,1542.39750,False
78,01073,0001,07/29/2034 00:00:00,0.075000000,520.00000,False
78,01105,0001,07/22/2034 00:00:00,0.050000000,290.00000,False
79,01013,0001,07/21/2034 00:00:00,1.200000000,160.00000,False
79,01022,0001,07/23/2034 00:00:00,0.001280000,4000.00000,False
79,01038,0001,07/22/2034 00:00:00,1.200000000,650.00000,False
79,01043,0001,07/24/2034 00:00:00,0.400000000,13.75000,False
79,01048,0001,07/22/2034 00:00:00,0.320000000,1500.00000,False
79,01056,0001,07/22/2034 00:00:00,0.032000000,16500.00000,False
79,01058,0001,07/22/2034 00:00:00,0.400000000,1491.50561,False
79,01060,0001,07/22/2034 00:00:00,0.080000000,950.00000,False
80,01003,0001,07/21/2034 00:00:00,2.500000000,13.46106,False
80,01016,0001,07/21/2034 00:00:00,250.000000000,10.00000,False
80,01044,0001,07/22/2034 00:00:00,7.000000000,130.53694,False
81,01016,0001,07/21/2034 00:00:00,400.000000000,10.00000,False
81,01042,0001,07/22/2034 00:00:00,6.000000000,167.20014,False
81,01050,0001,07/22/2034 00:00:00,0.750000000,3036.10146,False
82,01023,0001,07/22/2034 00:00:00,0.340000000,5500.00000,False
82,01025,000,07/22/2034 00:00:00,0.340000000,4500.00000,False
82,01028,0001,07/22/2034 00:00:00,0.170000000,1650.00000,False
82,01036,0001,07/22/2034 00:00:00,0.170000000,750.00000,False
82,01041,0001,07/22/2034 00:00:00,0.170000000,649.76072,False
82,01045,0001,07/22/2034 00:00:00,0.340000000,421.69511,False
82,01050,0001,07/22/2034 00:00:00,0.003400000,3036.10146,False
82,01058,0001,07/22/2034 00:00:00,0.136000000,1468.44181,False
83,01003,0001,07/21/2034 00:00:00,200.000000000,13.46106,False
83,01015,0001,08/02/2034 00:00:00,2000.000000000,17.00000,False
83,01016,0001,07/21/2034 00:00:00,500.000000000,10.00000,False
83,01044,0001,07/22/2034 00:00:00,80.000000000,128.25244,False
84,01031,0001,07/22/2034 00:00:00,2.400000000,6500.00000,False
84,01041,0001,07/22/2034 00:00:00,2.000000000,649.76072,False
84,01048,0001,07/22/2034 00:00:00,2.000000000,1500.00000,False
84,01058,0001,07/22/2034 00:00:00,2.000000000,1468.44181,False
85,01017,0001,07/22/2034 00:00:00,3.000000000,3309.28962,False
85,01031,0001,07/22/2034 00:00:00,2.800000000,6500.00000,False
85,01041,0001,07/22/2034 00:00:00,1.000000000,649.76072,False
85,01048,0001,07/22/2034 00:00:00,1.000000000,1500.00000,False
85,01058,0001,07/22/2034 00:00:00,1.400000000,1468.44181,False
86,01041,0001,07/22/2034 00:00:00,1.440000000,649.76072,False
86,01047,0001,08/06/2034 00:00:00,360.000000000,68.00000,False
86,01050,0001,07/22/2034 00:00:00,0.360000000,3036.10146,False
86,01055,0001,07/22/2034 00:00:00,18.000000000,1545.25872,False
86,01073,0001,07/29/2034 00:00:00,0.720000000,520.00000,False
86,01105,0001,07/22/2034 00:00:00,0.720000000,398.30445,False
87,01002,0001,07/21/2034 00:00:00,30.000000000,242.01681,False
87,01004,0001,07/29/2034 00:00:00,0.300000000,400.00000,False
87,01041,0001,07/22/2034 00:00:00,0.750000000,649.76072,False
87,01047,0001,08/06/2034 00:00:00,140.000000000,68.00000,False
87,01055,0001,07/22/2034 00:00:00,1.500000000,1545.25872,False
87,01105,0001,07/22/2034 00:00:00,0.450000000,398.30445,False
88,01003,0001,07/21/2034 00:00:00,500.000000000,13.46106,False
88,01115,0001,07/21/2034 00:00:00,5.000000000,1200.00000,False
88,01187,0001,07/22/2034 00:00:00,5.000000000,200.00000,False
89,01009,0001,07/21/2034 00:00:00,10.000000000,2063.65933,False
89,01021,0001,07/21/2034 00:00:00,1.500000000,399.62005,False
89,01028,0001,07/22/2034 00:00:00,1.500000000,1650.00000,False
89,01036,0001,07/22/2034 00:00:00,2.500000000,750.00000,False
89,01041,0001,07/22/2034 00:00:00,0.400000000,649.76072,False
89,01045,0001,07/22/2034 00:00:00,2.500000000,421.69511,False
89,01058,0001,07/22/2034 00:00:00,0.400000000,1468.44181,False
90,01015,0001,08/02/2034 00:00:00,50.000000000,17.00000,False
91,01003,0001,07/21/2034 00:00:00,50.000000000,13.46106,False
91,01007,0001,08/02/2034 00:00:00,5.000000000,35.00000,False
91,01033,0001,08/02/2034 00:00:00,5.000000000,50.00000,False
92,01017,0001,07/22/2034 00:00:00,0.500000000,3309.28962,False
92,01031,0001,07/22/2034 00:00:00,2.000000000,6500.00000,False
92,01036,0001,07/22/2034 00:00:00,10.000000000,750.00000,False
92,01041,0001,07/22/2034 00:00:00,0.500000000,649.76072,False
92,01045,0001,07/22/2034 00:00:00,10.000000000,421.69511,False
92,01058,0001,07/22/2034 00:00:00,0.500000000,1468.44181,False
93,01028,0001,07/22/2034 00:00:00,3.520000000,1650.00000,False
93,01036,0001,07/22/2034 00:00:00,3.740000000,750.00000,False
93,01041,0001,07/22/2034 00:00:00,0.500000000,649.76072,False
93,01050,0001,07/22/2034 00:00:00,0.035200000,3036.10146,False
93,01052,0001,07/22/2034 00:00:00,0.037400000,14500.00000,False
93,01055,0001,07/22/2034 00:00:00,0.902000000,1545.25872,False
93,01056,0001,07/22/2034 00:00:00,0.037400000,16500.00000,False
93,01058,0001,07/22/2034 00:00:00,1.100000000,1468.44181,False
94,01009,0001,07/21/2034 00:00:00,0.840000000,2063.65933,False
94,01013,0001,07/21/2034 00:00:00,4.000000000,160.00000,False
94,01034,0001,07/22/2034 00:00:00,8.000000000,513.15579,False
94,01038,0001,07/22/2034 00:00:00,25.000000000,650.00000,False
94,01045,0001,07/22/2034 00:00:00,10.000000000,421.69511,False
94,01052,0001,07/22/2034 00:00:00,0.210000000,14500.00000,False
94,01056,0001,07/22/2034 00:00:00,0.315000000,16500.00000,False
94,01058,0001,07/22/2034 00:00:00,1.680000000,1468.44181,False
94,01060,0001,07/22/2034 00:00:00,2.100000000,950.00000,False
95,01017,0001,07/22/2034 00:00:00,1.540000000,3309.28962,False
95,01031,0001,07/22/2034 00:00:00,2.200000000,6500.00000,False
95,01041,0001,07/22/2034 00:00:00,0.880000000,649.76072,False
95,01045,0001,07/22/2034 00:00:00,6.600000000,421.69511,False
95,01048,0001,07/22/2034 00:00:00,0.660000000,1500.00000,False
95,01058,0001,07/22/2034 00:00:00,0.880000000,1468.44181,False
96,01004,0001,07/29/2034 00:00:00,30.000000000,400.00000,False
96,01009,0001,07/21/2034 00:00:00,64.000000000,2063.65933,False
96,01028,0001,07/22/2034 00:00:00,22.000000000,1650.00000,False
96,01041,0001,07/22/2034 00:00:00,1.500000000,649.76072,False
96,01045,0001,07/22/2034 00:00:00,32.000000000,421.69511,False
96,01058,0001,07/22/2034 00:00:00,4.800000000,1468.44181,False
97,01009,0001,07/21/2034 00:00:00,0.340000000,2063.65933,False
97,01010,0001,07/21/2034 00:00:00,0.168000000,2800.00000,False
97,01020,0001,07/22/2034 00:00:00,0.168000000,350.00000,False
97,01021,0001,07/21/2034 00:00:00,0.168000000,399.62005,False
97,01028,0001,07/22/2034 00:00:00,0.168000000,1650.00000,False
97,01041,0001,07/22/2034 00:00:00,0.060000000,649.76072,False
97,01045,0001,07/22/2034 00:00:00,0.420000000,421.69511,False
97,01058,0001,07/22/2034 00:00:00,0.080000000,1468.44181,False
97,01105,0001,07/22/2034 00:00:00,0.168000000,398.30445,False
97,01115,0001,07/21/2034 00:00:00,0.340000000,1200.00000,False
97,01184,0001,07/21/2034 00:00:00,1.000000000,366.68017,False
98,01009,0001,07/21/2034 00:00:00,9.860000000,2063.65933,False
98,01010,0001,07/21/2034 00:00:00,5.500000000,2800.00000,False
98,01020,0001,07/22/2034 00:00:00,10.000000000,350.00000,False
98,01021,0001,07/21/2034 00:00:00,8.000000000,399.62005,False
98,01028,0001,07/22/2034 00:00:00,7.000000000,1650.00000,False
98,01041,0001,07/22/2034 00:00:00,1.740000000,649.76072,False
98,01045,0001,07/22/2034 00:00:00,20.000000000,421.69511,False
98,01058,0001,07/22/2034 00:00:00,2.320000000,1468.44181,False
98,01105,0001,07/22/2034 00:00:00,4.872000000,398.30445,False
98,01115,0001,07/21/2034 00:00:00,9.860000000,1200.00000,False
98,01184,0001,07/21/2034 00:00:00,35.000000000,366.66957,False
99,01050,0001,07/22/2034 00:00:00,0.044250000,3036.10146,False
99,01055,0001,07/22/2034 00:00:00,3.687500000,1545.25872,False
99,01056,0001,07/22/2034 00:00:00,0.800000000,18697.38365,False
99,01058,0001,07/22/2034 00:00:00,1.475000000,1468.44181,False
99,01060,0001,07/22/2034 00:00:00,1.475000000,950.00000,False
100,01023,0001,07/22/2034 00:00:00,7.000000000,7043.77043,False
100,01025,000,07/22/2034 00:00:00,1.030000000,4500.00000,False
100,01025,0001,08/12/2034 00:00:00,5.970000000,7200.00000,False
100,01041,0001,07/22/2034 00:00:00,3.280000000,649.76072,False
100,01045,0001,07/22/2034 00:00:00,10.000000000,421.69511,False
100,01050,0001,07/22/2034 00:00:00,0.164000000,3036.10146,False
100,01058,0001,07/22/2034 00:00:00,3.280000000,1468.44181,False
101,01009,0001,07/21/2034 00:00:00,7.980000000,2063.65933,False
101,01045,0001,07/22/2034 00:00:00,42.000000000,421.69511,False
101,01052,0001,07/22/2034 00:00:00,0.099000000,14500.00000,False
101,01053,0001,07/22/2034 00:00:00,0.510000000,17499.52012,False
101,01054,0001,07/22/2034 00:00:00,1.020000000,17499.10934,False
101,01055,0001,07/22/2034 00:00:00,1.020000000,1545.25872,False
101,01056,0001,07/22/2034 00:00:00,0.252000000,18697.38365,False
101,01057,0001,07/22/2034 00:00:00,0.510000000,14000.00000,False
101,01058,0001,07/22/2034 00:00:00,1.200000000,1468.44181,False
101,01060,0001,07/22/2034 00:00:00,0.099000000,950.00000,False
101,01143,0001,07/22/2034 00:00:00,1.020000000,3200.00000,False
102,01004,0001,07/29/2034 00:00:00,4.000000000,400.00000,False
102,01041,0001,07/22/2034 00:00:00,4.000000000,649.76072,False
102,01043,0001,07/24/2034 00:00:00,2.000000000,13.75000,False
102,01045,0001,07/22/2034 00:00:00,10.000000000,421.69511,False
102,01050,0001,07/22/2034 00:00:00,0.012000000,3036.10146,False
102,01055,0001,07/22/2034 00:00:00,20.000000000,1545.25872,False
102,01058,0001,07/22/2034 00:00:00,1.600000000,1468.44181,False
102,01073,0001,07/29/2034 00:00:00,2.000000000,520.00000,False
103,01009,0001,07/21/2034 00:00:00,1.600000000,2063.65933,False
103,01010,0001,07/21/2034 00:00:00,6.400000000,2800.00000,False
103,01012,0001,07/21/2034 00:00:00,0.320000000,4000.00000,False
103,01020,0001,07/22/2034 00:00:00,4.000000000,350.00000,False
103,01021,0001,07/21/2034 00:00:00,4.000000000,399.62005,False
103,01028,0001,07/22/2034 00:00:00,8.000000000,1650.00000,False
103,01041,0001,07/22/2034 00:00:00,3.200000000,649.76072,False
103,01045,0001,07/22/2034 00:00:00,40.000000000,421.69511,False
103,01058,0001,07/22/2034 00:00:00,3.200000000,1468.44181,False
103,01105,0001,07/22/2034 00:00:00,1.600000000,398.30445,False
103,01184,0001,07/21/2034 00:00:00,80.000000000,366.66957,False
104,01010,0001,07/21/2034 00:00:00,3.864000000,2800.00000,False
104,01020,0001,07/22/2034 00:00:00,3.864000000,350.00000,False
104,01021,0001,07/21/2034 00:00:00,3.864000000,399.62005,False
104,01041,0001,07/22/2034 00:00:00,1.380000000,649.76072,False
104,01045,0001,07/22/2034 00:00:00,9.660000000,421.69511,False
104,01058,0001,07/22/2034 00:00:00,1.840000000,1468.44181,False
104,01105,0001,07/22/2034 00:00:00,3.864000000,398.30445,False
104,01184,0001,07/21/2034 00:00:00,10.000000000,366.66957,False
105,01009,0001,07/21/2034 00:00:00,0.800000000,2063.65933,False
105,01013,0001,07/21/2034 00:00:00,5.000000000,208.59512,False
105,01028,0001,07/22/2034 00:00:00,0.002000000,1650.00000,False
105,01034,0001,07/22/2034 00:00:00,2.000000000,513.15579,False
105,01038,0001,07/22/2034 00:00:00,10.000000000,650.00000,False
105,01041,0001,07/22/2034 00:00:00,1.000000000,649.76072,False
105,01045,0001,07/22/2034 00:00:00,5.000000000,421.69511,False
105,01056,0001,07/22/2034 00:00:00,0.300000000,18697.38365,False
105,01058,0001,07/22/2034 00:00:00,1.000000000,1468.44181,False
105,01060,0001,07/22/2034 00:00:00,2.000000000,950.00000,False
105,01189,0001,07/22/2034 00:00:00,8.000000000,807.80303,False
106,01009,0001,07/21/2034 00:00:00,0.240000000,2063.65933,False
106,01012,0001,07/21/2034 00:00:00,0.008000000,4000.00000,False
106,01020,0001,07/22/2034 00:00:00,8.000000000,350.00000,False
106,01028,0001,07/22/2034 00:00:00,1.200000000,1650.00000,False
106,01041,0001,07/22/2034 00:00:00,0.320000000,649.76072,False
106,01043,0001,07/24/2034 00:00:00,0.240000000,13.75000,False
106,01045,0001,07/22/2034 00:00:00,1.200000000,421.69511,False
107,01041,0001,07/22/2034 00:00:00,0.180000000,649.76072,False
107,01052,0001,07/22/2034 00:00:00,0.018000000,14500.00000,False
107,01055,0001,07/22/2034 00:00:00,1.800000000,1545.25872,False
107,01058,0001,07/22/2034 00:00:00,0.120000000,1468.44181,False
108,01013,0001,07/21/2034 00:00:00,0.900000000,208.59512,False
108,01022,0001,07/23/2034 00:00:00,0.000960000,4000.00000,False
108,01038,0001,07/22/2034 00:00:00,15.000000000,650.00000,False
108,01043,0001,07/24/2034 00:00:00,0.300000000,13.75000,False
108,01056,0001,07/22/2034 00:00:00,0.024000000,18697.38365,False
108,01058,0001,07/22/2034 00:00:00,0.300000000,1468.44181,False
108,01060,0001,07/22/2034 00:00:00,0.060000000,950.00000,False
109,01004,0001,07/29/2034 00:00:00,2.080000000,400.00000,False
109,01044,0001,07/22/2034 00:00:00,2.080000000,128.25244,False
109,01045,0001,07/22/2034 00:00:00,2.080000000,421.69511,False
109,01050,0001,07/22/2034 00:00:00,0.006400000,3036.10146,False
109,01055,0001,07/22/2034 00:00:00,8.000000000,1545.25872,False
109,01058,0001,07/22/2034 00:00:00,1.000000000,1468.44181,False
110,01010,0001,07/21/2034 00:00:00,2.700000000,2800.00000,False
110,01012,0001,07/21/2034 00:00:00,0.018000000,4000.00000,False
110,01034,0001,07/22/2034 00:00:00,4.500000000,513.15579,False
110,01041,0001,07/22/2034 00:00:00,0.720000000,649.76072,False
110,01045,0001,07/22/2034 00:00:00,9.000000000,421.69511,False
110,01058,0001,07/22/2034 00:00:00,0.720000000,1468.44181,False
110,01184,0001,07/21/2034 00:00:00,10.800000000,366.66957,False
111,01004,0001,07/29/2034 00:00:00,0.500000000,400.00000,False
111,01010,0001,07/21/2034 00:00:00,5.000000000,2800.00000,False
111,01011,0001,07/21/2034 00:00:00,10.000000000,4827.19531,False
111,01012,0001,07/21/2034 00:00:00,0.150000000,4000.00000,False
111,01020,0001,07/22/2034 00:00:00,5.000000000,350.00000,False
111,01021,0001,07/21/2034 00:00:00,5.000000000,399.62005,False
111,01046,0001,07/22/2034 00:00:00,7.500000000,13130.72776,False
111,01058,0001,07/22/2034 00:00:00,2.000000000,1468.44181,False
111,01184,0001,07/21/2034 00:00:00,10.000000000,366.66957,False
112,01003,0001,07/21/2034 00:00:00,275.000000000,13.46106,False
113,01190,0001,08/12/2034 00:00:00,5100.000000000,11.50000,False
114,01190,0001,08/12/2034 00:00:00,5050.000000000,11.50000,False
115,01015,0001,08/02/2034 00:00:00,1800.000000000,17.00000,False
116,01009,0001,07/21/2034 00:00:00,0.005500000,2063.65933,False
116,01013,0001,07/21/2034 00:00:00,0.055000000,208.59512,False
116,01016,0001,07/21/2034 00:00:00,440.000000000,10.00000,False
116,01042,0001,07/22/2034 00:00:00,5.500000000,167.20014,False
116,01050,0001,07/22/2034 00:00:00,0.660000000,3036.10146,False
116,01052,0001,07/22/2034 00:00:00,0.055000000,14500.00000,False
116,01053,0001,07/22/2034 00:00:00,0.055000000,17499.52012,False
116,01054,0001,07/22/2034 00:00:00,0.055000000,17499.10934,False
116,01143,0001,07/22/2034 00:00:00,0.275000000,3200.00000,False
117,01009,0001,07/21/2034 00:00:00,0.001250000,2063.65933,False
117,01013,0001,07/21/2034 00:00:00,0.012500000,208.59512,False
117,01016,0001,07/21/2034 00:00:00,100.000000000,10.00000,False
117,01042,0001,07/22/2034 00:00:00,1.250000000,167.20014,False
117,01043,0001,07/24/2034 00:00:00,17.000000000,13.75000,False
117,01050,0001,07/22/2034 00:00:00,0.150000000,3036.10146,False
117,01053,0001,07/22/2034 00:00:00,0.012500000,17499.52012,False
117,01054,0001,07/22/2034 00:00:00,0.012500000,17499.10934,False
117,01143,0001,07/22/2034 00:00:00,0.062500000,3200.00000,False
118,01009,0001,07/21/2034 00:00:00,1.800000000,2063.65933,False
118,01020,0001,07/22/2034 00:00:00,60.000000000,350.00000,False
118,01021,0001,07/21/2034 00:00:00,15.000000000,399.62005,False
118,01060,0001,07/22/2034 00:00:00,0.600000000,950.00000,False
119,01020,0001,07/22/2034 00:00:00,20.000000000,350.00000,False
119,01021,0001,07/21/2034 00:00:00,10.000000000,399.62005,False
119,01028,0001,07/22/2034 00:00:00,10.000000000,1650.00000,False
119,01038,0001,07/22/2034 00:00:00,15.000000000,650.00000,False
119,01045,0001,07/22/2034 00:00:00,40.000000000,421.69511,False
119,01058,0001,07/22/2034 00:00:00,5.780000000,1468.44181,False
120,01017,0001,07/22/2034 00:00:00,0.210000000,3370.67997,False
120,01031,0001,07/22/2034 00:00:00,0.300000000,6500.00000,False
120,01036,0001,07/22/2034 00:00:00,0.030000000,750.00000,False
120,01041,0001,07/22/2034 00:00:00,0.120000000,649.76072,False
120,01045,0001,07/22/2034 00:00:00,0.900000000,421.69511,False
120,01048,0001,07/22/2034 00:00:00,0.090000000,1500.00000,False
120,01058,0001,07/22/2034 00:00:00,0.120000000,1468.44181,False
121,01045,0001,07/22/2034 00:00:00,55.000000000,421.69511,False
121,01058,0001,07/22/2034 00:00:00,0.440000000,1468.44181,False
121,01072,0001,07/22/2034 00:00:00,3.080000000,9500.00000,False
121,01189,0001,07/22/2034 00:00:00,80.000000000,807.80303,False
121,01201,0001,07/22/2034 00:00:00,9.000000000,704.95924,False
122,01009,0001,07/21/2034 00:00:00,15.000000000,2063.65933,False
122,01020,0001,07/22/2034 00:00:00,500.000000000,350.00000,False
122,01021,0001,07/21/2034 00:00:00,25.000000000,399.62005,False
122,01028,0001,07/22/2034 00:00:00,5.000000000,1650.00000,False
122,01034,0001,07/22/2034 00:00:00,5.000000000,513.15579,False
122,01060,0001,07/22/2034 00:00:00,0.500000000,950.00000,False
123,01009,0001,07/21/2034 00:00:00,4.050000000,2063.65933,False
123,01020,0001,07/22/2034 00:00:00,250.000000000,350.00000,False
123,01021,0001,07/21/2034 00:00:00,4.000000000,399.62005,False
123,01028,0001,07/22/2034 00:00:00,1.000000000,1650.00000,False
123,01038,0001,07/22/2034 00:00:00,8.000000000,650.00000,False
123,01186,0001,08/12/2034 00:00:00,60.000000000,36.66667,False
123,01187,0001,07/22/2034 00:00:00,4.050000000,200.00000,False
124,01003,0001,07/21/2034 00:00:00,250.000000000,13.46106,False
125,01009,0001,07/21/2034 00:00:00,3.900000000,2063.65933,False
125,01010,0001,07/21/2034 00:00:00,2.080000000,2800.00000,False
125,01020,0001,07/22/2034 00:00:00,2.080000000,350.00000,False
125,01021,0001,07/21/2034 00:00:00,1.300000000,399.62005,False
125,01028,0001,07/22/2034 00:00:00,1.560000000,1650.00000,False
125,01045,0001,07/22/2034 00:00:00,5.200000000,421.69511,False
125,01058,0001,07/22/2034 00:00:00,1.040000000,1468.44181,False
125,01105,0001,07/22/2034 00:00:00,0.780000000,398.30445,False
125,01115,0001,07/21/2034 00:00:00,0.520000000,1200.00000,False
125,01184,0001,07/21/2034 00:00:00,4.000000000,366.66957,False
126,01009,0001,07/21/2034 00:00:00,0.520000000,2063.65933,False
126,01010,0001,07/21/2034 00:00:00,2.080000000,2800.00000,False
126,01012,0001,07/21/2034 00:00:00,0.010400000,4000.00000,False
126,01020,0001,07/22/2034 00:00:00,0.910000000,350.00000,False
126,01021,0001,07/21/2034 00:00:00,0.910000000,399.62005,False
126,01045,0001,07/22/2034 00:00:00,5.200000000,421.69511,False
126,01058,0001,07/22/2034 00:00:00,1.300000000,1468.44181,False
126,01105,0001,07/22/2034 00:00:00,0.520000000,398.30445,False
126,01115,0001,07/21/2034 00:00:00,0.260000000,1200.00000,False
127,01009,0001,07/21/2034 00:00:00,0.200000000,2063.65933,False
127,01013,0001,07/21/2034 00:00:00,0.400000000,208.59512,False
127,01034,0001,07/22/2034 00:00:00,0.300000000,513.15579,False
127,01045,0001,07/22/2034 00:00:00,1.500000000,421.69511,False
127,01058,0001,07/22/2034 00:00:00,0.400000000,1468.44181,False
128,01023,0001,07/22/2034 00:00:00,0.500000000,7043.77043,False
128,01025,0001,08/12/2034 00:00:00,0.500000000,7200.00000,False
128,01028,0001,07/22/2034 00:00:00,1.250000000,1650.00000,False
128,01038,0001,07/22/2034 00:00:00,1.000000000,650.00000,False
128,01045,0001,07/22/2034 00:00:00,12.500000000,421.69511,False
128,01058,0001,07/22/2034 00:00:00,0.500000000,1468.44181,False
129,01002,0001,07/21/2034 00:00:00,35.000000000,217.35906,False
129,01004,0001,07/29/2034 00:00:00,0.300000000,400.00000,False
129,01047,0001,08/12/2028 00:00:00,135.000000000,80.00000,False
129,01055,0001,07/22/2034 00:00:00,1.500000000,1545.25872,False
129,01105,0001,07/22/2034 00:00:00,0.450000000,398.30445,False
130,01010,0001,07/21/2034 00:00:00,0.240000000,2800.00000,False
130,01034,0001,07/22/2034 00:00:00,0.600000000,513.15579,False
130,01055,0001,07/22/2034 00:00:00,0.600000000,1545.25872,False
130,01058,0001,07/22/2034 00:00:00,1.200000000,1468.44181,False
130,01073,0001,07/29/2034 00:00:00,0.600000000,520.00000,False
130,01105,0001,07/22/2034 00:00:00,0.600000000,398.30445,False
131,01012,0001,07/21/2034 00:00:00,0.020000000,4000.00000,False
131,01021,0001,07/21/2034 00:00:00,0.200000000,399.62005,False
131,01041,0001,07/22/2034 00:00:00,0.008000000,649.76072,False
131,01044,0001,07/22/2034 00:00:00,0.300000000,128.25244,False
131,01058,0001,07/22/2034 00:00:00,0.020000000,1468.44181,False
132,01013,0001,07/21/2034 00:00:00,0.900000000,208.59512,False
132,01022,0001,07/23/2034 00:00:00,0.000960000,4000.00000,False
132,01038,0001,07/22/2034 00:00:00,0.900000000,650.00000,False
132,01048,0001,07/22/2034 00:00:00,0.240000000,1500.00000,False
132,01056,0001,07/22/2034 00:00:00,0.024000000,18697.38365,False
132,01058,0001,07/22/2034 00:00:00,0.300000000,1468.44181,False
132,01060,0001,07/22/2034 00:00:00,0.060000000,950.00000,False
133,01003,0001,07/21/2034 00:00:00,2550.000000000,13.21900,False
134,01190,0001,08/12/2034 00:00:00,1300.000000000,11.50000,False
135,01003,0001,07/21/2034 00:00:00,50.000000000,13.21900,False
135,01007,0001,08/02/2034 00:00:00,7.000000000,35.00000,False
135,01033,0001,08/02/2034 00:00:00,5.000000000,50.00000,False
136,01002,0001,07/21/2034 00:00:00,20.000000000,265.39659,False
136,01034,0001,07/22/2034 00:00:00,3.000000000,513.15579,False
136,01044,0001,07/22/2034 00:00:00,3.000000000,128.25244,False
136,01045,0001,07/22/2034 00:00:00,6.000000000,421.69511,False
136,01055,0001,07/22/2034 00:00:00,3.000000000,1545.25872,False
136,01073,0001,07/29/2034 00:00:00,0.120000000,520.00000,False
137,01009,0001,07/21/2034 00:00:00,0.150000000,2063.65933,False
137,01013,0001,07/21/2034 00:00:00,2.500000000,208.59512,False
137,01038,0001,07/22/2034 00:00:00,15.000000000,650.00000,False
137,01056,0001,07/22/2034 00:00:00,0.050000000,18697.38365,False
137,01060,0001,07/22/2034 00:00:00,0.500000000,950.00000,False
137,01104,0001,07/22/2034 00:00:00,0.300000000,1100.00000,False
138,01009,0001,07/21/2034 00:00:00,5.000000000,2063.65933,False
138,01045,0001,07/22/2034 00:00:00,10.000000000,421.69511,False
138,01058,0001,07/22/2034 00:00:00,0.560000000,1468.44181,False
139,01009,0001,07/21/2034 00:00:00,1.500000000,2063.65933,False
139,01020,0001,07/22/2034 00:00:00,25.000000000,350.00000,False
139,01021,0001,07/21/2034 00:00:00,3.000000000,399.62005,False
139,01060,0001,07/22/2034 00:00:00,0.500000000,950.00000,False
140,01003,0001,07/21/2034 00:00:00,650.000000000,13.21900,False
141,01190,0001,08/12/2034 00:00:00,10100.000000000,11.50000,False
142,01015,0001,08/02/2034 00:00:00,2550.000000000,17.00000,False
143,01003,0001,07/21/2034 00:00:00,100.000000000,13.21900,False
143,01015,0001,08/02/2034 00:00:00,2750.000000000,17.00000,False
143,01016,0001,07/21/2034 00:00:00,1000.000000000,10.00000,False
143,01044,0001,07/22/2034 00:00:00,187.500000000,128.02872,False
144,01002,0001,07/21/2034 00:00:00,22.500000000,275.10630,False
144,01004,0001,07/29/2034 00:00:00,10.000000000,400.00000,False
144,01041,0001,07/22/2034 00:00:00,1.125000000,649.99949,False
144,01047,0001,08/12/2028 00:00:00,200.000000000,68.83721,False
144,01055,0001,07/22/2034 00:00:00,2.250000000,1545.25872,False
144,01105,0001,07/22/2034 00:00:00,5.000000000,414.58858,False
145,01019,0001,07/23/2034 00:00:00,2.600000000,5000.00000,False
145,01031,0001,07/22/2034 00:00:00,2.600000000,6500.00000,False
145,01041,0001,07/22/2034 00:00:00,1.040000000,649.99949,False
145,01058,0001,07/22/2034 00:00:00,0.780000000,1450.21796,False
145,01075,0001,07/23/2034 00:00:00,2.600000000,4524.54258,False
145,01189,0001,07/22/2034 00:00:00,30.000000000,717.02456,False
145,01201,0001,09/04/2034 00:00:00,30.000000000,750.00000,False
146,01007,0001,08/02/2034 00:00:00,1.200000000,35.00000,False
146,01009,0001,07/21/2034 00:00:00,4.800000000,2176.62549,False
146,01041,0001,07/22/2034 00:00:00,1.200000000,649.99949,False
146,01045,0001,07/22/2034 00:00:00,33.600000000,421.69511,False
146,01053,0001,07/22/2034 00:00:00,0.360000000,17499.52012,False
146,01054,0001,07/22/2034 00:00:00,0.960000000,17499.10934,False
146,01055,0001,07/22/2034 00:00:00,0.960000000,1545.25872,False
146,01056,0001,07/22/2034 00:00:00,0.192000000,18697.38365,False
146,01057,0001,07/22/2034 00:00:00,0.360000000,14000.00000,False
146,01058,0001,07/22/2034 00:00:00,1.200000000,1450.21796,False
146,01060,0001,07/22/2034 00:00:00,0.120000000,950.00000,False
146,01143,0001,07/22/2034 00:00:00,0.960000000,3200.00000,False
147,01009,0001,07/21/2034 00:00:00,3.300000000,2176.62549,False
147,01010,0001,07/21/2034 00:00:00,1.760000000,2800.00000,False
147,01020,0001,07/22/2034 00:00:00,1.760000000,350.00000,False
147,01021,0001,07/21/2034 00:00:00,1.100000000,399.62005,False
147,01028,0001,07/22/2034 00:00:00,1.320000000,1650.00000,False
147,01041,0001,07/22/2034 00:00:00,1.100000000,649.99949,False
147,01045,0001,07/22/2034 00:00:00,4.400000000,421.69511,False
147,01058,0001,07/22/2034 00:00:00,0.880000000,1450.21796,False
147,01105,0001,07/22/2034 00:00:00,0.660000000,414.58858,False
147,01115,0001,07/21/2034 00:00:00,0.440000000,1200.00000,False
148,01023,0001,07/22/2034 00:00:00,1.000000000,7043.77043,False
148,01025,0001,08/12/2034 00:00:00,1.000000000,7200.00000,False
148,01041,0001,07/22/2034 00:00:00,0.400000000,649.99949,False
148,01045,0001,07/22/2034 00:00:00,5.000000000,421.69511,False
148,01050,0001,07/22/2034 00:00:00,0.040000000,3036.10146,False
148,01058,0001,07/22/2034 00:00:00,0.400000000,1450.21796,False
149,01004,0001,07/29/2034 00:00:00,3.750000000,400.00000,False
149,01009,0001,07/21/2034 00:00:00,1.000000000,2176.62549,False
149,01020,0001,07/22/2034 00:00:00,20.000000000,350.00000,False
149,01041,0001,07/22/2034 00:00:00,1.000000000,649.99949,False
149,01060,0001,07/22/2034 00:00:00,0.250000000,950.00000,False
150,01023,0001,07/22/2034 00:00:00,1.000000000,7043.77043,False
150,01025,0001,08/12/2034 00:00:00,1.000000000,7200.00000,False
150,01028,0001,07/22/2034 00:00:00,2.500000000,1650.00000,False
150,01038,0001,07/22/2034 00:00:00,2.000000000,650.00000,False
150,01041,0001,07/22/2034 00:00:00,1.000000000,649.99949,False
150,01045,0001,07/22/2034 00:00:00,25.000000000,421.69511,False
150,01058,0001,07/22/2034 00:00:00,1.000000000,1450.21796,False
151,01005,0001,07/21/2034 00:00:00,0.500000000,1500.00000,False
151,01017,0001,07/22/2034 00:00:00,2.500000000,3370.67997,False
151,01031,0001,07/22/2034 00:00:00,5.000000000,6500.00000,False
151,01041,0001,07/22/2034 00:00:00,1.000000000,649.99949,False
151,01048,0001,07/22/2034 00:00:00,1.000000000,1500.00000,False
151,01058,0001,07/22/2034 00:00:00,2.000000000,1450.21796,False
151,01185,0001,09/04/2034 00:00:00,30.000000000,283.33333,False
152,01016,0001,07/21/2034 00:00:00,700.000000000,10.00000,False
152,01042,0001,07/22/2034 00:00:00,10.200000000,167.20014,False
152,01043,0001,08/24/2034 00:00:00,170.000000000,13.75000,False
152,01050,0001,07/22/2034 00:00:00,1.275000000,3036.10146,False
153,01009,0001,07/21/2034 00:00:00,0.004750000,2176.62549,False
153,01013,0001,07/21/2034 00:00:00,0.047500000,208.59512,False
153,01016,0001,07/21/2034 00:00:00,380.000000000,10.00000,False
153,01042,0001,07/22/2034 00:00:00,4.750000000,167.20014,False
153,01043,0001,08/24/2034 00:00:00,95.000000000,13.75000,False
153,01050,0001,07/22/2034 00:00:00,0.570000000,3036.10146,False
153,01052,0001,07/22/2034 00:00:00,0.047500000,14500.00000,False
153,01053,0001,07/22/2034 00:00:00,0.047500000,17499.52012,False
153,01054,0001,07/22/2034 00:00:00,0.047500000,17499.10934,False
153,01143,0001,07/22/2034 00:00:00,0.237500000,3200.00000,False
154,01003,0001,07/21/2034 00:00:00,230.000000000,13.21900,False
154,01007,0001,08/02/2034 00:00:00,30.000000000,35.00000,False
154,01033,0001,08/02/2034 00:00:00,25.000000000,50.00000,False
154,01059,0001,08/06/2034 00:00:00,20.000000000,72.44776,False
155,01015,0001,08/02/2034 00:00:00,2500.000000000,17.00000,False
156,01015,0001,08/02/2034 00:00:00,375.000000000,17.00000,False
157,01004,0001,07/29/2034 00:00:00,5.000000000,400.00000,False
157,01009,0001,07/21/2034 00:00:00,10.000000000,2176.62549,False
157,01045,0001,07/22/2034 00:00:00,5.000000000,421.69511,False
157,01058,0001,07/22/2034 00:00:00,0.750000000,1450.21796,False
158,01023,0001,07/22/2034 00:00:00,2.000000000,7043.77043,False
158,01025,0001,08/12/2034 00:00:00,2.000000000,7200.00000,False
158,01028,0001,07/22/2034 00:00:00,1.000000000,1650.00000,False
158,01041,0001,07/22/2034 00:00:00,1.000000000,649.99949,False
158,01045,0001,07/22/2034 00:00:00,2.000000000,421.69511,False
158,01050,0001,07/22/2034 00:00:00,0.020000000,3036.10146,False
158,01058,0001,07/22/2034 00:00:00,0.800000000,1450.21796,False
159,01041,0001,07/22/2034 00:00:00,0.800000000,649.99949,False
159,01045,0001,07/22/2034 00:00:00,15.000000000,421.69511,False
159,01052,0001,07/22/2034 00:00:00,0.720000000,14500.00000,False
159,01056,0001,07/22/2034 00:00:00,0.144000000,18697.38365,False
159,01058,0001,07/22/2034 00:00:00,0.800000000,1450.21796,False
159,01072,0001,07/22/2034 00:00:00,0.002880000,9500.00000,False
160,01031,0001,07/22/2034 00:00:00,2.400000000,6500.00000,False
160,01041,0001,07/22/2034 00:00:00,0.500000000,649.99949,False
160,01058,0001,07/22/2034 00:00:00,0.500000000,1450.21796,False
160,01189,0001,07/22/2034 00:00:00,10.000000000,717.02456,False
160,01201,0001,09/04/2034 00:00:00,20.000000000,750.00000,False
161,01004,0001,07/29/2034 00:00:00,0.300000000,400.00000,False
161,01010,0001,07/21/2034 00:00:00,1.500000000,2800.00000,False
161,01012,0001,07/21/2034 00:00:00,0.030000000,4000.00000,False
161,01041,0001,07/22/2034 00:00:00,1.500000000,649.99949,False
161,01046,0001,07/22/2034 00:00:00,1.500000000,13130.72776,False
161,01058,0001,07/22/2034 00:00:00,1.500000000,1450.21796,False
162,01013,0001,07/21/2034 00:00:00,3.300000000,208.59512,False
162,01022,0001,07/23/2034 00:00:00,0.003520000,4000.00000,False
162,01038,0001,07/22/2034 00:00:00,3.300000000,650.00000,False
162,01043,0001,08/24/2034 00:00:00,1.100000000,13.75000,False
162,01048,0001,07/22/2034 00:00:00,0.880000000,1500.00000,False
162,01056,0001,07/22/2034 00:00:00,0.088000000,18697.38365,False
162,01058,0001,07/22/2034 00:00:00,1.100000000,1450.21796,False
162,01060,0001,07/22/2034 00:00:00,0.220000000,950.00000,False
163,01010,0001,07/21/2034 00:00:00,8.000000000,2800.00000,False
163,01011,0001,07/21/2034 00:00:00,7.400000000,4840.91985,False
163,01012,0001,07/21/2034 00:00:00,0.074000000,4000.00000,False
163,01013,0001,07/21/2034 00:00:00,4.000000000,208.59512,False
163,01038,0001,07/22/2034 00:00:00,11.100000000,650.00000,False
163,01043,0001,08/24/2034 00:00:00,3.700000000,13.75000,False
163,01058,0001,07/22/2034 00:00:00,3.700000000,1450.21796,False
164,01004,0001,07/29/2034 00:00:00,1.000000000,400.00000,False
164,01010,0001,07/21/2034 00:00:00,6.000000000,2800.00000,False
164,01011,0001,07/21/2034 00:00:00,12.000000000,4840.91985,False
164,01012,0001,07/21/2034 00:00:00,0.180000000,4000.00000,False
164,01041,0001,07/22/2034 00:00:00,2.400000000,649.99949,False
164,01046,0001,07/22/2034 00:00:00,9.000000000,13130.72776,False
164,01058,0001,07/22/2034 00:00:00,2.400000000,1450.21796,False
164,01184,0001,07/21/2034 00:00:00,25.000000000,366.66693,False
165,01013,0001,07/21/2034 00:00:00,1.950000000,208.59512,False
165,01022,0001,07/23/2034 00:00:00,0.002080000,4000.00000,False
165,01038,0001,07/22/2034 00:00:00,1.950000000,650.00000,False
165,01043,0001,08/24/2034 00:00:00,0.650000000,13.75000,False
165,01048,0001,07/22/2034 00:00:00,0.520000000,1500.00000,False
165,01056,0001,07/22/2034 00:00:00,0.052000000,18697.38365,False
165,01058,0001,07/22/2034 00:00:00,0.650000000,1450.21796,False
165,01060,0001,07/22/2034 00:00:00,0.130000000,950.00000,False
166,01012,0001,07/21/2034 00:00:00,0.040000000,4000.00000,False
166,01021,0001,07/21/2034 00:00:00,0.400000000,399.62005,False
166,01035,0001,09/06/2034 00:00:00,0.800000000,1350.00000,False
166,01041,0001,07/22/2034 00:00:00,0.016000000,649.99949,False
166,01043,0001,08/24/2034 00:00:00,0.280000000,13.75000,False
166,01044,0001,07/22/2034 00:00:00,0.600000000,128.02872,False
166,01058,0001,07/22/2034 00:00:00,0.040000000,1450.21796,False
167,01015,0001,08/02/2034 00:00:00,25.000000000,17.00000,False
168,01023,0001,07/22/2034 00:00:00,0.200000000,7043.77043,False
168,01025,0001,08/12/2034 00:00:00,0.200000000,7200.00000,False
168,01028,0001,07/22/2034 00:00:00,0.100000000,1650.00000,False
168,01041,0001,07/22/2034 00:00:00,0.100000000,649.99949,False
168,01045,0001,07/22/2034 00:00:00,0.200000000,421.69511,False
168,01050,0001,07/22/2034 00:00:00,0.002000000,3036.10146,False
168,01058,0001,07/22/2034 00:00:00,0.080000000,1450.21796,False
169,01003,0001,07/21/2034 00:00:00,750.000000000,13.21900,False
170,01010,0001,07/21/2034 00:00:00,1.620000000,2800.00000,False
170,01011,0001,07/21/2034 00:00:00,1.080000000,4840.91985,False
170,01012,0001,07/21/2034 00:00:00,0.010800000,4000.00000,False
170,01013,0001,07/21/2034 00:00:00,1.620000000,208.59512,False
170,01038,0001,07/22/2034 00:00:00,1.620000000,650.00000,False
170,01043,0001,08/24/2034 00:00:00,0.540000000,13.75000,False
170,01058,0001,07/22/2034 00:00:00,0.540000000,1450.21796,False
170,01060,0001,07/22/2034 00:00:00,0.108000000,950.00000,False
171,01031,0001,07/22/2034 00:00:00,0.360000000,6500.00000,False
171,01041,0001,07/22/2034 00:00:00,0.072000000,649.99949,False
171,01048,0001,07/22/2034 00:00:00,0.072000000,1500.00000,False
171,01058,0001,07/22/2034 00:00:00,0.120000000,1450.21796,False
172,01004,0001,07/29/2034 00:00:00,0.060000000,400.00000,False
172,01009,0001,07/21/2034 00:00:00,3.000000000,2176.62549,False
172,01028,0001,07/22/2034 00:00:00,0.600000000,1650.00000,False
172,01041,0001,07/22/2034 00:00:00,0.240000000,649.99949,False
172,01045,0001,07/22/2034 00:00:00,0.600000000,421.69511,False
172,01058,0001,07/22/2034 00:00:00,0.240000000,1450.21796,False
173,01003,0001,07/21/2034 00:00:00,100.000000000,13.21900,False
173,01015,0001,08/02/2034 00:00:00,25.000000000,17.00000,False
174,01041,0001,07/22/2034 00:00:00,0.200000000,649.99949,False
174,01052,0001,07/22/2034 00:00:00,0.080000000,14500.00000,False
174,01053,0001,07/22/2034 00:00:00,0.080000000,17499.52012,False
174,01054,0001,07/22/2034 00:00:00,0.080000000,17499.10934,False
174,01055,0001,07/22/2034 00:00:00,0.100000000,1548.84856,False
174,01056,0001,07/22/2034 00:00:00,0.080000000,18697.38365,False
174,01057,0001,07/22/2034 00:00:00,0.080000000,14000.00000,False
174,01058,0001,07/22/2034 00:00:00,0.200000000,1450.21796,False
175,01004,0001,07/29/2034 00:00:00,0.060000000,400.00000,False
175,01005,0001,07/21/2034 00:00:00,0.060000000,1500.00000,False
175,01010,0001,07/21/2034 00:00:00,0.600000000,2800.00000,False
175,01011,0001,07/21/2034 00:00:00,1.200000000,4840.91985,False
175,01012,0001,07/21/2034 00:00:00,0.012000000,4000.00000,False
175,01020,0001,07/22/2034 00:00:00,0.300000000,350.00000,False
175,01021,0001,07/21/2034 00:00:00,0.300000000,399.62005,False
175,01041,0001,07/22/2034 00:00:00,0.300000000,649.99949,False
175,01046,0001,07/22/2034 00:00:00,0.300000000,13130.72776,False
175,01058,0001,07/22/2034 00:00:00,0.240000000,1450.21796,False
175,01184,0001,07/21/2034 00:00:00,3.000000000,366.66693,False
176,01004,0001,07/29/2034 00:00:00,0.240000000,400.00000,False
176,01047,0001,08/12/2028 00:00:00,120.000000000,68.07611,False
176,01055,0001,07/22/2034 00:00:00,3.000000000,1548.84856,False
176,01073,0001,07/29/2034 00:00:00,0.360000000,520.00000,False
176,01105,0001,07/22/2034 00:00:00,0.240000000,414.58858,False
177,01003,0001,07/21/2034 00:00:00,2.500000000,13.21900,False
177,01015,0001,08/02/2034 00:00:00,120.000000000,17.00000,False
177,01016,0001,07/21/2034 00:00:00,120.000000000,10.00000,False
177,01044,0001,07/22/2034 00:00:00,12.500000000,128.02872,False
178,01016,0001,07/21/2034 00:00:00,200.000000000,10.00000,False
178,01042,0001,07/22/2034 00:00:00,3.000000000,169.89231,False
178,01043,0001,08/24/2034 00:00:00,50.000000000,13.75000,False
178,01050,0001,07/22/2034 00:00:00,0.375000000,3036.10146,False
179,01009,0001,07/21/2034 00:00:00,0.012500000,2176.62549,False
179,01013,0001,07/21/2034 00:00:00,0.012500000,208.59512,False
179,01016,0001,07/21/2034 00:00:00,200.000000000,10.00000,False
179,01034,0001,07/22/2034 00:00:00,0.250000000,546.24253,False
179,01042,0001,07/22/2034 00:00:00,3.000000000,169.89231,False
179,01043,0001,08/24/2034 00:00:00,50.000000000,13.75000,False
179,01050,0001,07/22/2034 00:00:00,0.375000000,3036.10146,False
179,01052,0001,07/22/2034 00:00:00,0.125000000,14500.00000,False
179,01053,0001,07/22/2034 00:00:00,0.125000000,17499.52012,False
179,01054,0001,07/22/2034 00:00:00,0.100000000,17499.10934,False
179,01056,0001,07/22/2034 00:00:00,0.050000000,18697.38365,False
179,01057,0001,07/22/2034 00:00:00,0.050000000,14000.00000,False
179,01072,0001,07/22/2034 00:00:00,0.100000000,9500.00000,False
179,01073,0001,07/29/2034 00:00:00,0.025000000,520.00000,False
179,01143,0001,07/22/2034 00:00:00,0.750000000,3200.00000,False
180,01002,0001,07/21/2034 00:00:00,20.000000000,278.15724,False
180,01041,0001,07/22/2034 00:00:00,0.375000000,649.99949,False
180,01047,0001,08/12/2028 00:00:00,45.000000000,68.07611,False
180,01052,0001,07/22/2034 00:00:00,0.030000000,14500.00000,False
180,01055,0001,07/22/2034 00:00:00,1.875000000,1548.84856,False
180,01105,0001,07/22/2034 00:00:00,0.150000000,414.58858,False
181,01009,0001,07/21/2034 00:00:00,0.750000000,2176.62549,False
181,01013,0001,07/21/2034 00:00:00,12.500000000,209.76487,False
181,01034,0001,07/22/2034 00:00:00,5.000000000,546.24253,False
181,01038,0001,07/22/2034 00:00:00,60.000000000,650.00000,False
181,01041,0001,07/22/2034 00:00:00,1.000000000,649.99986,False
181,01045,0001,07/22/2034 00:00:00,20.000000000,421.69511,False
181,01056,0001,07/22/2034 00:00:00,0.250000000,18697.38365,False
181,01058,0001,07/22/2034 00:00:00,1.000000000,1450.05753,False
181,01104,0001,07/22/2034 00:00:00,1.500000000,1100.00000,False
181,01176,0001,09/04/2034 00:00:00,0.250000000,9500.00000,False
182,01009,0001,07/21/2034 00:00:00,0.240000000,2176.62549,False
182,01012,0001,07/21/2034 00:00:00,0.008000000,4000.00000,False
182,01041,0001,07/22/2034 00:00:00,0.320000000,649.99986,False
182,01043,0001,08/24/2034 00:00:00,0.240000000,13.75000,False
182,01045,0001,07/22/2034 00:00:00,1.200000000,421.69511,False
182,01058,0001,07/22/2034 00:00:00,0.500000000,1450.05753,False
183,01023,0001,07/22/2034 00:00:00,0.400000000,7043.77043,False
183,01025,0001,08/12/2034 00:00:00,0.400000000,7200.00000,False
183,01028,0001,07/22/2034 00:00:00,0.200000000,1650.00000,False
183,01041,0001,07/22/2034 00:00:00,0.200000000,649.99986,False
183,01045,0001,07/22/2034 00:00:00,0.400000000,421.69511,False
183,01050,0001,07/22/2034 00:00:00,0.004000000,3051.89514,False
183,01058,0001,07/22/2034 00:00:00,0.160000000,1450.05753,False
184,01015,0001,08/02/2034 00:00:00,500.000000000,17.00000,False
185,01003,0001,07/21/2034 00:00:00,250.000000000,13.21900,False
186,01003,0001,07/21/2034 00:00:00,10.000000000,13.21900,False
186,01015,0001,08/02/2034 00:00:00,60.000000000,17.00000,False
186,01016,0001,07/21/2034 00:00:00,60.000000000,10.00000,False
186,01044,0001,07/22/2034 00:00:00,6.250000000,128.02872,False
187,01003,0001,07/21/2034 00:00:00,125.000000000,13.21900,False
187,01007,0001,08/02/2034 00:00:00,5.000000000,35.00000,False
187,01015,0001,08/02/2034 00:00:00,125.000000000,17.00000,False
187,01033,0001,08/02/2034 00:00:00,5.000000000,50.00000,False
188,01023,0001,07/22/2034 00:00:00,1.200000000,7043.77043,False
188,01025,0001,08/12/2034 00:00:00,1.200000000,7200.00000,False
188,01041,0001,07/22/2034 00:00:00,0.960000000,649.99986,False
188,01045,0001,07/22/2034 00:00:00,1.200000000,421.69511,False
188,01058,0001,07/22/2034 00:00:00,0.960000000,1450.05753,False
189,01019,0001,07/23/2034 00:00:00,2.500000000,5000.00000,False
189,01031,0001,07/22/2034 00:00:00,2.400000000,6500.00000,False
189,01041,0001,07/22/2034 00:00:00,1.200000000,649.99986,False
189,01048,0001,07/22/2034 00:00:00,0.720000000,1500.00000,False
189,01058,0001,07/22/2034 00:00:00,1.200000000,1450.05753,False
189,01075,0001,07/23/2034 00:00:00,2.500000000,4503.17023,False
189,01189,0001,07/22/2034 00:00:00,10.000000000,717.02456,False
189,01201,0001,09/06/2034 00:00:00,20.000000000,750.00000,False
190,01004,0001,07/29/2034 00:00:00,0.240000000,400.00000,False
190,01009,0001,07/21/2034 00:00:00,0.240000000,2176.62549,False
190,01010,0001,07/21/2034 00:00:00,2.400000000,2800.00000,False
190,01011,0001,07/21/2034 00:00:00,4.800000000,4840.91985,False
190,01041,0001,07/22/2034 00:00:00,0.960000000,649.99986,False
190,01058,0001,07/22/2034 00:00:00,0.960000000,1450.05753,False
191,01003,0001,07/21/2034 00:00:00,25.000000000,13.21900,False
191,01007,0001,08/02/2034 00:00:00,1.000000000,35.00000,False
191,01015,0001,08/02/2034 00:00:00,25.000000000,17.00000,False
191,01033,0001,08/02/2034 00:00:00,1.000000000,50.00000,False
192,01009,0001,07/21/2034 00:00:00,0.001250000,2176.62549,False
192,01013,0001,07/21/2034 00:00:00,0.001250000,209.76487,False
192,01016,0001,07/21/2034 00:00:00,20.000000000,10.00000,False
192,01034,0001,07/22/2034 00:00:00,0.025000000,556.05574,False
192,01042,0001,07/22/2034 00:00:00,0.300000000,168.72320,False
192,01043,0001,08/24/2034 00:00:00,5.000000000,13.75000,False
192,01050,0001,07/22/2034 00:00:00,0.037500000,3051.89514,False
192,01052,0001,07/22/2034 00:00:00,0.012500000,14500.00000,False
192,01053,0001,07/22/2034 00:00:00,0.012500000,17499.52012,False
192,01054,0001,07/22/2034 00:00:00,0.010000000,17499.10934,False
192,01056,0001,07/22/2034 00:00:00,0.005000000,18697.38365,False
192,01057,0001,07/22/2034 00:00:00,0.005000000,14000.00000,False
192,01060,0001,07/22/2034 00:00:00,0.050000000,950.00000,False
192,01072,0001,07/22/2034 00:00:00,0.010000000,9500.00000,False
192,01073,0001,07/29/2034 00:00:00,0.002500000,389.83627,False
192,01143,0001,07/22/2034 00:00:00,0.075000000,3200.00000,False
193,01002,0001,07/21/2034 00:00:00,25.000000000,234.83283,False
193,01003,0001,07/21/2034 00:00:00,400.000000000,13.21900,False
193,01015,0001,08/02/2034 00:00:00,530.000000000,17.00000,False
193,01034,0001,07/22/2034 00:00:00,75.000000000,556.05574,False
193,01073,0001,07/29/2034 00:00:00,25.000000000,389.83627,False
194,01003,0001,07/21/2034 00:00:00,25.000000000,13.21900,False
194,01033,0001,08/02/2034 00:00:00,2.500000000,50.00000,False
194,01059,0001,08/06/2034 00:00:00,10.000000000,72.44776,False
195,01016,0001,07/21/2034 00:00:00,301.000000000,10.00000,False
195,01042,0001,07/22/2034 00:00:00,27.300000000,168.72320,False
195,01043,0001,08/24/2034 00:00:00,455.000000000,13.75000,False
195,01050,0001,07/22/2034 00:00:00,3.412500000,3051.89514,False
196,01013,0001,07/21/2034 00:00:00,4.800000000,209.76487,False
196,01022,0001,07/23/2034 00:00:00,0.005120000,4000.00000,False
196,01038,0001,07/22/2034 00:00:00,4.800000000,650.00000,False
196,01043,0001,08/24/2034 00:00:00,1.600000000,13.75000,False
196,01048,0001,07/22/2034 00:00:00,1.280000000,1500.00000,False
196,01056,0001,07/22/2034 00:00:00,0.128000000,18697.38365,False
196,01058,0001,07/22/2034 00:00:00,1.600000000,1450.05753,False
197,01019,0001,07/23/2034 00:00:00,4.000000000,5000.00000,False
197,01031,0001,07/22/2034 00:00:00,3.000000000,6500.00000,False
197,01041,0001,07/22/2034 00:00:00,1.200000000,649.99986,False
197,01058,0001,07/22/2034 00:00:00,0.900000000,1450.05753,False
197,01075,0001,07/23/2034 00:00:00,3.500000000,4500.75941,False
197,01189,0001,07/22/2034 00:00:00,15.000000000,717.02456,False
197,01201,0001,09/08/2034 00:00:00,15.000000000,750.00000,False
198,01009,0001,07/21/2034 00:00:00,3.000000000,2176.62549,False
198,01041,0001,07/22/2034 00:00:00,0.400000000,649.99986,False
198,01045,0001,07/22/2034 00:00:00,2.500000000,421.69511,False
198,01058,0001,07/22/2034 00:00:00,0.400000000,1450.05753,False
199,01009,0001,07/21/2034 00:00:00,0.200000000,2176.62549,False
199,01013,0001,07/21/2034 00:00:00,0.400000000,209.76487,False
199,01034,0001,07/22/2034 00:00:00,0.300000000,556.05574,False
199,01041,0001,07/22/2034 00:00:00,0.400000000,649.99986,False
199,01045,0001,07/22/2034 00:00:00,1.500000000,421.69511,False
199,01058,0001,07/22/2034 00:00:00,0.400000000,1450.05753,False
200,01002,0001,07/21/2034 00:00:00,20.000000000,259.87006,False
200,01004,0001,07/29/2034 00:00:00,0.300000000,400.00000,False
200,01041,0001,07/22/2034 00:00:00,0.750000000,649.99986,False
200,01047,0001,09/08/2034 00:00:00,135.000000000,68.00000,False
200,01055,0001,07/22/2034 00:00:00,5.000000000,1549.33397,False
200,01105,0001,07/22/2034 00:00:00,0.450000000,414.58858,False
201,01003,0001,07/21/2034 00:00:00,75.000000000,13.21900,False
202,01015,0001,08/02/2034 00:00:00,750.000000000,17.00000,False
203,01003,0001,07/21/2034 00:00:00,40.000000000,13.21900,False
203,01015,0001,08/02/2034 00:00:00,10.000000000,17.00000,False
204,01010,0001,07/21/2034 00:00:00,0.600000000,2800.00000,False
204,01011,0001,07/21/2034 00:00:00,0.400000000,4840.91985,False
204,01012,0001,07/21/2034 00:00:00,0.004000000,4000.00000,False
204,01013,0001,07/21/2034 00:00:00,0.600000000,209.76487,False
204,01038,0001,07/22/2034 00:00:00,0.600000000,650.00000,False
204,01043,0001,08/24/2034 00:00:00,0.200000000,13.75000,False
204,01058,0001,07/22/2034 00:00:00,0.200000000,1450.05753,False
204,01184,0001,07/21/2034 00:00:00,2.000000000,366.66671,False
205,01023,0001,07/22/2034 00:00:00,0.600000000,7043.77043,False
205,01025,0001,08/12/2034 00:00:00,0.600000000,7200.00000,False
205,01041,0001,07/22/2034 00:00:00,0.300000000,649.99986,False
205,01045,0001,07/22/2034 00:00:00,0.600000000,421.69511,False
205,01050,0001,07/22/2034 00:00:00,0.006000000,3051.89514,False
205,01058,0001,07/22/2034 00:00:00,0.240000000,1450.05753,False
206,01041,0001,07/22/2034 00:00:00,0.060000000,649.99986,False
206,01052,0001,07/22/2034 00:00:00,0.006000000,14500.00000,False
206,01055,0001,07/22/2034 00:00:00,0.600000000,1549.33397,False
206,01058,0001,07/22/2034 00:00:00,0.040000000,1450.05753,False
207,01017,0001,07/22/2034 00:00:00,0.800000000,3370.67997,False
207,01031,0001,07/22/2034 00:00:00,0.800000000,6500.00000,False
207,01041,0001,07/22/2034 00:00:00,0.120000000,649.99986,False
207,01048,0001,07/22/2034 00:00:00,0.160000000,1500.00000,False
207,01058,0001,07/22/2034 00:00:00,0.160000000,1450.05753,False
208,01004,0001,07/29/2034 00:00:00,0.300000000,400.00000,False
208,01009,0001,07/21/2034 00:00:00,0.060000000,2176.62549,False
208,01021,0001,07/21/2034 00:00:00,0.500000000,399.62005,False
208,01022,0001,07/23/2034 00:00:00,0.002000000,4000.00000,False
208,01041,0001,07/22/2034 00:00:00,0.040000000,649.99986,False
208,01060,0001,07/22/2034 00:00:00,0.020000000,950.00000,False
209,01003,0001,07/21/2034 00:00:00,50.000000000,13.21900,False
210,01003,0001,07/21/2034 00:00:00,10.000000000,13.21900,False
210,01015,0001,08/02/2034 00:00:00,40.000000000,17.00000,False
210,01053,0001,07/22/2034 00:00:00,0.020000000,17499.52012,False
210,01054,0001,07/22/2034 00:00:00,0.020000000,17499.10934,False
210,01057,0001,07/22/2034 00:00:00,0.020000000,14000.00000,False
211,01003,0001,07/21/2034 00:00:00,500.000000000,13.21900,False
211,01115,0001,07/21/2034 00:00:00,1.000000000,1200.00000,False
211,01187,0001,07/22/2034 00:00:00,10.000000000,387.09074,False
212,01003,0001,07/21/2034 00:00:00,37.500000000,13.21900,False
212,01007,0001,08/02/2034 00:00:00,5.000000000,35.00000,False
212,01015,0001,08/02/2034 00:00:00,37.500000000,17.00000,False
212,01033,0001,08/02/2034 00:00:00,5.000000000,50.00000,False
213,01009,0001,07/21/2034 00:00:00,0.218000000,2176.62549,False
213,01013,0001,07/21/2034 00:00:00,2.000000000,209.76487,False
213,01016,0001,07/21/2034 00:00:00,3488.000000000,10.00000,False
213,01034,0001,07/22/2034 00:00:00,8.000000000,556.05574,False
213,01042,0001,07/22/2034 00:00:00,52.320000000,168.72320,False
213,01043,0001,08/24/2034 00:00:00,872.000000000,13.75000,False
213,01050,0001,07/22/2034 00:00:00,6.540000000,3051.89514,False
213,01052,0001,07/22/2034 00:00:00,2.180000000,14500.00000,False
213,01053,0001,07/22/2034 00:00:00,2.180000000,17499.52012,False
213,01054,0001,07/22/2034 00:00:00,1.744000000,17499.10934,False
213,01056,0001,07/22/2034 00:00:00,0.872000000,18697.38365,False
213,01057,0001,07/22/2034 00:00:00,0.872000000,14000.00000,False
213,01072,0001,07/22/2034 00:00:00,1.744000000,9500.00000,False
213,01073,0001,07/29/2034 00:00:00,1.000000000,389.83627,False
213,01143,0001,07/22/2034 00:00:00,13.080000000,3200.00000,False
214,01003,0001,07/21/2034 00:00:00,2.500000000,13.21900,False
214,01015,0001,08/02/2034 00:00:00,120.000000000,17.00000,False
214,01016,0001,07/21/2034 00:00:00,130.000000000,10.00000,False
214,01044,0001,07/22/2034 00:00:00,12.500000000,128.02872,False
215,01003,0001,07/21/2034 00:00:00,12.500000000,13.21900,False
215,01033,0001,08/02/2034 00:00:00,2.500000000,50.00000,False
215,01059,0001,08/06/2034 00:00:00,10.000000000,72.44776,False
216,01003,0001,07/21/2034 00:00:00,25.000000000,13.21900,False
217,01027,0001,07/21/2034 00:00:00,8.000000000,382.05128,False
217,01041,0001,07/22/2034 00:00:00,0.080000000,649.99986,False
217,01043,0001,08/24/2034 00:00:00,7.200000000,13.75000,False
217,01050,0001,07/22/2034 00:00:00,0.008000000,3051.89514,False
217,01058,0001,07/22/2034 00:00:00,0.400000000,1450.05753,False
217,01073,0001,07/29/2034 00:00:00,3.600000000,389.83627,False
218,01010,0001,07/21/2034 00:00:00,1.000000000,2800.00000,False
218,01038,0001,07/22/2034 00:00:00,2.000000000,650.00000,False
218,01041,0001,07/22/2034 00:00:00,0.500000000,649.99986,False
218,01045,0001,07/22/2034 00:00:00,3.000000000,421.69511,False
218,01046,0001,07/22/2034 00:00:00,1.000000000,13130.72776,False
218,01058,0001,07/22/2034 00:00:00,0.500000000,1450.05753,False
218,01184,0001,07/21/2034 00:00:00,3.000000000,366.66668,False
219,01004,0001,07/29/2034 00:00:00,2.000000000,400.00000,False
219,01009,0001,07/21/2034 00:00:00,1.000000000,2176.62549,False
219,01028,0001,07/22/2034 00:00:00,7.500000000,1650.00000,False
219,01041,0001,07/22/2034 00:00:00,0.300000000,649.99986,False
219,01045,0001,07/22/2034 00:00:00,6.000000000,421.69511,False
219,01058,0001,07/22/2034 00:00:00,0.900000000,1450.05753,False
220,01010,0001,07/21/2034 00:00:00,0.300000000,2800.00000,False
220,01011,0001,07/21/2034 00:00:00,0.120000000,4840.91985,False
220,01012,0001,07/21/2034 00:00:00,0.024000000,4000.00000,False
220,01013,0001,07/21/2034 00:00:00,0.120000000,209.76487,False
220,01020,0001,07/22/2034 00:00:00,0.300000000,350.00000,False
220,01028,0001,07/22/2034 00:00:00,0.300000000,1650.00000,False
220,01041,0001,07/22/2034 00:00:00,0.300000000,649.99986,False
220,01045,0001,07/22/2034 00:00:00,0.600000000,421.69511,False
220,01058,0001,07/22/2034 00:00:00,0.300000000,1450.05753,False
220,01184,0001,07/21/2034 00:00:00,6.000000000,366.66668,False
221,01017,0001,07/22/2034 00:00:00,0.600000000,3370.67997,False
221,01019,0001,07/23/2034 00:00:00,1.000000000,5473.93365,False
221,01031,0001,07/22/2034 00:00:00,1.800000000,6500.00000,False
221,01041,0001,07/22/2034 00:00:00,0.480000000,649.99986,False
221,01045,0001,07/22/2034 00:00:00,6.000000000,421.69511,False
221,01058,0001,07/22/2034 00:00:00,0.480000000,1450.05753,False
221,01070,0001,09/09/2034 00:00:00,1.000000000,5000.00000,False
221,01075,0001,07/23/2034 00:00:00,1.000000000,5192.27539,False
222,01009,0001,07/21/2034 00:00:00,2.000000000,2176.62549,False
222,01010,0001,07/21/2034 00:00:00,8.000000000,2800.00000,False
222,01012,0001,07/21/2034 00:00:00,0.100000000,4000.00000,False
222,01020,0001,07/22/2034 00:00:00,3.500000000,350.00000,False
222,01028,0001,07/22/2034 00:00:00,11.000000000,1650.00000,False
222,01041,0001,07/22/2034 00:00:00,5.000000000,649.99986,False
222,01045,0001,07/22/2034 00:00:00,10.000000000,421.69511,False
222,01058,0001,07/22/2034 00:00:00,4.000000000,1450.05753,False
222,01105,0001,07/22/2034 00:00:00,2.000000000,414.58858,False
222,01184,0001,07/21/2034 00:00:00,80.000000000,366.66668,False
223,01190,0001,08/12/2034 00:00:00,1300.000000000,11.50000,False
224,01008,0001,09/06/2034 00:00:00,200.000000000,22.50000,False
224,01033,0001,08/02/2034 00:00:00,25.000000000,50.00000,False
224,01042,0001,07/22/2034 00:00:00,110.000000000,168.72320,False
224,01182,0001,09/06/2034 00:00:00,154.000000000,466.84221,False
225,01003,0001,07/21/2034 00:00:00,1.250000000,13.21900,False
225,01015,0001,08/02/2034 00:00:00,60.000000000,17.00000,False
225,01016,0001,07/21/2034 00:00:00,60.000000000,10.00000,False
225,01044,0001,07/22/2034 00:00:00,2.000000000,128.02872,False
226,01003,0001,07/21/2034 00:00:00,25.000000000,13.21900,False
226,01007,0001,08/02/2034 00:00:00,10.000000000,35.00000,False
226,01033,0001,08/02/2034 00:00:00,5.000000000,50.00000,False
226,01059,0001,08/06/2034 00:00:00,20.000000000,72.44776,False
227,01003,0001,07/21/2034 00:00:00,400.000000000,13.21900,False
228,01009,0001,07/21/2034 00:00:00,0.002500000,2176.62549,False
228,01013,0001,07/21/2034 00:00:00,0.002500000,209.76487,False
228,01016,0001,07/21/2034 00:00:00,40.000000000,10.00000,False
228,01034,0001,07/22/2034 00:00:00,0.050000000,556.05574,False
228,01042,0001,07/22/2034 00:00:00,0.600000000,168.72320,False
228,01043,0001,08/24/2034 00:00:00,10.000000000,13.75000,False
228,01050,0001,07/22/2034 00:00:00,0.075000000,3086.04001,False
228,01052,0001,07/22/2034 00:00:00,0.025000000,14500.00000,False
228,01053,0001,07/22/2034 00:00:00,0.025000000,17499.52012,False
228,01054,0001,07/22/2034 00:00:00,0.020000000,17499.10934,False
228,01056,0001,07/22/2034 00:00:00,0.010000000,18697.38365,False
228,01057,0001,07/22/2034 00:00:00,0.010000000,14000.00000,False
228,01072,0001,07/22/2034 00:00:00,0.020000000,9500.00000,False
228,01073,0001,07/29/2034 00:00:00,0.005000000,389.83627,False
228,01143,0001,07/22/2034 00:00:00,0.150000000,3200.00000,False
229,01020,0001,07/22/2034 00:00:00,150.000000000,350.00000,False
229,01028,0001,07/22/2034 00:00:00,2.750000000,1650.00000,False
229,01038,0001,07/22/2034 00:00:00,2.750000000,650.00000,False
229,01041,0001,07/22/2034 00:00:00,0.550000000,649.99986,False
229,01187,0001,07/22/2034 00:00:00,5.000000000,387.09074,False
230,01013,0001,07/21/2034 00:00:00,6.000000000,209.76487,False
230,01034,0001,07/22/2034 00:00:00,1.000000000,556.05574,False
230,01038,0001,07/22/2034 00:00:00,75.000000000,650.00000,False
230,01056,0001,07/22/2034 00:00:00,0.500000000,18697.38365,False
230,01060,0001,07/22/2034 00:00:00,2.500000000,950.00000,False
230,01104,0001,07/22/2034 00:00:00,1.500000000,1100.00000,False
230,01176,0001,09/04/2034 00:00:00,0.250000000,9500.00000,False
231,01023,0001,07/22/2034 00:00:00,3.400000000,7043.77043,False
231,01025,0001,08/12/2034 00:00:00,3.400000000,7200.00000,False
231,01028,0001,07/22/2034 00:00:00,1.700000000,1650.00000,False
231,01041,0001,07/22/2034 00:00:00,1.700000000,649.99986,False
231,01045,0001,07/22/2034 00:00:00,3.400000000,421.69511,False
231,01050,0001,07/22/2034 00:00:00,0.034000000,3086.04001,False
231,01058,0001,07/22/2034 00:00:00,1.360000000,1450.05753,False
232,01013,0001,07/21/2034 00:00:00,0.900000000,209.76487,False
232,01022,0001,07/23/2034 00:00:00,0.000960000,4000.00000,False
232,01038,0001,07/22/2034 00:00:00,0.900000000,650.00000,False
232,01043,0001,08/24/2034 00:00:00,0.300000000,13.75000,False
232,01048,0001,07/22/2034 00:00:00,0.240000000,1500.00000,False
232,01056,0001,07/22/2034 00:00:00,0.024000000,18697.38365,False
232,01058,0001,07/22/2034 00:00:00,0.300000000,1450.05753,False
232,01060,0001,07/22/2034 00:00:00,0.060000000,950.00000,False
233,01016,0001,07/21/2034 00:00:00,600.000000000,10.00000,False
233,01042,0001,07/22/2034 00:00:00,9.000000000,168.72320,False
233,01043,0001,08/24/2034 00:00:00,150.000000000,13.75000,False
233,01050,0001,07/22/2034 00:00:00,1.125000000,3086.04001,False
234,01003,0001,07/21/2034 00:00:00,1450.000000000,13.21900,False
234,01007,0001,08/02/2034 00:00:00,150.000000000,35.00000,False
234,01033,0001,08/02/2034 00:00:00,175.000000000,50.00000,False
234,01059,0001,08/06/2034 00:00:00,300.000000000,72.44776,False
235,01004,0001,07/29/2034 00:00:00,0.300000000,400.00000,False
235,01047,0001,09/08/2034 00:00:00,150.000000000,68.00000,False
235,01055,0001,07/22/2034 00:00:00,4.000000000,1549.57825,False
235,01073,0001,07/29/2034 00:00:00,0.450000000,389.83627,False
235,01105,0001,07/22/2034 00:00:00,0.300000000,414.58858,False
236,01004,0001,07/29/2034 00:00:00,0.300000000,400.00000,False
236,01010,0001,07/21/2034 00:00:00,3.000000000,2800.00000,False
236,01011,0001,07/21/2034 00:00:00,6.000000000,4840.91985,False
236,01012,0001,07/21/2034 00:00:00,0.060000000,4000.00000,False
236,01020,0001,07/22/2034 00:00:00,3.000000000,350.00000,False
236,01041,0001,07/22/2034 00:00:00,1.500000000,649.99986,False
236,01046,0001,07/22/2034 00:00:00,4.500000000,13130.72776,False
236,01058,0001,07/22/2034 00:00:00,1.200000000,1450.05753,False
236,01184,0001,07/21/2034 00:00:00,20.000000000,366.66668,False
237,01016,0001,07/21/2034 00:00:00,5000.000000000,10.00000,False
238,01004,0001,07/29/2034 00:00:00,0.325000000,400.00000,False
238,01041,0001,07/22/2034 00:00:00,0.100000000,649.99986,False
238,01044,0001,07/22/2034 00:00:00,0.325000000,128.02872,False
238,01045,0001,07/22/2034 00:00:00,0.325000000,421.69511,False
238,01050,0001,07/22/2034 00:00:00,0.001000000,3086.04001,False
238,01055,0001,07/22/2034 00:00:00,2.500000000,1549.57825,False
239,01004,0001,07/29/2034 00:00:00,1.000000000,400.00000,False
239,01010,0001,07/21/2034 00:00:00,1.000000000,2800.00000,False
239,01011,0001,07/21/2034 00:00:00,5.000000000,4840.91985,False
239,01012,0001,07/21/2034 00:00:00,0.300000000,4000.00000,False
239,01020,0001,07/22/2034 00:00:00,20.000000000,350.00000,False
239,01041,0001,07/22/2034 00:00:00,4.000000000,649.99986,False
239,01046,0001,07/22/2034 00:00:00,10.000000000,13130.72776,False
239,01058,0001,07/22/2034 00:00:00,2.000000000,1450.05753,False
239,01184,0001,07/21/2034 00:00:00,100.000000000,366.66667,False
240,01020,0001,07/22/2034 00:00:00,160.000000000,350.00000,False
240,01028,0001,07/22/2034 00:00:00,2.500000000,1650.00000,False
240,01038,0001,07/22/2034 00:00:00,2.500000000,650.00000,False
240,01041,0001,07/22/2034 00:00:00,1.500000000,649.99986,False
240,01187,0001,07/22/2034 00:00:00,1.500000000,387.09074,False
241,01024,0001,09/10/2034 00:00:00,2.000000000,5000.00000,False
241,01026,0001,09/10/2034 00:00:00,2.000000000,5500.00000,False
241,01041,0001,07/22/2034 00:00:00,2.040000000,649.99986,False
241,01047,0001,09/08/2034 00:00:00,250.000000000,73.66038,False
242,01041,0001,07/22/2034 00:00:00,0.880000000,649.99986,False
242,01044,0001,07/22/2034 00:00:00,2.860000000,128.02872,False
242,01045,0001,07/22/2034 00:00:00,2.860000000,421.69511,False
242,01050,0001,07/22/2034 00:00:00,0.008800000,3086.04001,False
242,01055,0001,07/22/2034 00:00:00,22.000000000,1549.94735,False
243,01017,0001,07/22/2034 00:00:00,7.776000000,3370.67997,False
243,01031,0001,07/22/2034 00:00:00,10.000000000,6055.55556,False
243,01048,0001,07/22/2034 00:00:00,3.888000000,1405.95140,False
244,01003,0001,07/21/2034 00:00:00,375.000000000,13.21900,False
244,01187,0001,07/22/2034 00:00:00,3.750000000,387.09074,False
245,01041,0001,07/22/2034 00:00:00,0.600000000,649.99986,False
245,01052,0001,07/22/2034 00:00:00,0.060000000,14500.00000,False
245,01055,0001,07/22/2034 00:00:00,6.000000000,1549.94735,False
246,01003,0001,07/21/2034 00:00:00,175.000000000,13.21900,False
246,01015,0001,08/02/2034 00:00:00,25.000000000,17.00000,False
246,01059,0001,08/06/2034 00:00:00,50.000000000,72.44776,False
247,01003,0001,07/21/2034 00:00:00,170.000000000,13.21900,False
247,01007,0001,08/02/2034 00:00:00,20.000000000,35.00000,False
247,01033,0001,08/02/2034 00:00:00,20.000000000,50.00000,False
247,01059,0001,08/06/2034 00:00:00,20.000000000,72.44776,False
248,01017,0001,07/22/2034 00:00:00,2.400000000,3370.67997,False
248,01031,0001,07/22/2034 00:00:00,3.000000000,6055.55556,False
248,01041,0001,07/22/2034 00:00:00,1.920000000,649.99986,False
248,01048,0001,07/22/2034 00:00:00,1.440000000,1405.95140,False
249,01003,0001,07/21/2034 00:00:00,2000.000000000,13.21900,False
249,01015,0001,08/02/2034 00:00:00,500.000000000,17.00000,False
250,01004,0001,07/29/2034 00:00:00,0.300000000,400.00000,False
250,01010,0001,07/21/2034 00:00:00,3.000000000,2800.00000,False
250,01020,0001,07/22/2034 00:00:00,10.000000000,350.00000,False
250,01041,0001,07/22/2034 00:00:00,1.200000000,649.99986,False
250,01184,0001,07/21/2034 00:00:00,4.500000000,366.66667,False
251,01003,0001,07/21/2034 00:00:00,5.000000000,13.21900,False
251,01016,0001,07/21/2034 00:00:00,125.000000000,10.00000,False
252,01020,0001,07/22/2034 00:00:00,5.000000000,350.00000,False
252,01022,0001,07/23/2034 00:00:00,0.007500000,4000.00000,False
252,01041,0001,07/22/2034 00:00:00,0.150000000,649.99986,False
252,01060,0001,07/22/2034 00:00:00,0.075000000,950.00000,False
253,01003,0001,07/21/2034 00:00:00,350.000000000,13.10015,False
253,01007,0001,08/02/2034 00:00:00,50.000000000,35.00000,False
253,01015,0001,08/02/2034 00:00:00,350.000000000,17.00000,False
253,01033,0001,08/02/2034 00:00:00,30.000000000,50.00000,False
254,01003,0001,07/21/2034 00:00:00,20.000000000,13.10015,False
254,01033,0001,08/02/2034 00:00:00,5.000000000,50.00000,False
254,01059,0001,08/06/2034 00:00:00,10.000000000,72.44776,False
255,01012,0001,07/21/2034 00:00:00,0.020000000,4000.00000,False
255,01035,0001,09/06/2034 00:00:00,0.200000000,1278.57143,False
255,01041,0001,07/22/2034 00:00:00,0.008000000,649.99986,False
255,01043,0001,08/24/2034 00:00:00,0.140000000,13.75000,False
255,01044,0001,07/22/2034 00:00:00,0.300000000,128.02872,False
256,01009,0001,07/21/2034 00:00:00,0.001250000,2176.62549,False
256,01013,0001,07/21/2034 00:00:00,0.001250000,209.76487,False
256,01016,0001,07/21/2034 00:00:00,20.000000000,10.00000,False
256,01034,0001,07/22/2034 00:00:00,0.025000000,556.05574,False
256,01042,0001,07/22/2034 00:00:00,0.300000000,168.72320,False
256,01043,0001,08/24/2034 00:00:00,5.000000000,13.75000,False
256,01050,0001,07/22/2034 00:00:00,0.037500000,3086.04001,False
256,01052,0001,07/22/2034 00:00:00,0.012500000,14500.00000,False
256,01053,0001,07/22/2034 00:00:00,0.012500000,17499.52012,False
256,01054,0001,07/22/2034 00:00:00,0.010000000,17499.10934,False
256,01056,0001,07/22/2034 00:00:00,0.005000000,18697.38365,False
256,01057,0001,07/22/2034 00:00:00,0.005000000,14000.00000,False
256,01060,0001,07/22/2034 00:00:00,0.050000000,950.00000,False
256,01072,0001,07/22/2034 00:00:00,0.010000000,9500.00000,False
256,01073,0001,07/29/2034 00:00:00,0.002500000,389.83627,False
256,01143,0001,07/22/2034 00:00:00,0.075000000,3200.00000,False
257,01023,0001,07/22/2034 00:00:00,0.170000000,7043.77043,False
257,01025,0001,08/12/2034 00:00:00,0.170000000,7200.00000,False
257,01028,0001,07/22/2034 00:00:00,0.085000000,1650.00000,False
257,01041,0001,07/22/2034 00:00:00,0.085000000,649.99986,False
257,01045,0001,07/22/2034 00:00:00,0.170000000,421.69511,False
257,01050,0001,07/22/2034 00:00:00,0.001700000,3086.04001,False
258,01013,0001,07/21/2034 00:00:00,0.510000000,209.76487,False
258,01022,0001,07/23/2034 00:00:00,0.000544000,4000.00000,False
258,01038,0001,07/22/2034 00:00:00,0.510000000,650.00000,False
258,01043,0001,08/24/2034 00:00:00,0.170000000,13.75000,False
258,01048,0001,07/22/2034 00:00:00,0.136000000,1405.95140,False
258,01056,0001,07/22/2034 00:00:00,0.013600000,18697.38365,False
258,01060,0001,07/22/2034 00:00:00,0.034000000,950.00000,False
259,01027,0001,09/09/2034 00:00:00,3.000000000,400.00000,False
259,01041,0001,07/22/2034 00:00:00,0.020000000,649.99986,False
259,01043,0001,08/24/2034 00:00:00,1.800000000,13.75000,False
259,01050,0001,07/22/2034 00:00:00,0.002000000,3086.04001,False
259,01073,0001,07/29/2034 00:00:00,0.900000000,389.83627,False
260,01022,0001,07/23/2034 00:00:00,0.290000000,4000.00000,False
260,01065,0001,07/23/2034 00:00:00,30.000000000,265.00000,False
260,01075,0001,07/23/2034 00:00:00,0.145000000,5192.27539,False
260,01189,0001,07/22/2034 00:00:00,5.800000000,717.02456,False
261,01009,0001,07/21/2034 00:00:00,0.001200000,2176.62549,False
261,01013,0001,07/21/2034 00:00:00,0.012000000,209.76487,False
261,01016,0001,07/21/2034 00:00:00,100.000000000,10.00000,False
261,01042,0001,07/22/2034 00:00:00,1.200000000,168.72320,False
261,01043,0001,08/24/2034 00:00:00,24.000000000,13.75000,False
261,01050,0001,07/22/2034 00:00:00,0.144000000,3086.04001,False
261,01053,0001,07/22/2034 00:00:00,0.012000000,17499.52012,False
261,01054,0001,07/22/2034 00:00:00,0.012000000,17499.10934,False
261,01143,0001,07/22/2034 00:00:00,0.060000000,3200.00000,False
262,01003,0001,07/21/2034 00:00:00,35.000000000,13.10015,False
263,01010,0001,07/21/2034 00:00:00,0.020000000,2800.00000,False
263,01011,0001,07/21/2034 00:00:00,0.100000000,4840.91985,False
263,01012,0001,07/21/2034 00:00:00,0.001000000,4000.00000,False
263,01020,0001,07/22/2034 00:00:00,0.010000000,350.00000,False
263,01038,0001,07/22/2034 00:00:00,0.150000000,650.00000,False
263,01041,0001,07/22/2034 00:00:00,0.400000000,649.99986,False
263,01060,0001,07/22/2034 00:00:00,0.010000000,950.00000,False
264,01002,0001,07/21/2034 00:00:00,8.000000000,259.87006,False
264,01034,0001,07/22/2034 00:00:00,0.020000000,556.05574,False
264,01041,0001,07/22/2034 00:00:00,0.040000000,649.99986,False
264,01047,0001,09/08/2034 00:00:00,3.000000000,73.66038,False
264,01060,0001,07/22/2034 00:00:00,0.001000000,950.00000,False
265,01020,0001,07/22/2034 00:00:00,18.500000000,350.00000,False
265,01022,0001,07/23/2034 00:00:00,0.037000000,4000.00000,False
265,01041,0001,07/22/2034 00:00:00,0.740000000,649.99986,False
265,01060,0001,07/22/2034 00:00:00,0.370000000,950.00000,False
266,01023,0001,07/22/2034 00:00:00,3.000000000,7043.77043,False
266,01025,0001,08/12/2034 00:00:00,3.000000000,7200.00000,False
266,01041,0001,07/22/2034 00:00:00,1.200000000,649.99986,False
266,01050,0001,07/22/2034 00:00:00,0.030000000,3086.04001,False
267,01011,0001,07/21/2034 00:00:00,2.000000000,4840.91985,False
267,01013,0001,07/21/2034 00:00:00,0.200000000,209.76487,False
267,01034,0001,07/22/2034 00:00:00,0.100000000,556.05574,False
267,01043,0001,08/24/2034 00:00:00,0.100000000,13.75000,False
267,01073,0001,07/29/2034 00:00:00,0.100000000,389.83627,False
267,01115,0001,07/21/2034 00:00:00,0.200000000,1200.00000,False
268,01003,0001,07/21/2034 00:00:00,5.000000000,13.10015,False
268,01015,0001,08/02/2034 00:00:00,250.000000000,17.00000,False
268,01016,0001,07/21/2034 00:00:00,250.000000000,10.00000,False
269,01022,0001,07/23/2034 00:00:00,0.003840000,4000.00000,False
269,01038,0001,07/22/2034 00:00:00,3.600000000,650.00000,False
269,01043,0001,08/24/2034 00:00:00,1.200000000,13.75000,False
269,01048,0001,07/22/2034 00:00:00,0.960000000,1405.95140,False
269,01056,0001,07/22/2034 00:00:00,0.096000000,18697.38365,False
269,01060,0001,07/22/2034 00:00:00,0.240000000,950.00000,False
270,01190,0001,08/12/2034 00:00:00,2100.000000000,11.50000,False
271,01003,0001,07/21/2034 00:00:00,1450.000000000,13.10015,False
272,01002,0001,07/21/2034 00:00:00,10.000000000,271.82371,False
272,01003,0001,07/21/2034 00:00:00,5.000000000,13.10015,False
272,01015,0001,08/02/2034 00:00:00,10.000000000,17.00000,False
272,01016,0001,07/21/2034 00:00:00,10.000000000,10.00000,False
272,01034,0001,07/22/2034 00:00:00,0.120000000,556.05574,False
272,01041,0001,07/22/2034 00:00:00,0.240000000,649.99986,False
272,01047,0001,09/08/2034 00:00:00,6.000000000,73.98444,False
272,01060,0001,07/22/2034 00:00:00,0.006000000,950.00000,False
273,01012,0001,07/21/2034 00:00:00,0.050000000,4000.00000,False
273,01035,0001,09/06/2034 00:00:00,0.500000000,1278.57143,False
273,01041,0001,07/22/2034 00:00:00,0.020000000,649.99986,False
273,01043,0001,08/24/2034 00:00:00,0.350000000,13.75000,False
274,01015,0001,08/02/2034 00:00:00,550.000000000,17.00000,False
275,01003,0001,07/21/2034 00:00:00,150.000000000,13.10015,False
275,01007,0001,08/02/2034 00:00:00,30.000000000,35.00000,False
275,01033,0001,08/02/2034 00:00:00,30.000000000,50.00000,False
275,01059,0001,08/06/2034 00:00:00,50.000000000,72.44776,False
276,01016,0001,07/21/2034 00:00:00,1200.000000000,10.00000,False
276,01042,0001,07/22/2034 00:00:00,18.000000000,168.72320,False
276,01043,0001,08/24/2034 00:00:00,300.000000000,13.75000,False
276,01050,0001,07/22/2034 00:00:00,2.250000000,3086.04001,False
277,01190,0001,08/12/2034 00:00:00,6350.000000000,11.50000,False
278,01023,0001,07/22/2034 00:00:00,0.600000000,7043.77043,False
278,01025,0001,08/12/2034 00:00:00,0.600000000,7200.00000,False
278,01041,0001,07/22/2034 00:00:00,0.480000000,649.99986,False
279,01010,0001,07/21/2034 00:00:00,1.000000000,2800.00000,False
279,01012,0001,07/21/2034 00:00:00,0.010000000,4000.00000,False
279,01038,0001,07/22/2034 00:00:00,0.200000000,650.00000,False
279,01041,0001,07/22/2034 00:00:00,0.400000000,649.99986,False
279,01046,0001,07/22/2034 00:00:00,0.500000000,13130.72776,False
279,01184,0001,07/21/2034 00:00:00,5.000000000,366.66667,False
280,01016,0001,07/21/2034 00:00:00,200.000000000,10.00000,False
280,01042,0001,07/22/2034 00:00:00,3.000000000,168.72320,False
280,01043,0001,08/24/2034 00:00:00,50.000000000,13.75000,False
280,01050,0001,07/22/2034 00:00:00,0.375000000,3086.04001,False
281,01003,0001,07/21/2034 00:00:00,250.000000000,13.10015,False
282,01015,0001,08/02/2034 00:00:00,100.000000000,17.00000,False
283,01047,0001,09/08/2034 00:00:00,120.000000000,73.98444,False
283,01050,0001,07/22/2034 00:00:00,0.012000000,3086.04001,False
283,01055,0001,07/22/2034 00:00:00,5.000000000,1549.97167,False
284,01002,0001,07/21/2034 00:00:00,6.000000000,271.82371,False
284,01047,0001,09/08/2034 00:00:00,120.000000000,73.98444,False
284,01073,0001,07/29/2034 00:00:00,0.120000000,389.83627,False
284,01105,0001,07/22/2034 00:00:00,0.120000000,414.58858,False
285,01003,0001,07/21/2034 00:00:00,250.000000000,13.10015,False
285,01031,0001,07/22/2034 00:00:00,0.200000000,6055.55556,False
286,01013,0001,07/21/2034 00:00:00,0.900000000,209.98276,False
286,01022,0001,07/23/2034 00:00:00,0.000960000,4000.00000,False
286,01038,0001,07/22/2034 00:00:00,0.900000000,650.00000,False
286,01043,0001,08/24/2034 00:00:00,0.300000000,13.75000,False
286,01048,0001,07/22/2034 00:00:00,0.240000000,1405.95140,False
286,01056,0001,07/22/2034 00:00:00,0.024000000,18697.38365,False
286,01060,0001,07/22/2034 00:00:00,0.060000000,950.00000,False
287,01015,0001,08/02/2034 00:00:00,1000.000000000,17.00000,False
288,01015,0001,08/02/2034 00:00:00,200.000000000,17.00000,False
289,01009,0001,07/21/2034 00:00:00,0.004500000,2199.68505,False
289,01013,0001,07/21/2034 00:00:00,0.045000000,209.98276,False
289,01016,0001,07/21/2034 00:00:00,360.000000000,10.00000,False
289,01042,0001,07/22/2034 00:00:00,4.500000000,168.72320,False
289,01043,0001,08/24/2034 00:00:00,90.000000000,13.75000,False
289,01050,0001,07/22/2034 00:00:00,0.540000000,3086.04001,False
289,01053,0001,07/22/2034 00:00:00,0.045000000,17499.52012,False
289,01054,0001,07/22/2034 00:00:00,0.045000000,17499.10934,False
289,01143,0001,07/22/2034 00:00:00,0.225000000,3200.00000,False
290,01013,0001,07/21/2034 00:00:00,0.900000000,209.98276,False
290,01022,0001,07/23/2034 00:00:00,0.000960000,4000.00000,False
290,01038,0001,07/22/2034 00:00:00,0.900000000,650.00000,False
290,01043,0001,08/24/2034 00:00:00,0.300000000,13.75000,False
290,01048,0001,07/22/2034 00:00:00,0.240000000,1405.95140,False
290,01056,0001,07/22/2034 00:00:00,0.024000000,18697.38365,False
290,01060,0001,07/22/2034 00:00:00,0.060000000,950.00000,False
291,01003,0001,07/21/2034 00:00:00,200.000000000,13.10015,False
292,01023,0001,07/22/2034 00:00:00,0.130000000,7043.77043,False
292,01025,0001,08/12/2034 00:00:00,0.130000000,7200.00000,False
292,01028,0001,07/22/2034 00:00:00,0.065000000,1650.00000,False
292,01041,0001,07/22/2034 00:00:00,0.065000000,649.99986,False
292,01045,0001,07/22/2034 00:00:00,0.130000000,421.69511,False
292,01050,0001,07/22/2034 00:00:00,0.001300000,3086.04001,False
292,01058,0001,07/22/2034 00:00:00,0.052000000,1450.05753,False
293,01022,0001,07/23/2034 00:00:00,0.230000000,4000.00000,False
293,01065,0001,07/23/2034 00:00:00,23.000000000,265.00000,False
293,01075,0001,07/23/2034 00:00:00,0.115000000,5192.27539,False
294,01003,0001,07/21/2034 00:00:00,5000.000000000,13.10015,False
295,01013,0001,07/21/2034 00:00:00,1.500000000,209.98276,False
295,01022,0001,07/23/2034 00:00:00,0.001600000,4000.00000,False
295,01038,0001,07/22/2034 00:00:00,1.500000000,650.00000,False
295,01043,0001,08/24/2034 00:00:00,0.500000000,13.75000,False
295,01048,0001,07/22/2034 00:00:00,0.400000000,1405.95140,False
295,01056,0001,07/22/2034 00:00:00,0.040000000,18697.38365,False
295,01060,0001,07/22/2034 00:00:00,0.100000000,950.00000,False
296,01012,0001,07/21/2034 00:00:00,0.020000000,4000.00000,False
296,01035,0001,09/06/2034 00:00:00,0.200000000,1278.57143,False
296,01043,0001,08/24/2034 00:00:00,0.140000000,13.75000,False
296,01044,0001,07/22/2034 00:00:00,0.300000000,128.02872,False
296,01058,0001,07/22/2034 00:00:00,0.020000000,1450.05753,False
297,01023,0001,07/22/2034 00:00:00,0.070000000,7043.77043,False
297,01025,0001,08/12/2034 00:00:00,0.070000000,7200.00000,False
297,01028,0001,07/22/2034 00:00:00,0.035000000,1650.00000,False
297,01036,0001,07/22/2034 00:00:00,0.035000000,750.00000,False
297,01041,0001,07/22/2034 00:00:00,0.035000000,649.99986,False
297,01045,0001,07/22/2034 00:00:00,0.070000000,421.69511,False
297,01058,0001,07/22/2034 00:00:00,0.028000000,1450.05753,False
298,01015,0001,08/02/2034 00:00:00,60.000000000,17.00000,False
298,01016,0001,07/21/2034 00:00:00,40.000000000,10.00000,False
299,01019,0001,07/23/2034 00:00:00,0.055000000,5473.93365,False
299,01022,0001,07/23/2034 00:00:00,0.110000000,4000.00000,False
299,01065,0001,07/23/2034 00:00:00,11.000000000,265.00000,False
299,01075,0001,07/23/2034 00:00:00,0.055000000,5192.27539,False
299,01189,0001,07/22/2034 00:00:00,2.200000000,717.02456,False
300,01016,0001,07/21/2034 00:00:00,20.000000000,10.00000,False
300,01042,0001,07/22/2034 00:00:00,0.300000000,168.72320,False
300,01043,0001,08/24/2034 00:00:00,5.000000000,13.75000,False
300,01050,0001,07/22/2034 00:00:00,0.250000000,3086.04001,False
300,01054,0001,07/22/2034 00:00:00,0.002500000,17499.10934,False
301,01003,0001,07/21/2034 00:00:00,50.000000000,13.10015,False
301,01007,0001,08/02/2034 00:00:00,2.000000000,35.00000,False
301,01033,0001,08/02/2034 00:00:00,2.000000000,50.00000,False
302,01190,0001,08/12/2034 00:00:00,2125.000000000,11.50000,False
303,01041,0001,07/22/2034 00:00:00,0.240000000,649.99986,False
303,01044,0001,07/22/2034 00:00:00,0.535000000,128.02872,False
303,01044,001,10/01/2034 00:00:00,0.245000000,128.00000,False
303,01045,0001,07/22/2034 00:00:00,0.780000000,421.69511,False
303,01050,0001,07/22/2034 00:00:00,0.002400000,3086.04001,False
303,01055,0001,07/22/2034 00:00:00,6.000000000,1549.97167,False
305,01009,0001,07/21/2034 00:00:00,0.066250000,2199.68505,False
305,01013,0001,07/21/2034 00:00:00,0.066250000,209.98276,False
305,01016,0001,07/21/2034 00:00:00,1060.000000000,10.00000,False
305,01034,0001,07/22/2034 00:00:00,1.325000000,556.05574,False
305,01042,0001,07/22/2034 00:00:00,15.900000000,168.72320,False
305,01043,0001,08/24/2034 00:00:00,265.000000000,13.75000,False
305,01050,001,10/01/2028 00:00:00,1.987500000,3100.00000,False
305,01052,0001,07/22/2034 00:00:00,0.662500000,14500.00000,False
305,01053,0001,07/22/2034 00:00:00,0.662500000,17499.52012,False
305,01054,0001,07/22/2034 00:00:00,0.530000000,17499.10934,False
305,01056,0001,07/22/2034 00:00:00,0.265000000,18697.38365,False
305,01057,0001,07/22/2034 00:00:00,0.265000000,14000.00000,False
305,01060,0001,07/22/2034 00:00:00,2.650000000,950.00000,False
305,01072,0001,07/22/2034 00:00:00,0.530000000,9500.00000,False
305,01073,001,10/01/2028 00:00:00,0.132500000,400.00000,False
305,01143,0001,07/22/2034 00:00:00,3.975000000,3200.00000,False
306,01009,0001,07/21/2034 00:00:00,0.001950000,2199.68505,False
306,01013,0001,07/21/2034 00:00:00,0.019500000,209.98276,False
306,01016,0001,07/21/2034 00:00:00,156.000000000,10.00000,False
306,01042,0001,07/22/2034 00:00:00,1.950000000,168.72320,False
306,01043,0001,08/24/2034 00:00:00,39.000000000,13.75000,False
306,01050,001,10/01/2028 00:00:00,0.234000000,3100.00000,False
306,01053,0001,07/22/2034 00:00:00,0.019500000,17499.52012,False
306,01054,0001,07/22/2034 00:00:00,0.019500000,17499.10934,False
306,01143,0001,07/22/2034 00:00:00,0.097500000,3200.00000,False
307,01013,0001,07/21/2034 00:00:00,3.450000000,209.98276,False
307,01022,0001,07/23/2034 00:00:00,0.003680000,4000.00000,False
307,01038,001,10/01/2028 00:00:00,3.450000000,650.00000,False
307,01043,0001,08/24/2034 00:00:00,1.150000000,13.75000,False
307,01048,0001,07/22/2034 00:00:00,0.920000000,1405.95140,False
307,01056,0001,07/22/2034 00:00:00,0.092000000,18697.38365,False
307,01058,001,10/01/2028 00:00:00,1.150000000,1450.00000,False
307,01060,0001,07/22/2034 00:00:00,0.230000000,950.00000,False
308,01003,0001,07/21/2034 00:00:00,275.000000000,13.10015,False
309,01050,001,10/01/2028 00:00:00,0.003600000,3100.00000,False
309,01055,0001,07/22/2034 00:00:00,0.300000000,1549.97167,False
309,01056,0001,07/22/2034 00:00:00,0.012000000,18697.38365,False
309,01058,001,10/01/2028 00:00:00,0.120000000,1450.00000,False
309,01060,0001,07/22/2034 00:00:00,0.120000000,950.00000,False
309,01072,0001,07/22/2034 00:00:00,0.300000000,9500.00000,False
310,01023,0001,07/22/2034 00:00:00,0.130000000,7043.77043,False
310,01025,0001,08/12/2034 00:00:00,0.130000000,7200.00000,False
310,01028,0001,07/22/2034 00:00:00,0.065000000,1650.00000,False
310,01036,0001,07/22/2034 00:00:00,0.065000000,750.00000,False
310,01041,001,10/01/2028 00:00:00,0.065000000,560.00000,False
310,01045,0001,07/22/2034 00:00:00,0.130000000,421.69511,False
310,01050,001,10/01/2028 00:00:00,0.001300000,3100.00000,False
310,01058,001,10/01/2028 00:00:00,0.052000000,1450.00000,False
311,01010,0001,07/21/2034 00:00:00,0.096000000,2800.00000,False
311,01011,0001,07/21/2034 00:00:00,0.480000000,4840.91985,False
311,01012,0001,07/21/2034 00:00:00,0.004800000,4000.00000,False
311,01020,0001,07/22/2034 00:00:00,0.048000000,350.00000,False
311,01038,001,10/01/2028 00:00:00,0.720000000,650.00000,False
311,01041,001,10/01/2028 00:00:00,1.920000000,560.00000,False
311,01058,001,10/01/2028 00:00:00,0.240000000,1450.00000,False
311,01060,0001,07/22/2034 00:00:00,0.048000000,950.00000,False
314,01041,001,10/01/2028 00:00:00,0.160000000,560.00000,False
314,01045,0001,07/22/2034 00:00:00,1.200000000,421.69511,False
314,01052,0001,07/22/2034 00:00:00,0.012000000,14500.00000,False
314,01058,001,10/01/2028 00:00:00,0.160000000,1450.00000,False
314,01072,0001,07/22/2034 00:00:00,0.800000000,9500.00000,False
315,01022,0001,07/23/2034 00:00:00,0.350000000,4000.00000,False
315,01065,0001,07/23/2034 00:00:00,35.000000000,265.00000,False
316,01003,0001,07/21/2034 00:00:00,25.000000000,13.10015,False
316,01033,0001,08/02/2034 00:00:00,5.000000000,50.00000,False
316,01059,0001,08/06/2034 00:00:00,20.000000000,72.44776,False
317,01009,0001,07/21/2034 00:00:00,2.000000000,2199.68505,False
317,01020,0001,07/22/2034 00:00:00,40.000000000,350.00000,False
317,01041,001,10/01/2028 00:00:00,2.000000000,560.00000,False
317,01060,0001,07/22/2034 00:00:00,0.500000000,950.00000,False
318,01010,0001,07/21/2034 00:00:00,0.160000000,2800.00000,False
318,01034,0001,07/22/2034 00:00:00,0.400000000,556.05574,False
318,01041,001,10/01/2028 00:00:00,0.800000000,560.00000,False
318,01043,0001,08/24/2034 00:00:00,0.800000000,13.75000,False
318,01055,0001,07/22/2034 00:00:00,0.400000000,1549.97167,False
318,01058,001,10/01/2028 00:00:00,0.800000000,1450.00000,False
318,01073,001,10/01/2028 00:00:00,0.400000000,400.00000,False
318,01105,0001,07/22/2034 00:00:00,0.400000000,414.58858,False
319,01023,0001,07/22/2034 00:00:00,2.000000000,7043.77043,False
319,01025,0001,08/12/2034 00:00:00,2.000000000,7200.00000,False
319,01041,001,10/01/2028 00:00:00,0.800000000,560.00000,False
319,01050,001,10/01/2028 00:00:00,0.080000000,3100.00000,False
319,01058,001,10/01/2028 00:00:00,0.800000000,1450.00000,False
320,01009,0001,07/21/2034 00:00:00,1.800000000,2199.68505,False
320,01010,0001,07/21/2034 00:00:00,0.960000000,2800.00000,False
320,01020,0001,07/22/2034 00:00:00,0.960000000,350.00000,False
320,01028,0001,07/22/2034 00:00:00,0.720000000,1650.00000,False
320,01041,001,10/01/2028 00:00:00,0.600000000,560.00000,False
320,01045,0001,07/22/2034 00:00:00,2.400000000,421.69511,False
320,01058,001,10/01/2028 00:00:00,0.480000000,1450.00000,False
320,01105,0001,07/22/2034 00:00:00,0.360000000,414.58858,False
320,01115,0001,07/21/2034 00:00:00,0.240000000,1200.00000,False
320,01184,0001,07/21/2034 00:00:00,6.000000000,366.66667,False
321,01041,001,10/01/2028 00:00:00,1.472000000,560.00000,False
321,01047,001,10/01/2028 00:00:00,368.000000000,71.57143,False
321,01050,001,10/01/2028 00:00:00,0.368000000,3100.00000,False
321,01055,0001,07/22/2034 00:00:00,3.400000000,1549.97167,False
321,01055,001,10/02/2028 00:00:00,15.000000000,1550.00000,False
321,01073,001,10/01/2028 00:00:00,0.736000000,400.00000,False
321,01105,0001,07/22/2034 00:00:00,0.736000000,414.58858,False
322,01019,001,10/02/2028 00:00:00,6.000000000,5000.00000,False
322,01031,001,10/02/2028 00:00:00,6.000000000,6500.00000,False
322,01041,001,10/01/2028 00:00:00,2.400000000,560.00000,False
322,01058,001,10/01/2028 00:00:00,1.800000000,1450.00000,False
323,01003,0001,07/21/2034 00:00:00,490.000000000,13.10015,False
323,01187,0001,07/22/2034 00:00:00,5.000000000,387.09074,False
324,01041,001,10/01/2028 00:00:00,1.500000000,560.00000,False
324,01047,001,10/01/2028 00:00:00,270.000000000,71.57143,False
324,01055,0001,07/22/2034 00:00:00,3.000000000,1549.97167,False
324,01105,0001,07/22/2034 00:00:00,0.900000000,414.58858,False
325,01010,0001,07/21/2034 00:00:00,3.000000000,2800.00000,False
325,01012,0001,07/21/2034 00:00:00,0.020000000,4000.00000,False
325,01034,0001,07/22/2034 00:00:00,5.000000000,556.05574,False
325,01041,001,10/01/2028 00:00:00,0.800000000,560.00000,False
325,01045,001,10/02/2028 00:00:00,10.000000000,350.00000,False
325,01058,001,10/01/2028 00:00:00,0.800000000,1450.00000,False
325,01184,001,10/02/2028 00:00:00,12.000000000,367.00000,False
326,01009,0001,07/21/2034 00:00:00,1.600000000,2199.68505,False
326,01028,0001,07/22/2034 00:00:00,2.400000000,1650.00000,False
326,01041,001,10/01/2028 00:00:00,0.800000000,560.00000,False
326,01058,001,10/01/2028 00:00:00,0.640000000,1450.00000,False
327,01010,0001,07/21/2034 00:00:00,0.800000000,2800.00000,False
327,01012,0001,07/21/2034 00:00:00,0.016000000,4000.00000,False
327,01020,0001,07/22/2034 00:00:00,0.800000000,350.00000,False
327,01041,001,10/01/2028 00:00:00,0.320000000,560.00000,False
327,01046,0001,07/22/2034 00:00:00,0.800000000,13130.72776,False
327,01058,001,10/01/2028 00:00:00,0.320000000,1450.00000,False
328,01023,0001,07/22/2034 00:00:00,0.560000000,7043.77043,False
328,01025,0001,08/12/2034 00:00:00,0.560000000,7200.00000,False
328,01041,001,10/01/2028 00:00:00,0.640000000,560.00000,False
328,01050,001,10/01/2028 00:00:00,0.016000000,3100.00000,False
328,01058,001,10/01/2028 00:00:00,0.640000000,1450.00000,False
329,01003,0001,07/21/2034 00:00:00,500.000000000,13.10015,False
330,01009,0001,07/21/2034 00:00:00,1.500000000,2199.68505,False
330,01020,0001,07/22/2034 00:00:00,25.000000000,350.00000,False
330,01041,001,10/01/2028 00:00:00,1.000000000,560.00000,False
330,01060,0001,07/22/2034 00:00:00,0.500000000,950.00000,False
331,01003,0001,07/21/2034 00:00:00,1500.000000000,13.10015,False
332,01065,0001,07/23/2034 00:00:00,57.000000000,265.00000,False
332,01075,001,10/02/2028 00:00:00,0.285000000,5000.00000,False
332,01189,001,10/02/2028 00:00:00,11.400000000,650.00000,False
333,01013,0001,07/21/2034 00:00:00,3.675000000,209.98276,False
333,01022,0001,07/23/2034 00:00:00,0.003920000,4000.00000,False
333,01038,001,10/01/2028 00:00:00,3.675000000,650.00000,False
333,01043,0001,08/24/2034 00:00:00,1.225000000,13.75000,False
333,01048,0001,07/22/2034 00:00:00,0.980000000,1405.95140,False
333,01056,0001,07/22/2034 00:00:00,0.098000000,18697.38365,False
333,01058,001,10/01/2028 00:00:00,1.225000000,1450.00000,False
333,01060,0001,07/22/2034 00:00:00,0.245000000,950.00000,False
334,01003,0001,07/21/2034 00:00:00,5.000000000,13.10015,False
334,01016,0001,07/21/2034 00:00:00,500.000000000,10.00000,False
334,01044,001,10/01/2034 00:00:00,25.000000000,128.00000,False
335,01003,0001,07/21/2034 00:00:00,625.000000000,13.10015,False
336,01003,0001,07/21/2034 00:00:00,5.000000000,13.10015,False
336,01016,0001,07/21/2034 00:00:00,500.000000000,10.00000,False
336,01044,001,10/01/2034 00:00:00,25.000000000,128.00000,False
337,01003,0001,07/21/2034 00:00:00,75.000000000,13.10015,False
337,01007,0001,08/02/2034 00:00:00,3.000000000,35.00000,False
337,01033,0001,08/02/2034 00:00:00,3.000000000,50.00000,False
338,01015,0001,10/06/2034 00:00:00,375.000000000,17.00000,False
339,01041,001,10/01/2028 00:00:00,0.900000000,560.00000,False
339,01052,0001,07/22/2034 00:00:00,0.540000000,14500.00000,False
339,01053,0001,07/22/2034 00:00:00,0.360000000,17499.52012,False
339,01056,0001,07/22/2034 00:00:00,0.054000000,18697.38365,False
339,01057,0001,07/22/2034 00:00:00,0.036000000,14000.00000,False
339,01058,001,10/01/2028 00:00:00,0.720000000,1450.00000,False
340,01047,001,10/01/2028 00:00:00,240.000000000,71.93551,False
340,01055,0001,07/22/2034 00:00:00,6.000000000,1549.97167,False
340,01073,001,10/01/2028 00:00:00,3.000000000,400.00000,False
340,01105,0001,07/22/2034 00:00:00,3.000000000,414.58858,False
341,01009,0001,07/21/2034 00:00:00,0.810000000,2199.68505,False
341,01013,0001,07/21/2034 00:00:00,13.500000000,209.98276,False
341,01056,0001,07/22/2034 00:00:00,0.270000000,18697.38365,False
341,01060,0001,07/22/2034 00:00:00,2.700000000,950.00000,False
341,01104,0001,07/22/2034 00:00:00,1.620000000,1100.00000,False
341,01176,0001,09/04/2034 00:00:00,0.270000000,9500.00000,False
342,01009,0001,07/21/2034 00:00:00,0.375000000,2199.68505,False
342,01020,0001,07/22/2034 00:00:00,6.250000000,350.00000,False
342,01022,0001,07/23/2034 00:00:00,0.012500000,4000.00000,False
342,01041,001,10/01/2028 00:00:00,0.250000000,560.00000,False
342,01060,0001,07/22/2034 00:00:00,0.125000000,950.00000,False
343,01004,0001,07/29/2034 00:00:00,0.220000000,400.00000,False
343,01010,0001,07/21/2034 00:00:00,1.100000000,2800.00000,False
343,01012,0001,07/21/2034 00:00:00,0.022000000,4000.00000,False
343,01020,0001,07/22/2034 00:00:00,1.100000000,350.00000,False
343,01041,001,10/01/2028 00:00:00,1.100000000,560.00000,False
343,01046,0001,07/22/2034 00:00:00,1.100000000,13130.72776,False
343,01058,001,10/01/2028 00:00:00,1.100000000,1450.00000,False
343,01184,001,10/02/2028 00:00:00,11.000000000,367.00000,False
344,01003,0001,07/21/2034 00:00:00,500.000000000,13.10015,False
344,01016,0001,07/21/2034 00:00:00,500.000000000,10.00000,False
344,01059,0001,08/06/2034 00:00:00,500.000000000,72.44776,False
347,01003,001,10/05/2028 00:00:00,500.000000000,13.00000,False
348,01003,001,10/05/2028 00:00:00,375.000000000,13.00000,False
351,01015,0001,10/06/2034 00:00:00,1500.000000000,17.00000,False
352,01190,0001,08/12/2034 00:00:00,1000.000000000,11.50000,False
354,01013,001,10/05/2028 00:00:00,3.300000000,220.00000,False
354,01022,0001,07/23/2034 00:00:00,0.003520000,4000.00000,False
354,01038,001,10/01/2028 00:00:00,3.300000000,650.00000,False
354,01043,001,10/05/2028 00:00:00,1.100000000,13.75000,False
354,01048,0001,07/22/2034 00:00:00,0.880000000,1405.95140,False
354,01056,0001,07/22/2034 00:00:00,0.088000000,18697.38365,False
354,01058,001,10/01/2028 00:00:00,1.100000000,1450.00000,False
354,01060,001,10/05/2028 00:00:00,0.220000000,950.00000,False
355,01003,001,10/05/2028 00:00:00,525.000000000,13.00000,False
356,01065,0001,07/23/2034 00:00:00,57.000000000,265.00000,False
356,01075,001,10/02/2028 00:00:00,0.285000000,5000.00000,False
356,01189,001,10/02/2028 00:00:00,11.400000000,650.00000,False
357,01004,0001,07/29/2034 00:00:00,0.300000000,400.00000,False
357,01010,0001,07/21/2034 00:00:00,3.000000000,2800.00000,False
357,01012,0001,07/21/2034 00:00:00,0.060000000,4000.00000,False
357,01020,001,10/05/2028 00:00:00,3.000000000,312.00000,False
357,01021,001,10/05/2028 00:00:00,3.000000000,340.00000,False
357,01041,001,10/01/2028 00:00:00,1.500000000,560.00000,False
357,01046,0001,07/22/2034 00:00:00,4.500000000,13130.72776,False
357,01058,001,10/01/2028 00:00:00,1.200000000,1450.00000,False
359,01009,001,10/05/2028 00:00:00,1.500000000,2200.00000,False
359,01020,001,10/05/2028 00:00:00,25.000000000,312.00000,False
359,01021,001,10/05/2028 00:00:00,12.500000000,340.00000,False
359,01022,0001,07/23/2034 00:00:00,0.050000000,4000.00000,False
359,01060,001,10/05/2028 00:00:00,0.500000000,950.00000,False
360,01003,001,10/05/2028 00:00:00,250.000000000,13.00000,False
361,01003,001,10/05/2028 00:00:00,250.000000000,13.00000,False
361,01007,0001,08/02/2034 00:00:00,50.000000000,35.00000,False
361,01033,0001,08/02/2034 00:00:00,50.000000000,50.00000,False
361,01059,0001,08/06/2034 00:00:00,200.000000000,72.44776,False
362,01016,0001,07/21/2034 00:00:00,600.000000000,10.00000,False
362,01042,001,10/05/2028 00:00:00,10.000000000,167.00000,False
362,01043,001,10/05/2028 00:00:00,150.000000000,13.75000,False
362,01050,001,10/01/2028 00:00:00,1.125000000,3100.00000,False
363,01003,001,10/05/2028 00:00:00,20.000000000,13.00000,False
363,01015,0001,10/06/2034 00:00:00,5.000000000,17.00000,False
364,01023,0001,07/22/2034 00:00:00,0.240000000,7043.77043,False
364,01025,0001,08/12/2034 00:00:00,0.240000000,7200.00000,False
364,01028,0001,07/22/2034 00:00:00,0.120000000,1650.00000,False
364,01041,001,10/01/2028 00:00:00,0.120000000,560.00000,False
364,01045,001,10/02/2028 00:00:00,0.240000000,350.00000,False
364,01050,001,10/01/2028 00:00:00,0.002400000,3100.00000,False
364,01058,001,10/01/2028 00:00:00,0.096000000,1450.00000,False
365,01031,001,10/02/2028 00:00:00,0.072000000,6500.00000,False
365,01041,001,10/01/2028 00:00:00,0.060000000,560.00000,False
365,01048,0001,07/22/2034 00:00:00,0.060000000,1405.95140,False
365,01058,001,10/01/2028 00:00:00,0.060000000,1450.00000,False
366,01005,0001,07/21/2034 00:00:00,0.024000000,1500.00000,False
366,01010,0001,07/21/2034 00:00:00,0.240000000,2800.00000,False
366,01011,0001,07/21/2034 00:00:00,0.480000000,4840.91985,False
366,01012,0001,07/21/2034 00:00:00,0.004800000,4000.00000,False
366,01020,001,10/05/2028 00:00:00,0.120000000,312.00000,False
366,01021,001,10/05/2028 00:00:00,0.120000000,340.00000,False
366,01041,001,10/01/2028 00:00:00,0.120000000,560.00000,False
366,01046,0001,07/22/2034 00:00:00,0.120000000,13130.72776,False
366,01058,001,10/01/2028 00:00:00,0.096000000,1450.00000,False
366,01184,001,10/02/2028 00:00:00,1.200000000,367.00000,False
367,01009,001,10/05/2028 00:00:00,0.400000000,2200.00000,False
367,01010,0001,07/21/2034 00:00:00,1.600000000,2800.00000,False
367,01012,0001,07/21/2034 00:00:00,0.020000000,4000.00000,False
367,01020,001,10/05/2028 00:00:00,0.700000000,312.00000,False
367,01021,001,10/05/2028 00:00:00,0.700000000,340.00000,False
367,01028,0001,07/22/2034 00:00:00,2.200000000,1650.00000,False
367,01045,001,10/02/2028 00:00:00,4.000000000,350.00000,False
367,01058,001,10/01/2028 00:00:00,0.800000000,1450.00000,False
367,01105,0001,07/22/2034 00:00:00,0.400000000,414.58858,False
367,01184,001,10/07/2028 00:00:00,20.000000000,367.00000,False
368,01009,001,10/05/2028 00:00:00,1.500000000,2200.00000,False
368,01020,001,10/05/2028 00:00:00,40.000000000,312.00000,False
368,01021,001,10/05/2028 00:00:00,12.500000000,340.00000,False
368,01060,001,10/05/2028 00:00:00,0.500000000,950.00000,False
369,01003,001,10/05/2028 00:00:00,5000.000000000,13.00000,False
370,01002,0001,07/21/2034 00:00:00,25.000000000,277.57357,False
370,01003,001,10/05/2028 00:00:00,187.500000000,13.00000,False
370,01015,0001,10/06/2034 00:00:00,250.000000000,17.00000,False
370,01073,001,10/01/2028 00:00:00,12.500000000,400.00000,False
373,01065,0001,07/23/2034 00:00:00,23.000000000,265.00000,False
373,01075,001,10/02/2028 00:00:00,0.115000000,5000.00000,False
373,01189,001,10/02/2028 00:00:00,4.600000000,650.00000,False
374,01023,0001,07/22/2034 00:00:00,0.810000000,7043.77043,False
374,01025,0001,08/12/2034 00:00:00,0.810000000,7200.00000,False
374,01028,0001,07/22/2034 00:00:00,0.405000000,1650.00000,False
374,01041,001,10/01/2028 00:00:00,0.405000000,560.00000,False
374,01045,001,10/02/2028 00:00:00,0.810000000,350.00000,False
374,01050,001,10/01/2028 00:00:00,0.008100000,3100.00000,False
374,01058,001,10/01/2028 00:00:00,0.324000000,1450.00000,False
375,01010,0001,07/21/2034 00:00:00,0.040000000,2800.00000,False
375,01011,0001,07/21/2034 00:00:00,0.200000000,4840.91985,False
375,01012,0001,07/21/2034 00:00:00,0.002000000,4000.00000,False
375,01020,001,10/05/2028 00:00:00,0.020000000,312.00000,False
375,01038,001,10/01/2028 00:00:00,0.300000000,650.00000,False
375,01058,001,10/01/2028 00:00:00,0.100000000,1450.00000,False
375,01060,001,10/05/2028 00:00:00,0.020000000,950.00000,False
375,01184,001,10/07/2028 00:00:00,2.000000000,367.00000,False
376,01027,0001,09/09/2034 00:00:00,4.000000000,400.00000,False
376,01050,001,10/01/2028 00:00:00,0.004000000,3100.00000,False
376,01058,001,10/01/2028 00:00:00,0.200000000,1450.00000,False
377,01012,0001,07/21/2034 00:00:00,0.040000000,4000.00000,False
377,01021,001,10/05/2028 00:00:00,0.400000000,340.00000,False
377,01035,0001,09/06/2034 00:00:00,0.400000000,1278.57143,False
377,01041,001,10/01/2028 00:00:00,0.016000000,560.00000,False
377,01043,001,10/05/2028 00:00:00,0.280000000,13.75000,False
377,01044,001,10/01/2034 00:00:00,0.600000000,128.00000,False
377,01058,001,10/01/2028 00:00:00,0.040000000,1450.00000,False
379,01047,001,10/01/2028 00:00:00,90.000000000,71.95003,False
379,01055,0001,07/22/2034 00:00:00,2.250000000,1549.97167,False
379,01073,001,10/01/2028 00:00:00,0.270000000,400.00000,False
379,01105,0001,07/22/2034 00:00:00,0.180000000,414.58858,False
380,01003,001,10/05/2028 00:00:00,50.000000000,13.00000,False
380,01007,0001,08/02/2034 00:00:00,10.000000000,35.00000,False
380,01033,0001,08/02/2034 00:00:00,10.000000000,50.00000,False
380,01059,0001,08/06/2034 00:00:00,40.000000000,72.44776,False
382,01009,001,10/05/2028 00:00:00,0.002500000,2200.00000,False
382,01013,001,10/05/2028 00:00:00,0.025000000,220.00000,False
382,01016,0001,07/21/2034 00:00:00,200.000000000,10.00000,False
382,01042,001,10/05/2028 00:00:00,2.500000000,167.00000,False
382,01043,001,10/05/2028 00:00:00,50.000000000,13.75000,False
382,01050,001,10/01/2028 00:00:00,0.300000000,3100.00000,False
382,01053,0001,07/22/2034 00:00:00,0.025000000,17499.52012,False
382,01054,0001,07/22/2034 00:00:00,0.025000000,17499.10934,False
382,01143,0001,07/22/2034 00:00:00,0.125000000,3200.00000,False
383,01003,001,10/05/2028 00:00:00,400.000000000,13.00000,False
383,01031,001,10/02/2028 00:00:00,1.500000000,6500.00000,False
383,01059,0001,08/06/2034 00:00:00,100.000000000,72.44776,False
384,01041,001,10/01/2028 00:00:00,0.200000000,560.00000,False
384,01052,0001,07/22/2034 00:00:00,0.120000000,14500.00000,False
384,01056,0001,07/22/2034 00:00:00,0.024000000,18697.38365,False
384,01058,001,10/01/2028 00:00:00,0.200000000,1450.00000,False
384,01072,0001,07/22/2034 00:00:00,0.000480000,9500.00000,False
385,01017,0001,07/22/2034 00:00:00,0.240000000,3370.67997,False
385,01031,001,10/02/2028 00:00:00,0.600000000,6500.00000,False
385,01048,0001,07/22/2034 00:00:00,0.120000000,1405.95140,False
385,01058,001,10/01/2028 00:00:00,0.200000000,1450.00000,False
389,01004,0001,07/29/2034 00:00:00,0.040000000,400.00000,False
389,01010,0001,07/21/2034 00:00:00,0.200000000,2800.00000,False
389,01012,0001,07/21/2034 00:00:00,0.004000000,4000.00000,False
389,01020,001,10/05/2028 00:00:00,0.200000000,312.00000,False
389,01021,0001,07/21/2034 00:00:00,0.020000000,399.62005,False
389,01021,001,10/05/2028 00:00:00,0.180000000,340.00000,False
389,01046,0001,07/22/2034 00:00:00,0.200000000,13130.72776,False
389,01058,001,10/01/2028 00:00:00,0.200000000,1450.00000,False
389,01184,0001,07/21/2034 00:00:00,2.000000000,366.66667,False
390,01009,001,10/05/2028 00:00:00,4.000000000,2200.00000,False
390,01028,0001,07/22/2034 00:00:00,0.400000000,1650.00000,False
390,01045,001,10/02/2028 00:00:00,2.000000000,350.00000,False
390,01058,001,10/01/2028 00:00:00,0.120000000,1450.00000,False
391,01044,001,10/01/2034 00:00:00,0.780000000,128.00000,False
391,01045,001,10/02/2028 00:00:00,0.780000000,350.00000,False
391,01050,001,10/01/2028 00:00:00,0.002400000,3100.00000,False
391,01055,0001,07/22/2034 00:00:00,6.000000000,1549.97167,False
392,01003,0001,07/21/2034 00:00:00,630.500000000,13.10015,False
392,01003,001,10/05/2028 00:00:00,1869.500000000,13.00000,False
393,01003,0001,07/21/2034 00:00:00,2500.000000000,13.10015,False
394,01003,0001,07/21/2034 00:00:00,50.000000000,13.10015,False
394,01007,0001,08/02/2034 00:00:00,20.000000000,35.00000,False
394,01033,0001,08/02/2034 00:00:00,10.000000000,50.00000,False
394,01059,0001,08/06/2034 00:00:00,40.000000000,72.44776,False
395,01017,0001,07/22/2034 00:00:00,0.400000000,3370.67997,False
395,01031,001,10/02/2028 00:00:00,0.400000000,6500.00000,False
395,01041,001,10/01/2028 00:00:00,0.060000000,560.00000,False
395,01048,0001,07/22/2034 00:00:00,0.080000000,1405.95140,False
395,01058,001,10/01/2028 00:00:00,0.080000000,1450.00000,False
396,01003,0001,07/21/2034 00:00:00,100.000000000,13.10015,False
396,01016,0001,07/21/2034 00:00:00,10.000000000,10.00000,False
396,01059,0001,08/06/2034 00:00:00,100.000000000,72.44776,False
397,01003,0001,07/21/2034 00:00:00,400.000000000,13.10015,False
397,01031,001,10/02/2028 00:00:00,1.500000000,6500.00000,False
398,01003,0001,07/21/2034 00:00:00,130.000000000,13.10015,False
399,01023,0001,07/22/2034 00:00:00,0.200000000,7043.77043,False
399,01025,0001,08/12/2034 00:00:00,0.200000000,7200.00000,False
399,01028,0001,07/22/2034 00:00:00,0.100000000,1650.00000,False
399,01045,001,10/02/2028 00:00:00,0.200000000,350.00000,False
399,01050,001,10/01/2028 00:00:00,0.002000000,3100.00000,False
399,01058,001,10/01/2028 00:00:00,0.080000000,1450.00000,False
400,01013,001,10/05/2028 00:00:00,0.510000000,220.00000,False
400,01022,0001,07/23/2034 00:00:00,0.000544000,4000.00000,False
400,01038,001,10/01/2028 00:00:00,0.510000000,650.00000,False
400,01043,001,10/05/2028 00:00:00,0.170000000,13.75000,False
400,01048,0001,07/22/2034 00:00:00,0.136000000,1405.95140,False
400,01056,0001,07/22/2034 00:00:00,0.013600000,18697.38365,False
400,01058,001,10/01/2028 00:00:00,0.170000000,1450.00000,False
400,01060,001,10/05/2028 00:00:00,0.034000000,950.00000,False
401,01027,0001,09/09/2034 00:00:00,1.000000000,400.00000,False
401,01050,001,10/01/2028 00:00:00,0.001000000,3100.00000,False
401,01058,001,10/01/2028 00:00:00,0.050000000,1450.00000,False
401,01117,0001,07/22/2034 00:00:00,0.300000000,420.00000,False
401,01193,001,10/06/2028 00:00:00,0.500000000,1150.00000,False
402,01010,0001,07/21/2034 00:00:00,0.020000000,2800.00000,False
402,01011,0001,07/21/2034 00:00:00,0.100000000,4840.91985,False
402,01012,0001,07/21/2034 00:00:00,0.001000000,4000.00000,False
402,01020,001,10/05/2028 00:00:00,0.010000000,312.00000,False
402,01038,001,10/01/2028 00:00:00,0.150000000,650.00000,False
402,01058,001,10/01/2028 00:00:00,0.050000000,1450.00000,False
402,01060,001,10/05/2028 00:00:00,0.010000000,950.00000,False
403,01056,0001,07/22/2034 00:00:00,0.060000000,18697.38365,False
403,01072,0001,07/22/2034 00:00:00,0.001200000,9500.00000,False
404,01017,0001,07/22/2034 00:00:00,1.200000000,3370.67997,False
404,01031,001,10/02/2028 00:00:00,3.000000000,6500.00000,False
404,01048,0001,07/22/2034 00:00:00,0.600000000,1405.95140,False
404,01058,001,10/01/2028 00:00:00,1.000000000,1450.00000,False
405,01027,0001,09/09/2034 00:00:00,9.000000000,400.00000,False
405,01043,001,10/05/2028 00:00:00,5.400000000,13.75000,False
405,01050,001,10/01/2028 00:00:00,0.006000000,3100.00000,False
405,01058,001,10/01/2028 00:00:00,0.300000000,1450.00000,False
405,01073,001,10/01/2028 00:00:00,2.700000000,400.00000,False
406,01016,0001,07/21/2034 00:00:00,2000.000000000,10.00000,False
406,01042,001,10/05/2028 00:00:00,30.000000000,167.00000,False
406,01043,001,10/05/2028 00:00:00,500.000000000,13.75000,False
406,01050,001,10/01/2028 00:00:00,3.750000000,3100.00000,False
407,01001,0001,07/21/2034 00:00:00,0.200000000,1850.00000,False
407,01002,0001,07/21/2034 00:00:00,5.000000000,271.82371,False
407,01041,001,10/01/2028 00:00:00,0.250000000,560.00000,False
407,01047,001,10/01/2028 00:00:00,45.000000000,71.95003,False
407,01052,0001,07/22/2034 00:00:00,0.035000000,14500.00000,False
407,01056,0001,07/22/2034 00:00:00,0.010000000,18697.38365,False
407,01072,0001,07/22/2034 00:00:00,0.040000000,9500.00000,False
408,01010,0001,07/21/2034 00:00:00,1.500000000,2800.00000,False
408,01012,0001,07/21/2034 00:00:00,0.010000000,4000.00000,False
408,01013,001,10/05/2028 00:00:00,1.500000000,220.00000,False
408,01038,001,10/01/2028 00:00:00,1.500000000,650.00000,False
408,01043,001,10/05/2028 00:00:00,0.500000000,13.75000,False
408,01058,001,10/01/2028 00:00:00,0.500000000,1450.00000,False
408,01060,001,10/05/2028 00:00:00,0.100000000,950.00000,False
408,01184,001,10/07/2028 00:00:00,5.000000000,367.00000,False
409,01015,0001,10/06/2034 00:00:00,5500.000000000,17.00000,False
410,01015,0001,10/06/2034 00:00:00,750.000000000,17.00000,False
411,01015,0001,10/06/2034 00:00:00,2500.000000000,17.00000,False
412,01012,0001,07/21/2034 00:00:00,0.024000000,4000.00000,False
412,01041,001,10/01/2028 00:00:00,0.300000000,560.00000,False
412,01058,001,10/01/2028 00:00:00,0.240000000,1450.00000,False
413,01003,001,10/05/2028 00:00:00,30.000000000,13.00000,False
413,01009,001,10/05/2028 00:00:00,0.200000000,2200.00000,False
413,01015,0001,10/06/2034 00:00:00,425.000000000,17.00000,False
413,01034,0001,07/22/2034 00:00:00,5.000000000,559.14782,False
413,01053,0001,07/22/2034 00:00:00,0.500000000,17499.52012,False
413,01054,0001,07/22/2034 00:00:00,0.500000000,17499.10934,False
413,01060,001,10/05/2028 00:00:00,1.000000000,950.00000,False
413,01143,0001,07/22/2034 00:00:00,1.500000000,3200.00000,False
414,01003,001,10/05/2028 00:00:00,7.500000000,13.00000,False
414,01015,0001,10/06/2034 00:00:00,300.000000000,17.00000,False
414,01016,0001,07/21/2034 00:00:00,400.000000000,10.00000,False
414,01044,001,10/01/2034 00:00:00,20.000000000,128.00000,False
415,01027,001,10/07/2028 00:00:00,6.000000000,400.00000,False
415,01041,001,10/01/2028 00:00:00,0.040000000,560.00000,False
415,01043,001,10/05/2028 00:00:00,3.600000000,13.75000,False
415,01050,001,10/01/2028 00:00:00,0.004000000,3100.00000,False
415,01058,001,10/01/2028 00:00:00,0.200000000,1450.00000,False
415,01073,001,10/01/2028 00:00:00,1.800000000,400.00000,False
416,01190,0001,08/12/2034 00:00:00,250.000000000,11.50000,False
417,01015,0001,10/06/2034 00:00:00,500.000000000,17.00000,False
418,01016,0001,07/21/2034 00:00:00,395.000000000,10.00000,False
418,01042,001,10/05/2028 00:00:00,6.000000000,167.00000,False
418,01043,001,10/05/2028 00:00:00,100.000000000,13.75000,False
418,01050,001,10/01/2028 00:00:00,0.750000000,3100.00000,False
419,01010,0001,07/21/2034 00:00:00,0.900000000,2800.00000,False
419,01012,0001,07/21/2034 00:00:00,0.006000000,4000.00000,False
419,01013,001,10/05/2028 00:00:00,0.900000000,220.00000,False
419,01038,001,10/01/2028 00:00:00,0.900000000,650.00000,False
419,01043,001,10/05/2028 00:00:00,0.300000000,13.75000,False
419,01058,001,10/01/2028 00:00:00,0.300000000,1450.00000,False
419,01060,001,10/05/2028 00:00:00,0.060000000,950.00000,False
419,01184,001,10/07/2028 00:00:00,3.000000000,367.00000,False
420,01041,001,10/01/2028 00:00:00,0.120000000,560.00000,False
420,01052,0001,07/22/2034 00:00:00,0.012000000,14500.00000,False
420,01055,0001,07/22/2034 00:00:00,1.200000000,1549.98681,False
420,01058,001,10/01/2028 00:00:00,0.080000000,1450.00000,False
421,01016,0001,07/21/2034 00:00:00,400.000000000,10.00000,False
421,01042,0001,07/22/2034 00:00:00,4.500000000,168.72320,False
421,01042,001,10/05/2028 00:00:00,1.500000000,167.00000,False
421,01043,001,10/05/2028 00:00:00,100.000000000,13.75000,False
421,01050,001,10/01/2028 00:00:00,0.750000000,3100.00000,False
422,01013,001,10/05/2028 00:00:00,0.510000000,220.00000,False
422,01022,0001,07/23/2034 00:00:00,0.000544000,4000.00000,False
422,01038,001,10/01/2028 00:00:00,0.510000000,650.00000,False
422,01043,001,10/05/2028 00:00:00,0.170000000,13.75000,False
422,01048,0001,07/22/2034 00:00:00,0.136000000,1405.95140,False
422,01056,0001,07/22/2034 00:00:00,0.013600000,18697.38365,False
422,01058,001,10/01/2028 00:00:00,0.170000000,1450.00000,False
422,01060,001,10/05/2028 00:00:00,0.034000000,950.00000,False
423,01010,0001,07/21/2034 00:00:00,4.500000000,2800.00000,False
423,01012,0001,07/21/2034 00:00:00,0.030000000,4000.00000,False
423,01013,001,10/05/2028 00:00:00,4.500000000,220.00000,False
423,01038,001,10/01/2028 00:00:00,4.500000000,650.00000,False
423,01043,001,10/05/2028 00:00:00,1.500000000,13.75000,False
423,01060,001,10/05/2028 00:00:00,0.300000000,950.00000,False
423,01184,001,10/07/2028 00:00:00,15.000000000,367.00000,False
424,01010,0001,07/21/2034 00:00:00,1.000000000,2800.00000,False
424,01012,0001,07/21/2034 00:00:00,0.020000000,4000.00000,False
424,01020,0001,07/22/2034 00:00:00,0.050000000,350.00000,False
424,01020,001,10/05/2028 00:00:00,0.950000000,312.00000,False
424,01041,001,10/01/2028 00:00:00,0.400000000,560.00000,False
424,01046,0001,07/22/2034 00:00:00,1.500000000,13130.72776,False
424,01058,001,10/01/2028 00:00:00,0.400000000,1450.00000,False
424,01184,001,10/07/2028 00:00:00,10.000000000,367.00000,False
425,01023,0001,07/22/2034 00:00:00,2.000000000,7043.77043,False
425,01041,001,10/01/2028 00:00:00,0.800000000,560.00000,False
425,01045,001,10/02/2028 00:00:00,2.000000000,350.00000,False
425,01050,001,10/01/2028 00:00:00,0.040000000,3100.00000,False
426,01009,001,10/05/2028 00:00:00,6.000000000,2200.00000,False
426,01028,0001,07/22/2034 00:00:00,0.900000000,1650.00000,False
426,01041,001,10/01/2028 00:00:00,0.240000000,560.00000,False
426,01058,001,10/01/2028 00:00:00,0.240000000,1450.00000,False
427,01009,001,10/05/2028 00:00:00,6.000000000,2200.00000,False
427,01028,0001,07/22/2034 00:00:00,0.900000000,1650.00000,False
427,01041,001,10/01/2028 00:00:00,0.240000000,560.00000,False
428,01017,0001,07/22/2034 00:00:00,0.120000000,3370.67997,False
428,01031,001,10/02/2028 00:00:00,0.600000000,6500.00000,False
428,01036,0001,07/22/2034 00:00:00,0.300000000,750.00000,False
428,01041,001,10/01/2028 00:00:00,0.240000000,560.00000,False
428,01048,0001,07/22/2034 00:00:00,0.180000000,1405.95140,False
429,01010,0001,07/21/2034 00:00:00,1.000000000,2800.00000,False
429,01012,0001,07/21/2034 00:00:00,0.150000000,4000.00000,False
429,01020,0001,07/22/2034 00:00:00,25.000000000,350.00000,False
429,01041,001,10/01/2028 00:00:00,2.000000000,560.00000,False
429,01046,0001,07/22/2034 00:00:00,0.500000000,13130.72776,False
429,01184,0001,07/21/2034 00:00:00,9.200000000,366.66667,False
429,01184,001,10/07/2028 00:00:00,10.800000000,367.00000,False
430,01013,001,10/05/2028 00:00:00,1.500000000,220.00000,False
430,01022,0001,07/23/2034 00:00:00,0.001600000,4000.00000,False
430,01038,001,10/01/2028 00:00:00,20.000000000,650.00000,False
430,01043,001,10/05/2028 00:00:00,0.300000000,13.75000,False
430,01048,0001,07/22/2034 00:00:00,0.500000000,1405.95140,False
430,01056,0001,07/22/2034 00:00:00,0.040000000,18697.38365,False
430,01060,001,10/05/2028 00:00:00,0.100000000,950.00000,False
431,01009,001,10/05/2028 00:00:00,1.500000000,2200.00000,False
431,01020,0001,07/22/2034 00:00:00,100.000000000,350.00000,False
431,01028,0001,07/22/2034 00:00:00,2.500000000,1650.00000,False
431,01038,001,10/01/2028 00:00:00,20.000000000,650.00000,False
431,01186,001,10/05/2028 00:00:00,15.000000000,70.00000,False
431,01187,0001,07/22/2034 00:00:00,5.000000000,387.09074,False
432,01031,001,10/02/2028 00:00:00,0.720000000,6500.00000,False
432,01048,0001,07/22/2034 00:00:00,0.600000000,1405.95140,False
433,01009,001,10/05/2028 00:00:00,2.000000000,2200.00000,False
433,01020,0001,07/22/2034 00:00:00,10.000000000,350.00000,False
433,01028,0001,07/22/2034 00:00:00,1.250000000,1650.00000,False
433,01038,001,10/01/2028 00:00:00,5.000000000,650.00000,False
433,01186,001,10/05/2028 00:00:00,7.500000000,70.00000,False
433,01187,0001,07/22/2034 00:00:00,0.750000000,387.09074,False
434,01045,001,10/02/2028 00:00:00,1.200000000,350.00000,False
434,01052,0001,07/22/2034 00:00:00,0.018000000,14500.00000,False
434,01053,0001,07/22/2034 00:00:00,0.090000000,17499.52012,False
434,01055,0001,07/22/2034 00:00:00,0.180000000,1549.98681,False
434,01056,0001,07/22/2034 00:00:00,0.030000000,18697.38365,False
435,01010,0001,07/21/2034 00:00:00,0.300000000,2800.00000,False
435,01012,0001,07/21/2034 00:00:00,0.006000000,4000.00000,False
435,01020,0001,07/22/2034 00:00:00,0.300000000,350.00000,False
435,01041,001,10/01/2028 00:00:00,0.240000000,560.00000,False
435,01046,0001,07/22/2034 00:00:00,0.120000000,13130.72776,False
435,01184,0001,07/21/2034 00:00:00,3.000000000,366.66667,False
436,01002,0001,07/21/2034 00:00:00,6.000000000,277.57357,False
436,01034,0001,07/22/2034 00:00:00,1.500000000,559.14782,False
436,01044,001,10/01/2034 00:00:00,1.500000000,128.00000,False
436,01045,001,10/02/2028 00:00:00,3.000000000,350.00000,False
436,01055,0001,07/22/2034 00:00:00,3.000000000,1549.98681,False
436,01073,001,10/01/2028 00:00:00,0.060000000,400.00000,False
437,01009,001,10/05/2028 00:00:00,3.000000000,2200.00000,False
437,01020,0001,07/22/2034 00:00:00,5.000000000,350.00000,False
437,01060,001,10/05/2028 00:00:00,0.625000000,950.00000,False
438,01190,0001,08/12/2034 00:00:00,1000.000000000,11.50000,False
439,01003,001,10/05/2028 00:00:00,400.000000000,13.00000,False
439,01015,0001,10/06/2034 00:00:00,50.000000000,17.00000,False
439,01059,0001,08/06/2034 00:00:00,150.000000000,72.44776,False
440,01015,0001,10/06/2034 00:00:00,300.000000000,17.00000,False
440,01016,0001,07/21/2034 00:00:00,900.000000000,10.00000,False
440,01143,0001,07/22/2034 00:00:00,1.500000000,3200.00000,False
441,01009,001,10/05/2028 00:00:00,0.029500000,2200.00000,False
441,01013,001,10/05/2028 00:00:00,0.295000000,220.00000,False
441,01016,0001,07/21/2034 00:00:00,2360.000000000,10.00000,False
441,01043,001,10/05/2028 00:00:00,590.000000000,13.75000,False
441,01050,001,10/01/2028 00:00:00,3.540000000,3100.00000,False
441,01052,0001,07/22/2034 00:00:00,0.295000000,14500.00000,False
441,01053,0001,07/22/2034 00:00:00,0.295000000,17499.52012,False
441,01054,0001,07/22/2034 00:00:00,0.295000000,17499.10934,False
441,01143,0001,07/22/2034 00:00:00,1.475000000,3200.00000,False
442,01009,001,10/05/2028 00:00:00,0.005000000,2200.00000,False
442,01013,001,10/05/2028 00:00:00,0.050000000,220.00000,False
442,01016,0001,07/21/2034 00:00:00,400.000000000,10.00000,False
442,01043,0001,08/24/2034 00:00:00,3.320000000,13.75000,False
442,01043,001,10/05/2028 00:00:00,96.680000000,13.75000,False
442,01050,001,10/01/2028 00:00:00,0.600000000,3100.00000,False
442,01053,0001,07/22/2034 00:00:00,0.050000000,17499.52012,False
442,01054,0001,07/22/2034 00:00:00,0.050000000,17499.10934,False
442,01143,0001,07/22/2034 00:00:00,0.250000000,3200.00000,False
443,01003,0001,07/21/2034 00:00:00,1489.500000000,13.10015,False
443,01003,001,10/05/2028 00:00:00,135.500000000,13.00000,False
444,01003,0001,07/21/2034 00:00:00,17.500000000,13.10015,False
444,01016,0001,07/21/2034 00:00:00,1750.000000000,10.00000,False
445,01065,0001,07/23/2034 00:00:00,57.000000000,265.00000,False
445,01075,001,10/02/2028 00:00:00,0.285000000,5000.00000,False
445,01189,001,10/02/2028 00:00:00,11.400000000,650.00000,False
446,01190,0001,08/12/2034 00:00:00,1000.000000000,11.50000,False
447,01016,0001,07/21/2034 00:00:00,200.000000000,10.00000,False
448,01003,0001,07/21/2034 00:00:00,750.000000000,13.10015,False
449,01013,001,10/05/2028 00:00:00,1.800000000,220.00000,False
449,01022,0001,07/23/2034 00:00:00,0.001920000,4000.00000,False
449,01038,001,10/01/2028 00:00:00,1.800000000,650.00000,False
449,01043,0001,08/24/2034 00:00:00,0.600000000,13.75000,False
449,01048,0001,07/22/2034 00:00:00,0.480000000,1405.95140,False
449,01056,0001,07/22/2034 00:00:00,0.048000000,18697.38365,False
449,01060,001,10/05/2028 00:00:00,0.120000000,950.00000,False
450,01016,0001,07/21/2034 00:00:00,400.000000000,10.00000,False
451,01047,0001,09/08/2034 00:00:00,3.000000000,73.98444,False
451,01047,001,10/01/2028 00:00:00,87.000000000,71.95003,False
451,01055,0001,07/22/2034 00:00:00,2.250000000,1549.98681,False
451,01073,001,10/01/2028 00:00:00,0.270000000,400.00000,False
451,01105,0001,07/22/2034 00:00:00,0.180000000,414.58858,False
452,01003,0001,07/21/2034 00:00:00,162.500000000,13.10015,False
452,01033,0001,08/02/2034 00:00:00,32.500000000,50.00000,False
452,01059,0001,08/06/2034 00:00:00,130.000000000,72.44776,False
453,01050,001,10/01/2028 00:00:00,0.007200000,3100.00000,False
453,01055,0001,07/22/2034 00:00:00,0.600000000,1549.98681,False
453,01056,0001,07/22/2034 00:00:00,0.024000000,18697.38365,False
453,01058,001,10/01/2028 00:00:00,0.240000000,1450.00000,False
453,01060,001,10/05/2028 00:00:00,0.240000000,950.00000,False
453,01072,0001,07/22/2034 00:00:00,0.600000000,9500.00000,False
454,01010,0001,07/21/2034 00:00:00,0.336000000,2800.00000,False
454,01020,0001,07/22/2034 00:00:00,0.336000000,350.00000,False
454,01021,001,10/05/2028 00:00:00,0.336000000,340.00000,False
454,01041,001,10/01/2028 00:00:00,0.120000000,560.00000,False
454,01045,001,10/02/2028 00:00:00,0.840000000,350.00000,False
454,01058,0001,07/22/2034 00:00:00,0.043000000,1450.05753,False
454,01058,001,10/01/2028 00:00:00,0.117000000,1450.00000,False
454,01105,0001,07/22/2034 00:00:00,0.336000000,414.58858,False
454,01184,0001,07/21/2034 00:00:00,2.000000000,366.66667,False
455,01012,0001,07/21/2034 00:00:00,0.080000000,4000.00000,False
456,01190,0001,08/12/2034 00:00:00,100.000000000,11.50000,False
457,01010,0001,07/21/2034 00:00:00,1.000000000,2800.00000,False
457,01012,0001,07/21/2034 00:00:00,0.040000000,4000.00000,False
457,01020,0001,07/22/2034 00:00:00,1.000000000,314.70791,False
457,01046,0001,07/22/2034 00:00:00,1.000000000,13130.72776,False
458,01009,001,10/05/2028 00:00:00,3.000000000,2200.00000,False
458,01028,0001,07/22/2034 00:00:00,5.000000000,1650.00000,False
458,01038,001,10/01/2028 00:00:00,5.000000000,650.00000,False
458,01186,001,10/05/2028 00:00:00,30.000000000,70.00000,False
458,01187,0001,07/22/2034 00:00:00,3.000000000,387.09074,False
459,01003,0001,07/21/2034 00:00:00,125.000000000,13.10015,False
459,01007,0001,08/02/2034 00:00:00,5.000000000,35.00000,False
459,01033,0001,08/02/2034 00:00:00,5.000000000,50.00000,False
460,01045,001,10/02/2028 00:00:00,4.000000000,350.00000,False
461,01003,0001,07/21/2034 00:00:00,25.000000000,13.10015,False
461,01016,0001,07/21/2034 00:00:00,2500.000000000,10.00000,False
461,01044,0001,10/12/2028 00:00:00,125.000000000,128.00000,False
462,01033,0001,08/02/2034 00:00:00,75.000000000,50.00000,False
463,01013,001,10/05/2028 00:00:00,2.550000000,220.00000,False
463,01022,0001,07/23/2034 00:00:00,0.002720000,4000.00000,False
463,01038,001,10/01/2028 00:00:00,2.550000000,650.00000,False
463,01043,0001,08/24/2034 00:00:00,0.850000000,13.75000,False
463,01048,0001,07/22/2034 00:00:00,0.680000000,1405.95140,False
463,01056,0001,07/22/2034 00:00:00,0.068000000,18697.38365,False
463,01058,0001,07/22/2034 00:00:00,0.850000000,1400.15171,False
463,01060,001,10/05/2028 00:00:00,0.170000000,950.00000,False
464,01009,001,10/05/2028 00:00:00,5.000000000,2200.00000,False
464,01028,0001,07/22/2034 00:00:00,1.000000000,1650.00000,False
464,01041,0001,07/22/2034 00:00:00,0.398000000,560.00720,False
464,01041,001,10/01/2028 00:00:00,0.002000000,560.00000,False
464,01045,001,10/02/2028 00:00:00,1.000000000,350.00000,False
464,01058,0001,07/22/2034 00:00:00,0.400000000,1400.15171,False
465,01004,0001,07/29/2034 00:00:00,0.024000000,400.00000,False
465,01010,0001,07/21/2034 00:00:00,0.240000000,2800.00000,False
465,01012,0001,07/21/2034 00:00:00,0.072000000,4000.00000,False
465,01020,0001,07/22/2034 00:00:00,0.240000000,314.70791,False
465,01021,001,10/05/2028 00:00:00,0.240000000,340.00000,False
465,01041,0001,07/22/2034 00:00:00,0.096000000,560.00720,False
465,01046,0001,07/22/2034 00:00:00,0.360000000,13130.72776,False
465,01058,0001,07/22/2034 00:00:00,0.096000000,1400.15171,False
465,01184,0001,07/21/2034 00:00:00,0.240000000,366.66667,False
466,01004,0001,07/29/2034 00:00:00,0.312000000,400.00000,False
466,01041,0001,07/22/2034 00:00:00,0.096000000,560.00720,False
466,01044,0001,10/12/2028 00:00:00,0.312000000,128.00000,False
466,01045,001,10/02/2028 00:00:00,0.312000000,350.00000,False
466,01050,001,10/01/2028 00:00:00,0.000960000,3100.00000,False
466,01055,0001,07/22/2034 00:00:00,0.240000000,1549.99192,False
467,01017,0001,07/22/2034 00:00:00,0.144000000,3370.67997,False
467,01031,001,10/02/2028 00:00:00,0.360000000,6500.00000,False
467,01048,0001,07/22/2034 00:00:00,0.072000000,1405.95140,False
467,01058,0001,07/22/2034 00:00:00,0.120000000,1400.15171,False
468,01028,0001,07/22/2034 00:00:00,0.384000000,1650.00000,False
468,01050,001,10/01/2028 00:00:00,0.003840000,3100.00000,False
468,01052,0001,07/22/2034 00:00:00,0.004080000,14500.00000,False
468,01055,0001,07/22/2034 00:00:00,0.098400000,1549.99192,False
468,01056,0001,07/22/2034 00:00:00,0.004080000,18697.38365,False
468,01058,0001,07/22/2034 00:00:00,0.120000000,1400.15171,False
469,01023,0001,07/22/2034 00:00:00,0.192000000,7043.77043,False
469,01041,0001,07/22/2034 00:00:00,0.096000000,560.00720,False
469,01045,001,10/02/2028 00:00:00,0.120000000,350.00000,False
469,01050,001,10/01/2028 00:00:00,0.004800000,3100.00000,False
469,01058,0001,07/22/2034 00:00:00,0.096000000,1400.15171,False
470,01004,0001,07/29/2034 00:00:00,0.360000000,400.00000,False
470,01009,001,10/05/2028 00:00:00,0.072000000,2200.00000,False
470,01020,0001,07/22/2034 00:00:00,1.200000000,314.70791,False
470,01021,0001,07/21/2034 00:00:00,0.576000000,340.07146,False
470,01021,001,10/05/2028 00:00:00,0.024000000,340.00000,False
470,01022,0001,07/23/2034 00:00:00,0.002400000,4000.00000,False
470,01036,0001,07/22/2034 00:00:00,0.240000000,750.00000,False
470,01041,0001,07/22/2034 00:00:00,0.048000000,560.00720,False
470,01060,001,10/05/2028 00:00:00,0.024000000,950.00000,False
471,01003,0001,07/21/2034 00:00:00,50.000000000,13.80247,False
471,01007,0001,08/02/2034 00:00:00,2.000000000,35.00000,False
471,01015,0001,10/06/2034 00:00:00,50.000000000,17.00000,False
471,01033,0001,08/02/2034 00:00:00,2.000000000,50.00000,False
472,01004,0001,07/29/2034 00:00:00,0.300000000,400.00000,False
472,01010,0001,07/21/2034 00:00:00,3.000000000,2800.00000,False
472,01012,0001,07/21/2034 00:00:00,0.060000000,4000.00000,False
472,01020,0001,07/22/2034 00:00:00,3.000000000,314.70791,False
472,01021,0001,07/21/2034 00:00:00,3.000000000,340.07146,False
472,01041,0001,07/22/2034 00:00:00,1.500000000,560.00720,False
472,01058,0001,07/22/2034 00:00:00,1.200000000,1400.15171,False
473,01003,0001,07/21/2034 00:00:00,4.250000000,13.80247,False
473,01016,0001,07/21/2034 00:00:00,425.000000000,10.00000,False
473,01044,0001,10/12/2028 00:00:00,21.250000000,128.00000,False
474,01003,0001,07/21/2034 00:00:00,180.000000000,13.80247,False
475,01009,001,10/05/2028 00:00:00,0.002500000,2200.00000,False
475,01013,001,10/05/2028 00:00:00,0.002500000,220.00000,False
475,01016,0001,07/21/2034 00:00:00,40.000000000,10.00000,False
475,01034,0001,07/22/2034 00:00:00,0.050000000,559.14782,False
475,01042,0001,07/22/2034 00:00:00,0.600000000,165.19944,False
475,01043,0001,08/24/2034 00:00:00,10.000000000,13.75000,False
475,01050,001,10/01/2028 00:00:00,0.075000000,3100.00000,False
475,01052,0001,07/22/2034 00:00:00,0.025000000,14500.00000,False
475,01053,0001,07/22/2034 00:00:00,0.025000000,17499.52012,False
475,01054,0001,07/22/2034 00:00:00,0.020000000,17499.10934,False
475,01056,0001,07/22/2034 00:00:00,0.010000000,18697.38365,False
475,01057,0001,07/22/2034 00:00:00,0.010000000,12863.29191,False
475,01060,001,10/05/2028 00:00:00,0.100000000,950.00000,False
475,01072,0001,07/22/2034 00:00:00,0.020000000,9146.17902,False
475,01073,001,10/01/2028 00:00:00,0.005000000,400.00000,False
475,01143,0001,07/22/2034 00:00:00,0.150000000,3200.00000,False
476,01015,0001,10/06/2034 00:00:00,50.000000000,17.00000,False
477,01010,0001,07/21/2034 00:00:00,1.500000000,2800.00000,False
477,01012,0001,07/21/2034 00:00:00,0.010000000,4000.00000,False
477,01013,001,10/05/2028 00:00:00,1.500000000,220.00000,False
477,01038,001,10/01/2028 00:00:00,1.500000000,650.00000,False
477,01043,0001,08/24/2034 00:00:00,0.500000000,13.75000,False
477,01058,0001,07/22/2034 00:00:00,0.500000000,1400.15171,False
477,01060,001,10/05/2028 00:00:00,0.100000000,950.00000,False
477,01184,0001,07/21/2034 00:00:00,5.000000000,366.97462,False
478,01001,0001,07/21/2034 00:00:00,0.250000000,1850.00000,False
478,01002,0001,07/21/2034 00:00:00,19.000000000,278.50538,False
478,01047,0001,09/08/2034 00:00:00,31.000000000,67.64758,False
478,01052,0001,07/22/2034 00:00:00,0.020000000,14500.00000,False
478,01055,0001,07/22/2034 00:00:00,5.000000000,1549.99192,False
479,01009,001,10/05/2028 00:00:00,0.005500000,2200.00000,False
479,01013,001,10/05/2028 00:00:00,0.055000000,220.00000,False
479,01016,0001,07/21/2034 00:00:00,440.000000000,10.00000,False
479,01042,0001,07/22/2034 00:00:00,5.500000000,165.19944,False
479,01043,0001,08/24/2034 00:00:00,110.000000000,13.75000,False
479,01050,001,10/01/2028 00:00:00,0.660000000,3100.00000,False
479,01053,0001,07/22/2034 00:00:00,0.055000000,17499.52012,False
479,01054,0001,07/22/2034 00:00:00,0.055000000,17499.10934,False
479,01143,0001,07/22/2034 00:00:00,0.275000000,3200.00000,False
480,01015,0001,10/06/2034 00:00:00,1250.000000000,17.00000,False
481,01003,0001,07/21/2034 00:00:00,2.500000000,13.80247,False
481,01016,0001,07/21/2034 00:00:00,250.000000000,10.00000,False
481,01044,0001,10/12/2028 00:00:00,12.500000000,128.00000,False
482,01009,001,10/05/2028 00:00:00,0.007500000,2200.00000,False
482,01013,001,10/05/2028 00:00:00,0.075000000,220.00000,False
482,01016,0001,07/21/2034 00:00:00,600.000000000,10.00000,False
482,01042,0001,07/22/2034 00:00:00,7.500000000,165.19944,False
482,01043,0001,08/24/2034 00:00:00,150.000000000,13.75000,False
482,01050,001,10/01/2028 00:00:00,0.900000000,3100.00000,False
482,01053,0001,07/22/2034 00:00:00,0.075000000,17499.52012,False
482,01054,0001,07/22/2034 00:00:00,0.075000000,17499.10934,False
482,01143,0001,07/22/2034 00:00:00,0.375000000,3200.00000,False
483,01003,0001,07/21/2034 00:00:00,625.000000000,13.80247,False
483,01033,0001,08/02/2034 00:00:00,125.000000000,50.00000,False
484,01013,001,10/05/2028 00:00:00,5.100000000,220.00000,False
484,01022,0001,07/23/2034 00:00:00,0.005440000,4000.00000,False
484,01038,001,10/01/2028 00:00:00,5.100000000,650.00000,False
484,01043,0001,08/24/2034 00:00:00,1.700000000,13.75000,False
484,01048,0001,07/22/2034 00:00:00,1.360000000,1405.95140,False
484,01056,0001,07/22/2034 00:00:00,0.136000000,18697.38365,False
484,01058,0001,07/22/2034 00:00:00,1.700000000,1400.15171,False
484,01060,001,10/05/2028 00:00:00,0.340000000,950.00000,False
485,01003,0001,07/21/2034 00:00:00,1.250000000,13.03231,False
485,01016,0001,07/21/2034 00:00:00,125.000000000,10.00000,False
485,01044,0001,10/12/2028 00:00:00,6.250000000,128.00000,False
486,01025,0001,08/12/2034 00:00:00,0.400000000,7200.00000,False
486,01028,0001,07/22/2034 00:00:00,0.200000000,1650.00000,False
486,01041,0001,07/22/2034 00:00:00,0.200000000,560.00720,False
486,01045,001,10/02/2028 00:00:00,0.400000000,350.00000,False
486,01050,001,10/01/2028 00:00:00,0.004000000,3100.00000,False
486,01058,0001,07/22/2034 00:00:00,0.160000000,1400.15171,False
487,01010,0001,07/21/2034 00:00:00,0.080000000,2800.00000,False
487,01012,0001,07/21/2034 00:00:00,0.004000000,4000.00000,False
487,01020,0001,07/22/2034 00:00:00,0.040000000,314.70791,False
487,01038,001,10/01/2028 00:00:00,0.600000000,650.00000,False
487,01041,0001,07/22/2034 00:00:00,1.600000000,560.00720,False
487,01058,0001,07/22/2034 00:00:00,0.200000000,1400.15171,False
487,01060,001,10/05/2028 00:00:00,0.040000000,950.00000,False
488,01013,0001,07/21/2034 00:00:00,0.372500000,209.98276,False
488,01013,001,10/05/2028 00:00:00,0.827500000,220.00000,False
488,01022,0001,07/23/2034 00:00:00,0.001280000,4000.00000,False
488,01038,001,10/01/2028 00:00:00,1.200000000,650.00000,False
488,01043,0001,08/24/2034 00:00:00,0.400000000,13.75000,False
488,01048,0001,07/22/2034 00:00:00,0.320000000,1405.95140,False
488,01056,0001,07/22/2034 00:00:00,0.032000000,18697.38365,False
488,01058,0001,07/22/2034 00:00:00,0.400000000,1400.15171,False
488,01060,001,10/05/2028 00:00:00,0.080000000,950.00000,False
489,01027,001,10/07/2028 00:00:00,8.000000000,400.00000,False
489,01041,0001,07/22/2034 00:00:00,1.200000000,560.00720,False
489,01050,001,10/01/2028 00:00:00,0.008000000,3100.00000,False
489,01058,0001,07/22/2034 00:00:00,0.400000000,1400.15171,False
489,01193,0001,10/16/2028 00:00:00,2.500000000,710.00000,False
489,01193,001,10/06/2028 00:00:00,1.500000000,1150.00000,False
490,01012,0001,07/21/2034 00:00:00,0.080000000,4000.00000,False
490,01021,0001,07/21/2034 00:00:00,0.800000000,340.07146,False
490,01035,0001,09/06/2034 00:00:00,0.800000000,1278.57143,False
490,01041,0001,07/22/2034 00:00:00,0.032000000,560.00720,False
490,01043,0001,08/24/2034 00:00:00,0.560000000,13.75000,False
490,01044,0001,10/12/2028 00:00:00,1.200000000,128.00000,False
490,01058,0001,07/22/2034 00:00:00,0.080000000,1400.15171,False
491,01027,001,10/07/2028 00:00:00,12.000000000,400.00000,False
491,01041,0001,07/22/2034 00:00:00,0.080000000,560.00720,False
491,01043,0001,08/24/2034 00:00:00,7.200000000,13.75000,False
491,01050,001,10/01/2028 00:00:00,0.008000000,3100.00000,False
491,01058,0001,07/22/2034 00:00:00,0.400000000,1400.15171,False
491,01073,0001,07/29/2034 00:00:00,0.473500000,373.47646,False
491,01073,001,10/01/2028 00:00:00,3.126500000,400.00000,False
492,01009,001,10/05/2028 00:00:00,0.010000000,2200.00000,False
492,01013,0001,07/21/2034 00:00:00,0.010000000,209.98276,False
492,01016,0001,07/21/2034 00:00:00,160.000000000,10.00000,False
492,01034,0001,07/22/2034 00:00:00,0.200000000,559.14782,False
492,01042,0001,07/22/2034 00:00:00,2.400000000,165.19944,False
492,01043,0001,08/24/2034 00:00:00,40.000000000,13.75000,False
492,01050,001,10/01/2028 00:00:00,0.300000000,3100.00000,False
492,01053,0001,07/22/2034 00:00:00,0.100000000,17499.52012,False
492,01054,0001,07/22/2034 00:00:00,0.080000000,17499.10934,False
492,01056,0001,07/22/2034 00:00:00,0.040000000,18697.38365,False
492,01057,0001,07/22/2034 00:00:00,0.040000000,12863.29191,False
492,01060,001,10/05/2028 00:00:00,0.400000000,950.00000,False
492,01072,0001,07/22/2034 00:00:00,0.080000000,9146.17902,False
492,01073,0001,07/29/2034 00:00:00,0.020000000,373.47646,False
492,01143,0001,07/22/2034 00:00:00,0.600000000,3200.00000,False
493,01009,001,10/05/2028 00:00:00,0.006200000,2200.00000,False
493,01013,0001,07/21/2034 00:00:00,0.062000000,209.98276,False
493,01016,0001,07/21/2034 00:00:00,496.000000000,10.00000,False
493,01042,0001,07/22/2034 00:00:00,6.200000000,165.19944,False
493,01043,0001,08/24/2034 00:00:00,124.000000000,13.75000,False
493,01050,001,10/01/2028 00:00:00,0.744000000,3100.00000,False
493,01053,0001,07/22/2034 00:00:00,0.062000000,17499.52012,False
493,01054,0001,07/22/2034 00:00:00,0.062000000,17499.10934,False
493,01143,0001,07/22/2034 00:00:00,0.310000000,3200.00000,False
494,01015,0001,10/06/2034 00:00:00,500.000000000,17.00000,False
495,01003,0001,07/21/2034 00:00:00,50.000000000,13.03231,False
495,01007,0001,08/02/2034 00:00:00,2.000000000,35.00000,False
495,01015,0001,10/06/2034 00:00:00,50.000000000,17.00000,False
495,01033,0001,08/02/2034 00:00:00,2.000000000,50.00000,False
496,01003,0001,07/21/2034 00:00:00,50.000000000,13.03231,False
497,01009,001,10/05/2028 00:00:00,0.002500000,2200.00000,False
497,01013,0001,07/21/2034 00:00:00,0.002500000,209.98276,False
497,01016,0001,07/21/2034 00:00:00,40.000000000,10.00000,False
497,01034,0001,07/22/2034 00:00:00,0.050000000,559.14782,False
497,01042,0001,07/22/2034 00:00:00,0.600000000,165.19944,False
497,01043,0001,08/24/2034 00:00:00,10.000000000,13.75000,False
497,01050,001,10/01/2028 00:00:00,0.075000000,3100.00000,False
497,01053,0001,07/22/2034 00:00:00,0.025000000,17499.52012,False
497,01054,0001,07/22/2034 00:00:00,0.020000000,17499.10934,False
497,01056,0001,07/22/2034 00:00:00,0.010000000,18697.38365,False
497,01057,0001,07/22/2034 00:00:00,0.010000000,12863.29191,False
497,01060,001,10/05/2028 00:00:00,0.100000000,950.00000,False
497,01072,0001,07/22/2034 00:00:00,0.020000000,9146.17902,False
497,01073,0001,07/29/2034 00:00:00,0.005000000,373.47646,False
497,01143,0001,07/22/2034 00:00:00,0.150000000,3200.00000,False
498,01009,001,10/05/2028 00:00:00,0.005000000,2200.00000,False
498,01013,0001,07/21/2034 00:00:00,0.050000000,209.98276,False
498,01016,0001,07/21/2034 00:00:00,400.000000000,10.00000,False
498,01042,0001,07/22/2034 00:00:00,5.000000000,165.19944,False
498,01043,0001,08/24/2034 00:00:00,100.000000000,13.75000,False
498,01050,001,10/01/2028 00:00:00,0.600000000,3100.00000,False
498,01053,0001,07/22/2034 00:00:00,0.050000000,17499.52012,False
498,01054,0001,07/22/2034 00:00:00,0.050000000,17499.10934,False
498,01143,0001,07/22/2034 00:00:00,0.250000000,3200.00000,False
499,01009,001,10/05/2028 00:00:00,2.400000000,2200.00000,False
499,01010,0001,07/21/2034 00:00:00,9.600000000,2800.00000,False
499,01012,0001,07/21/2034 00:00:00,0.120000000,4000.00000,False
499,01020,0001,07/22/2034 00:00:00,4.200000000,314.70791,False
499,01021,0001,07/21/2034 00:00:00,4.200000000,340.07146,False
499,01028,0001,07/22/2034 00:00:00,13.200000000,1650.00000,False
499,01041,0001,07/22/2034 00:00:00,6.000000000,560.00720,False
499,01045,001,10/02/2028 00:00:00,24.000000000,350.00000,False
499,01058,0001,07/22/2034 00:00:00,4.800000000,1400.15171,False
499,01105,0001,07/22/2034 00:00:00,2.400000000,414.58858,False
499,01184,0001,07/21/2034 00:00:00,84.000000000,366.99500,False
500,01004,0001,07/29/2034 00:00:00,1.300000000,400.00000,False
500,01041,0001,07/22/2034 00:00:00,0.400000000,560.00720,False
500,01044,0001,10/12/2028 00:00:00,1.300000000,128.00000,False
500,01045,001,10/02/2028 00:00:00,1.300000000,350.00000,False
500,01050,001,10/01/2028 00:00:00,0.004000000,3100.00000,False
500,01055,0001,07/22/2034 00:00:00,1.000000000,1549.99192,False
501,01003,0001,07/21/2034 00:00:00,25.000000000,13.03231,False
501,01033,0001,08/02/2034 00:00:00,5.000000000,50.00000,False
501,01059,0001,08/06/2034 00:00:00,20.000000000,72.44776,False
502,01004,0001,07/29/2034 00:00:00,0.200000000,400.00000,False
502,01010,0001,07/21/2034 00:00:00,2.000000000,2800.00000,False
502,01012,0001,07/21/2034 00:00:00,0.040000000,4000.00000,False
502,01020,0001,07/22/2034 00:00:00,2.000000000,314.70791,False
502,01021,0001,07/21/2034 00:00:00,2.000000000,340.07146,False
502,01041,0001,07/22/2034 00:00:00,1.000000000,560.00720,False
502,01058,0001,07/22/2034 00:00:00,0.800000000,1400.15171,False
502,01184,0001,07/21/2034 00:00:00,20.000000000,366.99500,False
503,01041,0001,07/22/2034 00:00:00,1.200000000,560.00720,False
503,01045,001,10/02/2028 00:00:00,3.000000000,350.00000,False
503,01050,001,10/01/2028 00:00:00,0.060000000,3100.00000,False
503,01058,0001,07/22/2034 00:00:00,1.200000000,1400.15171,False
504,01012,0001,07/21/2034 00:00:00,0.120000000,4000.00000,False
504,01041,0001,07/22/2034 00:00:00,1.500000000,560.00720,False
504,01058,0001,07/22/2034 00:00:00,1.200000000,1400.15171,False
505,01017,0001,07/22/2034 00:00:00,0.240000000,3370.67997,False
505,01031,001,10/02/2028 00:00:00,1.200000000,6500.00000,False
505,01041,0001,07/22/2034 00:00:00,0.480000000,560.00720,False
505,01048,0001,07/22/2034 00:00:00,0.360000000,1405.95140,False
505,01058,0001,07/22/2034 00:00:00,4.800000000,1400.15171,False
506,01028,0001,07/22/2034 00:00:00,1.920000000,1650.00000,False
506,01050,001,10/01/2028 00:00:00,0.019200000,3100.00000,False
506,01055,0001,07/22/2034 00:00:00,0.492000000,1549.99192,False
506,01056,0001,07/22/2034 00:00:00,0.020400000,18697.38365,False
506,01058,0001,07/22/2034 00:00:00,0.600000000,1400.15171,False
507,01045,001,10/02/2028 00:00:00,1.200000000,350.00000,False
507,01053,0001,07/22/2034 00:00:00,0.204000000,17499.52012,False
507,01054,0001,07/22/2034 00:00:00,0.408000000,17499.10934,False
507,01055,0001,07/22/2034 00:00:00,0.408000000,1549.99192,False
507,01056,0001,07/22/2034 00:00:00,0.100800000,18697.38365,False
507,01057,0001,07/22/2034 00:00:00,0.204000000,12863.29191,False
507,01058,0001,07/22/2034 00:00:00,0.480000000,1400.15171,False
507,01060,001,10/05/2028 00:00:00,0.039600000,950.00000,False
507,01143,0001,07/22/2034 00:00:00,0.408000000,3200.00000,False
508,01003,0001,07/21/2034 00:00:00,225.000000000,13.03231,False
508,01007,0001,08/02/2034 00:00:00,25.000000000,35.00000,False
508,01015,0001,10/06/2034 00:00:00,25.000000000,17.00000,False
508,01033,0001,08/02/2034 00:00:00,25.000000000,50.00000,False
509,01015,0001,10/06/2034 00:00:00,250.000000000,17.00000,False
509,01143,0001,07/22/2034 00:00:00,0.300000000,3200.00000,False
510,01017,0001,07/22/2034 00:00:00,1.560000000,3370.67997,False
510,01031,001,10/02/2028 00:00:00,3.900000000,6500.00000,False
510,01041,0001,07/22/2034 00:00:00,1.040000000,560.00720,False
510,01048,0001,07/22/2034 00:00:00,0.780000000,1405.95140,False
510,01058,0001,07/22/2034 00:00:00,1.300000000,1400.15171,False
511,01041,0001,07/22/2034 00:00:00,0.660000000,560.00720,False
511,01055,0001,07/22/2034 00:00:00,6.600000000,1549.99192,False
511,01058,0001,07/22/2034 00:00:00,0.440000000,1400.15171,False
512,01013,0001,07/21/2034 00:00:00,1.800000000,209.98276,False
512,01022,0001,07/23/2034 00:00:00,0.001920000,4000.00000,False
512,01038,001,10/01/2028 00:00:00,1.800000000,650.00000,False
512,01043,0001,08/24/2034 00:00:00,0.600000000,13.75000,False
512,01048,0001,07/22/2034 00:00:00,0.480000000,1405.95140,False
512,01056,0001,07/22/2034 00:00:00,0.048000000,18697.38365,False
512,01058,0001,07/22/2034 00:00:00,0.600000000,1400.15171,False
512,01060,001,10/05/2028 00:00:00,0.120000000,950.00000,False
513,01009,001,10/05/2028 00:00:00,0.028250000,2200.00000,False
513,01013,0001,07/21/2034 00:00:00,0.282500000,209.98276,False
513,01016,0001,07/21/2034 00:00:00,2140.000000000,10.00000,False
513,01043,0001,08/24/2034 00:00:00,565.000000000,13.75000,False
513,01050,001,10/01/2028 00:00:00,3.390000000,3100.00000,False
513,01053,0001,07/22/2034 00:00:00,0.282500000,17499.52012,False
513,01054,0001,07/22/2034 00:00:00,0.282500000,17499.10934,False
513,01143,0001,07/22/2034 00:00:00,1.412500000,3200.00000,False
514,01027,001,10/07/2028 00:00:00,14.250000000,400.00000,False
514,01041,0001,07/22/2034 00:00:00,0.095000000,560.00720,False
514,01043,0001,08/24/2034 00:00:00,8.550000000,13.75000,False
514,01050,001,10/01/2028 00:00:00,0.009500000,3100.00000,False
514,01058,0001,07/22/2034 00:00:00,0.475000000,1400.15171,False
514,01073,0001,07/29/2034 00:00:00,4.275000000,373.47646,False
515,01022,0001,07/23/2034 00:00:00,0.008320000,4000.00000,False
515,01038,001,10/01/2028 00:00:00,7.800000000,650.00000,False
515,01043,0001,08/24/2034 00:00:00,2.600000000,13.75000,False
515,01048,0001,07/22/2034 00:00:00,2.080000000,1405.95140,False
515,01056,0001,07/22/2034 00:00:00,0.208000000,18697.38365,False
515,01060,001,10/05/2028 00:00:00,0.520000000,950.00000,False
516,01015,0001,10/06/2034 00:00:00,2925.000000000,17.00000,False
517,01027,001,10/07/2028 00:00:00,3.200000000,400.00000,False
517,01041,0001,07/22/2034 00:00:00,0.480000000,560.00720,False
517,01050,001,10/01/2028 00:00:00,0.003200000,3100.00000,False
517,01058,0001,07/22/2034 00:00:00,0.160000000,1400.15171,False
517,01193,0001,10/16/2028 00:00:00,1.600000000,870.00000,False
518,01002,0001,07/21/2034 00:00:00,6.250000000,279.03091,False
518,01003,0001,07/21/2034 00:00:00,93.750000000,13.03231,False
518,01015,0001,10/06/2034 00:00:00,125.000000000,17.00000,False
518,01034,0001,07/22/2034 00:00:00,18.750000000,559.14782,False
518,01073,0001,07/29/2034 00:00:00,6.250000000,373.47646,False
519,01003,0001,07/21/2034 00:00:00,6.250000000,13.03231,False
519,01044,0001,10/12/2028 00:00:00,31.250000000,128.00000,False
520,01004,0001,07/29/2034 00:00:00,1.040000000,400.00000,False
520,01041,0001,07/22/2034 00:00:00,0.320000000,560.00720,False
520,01044,0001,10/12/2028 00:00:00,1.040000000,128.00000,False
520,01045,001,10/02/2028 00:00:00,1.040000000,350.00000,False
520,01050,001,10/01/2028 00:00:00,0.003200000,3100.00000,False
520,01055,0001,07/22/2034 00:00:00,8.000000000,1549.99192,False
521,01033,0001,08/02/2034 00:00:00,36.000000000,50.00000,False
523,01003,0001,07/21/2034 00:00:00,150.000000000,13.03231,False
523,01033,0001,08/02/2034 00:00:00,30.000000000,50.00000,False
523,01059,0001,08/06/2034 00:00:00,120.000000000,72.44776,False
524,01031,001,10/02/2028 00:00:00,1.080000000,6500.00000,False
524,01041,0001,07/22/2034 00:00:00,0.900000000,560.00720,False
524,01048,0001,07/22/2034 00:00:00,0.900000000,1405.95140,False
524,01058,0001,07/22/2034 00:00:00,0.900000000,1400.15171,False
525,01010,0001,07/21/2034 00:00:00,0.900000000,2800.00000,False
525,01012,0001,07/21/2034 00:00:00,0.018000000,4000.00000,False
525,01020,0001,07/22/2034 00:00:00,0.900000000,314.70791,False
525,01021,0001,07/21/2034 00:00:00,0.900000000,340.07146,False
525,01041,0001,07/22/2034 00:00:00,0.360000000,560.00720,False
525,01058,0001,07/22/2034 00:00:00,0.360000000,1400.15171,False
526,01002,0001,07/21/2034 00:00:00,4.500000000,279.03091,False
526,01004,0001,07/29/2034 00:00:00,0.360000000,400.00000,False
526,01020,0001,07/22/2034 00:00:00,0.900000000,314.70791,False
526,01021,0001,07/21/2034 00:00:00,0.540000000,340.07146,False
526,01041,0001,07/22/2034 00:00:00,0.900000000,560.00720,False
526,01045,001,10/02/2028 00:00:00,1.800000000,350.00000,False
526,01055,0001,07/22/2034 00:00:00,0.900000000,1549.99192,False
526,01105,0001,07/22/2034 00:00:00,0.360000000,414.58858,False
527,01010,0001,07/21/2034 00:00:00,3.300000000,2800.00000,False
527,01012,0001,07/21/2034 00:00:00,0.022000000,4000.00000,False
527,01038,001,10/01/2028 00:00:00,3.300000000,650.00000,False
527,01043,0001,08/24/2034 00:00:00,1.100000000,13.75000,False
527,01060,001,10/05/2028 00:00:00,0.220000000,950.00000,False
527,01184,0001,07/21/2034 00:00:00,11.000000000,366.99894,False
528,01009,001,10/05/2028 00:00:00,0.300000000,2200.00000,False
528,01012,0001,07/21/2034 00:00:00,0.010000000,4000.00000,False
528,01020,0001,07/22/2034 00:00:00,10.000000000,314.70791,False
528,01028,0001,07/22/2034 00:00:00,1.500000000,1650.00000,False
528,01041,0001,07/22/2034 00:00:00,0.400000000,560.00720,False
528,01043,0001,08/24/2034 00:00:00,0.300000000,13.75000,False
528,01045,001,10/02/2028 00:00:00,1.500000000,350.00000,False
529,01003,0001,07/21/2034 00:00:00,50.000000000,13.03231,False
530,01042,0001,07/22/2034 00:00:00,6.000000000,165.19944,False
530,01043,0001,08/24/2034 00:00:00,100.000000000,13.75000,False
530,01050,0001,07/22/2034 00:00:00,0.455200000,3086.04001,False
530,01050,001,10/01/2028 00:00:00,4.544800000,3100.00000,False
530,01054,0001,07/22/2034 00:00:00,0.050000000,17499.10934,False
531,01003,0001,07/21/2034 00:00:00,650.000000000,13.03231,False
532,01015,0001,10/06/2034 00:00:00,500.000000000,17.00000,False
533,01003,0001,07/21/2034 00:00:00,0.500000000,13.03231,False
533,01044,0001,10/12/2028 00:00:00,2.500000000,128.00000,False
534,01013,0001,07/21/2034 00:00:00,0.150000000,209.98276,False
534,01022,0001,07/23/2034 00:00:00,0.000160000,4000.00000,False
534,01038,001,10/01/2028 00:00:00,0.150000000,650.00000,False
534,01043,0001,08/24/2034 00:00:00,0.050000000,13.75000,False
534,01048,0001,07/22/2034 00:00:00,0.040000000,1405.95140,False
534,01056,0001,07/22/2034 00:00:00,0.004000000,18697.38365,False
534,01058,0001,07/22/2034 00:00:00,0.050000000,1400.15171,False
534,01060,001,10/05/2028 00:00:00,0.010000000,950.00000,False
535,01027,001,10/07/2028 00:00:00,3.000000000,400.00000,False
535,01041,0001,07/22/2034 00:00:00,0.020000000,560.00720,False
535,01043,0001,08/24/2034 00:00:00,1.800000000,13.75000,False
535,01050,0001,07/22/2034 00:00:00,0.002000000,3086.04001,False
535,01058,0001,07/22/2034 00:00:00,0.100000000,1400.15171,False
535,01073,0001,07/29/2034 00:00:00,0.900000000,373.47646,False
536,01027,001,10/07/2028 00:00:00,1.000000000,400.00000,False
536,01041,0001,07/22/2034 00:00:00,0.150000000,560.00720,False
536,01050,0001,07/22/2034 00:00:00,0.001000000,3086.04001,False
536,01058,0001,07/22/2034 00:00:00,0.050000000,1400.15171,False
536,01117,0001,07/22/2034 00:00:00,0.300000000,420.00000,False
536,01193,0001,10/16/2028 00:00:00,0.500000000,870.00000,False
537,01009,001,10/05/2028 00:00:00,0.000150000,2200.00000,False
537,01013,0001,07/21/2034 00:00:00,0.001500000,209.98276,False
537,01042,0001,07/22/2034 00:00:00,0.150000000,165.19944,False
537,01043,0001,08/24/2034 00:00:00,3.000000000,13.75000,False
537,01050,0001,07/22/2034 00:00:00,0.018000000,3086.04001,False
537,01053,0001,07/22/2034 00:00:00,0.001500000,17499.52012,False
537,01054,0001,07/22/2034 00:00:00,0.001500000,17499.10934,False
537,01143,0001,07/22/2034 00:00:00,0.007500000,3200.00000,False
538,01015,0001,10/06/2034 00:00:00,2525.000000000,17.00000,False
539,01003,0001,07/21/2034 00:00:00,12.500000000,13.03231,False
539,01044,0001,10/12/2028 00:00:00,62.500000000,128.00000,False
540,01003,0001,07/21/2034 00:00:00,1275.000000000,13.03231,False
541,01004,0001,07/29/2034 00:00:00,0.500000000,400.00000,False
541,01012,0001,07/21/2034 00:00:00,0.150000000,4000.00000,False
541,01020,0001,07/22/2034 00:00:00,5.000000000,314.70791,False
541,01021,0001,07/21/2034 00:00:00,5.000000000,340.07146,False
541,01041,0001,07/22/2034 00:00:00,2.000000000,560.00720,False
541,01046,0001,07/22/2034 00:00:00,7.500000000,10502.10290,False
541,01184,0001,07/21/2034 00:00:00,50.000000000,366.99967,False
542,01022,0001,07/23/2034 00:00:00,0.001600000,4000.00000,False
542,01038,001,10/01/2028 00:00:00,1.500000000,650.00000,False
542,01043,0001,08/24/2034 00:00:00,0.300000000,13.75000,False
542,01048,0001,07/22/2034 00:00:00,0.500000000,1405.95140,False
542,01056,0001,07/22/2034 00:00:00,0.040000000,18697.38365,False
542,01060,001,10/05/2028 00:00:00,0.100000000,950.00000,False
543,01016,0001,07/21/2034 00:00:00,400.000000000,10.00000,False
543,01042,0001,07/22/2034 00:00:00,6.000000000,165.19944,False
543,01043,0001,08/24/2034 00:00:00,100.000000000,13.75000,False
543,01050,0001,07/22/2034 00:00:00,0.750000000,3086.04001,False
544,01003,0001,07/21/2034 00:00:00,250.000000000,13.03231,False
544,01033,0001,08/02/2034 00:00:00,50.000000000,50.00000,False
545,01015,0001,10/06/2034 00:00:00,62.500000000,17.00000,False
545,01190,0001,08/12/2034 00:00:00,25.000000000,11.50000,False
546,01009,001,10/05/2028 00:00:00,0.003750000,2200.00000,False
546,01013,0001,07/21/2034 00:00:00,0.003750000,209.98276,False
546,01016,0001,07/21/2034 00:00:00,60.000000000,10.00000,False
546,01034,0001,07/22/2034 00:00:00,0.075000000,559.14782,False
546,01042,0001,07/22/2034 00:00:00,0.900000000,165.19944,False
546,01043,0001,08/24/2034 00:00:00,15.000000000,13.75000,False
546,01050,0001,07/22/2034 00:00:00,0.112500000,3086.04001,False
546,01053,0001,07/22/2034 00:00:00,0.037500000,15760.34525,False
546,01054,0001,07/22/2034 00:00:00,0.030000000,16752.11170,False
546,01056,0001,07/22/2034 00:00:00,0.015000000,18697.38365,False
546,01057,0001,07/22/2034 00:00:00,0.015000000,12863.29191,False
546,01060,001,10/05/2028 00:00:00,0.150000000,950.00000,False
546,01072,0001,07/22/2034 00:00:00,0.030000000,9146.17902,False
546,01073,0001,07/29/2034 00:00:00,0.007500000,373.47646,False
546,01143,0001,07/22/2034 00:00:00,0.225000000,3200.00000,False
547,01003,0001,07/21/2034 00:00:00,200.000000000,13.03231,False
547,01031,001,10/02/2028 00:00:00,0.750000000,6500.00000,False
547,01059,0001,08/06/2034 00:00:00,50.000000000,72.44776,False
548,01009,001,10/05/2028 00:00:00,3.000000000,2200.00000,False
548,01010,0001,07/21/2034 00:00:00,1.600000000,2800.00000,False
548,01020,0001,07/22/2034 00:00:00,1.600000000,314.70791,False
548,01021,0001,07/21/2034 00:00:00,1.000000000,340.07146,False
548,01028,0001,07/22/2034 00:00:00,1.200000000,1650.00000,False
548,01041,0001,07/22/2034 00:00:00,1.000000000,560.00047,False
548,01045,001,10/02/2028 00:00:00,4.000000000,350.00000,False
548,01058,0001,07/22/2034 00:00:00,0.800000000,1449.92236,False
548,01105,0001,07/22/2034 00:00:00,0.600000000,414.58858,False
548,01115,001,10/05/2028 00:00:00,0.400000000,650.00000,False
548,01184,0001,07/21/2034 00:00:00,10.000000000,366.99967,False
549,01041,0001,07/22/2034 00:00:00,0.800000000,560.00047,False
549,01045,001,10/02/2028 00:00:00,10.000000000,350.00000,False
549,01050,0001,07/22/2034 00:00:00,0.080000000,3086.04001,False
549,01058,0001,07/22/2034 00:00:00,0.800000000,1449.92236,False
550,01010,0001,07/21/2034 00:00:00,0.160000000,2800.00000,False
550,01034,0001,07/22/2034 00:00:00,0.400000000,559.14782,False
550,01041,0001,07/22/2034 00:00:00,0.800000000,560.00047,False
550,01043,0001,08/24/2034 00:00:00,0.800000000,13.75000,False
550,01055,0001,07/22/2034 00:00:00,0.400000000,1549.99494,False
550,01058,0001,07/22/2034 00:00:00,0.800000000,1449.92236,False
550,01073,0001,07/29/2034 00:00:00,0.400000000,373.47646,False
550,01105,0001,07/22/2034 00:00:00,0.400000000,414.58858,False
551,01009,001,10/05/2028 00:00:00,0.320000000,2200.00000,False
551,01010,0001,07/21/2034 00:00:00,1.280000000,2800.00000,False
551,01012,0001,07/21/2034 00:00:00,0.006400000,4000.00000,False
551,01020,0001,07/22/2034 00:00:00,0.560000000,314.70791,False
551,01021,0001,07/21/2034 00:00:00,0.560000000,340.07146,False
551,01028,0001,07/22/2034 00:00:00,1.760000000,1650.00000,False
551,01041,0001,07/22/2034 00:00:00,0.800000000,560.00047,False
551,01045,001,10/02/2028 00:00:00,3.200000000,350.00000,False
551,01058,0001,07/22/2034 00:00:00,0.800000000,1449.92236,False
551,01105,0001,07/22/2034 00:00:00,0.320000000,414.58858,False
551,01115,001,10/05/2028 00:00:00,0.160000000,650.00000,False
551,01184,0001,07/21/2034 00:00:00,11.200000000,366.99967,False
552,01007,0001,08/02/2034 00:00:00,1.100000000,35.00000,False
552,01009,001,10/05/2028 00:00:00,4.400000000,2200.00000,False
552,01041,0001,07/22/2034 00:00:00,1.100000000,560.00047,False
552,01045,001,10/02/2028 00:00:00,30.800000000,350.00000,False
552,01053,0001,07/22/2034 00:00:00,0.330000000,15760.34525,False
552,01054,0001,07/22/2034 00:00:00,0.880000000,16752.11170,False
552,01055,0001,07/22/2034 00:00:00,0.880000000,1549.99494,False
552,01056,0001,07/22/2034 00:00:00,0.176000000,18697.38365,False
552,01057,0001,07/22/2034 00:00:00,0.330000000,12640.67293,False
552,01058,0001,07/22/2034 00:00:00,1.100000000,1449.92236,False
552,01060,001,10/05/2028 00:00:00,0.110000000,950.00000,False
552,01143,0001,07/22/2034 00:00:00,0.880000000,3396.86396,False
553,01009,001,10/05/2028 00:00:00,10.000000000,2200.00000,False
553,01021,0001,07/21/2034 00:00:00,1.500000000,340.07146,False
553,01028,0001,07/22/2034 00:00:00,1.500000000,1650.00000,False
553,01041,0001,07/22/2034 00:00:00,0.400000000,560.00047,False
553,01045,001,10/02/2028 00:00:00,2.500000000,350.00000,False
553,01058,0001,07/22/2034 00:00:00,0.400000000,1449.92236,False
554,01019,0001,10/28/2028 00:00:00,5.000000000,5200.00000,False
554,01031,0001,07/22/2034 00:00:00,1.682000000,6494.72991,False
554,01031,001,10/02/2028 00:00:00,3.318000000,6500.00000,False
554,01041,0001,07/22/2034 00:00:00,2.000000000,560.00047,False
554,01058,0001,07/22/2034 00:00:00,1.500000000,1449.92236,False
554,01075,0001,07/23/2034 00:00:00,0.970000000,4710.43977,False
554,01075,001,10/02/2028 00:00:00,4.030000000,5000.00000,False
554,01189,0001,07/22/2034 00:00:00,38.800000000,700.01943,False
554,01189,001,10/02/2028 00:00:00,11.200000000,650.00000,False
554,01201,001,10/02/2028 00:00:00,50.000000000,750.00000,False
555,01003,0001,07/21/2034 00:00:00,490.000000000,13.03231,False
555,01115,001,10/05/2028 00:00:00,5.000000000,650.00000,False
555,01187,0001,07/22/2034 00:00:00,5.000000000,387.09074,False
556,01016,0001,07/21/2034 00:00:00,400.000000000,10.00000,False
556,01042,0001,07/22/2034 00:00:00,6.000000000,165.19944,False
556,01043,0001,08/24/2034 00:00:00,100.000000000,13.75000,False
556,01050,0001,07/22/2034 00:00:00,5.000000000,3086.04001,False
556,01054,0001,07/22/2034 00:00:00,0.050000000,16752.11170,False
557,01017,0001,07/22/2034 00:00:00,0.240000000,3370.67997,False
557,01031,0001,07/22/2034 00:00:00,0.600000000,6494.72991,False
557,01048,0001,07/22/2034 00:00:00,0.120000000,1405.95140,False
557,01058,0001,07/22/2034 00:00:00,0.200000000,1449.92236,False
558,01025,0001,08/12/2034 00:00:00,0.320000000,7200.00000,False
558,01041,0001,07/22/2034 00:00:00,0.160000000,560.00047,False
558,01045,001,10/02/2028 00:00:00,0.200000000,350.00000,False
558,01050,0001,07/22/2034 00:00:00,0.008000000,3086.04001,False
558,01058,0001,07/22/2034 00:00:00,0.160000000,1449.92236,False
559,01010,0001,07/21/2034 00:00:00,0.336000000,2800.00000,False
559,01020,0001,07/22/2034 00:00:00,0.336000000,314.70791,False
559,01021,0001,07/21/2034 00:00:00,0.336000000,340.07146,False
559,01028,0001,07/22/2034 00:00:00,0.336000000,1650.00000,False
559,01041,0001,07/22/2034 00:00:00,0.120000000,560.00047,False
559,01045,001,10/02/2028 00:00:00,0.840000000,350.00000,False
559,01058,0001,07/22/2034 00:00:00,0.160000000,1449.92236,False
559,01105,0001,07/22/2034 00:00:00,0.336000000,414.58858,False
559,01115,001,10/05/2028 00:00:00,0.680000000,650.00000,False
559,01184,0001,07/21/2034 00:00:00,2.000000000,366.99993,False
560,01041,0001,07/22/2034 00:00:00,0.160000000,560.00047,False
560,01045,001,10/02/2028 00:00:00,1.200000000,350.00000,False
560,01052,0001,07/22/2034 00:00:00,0.012000000,14500.00000,False
560,01058,0001,07/22/2034 00:00:00,0.160000000,1449.92236,False
560,01072,0001,07/22/2034 00:00:00,0.800000000,9146.17902,False
561,01003,0001,07/21/2034 00:00:00,125.000000000,13.03231,False
561,01044,0001,10/12/2028 00:00:00,0.625000000,128.00000,False
561,01187,0001,07/22/2034 00:00:00,0.625000000,387.09074,False
562,01003,0001,07/21/2034 00:00:00,12.500000000,13.03231,False
562,01033,0001,08/02/2034 00:00:00,2.500000000,50.00000,False
562,01059,0001,08/06/2034 00:00:00,10.000000000,72.44776,False
563,01003,0001,07/21/2034 00:00:00,75.000000000,13.03231,False
564,01015,0001,10/06/2034 00:00:00,150.000000000,17.00000,False
565,01015,0001,10/06/2034 00:00:00,125.000000000,17.00000,False
565,01143,0001,07/22/2034 00:00:00,0.150000000,3396.86396,False
566,01009,001,10/05/2028 00:00:00,0.205000000,2200.00000,False
566,01013,0001,07/21/2034 00:00:00,0.205000000,259.62717,False
566,01016,0001,07/21/2034 00:00:00,3280.000000000,10.00000,False
566,01034,0001,07/22/2034 00:00:00,4.100000000,559.14782,False
566,01043,0001,08/24/2034 00:00:00,820.000000000,13.75000,False
566,01050,0001,07/22/2034 00:00:00,6.150000000,3086.04001,False
566,01053,0001,07/22/2034 00:00:00,2.050000000,15760.34525,False
566,01054,0001,07/22/2034 00:00:00,1.640000000,16752.11170,False
566,01056,0001,07/22/2034 00:00:00,0.820000000,18697.38365,False
566,01057,0001,07/22/2034 00:00:00,0.820000000,12640.67293,False
566,01060,001,10/05/2028 00:00:00,8.200000000,950.00000,False
566,01072,0001,07/22/2034 00:00:00,1.640000000,9146.17902,False
566,01073,0001,07/29/2034 00:00:00,0.410000000,373.47646,False
566,01143,0001,07/22/2034 00:00:00,12.300000000,3396.86396,False
567,01015,0001,10/06/2034 00:00:00,1250.000000000,17.00000,False
568,01003,0001,07/21/2034 00:00:00,250.000000000,13.03231,False
568,01033,0001,08/02/2034 00:00:00,50.000000000,50.00000,False
569,01009,001,10/05/2028 00:00:00,0.010000000,2200.00000,False
569,01013,0001,07/21/2034 00:00:00,0.100000000,259.62717,False
569,01016,0001,07/21/2034 00:00:00,800.000000000,10.00000,False
569,01042,0001,07/22/2034 00:00:00,10.000000000,168.59401,False
569,01043,0001,08/24/2034 00:00:00,200.000000000,13.75000,False
569,01050,0001,07/22/2034 00:00:00,1.200000000,3086.04001,False
569,01053,0001,07/22/2034 00:00:00,0.100000000,15760.34525,False
569,01054,0001,07/22/2034 00:00:00,0.100000000,16752.11170,False
569,01143,0001,07/22/2034 00:00:00,0.500000000,3396.86396,False
570,01004,0001,07/29/2034 00:00:00,10.500000000,400.00000,False
570,01009,001,10/05/2028 00:00:00,2.100000000,2200.00000,False
570,01020,0001,07/22/2034 00:00:00,35.000000000,313.24849,False
570,01036,0001,07/22/2034 00:00:00,7.000000000,650.00233,False
570,01041,0001,07/22/2034 00:00:00,1.400000000,560.00047,False
570,01060,001,10/05/2028 00:00:00,0.700000000,950.00000,False
571,01036,0001,07/22/2034 00:00:00,6.000000000,650.00233,False
571,01041,0001,07/22/2034 00:00:00,0.240000000,560.00047,False
571,01045,001,10/02/2028 00:00:00,1.200000000,350.00000,False
571,01053,0001,07/22/2034 00:00:00,0.090000000,15760.34525,False
571,01055,0001,07/22/2034 00:00:00,0.180000000,1549.99494,False
571,01056,0001,07/22/2034 00:00:00,0.030000000,18697.38365,False
571,01058,0001,07/22/2034 00:00:00,0.240000000,1449.92236,False
572,01017,0001,07/22/2034 00:00:00,0.300000000,3370.67997,False
572,01019,0001,10/28/2028 00:00:00,0.600000000,5200.00000,False
572,01031,0001,07/22/2034 00:00:00,0.900000000,6494.72991,False
572,01036,0001,07/22/2034 00:00:00,3.000000000,650.00233,False
572,01041,0001,07/22/2034 00:00:00,0.240000000,560.00047,False
572,01045,001,10/02/2028 00:00:00,3.000000000,350.00000,False
572,01058,0001,07/22/2034 00:00:00,0.240000000,1449.92236,False
572,01075,0001,07/23/2034 00:00:00,0.600000000,4692.51124,False
572,01189,0001,07/22/2034 00:00:00,4.800000000,700.01943,False
573,01004,0001,07/29/2034 00:00:00,2.200000000,400.00000,False
573,01036,0001,07/22/2034 00:00:00,2.200000000,650.00233,False
573,01041,0001,07/22/2034 00:00:00,2.200000000,560.00047,False
573,01043,0001,08/24/2034 00:00:00,1.100000000,13.75000,False
573,01045,001,10/02/2028 00:00:00,2.200000000,350.00000,False
573,01050,0001,07/22/2034 00:00:00,0.006600000,3086.04001,False
573,01055,0001,07/22/2034 00:00:00,11.000000000,1549.99494,False
573,01058,0001,07/22/2034 00:00:00,0.880000000,1449.92236,False
573,01073,0001,07/29/2034 00:00:00,1.100000000,373.47646,False
574,01004,0001,07/29/2034 00:00:00,1.860000000,400.00000,False
574,01009,001,10/05/2028 00:00:00,0.372000000,2200.00000,False
574,01020,0001,07/22/2034 00:00:00,6.200000000,313.24849,False
574,01021,0001,07/21/2034 00:00:00,3.100000000,340.07146,False
574,01022,0001,07/23/2034 00:00:00,0.012400000,4000.00000,False
574,01036,0001,07/22/2034 00:00:00,1.240000000,650.00233,False
574,01041,0001,07/22/2034 00:00:00,0.248000000,560.00047,False
574,01060,001,10/05/2028 00:00:00,0.124000000,950.00000,False
575,01003,0001,07/21/2034 00:00:00,625.000000000,13.03231,False
575,01033,0001,08/02/2034 00:00:00,125.000000000,50.00000,False
575,01059,0001,08/06/2034 00:00:00,40.000000000,72.44776,False
576,01028,0001,07/22/2034 00:00:00,0.384000000,1650.00000,False
576,01036,0001,07/22/2034 00:00:00,0.408000000,650.00233,False
576,01050,0001,07/22/2034 00:00:00,0.003840000,3086.04001,False
576,01052,0001,07/22/2034 00:00:00,0.004080000,14500.00000,False
576,01055,0001,07/22/2034 00:00:00,0.098400000,1549.99494,False
576,01056,0001,07/22/2034 00:00:00,0.004080000,18697.38365,False
576,01058,0001,07/22/2034 00:00:00,0.120000000,1449.92236,False
577,01004,0001,07/29/2034 00:00:00,0.312000000,400.00000,False
577,01041,0001,07/22/2034 00:00:00,0.096000000,560.00047,False
577,01044,0001,10/12/2028 00:00:00,0.312000000,128.00000,False
577,01045,001,10/02/2028 00:00:00,0.312000000,350.00000,False
577,01050,0001,07/22/2034 00:00:00,0.000960000,3086.04001,False
577,01055,0001,07/22/2034 00:00:00,0.240000000,1549.99494,False
578,01004,0001,07/29/2034 00:00:00,0.024000000,400.00000,False
578,01010,0001,07/21/2034 00:00:00,0.240000000,2800.00000,False
578,01012,0001,07/21/2034 00:00:00,0.072000000,4000.00000,False
578,01020,0001,07/22/2034 00:00:00,0.240000000,313.24849,False
578,01021,0001,07/21/2034 00:00:00,0.240000000,340.07146,False
578,01041,0001,07/22/2034 00:00:00,0.096000000,560.00047,False
578,01046,0001,07/22/2034 00:00:00,0.360000000,10502.10290,False
578,01058,0001,07/22/2034 00:00:00,0.096000000,1449.92236,False
578,01184,0001,07/21/2034 00:00:00,0.240000000,366.99993,False
579,01036,0001,07/22/2034 00:00:00,0.480000000,650.00233,False
579,01041,0001,07/22/2034 00:00:00,0.096000000,560.00047,False
579,01045,001,10/02/2028 00:00:00,0.120000000,350.00000,False
579,01050,0001,07/22/2034 00:00:00,0.004800000,3086.04001,False
579,01058,0001,07/22/2034 00:00:00,0.096000000,1449.92236,False
580,01017,0001,07/22/2034 00:00:00,0.144000000,3370.67997,False
580,01031,0001,07/22/2034 00:00:00,0.360000000,6494.72991,False
580,01048,0001,07/22/2034 00:00:00,0.072000000,1405.95140,False
580,01058,0001,07/22/2034 00:00:00,0.120000000,1449.92236,False
581,01036,0001,07/22/2034 00:00:00,0.240000000,650.00233,False
581,01041,0001,07/22/2034 00:00:00,0.048000000,560.00047,False
581,01045,001,10/02/2028 00:00:00,0.240000000,350.00000,False
581,01053,0001,07/22/2034 00:00:00,0.003600000,15760.34525,False
581,01056,0001,07/22/2034 00:00:00,0.007200000,18697.38365,False
581,01058,0001,07/22/2034 00:00:00,0.048000000,1449.92236,False
582,01036,0001,07/22/2034 00:00:00,0.120000000,650.00233,False
582,01041,0001,07/22/2034 00:00:00,0.048000000,560.00047,False
582,01045,001,10/02/2028 00:00:00,0.360000000,350.00000,False
582,01058,0001,07/22/2034 00:00:00,0.048000000,1449.92236,False
582,01072,0001,07/22/2034 00:00:00,0.240000000,9146.17902,False
583,01003,0001,07/21/2034 00:00:00,100.000000000,13.25752,False
583,01031,0001,07/22/2034 00:00:00,0.375000000,6494.72991,False
584,01021,0001,07/21/2034 00:00:00,1.600000000,340.07146,False
584,01028,0001,07/22/2034 00:00:00,3.200000000,1650.00000,False
584,01041,0001,07/22/2034 00:00:00,1.600000000,560.00047,False
584,01045,001,10/02/2028 00:00:00,3.200000000,350.00000,False
584,01050,0001,07/22/2034 00:00:00,0.032000000,3086.04001,False
584,01057,0001,07/22/2034 00:00:00,0.064000000,12640.67293,False
584,01058,0001,07/22/2034 00:00:00,1.280000000,1449.92236,False
584,01115,001,10/05/2028 00:00:00,12.160000000,650.00000,False
584,01143,0001,07/22/2034 00:00:00,0.960000000,3396.86396,False
585,01010,0001,07/21/2034 00:00:00,1.680000000,2800.00000,False
585,01020,0001,07/22/2034 00:00:00,1.680000000,313.24849,False
585,01021,0001,07/21/2034 00:00:00,1.680000000,340.07146,False
585,01041,0001,07/22/2034 00:00:00,0.600000000,560.00047,False
585,01045,001,10/02/2028 00:00:00,4.200000000,350.00000,False
585,01058,0001,07/22/2034 00:00:00,0.800000000,1449.92236,False
585,01105,0001,07/22/2034 00:00:00,1.680000000,414.58858,False
585,01184,0001,07/21/2034 00:00:00,10.000000000,366.99993,False
586,01017,0001,07/22/2034 00:00:00,1.540000000,3370.67997,False
586,01031,0001,07/22/2034 00:00:00,2.200000000,6494.72991,False
586,01036,0001,07/22/2034 00:00:00,0.220000000,650.00233,False
586,01041,0001,07/22/2034 00:00:00,0.880000000,560.00047,False
586,01045,001,10/02/2028 00:00:00,6.600000000,350.00000,False
586,01048,0001,07/22/2034 00:00:00,0.660000000,1405.95140,False
586,01058,0001,07/22/2034 00:00:00,0.880000000,1449.92236,False
587,01009,001,10/05/2028 00:00:00,0.440000000,2200.00000,False
587,01013,0001,07/21/2034 00:00:00,6.600000000,259.62717,False
587,01034,0001,07/22/2034 00:00:00,2.200000000,525.41335,False
587,01036,0001,07/22/2034 00:00:00,1.100000000,650.00233,False
587,01038,001,10/01/2028 00:00:00,8.800000000,650.00000,False
587,01045,001,10/02/2028 00:00:00,1.100000000,350.00000,False
587,01056,0001,07/22/2034 00:00:00,0.165000000,18697.38365,False
587,01058,0001,07/22/2034 00:00:00,0.880000000,1449.92236,False
587,01060,001,10/05/2028 00:00:00,1.100000000,950.00000,False
588,01009,001,10/05/2028 00:00:00,2.100000000,2200.00000,False
588,01020,0001,07/22/2034 00:00:00,35.000000000,313.24849,False
588,01036,0001,07/22/2034 00:00:00,7.000000000,650.00233,False
588,01041,0001,07/22/2034 00:00:00,1.400000000,560.00047,False
588,01060,001,10/05/2028 00:00:00,0.700000000,950.00000,False
