ProductId,CompanyId,GroupId,ProductName,Packing,PurchasePrice,PurchaseDiscRatio,PurchaseSTValue,PurchaseSTRatio,TradePrice,SaleDiscRatio,SaleDiscRatioRetail,SaleSTValue,SaleSTRatio,RetailPrice,MinStockLevel,OrderStockLevel,PurBonusBase,PurBonusQty,SalBonusBase,SalBonusQty,IsSaleOnTp,RetailPriceLoose,TradePrice2,TradePrice3,RPTOTPDisc,IsBonusItem,Carton,IsActive,IsInput,IsOutput,IsConsumable
00008,00,,Scour Guard100ML,100ML,0.00,0.00,0.00,0.00,100.0000,0.00,0.00,0.00,0.00,0.0000,0,0,0,0,0,0,True,0.0000,0.0000,0.0000,0.0000,False,0,True,False,True,False
00010,00,,Calci-Phos-D100ML,100ML,0.00,0.00,0.00,0.00,120.0000,0.00,0.00,0.00,0.00,0.0000,0,0,0,0,0,0,True,0.0000,0.0000,0.0000,0.0000,False,0,True,False,True,False
00013,00,,Kirzan BOP 100ml,100ml,0.00,0.00,0.00,0.00,80.0000,0.00,0.00,0.00,0.00,0.0000,0,100,0,0,0,0,True,0.0000,0.0000,0.0000,0.0000,False,0,True,False,True,False
00014,00,,Growth Promoter 1kg,1kg,0.00,0.00,0.00,0.00,250.0000,0.00,0.00,0.00,0.00,0.0000,0,0,0,0,0,0,True,0.0000,0.0000,0.0000,0.0000,False,0,True,False,True,False
00016,00,,Growth Promoter 25kg,25kg,0.00,0.00,0.00,0.00,4000.0000,0.00,0.00,0.00,0.00,0.0000,0,0,0,0,0,0,True,0.0000,0.0000,0.0000,0.0000,False,0,True,False,True,False
00017,00,,DCP BOP 1kg,1kg,0.00,0.00,0.00,0.00,120.0000,0.00,0.00,0.00,0.00,0.0000,0,0,0,0,0,0,True,0.0000,0.0000,0.0000,0.0000,False,0,True,False,True,False
00019,00,,DCP BOP 25kg,25kg,0.00,0.00,0.00,0.00,1800.0000,0.00,0.00,0.00,0.00,0.0000,0,0,0,0,0,0,True,0.0000,0.0000,0.0000,0.0000,False,0,True,False,True,False
00020,00,,Magnet BOP 1kg,1kg,0.00,0.00,0.00,0.00,180.0000,0.00,0.00,0.00,0.00,0.0000,0,0,0,0,0,0,True,0.0000,0.0000,0.0000,0.0000,False,0,True,False,True,False
00022,00,,Magnet BOP 25kg,25kg,0.00,0.00,0.00,0.00,3500.0000,0.00,0.00,0.00,0.00,0.0000,0,0,0,0,0,0,True,0.0000,0.0000,0.0000,0.0000,False,0,True,False,True,False
00023,00,,Hepatic-Optimizer 100ml,100ml,0.00,0.00,0.00,0.00,200.0000,0.00,0.00,0.00,0.00,0.0000,0,0,0,0,0,0,True,0.0000,0.0000,0.0000,0.0000,False,0,True,False,True,False
00024,00,,Hepatic-Optimizer 1 Lit,1 Lit,3000.00,0.00,0.00,0.00,3000.0000,0.00,0.00,0.00,0.00,0.0000,0,0,0,0,0,0,True,0.0000,0.0000,0.0000,0.0000,False,0,True,False,True,False
00025,00,,Calcivit-D 25kg,25kg,0.00,0.00,0.00,0.00,4500.0000,0.00,0.00,0.00,0.00,0.0000,0,0,0,0,0,0,True,0.0000,0.0000,0.0000,0.0000,False,0,True,False,True,False
00026,00,,Vital Gold 1kg,1kg,0.00,0.00,0.00,0.00,430.0000,0.00,0.00,0.00,0.00,0.0000,0,0,0,0,0,0,True,0.0000,0.0000,0.0000,0.0000,False,0,True,False,True,False
00027,00,,Vital Gold 5kg,5kg,0.00,0.00,0.00,0.00,1800.0000,0.00,0.00,0.00,0.00,0.0000,0,0,0,0,0,0,True,0.0000,0.0000,0.0000,0.0000,False,0,True,False,True,False
00028,00,,Vital Gold 25kg,25kg,0.00,0.00,0.00,0.00,7500.0000,0.00,0.00,0.00,0.00,0.0000,0,0,0,0,0,0,True,0.0000,0.0000,0.0000,0.0000,False,0,True,False,True,False
00029,00,,Saline Electry 300gm,300gm,0.00,0.00,0.00,0.00,90.0000,0.00,0.00,0.00,0.00,0.0000,0,0,0,0,0,0,True,0.0000,0.0000,0.0000,0.0000,False,0,True,False,True,False
00030,00,,Coolper 100gm,100gm,0.00,0.00,0.00,0.00,100.0000,0.00,0.00,0.00,0.00,0.0000,0,0,0,0,0,0,True,0.0000,0.0000,0.0000,0.0000,False,0,True,False,True,False
00031,00,,Coolper 1kg,1kg,0.00,0.00,0.00,0.00,800.0000,0.00,0.00,0.00,0.00,0.0000,0,0,0,0,0,0,True,0.0000,0.0000,0.0000,0.0000,False,0,True,False,True,False
00032,00,,Calci-Phos-D 1000ml,1 lit,0.00,0.00,0.00,0.00,1800.0000,0.00,0.00,0.00,0.00,0.0000,0,0,0,0,0,0,True,0.0000,0.0000,0.0000,0.0000,False,0,True,False,True,False
00033,00,,Kirzan BOP 1000ML,1 Lit,0.00,0.00,0.00,0.00,550.0000,0.00,0.00,0.00,0.00,0.0000,0,0,0,0,0,0,True,0.0000,0.0000,0.0000,0.0000,False,0,True,False,True,False
00034,00,,Micro-Cut spray 120ml,120ml,0.00,0.00,0.00,0.00,350.0000,0.00,0.00,0.00,0.00,0.0000,0,0,0,0,0,0,True,0.0000,0.0000,0.0000,0.0000,False,0,True,False,True,False
00035,00,,Bio-Fat 25kg,25kg,0.00,0.00,0.00,0.00,10000.0000,0.00,0.00,0.00,0.00,0.0000,0,0,0,0,0,0,True,0.0000,0.0000,0.0000,0.0000,False,0,True,False,True,False
00036,00,,Paower 1kg,1kg,0.00,0.00,0.00,0.00,200.0000,0.00,0.00,0.00,0.00,0.0000,0,0,0,0,0,0,True,0.0000,0.0000,0.0000,0.0000,False,0,True,False,True,False
00037,00,,paower Plus 25kg,25kg,0.00,0.00,0.00,0.00,4000.0000,0.00,0.00,0.00,0.00,0.0000,0,0,0,0,0,0,True,0.0000,0.0000,0.0000,0.0000,False,0,True,False,True,False
00038,00,,Hepatic-Optimizer Powder 25kg,25kg,0.00,0.00,0.00,0.00,10000.0000,0.00,0.00,0.00,0.00,0.0000,0,0,0,0,0,0,True,0.0000,0.0000,0.0000,0.0000,False,0,True,False,True,False
00039,00,,Super Yeast 1kg,1kg,0.00,0.00,0.00,0.00,600.0000,0.00,0.00,0.00,0.00,0.0000,0,0,0,0,0,0,True,0.0000,0.0000,0.0000,0.0000,False,0,True,False,True,False
00040,00,,Super Yeast Powder 25kg,25kg,0.00,0.00,0.00,0.00,12000.0000,0.00,0.00,0.00,0.00,0.0000,0,0,0,0,0,0,True,0.0000,0.0000,0.0000,0.0000,False,0,True,False,True,False
00041,00,,Growth Promoter Plus 25kg,25kg,0.00,0.00,0.00,0.00,8000.0000,0.00,0.00,0.00,0.00,0.0000,0,0,0,0,0,0,True,0.0000,0.0000,0.0000,0.0000,False,0,True,False,True,False
00045,00,,Fuzion Plus 1Lit,1 Lit,0.00,0.00,0.00,0.00,2200.0000,0.00,0.00,0.00,0.00,0.0000,0,0,0,0,0,0,True,0.0000,0.0000,0.0000,0.0000,False,0,True,False,True,False
00046,00,,Fuzion Plus 5 Lit,5 Lit,0.00,0.00,0.00,0.00,12500.0000,0.00,0.00,0.00,0.00,0.0000,0,0,0,0,0,0,True,0.0000,0.0000,0.0000,0.0000,False,0,True,False,True,False
00047,00,,Toxi-Lic Liquid 5 Lit,5 Lit,0.00,0.00,0.00,0.00,4000.0000,0.00,0.00,0.00,0.00,0.0000,0,0,0,0,0,0,True,0.0000,0.0000,0.0000,0.0000,False,0,True,False,True,False
00048,00,,Lysogar-Lic Powder 1kg,1kg,0.00,0.00,0.00,0.00,1500.0000,0.00,0.00,0.00,0.00,0.0000,0,0,0,0,0,0,True,0.0000,0.0000,0.0000,0.0000,False,0,True,False,True,False
00049,00,,Calci-Phos-D 5 Lit,5 Lit,0.00,0.00,0.00,0.00,7500.0000,0.00,0.00,0.00,0.00,0.0000,0,0,0,0,0,0,True,0.0000,0.0000,0.0000,0.0000,False,0,True,False,True,False
00050,00,,Garlimint Plus BOP 1Lit,1Lit,0.00,0.00,0.00,0.00,3500.0000,0.00,0.00,0.00,0.00,0.0000,0,0,0,0,0,0,True,0.0000,0.0000,0.0000,0.0000,False,0,True,False,True,False
00051,00,,Garlimint Plus BOP 5Lit,5Lit,0.00,0.00,0.00,0.00,17500.0000,0.00,0.00,0.00,0.00,0.0000,0,0,0,0,0,0,True,0.0000,0.0000,0.0000,0.0000,False,0,True,False,True,False
00052,00,,Hepatic-Optimizer 5Lit,5Lit,0.00,0.00,0.00,0.00,12500.0000,0.00,0.00,0.00,0.00,0.0000,0,0,0,0,0,0,True,0.0000,0.0000,0.0000,0.0000,False,0,True,False,True,False
00053,00,,Kimchi sal Oral Liquid 5 Lit,,0.00,0.00,0.00,0.00,20000.0000,0.00,0.00,0.00,0.00,0.0000,0,0,0,0,0,0,True,0.0000,0.0000,0.0000,0.0000,False,0,True,False,True,False
00054,00,,Mento Care Oral Liquid,1 Lit,0.00,0.00,0.00,0.00,2500.0000,0.00,0.00,0.00,0.00,0.0000,0,0,0,0,0,0,True,0.0000,0.0000,0.0000,0.0000,False,0,True,False,True,False
00055,00,,Micro Sel-E Oral Liquid 1 Lit,,0.00,0.00,0.00,0.00,1.0000,0.00,0.00,0.00,0.00,0.0000,0,0,0,0,0,0,True,0.0000,0.0000,0.0000,0.0000,False,0,True,False,True,False
00056,00,,O-D Plus Oral Liquid 1 Liter,,0.00,0.00,0.00,0.00,1.0000,0.00,0.00,0.00,0.00,0.0000,0,0,0,0,0,0,True,0.0000,0.0000,0.0000,0.0000,False,0,True,False,True,False
00057,00,,CID-7 Oral Liquid 1 Lit,1 Lit,0.00,0.00,0.00,0.00,1.0000,0.00,0.00,0.00,0.00,0.0000,0,0,0,0,0,0,True,0.0000,0.0000,0.0000,0.0000,False,0,True,False,True,False
00058,00,,Calci-Gold Oral Powder,1 Kg,0.00,0.00,0.00,0.00,1.0000,0.00,0.00,0.00,0.00,0.0000,0,0,0,0,0,0,True,0.0000,0.0000,0.0000,0.0000,False,0,True,False,True,False
00059,00,,Heato-Tone BOP Oral Powder,1 KG,0.00,0.00,0.00,0.00,1.0000,0.00,0.00,0.00,0.00,0.0000,0,0,0,0,0,0,True,0.0000,0.0000,0.0000,0.0000,False,0,True,False,True,False
00060,00,,Saline Electry 100 GRM,100 G,0.00,0.00,0.00,0.00,1.0000,0.00,0.00,0.00,0.00,0.0000,0,0,0,0,0,0,True,0.0000,0.0000,0.0000,0.0000,False,0,True,False,True,False
00061,00,,Nili Bar BOP Oral Powder,1 KG,0.00,0.00,0.00,0.00,1.0000,0.00,0.00,0.00,0.00,0.0000,0,0,0,0,0,0,True,0.0000,0.0000,0.0000,0.0000,False,0,True,False,True,False
00062,00,,BOP Lyzomix Oral Powder 1KG ,1KG,0.00,0.00,0.00,0.00,1.0000,0.00,0.00,0.00,0.00,0.0000,0,0,0,0,0,0,True,0.0000,0.0000,0.0000,0.0000,False,0,True,False,True,False
00063,00,,BOP ADEK Oral Liquid 1 Lit,,0.00,0.00,0.00,0.00,1.0000,0.00,0.00,0.00,0.00,0.0000,0,0,0,0,0,0,True,0.0000,0.0000,0.0000,0.0000,False,0,True,False,True,False
00064,00,,Toniplex Bop Oral Liquid 1 Lit,,0.00,0.00,0.00,0.00,1.0000,0.00,0.00,0.00,0.00,0.0000,0,0,0,0,0,0,True,0.0000,0.0000,0.0000,0.0000,False,0,True,False,True,False
00065,00,,Garlizyme Bop Oral Powder,1 Kg,0.00,0.00,0.00,0.00,1.0000,0.00,0.00,0.00,0.00,0.0000,0,0,0,0,0,0,True,0.0000,0.0000,0.0000,0.0000,False,0,True,False,True,False
00066,00,,Super Drink Bop Oral Powder,1 KG,0.00,0.00,0.00,0.00,1.0000,0.00,0.00,0.00,0.00,0.0000,0,0,0,0,0,0,True,0.0000,0.0000,0.0000,0.0000,False,0,True,False,True,False
00067,00,,Bio-Fat 4000 Oral Powder  1KG,1KG,0.00,0.00,0.00,0.00,1.0000,0.00,0.00,0.00,0.00,0.0000,0,0,0,0,0,0,True,0.0000,0.0000,0.0000,0.0000,False,0,True,False,True,False
00068,00,,Bio-Urex Oral Powder,1KG,0.00,0.00,0.00,0.00,1.0000,0.00,0.00,0.00,0.00,0.0000,0,0,0,0,0,0,True,0.0000,0.0000,0.0000,0.0000,False,0,True,False,True,False
00069,00,,Grow More Bop Oral Powder,1 Kg,0.00,0.00,0.00,0.00,1.0000,0.00,0.00,0.00,0.00,0.0000,0,0,0,0,0,0,True,0.0000,0.0000,0.0000,0.0000,False,0,True,False,True,False
00071,00,,Lyzomix Oral Powder,1 KG,0.00,0.00,0.00,0.00,1.0000,0.00,0.00,0.00,0.00,0.0000,0,0,0,0,0,0,True,0.0000,0.0000,0.0000,0.0000,False,0,True,False,True,False
00072,00,,CID 7 Oral Liquid 5 Liter,5 Lit,0.00,0.00,0.00,0.00,4800.0000,0.00,0.00,0.00,0.00,0.0000,0,0,0,0,0,0,True,0.0000,0.0000,0.0000,0.0000,False,0,True,False,True,False
00073,00,,Ambro_Lic Oral Liquid 1 Liter,Liter,0.00,0.00,0.00,0.00,1400.0000,0.00,0.00,0.00,0.00,0.0000,0,0,0,0,0,0,True,0.0000,0.0000,0.0000,0.0000,False,0,True,False,True,False
00074,00,,Magnet Plus 25 Kg,25 Kg,0.00,0.00,0.00,0.00,8000.0000,0.00,0.00,0.00,0.00,0.0000,0,0,0,0,0,0,True,0.0000,0.0000,0.0000,0.0000,False,0,True,False,True,False
00075,00,,Respilator Oral Liquid 1 Liter,1 Lit,0.00,0.00,0.00,0.00,1.0000,0.00,0.00,0.00,0.00,0.0000,0,0,0,0,0,0,True,0.0000,0.0000,0.0000,0.0000,False,0,True,False,True,False
00076,00,,Prime Grow Protein 25 kg,,0.00,0.00,0.00,0.00,1.0000,0.00,0.00,0.00,0.00,0.0000,0,0,0,0,0,0,True,0.0000,0.0000,0.0000,0.0000,False,0,True,False,True,False
00077,00,,Bio Ambrox 1 Liter Liquid,,0.00,0.00,0.00,0.00,1000.0000,0.00,0.00,0.00,0.00,0.0000,0,0,0,0,0,0,True,0.0000,0.0000,0.0000,0.0000,False,0,True,False,True,False
00078,00,, ORITOX Oral Powder  25 Kg,,0.00,0.00,0.00,0.00,1.0000,0.00,0.00,0.00,0.00,0.0000,0,0,0,0,0,0,True,0.0000,0.0000,0.0000,0.0000,False,0,True,False,True,False
00079,00,,nutri Lic Oral powder 5kg,,0.00,0.00,0.00,0.00,1.0000,0.00,0.00,0.00,0.00,0.0000,0,0,0,0,0,0,True,0.0000,0.0000,0.0000,0.0000,False,0,True,False,True,False
00080,00,,STS Paradek Powder 1kg,1 Kg,0.00,0.00,0.00,0.00,1.0000,0.00,0.00,0.00,0.00,0.0000,0,0,0,0,0,0,True,0.0000,0.0000,0.0000,0.0000,False,0,True,False,True,False
00081,00,,Micro Milk 1kg,,0.00,0.00,0.00,0.00,1.0000,0.00,0.00,0.00,0.00,0.0000,0,0,0,0,0,0,True,0.0000,0.0000,0.0000,0.0000,False,0,True,False,True,False
00082,00,,Micro Milk 1kg Orion,,0.00,0.00,0.00,0.00,450.0000,0.00,0.00,0.00,0.00,0.0000,0,0,0,0,0,0,True,0.0000,0.0000,0.0000,0.0000,False,0,True,False,True,False
00083,00,,Copper Oral Liquid 1 Lit,1 Lit,0.00,0.00,0.00,0.00,1.0000,0.00,0.00,0.00,0.00,0.0000,0,0,0,0,0,0,True,0.0000,0.0000,0.0000,0.0000,False,0,True,False,True,False
00084,00,,BOP Adek Oral Liquid 5 Lit,5 Lit,0.00,0.00,0.00,0.00,1.0000,0.00,0.00,0.00,0.00,0.0000,0,0,0,0,0,0,True,0.0000,0.0000,0.0000,0.0000,False,0,True,False,True,False
00085,00,,Copper Oral Liquid 5 Lit,5 Lit,0.00,0.00,0.00,0.00,1.0000,0.00,0.00,0.00,0.00,0.0000,0,0,0,0,0,0,True,0.0000,0.0000,0.0000,0.0000,False,0,True,False,True,False
00086,00,,Oripulmo Liquid 1 Lit,,0.00,0.00,0.00,0.00,1300.0000,0.00,0.00,0.00,0.00,0.0000,0,0,0,0,0,0,True,0.0000,0.0000,0.0000,0.0000,False,0,True,False,True,False
00087,00,,V & M Minerals 20 Kg,20 Kg,0.00,0.00,0.00,0.00,1.0000,0.00,0.00,0.00,0.00,0.0000,0,0,0,0,0,0,True,0.0000,0.0000,0.0000,0.0000,False,0,True,False,True,False
00088,00,,Myco Fixer,25 Kg,0.00,0.00,0.00,0.00,1.0000,0.00,0.00,0.00,0.00,0.0000,0,0,0,0,0,0,True,0.0000,0.0000,0.0000,0.0000,False,0,True,False,True,False
00089,00,,Calci Phos D 250 Ml,,0.00,0.00,0.00,0.00,1.0000,0.00,0.00,0.00,0.00,0.0000,0,0,0,0,0,0,True,0.0000,0.0000,0.0000,0.0000,False,0,True,False,True,False
00090,00,,Micro Sel E Oral Liquid 5 Lit,,0.00,0.00,0.00,0.00,1.0000,0.00,0.00,0.00,0.00,0.0000,0,0,0,0,0,0,True,0.0000,0.0000,0.0000,0.0000,False,0,True,False,True,False
00091,00,,Toniplex Oral Liquid 5 Lit,,0.00,0.00,0.00,0.00,1.0000,0.00,0.00,0.00,0.00,0.0000,0,0,0,0,0,0,True,0.0000,0.0000,0.0000,0.0000,False,0,True,False,True,False
00092,00,,Immunogen Oral Liquid 1 Lit,,0.00,0.00,0.00,0.00,1.0000,0.00,0.00,0.00,0.00,0.0000,0,0,0,0,0,0,True,0.0000,0.0000,0.0000,0.0000,False,0,True,False,True,False
00093,00,,CalgoGen Oral liquid 1 Lit,1 Lit,0.00,0.00,0.00,0.00,1.0000,0.00,0.00,0.00,0.00,0.0000,0,0,0,0,0,0,True,0.0000,0.0000,0.0000,0.0000,False,0,True,False,True,False
00094,00,,LivoGen Oral Liquid 1Lit,,0.00,0.00,0.00,0.00,1.0000,0.00,0.00,0.00,0.00,0.0000,0,0,0,0,0,0,True,0.0000,0.0000,0.0000,0.0000,False,0,True,False,True,False
00095,00,,Nutri Lic Premix Feed 25Kg,25 Kg,0.00,0.00,0.00,0.00,5000.0000,0.00,0.00,0.00,0.00,0.0000,0,0,0,0,0,0,True,0.0000,0.0000,0.0000,0.0000,False,0,True,False,True,False
00096,00,,RespiGen 1 Lit Liquid,,1500.00,0.00,0.00,0.00,1500.0000,0.00,0.00,0.00,0.00,0.0000,0,0,0,0,0,0,True,0.0000,0.0000,0.0000,0.0000,False,0,True,False,True,False
00097,00,,C.A Phos Liquid 5 Lit ,,0.00,0.00,0.00,0.00,1500.0000,0.00,0.00,0.00,0.00,0.0000,0,0,0,0,0,0,True,0.0000,0.0000,0.0000,0.0000,False,0,True,False,True,False
00098,00,,Fixit Liquid 5 Lit,,0.00,0.00,0.00,0.00,2500.0000,0.00,0.00,0.00,0.00,0.0000,0,0,0,0,0,0,True,0.0000,0.0000,0.0000,0.0000,False,0,True,False,True,False
00099,00,,LivLong Liquid 5 Lit,,0.00,0.00,0.00,0.00,2200.0000,0.00,0.00,0.00,0.00,0.0000,0,0,0,0,0,0,True,0.0000,0.0000,0.0000,0.0000,False,0,True,False,True,False
00100,00,,Toxi Gold Liquid 1 Lit,,1.00,0.00,0.00,0.00,700.0000,0.00,0.00,0.00,0.00,0.0000,0,0,0,0,0,0,True,0.0000,0.0000,0.0000,0.0000,False,0,True,False,True,False
00101,00,,Livo Lic Liquid 1 Lit,,1.00,0.00,0.00,0.00,650.0000,0.00,0.00,0.00,0.00,0.0000,0,0,0,0,0,0,True,0.0000,0.0000,0.0000,0.0000,False,0,True,False,True,False
00102,00,,Diure Lic Powder 1 Kg,,1.00,0.00,0.00,0.00,400.0000,0.00,0.00,0.00,0.00,0.0000,0,0,0,0,0,0,True,0.0000,0.0000,0.0000,0.0000,False,0,True,False,True,False
00103,00,,Toxi Lic Oral Liquid 1 Lit,,0.00,0.00,0.00,0.00,850.0000,0.00,0.00,0.00,0.00,0.0000,0,0,0,0,0,0,True,0.0000,0.0000,0.0000,0.0000,False,0,True,False,True,False
00104,00,,Respi Fit Oral Liquid 1 Lit,,0.00,0.00,0.00,0.00,1.0000,0.00,0.00,0.00,0.00,0.0000,0,0,0,0,0,0,True,0.0000,0.0000,0.0000,0.0000,False,0,True,False,True,False
00105,00,,E.C Gold Oral Liquid 1 Lit,,0.00,0.00,0.00,0.00,1.0000,0.00,0.00,0.00,0.00,0.0000,0,0,0,0,0,0,True,0.0000,0.0000,0.0000,0.0000,False,0,True,False,True,False
00106,00,,VitaLic Powder 1Kg,,0.00,0.00,0.00,0.00,500.0000,0.00,0.00,0.00,0.00,0.0000,0,0,0,0,0,0,True,0.0000,0.0000,0.0000,0.0000,False,0,True,False,True,False
00107,00,,NephroLic Powder 1 Kg,,0.00,0.00,0.00,0.00,400.0000,0.00,0.00,0.00,0.00,0.0000,0,0,0,0,0,0,True,0.0000,0.0000,0.0000,0.0000,False,0,True,False,True,False
00109,00,,Sar Adek Oral Liquid 5 Lit,,1.00,0.00,0.00,0.00,1500.0000,0.00,0.00,0.00,0.00,0.0000,0,0,0,0,0,0,True,0.0000,0.0000,0.0000,0.0000,False,0,True,False,True,False
00110,00,,Sino Sooth Oral Liquid 5 Lit,,1.00,0.00,0.00,0.00,2000.0000,0.00,0.00,0.00,0.00,0.0000,0,0,0,0,0,0,True,0.0000,0.0000,0.0000,0.0000,False,0,True,False,True,False
00111,00,,P.H Cure Oral Liquid 5 Lit,,1.00,0.00,0.00,0.00,1.0000,0.00,0.00,0.00,0.00,0.0000,0,0,0,0,0,0,True,0.0000,0.0000,0.0000,0.0000,False,0,True,False,True,False
00112,00,,Sar Boost Oral Liquid 5 Lit ,,1.00,0.00,0.00,0.00,2200.0000,0.00,0.00,0.00,0.00,0.0000,0,0,0,0,0,0,True,0.0000,0.0000,0.0000,0.0000,False,0,True,False,True,False
00113,00,,Sar Multi Oral Liquid 5 Lit,,1.00,0.00,0.00,0.00,1500.0000,0.00,0.00,0.00,0.00,0.0000,0,0,0,0,0,0,True,0.0000,0.0000,0.0000,0.0000,False,0,True,False,True,False
00114,00,,Citra Cid Liquid 20 Lit  ,,1.00,0.00,0.00,0.00,6000.0000,0.00,0.00,0.00,0.00,0.0000,0,0,0,0,0,0,True,0.0000,0.0000,0.0000,0.0000,False,0,True,False,True,False
00115,00,,Kirzan Liquid 5 Lit,,0.00,0.00,0.00,0.00,3000.0000,0.00,0.00,0.00,0.00,0.0000,0,0,0,0,0,0,True,0.0000,0.0000,0.0000,0.0000,False,0,True,False,True,False
00116,00,,BronoKill Liquid 5 Lit ,,1.00,0.00,0.00,0.00,5000.0000,0.00,0.00,0.00,0.00,0.0000,0,0,0,0,0,0,True,0.0000,0.0000,0.0000,0.0000,False,0,True,False,True,False
00117,00,,Micro Liv Liquid 5 Lit ,,1.00,0.00,0.00,0.00,12500.0000,0.00,0.00,0.00,0.00,0.0000,0,0,0,0,0,0,True,0.0000,0.0000,0.0000,0.0000,False,0,True,False,True,False
00118,00,,CID 7 Oral Liquid 25 Lit,,1.00,0.00,0.00,0.00,8000.0000,0.00,0.00,0.00,0.00,0.0000,0,0,0,0,0,0,True,0.0000,0.0000,0.0000,0.0000,False,0,True,False,True,False
00119,00,,Mento Care Oral  Liquid 5 Lit,,1.00,0.00,0.00,0.00,1.0000,0.00,0.00,0.00,0.00,0.0000,0,0,0,0,0,0,True,0.0000,0.0000,0.0000,0.0000,False,0,True,False,True,False
00120,00,,Adek 1kg powder ,,1.00,0.00,0.00,0.00,1.0000,0.00,0.00,0.00,0.00,0.0000,0,0,0,0,0,0,True,0.0000,0.0000,0.0000,0.0000,False,0,True,False,True,False
00121,00,,Nephretic 1kg powder,,1.00,0.00,0.00,0.00,1.0000,0.00,0.00,0.00,0.00,0.0000,0,0,0,0,0,0,True,0.0000,0.0000,0.0000,0.0000,False,0,True,False,True,False
00122,00,,immune forte Oral Liquid 1 Lit ,,1.00,0.00,0.00,0.00,1.0000,0.00,0.00,0.00,0.00,0.0000,0,0,0,0,0,0,True,0.0000,0.0000,0.0000,0.0000,False,0,True,False,True,False
00123,00,,Super Yeast Liquid 1 Lit,,1.00,0.00,0.00,0.00,1200.0000,0.00,0.00,0.00,0.00,0.0000,0,0,0,0,0,0,True,0.0000,0.0000,0.0000,0.0000,False,0,True,False,True,False
00124,00,,Super Yeast Liquid 5 Lit ,,1.00,0.00,0.00,0.00,6000.0000,0.00,0.00,0.00,0.00,0.0000,0,0,0,0,0,0,True,0.0000,0.0000,0.0000,0.0000,False,0,True,False,True,False
00125,00,,Golden Premix 25Kg ,,1.00,0.00,0.00,0.00,6000.0000,0.00,0.00,0.00,0.00,0.0000,0,0,0,0,0,0,True,0.0000,0.0000,0.0000,0.0000,False,0,True,False,True,False
00126,00,,Golden Premix 1 Kg ,,1.00,0.00,0.00,0.00,1.0000,0.00,0.00,0.00,0.00,0.0000,0,0,0,0,0,0,True,0.0000,0.0000,0.0000,0.0000,False,0,True,False,True,False
00127,00,,Paower Plus 1 kg,,1.00,0.00,0.00,0.00,250.0000,0.00,0.00,0.00,0.00,0.0000,0,0,0,0,0,0,True,0.0000,0.0000,0.0000,0.0000,False,0,True,False,True,False
00128,00,,CID 7 Oral Liquid 20 Liter ,,1.00,0.00,0.00,0.00,6400.0000,0.00,0.00,0.00,0.00,0.0000,0,0,0,0,0,0,True,0.0000,0.0000,0.0000,0.0000,False,0,True,False,True,False
00129,00,,RespiGuard Liquid  5 Liter,,1.00,0.00,0.00,0.00,13209.0000,0.00,0.00,0.00,0.00,0.0000,0,0,0,0,0,0,True,0.0000,0.0000,0.0000,0.0000,False,0,True,False,True,False
00130,00,,MicroTox Liquid 5 Liter ,,1.00,0.00,0.00,0.00,9275.0000,0.00,0.00,0.00,0.00,0.0000,0,0,0,0,0,0,True,0.0000,0.0000,0.0000,0.0000,False,0,True,False,True,False
00131,00,,HepaLiv Liquid 5 Liter ,,1.00,0.00,0.00,0.00,9100.0000,0.00,0.00,0.00,0.00,0.0000,0,0,0,0,0,0,True,0.0000,0.0000,0.0000,0.0000,False,0,True,False,True,False
00132,00,,Immune Forte Liquid 5 Lit,,1.00,0.00,0.00,0.00,1.0000,0.00,0.00,0.00,0.00,0.0000,0,0,0,0,0,0,True,0.0000,0.0000,0.0000,0.0000,False,0,True,False,True,False
00133,00,,Ferovit Plus Liquid 5 Lit,,1.00,0.00,0.00,0.00,1.0000,0.00,0.00,0.00,0.00,0.0000,0,0,0,0,0,0,True,0.0000,0.0000,0.0000,0.0000,False,0,True,False,True,False
00134,00,,Uri Flush Liquid 5 Lit,,1.00,0.00,0.00,0.00,1.0000,0.00,0.00,0.00,0.00,0.0000,0,0,0,0,0,0,True,0.0000,0.0000,0.0000,0.0000,False,0,True,False,True,False
00135,00,,Super Copper Liquid 5 Lit,,1.00,0.00,0.00,0.00,1.0000,0.00,0.00,0.00,0.00,0.0000,0,0,0,0,0,0,True,0.0000,0.0000,0.0000,0.0000,False,0,True,False,True,False
00136,00,,Super Adek Liquid 5 Lit,,1.00,0.00,0.00,0.00,1.0000,0.00,0.00,0.00,0.00,0.0000,0,0,0,0,0,0,True,0.0000,0.0000,0.0000,0.0000,False,0,True,False,True,False
00137,00,,Acidi-Lic Liquid 25 Lit,,1.00,0.00,0.00,0.00,6000.0000,0.00,0.00,0.00,0.00,0.0000,0,0,0,0,0,0,True,0.0000,0.0000,0.0000,0.0000,False,0,True,False,True,False
00138,00,,Bio Ambrox 5Lit,,1.00,0.00,0.00,0.00,1.0000,0.00,0.00,0.00,0.00,0.0000,0,0,0,0,0,0,True,0.0000,0.0000,0.0000,0.0000,False,0,True,False,True,False
00139,00,,Bentox Powder 25 kg,,1.00,0.00,0.00,0.00,1.0000,0.00,0.00,0.00,0.00,0.0000,0,0,0,0,0,0,True,0.0000,0.0000,0.0000,0.0000,False,0,True,False,True,False
00140,00,,MicroGold Minerals 25 kg,,1.00,0.00,0.00,0.00,1.0000,0.00,0.00,0.00,0.00,0.0000,0,0,0,0,0,0,True,0.0000,0.0000,0.0000,0.0000,False,0,True,False,True,False
00141,00,,Promin Gold Minerals 1kg,,0.00,0.00,0.00,0.00,250.0000,0.00,0.00,0.00,0.00,0.0000,0,0,0,0,0,0,True,0.0000,0.0000,0.0000,0.0000,False,0,True,False,True,False
00142,00,,Promin Gold Minerals 20kg,,0.00,0.00,0.00,0.00,4700.0000,0.00,0.00,0.00,0.00,0.0000,0,0,0,0,0,0,True,0.0000,0.0000,0.0000,0.0000,False,0,True,False,True,False
00143,00,,Bio Enzyme Liquid 5 Lit,,6020.00,0.00,0.00,0.00,15050.0000,0.00,0.00,0.00,0.00,0.0000,0,0,0,0,0,0,True,0.0000,0.0000,0.0000,0.0000,False,0,True,False,True,False
00144,00,,BOP DCAL Liquid 5 Lit,,0.00,0.00,0.00,0.00,1.0000,0.00,0.00,0.00,0.00,0.0000,0,0,0,0,0,0,True,0.0000,0.0000,0.0000,0.0000,False,0,True,False,True,False
00145,00,,L.G Mune Liquid 5 Liter,,1.00,0.00,0.00,0.00,15050.0000,0.00,0.00,0.00,0.00,0.0000,0,0,0,0,0,0,True,0.0000,0.0000,0.0000,0.0000,False,0,True,False,True,False
00146,00,,BOP RENAL Powder,,1.00,0.00,0.00,0.00,1.0000,0.00,0.00,0.00,0.00,0.0000,0,0,0,0,0,0,True,0.0000,0.0000,0.0000,0.0000,False,0,True,False,True,False
00147,00,,BOP PH 5 Liquid 25 Liter,,1.00,0.00,0.00,0.00,1.0000,0.00,0.00,0.00,0.00,0.0000,0,0,0,0,0,0,True,0.0000,0.0000,0.0000,0.0000,False,0,True,False,True,False
00148,00,,Micro Tox Liquid 5 Lit,,1.00,0.00,0.00,0.00,1.0000,0.00,0.00,0.00,0.00,0.0000,0,0,0,0,0,0,True,0.0000,0.0000,0.0000,0.0000,False,0,True,False,True,False
00150,00,,Calpho Lic Liquid 5 Lit,,1.00,0.00,0.00,0.00,1.0000,0.00,0.00,0.00,0.00,0.0000,0,0,0,0,0,0,True,0.0000,0.0000,0.0000,0.0000,False,0,True,False,True,False
00151,00,,BOP Copper Liquid 1 Lit,,1.00,0.00,0.00,0.00,1.0000,0.00,0.00,0.00,0.00,0.0000,0,0,0,0,0,0,True,0.0000,0.0000,0.0000,0.0000,False,0,True,False,True,False
00152,00,,Bop ADEK Powder 1 Kg,,1.00,0.00,0.00,0.00,1.0000,0.00,0.00,0.00,0.00,0.0000,0,0,0,0,0,0,True,0.0000,0.0000,0.0000,0.0000,False,0,True,False,True,False
00153,00,,BOP Nephretic Powder 1 Kg,,1.00,0.00,0.00,0.00,1.0000,0.00,0.00,0.00,0.00,0.0000,0,0,0,0,0,0,True,0.0000,0.0000,0.0000,0.0000,False,0,True,False,True,False
00154,00,,Calpho-Lic Liquid 100 ML,,1.00,0.00,0.00,0.00,1.0000,0.00,0.00,0.00,0.00,0.0000,0,0,0,0,0,0,True,0.0000,0.0000,0.0000,0.0000,False,0,True,False,True,False
00155,00,,Calco-Lic Liquid 120 ML,,1.00,0.00,0.00,0.00,1.0000,0.00,0.00,0.00,0.00,0.0000,0,0,0,0,0,0,True,0.0000,0.0000,0.0000,0.0000,False,0,True,False,True,False
00156,00,,DCP-Lic Powder 25 Kg (High),,1.00,0.00,0.00,0.00,1.0000,0.00,0.00,0.00,0.00,0.0000,0,0,0,0,0,0,True,0.0000,0.0000,0.0000,0.0000,False,0,True,False,True,False
00157,00,,Bento-lic Powder 25 Kg,,1.00,0.00,0.00,0.00,1.0000,0.00,0.00,0.00,0.00,0.0000,0,0,0,0,0,0,True,0.0000,0.0000,0.0000,0.0000,False,0,True,False,True,False
00158,00,,Minro-Lic mineral 25 Kg,,1.00,0.00,0.00,0.00,1.0000,0.00,0.00,0.00,0.00,0.0000,0,0,0,0,0,0,True,0.0000,0.0000,0.0000,0.0000,False,0,True,False,True,False
00159,00,,Minro-Lic mineral 1 Kg,,1.00,0.00,0.00,0.00,1.0000,0.00,0.00,0.00,0.00,0.0000,0,0,0,0,0,0,True,0.0000,0.0000,0.0000,0.0000,False,0,True,False,True,False
00160,00,,VitaMinro-Lic Mineral 25 Kg,,1.00,0.00,0.00,0.00,1.0000,0.00,0.00,0.00,0.00,0.0000,0,0,0,0,0,0,True,0.0000,0.0000,0.0000,0.0000,False,0,True,False,True,False
00161,00,,VitaMinro-Lic Mineral 1Kg,,1.00,0.00,0.00,0.00,1.0000,0.00,0.00,0.00,0.00,0.0000,0,0,0,0,0,0,True,0.0000,0.0000,0.0000,0.0000,False,0,True,False,True,False
00162,00,,Bio Yeast Liquid 5 Lit,,1.00,0.00,0.00,0.00,1.0000,0.00,0.00,0.00,0.00,0.0000,0,0,0,0,0,0,True,0.0000,0.0000,0.0000,0.0000,False,0,True,False,True,False
00163,00,,Mento Respi Liquid 5 Lit,,3000.00,0.00,0.00,0.00,3000.0000,0.00,0.00,0.00,0.00,0.0000,0,0,0,0,0,0,True,0.0000,0.0000,0.0000,0.0000,False,0,True,False,True,False
00164,00,,Orga fat-Lic 25 kg,,1.00,0.00,0.00,0.00,6000.0000,0.00,0.00,0.00,0.00,0.0000,0,0,0,0,0,0,True,0.0000,0.0000,0.0000,0.0000,False,0,True,False,True,False
00165,00,,BOP COOLPER Powder 25 kg,,1.00,0.00,0.00,0.00,15000.0000,0.00,0.00,0.00,0.00,0.0000,0,0,0,0,0,0,True,0.0000,0.0000,0.0000,0.0000,False,0,True,False,True,False
00166,00,,Stable C 20 Liquid  1 Lit,,1.00,0.00,0.00,0.00,1.0000,0.00,0.00,0.00,0.00,0.0000,0,0,0,0,0,0,True,0.0000,0.0000,0.0000,0.0000,False,0,True,False,True,False
00167,00,,E.S 200 Liquid  1 Lit,,1.00,0.00,0.00,0.00,1.0000,0.00,0.00,0.00,0.00,0.0000,0,0,0,0,0,0,True,0.0000,0.0000,0.0000,0.0000,False,0,True,False,True,False
00168,00,,Bio Adek Liquid  1 Lit,,1.00,0.00,0.00,0.00,1.0000,0.00,0.00,0.00,0.00,0.0000,0,0,0,0,0,0,True,0.0000,0.0000,0.0000,0.0000,False,0,True,False,True,False
00169,00,,Ex.Tox Liquid 1 Lit,,270.00,0.00,0.00,0.00,270.0000,0.00,0.00,0.00,0.00,0.0000,0,0,0,0,0,0,True,0.0000,0.0000,0.0000,0.0000,False,0,True,False,True,False
00170,00,,Ex.Tox Liquid 5 Lit,,1.00,0.00,0.00,0.00,1.0000,0.00,0.00,0.00,0.00,0.0000,0,0,0,0,0,0,True,0.0000,0.0000,0.0000,0.0000,False,0,True,False,True,False
00171,00,,BOP Super Drink Powder 1 Kg,,1.00,0.00,0.00,0.00,1.0000,0.00,0.00,0.00,0.00,0.0000,0,0,0,0,0,0,True,0.0000,0.0000,0.0000,0.0000,False,0,True,False,True,False
00172,00,,Energo Lic Liquid 5 Lit,,2000.00,0.00,0.00,0.00,2000.0000,0.00,0.00,0.00,0.00,0.0000,0,0,0,0,0,0,True,0.0000,0.0000,0.0000,0.0000,False,0,True,False,True,False
00173,00,,HepaNext Liquid 1 Lit,,1.00,0.00,0.00,0.00,1.0000,0.00,0.00,0.00,0.00,0.0000,0,0,0,0,0,0,True,0.0000,0.0000,0.0000,0.0000,False,0,True,False,True,False
00174,00,,Microtone Liquid 1 Lit,,1.00,0.00,0.00,0.00,1.0000,0.00,0.00,0.00,0.00,0.0000,0,0,0,0,0,0,True,0.0000,0.0000,0.0000,0.0000,False,0,True,False,True,False
00175,00,,Kimchi Mex Liquid 1 Lit,,1.00,0.00,0.00,0.00,1.0000,0.00,0.00,0.00,0.00,0.0000,0,0,0,0,0,0,True,0.0000,0.0000,0.0000,0.0000,False,0,True,False,True,False
00176,00,,PENTA COPPER Liquid 1 Lit,,1.00,0.00,0.00,0.00,750.0000,0.00,0.00,0.00,0.00,0.0000,0,0,0,0,0,0,True,0.0000,0.0000,0.0000,0.0000,False,0,True,False,True,False
00177,00,,O-D Plus Oral Liquid 5 Liter,,1.00,0.00,0.00,0.00,1.0000,0.00,0.00,0.00,0.00,0.0000,0,0,0,0,0,0,True,0.0000,0.0000,0.0000,0.0000,False,0,True,False,True,False
00178,00,,Bop URETIC Powder 1 kg,,1.00,0.00,0.00,0.00,1.0000,0.00,0.00,0.00,0.00,0.0000,0,0,0,0,0,0,True,0.0000,0.0000,0.0000,0.0000,False,0,True,False,True,False
00179,00,,PROCOPCID Oral Liquid 5 Liter,,1.00,0.00,0.00,0.00,1.0000,0.00,0.00,0.00,0.00,0.0000,0,0,0,0,0,0,True,0.0000,0.0000,0.0000,0.0000,False,0,True,False,True,False
00180,00,,Stable C 20 (5 Liter),,1.00,0.00,0.00,0.00,1.0000,0.00,0.00,0.00,0.00,0.0000,0,0,0,0,0,0,True,0.0000,0.0000,0.0000,0.0000,False,0,True,False,True,False
00181,00,,HEAATIC OPTIMIZER Liquid 250 ml,,1.00,0.00,0.00,0.00,1.0000,0.00,0.00,0.00,0.00,0.0000,0,0,0,0,0,0,True,0.0000,0.0000,0.0000,0.0000,False,0,True,False,True,False
00182,00,,Microgest Powder 100 gm,,1.00,0.00,0.00,0.00,1.0000,0.00,0.00,0.00,0.00,0.0000,0,0,0,0,0,0,True,0.0000,0.0000,0.0000,0.0000,False,0,True,False,True,False
00183,00,,BOP EN-BOOST Liquid 5 Liter,,1.00,0.00,0.00,0.00,1.0000,0.00,0.00,0.00,0.00,0.0000,0,0,0,0,0,0,True,0.0000,0.0000,0.0000,0.0000,False,0,True,False,True,False
00184,00,,Kimchi Sal Liquid 1 Liter,,1.00,0.00,0.00,0.00,1.0000,0.00,0.00,0.00,0.00,0.0000,0,0,0,0,0,0,True,0.0000,0.0000,0.0000,0.0000,False,0,True,False,True,False
00185,00,,MOOGROW-LIC 25 kg,,7000.00,0.00,0.00,0.00,7000.0000,0.00,0.00,0.00,0.00,0.0000,0,0,0,0,0,0,True,0.0000,0.0000,0.0000,0.0000,False,0,True,False,True,False
00186,00,,DCP Powder - 29 %.   25 kg,25 kg,5000.00,0.00,0.00,0.00,5000.0000,0.00,0.00,0.00,0.00,0.0000,0,0,0,0,0,0,True,0.0000,0.0000,0.0000,0.0000,False,0,True,False,True,False
00187,00,,TOXI-OFF Liquid 5 Liter,,13000.00,0.00,0.00,0.00,13000.0000,0.00,0.00,0.00,0.00,0.0000,0,0,0,0,0,0,True,0.0000,0.0000,0.0000,0.0000,False,0,True,False,True,False
00188,00,,TOXI GOLD Liquid 5 Liter,,1.00,0.00,0.00,0.00,1.0000,0.00,0.00,0.00,0.00,0.0000,0,0,0,0,0,0,True,0.0000,0.0000,0.0000,0.0000,False,0,True,False,True,False
00189,00,,RESPIFIT Liquid 5 Liter ,,1.00,0.00,0.00,0.00,1.0000,0.00,0.00,0.00,0.00,0.0000,0,0,0,0,0,0,True,0.0000,0.0000,0.0000,0.0000,False,0,True,False,True,False
00190,00,,Hepaliv Liquid 1 Liter,,1200.00,0.00,0.00,0.00,1200.0000,0.00,0.00,0.00,0.00,0.0000,0,0,0,0,0,0,True,0.0000,0.0000,0.0000,0.0000,False,0,True,False,True,False
00191,00,,BOP LIVERCARE Powder 25 KG,,10000.00,0.00,0.00,0.00,10000.0000,0.00,0.00,0.00,0.00,0.0000,0,0,0,0,0,0,True,0.0000,0.0000,0.0000,0.0000,False,0,True,False,True,False
00192,00,,HepaTox liquid 5 Liter,,4000.00,0.00,0.00,0.00,4000.0000,0.00,0.00,0.00,0.00,0.0000,0,0,0,0,0,0,True,0.0000,0.0000,0.0000,0.0000,False,0,True,False,True,False
00193,00,,Kimchi Gold liquid 5 Liter,,1.00,0.00,0.00,0.00,1.0000,0.00,0.00,0.00,0.00,0.0000,0,0,0,0,0,0,True,0.0000,0.0000,0.0000,0.0000,False,0,True,False,True,False
00194,00,,E.C Gold Oral Liquid  5 Liter,,1.00,0.00,0.00,0.00,1.0000,0.00,0.00,0.00,0.00,0.0000,0,0,0,0,0,0,True,0.0000,0.0000,0.0000,0.0000,False,0,True,False,True,False
00195,00,,HepaTox Forte powder 25kg,,1.00,0.00,0.00,0.00,1.0000,0.00,0.00,0.00,0.00,0.0000,0,0,0,0,0,0,True,0.0000,0.0000,0.0000,0.0000,False,0,True,False,True,False
00196,00,,Sachro-lic Oral Powder 25 KG,,1.00,0.00,0.00,0.00,1.0000,0.00,0.00,0.00,0.00,0.0000,0,0,0,0,0,0,True,0.0000,0.0000,0.0000,0.0000,False,0,True,False,True,False
00197,00,,Eggcelent liquid 5 Liter,,1.00,0.00,0.00,0.00,1.0000,0.00,0.00,0.00,0.00,0.0000,0,0,0,0,0,0,True,0.0000,0.0000,0.0000,0.0000,False,0,True,False,True,False
00198,00,,LivoCare liquid 5 Litter,,1.00,0.00,0.00,0.00,1.0000,0.00,0.00,0.00,0.00,0.0000,0,0,0,0,0,0,True,0.0000,0.0000,0.0000,0.0000,False,0,True,False,True,False
00199,00,,Yeast Plus Powder 25 kg,,1.00,0.00,0.00,0.00,1.0000,0.00,0.00,0.00,0.00,0.0000,0,0,0,0,0,0,True,0.0000,0.0000,0.0000,0.0000,False,0,True,False,True,False
00200,00,,Mebrox Plus Oral Solution 1kg,,1.00,0.00,0.00,0.00,1.0000,0.00,0.00,0.00,0.00,0.0000,0,0,0,0,0,0,True,0.0000,0.0000,0.0000,0.0000,False,0,True,False,True,False
00201,00,,Garlimint Plus Liquid 100 ML,,1.00,0.00,0.00,0.00,1.0000,0.00,0.00,0.00,0.00,0.0000,0,0,0,0,0,0,True,0.0000,0.0000,0.0000,0.0000,False,0,True,False,True,False
00202,00,,MicroTox liquid 1Lit,,1.00,0.00,0.00,0.00,1.0000,0.00,0.00,0.00,0.00,0.0000,0,0,0,0,0,0,True,0.0000,0.0000,0.0000,0.0000,False,0,True,False,True,False
00203,00,,L .G Mune liquid 1 Lit,,1.00,0.00,0.00,0.00,1.0000,0.00,0.00,0.00,0.00,0.0000,0,0,0,0,0,0,True,0.0000,0.0000,0.0000,0.0000,False,0,True,False,True,False
00204,00,,Bop DCAL Liquid 1Lit,,1.00,0.00,0.00,0.00,1.0000,0.00,0.00,0.00,0.00,0.0000,0,0,0,0,0,0,True,0.0000,0.0000,0.0000,0.0000,False,0,True,False,True,False
00205,00,,Ferovit Plus Liquid 1Lit,,1.00,0.00,0.00,0.00,1.0000,0.00,0.00,0.00,0.00,0.0000,0,0,0,0,0,0,True,0.0000,0.0000,0.0000,0.0000,False,0,True,False,True,False
00206,00,,Super Copper Liquid 1Lit,,1.00,0.00,0.00,0.00,1.0000,0.00,0.00,0.00,0.00,0.0000,0,0,0,0,0,0,True,0.0000,0.0000,0.0000,0.0000,False,0,True,False,True,False
00207,00,,KimchiMex Liquid 5Lit,,1.00,0.00,0.00,0.00,1.0000,0.00,0.00,0.00,0.00,0.0000,0,0,0,0,0,0,True,0.0000,0.0000,0.0000,0.0000,False,0,True,False,True,False
00208,00,,Profen C+ Powder 1Kg,,1.00,0.00,0.00,0.00,1.0000,0.00,0.00,0.00,0.00,0.0000,0,0,0,0,0,0,True,0.0000,0.0000,0.0000,0.0000,False,0,True,False,True,False
00209,00,,Hepatic Optimizer fort Powder 25kg,,1.00,0.00,0.00,0.00,1.0000,0.00,0.00,0.00,0.00,0.0000,0,0,0,0,0,0,True,0.0000,0.0000,0.0000,0.0000,False,0,True,False,True,False
00210,00,,Super Adeck Liquid 5 Lit,,1.00,0.00,0.00,0.00,1.0000,0.00,0.00,0.00,0.00,0.0000,0,0,0,0,0,0,True,0.0000,0.0000,0.0000,0.0000,False,0,True,False,True,False
00211,00,,Bio Adeck Liquid 5Lit,,1.00,0.00,0.00,0.00,1.0000,0.00,0.00,0.00,0.00,0.0000,0,0,0,0,0,0,True,0.0000,0.0000,0.0000,0.0000,False,0,True,False,True,False
00212,00,,Microgold-Bop 25 kg,,1.00,0.00,0.00,0.00,1.0000,0.00,0.00,0.00,0.00,0.0000,0,0,0,0,0,0,True,0.0000,0.0000,0.0000,0.0000,False,0,True,False,True,False
00213,00,,Bop PH5  5Lit,,1.00,0.00,0.00,0.00,1.0000,0.00,0.00,0.00,0.00,0.0000,0,0,0,0,0,0,True,0.0000,0.0000,0.0000,0.0000,False,0,True,False,True,False
00214,00,,Aquadjust Liquid 25Lit,,1.00,0.00,0.00,0.00,1.0000,0.00,0.00,0.00,0.00,0.0000,0,0,0,0,0,0,True,0.0000,0.0000,0.0000,0.0000,False,0,True,False,True,False
00215,00,,Calcivit-D Powder 1kg,,1.00,0.00,0.00,0.00,1.0000,0.00,0.00,0.00,0.00,0.0000,0,0,0,0,0,0,True,0.0000,0.0000,0.0000,0.0000,False,0,True,False,True,False
00216,00,,RespiGuard liquid 1Lit,,1.00,0.00,0.00,0.00,1.0000,0.00,0.00,0.00,0.00,0.0000,0,0,0,0,0,0,True,0.0000,0.0000,0.0000,0.0000,False,0,True,False,True,False
00217,00,,Renal Fix Liquid 1Lit,,1.00,0.00,0.00,0.00,1.0000,0.00,0.00,0.00,0.00,0.0000,0,0,0,0,0,0,True,0.0000,0.0000,0.0000,0.0000,False,0,True,False,True,False
00218,00,,Red Gold Minreal 1kg,,1.00,0.00,0.00,0.00,1.0000,0.00,0.00,0.00,0.00,0.0000,0,0,0,0,0,0,True,0.0000,0.0000,0.0000,0.0000,False,0,True,False,True,False
00219,00,,Himax Dairy powder 25kg,,1.00,0.00,0.00,0.00,1.0000,0.00,0.00,0.00,0.00,0.0000,0,0,0,0,0,0,True,0.0000,0.0000,0.0000,0.0000,False,0,True,False,True,False
00220,00,,Rumicid powder 25kg,,1.00,0.00,0.00,0.00,1.0000,0.00,0.00,0.00,0.00,0.0000,0,0,0,0,0,0,True,0.0000,0.0000,0.0000,0.0000,False,0,True,False,True,False
00221,00,,HY-CALD Liquid 5lit,,1.00,0.00,0.00,0.00,1.0000,0.00,0.00,0.00,0.00,0.0000,0,0,0,0,0,0,True,0.0000,0.0000,0.0000,0.0000,False,0,True,False,True,False
00222,00,,Nu-Sil-T Plus 5Lit ,,1.00,0.00,0.00,0.00,1.0000,0.00,0.00,0.00,0.00,0.0000,0,0,0,0,0,0,True,0.0000,0.0000,0.0000,0.0000,False,0,True,False,True,False
00223,00,,Avivita Plus Liquid 5Lit,,1.00,0.00,0.00,0.00,1.0000,0.00,0.00,0.00,0.00,0.0000,0,0,0,0,0,0,True,0.0000,0.0000,0.0000,0.0000,False,0,True,False,True,False
00224,00,,BronchoFix Liquid 1Liter,,1.00,0.00,0.00,0.00,1.0000,0.00,0.00,0.00,0.00,0.0000,0,0,0,0,0,0,True,0.0000,0.0000,0.0000,0.0000,False,0,True,False,True,False
00225,00,,RedGold Minerals 25KG,,1.00,0.00,0.00,0.00,1.0000,0.00,0.00,0.00,0.00,0.0000,0,0,0,0,0,0,True,0.0000,0.0000,0.0000,0.0000,False,0,True,False,True,False
00226,00,,O-D Plus Liquid 1lit,,1.00,0.00,0.00,0.00,1.0000,0.00,0.00,0.00,0.00,0.0000,0,0,0,0,0,0,True,0.0000,0.0000,0.0000,0.0000,False,0,True,False,True,False
00227,00,,Miceo-Sel E1Lit,,1.00,0.00,0.00,0.00,1.0000,0.00,0.00,0.00,0.00,0.0000,0,0,0,0,0,0,True,0.0000,0.0000,0.0000,0.0000,False,0,True,False,True,False
00228,00,,P.H Cure 25 Liter,,1.00,0.00,0.00,0.00,1.0000,0.00,0.00,0.00,0.00,0.0000,0,0,0,0,0,0,True,0.0000,0.0000,0.0000,0.0000,False,0,True,False,True,False
00229,00,,E.C Gold Liquid 1Lit,,1.00,0.00,0.00,0.00,1.0000,0.00,0.00,0.00,0.00,0.0000,0,0,0,0,0,0,True,0.0000,0.0000,0.0000,0.0000,False,0,True,False,True,False
00230,00,,ES-200 Liiqid 5Lit,,1.00,0.00,0.00,0.00,1.0000,0.00,0.00,0.00,0.00,0.0000,0,0,0,0,0,0,True,0.0000,0.0000,0.0000,0.0000,False,0,True,False,True,False
00231,00,, Calcium 72 25kg,,1.00,0.00,0.00,0.00,1.0000,0.00,0.00,0.00,0.00,0.0000,0,0,0,0,0,0,True,0.0000,0.0000,0.0000,0.0000,False,0,True,False,True,False
00232,00,,Bop SUPPER TOX 1kg,,1.00,0.00,0.00,0.00,1.0000,0.00,0.00,0.00,0.00,0.0000,0,0,0,0,0,0,True,0.0000,0.0000,0.0000,0.0000,False,0,True,False,True,False
00233,00,,Timp-Ex Oral Liquid 120 ML,,1.00,0.00,0.00,0.00,1.0000,0.00,0.00,0.00,0.00,0.0000,0,0,0,0,0,0,True,0.0000,0.0000,0.0000,0.0000,False,0,True,False,True,False
00234,00,,Hepatune liquid  1Lit,,1.00,0.00,0.00,0.00,1.0000,0.00,0.00,0.00,0.00,0.0000,0,0,0,0,0,0,True,0.0000,0.0000,0.0000,0.0000,False,0,True,False,True,False
00235,00,,Bop Dairy Calcium 25kg,,1.00,0.00,0.00,0.00,1.0000,0.00,0.00,0.00,0.00,0.0000,0,0,0,0,0,0,True,0.0000,0.0000,0.0000,0.0000,False,0,True,False,True,False
00236,00,,Bop Dairy Gold 25kg,,1.00,0.00,0.00,0.00,1.0000,0.00,0.00,0.00,0.00,0.0000,0,0,0,0,0,0,True,0.0000,0.0000,0.0000,0.0000,False,0,True,False,True,False
00237,00,,Bop Dairy Tox 25kg,,1.00,0.00,0.00,0.00,1.0000,0.00,0.00,0.00,0.00,0.0000,0,0,0,0,0,0,True,0.0000,0.0000,0.0000,0.0000,False,0,True,False,True,False
00238,00,,Calphos-D Liquid 5Lit,,1.00,0.00,0.00,0.00,1.0000,0.00,0.00,0.00,0.00,0.0000,0,0,0,0,0,0,True,0.0000,0.0000,0.0000,0.0000,False,0,True,False,True,False
00239,00,,Bop Super Gold 1Kg,,1.00,0.00,0.00,0.00,1.0000,0.00,0.00,0.00,0.00,0.0000,0,0,0,0,0,0,True,0.0000,0.0000,0.0000,0.0000,False,0,True,False,True,False
00240,00,,Bop super Tox 25KG,,1.00,0.00,0.00,0.00,1.0000,0.00,0.00,0.00,0.00,0.0000,0,0,0,0,0,0,True,0.0000,0.0000,0.0000,0.0000,False,0,True,False,True,False
00241,00,,Bop Supper Gold 25KG,,1.00,0.00,0.00,0.00,1.0000,0.00,0.00,0.00,0.00,0.0000,0,0,0,0,0,0,True,0.0000,0.0000,0.0000,0.0000,False,0,True,False,True,False
00242,00,,Aqua Guard Liquid 5Lit,,1.00,0.00,0.00,0.00,1.0000,0.00,0.00,0.00,0.00,0.0000,0,0,0,0,0,0,True,0.0000,0.0000,0.0000,0.0000,False,0,True,False,True,False
00243,00,,Bop dairy Mineral 25 KG,,1.00,0.00,0.00,0.00,1.0000,0.00,0.00,0.00,0.00,0.0000,0,0,0,0,0,0,True,0.0000,0.0000,0.0000,0.0000,False,0,True,False,True,False
00244,00,,Calco-Best 100 ML ,,1.00,0.00,0.00,0.00,1.0000,0.00,0.00,0.00,0.00,0.0000,0,0,0,0,0,0,True,0.0000,0.0000,0.0000,0.0000,False,0,True,False,True,False
00245,00,,Sparko-80 25L,,1.00,0.00,0.00,0.00,1.0000,0.00,0.00,0.00,0.00,0.0000,0,0,0,0,0,0,True,0.0000,0.0000,0.0000,0.0000,False,0,True,False,True,False
00246,00,,Aqua-Guard 25L,,1.00,0.00,0.00,0.00,1.0000,0.00,0.00,0.00,0.00,0.0000,0,0,0,0,0,0,True,0.0000,0.0000,0.0000,0.0000,False,0,True,False,True,False
00247,00,,Ampro-Plus Liquid 5L,,1.00,0.00,0.00,0.00,1.0000,0.00,0.00,0.00,0.00,0.0000,0,0,0,0,0,0,True,0.0000,0.0000,0.0000,0.0000,False,0,True,False,True,False
00248,00,,Calcium-72 1KG,,1.00,0.00,0.00,0.00,1.0000,0.00,0.00,0.00,0.00,0.0000,0,0,0,0,0,0,True,0.0000,0.0000,0.0000,0.0000,False,0,True,False,True,False
00249,00,,Viro-Immune 5Lit,,1.00,0.00,0.00,0.00,1.0000,0.00,0.00,0.00,0.00,0.0000,0,0,0,0,0,0,True,0.0000,0.0000,0.0000,0.0000,False,0,True,False,True,False
00250,00,,Veti-Guard  Liquid 5L,,1.00,0.00,0.00,0.00,1.0000,0.00,0.00,0.00,0.00,0.0000,0,0,0,0,0,0,True,0.0000,0.0000,0.0000,0.0000,False,0,True,False,True,False
00251,00,,Ampro-Plus 1Liter,,1.00,0.00,0.00,0.00,1.0000,0.00,0.00,0.00,0.00,0.0000,0,0,0,0,0,0,True,0.0000,0.0000,0.0000,0.0000,False,0,True,False,True,False
00252,00,,Viro-Immune 1Liter,,1.00,0.00,0.00,0.00,1.0000,0.00,0.00,0.00,0.00,0.0000,0,0,0,0,0,0,True,0.0000,0.0000,0.0000,0.0000,False,0,True,False,True,False
00253,00,,Super Adek 1Liter,,1.00,0.00,0.00,0.00,1.0000,0.00,0.00,0.00,0.00,0.0000,0,0,0,0,0,0,True,0.0000,0.0000,0.0000,0.0000,False,0,True,False,True,False
00254,00,,Heaatic Optimizer 5 Liter,,1.00,0.00,0.00,0.00,1.0000,0.00,0.00,0.00,0.00,0.0000,0,0,0,0,0,0,True,0.0000,0.0000,0.0000,0.0000,False,0,True,False,True,False
00255,00,,Caldiphos 100ML,,1.00,0.00,0.00,0.00,1.0000,0.00,0.00,0.00,0.00,0.0000,0,0,0,0,0,0,True,0.0000,0.0000,0.0000,0.0000,False,0,True,False,True,False
00256,00,,Super Liver Liquid 100ml,,1.00,0.00,0.00,0.00,1.0000,0.00,0.00,0.00,0.00,0.0000,0,0,0,0,0,0,True,0.0000,0.0000,0.0000,0.0000,False,0,True,False,True,False
00257,00,,Heaatic-Optimizer 100ML,,1.00,0.00,0.00,0.00,1.0000,0.00,0.00,0.00,0.00,0.0000,0,0,0,0,0,0,True,0.0000,0.0000,0.0000,0.0000,False,0,True,False,True,False
00258,00,,GrowMore 25KG,,1.00,0.00,0.00,0.00,1.0000,0.00,0.00,0.00,0.00,0.0000,0,0,0,0,0,0,True,0.0000,0.0000,0.0000,0.0000,False,0,True,False,True,False
00259,00,,Garliment-Plus BOP  30ML,,1.00,0.00,0.00,0.00,1.0000,0.00,0.00,0.00,0.00,0.0000,0,0,0,0,0,0,True,0.0000,0.0000,0.0000,0.0000,False,0,True,False,True,False
00260,00,,Pro-Tox Liquid 5L,,1.00,0.00,0.00,0.00,1.0000,0.00,0.00,0.00,0.00,0.0000,0,0,0,0,0,0,True,0.0000,0.0000,0.0000,0.0000,False,0,True,False,True,False
00261,00,,Bop Copper 5L,,1.00,0.00,0.00,0.00,1.0000,0.00,0.00,0.00,0.00,0.0000,0,0,0,0,0,0,True,0.0000,0.0000,0.0000,0.0000,False,0,True,False,True,False
00262,00,,Magnet 100gm,,1.00,0.00,0.00,0.00,1.0000,0.00,0.00,0.00,0.00,0.0000,0,0,0,0,0,0,True,0.0000,0.0000,0.0000,0.0000,False,0,True,False,True,False
00263,00,,GrowMore 100gm,,1.00,0.00,0.00,0.00,1.0000,0.00,0.00,0.00,0.00,0.0000,0,0,0,0,0,0,True,0.0000,0.0000,0.0000,0.0000,False,0,True,False,True,False
00264,00,,DCP-Gold 25Kg,,1.00,0.00,0.00,0.00,1.0000,0.00,0.00,0.00,0.00,0.0000,0,0,0,0,0,0,True,0.0000,0.0000,0.0000,0.0000,False,0,True,False,True,False
00265,00,,GrowMore 1Kg,,1.00,0.00,0.00,0.00,1.0000,0.00,0.00,0.00,0.00,0.0000,0,0,0,0,0,0,True,0.0000,0.0000,0.0000,0.0000,False,0,True,False,True,False
00266,00,,E.S  200 liquid 5 Liter,,1.00,0.00,0.00,0.00,1.0000,0.00,0.00,0.00,0.00,0.0000,0,0,0,0,0,0,True,0.0000,0.0000,0.0000,0.0000,False,0,True,False,True,False
00267,00,,Super Yeast Liquid 5 Liter ,,1.00,0.00,0.00,0.00,1.0000,0.00,0.00,0.00,0.00,0.0000,0,0,0,0,0,0,True,0.0000,0.0000,0.0000,0.0000,False,0,True,False,True,False
00268,00,,Bop En-Boost Oral Liquid 1 Liter,,1.00,0.00,0.00,0.00,1.0000,0.00,0.00,0.00,0.00,0.0000,0,0,0,0,0,0,True,0.0000,0.0000,0.0000,0.0000,False,0,True,False,True,False
00269,00,,Respi-Ease Liquid 5 liter ,,1.00,0.00,0.00,0.00,1.0000,0.00,0.00,0.00,0.00,0.0000,0,0,0,0,0,0,True,0.0000,0.0000,0.0000,0.0000,False,0,True,False,True,False
00270,00,,Bio ESEL 200 Liquid 5 Liter  ,,1.00,0.00,0.00,0.00,1.0000,0.00,0.00,0.00,0.00,0.0000,0,0,0,0,0,0,True,0.0000,0.0000,0.0000,0.0000,False,0,True,False,True,False
00271,00,,Lyzoguard Liquid 5 Liter,,1.00,0.00,0.00,0.00,1.0000,0.00,0.00,0.00,0.00,0.0000,0,0,0,0,0,0,True,0.0000,0.0000,0.0000,0.0000,False,0,True,False,True,False
00272,00,,TieTox Liquid Oral Liquid  5 Liter,,1.00,0.00,0.00,0.00,1.0000,0.00,0.00,0.00,0.00,0.0000,0,0,0,0,0,0,True,0.0000,0.0000,0.0000,0.0000,False,0,True,False,True,False
00273,00,,Merlin Fix Oral Powder 25 kg,,1.00,0.00,0.00,0.00,1.0000,0.00,0.00,0.00,0.00,0.0000,0,0,0,0,0,0,True,0.0000,0.0000,0.0000,0.0000,False,0,True,False,True,False
00274,00,,CRD Mint Oral Liquid 5 Liter,,1.00,0.00,0.00,0.00,1.0000,0.00,0.00,0.00,0.00,0.0000,0,0,0,0,0,0,True,0.0000,0.0000,0.0000,0.0000,False,0,True,False,True,False
00275,00,,CRD Mint Oral Liquid  1 Liter,,1.00,0.00,0.00,0.00,1.0000,0.00,0.00,0.00,0.00,0.0000,0,0,0,0,0,0,True,0.0000,0.0000,0.0000,0.0000,False,0,True,False,True,False
00276,00,,Task 1 Oral Liquid  5 Liter,,1.00,0.00,0.00,0.00,1.0000,0.00,0.00,0.00,0.00,0.0000,0,0,0,0,0,0,True,0.0000,0.0000,0.0000,0.0000,False,0,True,False,True,False
00277,00,,Task 1 Oral Liquid  1 Liter,,1.00,0.00,0.00,0.00,1.0000,0.00,0.00,0.00,0.00,0.0000,0,0,0,0,0,0,True,0.0000,0.0000,0.0000,0.0000,False,0,True,False,True,False
00278,00,,Immunit Z Oral Liquid  5 Liter ,,1.00,0.00,0.00,0.00,1.0000,0.00,0.00,0.00,0.00,0.0000,0,0,0,0,0,0,True,0.0000,0.0000,0.0000,0.0000,False,0,True,False,True,False
00279,00,,Immunit Z Oral Liquid  1 Liter,,1.00,0.00,0.00,0.00,1.0000,0.00,0.00,0.00,0.00,0.0000,0,0,0,0,0,0,True,0.0000,0.0000,0.0000,0.0000,False,0,True,False,True,False
00280,00,,TopVit Oral Liquid  5 Liter,,1.00,0.00,0.00,0.00,1.0000,0.00,0.00,0.00,0.00,0.0000,0,0,0,0,0,0,True,0.0000,0.0000,0.0000,0.0000,False,0,True,False,True,False
00281,00,,MLC 100  Oral Liquid 5 Liter,,1.00,0.00,0.00,0.00,1.0000,0.00,0.00,0.00,0.00,0.0000,0,0,0,0,0,0,True,0.0000,0.0000,0.0000,0.0000,False,0,True,False,True,False
00282,00,,MLC 100 Oral Liquid  1 Liter ,,1.00,0.00,0.00,0.00,1.0000,0.00,0.00,0.00,0.00,0.0000,0,0,0,0,0,0,True,0.0000,0.0000,0.0000,0.0000,False,0,True,False,True,False
00283,00,,Minto-Lic Oral Liquid  1 Lit,,1.00,0.00,0.00,0.00,1.0000,0.00,0.00,0.00,0.00,0.0000,0,0,0,0,0,0,True,0.0000,0.0000,0.0000,0.0000,False,0,True,False,True,False
00284,00,,Bop DCP Gold 25 kg,,1.00,0.00,0.00,0.00,1.0000,0.00,0.00,0.00,0.00,0.0000,0,0,0,0,0,0,True,0.0000,0.0000,0.0000,0.0000,False,0,True,False,True,False
00285,00,,Reno Gurd Flush Oral Powder 1 kg,,1.00,0.00,0.00,0.00,1.0000,0.00,0.00,0.00,0.00,0.0000,0,0,0,0,0,0,True,0.0000,0.0000,0.0000,0.0000,False,0,True,False,True,False
00286,00,,Frost Oral Liquid 5 liter,,1.00,0.00,0.00,0.00,1.0000,0.00,0.00,0.00,0.00,0.0000,0,0,0,0,0,0,True,0.0000,0.0000,0.0000,0.0000,False,0,True,False,True,False
00287,00,,Flush Gold Oral Liquid 5 Lit,,1.00,0.00,0.00,0.00,1.0000,0.00,0.00,0.00,0.00,0.0000,0,0,0,0,0,0,True,0.0000,0.0000,0.0000,0.0000,False,0,True,False,True,False
00288,00,,Super LIVFIT 5 Liter,,1.00,0.00,0.00,0.00,1.0000,0.00,0.00,0.00,0.00,0.0000,0,0,0,0,0,0,True,0.0000,0.0000,0.0000,0.0000,False,0,True,False,True,False
00289,00,,ACIDO FORTE 25 Lit,,1.00,0.00,0.00,0.00,1.0000,0.00,0.00,0.00,0.00,0.0000,0,0,0,0,0,0,True,0.0000,0.0000,0.0000,0.0000,False,0,True,False,True,False
00291,00,,COPPER Gold Oral Liquid 5 Lit,,1.00,0.00,0.00,0.00,1.0000,0.00,0.00,0.00,0.00,0.0000,0,0,0,0,0,0,True,0.0000,0.0000,0.0000,0.0000,False,0,True,False,True,False
00292,00,,VETLIV Oral Solution 5 Lit,,1.00,0.00,0.00,0.00,1.0000,0.00,0.00,0.00,0.00,0.0000,0,0,0,0,0,0,True,0.0000,0.0000,0.0000,0.0000,False,0,True,False,True,False
00293,00,,Yeast Plus Oral Liquid 5 Lit,,1.00,0.00,0.00,0.00,1.0000,0.00,0.00,0.00,0.00,0.0000,0,0,0,0,0,0,True,0.0000,0.0000,0.0000,0.0000,False,0,True,False,True,False
00294,00,,Adek Gold Oral Liquid 5 Lit,,1.00,0.00,0.00,0.00,1.0000,0.00,0.00,0.00,0.00,0.0000,0,0,0,0,0,0,True,0.0000,0.0000,0.0000,0.0000,False,0,True,False,True,False
00295,00,,Hepa Gold Oral Liquid 5 Lit,,1.00,0.00,0.00,0.00,1.0000,0.00,0.00,0.00,0.00,0.0000,0,0,0,0,0,0,True,0.0000,0.0000,0.0000,0.0000,False,0,True,False,True,False
00296,00,,Toxi Gold Forte Powder 25 kg,,1.00,0.00,0.00,0.00,1.0000,0.00,0.00,0.00,0.00,0.0000,0,0,0,0,0,0,True,0.0000,0.0000,0.0000,0.0000,False,0,True,False,True,False
00297,00,,Avivita Plus 1 Lit,,1.00,0.00,0.00,0.00,1.0000,0.00,0.00,0.00,0.00,0.0000,0,0,0,0,0,0,True,0.0000,0.0000,0.0000,0.0000,False,0,True,False,True,False
00298,00,,E.MUNE Gold Oral Liquid 5 Lit,,1.00,0.00,0.00,0.00,1.0000,0.00,0.00,0.00,0.00,0.0000,0,0,0,0,0,0,True,0.0000,0.0000,0.0000,0.0000,False,0,True,False,True,False
00299,00,,Micro Milk Premix Oral powder 25 kg,,1.00,0.00,0.00,0.00,1.0000,0.00,0.00,0.00,0.00,0.0000,0,0,0,0,0,0,True,0.0000,0.0000,0.0000,0.0000,False,0,True,False,True,False
00300,00,,RUMEN GUARD Oral Powder 25 kg,,1.00,0.00,0.00,0.00,1.0000,0.00,0.00,0.00,0.00,0.0000,0,0,0,0,0,0,True,0.0000,0.0000,0.0000,0.0000,False,0,True,False,True,False
00301,00,,ULTRA IMMUNE Oral Liquid 5 Lit,,1.00,0.00,0.00,0.00,1.0000,0.00,0.00,0.00,0.00,0.0000,0,0,0,0,0,0,True,0.0000,0.0000,0.0000,0.0000,False,0,True,False,True,False
00302,00,,Bentox Plus Oral Powder 25 kg,,1.00,0.00,0.00,0.00,1.0000,0.00,0.00,0.00,0.00,0.0000,0,0,0,0,0,0,True,0.0000,0.0000,0.0000,0.0000,False,0,True,False,True,False
00303,00,,SACHRO LIC 1 kg,,1.00,0.00,0.00,0.00,1.0000,0.00,0.00,0.00,0.00,0.0000,0,0,0,0,0,0,True,0.0000,0.0000,0.0000,0.0000,False,0,True,False,True,False
00304,00,,Micro Milk Powder 1 kg,,1.00,0.00,0.00,0.00,1.0000,0.00,0.00,0.00,0.00,0.0000,0,0,0,0,0,0,True,0.0000,0.0000,0.0000,0.0000,False,0,True,False,True,False
00305,00,,Dairy Yeast 1 kg,,1.00,0.00,0.00,0.00,1.0000,0.00,0.00,0.00,0.00,0.0000,0,0,0,0,0,0,True,0.0000,0.0000,0.0000,0.0000,False,0,True,False,True,False
00306,00,,Chick Guard Oral Liquid 5 Lit,,1.00,0.00,0.00,0.00,1.0000,0.00,0.00,0.00,0.00,0.0000,0,0,0,0,0,0,True,0.0000,0.0000,0.0000,0.0000,False,0,True,False,True,False
00307,00,,BOP E 50 Oral Liquid 5 Lit,,1.00,0.00,0.00,0.00,1.0000,0.00,0.00,0.00,0.00,0.0000,0,0,0,0,0,0,True,0.0000,0.0000,0.0000,0.0000,False,0,True,False,True,False
00308,00,,Vital Gut Oral Liquid 5 Lit,,1.00,0.00,0.00,0.00,1.0000,0.00,0.00,0.00,0.00,0.0000,0,0,0,0,0,0,True,0.0000,0.0000,0.0000,0.0000,False,0,True,False,True,False
00309,00,,Levo Care Oral Liquid 5 Lit,,1.00,0.00,0.00,0.00,1.0000,0.00,0.00,0.00,0.00,0.0000,0,0,0,0,0,0,True,0.0000,0.0000,0.0000,0.0000,False,0,True,False,True,False
00310,00,,Lyzoguard Oral Liquid 5 Lit,,1.00,0.00,0.00,0.00,1.0000,0.00,0.00,0.00,0.00,0.0000,0,0,0,0,0,0,True,0.0000,0.0000,0.0000,0.0000,False,0,True,False,True,False
00311,00,,Copper-Pro Oral Liquid 5 Lit,,1.00,0.00,0.00,0.00,1.0000,0.00,0.00,0.00,0.00,0.0000,0,0,0,0,0,0,True,0.0000,0.0000,0.0000,0.0000,False,0,True,False,True,False
00312,00,,Myco-Sheild Oral Powder 25 kg,,1.00,0.00,0.00,0.00,1.0000,0.00,0.00,0.00,0.00,0.0000,0,0,0,0,0,0,True,0.0000,0.0000,0.0000,0.0000,False,0,True,False,True,False
00313,00,,Rehydrate Oral Liquid 5 Lit,,1.00,0.00,0.00,0.00,1.0000,0.00,0.00,0.00,0.00,0.0000,0,0,0,0,0,0,True,0.0000,0.0000,0.0000,0.0000,False,0,True,False,True,False
00314,00,,Phyto-Phos Oral Liquid 5 Lit,,1.00,0.00,0.00,0.00,1.0000,0.00,0.00,0.00,0.00,0.0000,0,0,0,0,0,0,True,0.0000,0.0000,0.0000,0.0000,False,0,True,False,True,False
00315,00,,Bop Buffer Plus 25 kg,,1.00,0.00,0.00,0.00,1.0000,0.00,0.00,0.00,0.00,0.0000,0,0,0,0,0,0,True,0.0000,0.0000,0.0000,0.0000,False,0,True,False,True,False
00316,00,,Ultra Immune Oral Liquid 1 Lit,,1.00,0.00,0.00,0.00,1.0000,0.00,0.00,0.00,0.00,0.0000,0,0,0,0,0,0,True,0.0000,0.0000,0.0000,0.0000,False,0,True,False,True,False
00317,00,,Tox End Oral Liquid 1 Liter,,0.00,0.00,0.00,0.00,1.0000,0.00,0.00,0.00,0.00,0.0000,0,0,0,0,0,0,True,0.0000,0.0000,0.0000,0.0000,False,0,True,False,True,False
00318,00,,IG Max Oral Liquid 1 Liter,,1.00,0.00,0.00,0.00,1.0000,0.00,0.00,0.00,0.00,0.0000,0,0,0,0,0,0,True,0.0000,0.0000,0.0000,0.0000,False,0,True,False,True,False
00319,00,,Pulmonal Oral Liquid 1 Liter,,1.00,0.00,0.00,0.00,1.0000,0.00,0.00,0.00,0.00,0.0000,0,0,0,0,0,0,True,0.0000,0.0000,0.0000,0.0000,False,0,True,False,True,False
00320,00,,Neufen Gold Oral Powder 1 kg,,1.00,0.00,0.00,0.00,1.0000,0.00,0.00,0.00,0.00,0.0000,0,0,0,0,0,0,True,0.0000,0.0000,0.0000,0.0000,False,0,True,False,True,False
00321,00,,Bovi Vitam Premix 25 kg,,1.00,0.00,0.00,0.00,1.0000,0.00,0.00,0.00,0.00,0.0000,0,0,0,0,0,0,True,0.0000,0.0000,0.0000,0.0000,False,0,True,False,True,False
00322,00,,Bovi Mineral Premix 25 kg,,1.00,0.00,0.00,0.00,1.0000,0.00,0.00,0.00,0.00,0.0000,0,0,0,0,0,0,True,0.0000,0.0000,0.0000,0.0000,False,0,True,False,True,False
00323,00,,Bovi Tox Oral Powder 25 kg ,,1.00,0.00,0.00,0.00,1.0000,0.00,0.00,0.00,0.00,0.0000,0,0,0,0,0,0,True,0.0000,0.0000,0.0000,0.0000,False,0,True,False,True,False
00324,00,,Bovi Tox Plus Oral Powder 25 kg,,1.00,0.00,0.00,0.00,1.0000,0.00,0.00,0.00,0.00,0.0000,0,0,0,0,0,0,True,0.0000,0.0000,0.0000,0.0000,False,0,True,False,True,False
00325,00,,Bovi DCP Oral Powder 25 kg,,1.00,0.00,0.00,0.00,1.0000,0.00,0.00,0.00,0.00,0.0000,0,0,0,0,0,0,True,0.0000,0.0000,0.0000,0.0000,False,0,True,False,True,False
00326,00,,OxyResp Oral Liquid 5 Lit,,1.00,0.00,0.00,0.00,1.0000,0.00,0.00,0.00,0.00,0.0000,0,0,0,0,0,0,True,0.0000,0.0000,0.0000,0.0000,False,0,True,False,True,False
00327,00,,LivTone Oral Liquid 5 Lit,,1.00,0.00,0.00,0.00,1.0000,0.00,0.00,0.00,0.00,0.0000,0,0,0,0,0,0,True,0.0000,0.0000,0.0000,0.0000,False,0,True,False,True,False
00328,00,,Copper Chelate Oral Liquid 5 Lit,,1.00,0.00,0.00,0.00,1.0000,0.00,0.00,0.00,0.00,0.0000,0,0,0,0,0,0,True,0.0000,0.0000,0.0000,0.0000,False,0,True,False,True,False
00329,00,,Vitamin E Sel Oral Liquid 5 Lit,,1.00,0.00,0.00,0.00,1.0000,0.00,0.00,0.00,0.00,0.0000,0,0,0,0,0,0,True,0.0000,0.0000,0.0000,0.0000,False,0,True,False,True,False
00330,00,,LivGuard Oral Liquid 5 Lit,,1.00,0.00,0.00,0.00,1.0000,0.00,0.00,0.00,0.00,0.0000,0,0,0,0,0,0,True,0.0000,0.0000,0.0000,0.0000,False,0,True,False,True,False
00331,00,,Bop Phytazyme Liquid Phytase 5 Lit,,1.00,0.00,0.00,0.00,1.0000,0.00,0.00,0.00,0.00,0.0000,0,0,0,0,0,0,True,0.0000,0.0000,0.0000,0.0000,False,0,True,False,True,False
00332,00,,Herbs Gold Oral Liquid 5 Lit,,1.00,0.00,0.00,0.00,1.0000,0.00,0.00,0.00,0.00,0.0000,0,0,0,0,0,0,True,0.0000,0.0000,0.0000,0.0000,False,0,True,False,True,False
00333,00,,Vital Gut Oral Liquid 1 Lit,,1.00,0.00,0.00,0.00,1.0000,0.00,0.00,0.00,0.00,0.0000,0,0,0,0,0,0,True,0.0000,0.0000,0.0000,0.0000,False,0,True,True,True,False
00334,00,,Chick Guard Oral Liquid 1 Lit,,1.00,0.00,0.00,0.00,1.0000,0.00,0.00,0.00,0.00,0.0000,0,0,0,0,0,0,True,0.0000,0.0000,0.0000,0.0000,False,0,True,False,True,False
00335,00,,BOP E 50 Oral Liquid 1 Lit,,1.00,0.00,0.00,0.00,1.0000,0.00,0.00,0.00,0.00,0.0000,0,0,0,0,0,0,True,0.0000,0.0000,0.0000,0.0000,False,0,True,False,True,False
00336,00,,Phyto-Phos Oral Liquid 1 Lit,,1.00,0.00,0.00,0.00,1.0000,0.00,0.00,0.00,0.00,0.0000,0,0,0,0,0,0,True,0.0000,0.0000,0.0000,0.0000,False,0,True,False,True,False
00337,00,,Bop Pro-Tox Liquid 1 Lit,,1.00,0.00,0.00,0.00,1.0000,0.00,0.00,0.00,0.00,0.0000,0,0,0,0,0,0,True,0.0000,0.0000,0.0000,0.0000,False,0,True,False,True,False
00338,00,,DCP-LIC Oral Powder 25 kg (Low),,1.00,0.00,0.00,0.00,1.0000,0.00,0.00,0.00,0.00,0.0000,0,0,0,0,0,0,True,0.0000,0.0000,0.0000,0.0000,False,0,True,False,True,False
00339,00,,Veto Respi Oral Liquid Oil Base 5 Lit,,1.00,0.00,0.00,0.00,1.0000,0.00,0.00,0.00,0.00,0.0000,0,0,0,0,0,0,True,0.0000,0.0000,0.0000,0.0000,False,0,True,False,True,False
00340,00,,Toxin Pro Oral Liquid 5 Lit,,1.00,0.00,0.00,0.00,1.0000,0.00,0.00,0.00,0.00,0.0000,0,0,0,0,0,0,True,0.0000,0.0000,0.0000,0.0000,False,0,True,False,True,False
00341,00,,Ultra E Sel Oral Liquid 1 Lit,,1.00,0.00,0.00,0.00,1.0000,0.00,0.00,0.00,0.00,0.0000,0,0,0,0,0,0,True,0.0000,0.0000,0.0000,0.0000,False,0,True,False,True,False
00342,00,,Ultra LiverCare Oral Liquid 1 Lit,,1.00,0.00,0.00,0.00,1.0000,0.00,0.00,0.00,0.00,0.0000,0,0,0,0,0,0,True,0.0000,0.0000,0.0000,0.0000,False,0,True,False,True,False
00343,00,,BOP Nutramin Forte 25 KG,,1.00,0.00,0.00,0.00,1.0000,0.00,0.00,0.00,0.00,0.0000,0,0,0,0,0,0,True,0.0000,0.0000,0.0000,0.0000,False,0,True,False,True,False
00344,00,,JELITO Liquid 25 Lit,,1.00,0.00,0.00,0.00,1.0000,0.00,0.00,0.00,0.00,0.0000,0,0,0,0,0,0,True,0.0000,0.0000,0.0000,0.0000,False,0,True,False,True,False
00345,00,,Bio E Sel 20 Oral Liquid 5 Lit,,1.00,0.00,0.00,0.00,1.0000,0.00,0.00,0.00,0.00,0.0000,0,0,0,0,0,0,True,0.0000,0.0000,0.0000,0.0000,False,0,True,False,True,False
00346,00,,Respi-Ease Liquid 1 liter ,,1.00,0.00,0.00,0.00,1.0000,0.00,0.00,0.00,0.00,0.0000,0,0,0,0,0,0,True,0.0000,0.0000,0.0000,0.0000,False,0,True,False,True,False
00347,00,,TieTox Liquid Oral Liquid  1 Liter,,1.00,0.00,0.00,0.00,1.0000,0.00,0.00,0.00,0.00,0.0000,0,0,0,0,0,0,True,0.0000,0.0000,0.0000,0.0000,False,0,True,False,True,False
00348,00,,Levo Care Oral Liquid 1 Lit,,1.00,0.00,0.00,0.00,1.0000,0.00,0.00,0.00,0.00,0.0000,0,0,0,0,0,0,True,0.0000,0.0000,0.0000,0.0000,False,0,True,False,True,False
00349,00,,Aspolite C Oral Liquid 5 Lit,1,0.00,0.00,0.00,0.00,1.0000,0.00,0.00,0.00,0.00,0.0000,0,0,0,0,0,0,True,0.0000,0.0000,0.0000,0.0000,False,0,True,False,True,False
00350,00,,Electro Mune C Oral Liquid 5 Lit,1,0.00,0.00,0.00,0.00,1.0000,0.00,0.00,0.00,0.00,0.0000,0,0,0,0,0,0,True,0.0000,0.0000,0.0000,0.0000,False,0,True,False,True,False
00351,00,,BOP Glycholine Plus Oral Solution 25 Lit,1,0.00,0.00,0.00,0.00,1.0000,0.00,0.00,0.00,0.00,0.0000,0,0,0,0,0,0,True,0.0000,0.0000,0.0000,0.0000,False,0,True,False,True,False
00352,00,, BronoKill  Liquid  25 Lit ,1,0.00,0.00,0.00,0.00,1.0000,0.00,0.00,0.00,0.00,0.0000,0,0,0,0,0,0,True,0.0000,0.0000,0.0000,0.0000,False,0,True,False,True,False
00353,00,,BOP Phytomex  25 KG,1,0.00,0.00,0.00,0.00,1.0000,0.00,0.00,0.00,0.00,0.0000,0,0,0,0,0,0,True,0.0000,0.0000,0.0000,0.0000,False,0,True,False,True,False
00354,00,,Zero Tox Liquid Toxin Binder 5 Lit,,1.00,0.00,0.00,0.00,1.0000,0.00,0.00,0.00,0.00,0.0000,0,0,0,0,0,0,True,0.0000,0.0000,0.0000,0.0000,False,0,True,False,True,False
00355,00,,L .G Mune liquid 1 Lit,1,0.00,0.00,0.00,0.00,1.0000,0.00,0.00,0.00,0.00,0.0000,0,0,0,0,0,0,True,0.0000,0.0000,0.0000,0.0000,False,0,True,False,True,False
00356,00,,Uri Flush Oral Liquid 1 Lit,,2.00,0.00,0.00,0.00,2.0000,0.00,0.00,0.00,0.00,0.0000,0,0,0,0,0,0,True,0.0000,0.0000,0.0000,0.0000,False,0,True,False,True,False
00357,00,,BOP Yeast Oral Powder 25 kg (High),,1.00,0.00,0.00,0.00,1.0000,0.00,0.00,0.00,0.00,0.0000,0,0,0,0,0,0,True,0.0000,0.0000,0.0000,0.0000,False,0,True,False,True,False
00358,00,,Hepa Leo Oral Liquid 5 Lit,,1.00,0.00,0.00,0.00,1.0000,0.00,0.00,0.00,0.00,0.0000,0,0,0,0,0,0,True,0.0000,0.0000,0.0000,0.0000,False,0,True,False,True,False
00359,00,,Leo Hepaton Oral Liquid 5 Lit,,1.00,0.00,0.00,0.00,1.0000,0.00,0.00,0.00,0.00,0.0000,0,0,0,0,0,0,True,0.0000,0.0000,0.0000,0.0000,False,0,True,False,True,False
00360,00,,Leo Adsorbo Oral Liquid 5 Lit,,1.00,0.00,0.00,0.00,1.0000,0.00,0.00,0.00,0.00,0.0000,0,0,0,0,0,0,True,0.0000,0.0000,0.0000,0.0000,False,0,True,False,True,False
00361,00,,Leo Inhalex Oral Liquid 5 Lit,,1.00,0.00,0.00,0.00,1.0000,0.00,0.00,0.00,0.00,0.0000,0,0,0,0,0,0,True,0.0000,0.0000,0.0000,0.0000,False,0,True,False,True,False
00362,00,,Leo Immunomax Oral Liquid 5 Lit,,1.00,0.00,0.00,0.00,1.0000,0.00,0.00,0.00,0.00,0.0000,0,0,0,0,0,0,True,0.0000,0.0000,0.0000,0.0000,False,0,True,False,True,False
00363,00,,PhytoFat Gold 25 Kg,,1.00,0.00,0.00,0.00,1.0000,0.00,0.00,0.00,0.00,0.0000,0,0,0,0,0,0,True,0.0000,0.0000,0.0000,0.0000,False,0,True,False,True,False
00364,00,,Leo Viton Oral Liquid 5 Lit,,1.00,0.00,0.00,0.00,1.0000,0.00,0.00,0.00,0.00,0.0000,0,0,0,0,0,0,True,0.0000,0.0000,0.0000,0.0000,False,0,True,False,True,False
00365,00,,Leo Cid Pro 25 Lit,,1.00,0.00,0.00,0.00,1.0000,0.00,0.00,0.00,0.00,0.0000,0,0,0,0,0,0,True,0.0000,0.0000,0.0000,0.0000,False,0,True,False,True,False
00366,00,,Leo Sorbex Oral Powder 25 kg,,1.00,0.00,0.00,0.00,1.0000,0.00,0.00,0.00,0.00,0.0000,0,0,0,0,0,0,True,0.0000,0.0000,0.0000,0.0000,False,0,True,False,True,False
00367,00,,Leo Abmrox Oral Liquid 5 Lit,,1.00,0.00,0.00,0.00,1.0000,0.00,0.00,0.00,0.00,0.0000,0,0,0,0,0,0,True,0.0000,0.0000,0.0000,0.0000,False,0,True,False,True,False
00368,00,,Toxi Off Oral Liquid 1 Lit,,1.00,0.00,0.00,0.00,1.0000,0.00,0.00,0.00,0.00,0.0000,0,0,0,0,0,0,True,0.0000,0.0000,0.0000,0.0000,False,0,True,False,True,False
00369,00,,Febro Meon Spray 120 ML,,1.00,0.00,0.00,0.00,1.0000,0.00,0.00,0.00,0.00,0.0000,0,0,0,0,0,0,True,0.0000,0.0000,0.0000,0.0000,False,0,True,False,True,False
00370,00,,ElectroMune C Oral Liquid 1 Lit ,,1.00,0.00,0.00,0.00,1.0000,0.00,0.00,0.00,0.00,0.0000,0,0,0,0,0,0,True,0.0000,0.0000,0.0000,0.0000,False,0,True,False,True,False
00371,00,,CS Guard 20 Oral Liquid 5 Lit,,1.00,0.00,0.00,0.00,1.0000,0.00,0.00,0.00,0.00,0.0000,0,0,0,0,0,0,True,0.0000,0.0000,0.0000,0.0000,False,0,True,False,True,False
00372,00,,Vital Frame Oral Liquid 5 Lit,,1.00,0.00,0.00,0.00,1.0000,0.00,0.00,0.00,0.00,0.0000,0,0,0,0,0,0,True,0.0000,0.0000,0.0000,0.0000,False,0,True,False,True,False
00373,00,,MLC 360 Oral Liquid 25 Lit,,1.00,0.00,0.00,0.00,1.0000,0.00,0.00,0.00,0.00,0.0000,0,0,0,0,0,0,True,0.0000,0.0000,0.0000,0.0000,False,0,True,False,True,False
00374,00,,Renu Guard Bucket Label,,1.00,0.00,0.00,0.00,1.0000,0.00,0.00,0.00,0.00,0.0000,0,0,0,0,0,0,True,0.0000,0.0000,0.0000,0.0000,False,0,True,True,False,False
00375,00,,BOP TOX Oral Powder 25 kg,,1.00,0.00,0.00,0.00,1.0000,0.00,0.00,0.00,0.00,0.0000,0,0,0,0,0,0,True,0.0000,0.0000,0.0000,0.0000,False,0,True,False,True,False
00376,00,,Leo Flush Oral Liquid 5 Lit,,1.00,0.00,0.00,0.00,1.0000,0.00,0.00,0.00,0.00,0.0000,0,0,0,0,0,0,True,0.0000,0.0000,0.0000,0.0000,False,0,True,False,True,False
00377,00,,BOP DCAD Powder 25 kg,,1.00,0.00,0.00,0.00,1.0000,0.00,0.00,0.00,0.00,0.0000,0,0,0,0,0,0,True,0.0000,0.0000,0.0000,0.0000,False,0,True,False,True,False
00378,00,,Liv Guard Oral Liquid 1 Lit,,1.00,0.00,0.00,0.00,1.0000,0.00,0.00,0.00,0.00,0.0000,0,0,0,0,0,0,True,0.0000,0.0000,0.0000,0.0000,False,0,True,False,True,False
00379,00,,Aspolite C Oral Liquid 1 Lit,,1.00,0.00,0.00,0.00,1.0000,0.00,0.00,0.00,0.00,0.0000,0,0,0,0,0,0,True,0.0000,0.0000,0.0000,0.0000,False,0,True,False,True,False
00380,00,,Bio Guard oral Liquid 5 Lit,,1.00,0.00,0.00,0.00,1.0000,0.00,0.00,0.00,0.00,0.0000,0,0,0,0,0,0,True,0.0000,0.0000,0.0000,0.0000,False,0,True,False,True,False
00381,00,,Bop PH5  1 Lit,,1.00,0.00,0.00,0.00,1.0000,0.00,0.00,0.00,0.00,0.0000,0,0,0,0,0,0,True,0.0000,0.0000,0.0000,0.0000,False,0,True,False,True,False
00382,00,,Garlic Pro Oral Liquid  5 Lit,,1.00,0.00,0.00,0.00,1.0000,0.00,0.00,0.00,0.00,0.0000,0,0,0,0,0,0,True,0.0000,0.0000,0.0000,0.0000,False,0,True,False,True,False
00383,00,,Bio Drink Oral Powder 1 Kg,,1.00,0.00,0.00,0.00,1.0000,0.00,0.00,0.00,0.00,0.0000,0,0,0,0,0,0,True,0.0000,0.0000,0.0000,0.0000,False,0,True,False,True,False
00384,00,,Bop Cranol Oral Powder 1 Kg,,1.00,0.00,0.00,0.00,1.0000,0.00,0.00,0.00,0.00,0.0000,0,0,0,0,0,0,True,0.0000,0.0000,0.0000,0.0000,False,0,True,False,True,False
00385,00,,Bop Yeast Oral Powder 5 KG,,1.00,0.00,0.00,0.00,1.0000,0.00,0.00,0.00,0.00,0.0000,0,0,0,0,0,0,True,0.0000,0.0000,0.0000,0.0000,False,0,True,False,True,False
00386,00,,Ocid Fort Oral Liquid 25 L,,1.00,0.00,0.00,0.00,1.0000,0.00,0.00,0.00,0.00,0.0000,0,0,0,0,0,0,True,0.0000,0.0000,0.0000,0.0000,False,0,True,False,True,False
00387,00,,Brosteine 15 Oral Liquid 5 LIT,,1.00,0.00,0.00,0.00,1.0000,0.00,0.00,0.00,0.00,0.0000,0,0,0,0,0,0,True,0.0000,0.0000,0.0000,0.0000,False,0,True,False,True,False
00388,00,,Copper lac oral liquid 1L,,1.00,0.00,0.00,0.00,1.0000,0.00,0.00,0.00,0.00,0.0000,0,0,0,0,0,0,True,0.0000,0.0000,0.0000,0.0000,False,0,True,False,True,False
00389,00,,Copper Lac plus Oral Liquid 1L ,,1.00,0.00,0.00,0.00,1.0000,0.00,0.00,0.00,0.00,0.0000,0,0,0,0,0,0,True,0.0000,0.0000,0.0000,0.0000,False,0,True,False,True,False
00390,00,,Tox Go Vital Oral Liquid 5 Lit,,1.00,0.00,0.00,0.00,1.0000,0.00,0.00,0.00,0.00,0.0000,0,0,0,0,0,0,True,0.0000,0.0000,0.0000,0.0000,False,0,True,False,True,False
00391,00,,Promune 35 Oral Liquid 5 Lit,,1.00,0.00,0.00,0.00,1.0000,0.00,0.00,0.00,0.00,0.0000,0,0,0,0,0,0,True,0.0000,0.0000,0.0000,0.0000,False,0,True,False,True,False
00392,00,,Heaatic Optimiser Oral Liquid 1 Lit,,1.00,0.00,0.00,0.00,1.0000,0.00,0.00,0.00,0.00,0.0000,0,0,0,0,0,0,True,0.0000,0.0000,0.0000,0.0000,False,0,True,False,True,False
00393,00,,Grow Pro + Oral Liquid 5 Lit,,1.00,0.00,0.00,0.00,1.0000,0.00,0.00,0.00,0.00,0.0000,0,0,0,0,0,0,True,0.0000,0.0000,0.0000,0.0000,False,0,True,False,True,False
00394,00,,Bop Super Premix Oral Powder 25 kg,,1.00,0.00,0.00,0.00,1.0000,0.00,0.00,0.00,0.00,0.0000,0,0,0,0,0,0,True,0.0000,0.0000,0.0000,0.0000,False,0,True,False,True,False
00395,00,,Brosteine Oral Liquid 1 Lit,,1.00,0.00,0.00,0.00,1.0000,0.00,0.00,0.00,0.00,0.0000,0,0,0,0,0,0,True,0.0000,0.0000,0.0000,0.0000,False,0,True,False,True,False
00396,00,,Tox Guard Plus Oral Liquid 5 LIT,,1.00,0.00,0.00,0.00,1.0000,0.00,0.00,0.00,0.00,0.0000,0,0,0,0,0,0,True,0.0000,0.0000,0.0000,0.0000,False,0,True,False,True,False
00397,00,,Garliment Forte Oral Liquid 5 LIT,,1.00,0.00,0.00,0.00,1.0000,0.00,0.00,0.00,0.00,0.0000,0,0,0,0,0,0,True,0.0000,0.0000,0.0000,0.0000,False,0,True,False,True,False
00398,00,,Cambo Stab C Oral Liquid 5 Lit,,1.00,0.00,0.00,0.00,1.0000,0.00,0.00,0.00,0.00,0.0000,0,0,0,0,0,0,True,0.0000,0.0000,0.0000,0.0000,False,0,True,False,True,False
00399,00,,MYCOVIX PLUS ORAL LIQUID 1 LIT,,1.00,0.00,0.00,0.00,1.0000,0.00,0.00,0.00,0.00,0.0000,0,0,0,0,0,0,True,0.0000,0.0000,0.0000,0.0000,False,0,True,False,True,False
00400,00,,THERMOXFIX C ORAL LIQUID 1 LIT,,1.00,0.00,0.00,0.00,1.0000,0.00,0.00,0.00,0.00,0.0000,0,0,0,0,0,0,True,0.0000,0.0000,0.0000,0.0000,False,0,True,False,True,False
00401,00,,RESPIFIX PLUS ORAL LIQUID 1 LIT,,1.00,0.00,0.00,0.00,1.0000,0.00,0.00,0.00,0.00,0.0000,0,0,0,0,0,0,True,0.0000,0.0000,0.0000,0.0000,False,0,True,False,True,False
00402,00,,ADEVIX C ORAL LIQUID 1 LIT,,1.00,0.00,0.00,0.00,1.0000,0.00,0.00,0.00,0.00,0.0000,0,0,0,0,0,0,True,0.0000,0.0000,0.0000,0.0000,False,0,True,False,True,False
00403,00,,IMUNIIX PLUS ORAL LIQUID 1 LIT,,1.00,0.00,0.00,0.00,1.0000,0.00,0.00,0.00,0.00,0.0000,0,0,0,0,0,0,True,0.0000,0.0000,0.0000,0.0000,False,0,True,False,True,False
00404,00,,AQUAFIX PLUS ORAL LIQUID 1 LIT,,1.00,0.00,0.00,0.00,1.0000,0.00,0.00,0.00,0.00,0.0000,0,0,0,0,0,0,True,0.0000,0.0000,0.0000,0.0000,False,0,True,False,True,False
00405,00,,MB Adek Oril Liquid 1Lit,,1.00,0.00,0.00,0.00,1.0000,0.00,0.00,0.00,0.00,0.0000,0,0,0,0,0,0,True,0.0000,0.0000,0.0000,0.0000,False,0,True,False,True,False
00406,00,,MB VitaMun Oral Liquid 1 LIT,,1.00,0.00,0.00,0.00,1.0000,0.00,0.00,0.00,0.00,0.0000,0,0,0,0,0,0,True,0.0000,0.0000,0.0000,0.0000,False,0,True,False,True,False
00407,00,,LEO Civon 5 LIT,,1.00,0.00,0.00,0.00,1.0000,0.00,0.00,0.00,0.00,0.0000,0,0,0,0,0,0,True,0.0000,0.0000,0.0000,0.0000,False,0,True,False,True,False
00408,00,,MB FCR Grow Oral Powder 25KG,,1.00,0.00,0.00,0.00,1.0000,0.00,0.00,0.00,0.00,0.0000,0,0,0,0,0,0,True,0.0000,0.0000,0.0000,0.0000,False,0,True,False,True,False
00409,00,,MB Neutral Plus Oral Powder 25 kg,,1.00,0.00,0.00,0.00,1.0000,0.00,0.00,0.00,0.00,0.0000,0,0,0,0,0,0,True,0.0000,0.0000,0.0000,0.0000,False,0,True,False,True,False
00410,00,,Deak C Oral Liquid 5 Lit,,1.00,0.00,0.00,0.00,1.0000,0.00,0.00,0.00,0.00,0.0000,0,0,0,0,0,0,True,0.0000,0.0000,0.0000,0.0000,False,0,True,False,True,False
00411,00,,De Resp Oral Liquid 5 Lit,,1.00,0.00,0.00,0.00,1.0000,0.00,0.00,0.00,0.00,0.0000,0,0,0,0,0,0,True,0.0000,0.0000,0.0000,0.0000,False,0,True,False,True,False
00412,00,,De Mune Oral Liquid 5 Lit,,1.00,0.00,0.00,0.00,1.0000,0.00,0.00,0.00,0.00,0.0000,0,0,0,0,0,0,True,0.0000,0.0000,0.0000,0.0000,False,0,True,False,True,False
00413,00,,Livocent Plus Oril Liquid  5 Lit,,1.00,0.00,0.00,0.00,1.0000,0.00,0.00,0.00,0.00,0.0000,0,0,0,0,0,0,True,0.0000,0.0000,0.0000,0.0000,False,0,True,False,True,False
00414,00,,Es Dec Oral Liquid 5 Lit,,1.00,0.00,0.00,0.00,1.0000,0.00,0.00,0.00,0.00,0.0000,0,0,0,0,0,0,True,0.0000,0.0000,0.0000,0.0000,False,0,True,False,True,False
00415,00,,AQUAFIX PLUS ORAL LIQUID 25 LIT,,1.00,0.00,0.00,0.00,1.0000,0.00,0.00,0.00,0.00,0.0000,0,0,0,0,0,0,True,0.0000,0.0000,0.0000,0.0000,False,0,True,False,True,False
00416,00,,Silva Feed 25 Kg,,1.00,0.00,0.00,0.00,1.0000,0.00,0.00,0.00,0.00,0.0000,0,0,0,0,0,0,True,0.0000,0.0000,0.0000,0.0000,False,0,True,False,True,False
00417,00,,Bop Restore-M 25 Kg,,1.00,0.00,0.00,0.00,1.0000,0.00,0.00,0.00,0.00,0.0000,0,0,0,0,0,0,True,0.0000,0.0000,0.0000,0.0000,False,0,True,False,True,False
01001,01,,Aerosil ,Pr/kg,1850.00,0.00,0.00,0.00,1850.0000,0.00,0.00,0.00,0.00,0.0000,0,0,0,0,0,0,True,0.0000,0.0000,0.0000,0.0000,False,0,True,True,False,False
01002,01,,Ammonium chloride,Pr/kg,240.00,0.00,0.00,0.00,240.0000,0.00,0.00,0.00,0.00,0.0000,0,0,0,0,0,0,True,0.0000,0.0000,0.0000,0.0000,False,0,True,True,False,False
01003,01,,Bentonite,Pr/kg,19.00,0.00,0.00,0.00,19.0000,0.00,0.00,0.00,0.00,0.0000,0,0,0,0,0,0,True,0.0000,0.0000,0.0000,0.0000,False,0,True,True,False,False
01004,01,,Citric Acid,Pr/kg,370.00,0.00,0.00,0.00,370.0000,0.00,0.00,0.00,0.00,0.0000,0,0,0,0,0,0,True,0.0000,0.0000,0.0000,0.0000,False,0,True,True,False,False
01005,01,,CMC Sodium,Pr/kg,1550.00,0.00,0.00,0.00,1550.0000,0.00,0.00,0.00,0.00,0.0000,0,0,0,0,0,0,True,0.0000,0.0000,0.0000,0.0000,False,0,True,True,False,False
01006,01,,Calcium Sulphate,Pr/kg,14.00,0.00,0.00,0.00,14.0000,0.00,0.00,0.00,0.00,0.0000,0,0,0,0,0,0,True,0.0000,0.0000,0.0000,0.0000,False,0,True,True,False,False
01007,01,,CSL ,Pr/kg,75.00,0.00,0.00,0.00,75.0000,0.00,0.00,0.00,0.00,0.0000,0,0,0,0,0,0,True,0.0000,0.0000,0.0000,0.0000,False,0,True,True,False,False
01008,01,,Calcium Carbonate,Pr/kg,25.00,0.00,0.00,0.00,25.0000,0.00,0.00,0.00,0.00,0.0000,0,0,0,0,0,0,True,0.0000,0.0000,0.0000,0.0000,False,0,True,True,False,False
01009,01,,Copper Sulphate,Pr/kg,1450.00,0.00,0.00,0.00,1450.0000,0.00,0.00,0.00,0.00,0.0000,0,0,0,0,0,0,True,0.0000,0.0000,0.0000,0.0000,False,0,True,True,False,False
01010,01,,Betaine,Pr/kg,2500.00,0.00,0.00,0.00,2500.0000,0.00,0.00,0.00,0.00,0.0000,0,0,0,0,0,0,True,0.0000,0.0000,0.0000,0.0000,False,0,True,True,False,False
01011,01,,Choline Chloride,Pr/kg,3600.00,0.00,0.00,0.00,3600.0000,0.00,0.00,0.00,0.00,0.0000,0,0,0,0,0,0,True,0.0000,0.0000,0.0000,0.0000,False,0,True,True,False,False
01012,01,,Chocolate Brown Colour,Pr/kg,4000.00,0.00,0.00,0.00,4000.0000,0.00,0.00,0.00,0.00,0.0000,0,0,0,0,0,0,True,0.0000,0.0000,0.0000,0.0000,False,0,True,True,False,False
01013,01,,Calcium Chloride,Pr/kg,160.00,0.00,0.00,0.00,160.0000,0.00,0.00,0.00,0.00,0.0000,0,0,0,0,0,0,True,0.0000,0.0000,0.0000,0.0000,False,0,True,True,False,False
01014,01,,ChloroForm,Pr/kg,480.00,0.00,0.00,0.00,480.0000,0.00,0.00,0.00,0.00,0.0000,0,0,0,0,0,0,True,0.0000,0.0000,0.0000,0.0000,False,0,True,True,False,False
01015,01,,DCP (Calcium),Pr/kg,17.00,0.00,0.00,0.00,18.0000,0.00,0.00,0.00,0.00,0.0000,0,0,0,0,0,0,True,0.0000,0.0000,0.0000,0.0000,False,0,True,True,False,False
01016,01,,DCP (Dana),Pr/kg,10.00,0.00,0.00,0.00,10.0000,0.00,0.00,0.00,0.00,0.0000,0,0,0,0,0,0,True,0.0000,0.0000,0.0000,0.0000,False,0,True,True,False,False
01017,01,,Camphor,Pr/kg,3200.00,0.00,0.00,0.00,3200.0000,0.00,0.00,0.00,0.00,0.0000,0,0,0,0,0,0,True,0.0000,0.0000,0.0000,0.0000,False,0,True,True,False,False
01018,01,,Dextrose,Pr/kg,380.00,0.00,0.00,0.00,380.0000,0.00,0.00,0.00,0.00,0.0000,0,0,0,0,0,0,True,0.0000,0.0000,0.0000,0.0000,False,0,True,True,False,False
01019,01,,Eucluptus Oil,Pr/Lt,5500.00,0.00,0.00,0.00,5500.0000,0.00,0.00,0.00,0.00,0.0000,0,0,0,0,0,0,True,0.0000,0.0000,0.0000,0.0000,False,0,True,True,False,False
01020,01,,Formic Acid,Pr/kg,625.00,0.00,0.00,0.00,625.0000,0.00,0.00,0.00,0.00,0.0000,0,0,0,0,0,0,True,0.0000,0.0000,0.0000,0.0000,False,0,True,True,False,False
01021,01,,Glacial Acetic Acid,Pr/kg,380.00,0.00,0.00,0.00,380.0000,0.00,0.00,0.00,0.00,0.0000,0,0,0,0,0,0,True,0.0000,0.0000,0.0000,0.0000,False,0,True,True,False,False
01022,01,,Genshat Voilt (Crystal),Pr/kg,2800.00,0.00,0.00,0.00,2800.0000,0.00,0.00,0.00,0.00,0.0000,0,0,0,0,0,0,True,0.0000,0.0000,0.0000,0.0000,False,0,True,True,False,False
01023,01,,Garlic Oil,Pr/Lt,4500.00,0.00,0.00,0.00,4500.0000,0.00,0.00,0.00,0.00,0.0000,0,0,0,0,0,0,True,0.0000,0.0000,0.0000,0.0000,False,0,True,True,False,False
01024,01,, Garlic Extract Powder,Pr/kg,4500.00,0.00,0.00,0.00,4500.0000,0.00,0.00,0.00,0.00,0.0000,0,0,0,0,0,0,True,0.0000,0.0000,0.0000,0.0000,False,0,True,True,False,False
01025,01,,Ginger Oil,Pr/Lt,4500.00,0.00,0.00,0.00,4500.0000,0.00,0.00,0.00,0.00,0.0000,0,0,0,0,0,0,True,0.0000,0.0000,0.0000,0.0000,False,0,True,True,False,False
01026,01,,Ginger Extract Powder,Pr/kg,6750.00,0.00,0.00,0.00,6750.0000,0.00,0.00,0.00,0.00,0.0000,0,0,0,0,0,0,True,0.0000,0.0000,0.0000,0.0000,False,0,True,True,False,False
01027,01,,Kaolin,Pr/kg,400.00,0.00,0.00,0.00,400.0000,0.00,0.00,0.00,0.00,0.0000,0,0,0,0,0,0,True,0.0000,0.0000,0.0000,0.0000,False,0,True,True,False,False
01028,01,,Lactic Acid,Pr/kg,1480.00,0.00,0.00,0.00,1480.0000,0.00,0.00,0.00,0.00,0.0000,0,0,0,0,0,0,True,0.0000,0.0000,0.0000,0.0000,False,0,True,True,False,False
01029,01,,Lysozyme,Pr/kg,8500.00,0.00,0.00,0.00,8500.0000,0.00,0.00,0.00,0.00,0.0000,0,0,0,0,0,0,True,0.0000,0.0000,0.0000,0.0000,False,0,True,True,False,False
01030,01,,Methyl Paraben Sodium (MP),Pr/kg,3200.00,0.00,0.00,0.00,3200.0000,0.00,0.00,0.00,0.00,0.0000,0,0,0,0,0,0,True,0.0000,0.0000,0.0000,0.0000,False,0,True,True,False,False
01031,01,,Menthol Crystal,Pr/kg,7000.00,0.00,0.00,0.00,7000.0000,0.00,0.00,0.00,0.00,0.0000,0,0,0,0,0,0,True,0.0000,0.0000,0.0000,0.0000,False,0,True,True,False,False
01032,01,,Menthol Essence Oil,Pr/Lt,5800.00,0.00,0.00,0.00,5800.0000,0.00,0.00,0.00,0.00,0.0000,0,0,0,0,0,0,True,0.0000,0.0000,0.0000,0.0000,False,0,True,True,False,False
01033,01,,Molasses,Pr/kg,75.00,0.00,0.00,0.00,75.0000,0.00,0.00,0.00,0.00,0.0000,0,0,0,0,0,0,True,0.0000,0.0000,0.0000,0.0000,False,0,True,True,False,False
01034,01,,Magnesium Sulphate,Pr/kg,480.00,0.00,0.00,0.00,480.0000,0.00,0.00,0.00,0.00,0.0000,0,0,0,0,0,0,True,0.0000,0.0000,0.0000,0.0000,False,0,True,True,False,False
01035,01,,Turpentine Oil,Pr/Lt,1250.00,0.00,0.00,0.00,1250.0000,0.00,0.00,0.00,0.00,0.0000,0,0,0,0,0,0,True,0.0000,0.0000,0.0000,0.0000,False,0,True,True,False,False
01036,01,,Propylene Glycol (PG),Pr/kg,700.00,0.00,0.00,0.00,700.0000,0.00,0.00,0.00,0.00,0.0000,0,0,0,0,0,0,True,0.0000,0.0000,0.0000,0.0000,False,0,True,True,False,False
01037,01,,Propyle Paraben Sodium (PP),Pr/kg,3600.00,0.00,0.00,0.00,3600.0000,0.00,0.00,0.00,0.00,0.0000,0,0,0,0,0,0,True,0.0000,0.0000,0.0000,0.0000,False,0,True,True,False,False
01038,01,,Phosphoric Acid 85%,Pr/kg,645.00,0.00,0.00,0.00,645.0000,0.00,0.00,0.00,0.00,0.0000,0,0,0,0,0,0,True,0.0000,0.0000,0.0000,0.0000,False,0,True,True,False,False
01039,01,,Pectin,Pr/kg,6100.00,0.00,0.00,0.00,6100.0000,0.00,0.00,0.00,0.00,0.0000,0,0,0,0,0,0,True,0.0000,0.0000,0.0000,0.0000,False,0,True,True,False,False
01040,01,,Resberry Red Color,Pr/kg,3900.00,0.00,0.00,0.00,3900.0000,0.00,0.00,0.00,0.00,0.0000,0,0,0,0,0,0,True,0.0000,0.0000,0.0000,0.0000,False,0,True,True,False,False
01041,01,,Sodium Benzoate,Pr/kg,625.00,0.00,0.00,0.00,625.0000,0.00,0.00,0.00,0.00,0.0000,0,0,0,0,0,0,True,0.0000,0.0000,0.0000,0.0000,False,0,True,True,False,False
01042,01,,Starch,Pr/kg,200.00,0.00,0.00,0.00,200.0000,0.00,0.00,0.00,0.00,0.0000,0,0,0,0,0,0,True,0.0000,0.0000,0.0000,0.0000,False,0,True,True,False,False
01043,01,,Sodium Chloride,Pr/kg,12.50,0.00,0.00,0.00,12.5000,0.00,0.00,0.00,0.00,0.0000,0,0,0,0,0,0,True,0.0000,0.0000,0.0000,0.0000,False,0,True,True,False,False
01044,01,,Sodium Bicarbonate,Pr/kg,200.00,0.00,0.00,0.00,200.0000,0.00,0.00,0.00,0.00,0.0000,0,0,0,0,0,0,True,0.0000,0.0000,0.0000,0.0000,False,0,True,True,False,False
01045,01,,Sorbitol Liquid 70%,Pr/kg,340.00,0.00,0.00,0.00,340.0000,0.00,0.00,0.00,0.00,0.0000,0,0,0,0,0,0,True,0.0000,0.0000,0.0000,0.0000,False,0,True,True,False,False
01046,01,,Silmyrin,Pr/kg,15000.00,0.00,0.00,0.00,15000.0000,0.00,0.00,0.00,0.00,0.0000,0,0,0,0,0,0,True,0.0000,0.0000,0.0000,0.0000,False,0,True,True,False,False
01047,01,,Sodium Sulphate,Pr/kg,225.00,0.00,0.00,0.00,225.0000,0.00,0.00,0.00,0.00,0.0000,0,0,0,0,0,0,True,0.0000,0.0000,0.0000,0.0000,False,0,True,True,False,False
01048,01,,Titanium Dioxide (T.T),Pr/kg,1500.00,0.00,0.00,0.00,1500.0000,0.00,0.00,0.00,0.00,0.0000,0,0,0,0,0,0,True,0.0000,0.0000,0.0000,0.0000,False,0,True,True,False,False
01049,01,,Tween 80,Pr/kg,1650.00,0.00,0.00,0.00,1650.0000,0.00,0.00,0.00,0.00,0.0000,0,0,0,0,0,0,True,0.0000,0.0000,0.0000,0.0000,False,0,True,True,False,False
01050,01,,Tartrazine Yellow Color Indian,Pr/kg,2600.00,0.00,0.00,0.00,2600.0000,0.00,0.00,0.00,0.00,0.0000,0,0,0,0,0,0,True,0.0000,0.0000,0.0000,0.0000,False,0,True,True,False,False
01051,01,,Urea,Pr/kg,70.00,0.00,0.00,0.00,70.0000,0.00,0.00,0.00,0.00,0.0000,0,0,0,0,0,0,True,0.0000,0.0000,0.0000,0.0000,False,0,True,True,False,False
01052,01,,Vitamin A,Pr/kg,14500.00,0.00,0.00,0.00,14500.0000,0.00,0.00,0.00,0.00,0.0000,0,0,0,0,0,0,True,0.0000,0.0000,0.0000,0.0000,False,0,True,True,False,False
01053,01,,Vitamin B1,Pr/kg,11000.00,0.00,0.00,0.00,11000.0000,0.00,0.00,0.00,0.00,0.0000,0,0,0,0,0,0,True,0.0000,0.0000,0.0000,0.0000,False,0,True,True,False,False
01054,01,,Vitamin B2,Pr/kg,16000.00,0.00,0.00,0.00,16000.0000,0.00,0.00,0.00,0.00,0.0000,0,0,0,0,0,0,True,0.0000,0.0000,0.0000,0.0000,False,0,True,True,False,False
01055,01,,Vitamin C (Ascorbic acid),Pr/kg,1300.00,0.00,0.00,0.00,1300.0000,0.00,0.00,0.00,0.00,0.0000,0,0,0,0,0,0,True,0.0000,0.0000,0.0000,0.0000,False,0,True,True,False,False
01056,01,,Vitamin D3,Pr/kg,6500.00,0.00,0.00,0.00,6500.0000,0.00,0.00,0.00,0.00,0.0000,0,0,0,0,0,0,True,0.0000,0.0000,0.0000,0.0000,False,0,True,True,False,False
01057,01,,Vitamin B6,Pr/kg,8000.00,0.00,0.00,0.00,8000.0000,0.00,0.00,0.00,0.00,0.0000,0,0,0,0,0,0,True,0.0000,0.0000,0.0000,0.0000,False,0,True,True,False,False
01058,01,,Xanthan Gum,Pr/kg,3700.00,0.00,0.00,0.00,3700.0000,0.00,0.00,0.00,0.00,0.0000,0,0,0,0,0,0,True,0.0000,0.0000,0.0000,0.0000,False,0,True,True,False,False
01059,01,,Wheat Bran,Pr/kg,90.00,0.00,0.00,0.00,90.0000,0.00,0.00,0.00,0.00,0.0000,0,0,0,0,0,0,True,0.0000,0.0000,0.0000,0.0000,False,0,True,True,False,False
01060,01,,Zinc Sulphate,Pr/kg,500.00,0.00,0.00,0.00,500.0000,0.00,0.00,0.00,0.00,0.0000,0,0,0,0,0,0,True,0.0000,0.0000,0.0000,0.0000,False,0,True,True,False,False
01061,01,,Manganese,pr/Kg,0.00,0.00,0.00,0.00,350.0000,0.00,0.00,0.00,0.00,0.0000,0,0,0,0,0,0,True,0.0000,0.0000,0.0000,0.0000,False,0,True,True,False,False
01062,01,,Cobalt Sulphate,Pr/Kg,0.00,0.00,0.00,0.00,1.0000,0.00,0.00,0.00,0.00,0.0000,0,0,0,0,0,0,True,0.0000,0.0000,0.0000,0.0000,False,0,True,True,False,False
01063,01,,Iron Sulphate,Pr/Kg,0.00,0.00,0.00,0.00,1.0000,0.00,0.00,0.00,0.00,0.0000,0,0,0,0,0,0,True,0.0000,0.0000,0.0000,0.0000,False,0,True,True,False,False
01064,01,,Vitamin B-12,Pr/Kg,0.00,0.00,0.00,0.00,1.0000,0.00,0.00,0.00,0.00,0.0000,0,0,0,0,0,0,True,0.0000,0.0000,0.0000,0.0000,False,0,True,True,False,False
01065,01,,Spt Amm. Aromatic,Pr/Lt,4000.00,0.00,0.00,0.00,4000.0000,0.00,0.00,0.00,0.00,0.0000,0,0,0,0,0,0,True,0.0000,0.0000,0.0000,0.0000,False,0,True,True,False,False
01066,01,,Tinc Zingiberis Forte,Pr/Lt,1.00,0.00,0.00,0.00,1.0000,0.00,0.00,0.00,0.00,0.0000,0,0,0,0,0,0,True,0.0000,0.0000,0.0000,0.0000,False,0,True,True,False,False
01067,01,,Tinc. Cardamom Co,Pr/L,0.00,0.00,0.00,0.00,1.0000,0.00,0.00,0.00,0.00,0.0000,0,0,0,0,0,0,True,0.0000,0.0000,0.0000,0.0000,False,0,True,True,False,False
01068,01,,Aqua Menth Pip Conc,Pr/L,0.00,0.00,0.00,0.00,1.0000,0.00,0.00,0.00,0.00,0.0000,0,0,0,0,0,0,True,0.0000,0.0000,0.0000,0.0000,False,0,True,True,False,False
01069,01,,Linseed A,Pr/Kg,0.00,0.00,0.00,0.00,1.0000,0.00,0.00,0.00,0.00,0.0000,0,0,0,0,0,0,True,0.0000,0.0000,0.0000,0.0000,False,0,True,True,False,False
01070,01,,Anise Oil,Pr/Kg,0.00,0.00,0.00,0.00,1.0000,0.00,0.00,0.00,0.00,0.0000,0,0,0,0,0,0,True,0.0000,0.0000,0.0000,0.0000,False,0,True,True,False,False
01071,01,,Thymol,Pr/Kg,0.00,0.00,0.00,0.00,1.0000,0.00,0.00,0.00,0.00,0.0000,0,0,0,0,0,0,True,0.0000,0.0000,0.0000,0.0000,False,0,True,True,False,False
01072,01,,Vitamin E,Pr/Kg,8500.00,0.00,0.00,0.00,8500.0000,0.00,0.00,0.00,0.00,0.0000,0,0,0,0,0,0,True,0.0000,0.0000,0.0000,0.0000,False,0,True,True,False,False
01073,01,,Potassium Chloride,Pr/Kg,700.00,0.00,0.00,0.00,700.0000,0.00,0.00,0.00,0.00,0.0000,0,0,0,0,0,0,True,0.0000,0.0000,0.0000,0.0000,False,0,True,True,False,False
01074,01,,Crystal Violet,Pr/Kg,0.00,0.00,0.00,0.00,1.0000,0.00,0.00,0.00,0.00,0.0000,0,0,0,0,0,0,True,0.0000,0.0000,0.0000,0.0000,False,0,True,True,False,False
01075,01,,Peppermint Oil,Pr/Kg,0.00,0.00,0.00,0.00,1.0000,0.00,0.00,0.00,0.00,0.0000,0,0,0,0,0,0,True,0.0000,0.0000,0.0000,0.0000,False,0,True,True,False,False
01076,01,,Levander Oil,Pr/Kg,0.00,0.00,0.00,0.00,1.0000,0.00,0.00,0.00,0.00,0.0000,0,0,0,0,0,0,True,0.0000,0.0000,0.0000,0.0000,False,0,True,True,False,False
01077,01,,Mallotus Philippinesis,Pr/Kg,0.00,0.00,0.00,0.00,1.0000,0.00,0.00,0.00,0.00,0.0000,0,0,0,0,0,0,True,0.0000,0.0000,0.0000,0.0000,False,0,True,True,False,False
01078,01,,Trachyspermum Ammi Ext,Pr/Kg,0.00,0.00,0.00,0.00,1.0000,0.00,0.00,0.00,0.00,0.0000,0,0,0,0,0,0,True,0.0000,0.0000,0.0000,0.0000,False,0,True,True,False,False
01079,01,,Azadirachta Indica Ext,Pr/Kg,0.00,0.00,0.00,0.00,1.0000,0.00,0.00,0.00,0.00,0.0000,0,0,0,0,0,0,True,0.0000,0.0000,0.0000,0.0000,False,0,True,True,False,False
01080,01,,Capsicum Oil,Pr/Kg,4500.00,0.00,0.00,0.00,4500.0000,0.00,0.00,0.00,0.00,0.0000,0,0,0,0,0,0,True,0.0000,0.0000,0.0000,0.0000,False,0,True,True,False,False
01081,01,,Capsium Chloride,Pr/Kg,0.00,0.00,0.00,0.00,1.0000,0.00,0.00,0.00,0.00,0.0000,0,0,0,0,0,0,True,0.0000,0.0000,0.0000,0.0000,False,0,True,True,False,False
01082,01,,Clove Oil,Pr/Kg,7000.00,0.00,0.00,0.00,7000.0000,0.00,0.00,0.00,0.00,0.0000,0,0,0,0,0,0,True,0.0000,0.0000,0.0000,0.0000,False,0,True,True,False,False
01083,01,,Carnitine,Pr/Kg,0.00,0.00,0.00,0.00,1.0000,0.00,0.00,0.00,0.00,0.0000,0,0,0,0,0,0,True,0.0000,0.0000,0.0000,0.0000,False,0,True,True,False,False
01084,01,,Methionine ,Pr/Kg,1200.00,0.00,0.00,0.00,1200.0000,0.00,0.00,0.00,0.00,0.0000,0,0,0,0,0,0,True,0.0000,0.0000,0.0000,0.0000,False,0,True,True,False,False
01085,01,,Inositol ,Pr/Kg,0.00,0.00,0.00,0.00,1.0000,0.00,0.00,0.00,0.00,0.0000,0,0,0,0,0,0,True,0.0000,0.0000,0.0000,0.0000,False,0,True,True,False,False
01086,01,,Oligo-Saccharides,Pr/Kg,0.00,0.00,0.00,0.00,1.0000,0.00,0.00,0.00,0.00,0.0000,0,0,0,0,0,0,True,0.0000,0.0000,0.0000,0.0000,False,0,True,True,False,False
01087,01,,Vitamin PP,Pr/Kg,0.00,0.00,0.00,0.00,1.0000,0.00,0.00,0.00,0.00,0.0000,0,0,0,0,0,0,True,0.0000,0.0000,0.0000,0.0000,False,0,True,True,False,False
01088,01,,L-Aspartic Acid,Pr/Kg,0.00,0.00,0.00,0.00,1.0000,0.00,0.00,0.00,0.00,0.0000,0,0,0,0,0,0,True,0.0000,0.0000,0.0000,0.0000,False,0,True,True,False,False
01089,01,,L-Glutamic Acid,Pr/Kg,0.00,0.00,0.00,0.00,1.0000,0.00,0.00,0.00,0.00,0.0000,0,0,0,0,0,0,True,0.0000,0.0000,0.0000,0.0000,False,0,True,True,False,False
01090,01,,L-Glycine,Pr/Kg,0.00,0.00,0.00,0.00,1.0000,0.00,0.00,0.00,0.00,0.0000,0,0,0,0,0,0,True,0.0000,0.0000,0.0000,0.0000,False,0,True,True,False,False
01091,01,,Magnesium Chloride,Pr/Kg,0.00,0.00,0.00,0.00,1.0000,0.00,0.00,0.00,0.00,0.0000,0,0,0,0,0,0,True,0.0000,0.0000,0.0000,0.0000,False,0,True,True,False,False
01092,01,,Milk Thristle Extract,Pr/Kg,11000.00,0.00,0.00,0.00,11000.0000,0.00,0.00,0.00,0.00,0.0000,0,0,0,0,0,0,True,0.0000,0.0000,0.0000,0.0000,False,0,True,True,False,False
01093,01,,Boldo Extract,Pr/Kg,0.00,0.00,0.00,0.00,1.0000,0.00,0.00,0.00,0.00,0.0000,0,0,0,0,0,0,True,0.0000,0.0000,0.0000,0.0000,False,0,True,True,False,False
01094,01,,Artichoke Extract,Pr/Kg,0.00,0.00,0.00,0.00,1.0000,0.00,0.00,0.00,0.00,0.0000,0,0,0,0,0,0,True,0.0000,0.0000,0.0000,0.0000,False,0,True,True,False,False
01095,01,,Kimchi Extract,Pr/Kg,0.00,0.00,0.00,0.00,1.0000,0.00,0.00,0.00,0.00,0.0000,0,0,0,0,0,0,True,0.0000,0.0000,0.0000,0.0000,False,0,True,True,False,False
01096,01,,Propionic Acid,Pr/Kg,4800.00,0.00,0.00,0.00,4800.0000,0.00,0.00,0.00,0.00,0.0000,0,0,0,0,0,0,True,0.0000,0.0000,0.0000,0.0000,False,0,True,True,False,False
01097,01,,Sodium Selenite,Pr/Kg,0.00,0.00,0.00,0.00,1.0000,0.00,0.00,0.00,0.00,0.0000,0,0,0,0,0,0,True,0.0000,0.0000,0.0000,0.0000,False,0,True,True,False,False
01098,01,,Mono & diglycerides of fatty Acids,Pr/Kg,0.00,0.00,0.00,0.00,1.0000,0.00,0.00,0.00,0.00,0.0000,0,0,0,0,0,0,True,0.0000,0.0000,0.0000,0.0000,False,0,True,True,False,False
01099,01,,Ammonium Propionate,Pr/Kg,0.00,0.00,0.00,0.00,1.0000,0.00,0.00,0.00,0.00,0.0000,0,0,0,0,0,0,True,0.0000,0.0000,0.0000,0.0000,False,0,True,True,False,False
01100,01,,Yeast Extract( Saccharomyces Cerevisiae),Pr/Kg,0.00,0.00,0.00,0.00,1.0000,0.00,0.00,0.00,0.00,0.0000,0,0,0,0,0,0,True,0.0000,0.0000,0.0000,0.0000,False,0,True,True,False,False
01101,01,,Tocopherol Acetate ,Pr/Kg,0.00,0.00,0.00,0.00,1.0000,0.00,0.00,0.00,0.00,0.0000,0,0,0,0,0,0,True,0.0000,0.0000,0.0000,0.0000,False,0,True,True,False,False
01102,01,,Ortho Phosphoric Acid,Pr/Kg,0.00,0.00,0.00,0.00,1.0000,0.00,0.00,0.00,0.00,0.0000,0,0,0,0,0,0,True,0.0000,0.0000,0.0000,0.0000,False,0,True,True,False,False
01103,01,,Glycine ,Pr/Kg,0.00,0.00,0.00,0.00,1.0000,0.00,0.00,0.00,0.00,0.0000,0,0,0,0,0,0,True,0.0000,0.0000,0.0000,0.0000,False,0,True,True,False,False
01104,01,,Lysine,Pr/Kg,1100.00,0.00,0.00,0.00,1100.0000,0.00,0.00,0.00,0.00,0.0000,0,0,0,0,0,0,True,0.0000,0.0000,0.0000,0.0000,False,0,True,True,False,False
01105,01,,Sodium Citrate ,Pr/Kg,300.00,0.00,0.00,0.00,300.0000,0.00,0.00,0.00,0.00,0.0000,0,0,0,0,0,0,True,0.0000,0.0000,0.0000,0.0000,False,0,True,True,False,False
01106,01,,L-Carnitine Hydrochloride,Pr/Kg,0.00,0.00,0.00,0.00,1.0000,0.00,0.00,0.00,0.00,0.0000,0,0,0,0,0,0,True,0.0000,0.0000,0.0000,0.0000,False,0,True,True,False,False
01107,01,,Mannan Oligosaccharides,Pr/Kg,0.00,0.00,0.00,0.00,1.0000,0.00,0.00,0.00,0.00,0.0000,0,0,0,0,0,0,True,0.0000,0.0000,0.0000,0.0000,False,0,True,True,False,False
01108,01,,Cynarine,Pr/Kg,0.00,0.00,0.00,0.00,1.0000,0.00,0.00,0.00,0.00,0.0000,0,0,0,0,0,0,True,0.0000,0.0000,0.0000,0.0000,False,0,True,True,False,False
01109,01,,Malic Acid,Pr/Kg,0.00,0.00,0.00,0.00,1.0000,0.00,0.00,0.00,0.00,0.0000,0,0,0,0,0,0,True,0.0000,0.0000,0.0000,0.0000,False,0,True,True,False,False
01110,01,,Calcium Lactate,Pr/Kg,0.00,0.00,0.00,0.00,1.0000,0.00,0.00,0.00,0.00,0.0000,0,0,0,0,0,0,True,0.0000,0.0000,0.0000,0.0000,False,0,True,True,False,False
01111,01,,Thyme Oil,Pr/Kg,0.00,0.00,0.00,0.00,1.0000,0.00,0.00,0.00,0.00,0.0000,0,0,0,0,0,0,True,0.0000,0.0000,0.0000,0.0000,False,0,True,True,False,False
01112,01,,Calcium Phosphate ,Pr/Kg,0.00,0.00,0.00,0.00,1.0000,0.00,0.00,0.00,0.00,0.0000,0,0,0,0,0,0,True,0.0000,0.0000,0.0000,0.0000,False,0,True,True,False,False
01113,01,,Iodine,Pr/Kg,0.00,0.00,0.00,0.00,1.0000,0.00,0.00,0.00,0.00,0.0000,0,0,0,0,0,0,True,0.0000,0.0000,0.0000,0.0000,False,0,True,True,False,False
01114,01,,Calcium,Pr/Kg,0.00,0.00,0.00,0.00,1.0000,0.00,0.00,0.00,0.00,0.0000,0,0,0,0,0,0,True,0.0000,0.0000,0.0000,0.0000,False,0,True,True,False,False
01115,01,,Calcium Propionate,Pr/Kg,1200.00,0.00,0.00,0.00,1200.0000,0.00,0.00,0.00,0.00,0.0000,0,0,0,0,0,0,True,0.0000,0.0000,0.0000,0.0000,False,0,True,True,False,False
01116,01,,Sodium Propionate ,Pr/Kg,0.00,0.00,0.00,0.00,1.0000,0.00,0.00,0.00,0.00,0.0000,0,0,0,0,0,0,True,0.0000,0.0000,0.0000,0.0000,False,0,True,True,False,False
01117,01,,Magnesium Oxide,Pr/Kg,700.00,0.00,0.00,0.00,700.0000,0.00,0.00,0.00,0.00,0.0000,0,0,0,0,0,0,True,0.0000,0.0000,0.0000,0.0000,False,0,True,True,False,False
01118,01,,Vitamin K,Pr/Kg,0.00,0.00,0.00,0.00,1.0000,0.00,0.00,0.00,0.00,0.0000,0,0,0,0,0,0,True,0.0000,0.0000,0.0000,0.0000,False,0,True,True,False,False
01119,01,,Vitamin B5,Pr/Kg,0.00,0.00,0.00,0.00,1.0000,0.00,0.00,0.00,0.00,0.0000,0,0,0,0,0,0,True,0.0000,0.0000,0.0000,0.0000,False,0,True,True,False,False
01120,01,,Niacin,Pr/Kg,3300.00,0.00,0.00,0.00,3300.0000,0.00,0.00,0.00,0.00,0.0000,0,0,0,0,0,0,True,0.0000,0.0000,0.0000,0.0000,False,0,True,True,False,False
01121,01,,Folic Acid,Pr/Kg,0.00,0.00,0.00,0.00,1.0000,0.00,0.00,0.00,0.00,0.0000,0,0,0,0,0,0,True,0.0000,0.0000,0.0000,0.0000,False,0,True,True,False,False
01122,01,,Biotin,Pr/Kg,0.00,0.00,0.00,0.00,1.0000,0.00,0.00,0.00,0.00,0.0000,0,0,0,0,0,0,True,0.0000,0.0000,0.0000,0.0000,False,0,True,True,False,False
01123,01,,EDTA (AntiOxidant),Pr/Kg,0.00,0.00,0.00,0.00,1.0000,0.00,0.00,0.00,0.00,0.0000,0,0,0,0,0,0,True,0.0000,0.0000,0.0000,0.0000,False,0,True,True,False,False
01124,01,,Aluminum Oxide,Pr/Kg,0.00,0.00,0.00,0.00,1.0000,0.00,0.00,0.00,0.00,0.0000,0,0,0,0,0,0,True,0.0000,0.0000,0.0000,0.0000,False,0,True,True,False,False
01125,01,,Calcium Oxide,Pr/Kg,0.00,0.00,0.00,0.00,1.0000,0.00,0.00,0.00,0.00,0.0000,0,0,0,0,0,0,True,0.0000,0.0000,0.0000,0.0000,False,0,True,True,False,False
01126,01,,Iron Oxide,Pr/Kg,0.00,0.00,0.00,0.00,1.0000,0.00,0.00,0.00,0.00,0.0000,0,0,0,0,0,0,True,0.0000,0.0000,0.0000,0.0000,False,0,True,True,False,False
01127,01,,Sodium Oxide,Pr/Kg,0.00,0.00,0.00,0.00,1.0000,0.00,0.00,0.00,0.00,0.0000,0,0,0,0,0,0,True,0.0000,0.0000,0.0000,0.0000,False,0,True,True,False,False
01128,01,,Potasium Oxide,Pr/Kg,0.00,0.00,0.00,0.00,1.0000,0.00,0.00,0.00,0.00,0.0000,0,0,0,0,0,0,True,0.0000,0.0000,0.0000,0.0000,False,0,True,True,False,False
01129,01,,Rumen bypass Fat,Pr/Kg,0.00,0.00,0.00,0.00,1.0000,0.00,0.00,0.00,0.00,0.0000,0,0,0,0,0,0,True,0.0000,0.0000,0.0000,0.0000,False,0,True,True,False,False
01130,01,,Rumen bypass Protein,Pr/Kg,0.00,0.00,0.00,0.00,1.0000,0.00,0.00,0.00,0.00,0.0000,0,0,0,0,0,0,True,0.0000,0.0000,0.0000,0.0000,False,0,True,True,False,False
01131,01,,Live Yeast Culture,Pr/Kg,0.00,0.00,0.00,0.00,1.0000,0.00,0.00,0.00,0.00,0.0000,0,0,0,0,0,0,True,0.0000,0.0000,0.0000,0.0000,False,0,True,True,False,False
01132,01,,Bacillus Subtillis Extract,Pr/Kg,0.00,0.00,0.00,0.00,1.0000,0.00,0.00,0.00,0.00,0.0000,0,0,0,0,0,0,True,0.0000,0.0000,0.0000,0.0000,False,0,True,True,False,False
01133,01,,Tri Calcium Phosphate,Pr/Kg,1300.00,0.00,0.00,0.00,1300.0000,0.00,0.00,0.00,0.00,0.0000,0,0,0,0,0,0,True,0.0000,0.0000,0.0000,0.0000,False,0,True,True,False,False
01134,01,,Jivanti,Pr/Kg,0.00,0.00,0.00,0.00,1.0000,0.00,0.00,0.00,0.00,0.0000,0,0,0,0,0,0,True,0.0000,0.0000,0.0000,0.0000,False,0,True,True,False,False
01135,01,,Shatavari,Pr/Kg,0.00,0.00,0.00,0.00,1.0000,0.00,0.00,0.00,0.00,0.0000,0,0,0,0,0,0,True,0.0000,0.0000,0.0000,0.0000,False,0,True,True,False,False
01136,01,,Kambojika ,Pr/Kg,0.00,0.00,0.00,0.00,1.0000,0.00,0.00,0.00,0.00,0.0000,0,0,0,0,0,0,True,0.0000,0.0000,0.0000,0.0000,False,0,True,True,False,False
01137,01,,Zingiber Officinale,Pr/Kg,0.00,0.00,0.00,0.00,1.0000,0.00,0.00,0.00,0.00,0.0000,0,0,0,0,0,0,True,0.0000,0.0000,0.0000,0.0000,False,0,True,True,False,False
01138,01,,Di Sodium Hydrogen Citrate,Pr/Kg,0.00,0.00,0.00,0.00,1.0000,0.00,0.00,0.00,0.00,0.0000,0,0,0,0,0,0,True,0.0000,0.0000,0.0000,0.0000,False,0,True,True,False,False
01139,01,,Belladonna Extract,Pr/Kg,0.00,0.00,0.00,0.00,1.0000,0.00,0.00,0.00,0.00,0.0000,0,0,0,0,0,0,True,0.0000,0.0000,0.0000,0.0000,False,0,True,True,False,False
01140,01,,Nuxvomica,Pr/Kg,0.00,0.00,0.00,0.00,1.0000,0.00,0.00,0.00,0.00,0.0000,0,0,0,0,0,0,True,0.0000,0.0000,0.0000,0.0000,False,0,True,True,False,False
01141,01,,Vitamin H,Pr/Kg,0.00,0.00,0.00,0.00,1.0000,0.00,0.00,0.00,0.00,0.0000,0,0,0,0,0,0,True,0.0000,0.0000,0.0000,0.0000,False,0,True,True,False,False
01142,01,,Zinc Chloride,Pr/Kg,0.00,0.00,0.00,0.00,1.0000,0.00,0.00,0.00,0.00,0.0000,0,0,0,0,0,0,True,0.0000,0.0000,0.0000,0.0000,False,0,True,True,False,False
01143,01,,Vitamin B3,Pr/Kg,3200.00,0.00,0.00,0.00,3200.0000,0.00,0.00,0.00,0.00,0.0000,0,0,0,0,0,0,True,0.0000,0.0000,0.0000,0.0000,False,0,True,True,False,False
01144,01,,D.C.P (Phosphorous),Pr/Kg,0.00,0.00,0.00,0.00,1.0000,0.00,0.00,0.00,0.00,0.0000,0,0,0,0,0,0,True,0.0000,0.0000,0.0000,0.0000,False,0,True,True,False,False
01145,01,,Quercus Infectoria,Pr/Kg,0.00,0.00,0.00,0.00,1.0000,0.00,0.00,0.00,0.00,0.0000,0,0,0,0,0,0,True,0.0000,0.0000,0.0000,0.0000,False,0,True,True,False,False
01146,01,,Bambusa Arundinacea,Pr/Kg,0.00,0.00,0.00,0.00,1.0000,0.00,0.00,0.00,0.00,0.0000,0,0,0,0,0,0,True,0.0000,0.0000,0.0000,0.0000,False,0,True,True,False,False
01147,01,,Potassium Nitrate ,Pr/Kg,0.00,0.00,0.00,0.00,1.0000,0.00,0.00,0.00,0.00,0.0000,0,0,0,0,0,0,True,0.0000,0.0000,0.0000,0.0000,False,0,True,True,False,False
01148,01,,Ammonium,Pr/Kg,0.00,0.00,0.00,0.00,1.0000,0.00,0.00,0.00,0.00,0.0000,0,0,0,0,0,0,True,0.0000,0.0000,0.0000,0.0000,False,0,True,True,False,False
01149,01,,Licorice ,Pr/Kg,0.00,0.00,0.00,0.00,1.0000,0.00,0.00,0.00,0.00,0.0000,0,0,0,0,0,0,True,0.0000,0.0000,0.0000,0.0000,False,0,True,True,False,False
01150,01,,Wheat Husk,Pr/Kg,0.00,0.00,0.00,0.00,1.0000,0.00,0.00,0.00,0.00,0.0000,0,0,0,0,0,0,True,0.0000,0.0000,0.0000,0.0000,False,0,True,True,False,False
01151,01,, Thyme Powder,Pr/Kg,0.00,0.00,0.00,0.00,1.0000,0.00,0.00,0.00,0.00,0.0000,0,0,0,0,0,0,True,0.0000,0.0000,0.0000,0.0000,False,0,True,True,False,False
01152,01,,Cayenne Paper Powder,Pr/Kg,0.00,0.00,0.00,0.00,1.0000,0.00,0.00,0.00,0.00,0.0000,0,0,0,0,0,0,True,0.0000,0.0000,0.0000,0.0000,False,0,True,True,False,False
01153,01,,Vitamin K3,Pr/Kg,0.00,0.00,0.00,0.00,1.0000,0.00,0.00,0.00,0.00,0.0000,0,0,0,0,0,0,True,0.0000,0.0000,0.0000,0.0000,False,0,True,True,False,False
01154,01,,Nicotinic Acid ,Pr/Kg,0.00,0.00,0.00,0.00,1.0000,0.00,0.00,0.00,0.00,0.0000,0,0,0,0,0,0,True,0.0000,0.0000,0.0000,0.0000,False,0,True,True,False,False
01155,01,,Pantothenic Acid ,Pr/Kg,0.00,0.00,0.00,0.00,1.0000,0.00,0.00,0.00,0.00,0.0000,0,0,0,0,0,0,True,0.0000,0.0000,0.0000,0.0000,False,0,True,True,False,False
01156,01,,Threonine,Pr/Kg,0.00,0.00,0.00,0.00,1.0000,0.00,0.00,0.00,0.00,0.0000,0,0,0,0,0,0,True,0.0000,0.0000,0.0000,0.0000,False,0,True,True,False,False
01157,01,,Herbal Extract,Pr/Kg,0.00,0.00,0.00,0.00,1.0000,0.00,0.00,0.00,0.00,0.0000,0,0,0,0,0,0,True,0.0000,0.0000,0.0000,0.0000,False,0,True,True,False,False
01158,01,,Thymus Vulgaris,Pr/Kg,0.00,0.00,0.00,0.00,1.0000,0.00,0.00,0.00,0.00,0.0000,0,0,0,0,0,0,True,0.0000,0.0000,0.0000,0.0000,False,0,True,True,False,False
01159,01,,Oregano Extract,Pr/Kg,0.00,0.00,0.00,0.00,1.0000,0.00,0.00,0.00,0.00,0.0000,0,0,0,0,0,0,True,0.0000,0.0000,0.0000,0.0000,False,0,True,True,False,False
01160,01,,Mentha Piperta,Pr/Kg,0.00,0.00,0.00,0.00,1.0000,0.00,0.00,0.00,0.00,0.0000,0,0,0,0,0,0,True,0.0000,0.0000,0.0000,0.0000,False,0,True,True,False,False
01161,01,,Ferrous Sulfate,Pr/Kg,700.00,0.00,0.00,0.00,700.0000,0.00,0.00,0.00,0.00,0.0000,0,0,0,0,0,0,True,0.0000,0.0000,0.0000,0.0000,False,0,True,True,False,False
01162,01,,Ethylenediamine dihydrochloride,Pr/Kg,0.00,0.00,0.00,0.00,1.0000,0.00,0.00,0.00,0.00,0.0000,0,0,0,0,0,0,True,0.0000,0.0000,0.0000,0.0000,False,0,True,True,False,False
01163,01,,Cobalt Carbonate,Pr/Kg,0.00,0.00,0.00,0.00,1.0000,0.00,0.00,0.00,0.00,0.0000,0,0,0,0,0,0,True,0.0000,0.0000,0.0000,0.0000,False,0,True,True,False,False
01164,01,,Riboflavin,Pr/Kg,0.00,0.00,0.00,0.00,1.0000,0.00,0.00,0.00,0.00,0.0000,0,0,0,0,0,0,True,0.0000,0.0000,0.0000,0.0000,False,0,True,True,False,False
01165,01,,D-Calcium Pantothenate,Pr/Kg,0.00,0.00,0.00,0.00,1.0000,0.00,0.00,0.00,0.00,0.0000,0,0,0,0,0,0,True,0.0000,0.0000,0.0000,0.0000,False,0,True,True,False,False
01166,01,,Pyridoxine hydrochloride,Pr/Kg,0.00,0.00,0.00,0.00,1.0000,0.00,0.00,0.00,0.00,0.0000,0,0,0,0,0,0,True,0.0000,0.0000,0.0000,0.0000,False,0,True,True,False,False
01167,01,,Thiamine Mononitrate,Pr/Kg,0.00,0.00,0.00,0.00,1.0000,0.00,0.00,0.00,0.00,0.0000,0,0,0,0,0,0,True,0.0000,0.0000,0.0000,0.0000,False,0,True,True,False,False
01168,01,,Phosphorus Oxide,Pr/Kg,0.00,0.00,0.00,0.00,1.0000,0.00,0.00,0.00,0.00,0.0000,0,0,0,0,0,0,True,0.0000,0.0000,0.0000,0.0000,False,0,True,True,False,False
01169,01,,Tryptophan,Pr/Kg,0.00,0.00,0.00,0.00,1.0000,0.00,0.00,0.00,0.00,0.0000,0,0,0,0,0,0,True,0.0000,0.0000,0.0000,0.0000,False,0,True,True,False,False
01170,01,,Cystine,Pr/Kg,0.00,0.00,0.00,0.00,1.0000,0.00,0.00,0.00,0.00,0.0000,0,0,0,0,0,0,True,0.0000,0.0000,0.0000,0.0000,False,0,True,True,False,False
01171,01,,Nicotinamide,Pr/Kg,3200.00,0.00,0.00,0.00,3200.0000,0.00,0.00,0.00,0.00,0.0000,0,0,0,0,0,0,True,0.0000,0.0000,0.0000,0.0000,False,0,True,True,False,False
01172,01,,Sulphur,Pr/Kg,0.00,0.00,0.00,0.00,1.0000,0.00,0.00,0.00,0.00,0.0000,0,0,0,0,0,0,True,0.0000,0.0000,0.0000,0.0000,False,0,True,True,False,False
01173,01,,Nucleotide,Pr/Kg,0.00,0.00,0.00,0.00,1.0000,0.00,0.00,0.00,0.00,0.0000,0,0,0,0,0,0,True,0.0000,0.0000,0.0000,0.0000,False,0,True,True,False,False
01174,01,,Vitamin D,Pr/Kg,0.00,0.00,0.00,0.00,1.0000,0.00,0.00,0.00,0.00,0.0000,0,0,0,0,0,0,True,0.0000,0.0000,0.0000,0.0000,False,0,True,True,False,False
01175,01,,maganese Sulphate,Pr/Kg,0.00,0.00,0.00,0.00,1.0000,0.00,0.00,0.00,0.00,0.0000,0,0,0,0,0,0,True,0.0000,0.0000,0.0000,0.0000,False,0,True,True,False,False
01176,01,,Cobalt Chloride,Pr/Kg,6800.00,0.00,0.00,0.00,6800.0000,0.00,0.00,0.00,0.00,0.0000,0,0,0,0,0,0,True,0.0000,0.0000,0.0000,0.0000,False,0,True,True,False,False
01177,01,,Zinc Oxide,Pr/Kg,0.00,0.00,0.00,0.00,1.0000,0.00,0.00,0.00,0.00,0.0000,0,0,0,0,0,0,True,0.0000,0.0000,0.0000,0.0000,False,0,True,True,False,False
01178,01,,Copper,Pr/Kg,0.00,0.00,0.00,0.00,1.0000,0.00,0.00,0.00,0.00,0.0000,0,0,0,0,0,0,True,0.0000,0.0000,0.0000,0.0000,False,0,True,True,False,False
01179,01,,jamal Gota,Pr/KG,2000.00,0.00,0.00,0.00,2000.0000,0.00,0.00,0.00,0.00,0.0000,0,0,0,0,0,0,True,0.0000,0.0000,0.0000,0.0000,False,0,True,True,False,False
01180,01,,flavour Banana,Pr/L,2600.00,0.00,0.00,0.00,2600.0000,0.00,0.00,0.00,0.00,0.0000,0,0,0,0,0,0,True,0.0000,0.0000,0.0000,0.0000,False,0,True,True,False,False
01181,01,,tabacco,Pr/KG,700.00,0.00,0.00,0.00,700.0000,0.00,0.00,0.00,0.00,0.0000,0,0,0,0,0,0,True,0.0000,0.0000,0.0000,0.0000,False,0,True,True,False,False
01182,01,,Fat Oil,pr/kg,360.00,0.00,0.00,0.00,360.0000,0.00,0.00,0.00,0.00,0.0000,0,0,0,0,0,0,True,0.0000,0.0000,0.0000,0.0000,False,0,True,True,False,False
01183,01,,Soyaa Been,,200.00,0.00,0.00,0.00,200.0000,0.00,0.00,0.00,0.00,0.0000,0,0,0,0,0,0,True,0.0000,0.0000,0.0000,0.0000,False,0,True,True,False,False
01184,01,,ARQ,,350.00,0.00,0.00,0.00,350.0000,0.00,0.00,0.00,0.00,0.0000,0,0,0,0,0,0,True,0.0000,0.0000,0.0000,0.0000,False,0,True,True,False,False
01185,01,,ARQ Vasaka ,,300.00,0.00,0.00,0.00,300.0000,0.00,0.00,0.00,0.00,0.0000,0,0,0,0,0,0,True,0.0000,0.0000,0.0000,0.0000,False,0,True,True,False,False
01186,01,,HCL,,50.00,0.00,0.00,0.00,50.0000,0.00,0.00,0.00,0.00,0.0000,0,0,0,0,0,0,True,0.0000,0.0000,0.0000,0.0000,False,0,True,True,False,False
01187,01,,Sodium Metaby Sulphate ,,200.00,0.00,0.00,0.00,200.0000,0.00,0.00,0.00,0.00,0.0000,0,0,0,0,0,0,True,0.0000,0.0000,0.0000,0.0000,False,0,True,True,False,False
01188,01,,Butryic Acid,,4500.00,0.00,0.00,0.00,4500.0000,0.00,0.00,0.00,0.00,0.0000,0,0,0,0,0,0,True,0.0000,0.0000,0.0000,0.0000,False,0,True,True,False,False
01189,01,,Glycerine,,380.00,0.00,0.00,0.00,380.0000,0.00,0.00,0.00,0.00,0.0000,0,0,0,0,0,0,True,0.0000,0.0000,0.0000,0.0000,False,0,True,True,False,False
01190,01,,PHOSPHORUS Powder 29%,,25.00,0.00,0.00,0.00,25.0000,0.00,0.00,0.00,0.00,0.0000,0,0,0,0,0,0,True,0.0000,0.0000,0.0000,0.0000,False,0,True,True,False,False
01191,01,,Sodium Borate,,580.00,0.00,0.00,0.00,580.0000,0.00,0.00,0.00,0.00,0.0000,0,0,0,0,0,0,True,0.0000,0.0000,0.0000,0.0000,False,0,True,True,False,False
01192,01,,Telcum Powder,,24.00,0.00,0.00,0.00,24.0000,0.00,0.00,0.00,0.00,0.0000,0,0,0,0,0,0,True,0.0000,0.0000,0.0000,0.0000,False,0,True,True,False,False
01193,01,,Castor Oil,,1.00,0.00,0.00,0.00,1.0000,0.00,0.00,0.00,0.00,0.0000,0,0,0,0,0,0,True,0.0000,0.0000,0.0000,0.0000,False,0,True,True,False,False
01194,01,,Glucose,,1.00,0.00,0.00,0.00,1.0000,0.00,0.00,0.00,0.00,0.0000,0,0,0,0,0,0,True,0.0000,0.0000,0.0000,0.0000,False,0,True,True,False,False
01195,01,,Ammonium Sulphate,,1.00,0.00,0.00,0.00,1.0000,0.00,0.00,0.00,0.00,0.0000,0,0,0,0,0,0,True,0.0000,0.0000,0.0000,0.0000,False,0,True,True,False,False
01196,01,,Potassium Phosphate (Mono Basic),,1.00,0.00,0.00,0.00,1.0000,0.00,0.00,0.00,0.00,0.0000,0,0,0,0,0,0,True,0.0000,0.0000,0.0000,0.0000,False,0,True,True,False,False
01197,01,,Potassium Phosphate ( Di-Basic),,1.00,0.00,0.00,0.00,1.0000,0.00,0.00,0.00,0.00,0.0000,0,0,0,0,0,0,True,0.0000,0.0000,0.0000,0.0000,False,0,True,True,False,False
01198,01,,Peptone,,1.00,0.00,0.00,0.00,1.0000,0.00,0.00,0.00,0.00,0.0000,0,0,0,0,0,0,True,0.0000,0.0000,0.0000,0.0000,False,0,True,True,False,False
01199,01,,Yeast Extract ( Arena Bioscien),,1.00,0.00,0.00,0.00,1.0000,0.00,0.00,0.00,0.00,0.0000,0,0,0,0,0,0,True,0.0000,0.0000,0.0000,0.0000,False,0,True,True,False,False
01200,01,,Sodium Chloride (Sigma),,1.00,0.00,0.00,0.00,1.0000,0.00,0.00,0.00,0.00,0.0000,0,0,0,0,0,0,True,0.0000,0.0000,0.0000,0.0000,False,0,True,True,False,False
01201,01,,I.P.A,,600.00,0.00,0.00,0.00,600.0000,0.00,0.00,0.00,0.00,0.0000,0,0,0,0,0,0,True,0.0000,0.0000,0.0000,0.0000,False,0,True,True,False,False
01202,01,,Calcium Hypochlorite ,,1.00,0.00,0.00,0.00,1.0000,0.00,0.00,0.00,0.00,0.0000,0,0,0,0,0,0,True,0.0000,0.0000,0.0000,0.0000,False,0,True,True,False,False
01203,01,,Turmeric Ext,,1.00,0.00,0.00,0.00,1.0000,0.00,0.00,0.00,0.00,0.0000,0,0,0,0,0,0,True,0.0000,0.0000,0.0000,0.0000,False,0,True,True,False,False
01204,01,,Cutting Oil,,1.00,0.00,0.00,0.00,1.0000,0.00,0.00,0.00,0.00,0.0000,0,0,0,0,0,0,True,0.0000,0.0000,0.0000,0.0000,False,0,True,True,False,False
01205,01,,Sugar ,,1.00,0.00,0.00,0.00,1.0000,0.00,0.00,0.00,0.00,0.0000,0,0,0,0,0,0,True,0.0000,0.0000,0.0000,0.0000,False,0,True,True,False,False
01206,01,,Lab Items For Testing,,1.00,0.00,0.00,0.00,1.0000,0.00,0.00,0.00,0.00,0.0000,0,0,0,0,0,0,True,0.0000,0.0000,0.0000,0.0000,False,0,True,True,False,False
01207,01,,General Items For Lab,,1.00,0.00,0.00,0.00,1.0000,0.00,0.00,0.00,0.00,0.0000,0,0,0,0,0,0,True,0.0000,0.0000,0.0000,0.0000,False,0,True,True,False,False
01208,01,,Ammonium Metavandate,,1.00,0.00,0.00,0.00,1.0000,0.00,0.00,0.00,0.00,0.0000,0,0,0,0,0,0,True,0.0000,0.0000,0.0000,0.0000,False,0,True,True,False,False
01209,01,,Sodium Alginate ,,1.00,0.00,0.00,0.00,1.0000,0.00,0.00,0.00,0.00,0.0000,0,0,0,0,0,0,True,0.0000,0.0000,0.0000,0.0000,False,0,True,True,False,False
01210,01,,LEO Cevon 5 Lit,,1.00,0.00,0.00,0.00,1.0000,0.00,0.00,0.00,0.00,0.0000,0,0,0,0,0,0,True,0.0000,0.0000,0.0000,0.0000,False,0,True,False,True,False
02001,02,,Shipper (A) 25 PCS Packet 1 KG,1s,166.00,0.00,0.00,0.00,166.0000,0.00,0.00,0.00,0.00,0.0000,0,0,0,0,0,0,True,0.0000,0.0000,0.0000,0.0000,False,0,True,True,False,False
02002,02,,Shipper [B] 12 Bottle (1 Liter),1s,150.00,0.00,0.00,0.00,150.0000,0.00,0.00,0.00,0.00,0.0000,0,0,0,0,0,0,True,0.0000,0.0000,0.0000,0.0000,False,0,True,True,False,False
02003,02,,Shipper [C] 15 pcs Tin (1 KG),1s,147.00,0.00,0.00,0.00,147.0000,0.00,0.00,0.00,0.00,0.0000,0,0,0,0,0,0,True,0.0000,0.0000,0.0000,0.0000,False,0,True,True,False,False
02004,02,,Shipper [D] 4pcs cane (5 Liter),1s,166.00,0.00,0.00,0.00,166.0000,0.00,0.00,0.00,0.00,0.0000,0,0,0,0,0,0,True,0.0000,0.0000,0.0000,0.0000,False,0,True,True,False,False
02005,02,,Shipper [E] 5 pcs Packet (5 KG),1s,155.00,0.00,0.00,0.00,155.0000,0.00,0.00,0.00,0.00,0.0000,0,0,0,0,0,0,True,0.0000,0.0000,0.0000,0.0000,False,0,True,True,False,False
02006,02,,Shipper [F] 100 pcs bottle Pet 100 ML,1s,152.00,0.00,0.00,0.00,152.0000,0.00,0.00,0.00,0.00,0.0000,0,0,0,0,0,0,True,0.0000,0.0000,0.0000,0.0000,False,0,True,True,False,False
02007,02,,Shipper [G] 100 pcs cane 100 ML,1s,158.00,0.00,0.00,0.00,158.0000,0.00,0.00,0.00,0.00,0.0000,0,0,0,0,0,0,True,0.0000,0.0000,0.0000,0.0000,False,0,True,True,False,False
02008,02,,Shipper [H] pound bottle 48 pcs (450 ML),1s,171.00,0.00,0.00,0.00,171.0000,0.00,0.00,0.00,0.00,0.0000,0,0,0,0,0,0,True,0.0000,0.0000,0.0000,0.0000,False,0,True,True,False,False
02009,02,,Bottle Can White  100ML,1s,12.00,0.00,0.00,0.00,12.0000,0.00,0.00,0.00,0.00,0.0000,0,0,0,0,0,0,True,0.0000,0.0000,0.0000,0.0000,False,0,True,True,False,False
02010,02,,Bottle Pet Amber 100ML,1s,5.50,0.00,0.00,0.00,5.5000,0.00,0.00,0.00,0.00,0.0000,0,0,0,0,0,0,True,0.0000,0.0000,0.0000,0.0000,False,0,True,True,False,False
02011,02,,Bottle Pet White 100ML,1s,6.00,0.00,0.00,0.00,6.0000,0.00,0.00,0.00,0.00,0.0000,0,0,0,0,0,0,True,0.0000,0.0000,0.0000,0.0000,False,0,True,True,False,False
02013,02,,Plastic Can Blue 5 Liter,1s,480.00,0.00,0.00,0.00,480.0000,0.00,0.00,0.00,0.00,0.0000,0,0,0,0,0,0,True,0.0000,0.0000,0.0000,0.0000,False,0,True,True,False,False
02014,02,,Plastic Can White 5 Liter,1s,500.00,0.00,0.00,0.00,500.0000,0.00,0.00,0.00,0.00,0.0000,0,0,0,0,0,0,True,0.0000,0.0000,0.0000,0.0000,False,0,True,True,False,False
02015,02,,Metal Bottle Silver 1 Liter,1s,250.00,0.00,0.00,0.00,250.0000,0.00,0.00,0.00,0.00,0.0000,0,0,0,0,0,0,True,0.0000,0.0000,0.0000,0.0000,False,0,True,True,False,False
02016,02,,Cap Yellow 5Ltr Can,1s,1.00,0.00,0.00,0.00,1.0000,0.00,0.00,0.00,0.00,0.0000,0,0,0,0,0,0,True,0.0000,0.0000,0.0000,0.0000,False,0,True,True,False,False
02018,02,,S+D Calci-Phos D 100 ML,1s,12.00,0.00,0.00,0.00,12.0000,0.00,0.00,0.00,0.00,0.0000,0,0,0,0,0,0,True,0.0000,0.0000,0.0000,0.0000,False,0,True,True,False,False
02019,02,,S+D Kirzan 100 ML,1s,11.50,0.00,0.00,0.00,11.5000,0.00,0.00,0.00,0.00,0.0000,0,0,0,0,0,0,True,0.0000,0.0000,0.0000,0.0000,False,0,True,True,False,False
02020,02,,S+D Scour Guard100 ML,1s,12.00,0.00,0.00,0.00,12.0000,0.00,0.00,0.00,0.00,0.0000,0,0,0,0,0,0,True,0.0000,0.0000,0.0000,0.0000,False,0,True,True,False,False
02021,02,,Packet Growth Promoter 1 KG,1s,23.00,0.00,0.00,0.00,23.0000,0.00,0.00,0.00,0.00,0.0000,0,0,0,0,0,0,True,0.0000,0.0000,0.0000,0.0000,False,0,True,True,False,False
02025,02,,Label Fuzion Plus 5 Liter,1s,21.00,0.00,0.00,0.00,21.0000,0.00,0.00,0.00,0.00,0.0000,0,0,0,0,0,0,True,0.0000,0.0000,0.0000,0.0000,False,0,True,True,False,False
02026,02,,Label Toxi Lic 5 Liter,1s,21.00,0.00,0.00,0.00,21.0000,0.00,0.00,0.00,0.00,0.0000,0,0,0,0,0,0,True,0.0000,0.0000,0.0000,0.0000,False,0,True,True,False,False
02027,02,,Label Calci Phos D 5 Liter,1s,21.00,0.00,0.00,0.00,21.0000,0.00,0.00,0.00,0.00,0.0000,0,0,0,0,0,0,True,0.0000,0.0000,0.0000,0.0000,False,0,True,True,False,False
02028,02,,Label CID 7 (5)Lit,1s,21.00,0.00,0.00,0.00,21.0000,0.00,0.00,0.00,0.00,0.0000,0,0,0,0,0,0,True,0.0000,0.0000,0.0000,0.0000,False,0,True,True,False,False
02029,02,,Label Hepatic Optimizer 5 Liter,1s,21.00,0.00,0.00,0.00,21.0000,0.00,0.00,0.00,0.00,0.0000,0,0,0,0,0,0,True,0.0000,0.0000,0.0000,0.0000,False,0,True,True,False,False
02031,02,,Label Garlimint Plus 5 Liter,1s,21.00,0.00,0.00,0.00,21.0000,0.00,0.00,0.00,0.00,0.0000,0,0,0,0,0,0,True,0.0000,0.0000,0.0000,0.0000,False,0,True,True,False,False
02032,02,,BAG Growth Promoter 25 KG,1s,147.00,0.00,0.00,0.00,147.0000,0.00,0.00,0.00,0.00,0.0000,0,0,0,0,0,0,True,0.0000,0.0000,0.0000,0.0000,False,0,True,True,False,False
02033,02,,BAG Magnet 25 KG,1s,147.00,0.00,0.00,0.00,147.0000,0.00,0.00,0.00,0.00,0.0000,0,0,0,0,0,0,True,0.0000,0.0000,0.0000,0.0000,False,0,True,True,False,False
02034,02,,BAG BOP DCP 25 KG,1s,70.00,0.00,0.00,0.00,70.0000,0.00,0.00,0.00,0.00,0.0000,0,0,0,0,0,0,True,0.0000,0.0000,0.0000,0.0000,False,0,True,True,False,False
02035,02,,Packet Lysogar Lic 1 KG,1s,30.00,0.00,0.00,0.00,30.0000,0.00,0.00,0.00,0.00,0.0000,0,0,0,0,0,0,True,0.0000,0.0000,0.0000,0.0000,False,0,True,True,False,False
02036,02,,Packet Nutri Lic 5 KG,1s,70.00,0.00,0.00,0.00,70.0000,0.00,0.00,0.00,0.00,0.0000,0,0,0,0,0,0,True,0.0000,0.0000,0.0000,0.0000,False,0,True,True,False,False
02037,02,,CAP Pet bottle White 100 ML,1s,2.00,0.00,0.00,0.00,2.0000,0.00,0.00,0.00,0.00,0.0000,0,0,0,0,0,0,True,0.0000,0.0000,0.0000,0.0000,False,0,True,True,False,False
02038,02,,Label  Growth Promoter 25 KG,1s,32.00,0.00,0.00,0.00,32.0000,0.00,0.00,0.00,0.00,0.0000,0,0,0,0,0,0,True,0.0000,0.0000,0.0000,0.0000,False,0,True,True,False,False
02039,02,,Label  Magnet 25KG,1s,32.00,0.00,0.00,0.00,32.0000,0.00,0.00,0.00,0.00,0.0000,0,0,0,0,0,0,True,0.0000,0.0000,0.0000,0.0000,False,0,True,True,False,False
02040,02,,Label Hepatic Optimizer 25 KG,1s,35.00,0.00,0.00,0.00,35.0000,0.00,0.00,0.00,0.00,0.0000,0,0,0,0,0,0,True,0.0000,0.0000,0.0000,0.0000,False,0,True,True,False,False
02041,02,,Label Growth Promoter Plus 25 KG,1s,35.00,0.00,0.00,0.00,35.0000,0.00,0.00,0.00,0.00,0.0000,0,0,0,0,0,0,True,0.0000,0.0000,0.0000,0.0000,False,0,True,True,False,False
02042,02,,Label Super Yeast 25 KG,1s,35.00,0.00,0.00,0.00,35.0000,0.00,0.00,0.00,0.00,0.0000,0,0,0,0,0,0,True,0.0000,0.0000,0.0000,0.0000,False,0,True,True,False,False
02043,02,,JAR 1 KG,1s,110.00,0.00,0.00,0.00,110.0000,0.00,0.00,0.00,0.00,0.0000,0,0,0,0,0,0,True,0.0000,0.0000,0.0000,0.0000,False,0,True,True,False,False
02044,02,,Sapray Bottle 120 ML,1s,0.00,0.00,0.00,0.00,1.0000,0.00,0.00,0.00,0.00,0.0000,0,0,0,0,0,0,True,0.0000,0.0000,0.0000,0.0000,False,0,True,True,False,False
02046,02,,Label Kimchi sal Oral Liquid 1 Liter,1s,0.00,0.00,0.00,0.00,1.0000,0.00,0.00,0.00,0.00,0.0000,0,0,0,0,0,0,True,0.0000,0.0000,0.0000,0.0000,False,0,True,True,False,False
02047,02,,Label Mento Care 1 Liter,1s,40.00,0.00,0.00,0.00,40.0000,0.00,0.00,0.00,0.00,0.0000,0,0,0,0,0,0,True,0.0000,0.0000,0.0000,0.0000,False,0,True,True,False,False
02048,02,,Label Micro Sel-E Oral Liquid 1 Liter,1s,0.00,0.00,0.00,0.00,1.0000,0.00,0.00,0.00,0.00,0.0000,0,0,0,0,0,0,True,0.0000,0.0000,0.0000,0.0000,False,0,True,True,False,False
02049,02,,Bottle Fuzion Plus Oral Liquid 1 Liter,1s,270.00,0.00,0.00,0.00,270.0000,0.00,0.00,0.00,0.00,0.0000,0,0,0,0,0,0,True,0.0000,0.0000,0.0000,0.0000,False,0,True,True,False,False
02050,02,,Label O-D PLus 1 Liter,1s,0.00,0.00,0.00,0.00,1.0000,0.00,0.00,0.00,0.00,0.0000,0,0,0,0,0,0,True,0.0000,0.0000,0.0000,0.0000,False,0,True,True,False,False
02051,02,,Packet Magnet Oral Powder 1KG,1s,40.00,0.00,0.00,0.00,40.0000,0.00,0.00,0.00,0.00,0.0000,0,0,0,0,0,0,True,0.0000,0.0000,0.0000,0.0000,False,0,True,True,False,False
02052,02,,Packet D.C.P Oral Powder 1 KG,1s,0.00,0.00,0.00,0.00,30.0000,0.00,0.00,0.00,0.00,0.0000,0,0,0,0,0,0,True,0.0000,0.0000,0.0000,0.0000,False,0,True,True,False,False
02053,02,,Bio Fat  Bag 25 KG,1s,70.00,0.00,0.00,0.00,70.0000,0.00,0.00,0.00,0.00,0.0000,0,0,0,0,0,0,True,0.0000,0.0000,0.0000,0.0000,False,0,True,True,False,False
02054,02,,White Bag Unprint,1s,170.00,0.00,0.00,0.00,170.0000,0.00,0.00,0.00,0.00,0.0000,0,0,0,0,0,0,True,0.0000,0.0000,0.0000,0.0000,False,0,True,True,False,False
02055,02,,Label Paower Plus 25 KG,1s,40.00,0.00,0.00,0.00,40.0000,0.00,0.00,0.00,0.00,0.0000,0,0,0,0,0,0,True,0.0000,0.0000,0.0000,0.0000,False,0,True,True,False,False
02056,02,,Label V & M 20 KG,1s,30.00,0.00,0.00,0.00,30.0000,0.00,0.00,0.00,0.00,0.0000,0,0,0,0,0,0,True,0.0000,0.0000,0.0000,0.0000,False,0,True,True,False,False
02057,02,,Label Grow Plus 5 Liter,1s,22.00,0.00,0.00,0.00,22.0000,0.00,0.00,0.00,0.00,0.0000,0,0,0,0,0,0,True,0.0000,0.0000,0.0000,0.0000,False,0,True,True,False,False
02058,02,,Label Magnet Plus 25 Kg,1s,35.00,0.00,0.00,0.00,35.0000,0.00,0.00,0.00,0.00,0.0000,0,0,0,0,0,0,True,0.0000,0.0000,0.0000,0.0000,False,0,True,True,False,False
02059,02,,Shipper { I } 12 Pcs Bottle New,1s,130.00,0.00,0.00,0.00,130.0000,0.00,0.00,0.00,0.00,0.0000,0,0,0,0,0,0,True,0.0000,0.0000,0.0000,0.0000,False,0,True,True,False,False
02060,02,,Label Prime Grow Protein 25 kg,1s,90.00,0.00,0.00,0.00,90.0000,0.00,0.00,0.00,0.00,0.0000,0,0,0,0,0,0,True,0.0000,0.0000,0.0000,0.0000,False,0,True,True,False,False
02061,02,,Bottle CALCI-PHOS D 1 Liter,1s,270.00,0.00,0.00,0.00,270.0000,0.00,0.00,0.00,0.00,0.0000,0,0,0,0,0,0,True,0.0000,0.0000,0.0000,0.0000,False,0,True,True,False,False
02062,02,,Bottle Hepatic Optimiser 1 Liter,1s,270.00,0.00,0.00,0.00,270.0000,0.00,0.00,0.00,0.00,0.0000,0,0,0,0,0,0,True,0.0000,0.0000,0.0000,0.0000,False,0,True,True,False,False
02063,02,,Bottle Garlimint Plus 1 Liter,1s,270.00,0.00,0.00,0.00,270.0000,0.00,0.00,0.00,0.00,0.0000,0,0,0,0,0,0,True,0.0000,0.0000,0.0000,0.0000,False,0,True,True,False,False
02065,02,,Bottle Mento Care 1 Liter,1s,270.00,0.00,0.00,0.00,270.0000,0.00,0.00,0.00,0.00,0.0000,0,0,0,0,0,0,True,0.0000,0.0000,0.0000,0.0000,False,0,True,True,False,False
02066,02,,Bottle Super Yeast 1 Liter,1s,270.00,0.00,0.00,0.00,270.0000,0.00,0.00,0.00,0.00,0.0000,0,0,0,0,0,0,True,0.0000,0.0000,0.0000,0.0000,False,0,True,True,False,False
02067,02,,Label Bio Ambrox 1 Liter,1s,30.00,0.00,0.00,0.00,30.0000,0.00,0.00,0.00,0.00,0.0000,0,0,0,0,0,0,True,0.0000,0.0000,0.0000,0.0000,False,0,True,True,False,False
02068,02,,ORIENT GROUP Packing Material,,0.00,0.00,0.00,0.00,1.0000,0.00,0.00,0.00,0.00,0.0000,0,0,0,0,0,0,True,0.0000,0.0000,0.0000,0.0000,False,0,True,True,False,False
02069,02,,Plastic CAN (C.I.D 7) 5 Liter ,1s,530.00,0.00,0.00,0.00,530.0000,0.00,0.00,0.00,0.00,0.0000,0,0,0,0,0,0,True,0.0000,0.0000,0.0000,0.0000,False,0,True,True,False,False
02070,02,, BAG ORITOX Mycotoxin Binders 25 kg,1s,1.00,0.00,0.00,0.00,1.0000,0.00,0.00,0.00,0.00,0.0000,0,0,0,0,0,0,True,0.0000,0.0000,0.0000,0.0000,False,0,True,True,False,False
02071,02,,BAG Vital Gold 25 kg ORient,1s,1.00,0.00,0.00,0.00,1.0000,0.00,0.00,0.00,0.00,0.0000,0,0,0,0,0,0,True,0.0000,0.0000,0.0000,0.0000,False,0,True,True,False,False
02072,02,,Packet Vital Gold 1 kg ORIENT,1s,1.00,0.00,0.00,0.00,1.0000,0.00,0.00,0.00,0.00,0.0000,0,0,0,0,0,0,True,0.0000,0.0000,0.0000,0.0000,False,0,True,True,False,False
02073,02,,Bag Vital Gold 25 Kg,1s,140.00,0.00,0.00,0.00,1.0000,0.00,0.00,0.00,0.00,0.0000,0,0,0,0,0,0,True,0.0000,0.0000,0.0000,0.0000,False,0,True,True,False,False
02074,02,,Packet Vital Gold 1 Kg,1s,1.00,0.00,0.00,0.00,1.0000,0.00,0.00,0.00,0.00,0.0000,0,0,0,0,0,0,True,0.0000,0.0000,0.0000,0.0000,False,0,True,True,False,False
02075,02,,STS Paradek Powder 1kg Label,1s,0.00,0.00,0.00,0.00,1.0000,0.00,0.00,0.00,0.00,0.0000,0,0,0,0,0,0,True,0.0000,0.0000,0.0000,0.0000,False,0,True,True,False,False
02076,02,,Unprint Packet 1kg,1s,22.00,0.00,0.00,0.00,22.0000,0.00,0.00,0.00,0.00,0.0000,0,0,0,0,0,0,True,0.0000,0.0000,0.0000,0.0000,False,0,True,True,False,False
02077,02,,Packet Micro Milk Orion,1s,0.00,0.00,0.00,0.00,1.0000,0.00,0.00,0.00,0.00,0.0000,0,0,0,0,0,0,True,0.0000,0.0000,0.0000,0.0000,False,0,True,True,False,False
02078,02,,Label Uronal 1kg,1s,28.00,0.00,0.00,0.00,28.0000,0.00,0.00,0.00,0.00,0.0000,0,0,0,0,0,0,True,0.0000,0.0000,0.0000,0.0000,False,0,True,True,False,False
02079,02,,Laberl Micro Live 5Liter,1s,27.50,0.00,0.00,0.00,27.5000,0.00,0.00,0.00,0.00,0.0000,0,0,0,0,0,0,True,0.0000,0.0000,0.0000,0.0000,False,0,True,True,False,False
02080,02,,Packet Bio Urex 1 kg,,0.00,0.00,0.00,0.00,18.0000,0.00,0.00,0.00,0.00,0.0000,0,0,0,0,0,0,True,0.0000,0.0000,0.0000,0.0000,False,0,True,True,False,False
02081,02,,Packet Bio urex 1kg ORION,,0.00,0.00,0.00,0.00,1.0000,0.00,0.00,0.00,0.00,0.0000,0,0,0,0,0,0,True,0.0000,0.0000,0.0000,0.0000,False,0,True,True,False,False
02082,02,,Super Yeast Tin 1kg,1s,0.00,0.00,0.00,0.00,1.0000,0.00,0.00,0.00,0.00,0.0000,0,0,0,0,0,0,True,0.0000,0.0000,0.0000,0.0000,False,0,True,True,False,False
02083,02,,Label ADEK 5 Lit,1s,15.00,0.00,0.00,0.00,15.0000,0.00,0.00,0.00,0.00,0.0000,0,0,0,0,0,0,True,0.0000,0.0000,0.0000,0.0000,False,0,True,True,False,False
02084,02,,Label COPPER 5 Lit,1s ,17.00,0.00,0.00,0.00,17.0000,0.00,0.00,0.00,0.00,0.0000,0,0,0,0,0,0,True,0.0000,0.0000,0.0000,0.0000,False,0,True,True,False,False
02085,02,,Label Renal Oral Powder 1 Kg,1s,20.00,0.00,0.00,0.00,20.0000,0.00,0.00,0.00,0.00,0.0000,0,0,0,0,0,0,True,0.0000,0.0000,0.0000,0.0000,False,0,True,True,False,False
02086,02,,S+D Calco Best 100 ml,,0.00,0.00,0.00,0.00,1.0000,0.00,0.00,0.00,0.00,0.0000,0,0,0,0,0,0,True,0.0000,0.0000,0.0000,0.0000,False,0,True,True,False,False
02087,02,,S+D Scour Best 100 ml,,0.00,0.00,0.00,0.00,1.0000,0.00,0.00,0.00,0.00,0.0000,0,0,0,0,0,0,True,0.0000,0.0000,0.0000,0.0000,False,0,True,True,False,False
02088,02,,S+D Milzan Plus,,0.00,0.00,0.00,0.00,1.0000,0.00,0.00,0.00,0.00,0.0000,0,0,0,0,0,0,True,0.0000,0.0000,0.0000,0.0000,False,0,True,True,False,False
02089,02,,Label Oripulmo 1 Lit,,0.00,0.00,0.00,0.00,1.0000,0.00,0.00,0.00,0.00,0.0000,0,0,0,0,0,0,True,0.0000,0.0000,0.0000,0.0000,False,0,True,True,False,False
02090,02,,Bag Myco Fixer,25 Kg,250.00,0.00,0.00,0.00,250.0000,0.00,0.00,0.00,0.00,0.0000,0,0,0,0,0,0,True,0.0000,0.0000,0.0000,0.0000,False,0,True,True,False,False
02091,02,, Label Immune Forte 1 Lit,,20.00,0.00,0.00,0.00,20.0000,0.00,0.00,0.00,0.00,0.0000,0,0,0,0,0,0,True,0.0000,0.0000,0.0000,0.0000,False,0,True,True,False,False
02092,02,,Label Micro Sel E 5 Lit ,,17.00,0.00,0.00,0.00,17.0000,0.00,0.00,0.00,0.00,0.0000,0,0,0,0,0,0,True,0.0000,0.0000,0.0000,0.0000,False,0,True,True,False,False
02093,02,,Label Toni Plex 5 Lit,,17.00,0.00,0.00,0.00,17.0000,0.00,0.00,0.00,0.00,0.0000,0,0,0,0,0,0,True,0.0000,0.0000,0.0000,0.0000,False,0,True,True,False,False
02094,02,,Label Nephretic 1 Kg,,20.00,0.00,0.00,0.00,20.0000,0.00,0.00,0.00,0.00,0.0000,0,0,0,0,0,0,True,0.0000,0.0000,0.0000,0.0000,False,0,True,True,False,False
02095,02,,Label Uri Flush 1 Lit,,18.00,0.00,0.00,0.00,18.0000,0.00,0.00,0.00,0.00,0.0000,0,0,0,0,0,0,True,0.0000,0.0000,0.0000,0.0000,False,0,True,True,False,False
02096,02,,Label En Boost 1 Lit,,17.00,0.00,0.00,0.00,17.0000,0.00,0.00,0.00,0.00,0.0000,0,0,0,0,0,0,True,0.0000,0.0000,0.0000,0.0000,False,0,True,True,False,False
02097,02,,Bottle Round liter ,,130.00,0.00,0.00,0.00,130.0000,0.00,0.00,0.00,0.00,0.0000,0,0,0,0,0,0,True,0.0000,0.0000,0.0000,0.0000,False,0,True,True,False,False
02098,02,,Bottle Round 250 ml,,0.00,0.00,0.00,0.00,1.0000,0.00,0.00,0.00,0.00,0.0000,0,0,0,0,0,0,True,0.0000,0.0000,0.0000,0.0000,False,0,True,True,False,False
02099,02,,Label Magnet 25 kg,,30.00,0.00,0.00,0.00,30.0000,0.00,0.00,0.00,0.00,0.0000,0,0,0,0,0,0,True,0.0000,0.0000,0.0000,0.0000,False,0,True,True,False,False
02100,02,,Bottle ImmunoGen 1 Lit,,270.00,0.00,0.00,0.00,270.0000,0.00,0.00,0.00,0.00,0.0000,0,0,0,0,0,0,True,0.0000,0.0000,0.0000,0.0000,False,0,True,True,False,False
02101,02,,Bottle Calgo Gen 1 Lit,,270.00,0.00,0.00,0.00,270.0000,0.00,0.00,0.00,0.00,0.0000,0,0,0,0,0,0,True,0.0000,0.0000,0.0000,0.0000,False,0,True,True,False,False
02102,02,,Bottle LivoGen 1Lit,,270.00,0.00,0.00,0.00,270.0000,0.00,0.00,0.00,0.00,0.0000,0,0,0,0,0,0,True,0.0000,0.0000,0.0000,0.0000,False,0,True,True,False,False
02103,02,,Label Respi Gen 1 lit,,17.00,0.00,0.00,0.00,17.0000,0.00,0.00,0.00,0.00,0.0000,0,0,0,0,0,0,True,0.0000,0.0000,0.0000,0.0000,False,0,True,True,False,False
02104,02,,Packet AD3 Minerals 1Kg,,0.00,0.00,0.00,0.00,25.0000,0.00,0.00,0.00,0.00,0.0000,0,0,0,0,0,0,True,0.0000,0.0000,0.0000,0.0000,False,0,True,True,False,False
02105,02,,Bag Nutri Lic Premix Feed 25Kg,,140.00,0.00,0.00,0.00,140.0000,0.00,0.00,0.00,0.00,0.0000,0,0,0,0,0,0,True,0.0000,0.0000,0.0000,0.0000,False,0,True,True,False,False
02106,02,,Label Kimchi Sal 5 Lit,,30.00,0.00,0.00,0.00,30.0000,0.00,0.00,0.00,0.00,0.0000,0,0,0,0,0,0,True,0.0000,0.0000,0.0000,0.0000,False,0,True,True,False,False
02107,02,,Label C.A Phos 5 Lit,,33.33,0.00,0.00,0.00,33.3300,0.00,0.00,0.00,0.00,0.0000,0,0,0,0,0,0,True,0.0000,0.0000,0.0000,0.0000,False,0,True,True,False,False
02108,02,,Label Fixit 5 Lit,,33.33,0.00,0.00,0.00,33.3300,0.00,0.00,0.00,0.00,0.0000,0,0,0,0,0,0,True,0.0000,0.0000,0.0000,0.0000,False,0,True,True,False,False
02109,02,,Label LivLong 5 Lit,,33.33,0.00,0.00,0.00,33.3300,0.00,0.00,0.00,0.00,0.0000,0,0,0,0,0,0,True,0.0000,0.0000,0.0000,0.0000,False,0,True,True,False,False
02110,02,,Bottle Toxi Gold 1 Lit,,270.00,0.00,0.00,0.00,270.0000,0.00,0.00,0.00,0.00,0.0000,0,0,0,0,0,0,True,0.0000,0.0000,0.0000,0.0000,False,0,True,True,False,False
02111,02,,Label Livo Lic 1 Lit,,25.00,0.00,0.00,0.00,25.0000,0.00,0.00,0.00,0.00,0.0000,0,0,0,0,0,0,True,0.0000,0.0000,0.0000,0.0000,False,0,True,True,False,False
02112,02,,Label Duire Lic Powder 1 Kg,,26.00,0.00,0.00,0.00,26.0000,0.00,0.00,0.00,0.00,0.0000,0,0,0,0,0,0,True,0.0000,0.0000,0.0000,0.0000,False,0,True,True,False,False
02113,02,,Bottle HepaTune 1 Lit,,270.00,0.00,0.00,0.00,270.0000,0.00,0.00,0.00,0.00,0.0000,0,0,0,0,0,0,True,0.0000,0.0000,0.0000,0.0000,False,0,True,True,False,False
02114,02,,Label Ambro Lic 1 Lit,,26.00,0.00,0.00,0.00,26.0000,0.00,0.00,0.00,0.00,0.0000,0,0,0,0,0,0,True,0.0000,0.0000,0.0000,0.0000,False,0,True,True,False,False
02115,02,,Label Toxi Lic 1 Lit,,26.00,0.00,0.00,0.00,26.0000,0.00,0.00,0.00,0.00,0.0000,0,0,0,0,0,0,True,0.0000,0.0000,0.0000,0.0000,False,0,True,True,False,False
02116,02,,Bottle Respi Fit Oral Liquid 1 Lit,,270.00,0.00,0.00,0.00,270.0000,0.00,0.00,0.00,0.00,0.0000,0,0,0,0,0,0,True,0.0000,0.0000,0.0000,0.0000,False,0,True,True,False,False
02117,02,,Bottle E.C Gold Oral Liquid 1 Lit,,270.00,0.00,0.00,0.00,270.0000,0.00,0.00,0.00,0.00,0.0000,0,0,0,0,0,0,True,0.0000,0.0000,0.0000,0.0000,False,0,True,True,False,False
02118,02,,Shipper J,,135.00,0.00,0.00,0.00,135.0000,0.00,0.00,0.00,0.00,0.0000,0,0,0,0,0,0,True,0.0000,0.0000,0.0000,0.0000,False,0,True,True,False,False
02119,02,,Vita Lic Powder 1kg Packet,,30.00,0.00,0.00,0.00,30.0000,0.00,0.00,0.00,0.00,0.0000,0,0,0,0,0,0,True,0.0000,0.0000,0.0000,0.0000,False,0,True,True,False,False
02120,02,,Nephro Lic 1kg Packet,,30.00,0.00,0.00,0.00,30.0000,0.00,0.00,0.00,0.00,0.0000,0,0,0,0,0,0,True,0.0000,0.0000,0.0000,0.0000,False,0,True,True,False,False
02121,02,,Diure Lic 1Kg Packet,,0.00,0.00,0.00,0.00,1.0000,0.00,0.00,0.00,0.00,0.0000,0,0,0,0,0,0,True,0.0000,0.0000,0.0000,0.0000,False,0,True,True,False,False
02122,02,,Label BromoKill  Liquid 5 Lit ,,25.00,0.00,0.00,0.00,26.0000,0.00,0.00,0.00,0.00,0.0000,0,0,0,0,0,0,True,0.0000,0.0000,0.0000,0.0000,False,0,True,True,False,False
02123,02,,Label Micro Liv Liquid  5 Lit,,25.00,0.00,0.00,0.00,25.0000,0.00,0.00,0.00,0.00,0.0000,0,0,0,0,0,0,True,0.0000,0.0000,0.0000,0.0000,False,0,True,True,False,False
02124,02,,Label Mento Care 5 Lit,,26.00,0.00,0.00,0.00,26.0000,0.00,0.00,0.00,0.00,0.0000,0,0,0,0,0,0,True,0.0000,0.0000,0.0000,0.0000,False,0,True,True,False,False
02125,02,,Packet Golden Premix 1Kg,,30.00,0.00,0.00,0.00,30.0000,0.00,0.00,0.00,0.00,0.0000,0,0,0,0,0,0,True,0.0000,0.0000,0.0000,0.0000,False,0,True,True,False,False
02126,02,,Label Golden Premix 25Kg,,35.00,0.00,0.00,0.00,35.0000,0.00,0.00,0.00,0.00,0.0000,0,0,0,0,0,0,True,0.0000,0.0000,0.0000,0.0000,False,0,True,True,False,False
02127,02,,Packet Paower Plus 1 kg ,,30.00,0.00,0.00,0.00,30.0000,0.00,0.00,0.00,0.00,0.0000,0,0,0,0,0,0,True,0.0000,0.0000,0.0000,0.0000,False,0,True,True,False,False
02128,02,,White Can 25 Liter,,1250.00,0.00,0.00,0.00,1250.0000,0.00,0.00,0.00,0.00,0.0000,0,0,0,0,0,0,True,0.0000,0.0000,0.0000,0.0000,False,0,True,True,False,False
02129,02,,Label CID 7 Oral Liquid 25 Liter,,40.00,0.00,0.00,0.00,40.0000,0.00,0.00,0.00,0.00,0.0000,0,0,0,0,0,0,True,0.0000,0.0000,0.0000,0.0000,False,0,True,True,False,False
02130,02,,Label CID 7 Oral Liquid 20 Liter ,,30.00,0.00,0.00,0.00,30.0000,0.00,0.00,0.00,0.00,0.0000,0,0,0,0,0,0,True,0.0000,0.0000,0.0000,0.0000,False,0,True,True,False,False
02131,02,,Label RespiGuard 5 Liter ,,25.00,0.00,0.00,0.00,25.0000,0.00,0.00,0.00,0.00,0.0000,0,0,0,0,0,0,True,0.0000,0.0000,0.0000,0.0000,False,0,True,True,False,False
02132,02,,Label MicroTox 5 Liter,,25.00,0.00,0.00,0.00,25.0000,0.00,0.00,0.00,0.00,0.0000,0,0,0,0,0,0,True,0.0000,0.0000,0.0000,0.0000,False,0,True,True,False,False
02133,02,,Label HepaLive Liquid 5 Liter ,,25.00,0.00,0.00,0.00,25.0000,0.00,0.00,0.00,0.00,0.0000,0,0,0,0,0,0,True,0.0000,0.0000,0.0000,0.0000,False,0,True,True,False,False
02134,02,,Label Citracid 20 Liter,,25.00,0.00,0.00,0.00,25.0000,0.00,0.00,0.00,0.00,0.0000,0,0,0,0,0,0,True,0.0000,0.0000,0.0000,0.0000,False,0,True,True,False,False
02135,02,,Label Sinusooth 5 Liter,,25.00,0.00,0.00,0.00,25.0000,0.00,0.00,0.00,0.00,0.0000,0,0,0,0,0,0,True,0.0000,0.0000,0.0000,0.0000,False,0,True,True,False,False
02136,02,,Label Sarmulti 5 Liter ,,25.00,0.00,0.00,0.00,25.0000,0.00,0.00,0.00,0.00,0.0000,0,0,0,0,0,0,True,0.0000,0.0000,0.0000,0.0000,False,0,True,True,False,False
02137,02,,Label Sarboost 5 Liter,,25.00,0.00,0.00,0.00,25.0000,0.00,0.00,0.00,0.00,0.0000,0,0,0,0,0,0,True,0.0000,0.0000,0.0000,0.0000,False,0,True,True,False,False
02138,02,,Label SarAdek 5 Liter ,,25.00,0.00,0.00,0.00,25.0000,0.00,0.00,0.00,0.00,0.0000,0,0,0,0,0,0,True,0.0000,0.0000,0.0000,0.0000,False,0,True,True,False,False
02139,02,,Shoper Bag 24/36,,17.00,0.00,0.00,0.00,17.0000,0.00,0.00,0.00,0.00,0.0000,0,0,0,0,0,0,True,0.0000,0.0000,0.0000,0.0000,False,0,True,True,False,False
02140,02,,Bucket Large ,,825.00,0.00,0.00,0.00,825.0000,0.00,0.00,0.00,0.00,0.0000,0,0,0,0,0,0,True,0.0000,0.0000,0.0000,0.0000,False,0,True,True,False,False
02141,02,,Label Immune Forte 5 Lit,,25.00,0.00,0.00,0.00,25.0000,0.00,0.00,0.00,0.00,0.0000,0,0,0,0,0,0,True,0.0000,0.0000,0.0000,0.0000,False,0,True,True,False,False
02142,02,,Label Ferovit Plus 5 Lit,,20.00,0.00,0.00,0.00,20.0000,0.00,0.00,0.00,0.00,0.0000,0,0,0,0,0,0,True,0.0000,0.0000,0.0000,0.0000,False,0,True,True,False,False
02143,02,,Label Uri Flush 5 Lit,,20.00,0.00,0.00,0.00,20.0000,0.00,0.00,0.00,0.00,0.0000,0,0,0,0,0,0,True,0.0000,0.0000,0.0000,0.0000,False,0,True,True,False,False
02144,02,,Label Super Copper Liquid 5 Lit,,25.00,0.00,0.00,0.00,25.0000,0.00,0.00,0.00,0.00,0.0000,0,0,0,0,0,0,True,0.0000,0.0000,0.0000,0.0000,False,0,True,True,False,False
02145,02,,Label Super Adek Liquid 5 Lit,,20.00,0.00,0.00,0.00,20.0000,0.00,0.00,0.00,0.00,0.0000,0,0,0,0,0,0,True,0.0000,0.0000,0.0000,0.0000,False,0,True,True,False,False
02146,02,,Label Acidi-Lic 25 Lit,,30.00,0.00,0.00,0.00,30.0000,0.00,0.00,0.00,0.00,0.0000,0,0,0,0,0,0,True,0.0000,0.0000,0.0000,0.0000,False,0,True,True,False,False
02147,02,,Label Bio Ambrox 5 Lit,,30.00,0.00,0.00,0.00,30.0000,0.00,0.00,0.00,0.00,0.0000,0,0,0,0,0,0,True,0.0000,0.0000,0.0000,0.0000,False,0,True,True,False,False
02148,02,,Label Bentox Powder 25kg,,45.00,0.00,0.00,0.00,45.0000,0.00,0.00,0.00,0.00,0.0000,0,0,0,0,0,0,True,0.0000,0.0000,0.0000,0.0000,False,0,True,True,False,False
02149,02,,Label MicroGold Minerals 25 kg,,45.00,0.00,0.00,0.00,45.0000,0.00,0.00,0.00,0.00,0.0000,0,0,0,0,0,0,True,0.0000,0.0000,0.0000,0.0000,False,0,True,True,False,False
02150,02,,Label Promin Gold Minerals 20kg,,45.00,0.00,0.00,0.00,45.0000,0.00,0.00,0.00,0.00,0.0000,0,0,0,0,0,0,True,0.0000,0.0000,0.0000,0.0000,False,0,True,True,False,False
02151,02,,Packet Promin Gold Minerals 1kg,,40.00,0.00,0.00,0.00,40.0000,0.00,0.00,0.00,0.00,0.0000,0,0,0,0,0,0,True,0.0000,0.0000,0.0000,0.0000,False,0,True,True,False,False
02154,02,,Can Bop DCAL 5 Lit,,530.00,0.00,0.00,0.00,530.0000,0.00,0.00,0.00,0.00,0.0000,0,0,0,0,0,0,True,0.0000,0.0000,0.0000,0.0000,False,0,True,True,False,False
02155,02,,Can Super Copper 5 Lit,,530.00,0.00,0.00,0.00,530.0000,0.00,0.00,0.00,0.00,0.0000,0,0,0,0,0,0,True,0.0000,0.0000,0.0000,0.0000,False,0,True,True,False,False
02156,02,,Can RespiGuard 5 Lit,,530.00,0.00,0.00,0.00,530.0000,0.00,0.00,0.00,0.00,0.0000,0,0,0,0,0,0,True,0.0000,0.0000,0.0000,0.0000,False,0,True,True,False,False
02157,02,,Can Bio Enzyme Liquid 5 Lit,,530.00,0.00,0.00,0.00,530.0000,0.00,0.00,0.00,0.00,0.0000,0,0,0,0,0,0,True,0.0000,0.0000,0.0000,0.0000,False,0,True,True,False,False
02158,02,,Can Ferovit Plus Liquid 5 Lit,,530.00,0.00,0.00,0.00,530.0000,0.00,0.00,0.00,0.00,0.0000,0,0,0,0,0,0,True,0.0000,0.0000,0.0000,0.0000,False,0,True,True,False,False
02159,02,,Can L . G Mune Liquid 5 Lit,,530.00,0.00,0.00,0.00,530.0000,0.00,0.00,0.00,0.00,0.0000,0,0,0,0,0,0,True,0.0000,0.0000,0.0000,0.0000,False,0,True,True,False,False
02160,02,,Label PH5 Liquid 25 Liter,,40.00,0.00,0.00,0.00,40.0000,0.00,0.00,0.00,0.00,0.0000,0,0,0,0,0,0,True,0.0000,0.0000,0.0000,0.0000,False,0,True,True,False,False
02161,02,,Can Micro Tox Liquid 5 Lit,,530.00,0.00,0.00,0.00,530.0000,0.00,0.00,0.00,0.00,0.0000,0,0,0,0,0,0,True,0.0000,0.0000,0.0000,0.0000,False,0,True,True,False,False
02162,02,,Can HepaLiv Liquid  5 Lit,,530.00,0.00,0.00,0.00,530.0000,0.00,0.00,0.00,0.00,0.0000,0,0,0,0,0,0,True,0.0000,0.0000,0.0000,0.0000,False,0,True,True,False,False
02163,02,,Label Calpho Lic Liquid 5 Lit,,40.00,0.00,0.00,0.00,40.0000,0.00,0.00,0.00,0.00,0.0000,0,0,0,0,0,0,True,0.0000,0.0000,0.0000,0.0000,False,0,True,True,False,False
02164,02,,Label Bop Copper Liquid 1 Lit,,20.00,0.00,0.00,0.00,20.0000,0.00,0.00,0.00,0.00,0.0000,0,0,0,0,0,0,True,0.0000,0.0000,0.0000,0.0000,False,0,True,True,False,False
02165,02,,Label Toni Plex Liquid 1 lit ,,20.00,0.00,0.00,0.00,20.0000,0.00,0.00,0.00,0.00,0.0000,0,0,0,0,0,0,True,0.0000,0.0000,0.0000,0.0000,False,0,True,True,False,False
02166,02,,Label ADEK Powder 1 Kg,,15.00,0.00,0.00,0.00,15.0000,0.00,0.00,0.00,0.00,0.0000,0,0,0,0,0,0,True,0.0000,0.0000,0.0000,0.0000,False,0,True,True,False,False
02168,02,,Label Minro-Lic 25 Kg,,40.00,0.00,0.00,0.00,40.0000,0.00,0.00,0.00,0.00,0.0000,0,0,0,0,0,0,True,0.0000,0.0000,0.0000,0.0000,False,0,True,True,False,False
02169,02,,Label VitaMinro-Lic 25 Kg,,40.00,0.00,0.00,0.00,40.0000,0.00,0.00,0.00,0.00,0.0000,0,0,0,0,0,0,True,0.0000,0.0000,0.0000,0.0000,False,0,True,True,False,False
02170,02,,Label Bento-Lic 25 Kg,,40.00,0.00,0.00,0.00,40.0000,0.00,0.00,0.00,0.00,0.0000,0,0,0,0,0,0,True,0.0000,0.0000,0.0000,0.0000,False,0,True,True,False,False
02171,02,,Packet Minro-Lic 1 kg,,30.00,0.00,0.00,0.00,30.0000,0.00,0.00,0.00,0.00,0.0000,0,0,0,0,0,0,True,0.0000,0.0000,0.0000,0.0000,False,0,True,True,False,False
02172,02,,Packet VitaMinro- Lic 1 kg,,30.00,0.00,0.00,0.00,30.0000,0.00,0.00,0.00,0.00,0.0000,0,0,0,0,0,0,True,0.0000,0.0000,0.0000,0.0000,False,0,True,True,False,False
02173,02,,Bag UnPrint idyLic 25 Kg,,135.00,0.00,0.00,0.00,135.0000,0.00,0.00,0.00,0.00,0.0000,0,0,0,0,0,0,True,0.0000,0.0000,0.0000,0.0000,False,0,True,True,False,False
02174,02,,Bag DCP-Lic 25 kg ,,70.00,0.00,0.00,0.00,70.0000,0.00,0.00,0.00,0.00,0.0000,0,0,0,0,0,0,True,0.0000,0.0000,0.0000,0.0000,False,0,True,True,False,False
02175,02,,Bag OrgaFat-Lic ,,70.00,0.00,0.00,0.00,70.0000,0.00,0.00,0.00,0.00,0.0000,0,0,0,0,0,0,True,0.0000,0.0000,0.0000,0.0000,False,0,True,True,False,False
02176,02,,S+D Calpho-Lic 100 ML,,12.00,0.00,0.00,0.00,12.0000,0.00,0.00,0.00,0.00,0.0000,0,0,0,0,0,0,True,0.0000,0.0000,0.0000,0.0000,False,0,True,True,False,False
02177,02,,S+D Calco-Lic 120 ML,,12.00,0.00,0.00,0.00,12.0000,0.00,0.00,0.00,0.00,0.0000,0,0,0,0,0,0,True,0.0000,0.0000,0.0000,0.0000,False,0,True,True,False,False
02178,02,,Can Bio Yeast Liquid 5 Lit,,530.00,0.00,0.00,0.00,530.0000,0.00,0.00,0.00,0.00,0.0000,0,0,0,0,0,0,True,0.0000,0.0000,0.0000,0.0000,False,0,True,True,False,False
02179,02,,Can Hepatic Optimiser Liquid 5 Lit,,530.00,0.00,0.00,0.00,530.0000,0.00,0.00,0.00,0.00,0.0000,0,0,0,0,0,0,True,0.0000,0.0000,0.0000,0.0000,False,0,True,True,False,False
02180,02,,Label Super Yeast 1 kg,,35.00,0.00,0.00,0.00,35.0000,0.00,0.00,0.00,0.00,0.0000,0,0,0,0,0,0,True,0.0000,0.0000,0.0000,0.0000,False,0,True,True,False,False
02181,02,,Can Mento Respi Liquid 5 Lit,,530.00,0.00,0.00,0.00,530.0000,0.00,0.00,0.00,0.00,0.0000,0,0,0,0,0,0,True,0.0000,0.0000,0.0000,0.0000,False,0,True,True,False,False
02182,02,,Can Fuzion Plus Liquid 5 Litter,,530.00,0.00,0.00,0.00,530.0000,0.00,0.00,0.00,0.00,0.0000,0,0,0,0,0,0,True,0.0000,0.0000,0.0000,0.0000,False,0,True,True,False,False
02183,02,,Label Bop COOLPER Powder 25 kg,,45.00,0.00,0.00,0.00,45.0000,0.00,0.00,0.00,0.00,0.0000,0,0,0,0,0,0,True,0.0000,0.0000,0.0000,0.0000,False,0,True,True,False,False
02184,02,,Bottle Stable C 20 Liquid  1 Lit,,270.00,0.00,0.00,0.00,270.0000,0.00,0.00,0.00,0.00,0.0000,0,0,0,0,0,0,True,0.0000,0.0000,0.0000,0.0000,False,0,True,True,False,False
02185,02,,Bottle E.S 200 Liquid 1 Lit,,270.00,0.00,0.00,0.00,270.0000,0.00,0.00,0.00,0.00,0.0000,0,0,0,0,0,0,True,0.0000,0.0000,0.0000,0.0000,False,0,True,True,False,False
02186,02,,Bottle Bio Adek Liquid 1 Lit,,270.00,0.00,0.00,0.00,270.0000,0.00,0.00,0.00,0.00,0.0000,0,0,0,0,0,0,True,0.0000,0.0000,0.0000,0.0000,False,0,True,True,False,False
02187,02,,Bottle Ex.Tox Liquid 1 Lit,,270.00,0.00,0.00,0.00,270.0000,0.00,0.00,0.00,0.00,0.0000,0,0,0,0,0,0,True,0.0000,0.0000,0.0000,0.0000,False,0,True,True,False,False
02188,02,,Can Ex.Tox Liquid 5 Lit,,530.00,0.00,0.00,0.00,530.0000,0.00,0.00,0.00,0.00,0.0000,0,0,0,0,0,0,True,0.0000,0.0000,0.0000,0.0000,False,0,True,True,False,False
02189,02,,Packet Bop Super Drink 1 kg,,30.00,0.00,0.00,0.00,30.0000,0.00,0.00,0.00,0.00,0.0000,0,0,0,0,0,0,True,0.0000,0.0000,0.0000,0.0000,False,0,True,True,False,False
02190,02,,Packet DCP Powder 1 Kg,,30.00,0.00,0.00,0.00,30.0000,0.00,0.00,0.00,0.00,0.0000,0,0,0,0,0,0,True,0.0000,0.0000,0.0000,0.0000,False,0,True,True,False,False
02191,02,,Packet COOLPER Powder 100 gm,,17.00,0.00,0.00,0.00,17.0000,0.00,0.00,0.00,0.00,0.0000,0,0,0,0,0,0,True,0.0000,0.0000,0.0000,0.0000,False,0,True,True,False,False
02192,02,,Packet Micro Gest Powder 100 gm,,17.00,0.00,0.00,0.00,17.0000,0.00,0.00,0.00,0.00,0.0000,0,0,0,0,0,0,True,0.0000,0.0000,0.0000,0.0000,False,0,True,True,False,False
02193,02,,Label Energo Lic Liquid 5 Lit,,25.00,0.00,0.00,0.00,25.0000,0.00,0.00,0.00,0.00,0.0000,0,0,0,0,0,0,True,0.0000,0.0000,0.0000,0.0000,False,0,True,True,False,False
02194,02,,Label HEPANEXT Liquid 1 Lit,,25.00,0.00,0.00,0.00,25.0000,0.00,0.00,0.00,0.00,0.0000,0,0,0,0,0,0,True,0.0000,0.0000,0.0000,0.0000,False,0,True,True,False,False
02195,02,,Bottle MicroTune Liquid  1 Lit,,270.00,0.00,0.00,0.00,270.0000,0.00,0.00,0.00,0.00,0.0000,0,0,0,0,0,0,True,0.0000,0.0000,0.0000,0.0000,False,0,True,True,False,False
02196,02,,Bottle KimchiMex Liquid 1 Lit,,270.00,0.00,0.00,0.00,270.0000,0.00,0.00,0.00,0.00,0.0000,0,0,0,0,0,0,True,0.0000,0.0000,0.0000,0.0000,False,0,True,True,False,False
02197,02,,Can CID 7 liquid 5 Lit,,530.00,0.00,0.00,0.00,530.0000,0.00,0.00,0.00,0.00,0.0000,0,0,0,0,0,0,True,0.0000,0.0000,0.0000,0.0000,False,0,True,True,False,False
02198,02,,Label Penta Copper Liquid  1 Lit,,25.00,0.00,0.00,0.00,25.0000,0.00,0.00,0.00,0.00,0.0000,0,0,0,0,0,0,True,0.0000,0.0000,0.0000,0.0000,False,0,True,True,False,False
02199,02,,Can O-D Plus Oral Liquid 5 Liter,,530.00,0.00,0.00,0.00,530.0000,0.00,0.00,0.00,0.00,0.0000,0,0,0,0,0,0,True,0.0000,0.0000,0.0000,0.0000,False,0,True,True,False,False
02200,02,,Label URECTIC Powder 1 kg,,20.00,0.00,0.00,0.00,20.0000,0.00,0.00,0.00,0.00,0.0000,0,0,0,0,0,0,True,0.0000,0.0000,0.0000,0.0000,False,0,True,True,False,False
02201,02,,Label PROCOPCID Oral Liquid 5 Liter,,20.00,0.00,0.00,0.00,20.0000,0.00,0.00,0.00,0.00,0.0000,0,0,0,0,0,0,True,0.0000,0.0000,0.0000,0.0000,False,0,True,True,False,False
02202,02,,Can Stable C 5 liter,,530.00,0.00,0.00,0.00,530.0000,0.00,0.00,0.00,0.00,0.0000,0,0,0,0,0,0,True,0.0000,0.0000,0.0000,0.0000,False,0,True,True,False,False
02203,02,,Label HEAATIC OPTIMIZER 250 ml,,6.00,0.00,0.00,0.00,6.0000,0.00,0.00,0.00,0.00,0.0000,0,0,0,0,0,0,True,0.0000,0.0000,0.0000,0.0000,False,0,True,True,False,False
02204,02,,Label En-Boost Liquid 5 liter,,20.00,0.00,0.00,0.00,20.0000,0.00,0.00,0.00,0.00,0.0000,0,0,0,0,0,0,True,0.0000,0.0000,0.0000,0.0000,False,0,True,True,False,False
02205,02,,Bottle Kimchi Sal Liquid 1 Liter,,270.00,0.00,0.00,0.00,270.0000,0.00,0.00,0.00,0.00,0.0000,0,0,0,0,0,0,True,0.0000,0.0000,0.0000,0.0000,False,0,True,True,False,False
02206,02,,Label Bio Enzyme 5 liter,,20.00,0.00,0.00,0.00,20.0000,0.00,0.00,0.00,0.00,0.0000,0,0,0,0,0,0,True,0.0000,0.0000,0.0000,0.0000,False,0,True,True,False,False
02207,02,,Label MOOGROW Powder 25 Kg,,30.00,0.00,0.00,0.00,30.0000,0.00,0.00,0.00,0.00,0.0000,0,0,0,0,0,0,True,0.0000,0.0000,0.0000,0.0000,False,0,True,True,False,False
02208,02,,Bag DCP Powder 29 %,,70.00,0.00,0.00,0.00,70.0000,0.00,0.00,0.00,0.00,0.0000,0,0,0,0,0,0,True,0.0000,0.0000,0.0000,0.0000,False,0,True,True,False,False
02209,02,,Label Toxi - Off Liquid 5 Liter,,30.00,0.00,0.00,0.00,30.0000,0.00,0.00,0.00,0.00,0.0000,0,0,0,0,0,0,True,0.0000,0.0000,0.0000,0.0000,False,0,True,True,False,False
02210,02,,Label TOXI GOLD Liquid 5 Liter,,20.00,0.00,0.00,0.00,20.0000,0.00,0.00,0.00,0.00,0.0000,0,0,0,0,0,0,True,0.0000,0.0000,0.0000,0.0000,False,0,True,True,False,False
02211,02,,Label RespiFit Liquid 5 Liter,,20.00,0.00,0.00,0.00,20.0000,0.00,0.00,0.00,0.00,0.0000,0,0,0,0,0,0,True,0.0000,0.0000,0.0000,0.0000,False,0,True,True,False,False
02212,02,,Label HepaLiv Liquid 1 Liter,,25.00,0.00,0.00,0.00,25.0000,0.00,0.00,0.00,0.00,0.0000,0,0,0,0,0,0,True,0.0000,0.0000,0.0000,0.0000,False,0,True,True,False,False
02213,02,,Bag Bop Red Colour,,140.00,0.00,0.00,0.00,140.0000,0.00,0.00,0.00,0.00,0.0000,0,0,0,0,0,0,True,0.0000,0.0000,0.0000,0.0000,False,0,True,True,False,False
02214,02,,Label Bop Livercare 25 kg,,150.00,0.00,0.00,0.00,150.0000,0.00,0.00,0.00,0.00,0.0000,0,0,0,0,0,0,True,0.0000,0.0000,0.0000,0.0000,False,0,True,True,False,False
02215,02,,Label HepaTox Liquid 5 Litter,,40.00,0.00,0.00,0.00,40.0000,0.00,0.00,0.00,0.00,0.0000,0,0,0,0,0,0,True,0.0000,0.0000,0.0000,0.0000,False,0,True,True,False,False
02216,02,,Label E.C Gold Oral Liquid 5 Litter,,40.00,0.00,0.00,0.00,40.0000,0.00,0.00,0.00,0.00,0.0000,0,0,0,0,0,0,True,0.0000,0.0000,0.0000,0.0000,False,0,True,True,False,False
02217,02,,Label Kimchi Gold Liquid 5 Litter,,40.00,0.00,0.00,0.00,40.0000,0.00,0.00,0.00,0.00,0.0000,0,0,0,0,0,0,True,0.0000,0.0000,0.0000,0.0000,False,0,True,True,False,False
02218,02,,Label HepaTox Forte powder 25 kg,,150.00,0.00,0.00,0.00,150.0000,0.00,0.00,0.00,0.00,0.0000,0,0,0,0,0,0,True,0.0000,0.0000,0.0000,0.0000,False,0,True,True,False,False
02219,02,,Label Sachro-lic Oral Powder 25 KG,,150.00,0.00,0.00,0.00,150.0000,0.00,0.00,0.00,0.00,0.0000,0,0,0,0,0,0,True,0.0000,0.0000,0.0000,0.0000,False,0,True,True,False,False
02220,02,,Label Eggcelent Liquid 5 Litter,,40.00,0.00,0.00,0.00,40.0000,0.00,0.00,0.00,0.00,0.0000,0,0,0,0,0,0,True,0.0000,0.0000,0.0000,0.0000,False,0,True,True,False,False
02221,02,,Label LivoCare Liquid 5 Litter,,40.00,0.00,0.00,0.00,40.0000,0.00,0.00,0.00,0.00,0.0000,0,0,0,0,0,0,True,0.0000,0.0000,0.0000,0.0000,False,0,True,True,False,False
02222,02,,label Yeast Plus Powder 25 kg,,40.00,0.00,0.00,0.00,40.0000,0.00,0.00,0.00,0.00,0.0000,0,0,0,0,0,0,True,0.0000,0.0000,0.0000,0.0000,False,0,True,True,False,False
02223,02,,Label Mebrox Plus Oral solution 1kg,,40.00,0.00,0.00,0.00,40.0000,0.00,0.00,0.00,0.00,0.0000,0,0,0,0,0,0,True,0.0000,0.0000,0.0000,0.0000,False,0,True,True,False,False
02224,02,,S+D Garlimint Plus Liquid 100 ML,,11.50,0.00,0.00,0.00,11.5000,0.00,0.00,0.00,0.00,0.0000,0,0,0,0,0,0,True,0.0000,0.0000,0.0000,0.0000,False,0,True,True,False,False
02225,02,,Bottle MicroTox liquid 1Lit,,1.00,0.00,0.00,0.00,1.0000,0.00,0.00,0.00,0.00,0.0000,0,0,0,0,0,0,True,0.0000,0.0000,0.0000,0.0000,False,0,True,True,False,False
02226,02,,Bottle L.G Mune Liquid 1Lit,,1.00,0.00,0.00,0.00,1.0000,0.00,0.00,0.00,0.00,0.0000,0,0,0,0,0,0,True,0.0000,0.0000,0.0000,0.0000,False,0,True,True,False,False
02227,02,,Bottle Bop DCAL Liquid 1Lit,,1.00,0.00,0.00,0.00,1.0000,0.00,0.00,0.00,0.00,0.0000,0,0,0,0,0,0,True,0.0000,0.0000,0.0000,0.0000,False,0,True,True,False,False
02228,02,,Bottle Ferovit Plus Liquid 1Lit,,1.00,0.00,0.00,0.00,1.0000,0.00,0.00,0.00,0.00,0.0000,0,0,0,0,0,0,True,0.0000,0.0000,0.0000,0.0000,False,0,True,True,False,False
02229,02,,Bottle Super Copper Liquid 1Lit,,1.00,0.00,0.00,0.00,1.0000,0.00,0.00,0.00,0.00,0.0000,0,0,0,0,0,0,True,0.0000,0.0000,0.0000,0.0000,False,0,True,True,False,False
02230,02,,Bottle Hepalive liquid 1Lit,,1.00,0.00,0.00,0.00,1.0000,0.00,0.00,0.00,0.00,0.0000,0,0,0,0,0,0,True,0.0000,0.0000,0.0000,0.0000,False,0,True,True,False,False
02231,02,,Label KimchiMax 5 Lit ,,40.00,0.00,0.00,0.00,40.0000,0.00,0.00,0.00,0.00,0.0000,0,0,0,0,0,0,True,0.0000,0.0000,0.0000,0.0000,False,0,True,True,False,False
02232,02,,Packet Profen C+ 1kg,,30.00,0.00,0.00,0.00,30.0000,0.00,0.00,0.00,0.00,0.0000,0,0,0,0,0,0,True,0.0000,0.0000,0.0000,0.0000,False,0,True,True,False,False
02233,02,,Label Profen C+ Bucket,,75.00,0.00,0.00,0.00,75.0000,0.00,0.00,0.00,0.00,0.0000,0,0,0,0,0,0,True,0.0000,0.0000,0.0000,0.0000,False,0,True,True,False,False
02234,02,,Label Hepatic Optimizer fort 25kg,,1.00,0.00,0.00,0.00,1.0000,0.00,0.00,0.00,0.00,0.0000,0,0,0,0,0,0,True,0.0000,0.0000,0.0000,0.0000,False,0,True,True,False,False
02235,02,,Can Super Adeck liquid 5 Ltr,,520.00,0.00,0.00,0.00,520.0000,0.00,0.00,0.00,0.00,0.0000,0,0,0,0,0,0,True,0.0000,0.0000,0.0000,0.0000,False,0,True,True,False,False
02236,02,,Can Kimchi Sal Liquid 5 Lit,,530.00,0.00,0.00,0.00,530.0000,0.00,0.00,0.00,0.00,0.0000,0,0,0,0,0,0,True,0.0000,0.0000,0.0000,0.0000,False,0,True,True,False,False
02237,02,,Label Bio Adeck Liquid 5Lit,,1.00,0.00,0.00,0.00,1.0000,0.00,0.00,0.00,0.00,0.0000,0,0,0,0,0,0,True,0.0000,0.0000,0.0000,0.0000,False,0,True,True,False,False
02238,02,,Can Bop PH5 Liquid 5Lit,,530.00,0.00,0.00,0.00,530.0000,0.00,0.00,0.00,0.00,0.0000,0,0,0,0,0,0,True,0.0000,0.0000,0.0000,0.0000,False,0,True,True,False,False
02239,02,,Can Kimchi-Max Liquid 5Lit,,530.00,0.00,0.00,0.00,530.0000,0.00,0.00,0.00,0.00,0.0000,0,0,0,0,0,0,True,0.0000,0.0000,0.0000,0.0000,False,0,True,True,False,False
02240,02,,Can Garliment Liquid 5Lit,,530.00,0.00,0.00,0.00,530.0000,0.00,0.00,0.00,0.00,0.0000,0,0,0,0,0,0,True,0.0000,0.0000,0.0000,0.0000,False,0,True,True,False,False
02241,02,,Can Mento care Liquid 5Lit,,530.00,0.00,0.00,0.00,530.0000,0.00,0.00,0.00,0.00,0.0000,0,0,0,0,0,0,True,0.0000,0.0000,0.0000,0.0000,False,0,True,True,False,False
02242,02,,Can Calci-Phos-D Liquid 5Lit,,530.00,0.00,0.00,0.00,530.0000,0.00,0.00,0.00,0.00,0.0000,0,0,0,0,0,0,True,0.0000,0.0000,0.0000,0.0000,False,0,True,True,False,False
02243,02,,Can Imune Forte Liquid 5Lit,,530.00,0.00,0.00,0.00,530.0000,0.00,0.00,0.00,0.00,0.0000,0,0,0,0,0,0,True,0.0000,0.0000,0.0000,0.0000,False,0,True,True,False,False
02244,02,,Can N-Boost Liquid 5Lit,,530.00,0.00,0.00,0.00,530.0000,0.00,0.00,0.00,0.00,0.0000,0,0,0,0,0,0,True,0.0000,0.0000,0.0000,0.0000,False,0,True,True,False,False
02245,02,,Label Microgold-Bop 25 kg,,1.00,0.00,0.00,0.00,1.0000,0.00,0.00,0.00,0.00,0.0000,0,0,0,0,0,0,True,0.0000,0.0000,0.0000,0.0000,False,0,True,True,False,False
02247,02,,Packet Calcivit-D Powder 1kg,,1.00,0.00,0.00,0.00,1.0000,0.00,0.00,0.00,0.00,0.0000,0,0,0,0,0,0,True,0.0000,0.0000,0.0000,0.0000,False,0,True,True,False,False
02248,02,,Label Aquadjust 25Lit,,75.00,0.00,0.00,0.00,75.0000,0.00,0.00,0.00,0.00,0.0000,0,0,0,0,0,0,True,0.0000,0.0000,0.0000,0.0000,False,0,True,True,False,False
02249,02,,Bottle RespiGuard 1Lit,,1.00,0.00,0.00,0.00,1.0000,0.00,0.00,0.00,0.00,0.0000,0,0,0,0,0,0,True,0.0000,0.0000,0.0000,0.0000,False,0,True,True,False,False
02250,02,,Label Renal Fix liquid 1Lit,,40.00,0.00,0.00,0.00,40.0000,0.00,0.00,0.00,0.00,0.0000,0,0,0,0,0,0,True,0.0000,0.0000,0.0000,0.0000,False,0,True,True,False,False
02251,02,,Bottle immune forte 1Lit,,1.00,0.00,0.00,0.00,1.0000,0.00,0.00,0.00,0.00,0.0000,0,0,0,0,0,0,True,0.0000,0.0000,0.0000,0.0000,False,0,True,True,False,False
02252,02,,Can Eggcelent Liquid 5Lit,,530.00,0.00,0.00,0.00,530.0000,0.00,0.00,0.00,0.00,0.0000,0,0,0,0,0,0,True,0.0000,0.0000,0.0000,0.0000,False,0,True,True,False,False
02253,02,,Can Livocare liquid 5Lit,,530.00,0.00,0.00,0.00,530.0000,0.00,0.00,0.00,0.00,0.0000,0,0,0,0,0,0,True,0.0000,0.0000,0.0000,0.0000,False,0,True,True,False,False
02254,02,,Bottle N-Boost Liquid 1lit,,50.00,0.00,0.00,0.00,50.0000,0.00,0.00,0.00,0.00,0.0000,0,0,0,0,0,0,True,0.0000,0.0000,0.0000,0.0000,False,0,True,True,False,False
02255,02,,Bottle Super Adek Liquid 1Lit,,50.00,0.00,0.00,0.00,50.0000,0.00,0.00,0.00,0.00,0.0000,0,0,0,0,0,0,True,0.0000,0.0000,0.0000,0.0000,False,0,True,True,False,False
02256,02,,Label Red Gold Mineral 1kg,,15.00,0.00,0.00,0.00,15.0000,0.00,0.00,0.00,0.00,0.0000,0,0,0,0,0,0,True,0.0000,0.0000,0.0000,0.0000,False,0,True,True,False,False
02257,02,,Label Himax Dairy 25kg,,45.00,0.00,0.00,0.00,45.0000,0.00,0.00,0.00,0.00,0.0000,0,0,0,0,0,0,True,0.0000,0.0000,0.0000,0.0000,False,0,True,True,False,False
02258,02,,Label Rumicid 25kg,,45.00,0.00,0.00,0.00,45.0000,0.00,0.00,0.00,0.00,0.0000,0,0,0,0,0,0,True,0.0000,0.0000,0.0000,0.0000,False,0,True,True,False,False
02259,02,,Bottle OD Plus 1lit,,270.00,0.00,0.00,0.00,270.0000,0.00,0.00,0.00,0.00,0.0000,0,0,0,0,0,0,True,0.0000,0.0000,0.0000,0.0000,False,0,True,True,False,False
02260,02,,Label HY-CALD 5lit,,1.00,0.00,0.00,0.00,1.0000,0.00,0.00,0.00,0.00,0.0000,0,0,0,0,0,0,True,0.0000,0.0000,0.0000,0.0000,False,0,True,True,False,False
02261,02,,Label Nu-Sil-T Plus 5Lit,,1.00,0.00,0.00,0.00,1.0000,0.00,0.00,0.00,0.00,0.0000,0,0,0,0,0,0,True,0.0000,0.0000,0.0000,0.0000,False,0,True,True,False,False
02262,02,,Label Avivita Plus 5Lit,,1.00,0.00,0.00,0.00,1.0000,0.00,0.00,0.00,0.00,0.0000,0,0,0,0,0,0,True,0.0000,0.0000,0.0000,0.0000,False,0,True,True,False,False
02263,02,,Label BronchoFix 1Liter,,1.00,0.00,0.00,0.00,1.0000,0.00,0.00,0.00,0.00,0.0000,0,0,0,0,0,0,True,0.0000,0.0000,0.0000,0.0000,False,0,True,True,False,False
02264,02,,Label Red Gold 25 KG,,45.00,0.00,0.00,0.00,45.0000,0.00,0.00,0.00,0.00,0.0000,0,0,0,0,0,0,True,0.0000,0.0000,0.0000,0.0000,False,0,True,True,False,False
02265,02,,Label Garliment Plus 1Liter,,45.00,0.00,0.00,0.00,45.0000,0.00,0.00,0.00,0.00,0.0000,0,0,0,0,0,0,True,0.0000,0.0000,0.0000,0.0000,False,0,True,True,False,False
02266,02,,Label lysogar-lic 1KG,,1.00,0.00,0.00,0.00,1.0000,0.00,0.00,0.00,0.00,0.0000,0,0,0,0,0,0,True,0.0000,0.0000,0.0000,0.0000,False,0,True,True,False,False
02267,02,,Label Ex.Tox Liquid  5Lit,,1.00,0.00,0.00,0.00,1.0000,0.00,0.00,0.00,0.00,0.0000,0,0,0,0,0,0,True,0.0000,0.0000,0.0000,0.0000,False,0,True,True,False,False
02268,02,,Label P.H Cure 25Liter,,1.00,0.00,0.00,0.00,1.0000,0.00,0.00,0.00,0.00,0.0000,0,0,0,0,0,0,True,0.0000,0.0000,0.0000,0.0000,False,0,True,True,False,False
02269,02,,Label E.C Gold 1Liter,,1.00,0.00,0.00,0.00,1.0000,0.00,0.00,0.00,0.00,0.0000,0,0,0,0,0,0,True,0.0000,0.0000,0.0000,0.0000,False,0,True,True,False,False
02270,02,,Label Toxi Gold 1Liter,,1.00,0.00,0.00,0.00,1.0000,0.00,0.00,0.00,0.00,0.0000,0,0,0,0,0,0,True,0.0000,0.0000,0.0000,0.0000,False,0,True,True,False,False
02271,02,,Label E.S 200 5Lit,,1.00,0.00,0.00,0.00,1.0000,0.00,0.00,0.00,0.00,0.0000,0,0,0,0,0,0,True,0.0000,0.0000,0.0000,0.0000,False,0,True,True,False,False
02272,02,,Label Stable C20  5Lit,,1.00,0.00,0.00,0.00,1.0000,0.00,0.00,0.00,0.00,0.0000,0,0,0,0,0,0,True,0.0000,0.0000,0.0000,0.0000,False,0,True,True,False,False
02273,02,,Label HepaNext 5Lit,,1.00,0.00,0.00,0.00,1.0000,0.00,0.00,0.00,0.00,0.0000,0,0,0,0,0,0,True,0.0000,0.0000,0.0000,0.0000,False,0,True,True,False,False
02274,02,,Bag Calcium 72  25kg,,1.00,0.00,0.00,0.00,1.0000,0.00,0.00,0.00,0.00,0.0000,0,0,0,0,0,0,True,0.0000,0.0000,0.0000,0.0000,False,0,True,True,False,False
02275,02,,Packet BOP SUPPER GOLD 1kg,,1.00,0.00,0.00,0.00,1.0000,0.00,0.00,0.00,0.00,0.0000,0,0,0,0,0,0,True,0.0000,0.0000,0.0000,0.0000,False,0,True,True,False,False
02276,02,,Packet BOP SUPPER TOX 1kg,,1.00,0.00,0.00,0.00,1.0000,0.00,0.00,0.00,0.00,0.0000,0,0,0,0,0,0,True,0.0000,0.0000,0.0000,0.0000,False,0,True,True,False,False
02277,02,,Bag Bop Yellow Colour,,1.00,0.00,0.00,0.00,1.0000,0.00,0.00,0.00,0.00,0.0000,0,0,0,0,0,0,True,0.0000,0.0000,0.0000,0.0000,False,0,True,True,False,False
02278,02,,S+D Timp-Ex Oral Liquid 120 ML,,12.00,0.00,0.00,0.00,12.0000,0.00,0.00,0.00,0.00,0.0000,0,0,0,0,0,0,True,0.0000,0.0000,0.0000,0.0000,False,0,True,True,False,False
02279,02,,label timp ex,,1.00,0.00,0.00,0.00,1.0000,0.00,0.00,0.00,0.00,0.0000,0,0,0,0,0,0,True,0.0000,0.0000,0.0000,0.0000,False,0,True,True,False,False
02280,02,,Label Bop Dairy Tox 25kg,,1.00,0.00,0.00,0.00,1.0000,0.00,0.00,0.00,0.00,0.0000,0,0,0,0,0,0,True,0.0000,0.0000,0.0000,0.0000,False,0,True,True,False,False
02281,02,,Label Bop Dairy Gold 25kg,,1.00,0.00,0.00,0.00,1.0000,0.00,0.00,0.00,0.00,0.0000,0,0,0,0,0,0,True,0.0000,0.0000,0.0000,0.0000,False,0,True,True,False,False
02282,02,,Label Bop Supper Gold 25kg,,1.00,0.00,0.00,0.00,1.0000,0.00,0.00,0.00,0.00,0.0000,0,0,0,0,0,0,True,0.0000,0.0000,0.0000,0.0000,False,0,True,True,False,False
02283,02,,Label Bop Supper Tox 25kg,,1.00,0.00,0.00,0.00,1.0000,0.00,0.00,0.00,0.00,0.0000,0,0,0,0,0,0,True,0.0000,0.0000,0.0000,0.0000,False,0,True,True,False,False
02284,02,,Label Hepatune Liquid 1Lit,,1.00,0.00,0.00,0.00,1.0000,0.00,0.00,0.00,0.00,0.0000,0,0,0,0,0,0,True,0.0000,0.0000,0.0000,0.0000,False,0,True,True,False,False
02285,02,,Label Bop Dairy Calcium 25kg,,1.00,0.00,0.00,0.00,1.0000,0.00,0.00,0.00,0.00,0.0000,0,0,0,0,0,0,True,0.0000,0.0000,0.0000,0.0000,False,0,True,True,False,False
02286,02,,Label Calphos-D Liquid 5Lit,,40.00,0.00,0.00,0.00,40.0000,0.00,0.00,0.00,0.00,0.0000,0,0,0,0,0,0,True,0.0000,0.0000,0.0000,0.0000,False,0,True,True,False,False
02287,02,,Label Aqua Guard 5Lit,,1.00,0.00,0.00,0.00,1.0000,0.00,0.00,0.00,0.00,0.0000,0,0,0,0,0,0,True,0.0000,0.0000,0.0000,0.0000,False,0,True,True,False,False
02288,02,,Label Bop Dairy Mineral 25 KG,,1.00,0.00,0.00,0.00,1.0000,0.00,0.00,0.00,0.00,0.0000,0,0,0,0,0,0,True,0.0000,0.0000,0.0000,0.0000,False,0,True,True,False,False
02289,02,,Label  Viro Immune Liquid 5L,,1.00,0.00,0.00,0.00,1.0000,0.00,0.00,0.00,0.00,0.0000,0,0,0,0,0,0,True,0.0000,0.0000,0.0000,0.0000,False,0,True,True,False,False
02290,02,,Label Bop Pro-Enzyme ultra liquid 5L,,1.00,0.00,0.00,0.00,1.0000,0.00,0.00,0.00,0.00,0.0000,0,0,0,0,0,0,True,0.0000,0.0000,0.0000,0.0000,False,0,True,True,False,False
02291,02,,Label Super Yeast Liquid 5 Liter,,1.00,0.00,0.00,0.00,1.0000,0.00,0.00,0.00,0.00,0.0000,0,0,0,0,0,0,True,0.0000,0.0000,0.0000,0.0000,False,0,True,True,False,False
02292,02,,Label Vital Gut Liquid 5L,,1.00,0.00,0.00,0.00,1.0000,0.00,0.00,0.00,0.00,0.0000,0,0,0,0,0,0,True,0.0000,0.0000,0.0000,0.0000,False,0,True,True,False,False
02293,02,,Label Bop Pro-Tox Liquid 5L,,1.00,0.00,0.00,0.00,1.0000,0.00,0.00,0.00,0.00,0.0000,0,0,0,0,0,0,True,0.0000,0.0000,0.0000,0.0000,False,0,True,True,False,False
02294,02,,Label Aqua-Guard Liquid 25L,,1.00,0.00,0.00,0.00,1.0000,0.00,0.00,0.00,0.00,0.0000,0,0,0,0,0,0,True,0.0000,0.0000,0.0000,0.0000,False,0,True,True,False,False
02295,02,,Label Veti-Guard 5L,,1.00,0.00,0.00,0.00,1.0000,0.00,0.00,0.00,0.00,0.0000,0,0,0,0,0,0,True,0.0000,0.0000,0.0000,0.0000,False,0,True,True,False,False
02296,02,,Label Sparko-80 5L,,1.00,0.00,0.00,0.00,1.0000,0.00,0.00,0.00,0.00,0.0000,0,0,0,0,0,0,True,0.0000,0.0000,0.0000,0.0000,False,0,True,True,False,False
02297,02,,Label Ampro-Plus 5L,,1.00,0.00,0.00,0.00,1.0000,0.00,0.00,0.00,0.00,0.0000,0,0,0,0,0,0,True,0.0000,0.0000,0.0000,0.0000,False,0,True,True,False,False
02298,02,,Label Hepatic-Opt 1Liter,,1.00,0.00,0.00,0.00,1.0000,0.00,0.00,0.00,0.00,0.0000,0,0,0,0,0,0,True,0.0000,0.0000,0.0000,0.0000,False,0,True,True,False,False
02299,02,,Packet Calcium-72 1KG,,1.00,0.00,0.00,0.00,1.0000,0.00,0.00,0.00,0.00,0.0000,0,0,0,0,0,0,True,0.0000,0.0000,0.0000,0.0000,False,0,True,True,False,False
02300,02,,Label Bop Adek Liquid 1Liter,,1.00,0.00,0.00,0.00,1.0000,0.00,0.00,0.00,0.00,0.0000,0,0,0,0,0,0,True,0.0000,0.0000,0.0000,0.0000,False,0,True,True,False,False
02301,02,,Label PH5  (5L),,1.00,0.00,0.00,0.00,1.0000,0.00,0.00,0.00,0.00,0.0000,0,0,0,0,0,0,True,0.0000,0.0000,0.0000,0.0000,False,0,True,True,False,False
02302,02,,Label Ampro-Plus 1Liter,,1.00,0.00,0.00,0.00,1.0000,0.00,0.00,0.00,0.00,0.0000,0,0,0,0,0,0,True,0.0000,0.0000,0.0000,0.0000,False,0,True,True,False,False
02303,02,,label Viro-Immune 1Liter,,1.00,0.00,0.00,0.00,1.0000,0.00,0.00,0.00,0.00,0.0000,0,0,0,0,0,0,True,0.0000,0.0000,0.0000,0.0000,False,0,True,True,False,False
02304,02,,Label Sparko-80 25L,,1.00,0.00,0.00,0.00,1.0000,0.00,0.00,0.00,0.00,0.0000,0,0,0,0,0,0,True,0.0000,0.0000,0.0000,0.0000,False,0,True,True,False,False
02305,02,,Label Heaatic Optimizer 5 Liter,,1.00,0.00,0.00,0.00,1.0000,0.00,0.00,0.00,0.00,0.0000,0,0,0,0,0,0,True,0.0000,0.0000,0.0000,0.0000,False,0,True,True,False,False
02306,02,,Shipper [K] 1KG large,,1.00,0.00,0.00,0.00,1.0000,0.00,0.00,0.00,0.00,0.0000,0,0,0,0,0,0,True,0.0000,0.0000,0.0000,0.0000,False,0,True,True,False,False
02307,02,,Bag Bop Blue Colour,,1.00,0.00,0.00,0.00,1.0000,0.00,0.00,0.00,0.00,0.0000,0,0,0,0,0,0,True,0.0000,0.0000,0.0000,0.0000,False,0,True,True,False,False
02308,02,,Bag Rumicid Bop,,1.00,0.00,0.00,0.00,1.0000,0.00,0.00,0.00,0.00,0.0000,0,0,0,0,0,0,True,0.0000,0.0000,0.0000,0.0000,False,0,True,True,False,False
02309,02,,S+D Caldiphos 100ML,,1.00,0.00,0.00,0.00,1.0000,0.00,0.00,0.00,0.00,0.0000,0,0,0,0,0,0,True,0.0000,0.0000,0.0000,0.0000,False,0,True,True,False,False
02310,02,,S+D Super Liver 100ML,,1.00,0.00,0.00,0.00,1.0000,0.00,0.00,0.00,0.00,0.0000,0,0,0,0,0,0,True,0.0000,0.0000,0.0000,0.0000,False,0,True,True,False,False
02311,02,,Drum White 25 kg,,1.00,0.00,0.00,0.00,1.0000,0.00,0.00,0.00,0.00,0.0000,0,0,0,0,0,0,True,0.0000,0.0000,0.0000,0.0000,False,0,True,True,False,False
02312,02,,Label GrowMore 25KG,,1.00,0.00,0.00,0.00,1.0000,0.00,0.00,0.00,0.00,0.0000,0,0,0,0,0,0,True,0.0000,0.0000,0.0000,0.0000,False,0,True,True,False,False
02313,02,,S+D Heaatic-Optimizer 100ML,,1.00,0.00,0.00,0.00,1.0000,0.00,0.00,0.00,0.00,0.0000,0,0,0,0,0,0,True,0.0000,0.0000,0.0000,0.0000,False,0,True,True,False,False
02314,02,,Dropper  30ML,,7.50,0.00,0.00,0.00,7.5000,0.00,0.00,0.00,0.00,0.0000,0,0,0,0,0,0,True,0.0000,0.0000,0.0000,0.0000,False,0,True,True,False,False
02315,02,,Packet GrowMore 1KG,,1.00,0.00,0.00,0.00,1.0000,0.00,0.00,0.00,0.00,0.0000,0,0,0,0,0,0,True,0.0000,0.0000,0.0000,0.0000,False,0,True,True,False,False
02316,02,,S+D Garliment Plus 30ML,,1.00,0.00,0.00,0.00,1.0000,0.00,0.00,0.00,0.00,0.0000,0,0,0,0,0,0,True,0.0000,0.0000,0.0000,0.0000,False,0,True,True,False,False
02317,02,,Shipper [M] 30ML Bottle ,,1.00,0.00,0.00,0.00,1.0000,0.00,0.00,0.00,0.00,0.0000,0,0,0,0,0,0,True,0.0000,0.0000,0.0000,0.0000,False,0,True,True,False,False
02319,02,,Packet Magnet 100 gm,,9.50,0.00,0.00,0.00,9.5000,0.00,0.00,0.00,0.00,0.0000,0,0,0,0,0,0,True,0.0000,0.0000,0.0000,0.0000,False,0,True,True,False,False
02320,02,,Packet GrowMore 100 gm,,9.50,0.00,0.00,0.00,9.5000,0.00,0.00,0.00,0.00,0.0000,0,0,0,0,0,0,True,0.0000,0.0000,0.0000,0.0000,False,0,True,True,False,False
02321,02,,Packet Udder Boost 500 gm,,1.00,0.00,0.00,0.00,1.0000,0.00,0.00,0.00,0.00,0.0000,0,0,0,0,0,0,True,0.0000,0.0000,0.0000,0.0000,False,0,True,True,False,False
02322,02,,Label Dcp Gold 25KG,,1.00,0.00,0.00,0.00,1.0000,0.00,0.00,0.00,0.00,0.0000,0,0,0,0,0,0,True,0.0000,0.0000,0.0000,0.0000,False,0,True,True,False,False
02323,02,,Label Bop Copper Liquiq 5L,,1.00,0.00,0.00,0.00,1.0000,0.00,0.00,0.00,0.00,0.0000,0,0,0,0,0,0,True,0.0000,0.0000,0.0000,0.0000,False,0,True,True,False,False
02324,02,,Shipper [L] Nilli Bar,,1.00,0.00,0.00,0.00,1.0000,0.00,0.00,0.00,0.00,0.0000,0,0,0,0,0,0,True,0.0000,0.0000,0.0000,0.0000,False,0,True,True,False,False
02325,02,,Label Respi-Ease Liquid 5 Liter ,,1.00,0.00,0.00,0.00,1.0000,0.00,0.00,0.00,0.00,0.0000,0,0,0,0,0,0,True,0.0000,0.0000,0.0000,0.0000,False,0,True,True,False,False
02326,02,,Label Bio ESEL 200 Liquid  5 Liter,,1.00,0.00,0.00,0.00,1.0000,0.00,0.00,0.00,0.00,0.0000,0,0,0,0,0,0,True,0.0000,0.0000,0.0000,0.0000,False,0,True,True,False,False
02327,02,,Label Lyzoguard Liquid  5 Liter ,,1.00,0.00,0.00,0.00,1.0000,0.00,0.00,0.00,0.00,0.0000,0,0,0,0,0,0,True,0.0000,0.0000,0.0000,0.0000,False,0,True,True,False,False
02328,02,,Label TieTox Liquid  5 Liter ,,1.00,0.00,0.00,0.00,1.0000,0.00,0.00,0.00,0.00,0.0000,0,0,0,0,0,0,True,0.0000,0.0000,0.0000,0.0000,False,0,True,True,False,False
02329,02,,Label Merlin Fix Oral Powder 25 kg,,1.00,0.00,0.00,0.00,1.0000,0.00,0.00,0.00,0.00,0.0000,0,0,0,0,0,0,True,0.0000,0.0000,0.0000,0.0000,False,0,True,True,False,False
02330,02,,Label CRD Mint Oral Liquid 5 Liter,,1.00,0.00,0.00,0.00,1.0000,0.00,0.00,0.00,0.00,0.0000,0,0,0,0,0,0,True,0.0000,0.0000,0.0000,0.0000,False,0,True,True,False,False
02331,02,,Label CRD Mint Oral Liquid  1 Liter,,1.00,0.00,0.00,0.00,1.0000,0.00,0.00,0.00,0.00,0.0000,0,0,0,0,0,0,True,0.0000,0.0000,0.0000,0.0000,False,0,True,True,False,False
02332,02,,Label Task 1 Oral Liquid  5 Liter,,1.00,0.00,0.00,0.00,1.0000,0.00,0.00,0.00,0.00,0.0000,0,0,0,0,0,0,True,0.0000,0.0000,0.0000,0.0000,False,0,True,True,False,False
02333,02,,Label Task 1 Oral Liquid  1 Liter,,1.00,0.00,0.00,0.00,1.0000,0.00,0.00,0.00,0.00,0.0000,0,0,0,0,0,0,True,0.0000,0.0000,0.0000,0.0000,False,0,True,True,False,False
02334,02,,Label Immunit Z Oral Liquid  5 Liter ,,1.00,0.00,0.00,0.00,1.0000,0.00,0.00,0.00,0.00,0.0000,0,0,0,0,0,0,True,0.0000,0.0000,0.0000,0.0000,False,0,True,True,False,False
02335,02,,Label Immunit Z Oral Liquid  1 Liter ,,1.00,0.00,0.00,0.00,1.0000,0.00,0.00,0.00,0.00,0.0000,0,0,0,0,0,0,True,0.0000,0.0000,0.0000,0.0000,False,0,True,True,False,False
02336,02,,Label TopVit Oral Liquid  5 Liter,,1.00,0.00,0.00,0.00,1.0000,0.00,0.00,0.00,0.00,0.0000,0,0,0,0,0,0,True,0.0000,0.0000,0.0000,0.0000,False,0,True,True,False,False
02337,02,,Label MLC 100  Oral Liquid 5 Liter,,1.00,0.00,0.00,0.00,1.0000,0.00,0.00,0.00,0.00,0.0000,0,0,0,0,0,0,True,0.0000,0.0000,0.0000,0.0000,False,0,True,True,False,False
02338,02,,Label MLC 100  Oral Liquid 1 Liter,,1.00,0.00,0.00,0.00,1.0000,0.00,0.00,0.00,0.00,0.0000,0,0,0,0,0,0,True,0.0000,0.0000,0.0000,0.0000,False,0,True,True,False,False
02339,02,,Label Minto-Lic Oral Liquid  1 Lit,,1.00,0.00,0.00,0.00,1.0000,0.00,0.00,0.00,0.00,0.0000,0,0,0,0,0,0,True,0.0000,0.0000,0.0000,0.0000,False,0,True,True,False,False
02340,02,,Bag Bop DCP Gold  25 kg,,80.00,0.00,0.00,0.00,80.0000,0.00,0.00,0.00,0.00,0.0000,0,0,0,0,0,0,True,0.0000,0.0000,0.0000,0.0000,False,0,True,True,False,False
02341,02,,Packet Reno Gurd Flush Oral Powder 1 kg,,1.00,0.00,0.00,0.00,1.0000,0.00,0.00,0.00,0.00,0.0000,0,0,0,0,0,0,True,0.0000,0.0000,0.0000,0.0000,False,0,True,True,False,False
02342,02,,Label Frost Oral Liquid 5 Liter ,,40.00,0.00,0.00,0.00,40.0000,0.00,0.00,0.00,0.00,0.0000,0,0,0,0,0,0,True,0.0000,0.0000,0.0000,0.0000,False,0,True,True,False,False
02343,02,,Label Flush Gold 5 Lit,,1.00,0.00,0.00,0.00,1.0000,0.00,0.00,0.00,0.00,0.0000,0,0,0,0,0,0,True,0.0000,0.0000,0.0000,0.0000,False,0,True,True,False,False
02344,02,,Label Super LIVFIT 5 Liter,,1.00,0.00,0.00,0.00,1.0000,0.00,0.00,0.00,0.00,0.0000,0,0,0,0,0,0,True,0.0000,0.0000,0.0000,0.0000,False,0,True,True,False,False
02345,02,,Label Acido Forte 25 Lit,,1.00,0.00,0.00,0.00,1.0000,0.00,0.00,0.00,0.00,0.0000,0,0,0,0,0,0,True,0.0000,0.0000,0.0000,0.0000,False,0,True,True,False,False
02346,02,,Label VETLIV Oral Solution 5 Lit,,1.00,0.00,0.00,0.00,1.0000,0.00,0.00,0.00,0.00,0.0000,0,0,0,0,0,0,True,0.0000,0.0000,0.0000,0.0000,False,0,True,True,False,False
02347,02,,Label Yeast Plus Oral Liquid 5 Lit,,1.00,0.00,0.00,0.00,1.0000,0.00,0.00,0.00,0.00,0.0000,0,0,0,0,0,0,True,0.0000,0.0000,0.0000,0.0000,False,0,True,True,False,False
02348,02,,Label COPPER Gold Oral Liquid 5 Lit,,1.00,0.00,0.00,0.00,1.0000,0.00,0.00,0.00,0.00,0.0000,0,0,0,0,0,0,True,0.0000,0.0000,0.0000,0.0000,False,0,True,True,False,False
02349,02,,Label Adek Gold Oral Liquid 5 Lit,,1.00,0.00,0.00,0.00,1.0000,0.00,0.00,0.00,0.00,0.0000,0,0,0,0,0,0,True,0.0000,0.0000,0.0000,0.0000,False,0,True,True,False,False
02350,02,,Label Hepa Gold Oral Liquid 5 Lit,,1.00,0.00,0.00,0.00,1.0000,0.00,0.00,0.00,0.00,0.0000,0,0,0,0,0,0,True,0.0000,0.0000,0.0000,0.0000,False,0,True,True,False,False
02351,02,,label Toxi Gold Forte Powder 25 kg,,1.00,0.00,0.00,0.00,1.0000,0.00,0.00,0.00,0.00,0.0000,0,0,0,0,0,0,True,0.0000,0.0000,0.0000,0.0000,False,0,True,True,False,False
02352,02,,Label Avivita Plus 1 Lit,,1.00,0.00,0.00,0.00,1.0000,0.00,0.00,0.00,0.00,0.0000,0,0,0,0,0,0,True,0.0000,0.0000,0.0000,0.0000,False,0,True,True,False,False
02353,02,,Label E.MUNE Gold Oral Liquid 5 Lit,,40.00,0.00,0.00,0.00,40.0000,0.00,0.00,0.00,0.00,0.0000,0,0,0,0,0,0,True,0.0000,0.0000,0.0000,0.0000,False,0,True,True,False,False
02354,02,,Label Micro Milk Premix  powder 25 kg,,1.00,0.00,0.00,0.00,1.0000,0.00,0.00,0.00,0.00,0.0000,0,0,0,0,0,0,True,0.0000,0.0000,0.0000,0.0000,False,0,True,True,False,False
02355,02,,Label RUMEN GUARD Oral Powder 25 kg,,1.00,0.00,0.00,0.00,1.0000,0.00,0.00,0.00,0.00,0.0000,0,0,0,0,0,0,True,0.0000,0.0000,0.0000,0.0000,False,0,True,True,False,False
02356,02,,Label ULTRA IMMUNE Oral Liquid 5 Lit,,1.00,0.00,0.00,0.00,1.0000,0.00,0.00,0.00,0.00,0.0000,0,0,0,0,0,0,True,0.0000,0.0000,0.0000,0.0000,False,0,True,True,False,False
02357,02,,Label Mento Respi Oral Liquid 5 Lit,,1.00,0.00,0.00,0.00,1.0000,0.00,0.00,0.00,0.00,0.0000,0,0,0,0,0,0,True,0.0000,0.0000,0.0000,0.0000,False,0,True,True,False,False
02358,02,,Label Bentox Plus Oral Powder 25 kg,,1.00,0.00,0.00,0.00,1.0000,0.00,0.00,0.00,0.00,0.0000,0,0,0,0,0,0,True,0.0000,0.0000,0.0000,0.0000,False,0,True,True,False,False
02359,02,,Packet SACHRO LIC 1 kg,,30.00,0.00,0.00,0.00,30.0000,0.00,0.00,0.00,0.00,0.0000,0,0,0,0,0,0,True,0.0000,0.0000,0.0000,0.0000,False,0,True,True,False,False
02360,02,,Packet Micro Milk 1 kg,,30.00,0.00,0.00,0.00,30.0000,0.00,0.00,0.00,0.00,0.0000,0,0,0,0,0,0,True,0.0000,0.0000,0.0000,0.0000,False,0,True,True,False,False
02361,02,,Packet Dairy Yeast 1 kg,,30.00,0.00,0.00,0.00,30.0000,0.00,0.00,0.00,0.00,0.0000,0,0,0,0,0,0,True,0.0000,0.0000,0.0000,0.0000,False,0,True,True,False,False
02362,02,,Label Chick Guard Oral Liquid 5 Lit,,1.00,0.00,0.00,0.00,1.0000,0.00,0.00,0.00,0.00,0.0000,0,0,0,0,0,0,True,0.0000,0.0000,0.0000,0.0000,False,0,True,True,False,False
02363,02,,Label L.G Mune Oral Liquid 5 Lit,,1.00,0.00,0.00,0.00,1.0000,0.00,0.00,0.00,0.00,0.0000,0,0,0,0,0,0,True,0.0000,0.0000,0.0000,0.0000,False,0,True,True,False,False
02364,02,,Label BOP E 50 Oral Liquid 5 Lit,,1.00,0.00,0.00,0.00,1.0000,0.00,0.00,0.00,0.00,0.0000,0,0,0,0,0,0,True,0.0000,0.0000,0.0000,0.0000,False,0,True,True,False,False
02365,02,,Label O-D Plus Oral Liquid 5 Lit,,1.00,0.00,0.00,0.00,1.0000,0.00,0.00,0.00,0.00,0.0000,0,0,0,0,0,0,True,0.0000,0.0000,0.0000,0.0000,False,0,True,True,False,False
02366,02,,Label Levo Care Oral Liquid 5 Lit,,1.00,0.00,0.00,0.00,1.0000,0.00,0.00,0.00,0.00,0.0000,0,0,0,0,0,0,True,0.0000,0.0000,0.0000,0.0000,False,0,True,True,False,False
02368,02,,Label Copper-Pro Oral Liquid 5 Lit,,1.00,0.00,0.00,0.00,1.0000,0.00,0.00,0.00,0.00,0.0000,0,0,0,0,0,0,True,0.0000,0.0000,0.0000,0.0000,False,0,True,True,False,False
02369,02,,Label Myco-Sheild Oral Powder 25 kg,,1.00,0.00,0.00,0.00,1.0000,0.00,0.00,0.00,0.00,0.0000,0,0,0,0,0,0,True,0.0000,0.0000,0.0000,0.0000,False,0,True,True,False,False
02370,02,,Label Rehydrate Oral Liquid 5 Lit,,1.00,0.00,0.00,0.00,1.0000,0.00,0.00,0.00,0.00,0.0000,0,0,0,0,0,0,True,0.0000,0.0000,0.0000,0.0000,False,0,True,True,False,False
02371,02,,Label Phyto-Phos Oral Liquid 5 Lit,,1.00,0.00,0.00,0.00,1.0000,0.00,0.00,0.00,0.00,0.0000,0,0,0,0,0,0,True,0.0000,0.0000,0.0000,0.0000,False,0,True,True,False,False
02372,02,,Label Bop Buffer Plus 25 kg,,1.00,0.00,0.00,0.00,1.0000,0.00,0.00,0.00,0.00,0.0000,0,0,0,0,0,0,True,0.0000,0.0000,0.0000,0.0000,False,0,True,True,False,False
02373,02,,Label Ultra Immune Oral Liquid 1 Lit,,1.00,0.00,0.00,0.00,1.0000,0.00,0.00,0.00,0.00,0.0000,0,0,0,0,0,0,True,0.0000,0.0000,0.0000,0.0000,False,0,True,True,False,False
02374,02,,Label Neufen Gold Oral Powder 1 kg,,15.00,0.00,0.00,0.00,15.0000,0.00,0.00,0.00,0.00,0.0000,0,0,0,0,0,0,True,0.0000,0.0000,0.0000,0.0000,False,0,True,True,False,False
02375,02,,Label Bovi Vitam Premix 25 kg,,1.00,0.00,0.00,0.00,1.0000,0.00,0.00,0.00,0.00,0.0000,0,0,0,0,0,0,True,0.0000,0.0000,0.0000,0.0000,False,0,True,True,False,False
02376,02,,Label Bovi Mineral Premix 25 kg,,1.00,0.00,0.00,0.00,1.0000,0.00,0.00,0.00,0.00,0.0000,0,0,0,0,0,0,True,0.0000,0.0000,0.0000,0.0000,False,0,True,True,False,False
02377,02,,Label Bovi Tox Oral Powder 25 kg ,,1.00,0.00,0.00,0.00,1.0000,0.00,0.00,0.00,0.00,0.0000,0,0,0,0,0,0,True,0.0000,0.0000,0.0000,0.0000,False,0,True,True,False,False
02378,02,,Label Bovi Tox Plus Oral Powder 25 kg,,1.00,0.00,0.00,0.00,1.0000,0.00,0.00,0.00,0.00,0.0000,0,0,0,0,0,0,True,0.0000,0.0000,0.0000,0.0000,False,0,True,True,False,False
02379,02,,Label Bovi DCP Oral Powder 25 kg,,1.00,0.00,0.00,0.00,1.0000,0.00,0.00,0.00,0.00,0.0000,0,0,0,0,0,0,True,0.0000,0.0000,0.0000,0.0000,False,0,True,True,False,False
02380,02,,Label OxyResp Oral Liquid 5 Lit,,1.00,0.00,0.00,0.00,1.0000,0.00,0.00,0.00,0.00,0.0000,0,0,0,0,0,0,True,0.0000,0.0000,0.0000,0.0000,False,0,True,True,False,False
02381,02,,Label LivTone Oral Liquid 5 Lit,,1.00,0.00,0.00,0.00,1.0000,0.00,0.00,0.00,0.00,0.0000,0,0,0,0,0,0,True,0.0000,0.0000,0.0000,0.0000,False,0,True,True,False,False
02382,02,,Label Copper Chelate Oral Liquid 5 Lit,,1.00,0.00,0.00,0.00,1.0000,0.00,0.00,0.00,0.00,0.0000,0,0,0,0,0,0,True,0.0000,0.0000,0.0000,0.0000,False,0,True,True,False,False
02383,02,,Label Vitamin E Sel Oral Liquid 5 Lit,,1.00,0.00,0.00,0.00,1.0000,0.00,0.00,0.00,0.00,0.0000,0,0,0,0,0,0,True,0.0000,0.0000,0.0000,0.0000,False,0,True,True,False,False
02384,02,,Label LivGuard Oral Liquid 5 Lit,,1.00,0.00,0.00,0.00,1.0000,0.00,0.00,0.00,0.00,0.0000,0,0,0,0,0,0,True,0.0000,0.0000,0.0000,0.0000,False,0,True,True,False,False
02385,02,,Label Calci Phos D 1 Lit,,1.00,0.00,0.00,0.00,1.0000,0.00,0.00,0.00,0.00,0.0000,0,0,0,0,0,0,True,0.0000,0.0000,0.0000,0.0000,False,0,True,True,False,False
02386,02,,Label Bop Phytazyme Liquid Phytase 5 Lit,,1.00,0.00,0.00,0.00,1.0000,0.00,0.00,0.00,0.00,0.0000,0,0,0,0,0,0,True,0.0000,1.0000,0.0000,0.0000,False,0,True,True,False,False
02387,02,,Label Chick Guard Oral Liquid 1 Lit,,18.00,0.00,0.00,0.00,18.0000,0.00,0.00,0.00,0.00,0.0000,0,0,0,0,0,0,True,0.0000,0.0000,0.0000,0.0000,False,0,True,True,False,False
02388,02,,Label Vital Gut Liquid 1 Lit,,18.00,0.00,0.00,0.00,18.0000,0.00,0.00,0.00,0.00,0.0000,0,0,0,0,0,0,True,0.0000,0.0000,0.0000,0.0000,False,0,True,True,False,False
02389,02,,Label BOP E 50 Oral Liquid 1 Lit,,18.00,0.00,0.00,0.00,18.0000,0.00,0.00,0.00,0.00,0.0000,0,0,0,0,0,0,True,0.0000,0.0000,0.0000,0.0000,False,0,True,True,False,False
02390,02,,Label Bop Pro-Tox Liquid 1 Lit,,18.00,0.00,0.00,0.00,18.0000,0.00,0.00,0.00,0.00,0.0000,0,0,0,0,0,0,True,0.0000,0.0000,0.0000,0.0000,False,0,True,True,False,False
02391,02,,Label Phyto-Phos Oral Liquid 1 Lit,,18.00,0.00,0.00,0.00,18.0000,0.00,0.00,0.00,0.00,0.0000,0,0,0,0,0,0,True,0.0000,0.0000,0.0000,0.0000,False,0,True,True,False,False
02392,02,,Label Herbs Gold Oral Liquid 5 Lit,,40.00,0.00,0.00,0.00,40.0000,0.00,0.00,0.00,0.00,0.0000,0,0,0,0,0,0,True,0.0000,0.0000,0.0000,0.0000,False,0,True,True,False,False
02393,02,,Label DCP-LIC Oral Powder 25 kg Plain,,1.00,0.00,0.00,0.00,1.0000,0.00,0.00,0.00,0.00,0.0000,0,0,0,0,0,0,True,0.0000,0.0000,0.0000,0.0000,False,0,True,True,False,False
02394,02,,Label Veto Respi Oral Liquid Oil.B 5 Lit,,1.00,0.00,0.00,0.00,1.0000,0.00,0.00,0.00,0.00,0.0000,0,0,0,0,0,0,True,0.0000,0.0000,0.0000,0.0000,False,0,True,True,False,False
02395,02,,Label Toxin Pro Oral Liquid 5 Lit,,1.00,0.00,0.00,0.00,1.0000,0.00,0.00,0.00,0.00,0.0000,0,0,0,0,0,0,True,0.0000,0.0000,0.0000,0.0000,False,0,True,True,False,False
02396,02,,Label L.G Mune Oral Liquid 1 Lit,,18.00,0.00,0.00,0.00,18.0000,0.00,0.00,0.00,0.00,0.0000,0,0,0,0,0,0,True,0.0000,0.0000,0.0000,0.0000,False,0,True,True,False,False
02397,02,,Label Respi Guard Oral Liquid 1 Lit,,18.00,0.00,0.00,0.00,18.0000,0.00,0.00,0.00,0.00,0.0000,0,0,0,0,0,0,True,0.0000,0.0000,0.0000,0.0000,False,0,True,True,False,False
02398,02,,Label Ferovit Plus Oral Liquid 1 Lit,,18.00,0.00,0.00,0.00,18.0000,0.00,0.00,0.00,0.00,0.0000,0,0,0,0,0,0,True,0.0000,0.0000,0.0000,0.0000,False,0,True,True,False,False
02399,02,,Label Kimchi Sal Oral Liquid 1 Lit,,18.00,0.00,0.00,0.00,18.0000,0.00,0.00,0.00,0.00,0.0000,0,0,0,0,0,0,True,0.0000,0.0000,0.0000,0.0000,False,0,True,True,False,False
02400,02,,Label Ultra E Sel Oral Liquid 1 Lit,,1.00,0.00,0.00,0.00,1.0000,0.00,0.00,0.00,0.00,0.0000,0,0,0,0,0,0,True,0.0000,0.0000,0.0000,0.0000,False,0,True,True,False,False
02401,02,,Label Ultra LiverCare Oral Liquid 1 Lit,,1.00,0.00,0.00,0.00,1.0000,0.00,0.00,0.00,0.00,0.0000,0,0,0,0,0,0,True,0.0000,0.0000,0.0000,0.0000,False,0,True,True,False,False
02402,02,, Label BOP Nutramin Forte 25 KG,,1.00,0.00,0.00,0.00,1.0000,0.00,0.00,0.00,0.00,0.0000,0,0,0,0,0,0,True,0.0000,0.0000,0.0000,0.0000,False,0,True,True,False,False
02403,02,,Label Super Copper 1Lit,,1.00,0.00,0.00,0.00,1.0000,0.00,0.00,0.00,0.00,0.0000,0,0,0,0,0,0,True,0.0000,0.0000,0.0000,0.0000,False,0,True,True,False,False
02404,02,,Label Bop D-Cal Oral Liquid 5 Lit,,1.00,0.00,0.00,0.00,1.0000,0.00,0.00,0.00,0.00,0.0000,0,0,0,0,0,0,True,0.0000,0.0000,0.0000,0.0000,False,0,True,True,False,False
02405,02,,Label JELITO Liquid 25 Lit,,1.00,0.00,0.00,0.00,1.0000,0.00,0.00,0.00,0.00,0.0000,0,0,0,0,0,0,True,0.0000,0.0000,0.0000,0.0000,False,0,True,True,False,False
02406,02,,Label Bio E Sel 20 Oral Liquid 5 Lit,,40.00,0.00,0.00,0.00,40.0000,0.00,0.00,0.00,0.00,0.0000,0,0,0,0,0,0,True,0.0000,0.0000,0.0000,0.0000,False,0,True,True,False,False
02407,02,,Label Respi-Ease Liquid 1 Lit,,1.00,0.00,0.00,0.00,1.0000,0.00,0.00,0.00,0.00,0.0000,0,0,0,0,0,0,True,0.0000,0.0000,0.0000,0.0000,False,0,True,True,True,False
02408,02,,Label TieTox Liquid Oral Liquid  1 Liter,,1.00,0.00,0.00,0.00,1.0000,0.00,0.00,0.00,0.00,0.0000,0,0,0,0,0,0,True,0.0000,0.0000,0.0000,0.0000,False,0,True,True,False,False
02409,02,,Label Levo Care Oral Liquid 1 Lit,,1.00,0.00,0.00,0.00,1.0000,0.00,0.00,0.00,0.00,0.0000,0,0,0,0,0,0,True,0.0000,0.0000,0.0000,0.0000,False,0,True,True,False,False
02410,02,,Label Aspolite C Oral Liquid 5 Lit,1,1.00,0.00,0.00,0.00,1.0000,0.00,0.00,0.00,0.00,0.0000,0,0,0,0,0,0,True,0.0000,0.0000,0.0000,0.0000,False,0,True,True,False,False
02411,02,,Label Electro Mune C Oral Liquid 5 Lit,1,1.00,0.00,0.00,0.00,1.0000,0.00,0.00,0.00,0.00,0.0000,0,0,0,0,0,0,True,0.0000,0.0000,0.0000,0.0000,False,0,True,True,False,False
02412,02,,Label BOP Glycholine Plus Oral Sol.25Lit,1,0.00,0.00,0.00,0.00,1.0000,0.00,0.00,0.00,0.00,0.0000,0,0,0,0,0,0,True,0.0000,0.0000,0.0000,0.0000,False,0,True,True,False,False
02413,02,,Label BromoKill  Liquid 25 Lit ,1,0.00,0.00,0.00,0.00,1.0000,0.00,0.00,0.00,0.00,0.0000,0,0,0,0,0,0,True,0.0000,0.0000,0.0000,0.0000,False,0,True,True,False,False
02414,02,,Label BOP Phytomex  25 KG,1,0.00,0.00,0.00,0.00,1.0000,0.00,0.00,0.00,0.00,0.0000,0,0,0,0,0,0,True,0.0000,0.0000,0.0000,0.0000,False,0,True,True,False,False
02415,02,,Label Bop DCAL 1 Lit,,1.00,0.00,0.00,0.00,1.0000,0.00,0.00,0.00,0.00,0.0000,0,0,0,0,0,0,True,0.0000,0.0000,0.0000,0.0000,False,0,True,True,False,False
02417,02,,Label Microtox 1 Lit,,1.00,0.00,0.00,0.00,1.0000,0.00,0.00,0.00,0.00,0.0000,0,0,0,0,0,0,True,0.0000,0.0000,0.0000,0.0000,False,0,True,True,False,False
02418,02,,Label Super Adeck 1 Lit,,1.00,0.00,0.00,0.00,1.0000,0.00,0.00,0.00,0.00,0.0000,0,0,0,0,0,0,True,0.0000,0.0000,0.0000,0.0000,False,0,True,True,False,False
02419,02,,Label Zero Tox Liquid Toxin Binder 5 Lit,,1.00,0.00,0.00,0.00,1.0000,0.00,0.00,0.00,0.00,0.0000,0,0,0,0,0,0,True,0.0000,0.0000,0.0000,0.0000,False,0,True,True,False,False
02420,02,,Label BOP Yeast Oral Powder 25 kg,,1.00,0.00,0.00,0.00,1.0000,0.00,0.00,0.00,0.00,0.0000,0,0,0,0,0,0,True,0.0000,0.0000,0.0000,0.0000,False,0,True,True,False,False
02421,02,,Label Hepa Leo Oral Liquid 5 Lit,,1.00,0.00,0.00,0.00,1.0000,0.00,0.00,0.00,0.00,0.0000,0,0,0,0,0,0,True,0.0000,0.0000,0.0000,0.0000,False,0,True,True,False,False
02422,02,,Label Leo Hepaton Oral Liquid 5 Lit,,1.00,0.00,0.00,0.00,1.0000,0.00,0.00,0.00,0.00,0.0000,0,0,0,0,0,0,True,0.0000,0.0000,0.0000,0.0000,False,0,True,True,False,False
02423,02,,Label Leo Adsorbo Oral Liquid 5 Lit,,1.00,0.00,0.00,0.00,1.0000,0.00,0.00,0.00,0.00,0.0000,0,0,0,0,0,0,True,0.0000,0.0000,0.0000,0.0000,False,0,True,True,False,False
02424,02,,Label Leo Inhalex Oral Liquid 5 Lit,,1.00,0.00,0.00,0.00,1.0000,0.00,0.00,0.00,0.00,0.0000,0,0,0,0,0,0,True,0.0000,0.0000,0.0000,0.0000,False,0,True,True,False,False
02425,02,,Label Leo Immunomax Oral Liquid 5 Lit,,1.00,0.00,0.00,0.00,1.0000,0.00,0.00,0.00,0.00,0.0000,0,0,0,0,0,0,True,0.0000,0.0000,0.0000,0.0000,False,0,True,True,False,False
02426,02,,Bag PhytoFat Gold 25 Kg,,1.00,0.00,0.00,0.00,1.0000,0.00,0.00,0.00,0.00,0.0000,0,0,0,0,0,0,True,0.0000,0.0000,0.0000,0.0000,False,0,True,True,False,False
02427,02,,Label Leo Viton Oral Liquid 5 Lit,,1.00,0.00,0.00,0.00,1.0000,0.00,0.00,0.00,0.00,0.0000,0,0,0,0,0,0,True,0.0000,0.0000,0.0000,0.0000,False,0,True,True,False,False
02428,02,,Label Leo Cid Pro 25 Lit,,1.00,0.00,0.00,0.00,1.0000,0.00,0.00,0.00,0.00,0.0000,0,0,0,0,0,0,True,0.0000,0.0000,0.0000,0.0000,False,0,True,True,False,False
02429,02,,Label Leo Sorbex Oral Powder 25 kg,,1.00,0.00,0.00,0.00,1.0000,0.00,0.00,0.00,0.00,0.0000,0,0,0,0,0,0,True,0.0000,0.0000,0.0000,0.0000,False,0,True,True,False,False
02430,02,,Label Leo Abmrox Oral Liquid 5 Lit,,1.00,0.00,0.00,0.00,1.0000,0.00,0.00,0.00,0.00,0.0000,0,0,0,0,0,0,True,0.0000,0.0000,0.0000,0.0000,False,0,True,True,False,False
02431,02,,Label Toxi Off Oral Liquid 1 Lit,,1.00,0.00,0.00,0.00,1.0000,0.00,0.00,0.00,0.00,0.0000,0,0,0,0,0,0,True,0.0000,0.0000,0.0000,0.0000,False,0,True,True,False,False
02432,02,,BROCHURE,,20.00,0.00,0.00,0.00,20.0000,0.00,0.00,0.00,0.00,0.0000,0,0,0,0,0,0,True,0.0000,0.0000,0.0000,0.0000,False,0,True,True,False,False
02433,02,,Tin Febro Meon Spray ,,1.00,0.00,0.00,0.00,1.0000,0.00,0.00,0.00,0.00,0.0000,0,0,0,0,0,0,True,0.0000,0.0000,0.0000,0.0000,False,0,True,True,False,False
02434,02,,Label ElectroMune C Oral Liquid 1 Lit ,,1.00,0.00,0.00,0.00,1.0000,0.00,0.00,0.00,0.00,0.0000,0,0,0,0,0,0,True,0.0000,0.0000,0.0000,0.0000,False,0,True,True,False,False
02435,02,,Label CS Guard 20 Oral Liquid 5 Lit,,1.00,0.00,0.00,0.00,1.0000,0.00,0.00,0.00,0.00,0.0000,0,0,0,0,0,0,True,0.0000,0.0000,0.0000,0.0000,False,0,True,True,False,False
02436,02,,Label Vital Frame Oral Liquid 5 Lit,,1.00,0.00,0.00,0.00,1.0000,0.00,0.00,0.00,0.00,0.0000,0,0,0,0,0,0,True,0.0000,0.0000,0.0000,0.0000,False,0,True,True,False,False
02437,02,,Label MLC 360 Oral Liquid 25 Lit,,1.00,0.00,0.00,0.00,1.0000,0.00,0.00,0.00,0.00,0.0000,0,0,0,0,0,0,True,0.0000,0.0000,0.0000,0.0000,False,0,True,True,False,False
02438,02,,Label BOP TOX Oral Powder 25 kg,,1.00,0.00,0.00,0.00,1.0000,0.00,0.00,0.00,0.00,0.0000,0,0,0,0,0,0,True,0.0000,0.0000,0.0000,0.0000,False,0,True,True,False,False
02439,02,,Label Leo Flush Oral Liquid 5 Lit,,1.00,0.00,0.00,0.00,1.0000,0.00,0.00,0.00,0.00,0.0000,0,0,0,0,0,0,True,0.0000,0.0000,0.0000,0.0000,False,0,True,True,False,False
02440,02,,Label BOP DCAD Powder 25 kg,,1.00,0.00,0.00,0.00,1.0000,0.00,0.00,0.00,0.00,0.0000,0,0,0,0,0,0,True,0.0000,0.0000,0.0000,0.0000,False,0,True,True,False,False
02441,02,,Label Liv Guard Oral Liquid 1 Lit,,1.00,0.00,0.00,0.00,1.0000,0.00,0.00,0.00,0.00,0.0000,0,0,0,0,0,0,True,0.0000,0.0000,0.0000,0.0000,False,0,True,True,False,False
02442,02,,Label Aspolite C Oral Liquid 1 Lit,,1.00,0.00,0.00,0.00,1.0000,0.00,0.00,0.00,0.00,0.0000,0,0,0,0,0,0,True,0.0000,0.0000,0.0000,0.0000,False,0,True,True,False,False
02443,02,,Label Bio Guard oral Liquid 5 Lit,,1.00,0.00,0.00,0.00,1.0000,0.00,0.00,0.00,0.00,0.0000,0,0,0,0,0,0,True,0.0000,0.0000,0.0000,0.0000,False,0,True,True,False,False
02444,02,,Label Garlic Pro Oral Liquid  5 Lit,,1.00,0.00,0.00,0.00,1.0000,0.00,0.00,0.00,0.00,0.0000,0,0,0,0,0,0,True,0.0000,0.0000,0.0000,0.0000,False,0,True,True,False,False
02445,02,,Label Bop PH5  1 Lit,,1.00,0.00,0.00,0.00,1.0000,0.00,0.00,0.00,0.00,0.0000,0,0,0,0,0,0,True,0.0000,0.0000,0.0000,0.0000,False,0,True,True,False,False
02446,02,,Label Bio Drink Oral Powder 1 Kg,,1.00,0.00,0.00,0.00,1.0000,0.00,0.00,0.00,0.00,0.0000,0,0,0,0,0,0,True,0.0000,0.0000,0.0000,0.0000,False,0,True,True,False,False
02447,02,,Label Bop Cranol Oral Powder 1 Kg,,1.00,0.00,0.00,0.00,1.0000,0.00,0.00,0.00,0.00,0.0000,0,0,0,0,0,0,True,0.0000,0.0000,0.0000,0.0000,False,0,True,True,False,False
02448,02,,white bag 5 kg,,1.00,0.00,0.00,0.00,1.0000,0.00,0.00,0.00,0.00,0.0000,0,0,0,0,0,0,True,0.0000,0.0000,0.0000,0.0000,False,0,True,True,False,False
02449,02,,LABEL Ocid Fort Oral Liquid 25 L,,1.00,0.00,0.00,0.00,1.0000,0.00,0.00,0.00,0.00,0.0000,0,0,0,0,0,0,True,0.0000,0.0000,0.0000,0.0000,False,0,True,True,False,False
02451,02,,Label Brosteine 15 Oral Liquid 5 LIT,,1.00,0.00,0.00,0.00,1.0000,0.00,0.00,0.00,0.00,0.0000,0,0,0,0,0,0,True,0.0000,0.0000,0.0000,0.0000,False,0,True,True,False,False
02452,02,,Label Copper lac oral liquid 1L,,1.00,0.00,0.00,0.00,1.0000,0.00,0.00,0.00,0.00,0.0000,0,0,0,0,0,0,True,0.0000,0.0000,0.0000,0.0000,False,0,True,True,False,False
02453,02,,Label Copper Lac plus Oral Liquid 1L ,,1.00,0.00,0.00,0.00,1.0000,0.00,0.00,0.00,0.00,0.0000,0,0,0,0,0,0,True,0.0000,0.0000,0.0000,0.0000,False,0,True,True,False,False
02454,02,,Label Tox Go Vital Oral Liquid 5 Lit,,1.00,0.00,0.00,0.00,1.0000,0.00,0.00,0.00,0.00,0.0000,0,0,0,0,0,0,True,0.0000,0.0000,0.0000,0.0000,False,0,True,True,False,False
02455,02,,Label Promune 35 Oral Liquid 5 Lit,,1.00,0.00,0.00,0.00,1.0000,0.00,0.00,0.00,0.00,0.0000,0,0,0,0,0,0,True,0.0000,0.0000,0.0000,0.0000,False,0,True,True,False,False
02456,02,,Label Heaatic Optimiser Oral Liquid 1 L,,1.00,0.00,0.00,0.00,1.0000,0.00,0.00,0.00,0.00,0.0000,0,0,0,0,0,0,True,0.0000,0.0000,0.0000,0.0000,False,0,True,True,False,False
02457,02,,Label Grow Pro + Oral Liquid 5 Lit,,1.00,0.00,0.00,0.00,1.0000,0.00,0.00,0.00,0.00,0.0000,0,0,0,0,0,0,True,0.0000,0.0000,0.0000,0.0000,False,0,True,True,False,False
02458,02,,Label Bop Super Premix Oral Powder 25 kg,,1.00,0.00,0.00,0.00,1.0000,0.00,0.00,0.00,0.00,0.0000,0,0,0,0,0,0,True,0.0000,0.0000,0.0000,0.0000,False,0,True,True,False,False
02459,02,,Label Brosteine Oral Liquid 1 Lit,,1.00,0.00,0.00,0.00,1.0000,0.00,0.00,0.00,0.00,0.0000,0,0,0,0,0,0,True,0.0000,0.0000,0.0000,0.0000,False,0,True,True,False,False
02460,02,,Label Tox Guard Plus Oral Liquid 5 LIT,,1.00,0.00,0.00,0.00,1.0000,0.00,0.00,0.00,0.00,0.0000,0,0,0,0,0,0,True,0.0000,0.0000,0.0000,0.0000,False,0,True,True,False,False
02461,02,,Label Garliment Forte Oral Liquid 5 LIT,,1.00,0.00,0.00,0.00,1.0000,0.00,0.00,0.00,0.00,0.0000,0,0,0,0,0,0,True,0.0000,0.0000,0.0000,0.0000,False,0,True,True,False,False
02462,02,,LABEL MYCOVIX PLUS ORAL LIQUID 1 LIT,,1.00,0.00,0.00,0.00,1.0000,0.00,0.00,0.00,0.00,0.0000,0,0,0,0,0,0,True,0.0000,0.0000,0.0000,0.0000,False,0,True,True,False,False
02463,02,,LABEL THERMOXFIX C ORAL LIQUID 1 LIT,,1.00,0.00,0.00,0.00,1.0000,0.00,0.00,0.00,0.00,0.0000,0,0,0,0,0,0,True,0.0000,0.0000,0.0000,0.0000,False,0,True,True,False,False
02464,02,,LABEL RESPIFIX PLUS ORAL LIQUID 1 LIT,,1.00,0.00,0.00,0.00,1.0000,0.00,0.00,0.00,0.00,0.0000,0,0,0,0,0,0,True,0.0000,0.0000,0.0000,0.0000,False,0,True,True,False,False
02465,02,,LABEL ADEVIX C ORAL LIQUID 1 LIT,,1.00,0.00,0.00,0.00,1.0000,0.00,0.00,0.00,0.00,0.0000,0,0,0,0,0,0,True,0.0000,0.0000,0.0000,0.0000,False,0,True,True,False,False
02466,02,,LABEL IMUNIIX PLUS ORAL LIQUID 1 LIT,,1.00,0.00,0.00,0.00,1.0000,0.00,0.00,0.00,0.00,0.0000,0,0,0,0,0,0,True,0.0000,0.0000,0.0000,0.0000,False,0,True,True,False,False
02467,02,,LABEL AQUAFIX PLUS ORAL LIQUID 1 LIT,,1.00,0.00,0.00,0.00,1.0000,0.00,0.00,0.00,0.00,0.0000,0,0,0,0,0,0,True,0.0000,0.0000,0.0000,0.0000,False,0,True,True,False,False
02468,02,,Label MB Adek Oril Liquid 1Lit,,1.00,0.00,0.00,0.00,1.0000,0.00,0.00,0.00,0.00,0.0000,0,0,0,0,0,0,True,0.0000,0.0000,0.0000,0.0000,False,0,True,True,False,False
02469,02,,Label MB VitaMun Oral Liquid 1 LIT,,1.00,0.00,0.00,0.00,1.0000,0.00,0.00,0.00,0.00,0.0000,0,0,0,0,0,0,True,0.0000,0.0000,0.0000,0.0000,False,0,True,True,False,False
02470,02,,Label LEO Civon 5 LIT,,1.00,0.00,0.00,0.00,1.0000,0.00,0.00,0.00,0.00,0.0000,0,0,0,0,0,0,True,0.0000,0.0000,0.0000,0.0000,False,0,True,True,False,False
02471,02,,Label MB FCR Grow Oral Powder 25KG,,1.00,0.00,0.00,0.00,1.0000,0.00,0.00,0.00,0.00,0.0000,0,0,0,0,0,0,True,0.0000,0.0000,0.0000,0.0000,False,0,True,True,False,False
02472,02,,Label MB Neutral Plus Oral Powder 25 Lit,,1.00,0.00,0.00,0.00,1.0000,0.00,0.00,0.00,0.00,0.0000,0,0,0,0,0,0,True,0.0000,0.0000,0.0000,0.0000,False,0,True,True,False,False
02473,02,,Label Deak C Oral Liquid 5 Lit,,1.00,0.00,0.00,0.00,1.0000,0.00,0.00,0.00,0.00,0.0000,0,0,0,0,0,0,True,0.0000,0.0000,0.0000,0.0000,False,0,True,True,False,False
02474,02,,Deak C Oral Liquid ,,1.00,0.00,0.00,0.00,1.0000,0.00,0.00,0.00,0.00,0.0000,0,0,0,0,0,0,True,0.0000,0.0000,0.0000,0.0000,False,0,True,False,False,True
02475,02,,Label De Resp Oral Liquid 5 Lit ,,1.00,0.00,0.00,0.00,1.0000,0.00,0.00,0.00,0.00,0.0000,0,0,0,0,0,0,True,0.0000,0.0000,0.0000,0.0000,False,0,True,True,False,False
02476,02,,Label De Mune Oral Liquid 5 Lit,,1.00,0.00,0.00,0.00,1.0000,0.00,0.00,0.00,0.00,0.0000,0,0,0,0,0,0,True,0.0000,0.0000,0.0000,0.0000,False,0,True,True,False,False
02477,02,,Label Livocent Plus Oril Liquid  5 Lit,,1.00,0.00,0.00,0.00,1.0000,0.00,0.00,0.00,0.00,0.0000,0,0,0,0,0,0,True,0.0000,0.0000,0.0000,0.0000,False,0,True,True,False,False
02478,02,,Label Es Dec Oral Liquid 5 Lit,,1.00,0.00,0.00,0.00,1.0000,0.00,0.00,0.00,0.00,0.0000,0,0,0,0,0,0,True,0.0000,0.0000,0.0000,0.0000,False,0,True,True,False,False
02479,02,,LABEL AQUAFIX PLUS ORAL LIQUID 25 LIT,,1.00,0.00,0.00,0.00,1.0000,0.00,0.00,0.00,0.00,0.0000,0,0,0,0,0,0,True,0.0000,0.0000,0.0000,0.0000,False,0,True,True,False,False
02480,02,,Label En-boost Oral LIquid 1 Lit,,1.00,0.00,0.00,0.00,1.0000,0.00,0.00,0.00,0.00,0.0000,0,0,0,0,0,0,True,0.0000,0.0000,0.0000,0.0000,False,0,True,True,False,False
02481,02,,Label Bop Restore-M 25 Kg,,1.00,0.00,0.00,0.00,1.0000,0.00,0.00,0.00,0.00,0.0000,0,0,0,0,0,0,True,0.0000,0.0000,0.0000,0.0000,False,0,True,True,False,False
03001,03,,Growth Promoter BOP Oral ,,1.00,0.00,0.00,0.00,1.0000,0.00,0.00,0.00,0.00,0.0000,0,0,0,0,0,0,True,0.0000,0.0000,0.0000,0.0000,False,0,True,False,False,True
03002,03,,DCP Powder,,1.00,0.00,0.00,0.00,1.0000,0.00,0.00,0.00,0.00,0.0000,0,0,0,0,0,0,True,0.0000,0.0000,0.0000,0.0000,False,0,True,False,False,True
03003,03,,Calci-Phos-D ,,0.00,0.00,0.00,0.00,1.0000,0.00,0.00,0.00,0.00,0.0000,0,0,0,0,0,0,True,0.0000,0.0000,0.0000,0.0000,False,0,True,False,False,True
03004,03,,Calcivit-D BOP Oral Powder,1 Kg,0.00,0.00,0.00,0.00,1.0000,0.00,0.00,0.00,0.00,0.0000,0,0,0,0,0,0,True,0.0000,0.0000,0.0000,0.0000,False,0,True,False,False,True
03009,03,,Fuzion Plus ,,0.00,0.00,0.00,0.00,1.0000,0.00,0.00,0.00,0.00,0.0000,0,0,0,0,0,0,True,0.0000,0.0000,0.0000,0.0000,False,0,True,False,False,True
03010,03,,Garlimint Plus BOP,,0.00,0.00,0.00,0.00,1.0000,0.00,0.00,0.00,0.00,0.0000,0,0,0,0,0,0,True,0.0000,0.0000,0.0000,0.0000,False,0,True,False,False,True
03011,03,,Hepatic-Optimizer Liquid,,0.00,0.00,0.00,0.00,1.0000,0.00,0.00,0.00,0.00,0.0000,0,0,0,0,0,0,True,0.0000,0.0000,0.0000,0.0000,False,0,True,False,False,True
03012,03,,Kirzan BOP ,,0.00,0.00,0.00,0.00,1.0000,0.00,0.00,0.00,0.00,0.0000,0,0,0,0,0,0,True,0.0000,0.0000,0.0000,0.0000,False,0,True,False,False,True
03013,03,,Lysogar-Lic Powder ,,0.00,0.00,0.00,0.00,1.0000,0.00,0.00,0.00,0.00,0.0000,0,0,0,0,0,0,True,0.0000,0.0000,0.0000,0.0000,False,0,True,False,False,True
03014,03,,Magnet BOP Oral Powder,,0.00,0.00,0.00,0.00,1.0000,0.00,0.00,0.00,0.00,0.0000,0,0,0,0,0,0,True,0.0000,0.0000,0.0000,0.0000,False,0,True,False,False,True
03016,03,,Paower ,,0.00,0.00,0.00,0.00,1.0000,0.00,0.00,0.00,0.00,0.0000,0,0,0,0,0,0,True,0.0000,0.0000,0.0000,0.0000,False,0,True,False,False,True
03017,03,,Saline Electry ,1 Kg,0.00,0.00,0.00,0.00,1.0000,0.00,0.00,0.00,0.00,0.0000,0,0,0,0,0,0,True,0.0000,0.0000,0.0000,0.0000,False,0,True,False,False,True
03018,03,,Scour Guard,,0.00,0.00,0.00,0.00,1.0000,0.00,0.00,0.00,0.00,0.0000,0,0,0,0,0,0,True,0.0000,0.0000,0.0000,0.0000,False,0,True,False,False,True
03019,03,,Super Yeast Powder,,0.00,0.00,0.00,0.00,1.0000,0.00,0.00,0.00,0.00,0.0000,0,0,0,0,0,0,True,0.0000,0.0000,0.0000,0.0000,False,0,True,False,False,True
03020,03,,Toxi-Lic Liquid ,,0.00,0.00,0.00,0.00,1.0000,0.00,0.00,0.00,0.00,0.0000,0,0,0,0,0,0,True,0.0000,0.0000,0.0000,0.0000,False,0,True,False,False,True
03021,03,,Vital Gold,,0.00,0.00,0.00,0.00,1.0000,0.00,0.00,0.00,0.00,0.0000,0,0,0,0,0,0,True,0.0000,0.0000,0.0000,0.0000,False,0,True,False,False,True
03022,03,,Growth Promoter Plus ,,0.00,0.00,0.00,0.00,1.0000,0.00,0.00,0.00,0.00,0.0000,0,0,0,0,0,0,True,0.0000,0.0000,0.0000,0.0000,False,0,True,False,False,True
03023,03,,Hepatic-Optimizer Powder,,0.00,0.00,0.00,0.00,1.0000,0.00,0.00,0.00,0.00,0.0000,0,0,0,0,0,0,True,0.0000,0.0000,0.0000,0.0000,False,0,True,False,False,True
03024,03,,Bio Fat,,0.00,0.00,0.00,0.00,1.0000,0.00,0.00,0.00,0.00,0.0000,0,0,0,0,0,0,True,0.0000,0.0000,0.0000,0.0000,False,0,True,False,False,True
03025,03,,Kimchi Sal Oral Liquid ,,0.00,0.00,0.00,0.00,1.0000,0.00,0.00,0.00,0.00,0.0000,0,0,0,0,0,0,True,0.0000,0.0000,0.0000,0.0000,False,0,True,False,False,True
03026,03,,Mento Care Oral Liquid,,0.00,0.00,0.00,0.00,1.0000,0.00,0.00,0.00,0.00,0.0000,0,0,0,0,0,0,True,0.0000,0.0000,0.0000,0.0000,False,0,True,False,False,True
03027,03,,Micro Sel-E Oral Liquid,,0.00,0.00,0.00,0.00,1.0000,0.00,0.00,0.00,0.00,0.0000,0,0,0,0,0,0,True,0.0000,0.0000,0.0000,0.0000,False,0,True,False,False,True
03028,03,,O-D Plus Oral Liquid,1 Lit,0.00,0.00,0.00,0.00,1.0000,0.00,0.00,0.00,0.00,0.0000,0,0,0,0,0,0,True,0.0000,0.0000,0.0000,0.0000,False,0,True,False,False,True
03029,03,,CID-7 Oral Liquid,,0.00,0.00,0.00,0.00,1.0000,0.00,0.00,0.00,0.00,0.0000,0,0,0,0,0,0,True,0.0000,0.0000,0.0000,0.0000,False,0,True,False,False,True
03031,03,,Heato-Tone Bop Oral Powder,1 KG,0.00,0.00,0.00,0.00,1.0000,0.00,0.00,0.00,0.00,0.0000,0,0,0,0,0,0,True,0.0000,0.0000,0.0000,0.0000,False,0,True,False,False,True
03032,03,,Nili Bar BOP Oral Powder,1 KG,0.00,0.00,0.00,0.00,1.0000,0.00,0.00,0.00,0.00,0.0000,0,0,0,0,0,0,True,0.0000,0.0000,0.0000,0.0000,False,0,True,False,False,True
03033,03,,Lyzomix Oral Powder,,0.00,0.00,0.00,0.00,1.0000,0.00,0.00,0.00,0.00,0.0000,0,0,0,0,0,0,True,0.0000,0.0000,0.0000,0.0000,False,0,True,False,False,True
03034,03,,BOP ADEK Oral Liquid,,0.00,0.00,0.00,0.00,1.0000,0.00,0.00,0.00,0.00,0.0000,0,0,0,0,0,0,True,0.0000,0.0000,0.0000,0.0000,False,0,True,False,False,True
03035,03,,Toniplex Bop Oral Liquid,,0.00,0.00,0.00,0.00,1.0000,0.00,0.00,0.00,0.00,0.0000,0,0,0,0,0,0,True,0.0000,0.0000,0.0000,0.0000,False,0,True,False,False,True
03036,03,,Garlizyme Bop Oral Powder,,0.00,0.00,0.00,0.00,1.0000,0.00,0.00,0.00,0.00,0.0000,0,0,0,0,0,0,True,0.0000,0.0000,0.0000,0.0000,False,0,True,False,False,True
03037,03,,Super Drink Bop Oral Powder,1 KG,0.00,0.00,0.00,0.00,1.0000,0.00,0.00,0.00,0.00,0.0000,0,0,0,0,0,0,True,0.0000,0.0000,0.0000,0.0000,False,0,True,False,False,True
03038,03,,Bio-Fac 4000 Oral Powder,,0.00,0.00,0.00,0.00,1.0000,0.00,0.00,0.00,0.00,0.0000,0,0,0,0,0,0,True,0.0000,0.0000,0.0000,0.0000,False,0,True,False,False,True
03039,03,,Bio-Urex Oral Powder,1 KG,0.00,0.00,0.00,0.00,1.0000,0.00,0.00,0.00,0.00,0.0000,0,0,0,0,0,0,True,0.0000,0.0000,0.0000,0.0000,False,0,True,False,False,True
03040,03,,Grow More Bop Oral Powder,1 KG,0.00,0.00,0.00,0.00,1.0000,0.00,0.00,0.00,0.00,0.0000,0,0,0,0,0,0,True,0.0000,0.0000,0.0000,0.0000,False,0,True,False,False,True
03042,03,,Hi-Max Dairy Premix Oral Powder,1 KG,0.00,0.00,0.00,0.00,1.0000,0.00,0.00,0.00,0.00,0.0000,0,0,0,0,0,0,True,0.0000,0.0000,0.0000,0.0000,False,0,True,False,False,True
03043,03,,Microgest BOP Oral powder,,0.00,0.00,0.00,0.00,1.0000,0.00,0.00,0.00,0.00,0.0000,0,0,0,0,0,0,True,0.0000,0.0000,0.0000,0.0000,False,0,True,False,False,True
03044,03,,Nutri-Lic Oral powder,,0.00,0.00,0.00,0.00,1.0000,0.00,0.00,0.00,0.00,0.0000,0,0,0,0,0,0,True,0.0000,0.0000,0.0000,0.0000,False,0,True,False,False,True
03045,03,,Magnet Plus Oral Powder ,,0.00,0.00,0.00,0.00,1.0000,0.00,0.00,0.00,0.00,0.0000,0,0,0,0,0,0,True,0.0000,0.0000,0.0000,0.0000,False,0,True,False,False,True
03046,03,,Rumicid BOP Oral Powder,Pr/Kg,0.00,0.00,0.00,0.00,1.0000,0.00,0.00,0.00,0.00,0.0000,0,0,0,0,0,0,True,0.0000,0.0000,0.0000,0.0000,False,0,True,False,False,True
03047,03,,Micro Milk Oral Powder,1 KG,0.00,0.00,0.00,0.00,1.0000,0.00,0.00,0.00,0.00,0.0000,0,0,0,0,0,0,True,0.0000,0.0000,0.0000,0.0000,False,0,True,False,False,True
03049,03,,Consti Nill Oral Powder,1 KG,0.00,0.00,0.00,0.00,1.0000,0.00,0.00,0.00,0.00,0.0000,0,0,0,0,0,0,True,0.0000,0.0000,0.0000,0.0000,False,0,True,False,False,True
03050,03,,Udder Boost BOP Oral Powder,1 KG,0.00,0.00,0.00,0.00,1.0000,0.00,0.00,0.00,0.00,0.0000,0,0,0,0,0,0,True,0.0000,0.0000,0.0000,0.0000,False,0,True,False,False,True
03051,03,,Respilator Oral Liquid,,0.00,0.00,0.00,0.00,1.0000,0.00,0.00,0.00,0.00,0.0000,0,0,0,0,0,0,True,0.0000,0.0000,0.0000,0.0000,False,0,True,False,False,True
03052,03,,Ambro _ Lic Oral Liquid,1 Lit,0.00,0.00,0.00,0.00,1.0000,0.00,0.00,0.00,0.00,0.0000,0,0,0,0,0,0,True,0.0000,0.0000,0.0000,0.0000,False,0,True,False,False,True
03053,03,,Prime Grow Protein ,,0.00,0.00,0.00,0.00,1.0000,0.00,0.00,0.00,0.00,0.0000,0,0,0,0,0,0,True,0.0000,0.0000,0.0000,0.0000,False,0,True,False,False,True
03054,03,,Bio Ambrox  Liquid,,0.00,0.00,0.00,0.00,1000.0000,0.00,0.00,0.00,0.00,0.0000,0,0,0,0,0,0,True,0.0000,0.0000,0.0000,0.0000,False,0,True,False,False,True
03055,03,,Ori Tox Oral Powder 25 kg,25 kg,0.00,0.00,0.00,0.00,1.0000,0.00,0.00,0.00,0.00,0.0000,0,0,0,0,0,0,True,0.0000,0.0000,0.0000,0.0000,False,0,True,False,False,True
03059,03,,Copper Oral Liquid,,0.00,0.00,0.00,0.00,1.0000,0.00,0.00,0.00,0.00,0.0000,0,0,0,0,0,0,True,0.0000,0.0000,0.0000,0.0000,False,0,True,False,False,True
03060,03,,Oripulmo Liquid,,0.00,0.00,0.00,0.00,1.0000,0.00,0.00,0.00,0.00,0.0000,0,0,0,0,0,0,True,0.0000,0.0000,0.0000,0.0000,False,0,True,False,False,True
03061,03,,V & M Minerals 20 Kg,,0.00,0.00,0.00,0.00,1.0000,0.00,0.00,0.00,0.00,0.0000,0,0,0,0,0,0,True,0.0000,0.0000,0.0000,0.0000,False,0,True,False,False,True
03070,03,,Toxi Gold Liquid,,0.00,0.00,0.00,0.00,1.0000,0.00,0.00,0.00,0.00,0.0000,0,0,0,0,0,0,True,0.0000,0.0000,0.0000,0.0000,False,0,True,False,False,True
03071,03,,Livo Lic Liquid,,0.00,0.00,0.00,0.00,1.0000,0.00,0.00,0.00,0.00,0.0000,0,0,0,0,0,0,True,0.0000,0.0000,0.0000,0.0000,False,0,True,False,False,True
03072,03,,Diure Lic Powder ,,0.00,0.00,0.00,0.00,1.0000,0.00,0.00,0.00,0.00,0.0000,0,0,0,0,0,0,True,0.0000,0.0000,0.0000,0.0000,False,0,True,False,False,True
03074,03,,Respi Fit Oral Liquid ,,0.00,0.00,0.00,0.00,1.0000,0.00,0.00,0.00,0.00,0.0000,0,0,0,0,0,0,True,0.0000,0.0000,0.0000,0.0000,False,0,True,False,False,True
03075,03,,E.C Gold Oral  Liquid ,,0.00,0.00,0.00,0.00,1.0000,0.00,0.00,0.00,0.00,0.0000,0,0,0,0,0,0,True,0.0000,0.0000,0.0000,0.0000,False,0,True,False,False,True
03076,03,,Vita Lic Powder,,0.00,0.00,0.00,0.00,1.0000,0.00,0.00,0.00,0.00,0.0000,0,0,0,0,0,0,True,0.0000,0.0000,0.0000,0.0000,False,0,True,False,False,True
03077,03,,Nephro Lic Powder,,0.00,0.00,0.00,0.00,1.0000,0.00,0.00,0.00,0.00,0.0000,0,0,0,0,0,0,True,0.0000,0.0000,0.0000,0.0000,False,0,True,False,False,True
03080,03,,P.H Cure Oral Liquid ,,1.00,0.00,0.00,0.00,1.0000,0.00,0.00,0.00,0.00,0.0000,0,0,0,0,0,0,True,0.0000,0.0000,0.0000,0.0000,False,0,True,False,False,True
03084,03,,BroncoKill Liquid ,,1.00,0.00,0.00,0.00,1.0000,0.00,0.00,0.00,0.00,0.0000,0,0,0,0,0,0,True,0.0000,0.0000,0.0000,0.0000,False,0,True,False,False,True
03086,03,,Super Yeast Liquid ,,0.00,0.00,0.00,0.00,1.0000,0.00,0.00,0.00,0.00,0.0000,0,0,0,0,0,0,True,0.0000,0.0000,0.0000,0.0000,False,0,True,False,False,True
03087,03,,Golden Premix Bop,,0.00,0.00,0.00,0.00,1.0000,0.00,0.00,0.00,0.00,0.0000,0,0,0,0,0,0,True,0.0000,0.0000,0.0000,0.0000,False,0,True,False,False,True
03088,03,,Paower Plus ,,0.00,0.00,0.00,0.00,1.0000,0.00,0.00,0.00,0.00,0.0000,0,0,0,0,0,0,True,0.0000,0.0000,0.0000,0.0000,False,0,True,False,False,True
03089,03,,RespiGuard Liquid ,,1.00,0.00,0.00,0.00,1.0000,0.00,0.00,0.00,0.00,0.0000,0,0,0,0,0,0,True,0.0000,0.0000,0.0000,0.0000,False,0,True,False,False,True
03090,03,,Microtox Liquid ,,1.00,0.00,0.00,0.00,1.0000,0.00,0.00,0.00,0.00,0.0000,0,0,0,0,0,0,True,0.0000,0.0000,0.0000,0.0000,False,0,True,False,False,True
03091,03,,HepaLive liquid ,,1.00,0.00,0.00,0.00,1.0000,0.00,0.00,0.00,0.00,0.0000,0,0,0,0,0,0,True,0.0000,0.0000,0.0000,0.0000,False,0,True,False,False,True
03092,03,,Immune Forte Oral liquid ,,1.00,0.00,0.00,0.00,1.0000,0.00,0.00,0.00,0.00,0.0000,0,0,0,0,0,0,True,0.0000,0.0000,0.0000,0.0000,False,0,True,False,False,True
03093,03,,Ferovit Plus Liquid ,,1.00,0.00,0.00,0.00,1.0000,0.00,0.00,0.00,0.00,0.0000,0,0,0,0,0,0,True,0.0000,0.0000,0.0000,0.0000,False,0,True,False,False,True
03094,03,,Super Copper Liquid ,,1.00,0.00,0.00,0.00,1.0000,0.00,0.00,0.00,0.00,0.0000,0,0,0,0,0,0,True,0.0000,0.0000,0.0000,0.0000,False,0,True,False,False,True
03095,03,,Super Adek Liquid,,1.00,0.00,0.00,0.00,1.0000,0.00,0.00,0.00,0.00,0.0000,0,0,0,0,0,0,True,0.0000,0.0000,0.0000,0.0000,False,0,True,False,False,True
03096,03,,Uri Flush Liquid,,1.00,0.00,0.00,0.00,1.0000,0.00,0.00,0.00,0.00,0.0000,0,0,0,0,0,0,True,0.0000,0.0000,0.0000,0.0000,False,0,True,False,False,True
03097,03,,Acidi-Lic Liquid,,1.00,0.00,0.00,0.00,1.0000,0.00,0.00,0.00,0.00,0.0000,0,0,0,0,0,0,True,0.0000,0.0000,0.0000,0.0000,False,0,True,False,False,True
03098,03,,Bentox Powder,,1.00,0.00,0.00,0.00,1.0000,0.00,0.00,0.00,0.00,0.0000,0,0,0,0,0,0,True,0.0000,0.0000,0.0000,0.0000,False,0,True,False,False,True
03099,03,,MicroGold Minerals ,,1.00,0.00,0.00,0.00,1.0000,0.00,0.00,0.00,0.00,0.0000,0,0,0,0,0,0,True,0.0000,0.0000,0.0000,0.0000,False,0,True,False,False,True
03100,03,,Promin Gold Minerals,,0.00,0.00,0.00,0.00,1.0000,0.00,0.00,0.00,0.00,0.0000,0,0,0,0,0,0,True,0.0000,0.0000,0.0000,0.0000,False,0,True,False,False,True
03101,03,,BOP DCAL Liquid ,,0.00,0.00,0.00,0.00,1.0000,0.00,0.00,0.00,0.00,0.0000,0,0,0,0,0,0,True,0.0000,0.0000,0.0000,0.0000,False,0,True,False,False,True
03102,03,,L.G Mune Liquid ,,1.00,0.00,0.00,0.00,1.0000,0.00,0.00,0.00,0.00,0.0000,0,0,0,0,0,0,True,0.0000,0.0000,0.0000,0.0000,False,0,True,False,False,True
03103,03,,BOP RENAL Powder,,1.00,0.00,0.00,0.00,1.0000,0.00,0.00,0.00,0.00,0.0000,0,0,0,0,0,0,True,0.0000,0.0000,0.0000,0.0000,False,0,True,False,False,True
03104,03,,BOP PH 5 Liquid ,,1.00,0.00,0.00,0.00,1.0000,0.00,0.00,0.00,0.00,0.0000,0,0,0,0,0,0,True,0.0000,0.0000,0.0000,0.0000,False,0,True,False,False,True
03106,03,,Calpho Lic Liquid ,,1.00,0.00,0.00,0.00,1.0000,0.00,0.00,0.00,0.00,0.0000,0,0,0,0,0,0,True,0.0000,0.0000,0.0000,0.0000,False,0,True,False,False,True
03107,03,,Bop Copper Liquid ,,1.00,0.00,0.00,0.00,1.0000,0.00,0.00,0.00,0.00,0.0000,0,0,0,0,0,0,True,0.0000,0.0000,0.0000,0.0000,False,0,True,False,False,True
03108,03,,Bop ADEK Powder ,,1.00,0.00,0.00,0.00,1.0000,0.00,0.00,0.00,0.00,0.0000,0,0,0,0,0,0,True,0.0000,0.0000,0.0000,0.0000,False,0,True,False,False,True
03109,03,,BOP Nephretic Powder ,,1.00,0.00,0.00,0.00,1.0000,0.00,0.00,0.00,0.00,0.0000,0,0,0,0,0,0,True,0.0000,0.0000,0.0000,0.0000,False,0,True,False,False,True
03110,03,,Minro-Lic mineral ,,1.00,0.00,0.00,0.00,1.0000,0.00,0.00,0.00,0.00,0.0000,0,0,0,0,0,0,True,0.0000,0.0000,0.0000,0.0000,False,0,True,False,False,True
03111,03,,VitaMinro-Lic Mineral,,1.00,0.00,0.00,0.00,1.0000,0.00,0.00,0.00,0.00,0.0000,0,0,0,0,0,0,True,0.0000,0.0000,0.0000,0.0000,False,0,True,False,False,True
03112,03,,Bento-lic Powder,,1.00,0.00,0.00,0.00,1.0000,0.00,0.00,0.00,0.00,0.0000,0,0,0,0,0,0,True,0.0000,0.0000,0.0000,0.0000,False,0,True,False,False,True
03113,03,,DCP-Lic Powder  (High),,1.00,0.00,0.00,0.00,1.0000,0.00,0.00,0.00,0.00,0.0000,0,0,0,0,0,0,True,0.0000,0.0000,0.0000,0.0000,False,0,True,False,False,True
03114,03,,Calco-Lic Liquid ,,1.00,0.00,0.00,0.00,1.0000,0.00,0.00,0.00,0.00,0.0000,0,0,0,0,0,0,True,0.0000,0.0000,0.0000,0.0000,False,0,True,False,False,True
03115,03,,Bio Yeast Liquid,,1.00,0.00,0.00,0.00,1.0000,0.00,0.00,0.00,0.00,0.0000,0,0,0,0,0,0,True,0.0000,0.0000,0.0000,0.0000,False,0,True,False,False,True
03116,03,,Mento Respi Liquid ,,1.00,0.00,0.00,0.00,1.0000,0.00,0.00,0.00,0.00,0.0000,0,0,0,0,0,0,True,0.0000,0.0000,0.0000,0.0000,False,0,True,False,False,True
03117,03,,Orga Fat-Lic ,,1.00,0.00,0.00,0.00,1.0000,0.00,0.00,0.00,0.00,0.0000,0,0,0,0,0,0,True,0.0000,0.0000,0.0000,0.0000,False,0,True,False,False,True
03118,03,,BOP Coolper Powder,,1.00,0.00,0.00,0.00,1.0000,0.00,0.00,0.00,0.00,0.0000,0,0,0,0,0,0,True,0.0000,0.0000,0.0000,0.0000,False,0,True,False,False,True
03119,03,,Stable C 20 Liquid ,,1.00,0.00,0.00,0.00,1.0000,0.00,0.00,0.00,0.00,0.0000,0,0,0,0,0,0,True,0.0000,0.0000,0.0000,0.0000,False,0,True,False,False,True
03120,03,,E.S 200 Liquid ,,1.00,0.00,0.00,0.00,1.0000,0.00,0.00,0.00,0.00,0.0000,0,0,0,0,0,0,True,0.0000,0.0000,0.0000,0.0000,False,0,True,False,False,True
03121,03,,Bio Adek Liquid ,,1.00,0.00,0.00,0.00,1.0000,0.00,0.00,0.00,0.00,0.0000,0,0,0,0,0,0,True,0.0000,0.0000,0.0000,0.0000,False,0,True,False,False,True
03122,03,,Ex.Tox Liquid ,,1.00,0.00,0.00,0.00,1.0000,0.00,0.00,0.00,0.00,0.0000,0,0,0,0,0,0,True,0.0000,0.0000,0.0000,0.0000,False,0,True,False,False,True
03123,03,,BOP Super Drink Powder,,1.00,0.00,0.00,0.00,1.0000,0.00,0.00,0.00,0.00,0.0000,0,0,0,0,0,0,True,0.0000,0.0000,0.0000,0.0000,False,0,True,False,False,True
03124,03,,Energo Lic Liquid ,,1.00,0.00,0.00,0.00,1.0000,0.00,0.00,0.00,0.00,0.0000,0,0,0,0,0,0,True,0.0000,0.0000,0.0000,0.0000,False,0,True,False,False,True
03127,03,,KimchiMex Liquid ,,1.00,0.00,0.00,0.00,1.0000,0.00,0.00,0.00,0.00,0.0000,0,0,0,0,0,0,True,0.0000,0.0000,0.0000,0.0000,False,0,True,False,False,True
03128,03,,Penta Copper Liquid,,1.00,0.00,0.00,0.00,1.0000,0.00,0.00,0.00,0.00,0.0000,0,0,0,0,0,0,True,0.0000,0.0000,0.0000,0.0000,False,0,True,False,False,True
03129,03,,Bop URETIC Powder ,,1.00,0.00,0.00,0.00,1.0000,0.00,0.00,0.00,0.00,0.0000,0,0,0,0,0,0,True,0.0000,0.0000,0.0000,0.0000,False,0,True,False,False,True
03130,03,,PROCOPCID Oral Liquid ,,1.00,0.00,0.00,0.00,1.0000,0.00,0.00,0.00,0.00,0.0000,0,0,0,0,0,0,True,0.0000,0.0000,0.0000,0.0000,False,0,True,False,False,True
03131,03,,EN-BOOST Liquid ,,1.00,0.00,0.00,0.00,1.0000,0.00,0.00,0.00,0.00,0.0000,0,0,0,0,0,0,True,0.0000,0.0000,0.0000,0.0000,False,0,True,False,False,True
03133,03,,MOOGROW Powder,,1.00,0.00,0.00,0.00,1.0000,0.00,0.00,0.00,0.00,0.0000,0,0,0,0,0,0,True,0.0000,0.0000,0.0000,0.0000,False,0,True,False,False,True
03134,03,,DCP Powder 29 %,,1.00,0.00,0.00,0.00,1.0000,0.00,0.00,0.00,0.00,0.0000,0,0,0,0,0,0,True,0.0000,0.0000,0.0000,0.0000,False,0,True,False,False,True
03135,03,,Toxi - Off Liquid ,,1.00,0.00,0.00,0.00,1.0000,0.00,0.00,0.00,0.00,0.0000,0,0,0,0,0,0,True,0.0000,0.0000,0.0000,0.0000,False,0,True,False,False,True
03136,03,,BOP Livercare powder ,,1.00,0.00,0.00,0.00,1.0000,0.00,0.00,0.00,0.00,0.0000,0,0,0,0,0,0,True,0.0000,0.0000,0.0000,0.0000,False,0,True,False,False,True
03137,03,,HepaTox Liquid,,1.00,0.00,0.00,0.00,1.0000,0.00,0.00,0.00,0.00,0.0000,0,0,0,0,0,0,True,0.0000,0.0000,0.0000,0.0000,False,0,True,False,False,True
03138,03,,Kimchi Gold Liquid,,1.00,0.00,0.00,0.00,1.0000,0.00,0.00,0.00,0.00,0.0000,0,0,0,0,0,0,True,0.0000,0.0000,0.0000,0.0000,False,0,True,False,False,True
03140,03,,HepaTox Forte Powder,,1.00,0.00,0.00,0.00,1.0000,0.00,0.00,0.00,0.00,0.0000,0,0,0,0,0,0,True,0.0000,0.0000,0.0000,0.0000,False,0,True,False,False,True
03141,03,,Sachro-lic Oral Powder,,1.00,0.00,0.00,0.00,1.0000,0.00,0.00,0.00,0.00,0.0000,0,0,0,0,0,0,True,0.0000,0.0000,0.0000,0.0000,False,0,True,False,False,True
03142,03,,Eggcelent liquid,,1.00,0.00,0.00,0.00,1.0000,0.00,0.00,0.00,0.00,0.0000,0,0,0,0,0,0,True,0.0000,0.0000,0.0000,0.0000,False,0,True,False,False,True
03143,03,,LivoCare liquid,,1.00,0.00,0.00,0.00,1.0000,0.00,0.00,0.00,0.00,0.0000,0,0,0,0,0,0,True,0.0000,0.0000,0.0000,0.0000,False,0,True,False,False,True
03144,03,,Yeast Plus Powder,,1.00,0.00,0.00,0.00,1.0000,0.00,0.00,0.00,0.00,0.0000,0,0,0,0,0,0,True,0.0000,0.0000,0.0000,0.0000,False,0,True,False,False,True
03145,03,,Mebrox Plus Oral Solution,,1.00,0.00,0.00,0.00,1.0000,0.00,0.00,0.00,0.00,0.0000,0,0,0,0,0,0,True,0.0000,0.0000,0.0000,0.0000,False,0,True,False,False,True
03146,03,,Profen C+ Powder ,,1.00,0.00,0.00,0.00,1.0000,0.00,0.00,0.00,0.00,0.0000,0,0,0,0,0,0,True,0.0000,0.0000,0.0000,0.0000,False,0,True,False,False,True
03147,03,,Hepatic Optimizer fort Powder,,1.00,0.00,0.00,0.00,1.0000,0.00,0.00,0.00,0.00,0.0000,0,0,0,0,0,0,True,0.0000,0.0000,0.0000,0.0000,False,0,True,False,False,True
03148,03,,Super Adeck Liquid,,1.00,0.00,0.00,0.00,1.0000,0.00,0.00,0.00,0.00,0.0000,0,0,0,0,0,0,True,0.0000,0.0000,0.0000,0.0000,False,0,True,False,False,True
03149,03,,Bio Adeck Liquid,,1.00,0.00,0.00,0.00,1.0000,0.00,0.00,0.00,0.00,0.0000,0,0,0,0,0,0,True,0.0000,0.0000,0.0000,0.0000,False,0,True,False,False,True
03150,03,,Kimchi Sal liquid,,1.00,0.00,0.00,0.00,1.0000,0.00,0.00,0.00,0.00,0.0000,0,0,0,0,0,0,True,0.0000,0.0000,0.0000,0.0000,False,0,True,False,False,True
03151,03,,Microgold-Bop,,1.00,0.00,0.00,0.00,1.0000,0.00,0.00,0.00,0.00,0.0000,0,0,0,0,0,0,True,0.0000,0.0000,0.0000,0.0000,False,0,True,False,False,True
03152,03,,Aquadjust Liquid,,1.00,0.00,0.00,0.00,1.0000,0.00,0.00,0.00,0.00,0.0000,0,0,0,0,0,0,True,0.0000,0.0000,0.0000,0.0000,False,0,True,False,False,True
03153,03,,Calcivit-D Powder,,1.00,0.00,0.00,0.00,1.0000,0.00,0.00,0.00,0.00,0.0000,0,0,0,0,0,0,True,0.0000,0.0000,0.0000,0.0000,False,0,True,False,False,True
03154,03,,Renal Fix Liquid,,1.00,0.00,0.00,0.00,1.0000,0.00,0.00,0.00,0.00,0.0000,0,0,0,0,0,0,True,0.0000,0.0000,0.0000,0.0000,False,0,True,False,False,True
03155,03,,Red Gold Mineral ,,1.00,0.00,0.00,0.00,1.0000,0.00,0.00,0.00,0.00,0.0000,0,0,0,0,0,0,True,0.0000,0.0000,0.0000,0.0000,False,0,True,False,False,True
03156,03,,Himax Dairy powder,,1.00,0.00,0.00,0.00,1.0000,0.00,0.00,0.00,0.00,0.0000,0,0,0,0,0,0,True,0.0000,0.0000,0.0000,0.0000,False,0,True,False,False,True
03158,03,,HY-CALD Liquid,,1.00,0.00,0.00,0.00,1.0000,0.00,0.00,0.00,0.00,0.0000,0,0,0,0,0,0,True,0.0000,0.0000,0.0000,0.0000,False,0,True,False,False,True
03159,03,,Nu-Sil-T Plus Liquid,,1.00,0.00,0.00,0.00,1.0000,0.00,0.00,0.00,0.00,0.0000,0,0,0,0,0,0,True,0.0000,0.0000,0.0000,0.0000,False,0,True,False,False,True
03160,03,,Avivita Plus Liquid,,1.00,0.00,0.00,0.00,1.0000,0.00,0.00,0.00,0.00,0.0000,0,0,0,0,0,0,True,0.0000,0.0000,0.0000,0.0000,False,0,True,False,False,True
03161,03,,BronchoFix Liquid,,1.00,0.00,0.00,0.00,1.0000,0.00,0.00,0.00,0.00,0.0000,0,0,0,0,0,0,True,0.0000,0.0000,0.0000,0.0000,False,0,True,False,False,True
03162,03,,P.H Cure Liquid,,1.00,0.00,0.00,0.00,1.0000,0.00,0.00,0.00,0.00,0.0000,0,0,0,0,0,0,True,0.0000,0.0000,0.0000,0.0000,False,0,True,False,False,True
03163,03,,Calcium 72 ,,1.00,0.00,0.00,0.00,1.0000,0.00,0.00,0.00,0.00,0.0000,0,0,0,0,0,0,True,0.0000,0.0000,0.0000,0.0000,False,0,True,False,False,True
03164,03,,Bop SUPPER TOX Powder,,1.00,0.00,0.00,0.00,1.0000,0.00,0.00,0.00,0.00,0.0000,0,0,0,0,0,0,True,0.0000,0.0000,0.0000,0.0000,False,0,True,False,False,True
03165,03,,Timp-Ex Oral Liquid ,,1.00,0.00,0.00,0.00,1.0000,0.00,0.00,0.00,0.00,0.0000,0,0,0,0,0,0,True,0.0000,0.0000,0.0000,0.0000,False,0,True,False,False,True
03166,03,,Hepatune Liquid,,1.00,0.00,0.00,0.00,1.0000,0.00,0.00,0.00,0.00,0.0000,0,0,0,0,0,0,True,0.0000,0.0000,0.0000,0.0000,False,0,True,False,False,True
03167,03,,Bop Dairy Calcium,,1.00,0.00,0.00,0.00,1.0000,0.00,0.00,0.00,0.00,0.0000,0,0,0,0,0,0,True,0.0000,0.0000,0.0000,0.0000,False,0,True,False,False,True
03168,03,,Bop Dairy Gold,,1.00,0.00,0.00,0.00,1.0000,0.00,0.00,0.00,0.00,0.0000,0,0,0,0,0,0,True,0.0000,0.0000,0.0000,0.0000,False,0,True,False,False,True
03169,03,,Bop Dairy Tox,,1.00,0.00,0.00,0.00,1.0000,0.00,0.00,0.00,0.00,0.0000,0,0,0,0,0,0,True,0.0000,0.0000,0.0000,0.0000,False,0,True,False,False,True
03170,03,,Calphos-D Liquid,,1.00,0.00,0.00,0.00,1.0000,0.00,0.00,0.00,0.00,0.0000,0,0,0,0,0,0,True,0.0000,0.0000,0.0000,0.0000,False,0,True,False,False,True
03171,03,,Bop Super Gold,,1.00,0.00,0.00,0.00,1.0000,0.00,0.00,0.00,0.00,0.0000,0,0,0,0,0,0,True,0.0000,0.0000,0.0000,0.0000,False,0,True,False,False,True
03172,03,,Aqua Guard Liquid,,1.00,0.00,0.00,0.00,1.0000,0.00,0.00,0.00,0.00,0.0000,0,0,0,0,0,0,True,0.0000,0.0000,0.0000,0.0000,False,0,True,False,False,True
03173,03,,Bop Dairy Mineral,,1.00,0.00,0.00,0.00,1.0000,0.00,0.00,0.00,0.00,0.0000,0,0,0,0,0,0,True,0.0000,0.0000,0.0000,0.0000,False,0,True,False,False,True
03174,03,,Calco-Best Liquid,,1.00,0.00,0.00,0.00,1.0000,0.00,0.00,0.00,0.00,0.0000,0,0,0,0,0,0,True,0.0000,0.0000,0.0000,0.0000,False,0,True,False,False,True
03175,03,,Sparko-80 Liquid,,1.00,0.00,0.00,0.00,1.0000,0.00,0.00,0.00,0.00,0.0000,0,0,0,0,0,0,True,0.0000,0.0000,0.0000,0.0000,False,0,True,False,False,True
03176,03,,Ampro-Plus Liquid,,1.00,0.00,0.00,0.00,1.0000,0.00,0.00,0.00,0.00,0.0000,0,0,0,0,0,0,True,0.0000,0.0000,0.0000,0.0000,False,0,True,False,False,True
03177,03,,Viro-Immune Liquid,,1.00,0.00,0.00,0.00,1.0000,0.00,0.00,0.00,0.00,0.0000,0,0,0,0,0,0,True,0.0000,0.0000,0.0000,0.0000,False,0,True,False,False,True
03178,03,,Veti-Guard Liquid,,1.00,0.00,0.00,0.00,1.0000,0.00,0.00,0.00,0.00,0.0000,0,0,0,0,0,0,True,0.0000,0.0000,0.0000,0.0000,False,0,True,False,False,True
03179,03,,Heaatic Optimizer Liquid,,1.00,0.00,0.00,0.00,1.0000,0.00,0.00,0.00,0.00,0.0000,0,0,0,0,0,0,True,0.0000,0.0000,0.0000,0.0000,False,0,True,False,False,True
03180,03,,Caldiphos Liquid,,1.00,0.00,0.00,0.00,1.0000,0.00,0.00,0.00,0.00,0.0000,0,0,0,0,0,0,True,0.0000,0.0000,0.0000,0.0000,False,0,True,False,False,True
03181,03,,Super Liver Liquid,,1.00,0.00,0.00,0.00,1.0000,0.00,0.00,0.00,0.00,0.0000,0,0,0,0,0,0,True,0.0000,0.0000,0.0000,0.0000,False,0,True,False,False,True
03182,03,,GrowMore Powder,,1.00,0.00,0.00,0.00,1.0000,0.00,0.00,0.00,0.00,0.0000,0,0,0,0,0,0,True,0.0000,0.0000,0.0000,0.0000,False,0,True,False,False,True
03183,03,,Pro-Tox Liquid,,1.00,0.00,0.00,0.00,1.0000,0.00,0.00,0.00,0.00,0.0000,0,0,0,0,0,0,True,0.0000,0.0000,0.0000,0.0000,False,0,True,False,False,True
03184,03,,Dcp-Gold powder,,1.00,0.00,0.00,0.00,1.0000,0.00,0.00,0.00,0.00,0.0000,0,0,0,0,0,0,True,0.0000,0.0000,0.0000,0.0000,False,0,True,False,False,True
03185,03,,Respi-Ease Oral Liquid ,,1.00,0.00,0.00,0.00,1.0000,0.00,0.00,0.00,0.00,0.0000,0,0,0,0,0,0,True,0.0000,0.0000,0.0000,0.0000,False,0,True,False,False,True
03186,03,,Bio ESEL 200 Oral Liquid ,,1.00,0.00,0.00,0.00,1.0000,0.00,0.00,0.00,0.00,0.0000,0,0,0,0,0,0,True,0.0000,0.0000,0.0000,0.0000,False,0,True,False,False,True
03187,03,,Lyzoguard Oral Liquid ,,1.00,0.00,0.00,0.00,1.0000,0.00,0.00,0.00,0.00,0.0000,0,0,0,0,0,0,True,0.0000,0.0000,0.0000,0.0000,False,0,True,False,False,True
03188,03,,TieTox Oral Liquid ,,1.00,0.00,0.00,0.00,1.0000,0.00,0.00,0.00,0.00,0.0000,0,0,0,0,0,0,True,0.0000,0.0000,0.0000,0.0000,False,0,True,False,False,True
03189,03,,Merlin Fix Oral Powder ,,1.00,0.00,0.00,0.00,1.0000,0.00,0.00,0.00,0.00,0.0000,0,0,0,0,0,0,True,0.0000,0.0000,0.0000,0.0000,False,0,True,False,False,True
03190,03,,CRD Mint Oral Liquid ,,1.00,0.00,0.00,0.00,1.0000,0.00,0.00,0.00,0.00,0.0000,0,0,0,0,0,0,True,0.0000,0.0000,0.0000,0.0000,False,0,True,False,False,True
03191,03,,Task 1 Oral Liquid  ,,1.00,0.00,0.00,0.00,1.0000,0.00,0.00,0.00,0.00,0.0000,0,0,0,0,0,0,True,0.0000,0.0000,0.0000,0.0000,False,0,True,False,False,True
03192,03,,Immunit Z Oral Liquid  ,,1.00,0.00,0.00,0.00,1.0000,0.00,0.00,0.00,0.00,0.0000,0,0,0,0,0,0,True,0.0000,0.0000,0.0000,0.0000,False,0,True,False,False,True
03193,03,,TopVit Oral Liquid  ,,1.00,0.00,0.00,0.00,1.0000,0.00,0.00,0.00,0.00,0.0000,0,0,0,0,0,0,True,0.0000,0.0000,0.0000,0.0000,False,0,True,False,False,True
03194,03,,MLC 100  Oral Liquid ,,1.00,0.00,0.00,0.00,1.0000,0.00,0.00,0.00,0.00,0.0000,0,0,0,0,0,0,True,0.0000,0.0000,0.0000,0.0000,False,0,True,False,False,True
03195,03,,Minto-Lic Oral Liquid  ,,1.00,0.00,0.00,0.00,1.0000,0.00,0.00,0.00,0.00,0.0000,0,0,0,0,0,0,True,0.0000,0.0000,0.0000,0.0000,False,0,True,False,False,True
03196,03,,Bop DCP Gold  Powder,,1.00,0.00,0.00,0.00,1.0000,0.00,0.00,0.00,0.00,0.0000,0,0,0,0,0,0,True,0.0000,0.0000,0.0000,0.0000,False,0,True,False,False,True
03197,03,,Reno Gurd Flush Oral Powder ,,1.00,0.00,0.00,0.00,1.0000,0.00,0.00,0.00,0.00,0.0000,0,0,0,0,0,0,True,0.0000,0.0000,0.0000,0.0000,False,0,True,False,False,True
03198,03,,Frost Oral Liquid ,,1.00,0.00,0.00,0.00,1.0000,0.00,0.00,0.00,0.00,0.0000,0,0,0,0,0,0,True,0.0000,0.0000,0.0000,0.0000,False,0,True,False,False,True
03199,03,,Flush Gold Oral Liquid ,,1.00,0.00,0.00,0.00,1.0000,0.00,0.00,0.00,0.00,0.0000,0,0,0,0,0,0,True,0.0000,0.0000,0.0000,0.0000,False,0,True,False,False,True
03200,03,,Super LIVFIT Oral Solution,,1.00,0.00,0.00,0.00,1.0000,0.00,0.00,0.00,0.00,0.0000,0,0,0,0,0,0,True,0.0000,0.0000,0.0000,0.0000,False,0,True,False,False,True
03201,03,,Acido Forte ,,1.00,0.00,0.00,0.00,1.0000,0.00,0.00,0.00,0.00,0.0000,0,0,0,0,0,0,True,0.0000,0.0000,0.0000,0.0000,False,0,True,False,False,True
03202,03,,VETLIV Oral Solution ,,1.00,0.00,0.00,0.00,1.0000,0.00,0.00,0.00,0.00,0.0000,0,0,0,0,0,0,True,0.0000,0.0000,0.0000,0.0000,False,0,True,False,False,True
03203,03,,Yeast Plus Oral Liquid ,,1.00,0.00,0.00,0.00,1.0000,0.00,0.00,0.00,0.00,0.0000,0,0,0,0,0,0,True,0.0000,0.0000,0.0000,0.0000,False,0,True,False,False,True
03204,03,,Adek Gold Oral Liquid ,,1.00,0.00,0.00,0.00,1.0000,0.00,0.00,0.00,0.00,0.0000,0,0,0,0,0,0,True,0.0000,0.0000,0.0000,0.0000,False,0,True,False,False,True
03205,03,,COPPER Gold Oral Liquid,,1.00,0.00,0.00,0.00,1.0000,0.00,0.00,0.00,0.00,0.0000,0,0,0,0,0,0,True,0.0000,0.0000,0.0000,0.0000,False,0,True,False,False,True
03206,03,,Hepa Gold Oral Liquid ,,1.00,0.00,0.00,0.00,1.0000,0.00,0.00,0.00,0.00,0.0000,0,0,0,0,0,0,True,0.0000,0.0000,0.0000,0.0000,False,0,True,False,False,True
03207,03,,Toxi Gold Forte Powder,,1.00,0.00,0.00,0.00,1.0000,0.00,0.00,0.00,0.00,0.0000,0,0,0,0,0,0,True,0.0000,0.0000,0.0000,0.0000,False,0,True,False,False,True
03208,03,,E.MUNE Gold Oral Liquid ,,1.00,0.00,0.00,0.00,1.0000,0.00,0.00,0.00,0.00,0.0000,0,0,0,0,0,0,True,0.0000,0.0000,0.0000,0.0000,False,0,True,False,False,True
03209,03,,Micro Milk Premix Oral powder ,,1.00,0.00,0.00,0.00,1.0000,0.00,0.00,0.00,0.00,0.0000,0,0,0,0,0,0,True,0.0000,0.0000,0.0000,0.0000,False,0,True,False,False,True
03210,03,,RUMEN GUARD Oral Powder ,,1.00,0.00,0.00,0.00,1.0000,0.00,0.00,0.00,0.00,0.0000,0,0,0,0,0,0,True,0.0000,0.0000,0.0000,0.0000,False,0,True,False,False,True
03211,03,,ULTRA IMMUNE Oral Liquid ,,1.00,0.00,0.00,0.00,1.0000,0.00,0.00,0.00,0.00,0.0000,0,0,0,0,0,0,True,0.0000,0.0000,0.0000,0.0000,False,0,True,False,False,True
03212,03,,HEATIC OPTIMIZER Liquid,,1.00,0.00,0.00,0.00,1.0000,0.00,0.00,0.00,0.00,0.0000,0,0,0,0,0,0,True,0.0000,0.0000,0.0000,0.0000,False,0,True,False,False,True
03213,03,,Bentox Plus Oral Powder ,,1.00,0.00,0.00,0.00,1.0000,0.00,0.00,0.00,0.00,0.0000,0,0,0,0,0,0,True,0.0000,0.0000,0.0000,0.0000,False,0,True,False,False,True
03214,03,,Chick Guard Oral Liquid ,,1.00,0.00,0.00,0.00,1.0000,0.00,0.00,0.00,0.00,0.0000,0,0,0,0,0,0,True,0.0000,0.0000,0.0000,0.0000,False,0,True,False,False,True
03215,03,,BOP E 50 Oral Liquid ,,1.00,0.00,0.00,0.00,1.0000,0.00,0.00,0.00,0.00,0.0000,0,0,0,0,0,0,True,0.0000,0.0000,0.0000,0.0000,False,0,True,False,False,True
03216,03,,Vital Gut Oral Liquid,,1.00,0.00,0.00,0.00,1.0000,0.00,0.00,0.00,0.00,0.0000,0,0,0,0,0,0,True,0.0000,0.0000,0.0000,0.0000,False,0,True,False,False,True
03217,03,,Levo Care Oral Liquid ,,1.00,0.00,0.00,0.00,1.0000,0.00,0.00,0.00,0.00,0.0000,0,0,0,0,0,0,True,0.0000,0.0000,0.0000,0.0000,False,0,True,False,False,True
03218,03,,Copper-Pro Oral Liquid ,,1.00,0.00,0.00,0.00,1.0000,0.00,0.00,0.00,0.00,0.0000,0,0,0,0,0,0,True,0.0000,0.0000,0.0000,0.0000,False,0,True,False,False,True
03219,03,,Myco-Sheild Oral Powder ,,1.00,0.00,0.00,0.00,1.0000,0.00,0.00,0.00,0.00,0.0000,0,0,0,0,0,0,True,0.0000,0.0000,0.0000,0.0000,False,0,True,False,False,True
03220,03,,Rehydrate Oral Liquid ,,1.00,0.00,0.00,0.00,1.0000,0.00,0.00,0.00,0.00,0.0000,0,0,0,0,0,0,True,0.0000,0.0000,0.0000,0.0000,False,0,True,False,False,True
03221,03,,Phyto-Phos Oral Liquid ,,1.00,0.00,0.00,0.00,1.0000,0.00,0.00,0.00,0.00,0.0000,0,0,0,0,0,0,True,0.0000,0.0000,0.0000,0.0000,False,0,True,False,False,True
03222,03,,Bop Buffer Plus ,,1.00,0.00,0.00,0.00,1.0000,0.00,0.00,0.00,0.00,0.0000,0,0,0,0,0,0,True,0.0000,0.0000,0.0000,0.0000,False,0,True,False,False,True
03223,03,,Tox End Oral Liquid ,,1.00,0.00,0.00,0.00,1.0000,0.00,0.00,0.00,0.00,0.0000,0,0,0,0,0,0,True,0.0000,0.0000,0.0000,0.0000,False,0,True,False,False,True
03224,03,,IG Max Oral Liquid ,,1.00,0.00,0.00,0.00,1.0000,0.00,0.00,0.00,0.00,0.0000,0,0,0,0,0,0,True,0.0000,0.0000,0.0000,0.0000,False,0,True,False,False,True
03225,03,,Pulmonal Oral Liquid ,,1.00,0.00,0.00,0.00,1.0000,0.00,0.00,0.00,0.00,0.0000,0,0,0,0,0,0,True,0.0000,0.0000,0.0000,0.0000,False,0,True,False,False,True
03226,03,,Neufen Gold Oral Powder,,1.00,0.00,0.00,0.00,1.0000,0.00,0.00,0.00,0.00,0.0000,0,0,0,0,0,0,True,0.0000,0.0000,0.0000,0.0000,False,0,True,False,False,True
03227,03,,Bovi Vitam Premix ,,1.00,0.00,0.00,0.00,1.0000,0.00,0.00,0.00,0.00,0.0000,0,0,0,0,0,0,True,0.0000,0.0000,0.0000,0.0000,False,0,True,False,False,True
03228,03,,Bovi Mineral Premix ,,1.00,0.00,0.00,0.00,1.0000,0.00,0.00,0.00,0.00,0.0000,0,0,0,0,0,0,True,0.0000,0.0000,0.0000,0.0000,False,0,True,False,False,True
03229,03,,Bovi Tox Oral Powder ,,1.00,0.00,0.00,0.00,1.0000,0.00,0.00,0.00,0.00,0.0000,0,0,0,0,0,0,True,0.0000,0.0000,0.0000,0.0000,False,0,True,False,False,True
03230,03,,Bovi Tox Plus Oral Powder ,,1.00,0.00,0.00,0.00,1.0000,0.00,0.00,0.00,0.00,0.0000,0,0,0,0,0,0,True,0.0000,0.0000,0.0000,0.0000,False,0,True,False,False,True
03231,03,,Bovi DCP Oral Powder ,,1.00,0.00,0.00,0.00,1.0000,0.00,0.00,0.00,0.00,0.0000,0,0,0,0,0,0,True,0.0000,0.0000,0.0000,0.0000,False,0,True,False,False,True
03232,03,,OxyResp Oral Liquid ,,1.00,0.00,0.00,0.00,1.0000,0.00,0.00,0.00,0.00,0.0000,0,0,0,0,0,0,True,0.0000,0.0000,0.0000,0.0000,False,0,True,False,False,True
03233,03,,LivTone Oral Liquid ,,1.00,0.00,0.00,0.00,1.0000,0.00,0.00,0.00,0.00,0.0000,0,0,0,0,0,0,True,0.0000,0.0000,0.0000,0.0000,False,0,True,False,False,True
03234,03,,Copper Chelate Oral Liquid ,,1.00,0.00,0.00,0.00,1.0000,0.00,0.00,0.00,0.00,0.0000,0,0,0,0,0,0,True,0.0000,0.0000,0.0000,0.0000,False,0,True,False,False,True
03235,03,,Vitamin E Sel Oral Liquid ,,1.00,0.00,0.00,0.00,1.0000,0.00,0.00,0.00,0.00,0.0000,0,0,0,0,0,0,True,0.0000,0.0000,0.0000,0.0000,False,0,True,False,False,True
03236,03,,LivGuard Oral Liquid ,,1.00,0.00,0.00,0.00,1.0000,0.00,0.00,0.00,0.00,0.0000,0,0,0,0,0,0,True,0.0000,0.0000,0.0000,0.0000,False,0,True,False,False,True
03237,03,,Bop Phytazyme Liquid Phytase ,,1.00,0.00,0.00,0.00,1.0000,0.00,0.00,0.00,0.00,0.0000,0,0,0,0,0,0,True,0.0000,0.0000,0.0000,0.0000,False,0,True,False,False,True
03238,03,,Herbs Gold Oral Liquid ,,1.00,0.00,0.00,0.00,1.0000,0.00,0.00,0.00,0.00,0.0000,0,0,0,0,0,0,True,0.0000,0.0000,0.0000,0.0000,False,0,True,False,False,True
03239,03,,DCP-LIC Oral Powder (Low),,1.00,0.00,0.00,0.00,1.0000,0.00,0.00,0.00,0.00,0.0000,0,0,0,0,0,0,True,0.0000,0.0000,0.0000,0.0000,False,0,True,False,False,True
03240,03,,Veto Respi Oral Liquid Oil Base ,,1.00,0.00,0.00,0.00,1.0000,0.00,0.00,0.00,0.00,0.0000,0,0,0,0,0,0,True,0.0000,0.0000,0.0000,0.0000,False,0,True,False,False,True
03241,03,,Toxin Pro Oral Liquid ,,1.00,0.00,0.00,0.00,1.0000,0.00,0.00,0.00,0.00,0.0000,0,0,0,0,0,0,True,0.0000,0.0000,0.0000,0.0000,False,0,True,False,False,True
03242,03,,Ultra E Sel Oral Liquid ,,1.00,0.00,0.00,0.00,1.0000,0.00,0.00,0.00,0.00,0.0000,0,0,0,0,0,0,True,0.0000,0.0000,0.0000,0.0000,False,0,True,False,False,True
03243,03,,Ultra LiverCare Oral Liquid ,,1.00,0.00,0.00,0.00,1.0000,0.00,0.00,0.00,0.00,0.0000,0,0,0,0,0,0,True,0.0000,0.0000,0.0000,0.0000,False,0,True,False,False,True
03244,03,, BOP Nutramin Forte,,1.00,0.00,0.00,0.00,1.0000,0.00,0.00,0.00,0.00,0.0000,0,0,0,0,0,0,True,0.0000,0.0000,0.0000,0.0000,False,0,True,False,False,True
03245,03,,JELITO Liquid ,,1.00,0.00,0.00,0.00,1.0000,0.00,0.00,0.00,0.00,0.0000,0,0,0,0,0,0,True,0.0000,0.0000,0.0000,0.0000,False,0,True,False,False,True
03246,03,,Bio E Sel 20 Oral Liquid ,,1.00,0.00,0.00,0.00,1.0000,0.00,0.00,0.00,0.00,0.0000,0,0,0,0,0,0,True,0.0000,0.0000,0.0000,0.0000,False,0,True,False,False,True
03247,03,,Electro Mune C Oral Liquid ,1,1.00,0.00,0.00,0.00,1.0000,0.00,0.00,0.00,0.00,0.0000,0,0,0,0,0,0,True,0.0000,0.0000,0.0000,0.0000,False,0,True,False,False,True
03248,03,, Aspolite C Oral Liquid ,1,1.00,0.00,0.00,0.00,1.0000,0.00,0.00,0.00,0.00,0.0000,0,0,0,0,0,0,True,0.0000,0.0000,0.0000,0.0000,False,0,True,False,False,True
03249,03,,BOP Glycholine Plus Oral Solution ,1,0.00,0.00,0.00,0.00,1.0000,0.00,0.00,0.00,0.00,0.0000,0,0,0,0,0,0,True,0.0000,0.0000,0.0000,0.0000,False,0,True,False,False,True
03250,03,,BromoKill  Liquid 25 Lit ,1,0.00,0.00,0.00,0.00,1.0000,0.00,0.00,0.00,0.00,0.0000,0,0,0,0,0,0,True,0.0000,0.0000,0.0000,0.0000,False,0,True,False,False,True
03251,03,,BOP Phytomex ,1,0.00,0.00,0.00,0.00,1.0000,0.00,0.00,0.00,0.00,0.0000,0,0,0,0,0,0,True,0.0000,0.0000,0.0000,0.0000,False,0,True,False,False,True
03252,03,,Zero Tox Liquid Toxin Binder ,,1.00,0.00,0.00,0.00,1.0000,0.00,0.00,0.00,0.00,0.0000,0,0,0,0,0,0,True,0.0000,0.0000,0.0000,0.0000,False,0,True,False,False,True
03253,03,,BOP Yeast Oral Powder (High),,1.00,0.00,0.00,0.00,1.0000,0.00,0.00,0.00,0.00,0.0000,0,0,0,0,0,0,True,0.0000,0.0000,0.0000,0.0000,False,0,True,False,False,True
03254,03,,Hepa Leo Oral Liquid ,,1.00,0.00,0.00,0.00,1.0000,0.00,0.00,0.00,0.00,0.0000,0,0,0,0,0,0,True,0.0000,0.0000,0.0000,0.0000,False,0,True,False,False,True
03255,03,,Leo Hepaton Oral Liquid ,,1.00,0.00,0.00,0.00,1.0000,0.00,0.00,0.00,0.00,0.0000,0,0,0,0,0,0,True,0.0000,0.0000,0.0000,0.0000,False,0,True,False,False,True
03256,03,,Leo Adsorbo Oral Liquid ,,1.00,0.00,0.00,0.00,1.0000,0.00,0.00,0.00,0.00,0.0000,0,0,0,0,0,0,True,0.0000,0.0000,0.0000,0.0000,False,0,True,False,False,True
03257,03,,Leo Inhalex Oral Liquid ,,1.00,0.00,0.00,0.00,1.0000,0.00,0.00,0.00,0.00,0.0000,0,0,0,0,0,0,True,0.0000,0.0000,0.0000,0.0000,False,0,True,False,False,True
03258,03,,Leo Immunomax Oral Liquid ,,1.00,0.00,0.00,0.00,1.0000,0.00,0.00,0.00,0.00,0.0000,0,0,0,0,0,0,True,0.0000,0.0000,0.0000,0.0000,False,0,True,False,False,True
03259,03,,PhytoFat Gold ,,1.00,0.00,0.00,0.00,1.0000,0.00,0.00,0.00,0.00,0.0000,0,0,0,0,0,0,True,0.0000,0.0000,0.0000,0.0000,False,0,True,False,False,True
03260,03,,Leo Viton Oral Liquid ,,1.00,0.00,0.00,0.00,1.0000,0.00,0.00,0.00,0.00,0.0000,0,0,0,0,0,0,True,0.0000,0.0000,0.0000,0.0000,False,0,True,False,False,True
03261,03,,Leo Cid Pro ,,1.00,0.00,0.00,0.00,1.0000,0.00,0.00,0.00,0.00,0.0000,0,0,0,0,0,0,True,0.0000,0.0000,0.0000,0.0000,False,0,True,False,False,True
03262,03,,Leo Sorbex Oral Powder ,,1.00,0.00,0.00,0.00,1.0000,0.00,0.00,0.00,0.00,0.0000,0,0,0,0,0,0,True,0.0000,0.0000,0.0000,0.0000,False,0,True,False,False,True
03263,03,,Leo Abmrox Oral Liquid ,,1.00,0.00,0.00,0.00,1.0000,0.00,0.00,0.00,0.00,0.0000,0,0,0,0,0,0,True,0.0000,0.0000,0.0000,0.0000,False,0,True,False,False,True
03264,03,,Febro Meon Spray,,1.00,0.00,0.00,0.00,1.0000,0.00,0.00,0.00,0.00,0.0000,0,0,0,0,0,0,True,0.0000,0.0000,0.0000,0.0000,False,0,True,False,False,True
03265,03,,CS Guard 20 Oral Liquid ,,1.00,0.00,0.00,0.00,1.0000,0.00,0.00,0.00,0.00,0.0000,0,0,0,0,0,0,True,0.0000,0.0000,0.0000,0.0000,False,0,True,False,False,True
03266,03,,Vital Frame Oral Liquid ,,1.00,0.00,0.00,0.00,1.0000,0.00,0.00,0.00,0.00,0.0000,0,0,0,0,0,0,True,0.0000,0.0000,0.0000,0.0000,False,0,True,False,False,True
03267,03,,MLC 360 Oral Liquid ,,1.00,0.00,0.00,0.00,1.0000,0.00,0.00,0.00,0.00,0.0000,0,0,0,0,0,0,True,0.0000,0.0000,0.0000,0.0000,False,0,True,False,False,True
03268,03,,BOP TOX Oral Powder ,,1.00,0.00,0.00,0.00,1.0000,0.00,0.00,0.00,0.00,0.0000,0,0,0,0,0,0,True,0.0000,0.0000,0.0000,0.0000,False,0,True,False,False,True
03269,03,,Leo Flush Oral Liquid ,,1.00,0.00,0.00,0.00,1.0000,0.00,0.00,0.00,0.00,0.0000,0,0,0,0,0,0,True,0.0000,0.0000,0.0000,0.0000,False,0,True,False,False,True
03270,03,,BOP DCAD Powder ,,1.00,0.00,0.00,0.00,1.0000,0.00,0.00,0.00,0.00,0.0000,0,0,0,0,0,0,True,0.0000,0.0000,0.0000,0.0000,False,0,True,False,False,True
03271,03,,Bio Guard oral Liquid ,,1.00,0.00,0.00,0.00,1.0000,0.00,0.00,0.00,0.00,0.0000,0,0,0,0,0,0,True,0.0000,0.0000,0.0000,0.0000,False,0,True,False,False,True
03272,03,,Garlic Pro Oral Liquid  ,,1.00,0.00,0.00,0.00,1.0000,0.00,0.00,0.00,0.00,0.0000,0,0,0,0,0,0,True,0.0000,0.0000,0.0000,0.0000,False,0,True,False,False,True
03273,03,,Bio Drink Oral Powder ,,1.00,0.00,0.00,0.00,1.0000,0.00,0.00,0.00,0.00,0.0000,0,0,0,0,0,0,True,0.0000,0.0000,0.0000,0.0000,False,0,True,False,False,True
03274,03,,Bop Cranol Oral Powder ,,1.00,0.00,0.00,0.00,1.0000,0.00,0.00,0.00,0.00,0.0000,0,0,0,0,0,0,True,0.0000,0.0000,0.0000,0.0000,False,0,True,False,False,True
03275,03,,Ocid Fort Oral Liquid ,,1.00,0.00,0.00,0.00,1.0000,0.00,0.00,0.00,0.00,0.0000,0,0,0,0,0,0,True,0.0000,0.0000,0.0000,0.0000,False,0,True,False,False,True
03276,03,,Brosteine 15 Oral Liquid ,,1.00,0.00,0.00,0.00,1.0000,0.00,0.00,0.00,0.00,0.0000,0,0,0,0,0,0,True,0.0000,0.0000,0.0000,0.0000,False,0,True,False,False,True
03277,03,,Copper lac oral liquid ,,1.00,0.00,0.00,0.00,1.0000,0.00,0.00,0.00,0.00,0.0000,0,0,0,0,0,0,True,0.0000,0.0000,0.0000,0.0000,False,0,True,False,False,True
03278,03,,Copper Lac plus Oral Liquid ,,1.00,0.00,0.00,0.00,1.0000,0.00,0.00,0.00,0.00,0.0000,0,0,0,0,0,0,True,0.0000,0.0000,0.0000,0.0000,False,0,True,False,False,True
03279,03,,Tox Go Vital Oral Liquid ,,1.00,0.00,0.00,0.00,1.0000,0.00,0.00,0.00,0.00,0.0000,0,0,0,0,0,0,True,0.0000,0.0000,0.0000,0.0000,False,0,True,False,False,True
03280,03,,Promune 35 Oral Liquid ,,1.00,0.00,0.00,0.00,1.0000,0.00,0.00,0.00,0.00,0.0000,0,0,0,0,0,0,True,0.0000,0.0000,0.0000,0.0000,False,0,True,False,False,True
03281,03,,Grow Pro + Oral Liquid ,,1.00,0.00,0.00,0.00,1.0000,0.00,0.00,0.00,0.00,0.0000,0,0,0,0,0,0,True,0.0000,0.0000,0.0000,0.0000,False,0,True,False,False,True
03282,03,,Bop Super Premix Oral Powder ,,1.00,0.00,0.00,0.00,1.0000,0.00,0.00,0.00,0.00,0.0000,0,0,0,0,0,0,True,0.0000,0.0000,0.0000,0.0000,False,0,True,False,False,True
03283,03,,Tox Guard Plus Oral Liquid ,,1.00,0.00,0.00,0.00,1.0000,0.00,0.00,0.00,0.00,0.0000,0,0,0,0,0,0,True,0.0000,0.0000,0.0000,0.0000,False,0,True,False,False,True
03284,03,,Garliment Forte Oral Liquid ,,1.00,0.00,0.00,0.00,1.0000,0.00,0.00,0.00,0.00,0.0000,0,0,0,0,0,0,True,0.0000,0.0000,0.0000,0.0000,False,0,True,False,False,True
03285,03,,Cambo Stab C Oral Liquid ,,1.00,0.00,0.00,0.00,1.0000,0.00,0.00,0.00,0.00,0.0000,0,0,0,0,0,0,True,0.0000,0.0000,0.0000,0.0000,False,0,True,False,False,True
03286,03,,MYCOVIX PLUS ORAL LIQUID ,,1.00,0.00,0.00,0.00,1.0000,0.00,0.00,0.00,0.00,0.0000,0,0,0,0,0,0,True,0.0000,0.0000,0.0000,0.0000,False,0,True,False,False,True
03287,03,,THERMOXFIX C ORAL LIQUID ,,1.00,0.00,0.00,0.00,1.0000,0.00,0.00,0.00,0.00,0.0000,0,0,0,0,0,0,True,0.0000,0.0000,0.0000,0.0000,False,0,True,False,False,True
03288,03,,RESPIFIX PLUS ORAL LIQUID ,,1.00,0.00,0.00,0.00,1.0000,0.00,0.00,0.00,0.00,0.0000,0,0,0,0,0,0,True,0.0000,0.0000,0.0000,0.0000,False,0,True,False,False,True
03289,03,,ADEVIX C ORAL LIQUID ,,1.00,0.00,0.00,0.00,1.0000,0.00,0.00,0.00,0.00,0.0000,0,0,0,0,0,0,True,0.0000,0.0000,0.0000,0.0000,False,0,True,False,False,True
03290,03,,IMUNIIX PLUS ORAL LIQUID,,1.00,0.00,0.00,0.00,1.0000,0.00,0.00,0.00,0.00,0.0000,0,0,0,0,0,0,True,0.0000,0.0000,0.0000,0.0000,False,0,True,False,False,True
03291,03,,AQUAFIX PLUS ORAL LIQUID ,,1.00,0.00,0.00,0.00,1.0000,0.00,0.00,0.00,0.00,0.0000,0,0,0,0,0,0,True,0.0000,0.0000,0.0000,0.0000,False,0,True,False,False,True
03292,03,,MB Adek Oril Liquid ,,1.00,0.00,0.00,0.00,1.0000,0.00,0.00,0.00,0.00,0.0000,0,0,0,0,0,0,True,0.0000,0.0000,0.0000,0.0000,False,0,True,False,False,True
03293,03,,MB VitaMun Oral Liquid ,,1.00,0.00,0.00,0.00,1.0000,0.00,0.00,0.00,0.00,0.0000,0,0,0,0,0,0,True,0.0000,0.0000,0.0000,0.0000,False,0,True,False,False,True
03294,03,,LEO Civon ,,1.00,0.00,0.00,0.00,1.0000,0.00,0.00,0.00,0.00,0.0000,0,0,0,0,0,0,True,0.0000,0.0000,0.0000,0.0000,False,0,True,False,False,True
03295,03,,MB FCR Grow Oral Powder ,,1.00,0.00,0.00,0.00,1.0000,0.00,0.00,0.00,0.00,0.0000,0,0,0,0,0,0,True,0.0000,0.0000,0.0000,0.0000,False,0,True,False,False,True
03296,03,,MB Neutral Plus Oral Powder,,1.00,0.00,0.00,0.00,1.0000,0.00,0.00,0.00,0.00,0.0000,0,0,0,0,0,0,True,0.0000,0.0000,0.0000,0.0000,False,0,True,False,False,True
03297,03,,De Resp Oral Liquid ,,1.00,0.00,0.00,0.00,1.0000,0.00,0.00,0.00,0.00,0.0000,0,0,0,0,0,0,True,0.0000,0.0000,0.0000,0.0000,False,0,True,False,False,True
03298,03,,De Mune Oral Liquid ,,1.00,0.00,0.00,0.00,1.0000,0.00,0.00,0.00,0.00,0.0000,0,0,0,0,0,0,True,0.0000,0.0000,0.0000,0.0000,False,0,True,False,False,True
03299,03,,Livocent Plus Oril Liquid  ,,1.00,0.00,0.00,0.00,1.0000,0.00,0.00,0.00,0.00,0.0000,0,0,0,0,0,0,True,0.0000,0.0000,0.0000,0.0000,False,0,True,False,False,True
03300,03,,Es Dec Oral Liquid ,,1.00,0.00,0.00,0.00,1.0000,0.00,0.00,0.00,0.00,0.0000,0,0,0,0,0,0,True,0.0000,0.0000,0.0000,0.0000,False,0,True,False,False,True
03301,03,,Deak C Oril Liquid,,1.00,0.00,0.00,0.00,1.0000,0.00,0.00,0.00,0.00,0.0000,0,0,0,0,0,0,True,0.0000,0.0000,0.0000,0.0000,False,0,True,False,False,True
03302,03,,Bop Restore-M ,,1.00,0.00,0.00,0.00,1.0000,0.00,0.00,0.00,0.00,0.0000,0,0,0,0,0,0,True,0.0000,0.0000,0.0000,0.0000,False,0,True,False,False,True
