CollectionId,CollectionDate,IsWithInvoices,IsPosted,SalesmanID,UserNo,CashAccount
1,07/10/2023 00:00:00,False,False,,1,111
2,07/13/2023 00:00:00,False,False,,1,111
3,07/09/2023 00:00:00,False,False,,1,111
4,07/10/2023 00:00:00,False,False,,1,111
5,07/11/2023 00:00:00,False,False,,1,111
6,07/16/2023 00:00:00,False,False,,1,111
7,07/12/2023 00:00:00,False,False,,1,111
8,07/10/2023 00:00:00,False,False,,1,111
9,07/17/2023 00:00:00,False,False,,1,111
10,07/17/2023 00:00:00,False,False,,1,111
11,07/18/2023 00:00:00,False,False,,1,111
12,07/14/2023 00:00:00,False,False,,1,111
13,07/15/2023 00:00:00,False,False,,1,111
14,07/18/2023 00:00:00,False,False,,1,111
15,07/18/2023 00:00:00,False,False,,1,111
16,07/18/2023 00:00:00,False,False,,1,111
17,07/11/2023 00:00:00,False,False,,1,111
18,07/18/2023 00:00:00,False,False,,1,111
19,07/18/2023 00:00:00,False,False,,1,111
20,07/18/2023 00:00:00,False,False,,1,111
21,07/07/2023 00:00:00,False,False,,1,111
22,07/08/2023 00:00:00,False,False,,1,111
23,07/10/2023 00:00:00,False,False,,1,111
24,07/10/2023 00:00:00,False,False,,1,111
25,07/10/2023 00:00:00,False,False,,1,111
26,07/13/2023 00:00:00,False,False,,1,111
27,07/20/2023 00:00:00,False,False,,1,111
28,07/22/2023 00:00:00,False,False,,1,111
30,07/22/2023 00:00:00,False,False,,1,111
32,07/24/2023 00:00:00,False,False,,1,111
33,07/24/2023 00:00:00,False,False,,1,111
34,07/24/2023 00:00:00,False,False,,1,111
35,07/25/2023 00:00:00,False,False,,1,111
36,07/25/2023 00:00:00,False,False,,1,111
37,07/27/2023 00:00:00,False,False,,1,111
38,07/27/2023 00:00:00,False,False,,1,111
39,07/27/2023 00:00:00,False,False,,1,111
40,07/27/2023 00:00:00,False,False,,1,111
41,07/28/2023 00:00:00,False,False,,1,111
42,07/31/2023 00:00:00,False,False,,1,111
43,08/01/2023 00:00:00,False,False,,1,111
44,08/01/2023 00:00:00,False,False,,1,111
45,08/02/2023 00:00:00,False,False,,1,111
46,08/05/2023 00:00:00,False,False,,1,111
47,08/06/2023 00:00:00,False,False,,1,111
48,08/07/2023 00:00:00,False,False,,1,111
49,08/07/2023 00:00:00,False,False,,1,111
50,08/03/2023 00:00:00,False,False,,1,111
51,08/07/2023 00:00:00,False,False,,1,111
52,08/08/2023 00:00:00,False,False,,1,111
53,08/08/2023 00:00:00,False,False,,1,111
54,08/08/2023 00:00:00,False,False,,1,111
55,08/09/2023 00:00:00,False,False,,1,111
56,08/09/2023 00:00:00,False,False,,1,111
57,08/09/2023 00:00:00,False,False,,1,111
58,08/10/2023 00:00:00,False,False,,1,111
59,08/10/2023 00:00:00,False,False,,1,111
60,08/10/2023 00:00:00,False,False,,1,111
61,08/10/2023 00:00:00,False,False,,1,111
62,08/10/2023 00:00:00,False,False,,1,111
63,08/10/2023 00:00:00,False,False,,1,111
64,08/10/2023 00:00:00,False,False,,1,111
65,08/11/2023 00:00:00,False,False,,1,111
66,08/11/2023 00:00:00,False,False,,1,111
67,08/11/2023 00:00:00,False,False,,1,111
68,08/11/2023 00:00:00,False,False,,1,111
69,08/11/2023 00:00:00,False,False,,1,111
70,08/13/2023 00:00:00,False,False,,1,111
71,08/15/2023 00:00:00,False,False,,1,111
72,08/15/2023 00:00:00,False,False,,1,111
73,08/15/2023 00:00:00,False,False,,1,111
74,08/16/2023 00:00:00,False,False,,1,111
75,08/17/2023 00:00:00,False,False,,1,111
76,08/19/2023 00:00:00,False,False,,1,111
77,08/21/2023 00:00:00,False,False,,1,111
78,08/22/2023 00:00:00,False,False,,1,111
79,08/22/2023 00:00:00,False,False,,1,111
80,08/23/2023 00:00:00,False,False,,1,111
81,08/23/2023 00:00:00,False,False,,1,111
82,08/24/2023 00:00:00,False,False,,1,111
83,08/24/2023 00:00:00,False,False,,1,111
84,08/24/2023 00:00:00,False,False,,1,111
85,08/25/2023 00:00:00,False,False,,1,111
86,08/25/2023 00:00:00,False,False,,1,111
87,08/25/2023 00:00:00,False,False,,1,111
88,08/26/2023 00:00:00,False,False,,1,111
89,08/26/2023 00:00:00,False,False,,1,111
90,08/27/2023 00:00:00,False,False,,1,111
91,08/28/2023 00:00:00,False,False,,1,111
92,08/29/2023 00:00:00,False,False,,1,111
93,08/29/2023 00:00:00,False,False,,1,111
94,08/30/2023 00:00:00,False,False,,1,111
95,08/30/2023 00:00:00,False,False,,1,111
96,08/30/2023 00:00:00,False,False,,1,111
97,08/30/2023 00:00:00,False,False,,1,111
98,08/31/2023 00:00:00,False,False,,1,111
99,08/31/2023 00:00:00,False,False,,1,111
100,08/31/2023 00:00:00,False,False,,1,111
101,08/31/2023 00:00:00,False,False,,1,111
102,08/31/2023 00:00:00,False,False,,1,111
103,08/31/2023 00:00:00,False,False,,1,111
104,09/03/2023 00:00:00,False,False,,1,111
105,09/03/2023 00:00:00,False,False,,1,111
106,09/05/2023 00:00:00,False,False,,1,111
107,09/05/2023 00:00:00,False,False,,1,111
108,09/05/2023 00:00:00,False,False,,1,111
109,09/15/2023 00:00:00,False,False,,1,111
110,09/23/2023 00:00:00,False,False,,1,111
111,09/07/2023 00:00:00,False,False,,1,111
112,09/07/2023 00:00:00,False,False,,1,111
113,09/07/2023 00:00:00,False,False,,1,111
114,09/07/2023 00:00:00,False,False,,1,111
115,09/07/2023 00:00:00,False,False,,1,111
116,09/08/2023 00:00:00,False,False,,1,111
117,09/08/2023 00:00:00,False,False,,1,111
118,09/08/2023 00:00:00,False,False,,1,111
119,09/08/2023 00:00:00,False,False,,1,111
121,09/09/2023 00:00:00,False,False,,1,111
122,09/09/2023 00:00:00,False,False,,1,111
123,09/09/2023 00:00:00,False,False,,1,111
124,09/10/2023 00:00:00,False,False,,1,111
125,09/11/2023 00:00:00,False,False,,1,111
126,09/11/2023 00:00:00,False,False,,1,111
127,09/12/2023 00:00:00,False,False,,1,111
128,09/12/2023 00:00:00,False,False,,1,111
129,09/13/2023 00:00:00,False,False,,1,111
130,09/13/2023 00:00:00,False,False,,1,111
131,09/13/2023 00:00:00,False,False,,1,111
132,09/14/2023 00:00:00,False,False,,1,111
133,09/14/2023 00:00:00,False,False,,1,111
134,09/15/2023 00:00:00,False,False,,1,111
135,09/15/2023 00:00:00,False,False,,1,111
136,09/16/2023 00:00:00,False,False,,1,111
137,09/16/2023 00:00:00,False,False,,1,111
138,09/16/2023 00:00:00,False,False,,1,111
139,09/17/2023 00:00:00,False,False,,1,111
140,09/17/2023 00:00:00,False,False,,1,111
141,09/17/2023 00:00:00,False,False,,1,111
142,09/18/2023 00:00:00,False,False,,1,111
143,09/18/2023 00:00:00,False,False,,1,111
144,09/19/2023 00:00:00,False,False,,1,111
145,09/19/2023 00:00:00,False,False,,1,111
146,09/19/2023 00:00:00,False,False,,1,111
147,09/20/2023 00:00:00,False,False,,1,111
148,09/20/2023 00:00:00,False,False,,1,111
149,09/20/2023 00:00:00,False,False,,1,111
150,09/20/2023 00:00:00,False,False,,1,111
151,09/21/2023 00:00:00,False,False,,1,111
152,09/21/2023 00:00:00,False,False,,1,111
153,09/21/2023 00:00:00,False,False,,1,111
154,09/21/2023 00:00:00,False,False,,1,111
155,09/22/2023 00:00:00,False,False,,1,111
156,09/22/2023 00:00:00,False,False,,1,111
157,09/23/2023 00:00:00,False,False,,1,111
158,09/23/2023 00:00:00,False,False,,1,111
159,09/23/2023 00:00:00,False,False,,1,111
160,09/23/2023 00:00:00,False,False,,1,111
161,09/25/2023 00:00:00,False,False,,1,111
162,09/26/2023 00:00:00,False,False,,1,111
163,09/27/2023 00:00:00,False,False,,1,111
164,09/28/2023 00:00:00,False,False,,1,111
165,09/28/2023 00:00:00,False,False,,1,111
166,09/30/2023 00:00:00,False,False,,1,111
167,09/30/2023 00:00:00,False,False,,1,111
168,09/30/2023 00:00:00,False,False,,1,111
169,09/30/2023 00:00:00,False,False,,1,111
171,10/03/2023 00:00:00,False,False,,1,111
172,10/05/2023 00:00:00,False,False,,1,111
173,10/05/2023 00:00:00,False,False,,1,111
174,10/06/2023 00:00:00,False,False,,1,111
175,10/06/2023 00:00:00,False,False,,1,111
176,10/07/2023 00:00:00,False,False,,1,111
177,10/09/2023 00:00:00,False,False,,1,111
178,09/08/2023 00:00:00,False,False,,1,111
179,09/30/2023 00:00:00,False,False,,1,111
180,10/10/2023 00:00:00,False,False,,1,111
181,10/10/2023 00:00:00,False,False,,1,111
182,10/10/2023 00:00:00,False,False,,1,111
183,10/11/2023 00:00:00,False,False,,1,111
184,10/11/2023 00:00:00,False,False,,1,111
185,10/11/2023 00:00:00,False,False,,1,111
186,10/12/2023 00:00:00,False,False,,1,111
187,10/12/2023 00:00:00,False,False,,1,111
188,10/12/2023 00:00:00,False,False,,1,111
189,10/12/2023 00:00:00,False,False,,1,111
190,10/14/2023 00:00:00,False,False,,1,111
191,10/15/2023 00:00:00,False,False,,1,111
192,10/16/2023 00:00:00,False,False,,1,111
193,10/16/2023 00:00:00,False,False,,1,111
194,10/17/2023 00:00:00,False,False,,1,111
195,10/20/2023 00:00:00,False,False,,1,111
196,10/20/2023 00:00:00,False,False,,1,111
197,10/20/2023 00:00:00,False,False,,1,111
198,10/20/2023 00:00:00,False,False,,1,111
199,10/23/2023 00:00:00,False,False,,1,111
200,10/23/2023 00:00:00,False,False,,1,111
201,10/23/2023 00:00:00,False,False,,1,111
202,10/24/2023 00:00:00,False,False,,1,111
203,10/24/2023 00:00:00,False,False,,1,111
204,10/24/2023 00:00:00,False,False,,1,111
205,10/25/2023 00:00:00,False,False,,1,111
206,10/25/2023 00:00:00,False,False,,1,111
207,10/25/2023 00:00:00,False,False,,1,111
208,10/26/2023 00:00:00,False,False,,1,111
209,10/26/2023 00:00:00,False,False,,1,111
210,10/26/2023 00:00:00,False,False,,1,111
211,10/28/2023 00:00:00,False,False,,1,111
212,10/28/2023 00:00:00,False,False,,1,111
213,10/29/2023 00:00:00,False,False,,1,111
214,10/30/2023 00:00:00,False,False,,1,111
215,10/30/2023 00:00:00,False,False,,1,111
216,10/30/2023 00:00:00,False,False,,1,111
217,10/30/2023 00:00:00,False,False,,1,111
218,10/31/2023 00:00:00,False,False,,1,111
219,10/31/2023 00:00:00,False,False,,1,111
220,10/31/2023 00:00:00,False,False,,1,111
221,07/28/2023 00:00:00,False,False,,1,111
222,08/22/2023 00:00:00,False,False,,1,111
223,11/03/2023 00:00:00,False,False,,1,111
224,11/01/2023 00:00:00,False,False,,1,111
225,11/02/2023 00:00:00,False,False,,1,111
226,11/02/2023 00:00:00,False,False,,1,111
227,11/05/2023 00:00:00,False,False,,1,111
228,11/05/2023 00:00:00,False,False,,1,111
229,11/07/2023 00:00:00,False,False,,1,111
230,11/08/2023 00:00:00,False,False,,1,111
231,11/10/2023 00:00:00,False,False,,1,111
232,11/10/2023 00:00:00,False,False,,1,111
233,11/11/2023 00:00:00,False,False,,1,111
234,11/11/2023 00:00:00,False,False,,1,111
235,11/11/2023 00:00:00,False,False,,1,111
236,11/13/2023 00:00:00,False,False,,1,111
237,11/13/2023 00:00:00,False,False,,1,111
238,11/14/2023 00:00:00,False,False,,1,111
239,11/14/2023 00:00:00,False,False,,1,111
240,11/15/2023 00:00:00,False,False,,1,111
241,11/15/2023 00:00:00,False,False,,1,111
242,11/16/2023 00:00:00,False,False,,1,111
243,11/16/2023 00:00:00,False,False,,1,111
244,11/16/2023 00:00:00,False,False,,1,111
245,11/16/2023 00:00:00,False,False,,1,111
246,11/16/2023 00:00:00,False,False,,1,111
247,11/16/2023 00:00:00,False,False,,1,111
248,11/17/2023 00:00:00,False,False,,1,111
249,11/18/2023 00:00:00,False,False,,1,111
250,11/19/2023 00:00:00,False,False,,1,111
251,11/21/2023 00:00:00,False,False,,1,111
252,11/22/2023 00:00:00,False,False,,1,111
253,11/22/2023 00:00:00,False,False,,1,111
254,11/22/2023 00:00:00,False,False,,1,111
255,11/25/2023 00:00:00,False,False,,1,111
256,11/26/2023 00:00:00,False,False,,1,111
257,11/27/2023 00:00:00,False,False,,1,111
258,11/27/2023 00:00:00,False,False,,1,111
259,11/28/2023 00:00:00,False,False,,1,111
260,11/28/2023 00:00:00,False,False,,1,111
261,11/28/2023 00:00:00,False,False,,1,111
262,11/20/2023 00:00:00,False,False,,1,111
263,11/30/2023 00:00:00,False,False,,1,111
264,11/30/2023 00:00:00,False,False,,1,111
265,11/30/2023 00:00:00,False,False,,1,111
266,10/23/2023 00:00:00,False,False,,1,111
267,10/26/2023 00:00:00,False,False,,1,111
268,12/01/2023 00:00:00,False,False,,1,111
269,12/02/2023 00:00:00,False,False,,1,111
270,12/03/2023 00:00:00,False,False,,1,111
271,12/04/2023 00:00:00,False,False,,1,111
272,12/04/2023 00:00:00,False,False,,1,111
273,12/05/2023 00:00:00,False,False,,1,111
274,12/06/2023 00:00:00,False,False,,1,111
275,12/07/2023 00:00:00,False,False,,1,111
276,12/07/2023 00:00:00,False,False,,1,111
277,12/08/2023 00:00:00,False,False,,1,111
278,12/08/2023 00:00:00,False,False,,1,111
279,12/09/2023 00:00:00,False,False,,1,111
280,12/10/2023 00:00:00,False,False,,1,111
281,12/10/2023 00:00:00,False,False,,1,111
282,12/12/2023 00:00:00,False,False,,1,111
283,12/13/2023 00:00:00,False,False,,1,111
284,12/13/2023 00:00:00,False,False,,1,111
285,12/13/2023 00:00:00,False,False,,1,111
286,12/13/2023 00:00:00,False,False,,1,111
287,12/14/2023 00:00:00,False,False,,1,111
288,12/15/2023 00:00:00,False,False,,1,111
289,12/15/2023 00:00:00,False,False,,1,111
290,12/15/2023 00:00:00,False,False,,1,111
291,12/16/2023 00:00:00,False,False,,1,111
292,12/16/2023 00:00:00,False,False,,1,111
293,12/16/2023 00:00:00,False,False,,1,111
294,12/17/2023 00:00:00,False,False,,1,111
295,12/18/2023 00:00:00,False,False,,1,111
296,12/19/2023 00:00:00,False,False,,1,111
297,12/19/2023 00:00:00,False,False,,1,111
298,12/19/2023 00:00:00,False,False,,1,111
299,12/19/2023 00:00:00,False,False,,1,111
300,12/20/2023 00:00:00,False,False,,1,111
301,12/20/2023 00:00:00,False,False,,1,111
302,12/21/2023 00:00:00,False,False,,1,111
303,12/22/2023 00:00:00,False,False,,1,111
304,12/22/2023 00:00:00,False,False,,1,111
305,12/23/2023 00:00:00,False,False,,1,111
306,12/23/2023 00:00:00,False,False,,1,111
307,11/29/2023 00:00:00,False,False,,1,111
308,12/25/2023 00:00:00,False,False,,1,111
309,12/26/2023 00:00:00,False,False,,1,111
310,12/26/2023 00:00:00,False,False,,1,111
311,12/26/2023 00:00:00,False,False,,1,111
312,12/26/2023 00:00:00,False,False,,1,111
313,12/27/2023 00:00:00,False,False,,1,111
314,12/27/2023 00:00:00,False,False,,1,111
315,12/27/2023 00:00:00,False,False,,1,111
316,12/27/2023 00:00:00,False,False,,1,111
317,12/28/2023 00:00:00,False,False,,1,111
318,12/28/2023 00:00:00,False,False,,1,111
319,12/28/2023 00:00:00,False,False,,1,111
320,12/29/2023 00:00:00,False,False,,1,111
321,12/29/2023 00:00:00,False,False,,1,111
322,12/29/2023 00:00:00,False,False,,1,111
323,12/30/2023 00:00:00,False,False,,1,111
324,12/30/2023 00:00:00,False,False,,1,111
325,12/28/2023 00:00:00,False,False,,1,111
326,12/30/2023 00:00:00,False,False,,1,111
327,08/29/2023 00:00:00,False,False,,1,111
328,09/27/2023 00:00:00,False,False,,1,111
329,12/30/2023 00:00:00,False,False,,1,111
330,08/20/2023 00:00:00,False,False,,1,111
331,09/05/2023 00:00:00,False,False,,1,111
332,12/31/2023 00:00:00,False,False,,1,111
333,12/31/2023 00:00:00,False,False,,1,111
334,12/30/2023 00:00:00,False,False,,1,111
335,12/31/2023 00:00:00,False,False,,1,111
336,12/31/2023 00:00:00,False,False,,1,111
337,09/07/2023 00:00:00,False,False,,1,111
338,01/01/2024 00:00:00,False,False,,1,111
339,01/01/2024 00:00:00,False,False,,1,111
340,01/02/2024 00:00:00,False,False,,1,111
341,01/02/2024 00:00:00,False,False,,1,111
342,01/02/2024 00:00:00,False,False,,1,111
343,01/02/2024 00:00:00,False,False,,1,111
344,01/03/2024 00:00:00,False,False,,1,111
345,01/06/2024 00:00:00,False,False,,1,111
346,01/06/2024 00:00:00,False,False,,1,111
347,01/08/2024 00:00:00,False,False,,1,111
348,01/08/2024 00:00:00,False,False,,1,111
349,01/09/2024 00:00:00,False,False,,1,111
350,01/09/2024 00:00:00,False,False,,1,111
351,01/09/2024 00:00:00,False,False,,1,111
352,01/09/2024 00:00:00,False,False,,1,111
353,01/10/2024 00:00:00,False,False,,1,111
354,01/10/2024 00:00:00,False,False,,1,111
355,01/10/2024 00:00:00,False,False,,1,111
356,01/10/2024 00:00:00,False,False,,1,111
357,01/10/2024 00:00:00,False,False,,1,111
358,01/11/2024 00:00:00,False,False,,1,111
359,01/11/2024 00:00:00,False,False,,1,111
360,01/12/2024 00:00:00,False,False,,1,111
361,01/13/2024 00:00:00,False,False,,1,111
362,01/13/2024 00:00:00,False,False,,1,111
363,01/15/2024 00:00:00,False,False,,1,111
364,01/15/2024 00:00:00,False,False,,1,111
365,01/15/2024 00:00:00,False,False,,1,111
366,01/16/2024 00:00:00,False,False,,1,111
367,01/16/2024 00:00:00,False,False,,1,111
368,01/16/2024 00:00:00,False,False,,1,111
369,01/17/2024 00:00:00,False,False,,1,111
370,01/17/2024 00:00:00,False,False,,1,111
371,01/17/2024 00:00:00,False,False,,1,111
372,01/17/2024 00:00:00,False,False,,1,111
373,12/31/2023 00:00:00,False,False,,1,111
374,12/31/2023 00:00:00,False,False,,1,111
375,12/31/2023 00:00:00,False,False,,1,111
376,12/31/2023 00:00:00,False,False,,1,111
377,12/31/2023 00:00:00,False,False,,1,111
378,12/31/2023 00:00:00,False,False,,1,111
379,01/18/2024 00:00:00,False,False,,1,111
380,01/19/2024 00:00:00,False,False,,1,111
381,01/19/2024 00:00:00,False,False,,1,111
382,01/21/2024 00:00:00,False,False,,1,111
383,01/22/2024 00:00:00,False,False,,1,111
384,01/23/2024 00:00:00,False,False,,1,111
385,01/24/2024 00:00:00,False,False,,1,111
386,01/26/2024 00:00:00,False,False,,1,111
387,01/29/2024 00:00:00,False,False,,1,111
388,01/29/2024 00:00:00,False,False,,1,111
389,12/31/2023 00:00:00,False,False,,1,111
390,01/30/2024 00:00:00,False,False,,1,111
391,01/30/2024 00:00:00,False,False,,1,111
392,01/30/2024 00:00:00,False,False,,1,111
393,01/30/2024 00:00:00,False,False,,1,111
394,01/31/2024 00:00:00,False,False,,1,111
395,01/31/2024 00:00:00,False,False,,1,111
396,01/31/2024 00:00:00,False,False,,1,111
397,01/31/2024 00:00:00,False,False,,1,111
398,01/31/2024 00:00:00,False,False,,1,111
399,01/31/2024 00:00:00,False,False,,1,111
400,01/31/2024 00:00:00,False,False,,1,111
401,01/29/2024 00:00:00,False,False,,1,111
402,02/01/2024 00:00:00,False,False,,1,111
403,02/02/2024 00:00:00,False,False,,1,111
404,02/03/2024 00:00:00,False,False,,1,111
405,02/03/2024 00:00:00,False,False,,1,111
406,02/04/2024 00:00:00,False,False,,1,111
407,02/05/2024 00:00:00,False,False,,1,111
408,02/06/2024 00:00:00,False,False,,1,111
409,08/20/2023 00:00:00,False,False,,1,111
410,09/20/2023 00:00:00,False,False,,1,111
411,10/30/2023 00:00:00,False,False,,1,111
412,02/07/2024 00:00:00,False,False,,1,111
413,02/09/2024 00:00:00,False,False,,1,111
414,02/10/2024 00:00:00,False,False,,1,111
415,02/10/2024 00:00:00,False,False,,1,111
416,02/11/2024 00:00:00,False,False,,1,111
417,02/11/2024 00:00:00,False,False,,1,111
418,02/12/2024 00:00:00,False,False,,1,111
419,02/12/2024 00:00:00,False,False,,1,111
420,02/13/2024 00:00:00,False,False,,1,111
421,02/14/2024 00:00:00,False,False,,1,111
422,02/14/2024 00:00:00,False,False,,1,111
423,02/15/2024 00:00:00,False,False,,1,111
424,02/16/2024 00:00:00,False,False,,1,111
425,02/16/2024 00:00:00,False,False,,1,111
426,02/16/2024 00:00:00,False,False,,1,111
427,02/17/2024 00:00:00,False,False,,1,111
428,02/17/2024 00:00:00,False,False,,1,111
429,02/17/2024 00:00:00,False,False,,1,111
430,02/19/2024 00:00:00,False,False,,1,111
431,02/21/2024 00:00:00,False,False,,1,111
432,02/21/2024 00:00:00,False,False,,1,111
433,02/22/2024 00:00:00,False,False,,1,111
434,02/22/2024 00:00:00,False,False,,1,111
435,02/22/2024 00:00:00,False,False,,1,111
436,02/22/2024 00:00:00,False,False,,1,111
437,02/23/2024 00:00:00,False,False,,1,111
438,02/23/2024 00:00:00,False,False,,1,111
439,02/25/2024 00:00:00,False,False,,1,111
440,02/26/2024 00:00:00,False,False,,1,111
441,02/26/2024 00:00:00,False,False,,1,111
442,02/27/2024 00:00:00,False,False,,1,111
443,02/28/2024 00:00:00,False,False,,1,111
444,02/28/2024 00:00:00,False,False,,1,111
445,02/26/2024 00:00:00,False,False,,1,111
446,02/29/2024 00:00:00,False,False,,1,111
447,02/29/2024 00:00:00,False,False,,1,111
448,02/29/2024 00:00:00,False,False,,1,111
449,02/14/2024 00:00:00,False,False,,1,111
450,03/01/2024 00:00:00,False,False,,1,111
451,03/02/2024 00:00:00,False,False,,1,111
452,03/04/2024 00:00:00,False,False,,1,111
453,03/05/2024 00:00:00,False,False,,1,111
454,03/06/2024 00:00:00,False,False,,1,111
455,03/07/2024 00:00:00,False,False,,1,111
456,02/21/2024 00:00:00,False,False,,1,111
457,02/21/2024 00:00:00,False,False,,1,111
458,02/21/2024 00:00:00,False,False,,1,111
459,10/30/2023 00:00:00,False,False,,1,111
460,03/08/2024 00:00:00,False,False,,1,111
461,03/08/2024 00:00:00,False,False,,1,111
462,03/09/2024 00:00:00,False,False,,1,111
463,03/09/2024 00:00:00,False,False,,1,111
464,03/11/2024 00:00:00,False,False,,1,111
465,03/11/2024 00:00:00,False,False,,1,111
466,03/12/2024 00:00:00,False,False,,1,111
467,03/13/2024 00:00:00,False,False,,1,111
468,03/13/2024 00:00:00,False,False,,1,111
469,03/13/2024 00:00:00,False,False,,1,111
470,03/13/2024 00:00:00,False,False,,1,111
471,03/14/2024 00:00:00,False,False,,1,111
472,03/14/2024 00:00:00,False,False,,1,111
473,03/14/2024 00:00:00,False,False,,1,111
474,03/14/2024 00:00:00,False,False,,1,111
475,03/15/2024 00:00:00,False,False,,1,111
476,03/15/2024 00:00:00,False,False,,1,111
477,03/16/2024 00:00:00,False,False,,1,111
478,03/17/2024 00:00:00,False,False,,1,111
479,03/24/2024 00:00:00,False,False,,1,111
480,03/24/2024 00:00:00,False,False,,1,111
481,03/25/2024 00:00:00,False,False,,1,111
482,03/25/2024 00:00:00,False,False,,1,111
483,03/25/2024 00:00:00,False,False,,1,111
484,03/25/2024 00:00:00,False,False,,1,111
485,03/06/2024 00:00:00,False,False,,1,111
486,03/28/2024 00:00:00,False,False,,1,111
487,03/29/2024 00:00:00,False,False,,1,111
488,03/29/2024 00:00:00,False,False,,1,111
489,03/29/2024 00:00:00,False,False,,1,111
490,03/29/2024 00:00:00,False,False,,1,111
491,03/30/2024 00:00:00,False,False,,1,111
492,03/30/2024 00:00:00,False,False,,1,111
493,03/30/2024 00:00:00,False,False,,1,111
494,03/31/2024 00:00:00,False,False,,1,111
495,03/31/2024 00:00:00,False,False,,1,111
496,03/31/2024 00:00:00,False,False,,1,111
497,04/02/2024 00:00:00,False,False,,1,111
498,04/03/2024 00:00:00,False,False,,1,111
499,04/03/2024 00:00:00,False,False,,1,111
500,04/04/2024 00:00:00,False,False,,1,111
501,04/04/2024 00:00:00,False,False,,1,111
502,04/04/2024 00:00:00,False,False,,1,111
503,04/04/2024 00:00:00,False,False,,1,111
504,04/06/2024 00:00:00,False,False,,1,111
505,04/06/2024 00:00:00,False,False,,1,111
506,04/08/2024 00:00:00,False,False,,1,111
507,03/31/2024 00:00:00,False,False,,1,111
508,03/31/2024 00:00:00,False,False,,1,111
509,03/31/2024 00:00:00,False,False,,1,111
510,04/09/2024 00:00:00,False,False,,1,111
511,04/15/2024 00:00:00,False,False,,1,111
512,04/16/2024 00:00:00,False,False,,1,111
513,04/17/2024 00:00:00,False,False,,1,111
514,04/16/2024 00:00:00,False,False,,1,111
515,04/18/2024 00:00:00,False,False,,1,111
516,04/18/2024 00:00:00,False,False,,1,111
517,04/18/2024 00:00:00,False,False,,1,111
518,04/20/2024 00:00:00,False,False,,1,111
519,04/20/2024 00:00:00,False,False,,1,111
520,04/21/2024 00:00:00,False,False,,1,111
521,04/21/2024 00:00:00,False,False,,1,111
522,04/22/2024 00:00:00,False,False,,1,111
523,04/22/2024 00:00:00,False,False,,1,111
524,04/22/2024 00:00:00,False,False,,1,111
525,04/23/2024 00:00:00,False,False,,1,111
526,04/23/2024 00:00:00,False,False,,1,111
527,04/23/2024 00:00:00,False,False,,1,111
528,04/24/2024 00:00:00,False,False,,1,111
529,04/25/2024 00:00:00,False,False,,1,111
530,02/29/2024 00:00:00,False,False,,1,111
531,04/26/2024 00:00:00,False,False,,1,111
532,04/28/2024 00:00:00,False,False,,1,111
533,04/28/2024 00:00:00,False,False,,1,111
534,04/29/2024 00:00:00,False,False,,1,111
535,04/29/2024 00:00:00,False,False,,1,111
536,04/29/2024 00:00:00,False,False,,1,111
537,04/29/2024 00:00:00,False,False,,1,111
538,04/30/2024 00:00:00,False,False,,1,111
539,04/30/2024 00:00:00,False,False,,1,111
540,04/30/2024 00:00:00,False,False,,1,111
541,04/30/2024 00:00:00,False,False,,1,111
542,04/30/2024 00:00:00,False,False,,1,111
543,04/30/2024 00:00:00,False,False,,1,111
544,05/02/2024 00:00:00,False,False,,1,111
545,05/03/2024 00:00:00,False,False,,1,111
546,05/04/2024 00:00:00,False,False,,1,111
547,05/04/2024 00:00:00,False,False,,1,111
548,05/05/2024 00:00:00,False,False,,1,111
549,05/05/2024 00:00:00,False,False,,1,111
550,05/06/2024 00:00:00,False,False,,1,111
551,05/06/2024 00:00:00,False,False,,1,111
552,05/06/2024 00:00:00,False,False,,1,111
553,05/07/2024 00:00:00,False,False,,1,111
554,05/07/2024 00:00:00,False,False,,1,111
555,05/08/2024 00:00:00,False,False,,1,111
556,05/08/2024 00:00:00,False,False,,1,111
557,05/09/2024 00:00:00,False,False,,1,111
558,05/09/2024 00:00:00,False,False,,1,111
559,05/10/2024 00:00:00,False,False,,1,111
560,05/11/2024 00:00:00,False,False,,1,111
561,05/13/2024 00:00:00,False,False,,1,111
562,05/13/2024 00:00:00,False,False,,1,111
563,05/14/2024 00:00:00,False,False,,1,111
564,05/14/2024 00:00:00,False,False,,1,111
565,05/14/2024 00:00:00,False,False,,1,111
566,05/15/2024 00:00:00,False,False,,1,111
567,05/15/2024 00:00:00,False,False,,1,111
568,05/16/2024 00:00:00,False,False,,1,111
569,05/16/2024 00:00:00,False,False,,1,111
570,05/16/2024 00:00:00,False,False,,1,111
571,05/17/2024 00:00:00,False,False,,1,111
572,05/18/2024 00:00:00,False,False,,1,111
573,05/14/2024 00:00:00,False,False,,1,111
574,02/23/2024 00:00:00,False,False,,1,111
575,03/25/2024 00:00:00,False,False,,1,111
576,04/29/2024 00:00:00,False,False,,1,111
577,05/05/2024 00:00:00,False,False,,1,111
578,05/20/2024 00:00:00,False,False,,1,111
579,05/21/2024 00:00:00,False,False,,1,111
580,05/21/2024 00:00:00,False,False,,1,111
581,05/22/2024 00:00:00,False,False,,1,111
582,05/22/2024 00:00:00,False,False,,1,111
583,05/22/2024 00:00:00,False,False,,1,111
584,05/23/2024 00:00:00,False,False,,1,111
585,05/23/2024 00:00:00,False,False,,1,111
586,05/24/2024 00:00:00,False,False,,1,111
587,05/24/2024 00:00:00,False,False,,1,111
588,05/25/2024 00:00:00,False,False,,1,111
589,05/26/2024 00:00:00,False,False,,1,111
590,05/27/2024 00:00:00,False,False,,1,111
591,05/27/2024 00:00:00,False,False,,1,111
592,05/28/2024 00:00:00,False,False,,1,111
593,05/29/2024 00:00:00,False,False,,1,111
594,05/29/2024 00:00:00,False,False,,1,111
595,05/29/2024 00:00:00,False,False,,1,111
596,05/30/2024 00:00:00,False,False,,1,111
597,05/30/2024 00:00:00,False,False,,1,111
598,05/30/2024 00:00:00,False,False,,1,111
599,05/30/2024 00:00:00,False,False,,1,111
600,05/30/2024 00:00:00,False,False,,1,111
601,05/30/2024 00:00:00,False,False,,1,111
602,05/31/2024 00:00:00,False,False,,1,111
603,05/31/2024 00:00:00,False,False,,1,111
604,05/31/2024 00:00:00,False,False,,1,111
605,06/02/2024 00:00:00,False,False,,1,111
606,06/03/2024 00:00:00,False,False,,1,111
607,06/04/2024 00:00:00,False,False,,1,111
608,06/04/2024 00:00:00,False,False,,1,111
609,06/05/2024 00:00:00,False,False,,1,111
610,06/05/2024 00:00:00,False,False,,1,111
611,06/05/2024 00:00:00,False,False,,1,111
612,06/06/2024 00:00:00,False,False,,1,111
613,06/06/2024 00:00:00,False,False,,1,111
614,06/07/2024 00:00:00,False,False,,1,111
615,06/08/2024 00:00:00,False,False,,1,111
616,06/10/2024 00:00:00,False,False,,1,111
617,06/10/2024 00:00:00,False,False,,1,111
618,06/10/2024 00:00:00,False,False,,1,111
619,06/10/2024 00:00:00,False,False,,1,111
620,06/11/2024 00:00:00,False,False,,1,111
621,06/11/2024 00:00:00,False,False,,1,111
622,06/11/2024 00:00:00,False,False,,1,111
623,06/11/2024 00:00:00,False,False,,1,111
624,06/12/2024 00:00:00,False,False,,1,111
625,06/12/2024 00:00:00,False,False,,1,111
626,06/12/2024 00:00:00,False,False,,1,111
627,06/12/2024 00:00:00,False,False,,1,111
628,06/13/2024 00:00:00,False,False,,1,111
629,06/13/2024 00:00:00,False,False,,1,111
630,06/14/2024 00:00:00,False,False,,1,111
631,06/15/2024 00:00:00,False,False,,1,111
632,06/16/2024 00:00:00,False,False,,1,111
633,06/21/2024 00:00:00,False,False,,1,111
634,06/21/2024 00:00:00,False,False,,1,111
635,06/22/2024 00:00:00,False,False,,1,111
636,06/25/2024 00:00:00,False,False,,1,111
637,06/25/2024 00:00:00,False,False,,1,111
638,06/25/2024 00:00:00,False,False,,1,111
639,06/26/2024 00:00:00,False,False,,1,111
640,06/26/2024 00:00:00,False,False,,1,111
641,06/27/2024 00:00:00,False,False,,1,111
642,06/27/2024 00:00:00,False,False,,1,111
643,06/27/2024 00:00:00,False,False,,1,111
644,06/28/2024 00:00:00,False,False,,1,111
645,06/28/2024 00:00:00,False,False,,1,111
646,06/28/2024 00:00:00,False,False,,1,111
647,06/29/2024 00:00:00,False,False,,1,111
648,06/29/2024 00:00:00,False,False,,1,111
649,06/30/2024 00:00:00,False,False,,1,111
650,06/30/2024 00:00:00,False,False,,1,111
651,07/01/2024 00:00:00,False,False,,1,111
652,07/03/2024 00:00:00,False,False,,1,111
653,07/03/2024 00:00:00,False,False,,1,111
654,07/04/2024 00:00:00,False,False,,1,111
655,07/05/2024 00:00:00,False,False,,1,111
656,07/05/2024 00:00:00,False,False,,1,111
657,07/07/2024 00:00:00,False,False,,1,111
658,07/08/2024 00:00:00,False,False,,1,111
659,07/08/2024 00:00:00,False,False,,1,111
660,07/08/2024 00:00:00,False,False,,1,111
661,07/08/2024 00:00:00,False,False,,1,111
662,07/11/2024 00:00:00,False,False,,1,111
663,07/11/2024 00:00:00,False,False,,1,111
664,07/12/2024 00:00:00,False,False,,1,111
665,07/15/2024 00:00:00,False,False,,1,111
666,07/16/2024 00:00:00,False,False,,1,111
667,07/18/2024 00:00:00,False,False,,1,111
668,07/18/2024 00:00:00,False,False,,1,111
669,07/18/2024 00:00:00,False,False,,1,111
670,07/18/2024 00:00:00,False,False,,1,111
671,07/18/2024 00:00:00,False,False,,1,111
672,07/18/2024 00:00:00,False,False,,1,111
673,07/19/2024 00:00:00,False,False,,1,111
674,07/19/2024 00:00:00,False,False,,1,111
675,07/21/2024 00:00:00,False,False,,1,111
676,07/22/2024 00:00:00,False,False,,1,111
677,07/23/2024 00:00:00,False,False,,1,111
678,07/23/2024 00:00:00,False,False,,1,111
679,07/25/2024 00:00:00,False,False,,1,111
680,07/25/2024 00:00:00,False,False,,1,111
681,07/25/2024 00:00:00,False,False,,1,111
682,07/25/2024 00:00:00,False,False,,1,111
683,07/25/2024 00:00:00,False,False,,1,111
684,07/26/2024 00:00:00,False,False,,1,111
685,07/26/2024 00:00:00,False,False,,1,111
686,07/29/2024 00:00:00,False,False,,1,111
687,07/29/2024 00:00:00,False,False,,1,111
688,07/30/2024 00:00:00,False,False,,1,111
689,07/31/2024 00:00:00,False,False,,1,111
690,07/31/2024 00:00:00,False,False,,1,111
691,07/31/2024 00:00:00,False,False,,1,111
692,07/31/2024 00:00:00,False,False,,1,111
693,07/31/2024 00:00:00,False,False,,1,111
694,07/31/2024 00:00:00,False,False,,1,111
695,07/15/2024 00:00:00,False,False,,1,111
696,06/27/2024 00:00:00,False,False,,1,111
697,07/31/2024 00:00:00,False,False,,1,111
698,08/02/2024 00:00:00,False,False,,1,111
699,08/05/2024 00:00:00,False,False,,1,111
700,08/08/2024 00:00:00,False,False,,1,111
701,08/08/2024 00:00:00,False,False,,1,111
702,08/09/2024 00:00:00,False,False,,1,111
703,08/10/2024 00:00:00,False,False,,1,111
704,08/12/2024 00:00:00,False,False,,1,111
705,08/12/2024 00:00:00,False,False,,1,111
706,08/12/2024 00:00:00,False,False,,1,111
707,08/13/2024 00:00:00,False,False,,1,111
708,08/13/2024 00:00:00,False,False,,1,111
709,08/13/2024 00:00:00,False,False,,1,111
710,08/13/2024 00:00:00,False,False,,1,111
711,08/14/2024 00:00:00,False,False,,1,111
712,08/14/2024 00:00:00,False,False,,1,111
713,08/15/2024 00:00:00,False,False,,1,111
714,08/15/2024 00:00:00,False,False,,1,111
715,08/15/2024 00:00:00,False,False,,1,111
716,08/16/2024 00:00:00,False,False,,1,111
717,08/16/2024 00:00:00,False,False,,1,111
718,08/16/2024 00:00:00,False,False,,1,111
719,08/18/2024 00:00:00,False,False,,1,111
720,08/18/2024 00:00:00,False,False,,1,111
721,08/19/2024 00:00:00,False,False,,1,111
722,08/19/2024 00:00:00,False,False,,1,111
723,08/20/2024 00:00:00,False,False,,1,111
724,08/21/2024 00:00:00,False,False,,1,111
725,08/21/2024 00:00:00,False,False,,1,111
726,08/22/2024 00:00:00,False,False,,1,111
727,08/22/2024 00:00:00,False,False,,1,111
728,08/23/2024 00:00:00,False,False,,1,111
729,08/24/2024 00:00:00,False,False,,1,111
730,08/24/2024 00:00:00,False,False,,1,111
731,08/26/2024 00:00:00,False,False,,1,111
732,08/27/2024 00:00:00,False,False,,1,111
733,08/27/2024 00:00:00,False,False,,1,111
734,08/27/2024 00:00:00,False,False,,1,111
735,08/27/2024 00:00:00,False,False,,1,111
736,08/27/2024 00:00:00,False,False,,1,111
737,08/28/2024 00:00:00,False,False,,1,111
738,08/28/2024 00:00:00,False,False,,1,111
739,08/28/2024 00:00:00,False,False,,1,111
740,08/29/2024 00:00:00,False,False,,1,111
741,08/30/2024 00:00:00,False,False,,1,111
743,08/31/2024 00:00:00,False,False,,1,111
744,08/31/2024 00:00:00,False,False,,1,111
745,08/31/2024 00:00:00,False,False,,1,111
746,09/19/2024 00:00:00,False,False,,1,111
747,09/23/2024 00:00:00,False,False,,1,111
748,09/23/2024 00:00:00,False,False,,1,111
749,09/04/2024 00:00:00,False,False,,1,111
750,09/04/2024 00:00:00,False,False,,1,111
751,09/07/2024 00:00:00,False,False,,1,111
752,09/10/2024 00:00:00,False,False,,1,111
753,09/11/2024 00:00:00,False,False,,1,111
754,09/12/2024 00:00:00,False,False,,1,111
755,09/13/2024 00:00:00,False,False,,1,111
756,09/13/2024 00:00:00,False,False,,1,111
757,09/13/2024 00:00:00,False,False,,1,111
758,09/13/2024 00:00:00,False,False,,1,111
759,09/15/2024 00:00:00,False,False,,1,111
760,09/16/2024 00:00:00,False,False,,1,111
761,09/18/2024 00:00:00,False,False,,1,111
762,09/18/2024 00:00:00,False,False,,1,111
763,09/18/2024 00:00:00,False,False,,1,111
764,09/18/2024 00:00:00,False,False,,1,111
765,09/19/2024 00:00:00,False,False,,1,111
767,09/20/2024 00:00:00,False,False,,1,111
768,09/20/2024 00:00:00,False,False,,1,111
769,09/20/2024 00:00:00,False,False,,1,111
770,09/21/2024 00:00:00,False,False,,1,111
771,09/23/2024 00:00:00,False,False,,1,111
772,09/23/2024 00:00:00,False,False,,1,111
773,09/23/2024 00:00:00,False,False,,1,111
774,09/23/2024 00:00:00,False,False,,1,111
775,09/24/2024 00:00:00,False,False,,1,111
776,09/24/2024 00:00:00,False,False,,1,111
777,09/25/2024 00:00:00,False,False,,1,111
778,09/25/2024 00:00:00,False,False,,1,111
779,09/25/2024 00:00:00,False,False,,1,111
780,09/25/2024 00:00:00,False,False,,1,111
781,09/26/2024 00:00:00,False,False,,1,111
782,09/27/2024 00:00:00,False,False,,1,111
783,09/28/2024 00:00:00,False,False,,1,111
784,09/30/2024 00:00:00,False,False,,1,111
785,09/30/2024 00:00:00,False,False,,1,111
786,09/30/2024 00:00:00,False,False,,1,111
787,09/30/2024 00:00:00,False,False,,1,111
788,09/18/2024 00:00:00,False,False,,1,111
789,10/01/2024 00:00:00,False,False,,1,111
790,10/02/2024 00:00:00,False,False,,1,111
791,10/03/2024 00:00:00,False,False,,1,111
792,10/03/2024 00:00:00,False,False,,1,111
793,10/03/2024 00:00:00,False,False,,1,111
794,10/03/2024 00:00:00,False,False,,1,111
795,10/06/2024 00:00:00,False,False,,1,111
796,10/07/2024 00:00:00,False,False,,1,111
797,10/08/2024 00:00:00,False,False,,1,111
798,10/08/2024 00:00:00,False,False,,1,111
799,10/08/2024 00:00:00,False,False,,1,111
800,10/08/2024 00:00:00,False,False,,1,111
801,10/08/2024 00:00:00,False,False,,1,111
802,10/09/2024 00:00:00,False,False,,1,111
803,10/10/2024 00:00:00,False,False,,1,111
804,10/14/2024 00:00:00,False,False,,1,111
805,10/14/2024 00:00:00,False,False,,1,111
806,10/14/2024 00:00:00,False,False,,1,111
807,10/14/2024 00:00:00,False,False,,1,111
808,10/15/2024 00:00:00,False,False,,1,111
809,10/15/2024 00:00:00,False,False,,1,111
810,10/15/2024 00:00:00,False,False,,1,111
811,10/15/2024 00:00:00,False,False,,1,111
812,10/15/2024 00:00:00,False,False,,1,111
814,10/16/2024 00:00:00,False,False,,1,111
815,10/16/2024 00:00:00,False,False,,1,111
816,10/16/2024 00:00:00,False,False,,1,111
817,10/17/2024 00:00:00,False,False,,1,111
818,10/17/2024 00:00:00,False,False,,1,111
820,10/18/2024 00:00:00,False,False,,1,111
821,10/19/2024 00:00:00,False,False,,1,111
822,10/19/2024 00:00:00,False,False,,1,111
824,10/19/2024 00:00:00,False,False,,1,111
826,10/22/2024 00:00:00,False,False,,1,111
827,10/22/2024 00:00:00,False,False,,1,111
828,10/22/2024 00:00:00,False,False,,1,111
829,10/22/2024 00:00:00,False,False,,1,111
830,10/23/2024 00:00:00,False,False,,1,111
831,10/24/2024 00:00:00,False,False,,1,111
832,10/25/2024 00:00:00,False,False,,1,111
833,10/25/2024 00:00:00,False,False,,1,111
834,10/25/2024 00:00:00,False,False,,1,111
836,10/26/2024 00:00:00,False,False,,1,111
838,10/28/2024 00:00:00,False,False,,1,111
839,10/28/2024 00:00:00,False,False,,1,111
841,10/29/2024 00:00:00,False,False,,1,111
842,10/29/2024 00:00:00,False,False,,1,111
843,10/29/2024 00:00:00,False,False,,1,111
844,10/30/2024 00:00:00,False,False,,1,111
845,10/30/2024 00:00:00,False,False,,1,111
846,10/31/2024 00:00:00,False,False,,1,111
847,10/31/2024 00:00:00,False,False,,1,111
848,10/31/2024 00:00:00,False,False,,1,111
849,10/31/2024 00:00:00,False,False,,1,111
856,11/04/2024 00:00:00,False,False,,1,111
857,11/04/2024 00:00:00,False,False,,1,111
858,11/05/2024 00:00:00,False,False,,1,111
859,11/06/2024 00:00:00,False,False,,1,111
860,11/06/2024 00:00:00,False,False,,1,111
861,11/06/2024 00:00:00,False,False,,1,111
862,11/08/2024 00:00:00,False,False,,1,111
863,11/08/2024 00:00:00,False,False,,1,111
864,11/08/2024 00:00:00,False,False,,1,111
865,11/08/2024 00:00:00,False,False,,1,111
866,11/09/2024 00:00:00,False,False,,1,111
867,11/10/2024 00:00:00,False,False,,1,111
868,11/10/2024 00:00:00,False,False,,1,111
869,11/10/2024 00:00:00,False,False,,1,111
870,11/11/2024 00:00:00,False,False,,1,111
871,11/11/2024 00:00:00,False,False,,1,111
872,11/11/2024 00:00:00,False,False,,1,111
873,11/11/2024 00:00:00,False,False,,1,111
874,11/12/2024 00:00:00,False,False,,1,111
875,11/12/2024 00:00:00,False,False,,1,111
876,11/13/2024 00:00:00,False,False,,1,111
877,11/14/2024 00:00:00,False,False,,1,111
878,11/15/2024 00:00:00,False,False,,1,111
879,11/15/2024 00:00:00,False,False,,1,111
880,11/16/2024 00:00:00,False,False,,1,111
881,11/16/2024 00:00:00,False,False,,1,111
882,10/28/2024 00:00:00,False,False,,1,111
883,10/28/2024 00:00:00,False,False,,1,111
884,10/17/2024 00:00:00,False,False,,1,111
885,10/19/2024 00:00:00,False,False,,1,111
886,10/21/2024 00:00:00,False,False,,1,111
887,10/26/2024 00:00:00,False,False,,1,111
888,11/18/2024 00:00:00,False,False,,1,111
889,11/18/2024 00:00:00,False,False,,1,111
890,11/18/2024 00:00:00,False,False,,1,111
891,11/18/2024 00:00:00,False,False,,1,111
892,11/19/2024 00:00:00,False,False,,1,111
893,11/19/2024 00:00:00,False,False,,1,111
894,11/20/2024 00:00:00,False,False,,1,111
895,11/20/2024 00:00:00,False,False,,1,111
896,11/21/2024 00:00:00,False,False,,1,111
897,11/21/2024 00:00:00,False,False,,1,111
898,11/22/2024 00:00:00,False,False,,1,111
899,11/22/2024 00:00:00,False,False,,1,111
900,11/25/2024 00:00:00,False,False,,1,111
901,11/25/2024 00:00:00,False,False,,1,111
902,11/26/2024 00:00:00,False,False,,1,111
903,11/26/2024 00:00:00,False,False,,1,111
904,11/26/2024 00:00:00,False,False,,1,111
905,11/27/2024 00:00:00,False,False,,1,111
906,11/27/2024 00:00:00,False,False,,1,111
907,11/27/2024 00:00:00,False,False,,1,111
908,11/27/2024 00:00:00,False,False,,1,111
909,11/29/2024 00:00:00,False,False,,1,111
910,11/29/2024 00:00:00,False,False,,1,111
911,11/29/2024 00:00:00,False,False,,1,111
912,11/29/2024 00:00:00,False,False,,1,111
913,11/29/2024 00:00:00,False,False,,1,111
914,11/30/2024 00:00:00,False,False,,1,111
916,11/30/2024 00:00:00,False,False,,1,111
917,11/30/2024 00:00:00,False,False,,1,111
918,11/30/2024 00:00:00,False,False,,1,111
919,11/30/2024 00:00:00,False,False,,1,111
920,11/30/2024 00:00:00,False,False,,1,111
921,12/03/2024 00:00:00,False,False,,1,111
922,12/03/2024 00:00:00,False,False,,1,111
923,12/03/2024 00:00:00,False,False,,1,111
924,12/04/2024 00:00:00,False,False,,1,111
925,12/04/2024 00:00:00,False,False,,1,111
926,12/04/2024 00:00:00,False,False,,1,111
927,12/05/2024 00:00:00,False,False,,1,111
928,12/05/2024 00:00:00,False,False,,1,111
929,12/06/2024 00:00:00,False,False,,1,111
931,12/09/2024 00:00:00,False,False,,1,111
932,12/09/2024 00:00:00,False,False,,1,111
933,12/09/2024 00:00:00,False,False,,1,111
934,12/10/2024 00:00:00,False,False,,1,111
935,12/10/2024 00:00:00,False,False,,1,111
936,12/10/2024 00:00:00,False,False,,1,111
937,12/11/2024 00:00:00,False,False,,1,111
938,12/11/2024 00:00:00,False,False,,1,111
939,12/11/2024 00:00:00,False,False,,1,111
940,12/12/2024 00:00:00,False,False,,1,111
941,12/13/2024 00:00:00,False,False,,1,111
942,12/13/2024 00:00:00,False,False,,1,111
943,12/15/2024 00:00:00,False,False,,1,111
944,12/16/2024 00:00:00,False,False,,1,111
945,12/17/2024 00:00:00,False,False,,1,111
946,12/17/2024 00:00:00,False,False,,1,111
947,12/18/2024 00:00:00,False,False,,1,111
948,12/18/2024 00:00:00,False,False,,1,111
949,12/19/2024 00:00:00,False,False,,1,111
950,12/19/2024 00:00:00,False,False,,1,111
951,12/20/2024 00:00:00,False,False,,1,111
952,12/20/2024 00:00:00,False,False,,1,111
953,12/21/2024 00:00:00,False,False,,1,111
954,12/22/2024 00:00:00,False,False,,1,111
955,12/23/2024 00:00:00,False,False,,1,111
956,12/23/2024 00:00:00,False,False,,1,111
957,12/23/2024 00:00:00,False,False,,1,111
958,12/23/2024 00:00:00,False,False,,1,111
959,12/24/2024 00:00:00,False,False,,1,111
960,12/24/2024 00:00:00,False,False,,1,111
961,12/25/2024 00:00:00,False,False,,1,111
962,12/26/2024 00:00:00,False,False,,1,111
963,12/26/2024 00:00:00,False,False,,1,111
964,12/27/2024 00:00:00,False,False,,1,111
965,12/29/2024 00:00:00,False,False,,1,111
966,12/29/2024 00:00:00,False,False,,1,111
967,12/29/2024 00:00:00,False,False,,1,111
968,12/29/2024 00:00:00,False,False,,1,111
969,12/30/2024 00:00:00,False,False,,1,111
970,12/31/2024 00:00:00,False,False,,1,111
971,12/31/2024 00:00:00,False,False,,1,111
972,12/31/2024 00:00:00,False,False,,1,111
973,12/31/2024 00:00:00,False,False,,1,111
974,12/31/2024 00:00:00,False,False,,1,111
976,01/01/2025 00:00:00,False,False,,1,111
977,01/02/2025 00:00:00,False,False,,1,111
978,01/03/2025 00:00:00,False,False,,1,111
979,01/04/2025 00:00:00,False,False,,1,111
980,01/04/2025 00:00:00,False,False,,1,111
981,01/05/2025 00:00:00,False,False,,1,111
982,01/08/2025 00:00:00,False,False,,1,111
983,01/08/2025 00:00:00,False,False,,1,111
984,01/09/2025 00:00:00,False,False,,1,111
985,01/09/2025 00:00:00,False,False,,1,111
986,01/10/2025 00:00:00,False,False,,1,111
987,01/10/2025 00:00:00,False,False,,1,111
988,01/10/2025 00:00:00,False,False,,1,111
989,01/11/2025 00:00:00,False,False,,1,111
990,01/11/2025 00:00:00,False,False,,1,111
991,01/13/2025 00:00:00,False,False,,1,111
992,01/13/2025 00:00:00,False,False,,1,111
993,01/13/2025 00:00:00,False,False,,1,111
994,01/14/2025 00:00:00,False,False,,1,111
995,01/15/2025 00:00:00,False,False,,1,111
996,01/16/2025 00:00:00,False,False,,1,111
997,01/18/2025 00:00:00,False,False,,1,111
998,01/18/2025 00:00:00,False,False,,1,111
999,01/18/2025 00:00:00,False,False,,1,111
1000,01/19/2025 00:00:00,False,False,,1,111
1001,01/20/2025 00:00:00,False,False,,1,111
1002,01/20/2025 00:00:00,False,False,,1,111
1003,01/20/2025 00:00:00,False,False,,1,111
1004,01/22/2025 00:00:00,False,False,,1,111
1005,01/22/2025 00:00:00,False,False,,1,111
1006,01/22/2025 00:00:00,False,False,,1,111
1007,01/23/2025 00:00:00,False,False,,1,111
1008,01/24/2025 00:00:00,False,False,,1,111
1009,01/25/2025 00:00:00,False,False,,1,111
1010,01/26/2025 00:00:00,False,False,,1,111
1011,01/26/2025 00:00:00,False,False,,1,111
1012,01/27/2025 00:00:00,False,False,,1,111
1013,01/28/2025 00:00:00,False,False,,1,111
1014,01/28/2025 00:00:00,False,False,,1,111
1015,01/29/2025 00:00:00,False,False,,1,111
1016,01/29/2025 00:00:00,False,False,,1,111
1017,01/30/2025 00:00:00,False,False,,1,111
1018,01/30/2025 00:00:00,False,False,,1,111
1019,01/31/2025 00:00:00,False,False,,1,111
1020,01/31/2025 00:00:00,False,False,,1,111
1021,01/31/2025 00:00:00,False,False,,1,111
1022,01/31/2025 00:00:00,False,False,,1,111
1023,01/29/2025 00:00:00,False,False,,1,111
1024,02/02/2025 00:00:00,False,False,,1,111
1025,02/02/2025 00:00:00,False,False,,1,111
1027,02/03/2025 00:00:00,False,False,,1,111
1028,02/03/2025 00:00:00,False,False,,1,111
1029,02/02/2025 00:00:00,False,False,,1,111
1030,01/29/2025 00:00:00,False,False,,1,111
1031,02/04/2025 00:00:00,False,False,,1,111
1032,02/04/2025 00:00:00,False,False,,1,111
1033,02/04/2025 00:00:00,False,False,,1,111
1034,02/05/2025 00:00:00,False,False,,1,111
1035,02/05/2025 00:00:00,False,False,,1,111
1036,02/06/2025 00:00:00,False,False,,1,111
1037,02/06/2025 00:00:00,False,False,,1,111
1038,02/06/2025 00:00:00,False,False,,1,111
1039,02/06/2025 00:00:00,False,False,,1,111
1040,02/06/2025 00:00:00,False,False,,1,111
1041,02/07/2025 00:00:00,False,False,,1,111
1042,02/07/2025 00:00:00,False,False,,1,111
1043,02/08/2025 00:00:00,False,False,,1,111
1044,02/10/2025 00:00:00,False,False,,1,111
1045,02/10/2025 00:00:00,False,False,,1,111
1046,02/10/2025 00:00:00,False,False,,1,111
1047,02/10/2025 00:00:00,False,False,,1,111
1048,02/11/2025 00:00:00,False,False,,1,111
1049,02/11/2025 00:00:00,False,False,,1,111
1050,02/11/2025 00:00:00,False,False,,1,111
1051,02/11/2025 00:00:00,False,False,,1,111
1052,02/12/2025 00:00:00,False,False,,1,111
1053,02/12/2025 00:00:00,False,False,,1,111
1054,02/13/2025 00:00:00,False,False,,1,111
1055,02/13/2025 00:00:00,False,False,,1,111
1056,02/14/2025 00:00:00,False,False,,1,111
1057,02/14/2025 00:00:00,False,False,,1,111
1058,02/14/2025 00:00:00,False,False,,1,111
1059,02/16/2025 00:00:00,False,False,,1,111
1060,02/17/2025 00:00:00,False,False,,1,111
1061,02/18/2025 00:00:00,False,False,,1,111
1062,02/06/2025 00:00:00,False,False,,1,111
1063,02/18/2025 00:00:00,False,False,,1,111
1065,02/19/2025 00:00:00,False,False,,1,111
1066,02/20/2025 00:00:00,False,False,,1,111
1067,02/20/2025 00:00:00,False,False,,1,111
1068,02/20/2025 00:00:00,False,False,,1,111
1069,02/21/2025 00:00:00,False,False,,1,111
1070,02/21/2025 00:00:00,False,False,,1,111
1071,02/22/2025 00:00:00,False,False,,1,111
1072,02/25/2025 00:00:00,False,False,,1,111
1073,02/26/2025 00:00:00,False,False,,1,111
1074,02/26/2025 00:00:00,False,False,,1,111
1076,02/28/2025 00:00:00,False,False,,1,111
1077,02/28/2025 00:00:00,False,False,,1,111
1078,02/28/2025 00:00:00,False,False,,1,111
1079,02/28/2025 00:00:00,False,False,,1,111
1080,02/26/2025 00:00:00,False,False,,1,111
1081,03/01/2025 00:00:00,False,False,,1,111
1082,03/04/2025 00:00:00,False,False,,1,111
1083,03/05/2025 00:00:00,False,False,,1,111
1084,03/05/2025 00:00:00,False,False,,1,111
1085,03/05/2025 00:00:00,False,False,,1,111
1086,03/05/2025 00:00:00,False,False,,1,111
1087,03/05/2025 00:00:00,False,False,,1,111
1088,03/06/2025 00:00:00,False,False,,1,111
1089,03/06/2025 00:00:00,False,False,,1,111
1090,03/06/2025 00:00:00,False,False,,1,111
1091,03/07/2025 00:00:00,False,False,,1,111
1092,03/10/2025 00:00:00,False,False,,1,111
1093,03/10/2025 00:00:00,False,False,,1,111
1094,03/10/2025 00:00:00,False,False,,1,111
1095,03/10/2025 00:00:00,False,False,,1,111
1096,03/10/2025 00:00:00,False,False,,1,111
1097,03/10/2025 00:00:00,False,False,,1,111
1098,03/11/2025 00:00:00,False,False,,1,111
1099,03/12/2025 00:00:00,False,False,,1,111
1100,03/12/2025 00:00:00,False,False,,1,111
1101,03/13/2025 00:00:00,False,False,,1,111
1102,02/19/2025 00:00:00,False,False,,1,111
1103,03/19/2025 00:00:00,False,False,,1,111
1104,03/20/2025 00:00:00,False,False,,1,111
1105,03/20/2025 00:00:00,False,False,,1,111
1106,03/20/2025 00:00:00,False,False,,1,111
1107,03/21/2025 00:00:00,False,False,,1,111
1108,03/21/2025 00:00:00,False,False,,1,111
1109,03/22/2025 00:00:00,False,False,,1,111
1110,03/23/2025 00:00:00,False,False,,1,111
1111,03/24/2025 00:00:00,False,False,,1,111
1112,03/24/2025 00:00:00,False,False,,1,111
1113,03/25/2025 00:00:00,False,False,,1,111
1114,03/25/2025 00:00:00,False,False,,1,111
1115,03/26/2025 00:00:00,False,False,,1,111
1116,03/27/2025 00:00:00,False,False,,1,111
1117,03/27/2025 00:00:00,False,False,,1,111
1118,03/28/2025 00:00:00,False,False,,1,111
1119,03/24/2025 00:00:00,False,False,,1,111
1120,03/28/2025 00:00:00,False,False,,1,111
1121,03/29/2025 00:00:00,False,False,,1,111
1122,03/30/2025 00:00:00,False,False,,1,111
1123,04/02/2025 00:00:00,False,False,,1,111
1124,04/04/2025 00:00:00,False,False,,1,111
1125,04/04/2025 00:00:00,False,False,,1,111
1126,04/04/2025 00:00:00,False,False,,1,111
1127,04/05/2025 00:00:00,False,False,,1,111
1128,04/06/2025 00:00:00,False,False,,1,111
1129,04/07/2025 00:00:00,False,False,,1,111
1130,04/08/2025 00:00:00,False,False,,1,111
1131,04/08/2025 00:00:00,False,False,,1,111
1132,04/10/2025 00:00:00,False,False,,1,111
1133,04/10/2025 00:00:00,False,False,,1,111
1134,04/10/2025 00:00:00,False,False,,1,111
1135,04/10/2025 00:00:00,False,False,,1,111
1136,04/10/2025 00:00:00,False,False,,1,111
1137,04/10/2025 00:00:00,False,False,,1,111
1138,04/11/2025 00:00:00,False,False,,1,111
1139,04/11/2025 00:00:00,False,False,,1,111
1140,04/12/2025 00:00:00,False,False,,1,111
1141,04/14/2025 00:00:00,False,False,,1,111
1142,04/14/2025 00:00:00,False,False,,1,111
1143,04/14/2025 00:00:00,False,False,,1,111
1144,04/14/2025 00:00:00,False,False,,1,111
1145,04/15/2025 00:00:00,False,False,,1,111
1146,04/16/2025 00:00:00,False,False,,1,111
1147,04/16/2025 00:00:00,False,False,,1,111
1148,04/17/2025 00:00:00,False,False,,1,111
1149,04/19/2025 00:00:00,False,False,,1,111
1150,04/19/2025 00:00:00,False,False,,1,111
1151,04/21/2025 00:00:00,False,False,,1,111
1152,04/21/2025 00:00:00,False,False,,1,111
1153,04/22/2025 00:00:00,False,False,,1,111
1154,04/23/2025 00:00:00,False,False,,1,111
1155,04/24/2025 00:00:00,False,False,,1,111
1156,04/24/2025 00:00:00,False,False,,1,111
1157,04/24/2025 00:00:00,False,False,,1,111
1158,04/28/2025 00:00:00,False,False,,1,111
1159,04/28/2025 00:00:00,False,False,,1,111
1160,04/30/2025 00:00:00,False,False,,1,111
1161,04/30/2025 00:00:00,False,False,,1,111
1162,04/30/2025 00:00:00,False,False,,1,111
1163,04/30/2025 00:00:00,False,False,,1,111
1164,04/30/2025 00:00:00,False,False,,1,111
1165,05/03/2025 00:00:00,False,False,,1,111
1166,05/05/2025 00:00:00,False,False,,1,111
1167,05/05/2025 00:00:00,False,False,,1,111
1168,05/06/2025 00:00:00,False,False,,1,111
1169,05/06/2025 00:00:00,False,False,,1,111
1170,05/06/2025 00:00:00,False,False,,1,111
1171,05/06/2025 00:00:00,False,False,,1,111
1172,05/07/2025 00:00:00,False,False,,1,111
1173,05/07/2025 00:00:00,False,False,,1,111
1174,05/07/2025 00:00:00,False,False,,1,111
1175,05/08/2025 00:00:00,False,False,,1,111
1176,05/08/2025 00:00:00,False,False,,1,111
1177,05/08/2025 00:00:00,False,False,,1,111
1178,05/08/2025 00:00:00,False,False,,1,111
1179,05/09/2025 00:00:00,False,False,,1,111
1180,05/09/2025 00:00:00,False,False,,1,111
1181,05/09/2025 00:00:00,False,False,,1,111
1182,03/10/2025 00:00:00,False,False,,1,111
1183,12/07/2024 00:00:00,False,False,,1,111
1184,05/10/2025 00:00:00,False,False,,1,111
1185,05/10/2025 00:00:00,False,False,,1,111
1186,05/10/2025 00:00:00,False,False,,1,111
1187,05/10/2025 00:00:00,False,False,,1,111
1188,05/10/2025 00:00:00,False,False,,1,111
1189,05/10/2025 00:00:00,False,False,,1,111
1190,05/10/2025 00:00:00,False,False,,1,111
1191,05/12/2025 00:00:00,False,False,,1,111
1192,05/12/2025 00:00:00,False,False,,1,111
1193,05/13/2025 00:00:00,False,False,,1,111
1194,05/13/2025 00:00:00,False,False,,1,111
1195,05/15/2025 00:00:00,False,False,,1,111
1196,05/15/2025 00:00:00,False,False,,1,111
1197,05/16/2025 00:00:00,False,False,,1,111
1198,05/16/2025 00:00:00,False,False,,1,111
1199,05/19/2025 00:00:00,False,False,,1,111
1200,05/19/2025 00:00:00,False,False,,1,111
1201,05/20/2025 00:00:00,False,False,,1,111
1202,05/20/2025 00:00:00,False,False,,1,111
1203,05/20/2025 00:00:00,False,False,,1,111
1204,05/20/2025 00:00:00,False,False,,1,111
1205,05/20/2025 00:00:00,False,False,,1,111
1206,05/21/2025 00:00:00,False,False,,1,111
1207,05/21/2025 00:00:00,False,False,,1,111
1208,05/21/2025 00:00:00,False,False,,1,111
1209,05/21/2025 00:00:00,False,False,,1,111
1210,05/22/2025 00:00:00,False,False,,1,111
1211,05/22/2025 00:00:00,False,False,,1,111
1212,05/23/2025 00:00:00,False,False,,1,111
1213,05/23/2025 00:00:00,False,False,,1,111
1214,05/24/2025 00:00:00,False,False,,1,111
1215,05/24/2025 00:00:00,False,False,,1,111
1216,05/24/2025 00:00:00,False,False,,1,111
1217,05/24/2025 00:00:00,False,False,,1,111
1218,05/26/2025 00:00:00,False,False,,1,111
1219,05/27/2025 00:00:00,False,False,,1,111
1220,05/27/2025 00:00:00,False,False,,1,111
1221,05/27/2025 00:00:00,False,False,,1,111
1222,05/28/2025 00:00:00,False,False,,1,111
1223,05/28/2025 00:00:00,False,False,,1,111
1224,05/29/2025 00:00:00,False,False,,1,111
1225,05/29/2025 00:00:00,False,False,,1,111
1226,05/30/2025 00:00:00,False,False,,1,111
1227,05/30/2025 00:00:00,False,False,,1,111
1228,05/30/2025 00:00:00,False,False,,1,111
1229,05/30/2025 00:00:00,False,False,,1,111
1230,05/31/2025 00:00:00,False,False,,1,111
1231,05/31/2025 00:00:00,False,False,,1,111
1232,05/31/2025 00:00:00,False,False,,1,111
1233,05/31/2025 00:00:00,False,False,,1,111
1234,06/02/2025 00:00:00,False,False,,1,111
1235,06/02/2025 00:00:00,False,False,,1,111
1236,06/02/2025 00:00:00,False,False,,1,111
1237,06/03/2025 00:00:00,False,False,,1,111
1238,06/03/2025 00:00:00,False,False,,1,111
1239,06/03/2025 00:00:00,False,False,,1,111
1240,06/05/2025 00:00:00,False,False,,1,111
1241,06/05/2025 00:00:00,False,False,,1,111
1242,06/05/2025 00:00:00,False,False,,1,111
1243,06/10/2025 00:00:00,False,False,,1,111
1244,06/10/2025 00:00:00,False,False,,1,111
1245,06/10/2025 00:00:00,False,False,,1,111
1246,06/10/2025 00:00:00,False,False,,1,111
1247,06/11/2025 00:00:00,False,False,,1,111
1248,06/11/2025 00:00:00,False,False,,1,111
1249,06/11/2025 00:00:00,False,False,,1,111
1250,06/12/2025 00:00:00,False,False,,1,111
1251,06/13/2025 00:00:00,False,False,,1,111
1252,06/13/2025 00:00:00,False,False,,1,111
1253,06/13/2025 00:00:00,False,False,,1,111
1254,06/13/2025 00:00:00,False,False,,1,111
1255,06/16/2025 00:00:00,False,False,,1,111
1256,06/16/2025 00:00:00,False,False,,1,111
1257,06/16/2025 00:00:00,False,False,,1,111
1258,06/16/2025 00:00:00,False,False,,1,111
1259,06/16/2025 00:00:00,False,False,,1,111
1260,06/16/2025 00:00:00,False,False,,1,111
1261,06/17/2025 00:00:00,False,False,,1,111
1262,06/17/2025 00:00:00,False,False,,1,111
1263,06/18/2025 00:00:00,False,False,,1,111
1264,06/18/2025 00:00:00,False,False,,1,111
1265,06/18/2025 00:00:00,False,False,,1,111
1266,06/20/2025 00:00:00,False,False,,1,111
1267,06/20/2025 00:00:00,False,False,,1,111
1268,06/21/2025 00:00:00,False,False,,1,111
1269,06/22/2025 00:00:00,False,False,,1,111
1270,06/23/2025 00:00:00,False,False,,1,111
1271,06/24/2025 00:00:00,False,False,,1,111
1272,06/24/2025 00:00:00,False,False,,1,111
1273,06/24/2025 00:00:00,False,False,,1,111
1274,06/25/2025 00:00:00,False,False,,1,111
1275,06/25/2025 00:00:00,False,False,,1,111
1276,06/25/2025 00:00:00,False,False,,1,111
1277,06/25/2025 00:00:00,False,False,,1,111
1278,06/25/2025 00:00:00,False,False,,1,111
1279,06/25/2025 00:00:00,False,False,,1,111
1280,06/26/2025 00:00:00,False,False,,1,111
1281,06/26/2025 00:00:00,False,False,,1,111
1282,06/26/2025 00:00:00,False,False,,1,111
1283,06/27/2025 00:00:00,False,False,,1,111
1284,06/28/2025 00:00:00,False,False,,1,111
1285,06/28/2025 00:00:00,False,False,,1,111
1286,06/30/2025 00:00:00,False,False,,1,111
1287,06/30/2025 00:00:00,False,False,,1,111
1288,06/30/2025 00:00:00,False,False,,1,111
1289,06/30/2025 00:00:00,False,False,,1,111
1290,06/30/2025 00:00:00,False,False,,1,111
1291,06/30/2025 00:00:00,False,False,,1,111
1292,06/30/2025 00:00:00,False,False,,1,111
1293,07/03/2025 00:00:00,False,False,,1,111
1294,07/04/2025 00:00:00,False,False,,1,111
1295,07/05/2025 00:00:00,False,False,,1,111
1296,07/09/2025 00:00:00,False,False,,1,111
1297,07/09/2025 00:00:00,False,False,,1,111
1298,07/10/2025 00:00:00,False,False,,1,111
1299,07/10/2025 00:00:00,False,False,,1,111
1300,07/10/2025 00:00:00,False,False,,1,111
1301,07/10/2025 00:00:00,False,False,,1,111
1302,07/10/2025 00:00:00,False,False,,1,111
1303,07/11/2025 00:00:00,False,False,,1,111
1304,07/11/2025 00:00:00,False,False,,1,111
1305,07/12/2025 00:00:00,False,False,,1,111
1306,07/14/2025 00:00:00,False,False,,1,111
1307,07/14/2025 00:00:00,False,False,,1,111
1308,07/14/2025 00:00:00,False,False,,1,111
1309,07/14/2025 00:00:00,False,False,,1,111
1310,07/14/2025 00:00:00,False,False,,1,111
1311,07/15/2025 00:00:00,False,False,,1,111
1312,07/15/2025 00:00:00,False,False,,1,111
1313,07/15/2025 00:00:00,False,False,,1,111
1314,07/15/2025 00:00:00,False,False,,1,111
1315,07/15/2025 00:00:00,False,False,,1,111
1316,07/15/2025 00:00:00,False,False,,1,111
1317,07/15/2025 00:00:00,False,False,,1,111
1318,07/15/2025 00:00:00,False,False,,1,111
1319,07/15/2025 00:00:00,False,False,,1,111
1320,07/16/2025 00:00:00,False,False,,1,111
1321,07/17/2025 00:00:00,False,False,,1,111
1322,07/18/2025 00:00:00,False,False,,1,111
1323,07/18/2025 00:00:00,False,False,,1,111
1324,07/19/2025 00:00:00,False,False,,1,111
1325,07/20/2025 00:00:00,False,False,,1,111
1326,07/21/2025 00:00:00,False,False,,1,111
1327,07/21/2025 00:00:00,False,False,,1,111
1328,07/21/2025 00:00:00,False,False,,1,111
1329,07/21/2025 00:00:00,False,False,,1,111
1330,07/21/2025 00:00:00,False,False,,1,111
1331,07/21/2025 00:00:00,False,False,,1,111
1332,07/22/2025 00:00:00,False,False,,1,111
1333,07/23/2025 00:00:00,False,False,,1,111
1334,07/23/2025 00:00:00,False,False,,1,111
1335,07/24/2025 00:00:00,False,False,,1,111
1336,07/24/2025 00:00:00,False,False,,1,111
1337,07/24/2025 00:00:00,False,False,,1,111
1338,07/25/2025 00:00:00,False,False,,1,111
1339,07/25/2025 00:00:00,False,False,,1,111
1340,07/25/2025 00:00:00,False,False,,1,111
1341,07/26/2025 00:00:00,False,False,,1,111
1342,07/26/2025 00:00:00,False,False,,1,111
1343,07/27/2025 00:00:00,False,False,,1,111
1344,07/27/2025 00:00:00,False,False,,1,111
1345,07/27/2025 00:00:00,False,False,,1,111
1346,07/28/2025 00:00:00,False,False,,1,111
1347,07/28/2025 00:00:00,False,False,,1,111
1348,07/28/2025 00:00:00,False,False,,1,111
1349,07/28/2025 00:00:00,False,False,,1,111
1350,07/29/2025 00:00:00,False,False,,1,111
1351,07/30/2025 00:00:00,False,False,,1,111
1352,07/30/2025 00:00:00,False,False,,1,111
1353,07/31/2025 00:00:00,False,False,,1,111
1354,07/31/2025 00:00:00,False,False,,1,111
1355,07/31/2025 00:00:00,False,False,,1,111
1356,07/31/2025 00:00:00,False,False,,1,111
1357,07/31/2025 00:00:00,False,False,,1,111
1358,07/31/2025 00:00:00,False,False,,1,111
1359,07/31/2025 00:00:00,False,False,,1,111
1360,07/31/2025 00:00:00,False,False,,1,111
1361,07/31/2025 00:00:00,False,False,,1,111
1362,07/31/2025 00:00:00,False,False,,1,111
1363,07/31/2025 00:00:00,False,False,,1,111
1364,08/01/2025 00:00:00,False,False,,1,111
1365,08/02/2025 00:00:00,False,False,,1,111
1366,08/04/2025 00:00:00,False,False,,1,111
1367,08/04/2025 00:00:00,False,False,,1,111
1368,08/04/2025 00:00:00,False,False,,1,111
1369,08/04/2025 00:00:00,False,False,,1,111
1370,08/06/2025 00:00:00,False,False,,1,111
1371,08/07/2025 00:00:00,False,False,,1,111
1372,08/07/2025 00:00:00,False,False,,1,111
1373,08/07/2025 00:00:00,False,False,,1,111
1374,08/07/2025 00:00:00,False,False,,1,111
1375,08/07/2025 00:00:00,False,False,,1,111
1376,08/08/2025 00:00:00,False,False,,1,111
1377,08/10/2025 00:00:00,False,False,,1,111
1378,08/10/2025 00:00:00,False,False,,1,111
1379,08/10/2025 00:00:00,False,False,,1,111
1380,08/11/2025 00:00:00,False,False,,1,111
1381,08/11/2025 00:00:00,False,False,,1,111
1382,08/11/2025 00:00:00,False,False,,1,111
1383,08/11/2025 00:00:00,False,False,,1,111
1384,08/11/2025 00:00:00,False,False,,1,111
1385,08/11/2025 00:00:00,False,False,,1,111
1386,08/12/2025 00:00:00,False,False,,1,111
1387,08/12/2025 00:00:00,False,False,,1,111
1388,08/12/2025 00:00:00,False,False,,1,111
1389,08/12/2025 00:00:00,False,False,,1,111
1390,08/12/2025 00:00:00,False,False,,1,111
1391,08/12/2025 00:00:00,False,False,,1,111
1392,08/13/2025 00:00:00,False,False,,1,111
1393,08/13/2025 00:00:00,False,False,,1,111
1394,08/13/2025 00:00:00,False,False,,1,111
1395,08/13/2025 00:00:00,False,False,,1,111
1396,08/13/2025 00:00:00,False,False,,1,111
1397,08/13/2025 00:00:00,False,False,,1,111
1398,08/14/2025 00:00:00,False,False,,1,111
1399,08/15/2025 00:00:00,False,False,,1,111
1400,08/15/2025 00:00:00,False,False,,1,111
1401,08/15/2025 00:00:00,False,False,,1,111
1402,02/14/2024 00:00:00,False,False,,1,111
1403,05/06/2024 00:00:00,False,False,,1,111
1404,07/15/2024 00:00:00,False,False,,1,111
1405,07/12/2024 00:00:00,False,False,,1,111
1406,09/21/2024 00:00:00,False,False,,1,111
1407,10/31/2024 00:00:00,False,False,,1,111
1408,11/18/2024 00:00:00,False,False,,1,111
1409,02/12/2025 00:00:00,False,False,,1,111
1410,02/12/2025 00:00:00,False,False,,1,111
1411,02/12/2025 00:00:00,False,False,,1,111
1412,05/10/2024 00:00:00,False,False,,1,111
1413,08/16/2025 00:00:00,False,False,,1,111
1414,08/17/2025 00:00:00,False,False,,1,111
1415,08/17/2025 00:00:00,False,False,,1,111
1416,08/19/2025 00:00:00,False,False,,1,111
1417,08/19/2025 00:00:00,False,False,,1,111
1418,08/20/2025 00:00:00,False,False,,1,111
1419,08/20/2025 00:00:00,False,False,,1,111
1420,08/20/2025 00:00:00,False,False,,1,111
1421,08/20/2025 00:00:00,False,False,,1,111
1422,08/20/2025 00:00:00,False,False,,1,111
1423,08/21/2025 00:00:00,False,False,,1,111
1424,08/21/2025 00:00:00,False,False,,1,111
1425,08/22/2025 00:00:00,False,False,,1,111
1426,08/22/2025 00:00:00,False,False,,1,111
1427,08/22/2025 00:00:00,False,False,,1,111
1428,08/23/2025 00:00:00,False,False,,1,111
1429,08/23/2025 00:00:00,False,False,,1,111
1430,08/23/2025 00:00:00,False,False,,1,111
1431,08/23/2025 00:00:00,False,False,,1,111
1432,08/24/2025 00:00:00,False,False,,1,111
1433,08/25/2025 00:00:00,False,False,,1,111
1434,08/26/2025 00:00:00,False,False,,1,111
1435,08/26/2025 00:00:00,False,False,,1,111
1436,08/26/2025 00:00:00,False,False,,1,111
1437,08/27/2025 00:00:00,False,False,,1,111
1438,08/27/2025 00:00:00,False,False,,1,111
1439,08/27/2025 00:00:00,False,False,,1,111
1440,08/28/2025 00:00:00,False,False,,1,111
1441,08/28/2025 00:00:00,False,False,,1,111
1442,08/28/2025 00:00:00,False,False,,1,111
1443,08/28/2025 00:00:00,False,False,,1,111
1444,08/28/2025 00:00:00,False,False,,1,111
1445,08/29/2025 00:00:00,False,False,,1,111
1446,08/29/2025 00:00:00,False,False,,1,111
1447,08/30/2025 00:00:00,False,False,,1,111
1448,08/31/2025 00:00:00,False,False,,1,111
1449,08/31/2025 00:00:00,False,False,,1,111
1450,08/31/2025 00:00:00,False,False,,1,111
1451,08/31/2025 00:00:00,False,False,,1,111
1452,08/31/2025 00:00:00,False,False,,1,111
1453,08/31/2025 00:00:00,False,False,,1,111
1454,08/31/2025 00:00:00,False,False,,1,111
1455,08/31/2025 00:00:00,False,False,,1,111
1456,08/01/2025 00:00:00,False,False,,1,111
1457,07/11/2025 00:00:00,False,False,,1,111
1458,09/01/2025 00:00:00,False,False,,1,111
1459,09/02/2025 00:00:00,False,False,,1,111
1460,09/02/2025 00:00:00,False,False,,1,111
1461,09/02/2025 00:00:00,False,False,,1,111
1462,09/02/2025 00:00:00,False,False,,1,111
1463,09/02/2025 00:00:00,False,False,,1,111
1464,09/03/2025 00:00:00,False,False,,1,111
1465,09/03/2025 00:00:00,False,False,,1,111
1466,09/04/2025 00:00:00,False,False,,1,111
1467,09/04/2025 00:00:00,False,False,,1,111
1468,09/05/2025 00:00:00,False,False,,1,111
1469,09/05/2025 00:00:00,False,False,,1,111
1470,09/06/2025 00:00:00,False,False,,1,111
1471,09/08/2025 00:00:00,False,False,,1,111
1472,09/08/2025 00:00:00,False,False,,1,111
1473,09/08/2025 00:00:00,False,False,,1,111
1474,09/09/2025 00:00:00,False,False,,1,111
1475,09/09/2025 00:00:00,False,False,,1,111
1476,09/10/2025 00:00:00,False,False,,1,111
1477,09/10/2025 00:00:00,False,False,,1,111
1478,09/10/2025 00:00:00,False,False,,1,111
1479,09/11/2025 00:00:00,False,False,,1,111
1480,09/11/2025 00:00:00,False,False,,1,111
1481,09/11/2025 00:00:00,False,False,,1,111
1482,09/12/2025 00:00:00,False,False,,1,111
1483,09/13/2025 00:00:00,False,False,,1,111
1484,09/13/2025 00:00:00,False,False,,1,111
1485,09/13/2025 00:00:00,False,False,,1,111
1486,09/14/2025 00:00:00,False,False,,1,111
1487,09/14/2025 00:00:00,False,False,,1,111
1488,09/15/2025 00:00:00,False,False,,1,111
1489,09/15/2025 00:00:00,False,False,,1,111
1490,09/16/2025 00:00:00,False,False,,1,111
1491,09/16/2025 00:00:00,False,False,,1,111
1492,09/16/2025 00:00:00,False,False,,1,111
1493,09/16/2025 00:00:00,False,False,,1,111
1494,09/16/2025 00:00:00,False,False,,1,111
1495,09/16/2025 00:00:00,False,False,,1,111
1496,09/17/2025 00:00:00,False,False,,1,111
1497,09/17/2025 00:00:00,False,False,,1,111
1498,09/18/2025 00:00:00,False,False,,1,111
1499,09/18/2025 00:00:00,False,False,,1,111
1500,09/18/2025 00:00:00,False,False,,1,111
1501,09/19/2025 00:00:00,False,False,,1,111
1502,09/20/2025 00:00:00,False,False,,1,111
1503,09/20/2025 00:00:00,False,False,,1,111
1504,09/20/2025 00:00:00,False,False,,1,111
1505,09/20/2025 00:00:00,False,False,,1,111
1506,09/20/2025 00:00:00,False,False,,1,111
1507,09/22/2025 00:00:00,False,False,,1,111
1508,09/22/2025 00:00:00,False,False,,1,111
1509,09/22/2025 00:00:00,False,False,,1,111
1510,09/22/2025 00:00:00,False,False,,1,111
1511,09/22/2025 00:00:00,False,False,,1,111
1512,09/22/2025 00:00:00,False,False,,1,111
1513,09/23/2025 00:00:00,False,False,,1,111
1514,09/23/2025 00:00:00,False,False,,1,111
1515,09/23/2025 00:00:00,False,False,,1,111
1516,09/24/2025 00:00:00,False,False,,1,111
1517,09/24/2025 00:00:00,False,False,,1,111
1518,09/25/2025 00:00:00,False,False,,1,111
1519,09/25/2025 00:00:00,False,False,,1,111
1520,09/26/2025 00:00:00,False,False,,1,111
1521,09/26/2025 00:00:00,False,False,,1,111
1522,09/27/2025 00:00:00,False,False,,1,111
1523,09/29/2025 00:00:00,False,False,,1,111
1524,09/28/2025 00:00:00,False,False,,1,111
1525,09/29/2025 00:00:00,False,False,,1,111
1526,09/29/2025 00:00:00,False,False,,1,111
1527,09/29/2025 00:00:00,False,False,,1,111
1528,09/29/2025 00:00:00,False,False,,1,111
1529,09/30/2025 00:00:00,False,False,,1,111
1530,09/30/2025 00:00:00,False,False,,1,111
1531,09/30/2025 00:00:00,False,False,,1,111
1532,09/30/2025 00:00:00,False,False,,1,111
1533,09/30/2025 00:00:00,False,False,,1,111
1534,09/30/2025 00:00:00,False,False,,1,111
1535,09/30/2025 00:00:00,False,False,,1,111
1536,09/30/2025 00:00:00,False,False,,1,111
1537,09/30/2025 00:00:00,False,False,,1,111
1538,09/30/2025 00:00:00,False,False,,1,111
1539,09/30/2025 00:00:00,False,False,,1,111
1540,09/30/2025 00:00:00,False,False,,1,111
1541,09/30/2025 00:00:00,False,False,,1,111
1542,09/30/2025 00:00:00,False,False,,1,111
1543,09/30/2025 00:00:00,False,False,,1,111
1544,09/30/2025 00:00:00,False,False,,1,111
1545,09/23/2025 00:00:00,False,False,,1,111
1546,10/01/2025 00:00:00,False,False,,1,111
1547,10/02/2025 00:00:00,False,False,,1,111
1548,10/02/2025 00:00:00,False,False,,1,111
1549,10/03/2025 00:00:00,False,False,,1,111
1550,10/03/2025 00:00:00,False,False,,1,111
1551,10/03/2025 00:00:00,False,False,,1,111
1552,10/04/2025 00:00:00,False,False,,1,111
1553,10/04/2025 00:00:00,False,False,,1,111
1554,10/06/2025 00:00:00,False,False,,1,111
1555,10/07/2025 00:00:00,False,False,,1,111
1556,10/07/2025 00:00:00,False,False,,1,111
1557,10/08/2025 00:00:00,False,False,,1,111
1558,10/08/2025 00:00:00,False,False,,1,111
1559,10/09/2025 00:00:00,False,False,,1,111
1560,10/09/2025 00:00:00,False,False,,1,111
1561,10/10/2025 00:00:00,False,False,,1,111
1562,10/10/2025 00:00:00,False,False,,1,111
1563,10/11/2025 00:00:00,False,False,,1,111
1564,10/11/2025 00:00:00,False,False,,1,111
1565,10/11/2025 00:00:00,False,False,,1,111
1566,10/11/2025 00:00:00,False,False,,1,111
1567,10/12/2025 00:00:00,False,False,,1,111
1568,10/12/2025 00:00:00,False,False,,1,111
1569,10/12/2025 00:00:00,False,False,,1,111
1570,10/12/2025 00:00:00,False,False,,1,111
1571,10/13/2025 00:00:00,False,False,,1,111
1572,10/13/2025 00:00:00,False,False,,1,111
1573,10/13/2025 00:00:00,False,False,,1,111
1574,10/14/2025 00:00:00,False,False,,1,111
1575,10/14/2025 00:00:00,False,False,,1,111
1576,10/15/2025 00:00:00,False,False,,1,111
1577,10/15/2025 00:00:00,False,False,,1,111
1578,10/15/2025 00:00:00,False,False,,1,111
1579,10/15/2025 00:00:00,False,False,,1,111
1580,10/15/2025 00:00:00,False,False,,1,111
1581,10/17/2025 00:00:00,False,False,,1,111
1582,10/17/2025 00:00:00,False,False,,1,111
1583,10/17/2025 00:00:00,False,False,,1,111
1584,10/20/2025 00:00:00,False,False,,1,111
1585,10/20/2025 00:00:00,False,False,,1,111
1586,10/20/2025 00:00:00,False,False,,1,111
1587,10/20/2025 00:00:00,False,False,,1,111
1588,10/20/2025 00:00:00,False,False,,1,111
1589,10/20/2025 00:00:00,False,False,,1,111
1590,10/20/2025 00:00:00,False,False,,1,111
1591,10/20/2025 00:00:00,False,False,,1,111
1592,10/20/2025 00:00:00,False,False,,1,111
1593,10/21/2025 00:00:00,False,False,,1,111
1594,10/21/2025 00:00:00,False,False,,1,111
1595,10/21/2025 00:00:00,False,False,,1,111
1596,10/21/2025 00:00:00,False,False,,1,111
1597,10/21/2025 00:00:00,False,False,,1,111
1598,10/22/2025 00:00:00,False,False,,1,111
1599,10/22/2025 00:00:00,False,False,,1,111
1600,10/22/2025 00:00:00,False,False,,1,111
1601,10/23/2025 00:00:00,False,False,,1,111
1602,10/24/2025 00:00:00,False,False,,1,111
1603,10/20/2025 00:00:00,False,False,,1,111
1604,10/22/2025 00:00:00,False,False,,1,111
1605,10/23/2025 00:00:00,False,False,,1,111
1606,10/23/2025 00:00:00,False,False,,1,111
1607,10/25/2025 00:00:00,False,False,,1,111
1608,10/26/2025 00:00:00,False,False,,1,111
1610,10/27/2025 00:00:00,False,False,,1,111
1611,10/27/2025 00:00:00,False,False,,1,111
1612,10/28/2025 00:00:00,False,False,,1,111
1613,10/28/2025 00:00:00,False,False,,1,111
1615,10/29/2025 00:00:00,False,False,,1,111
1616,10/29/2025 00:00:00,False,False,,1,111
1618,10/29/2025 00:00:00,False,False,,1,111
1619,10/30/2025 00:00:00,False,False,,1,111
1620,10/30/2025 00:00:00,False,False,,1,111
1621,10/30/2025 00:00:00,False,False,,1,111
1622,10/30/2025 00:00:00,False,False,,1,111
1623,10/30/2025 00:00:00,False,False,,1,111
1624,10/31/2025 00:00:00,False,False,,1,111
1625,10/31/2025 00:00:00,False,False,,1,111
1626,10/31/2025 00:00:00,False,False,,1,111
1627,10/31/2025 00:00:00,False,False,,1,111
1628,10/31/2025 00:00:00,False,False,,1,111
1629,10/31/2025 00:00:00,False,False,,1,111
1630,10/31/2025 00:00:00,False,False,,1,111
1631,11/01/2025 00:00:00,False,False,,1,111
1632,11/01/2025 00:00:00,False,False,,1,111
1633,11/01/2025 00:00:00,False,False,,1,111
1634,11/02/2025 00:00:00,False,False,,1,111
1635,11/03/2025 00:00:00,False,False,,1,111
1636,11/03/2025 00:00:00,False,False,,1,111
1637,11/03/2025 00:00:00,False,False,,1,111
1638,11/03/2025 00:00:00,False,False,,1,111
1639,11/03/2025 00:00:00,False,False,,1,111
1640,11/04/2025 00:00:00,False,False,,1,111
1641,11/04/2025 00:00:00,False,False,,1,111
1642,11/04/2025 00:00:00,False,False,,1,111
1643,11/04/2025 00:00:00,False,False,,1,111
1644,11/04/2025 00:00:00,False,False,,1,111
1645,11/05/2025 00:00:00,False,False,,1,111
1646,11/05/2025 00:00:00,False,False,,1,111
1647,11/05/2025 00:00:00,False,False,,1,111
1648,11/05/2025 00:00:00,False,False,,1,111
1649,11/05/2025 00:00:00,False,False,,1,111
1650,11/06/2025 00:00:00,False,False,,1,111
1651,11/07/2025 00:00:00,False,False,,1,111
1652,11/08/2025 00:00:00,False,False,,1,111
1653,11/08/2025 00:00:00,False,False,,1,111
1654,11/09/2025 00:00:00,False,False,,1,111
1655,11/11/2025 00:00:00,False,False,,1,111
1656,11/11/2025 00:00:00,False,False,,1,111
1657,11/11/2025 00:00:00,False,False,,1,111
1658,11/11/2025 00:00:00,False,False,,1,111
1659,11/12/2025 00:00:00,False,False,,1,111
1660,11/12/2025 00:00:00,False,False,,1,111
1661,11/12/2025 00:00:00,False,False,,1,111
1662,11/13/2025 00:00:00,False,False,,1,111
1663,11/13/2025 00:00:00,False,False,,1,111
1664,11/13/2025 00:00:00,False,False,,1,111
1665,11/13/2025 00:00:00,False,False,,1,111
1666,11/14/2025 00:00:00,False,False,,1,111
1667,11/15/2025 00:00:00,False,False,,1,111
1668,11/16/2025 00:00:00,False,False,,1,111
1669,11/16/2025 00:00:00,False,False,,1,111
1670,11/17/2025 00:00:00,False,False,,1,111
1671,11/17/2025 00:00:00,False,False,,1,111
1672,11/17/2025 00:00:00,False,False,,1,111
1673,11/17/2025 00:00:00,False,False,,1,111
1674,11/17/2025 00:00:00,False,False,,1,111
1675,11/18/2025 00:00:00,False,False,,1,111
1676,11/18/2025 00:00:00,False,False,,1,111
1677,11/18/2025 00:00:00,False,False,,1,111
1678,11/18/2025 00:00:00,False,False,,1,111
1679,11/18/2025 00:00:00,False,False,,1,111
1680,11/19/2025 00:00:00,False,False,,1,111
1681,11/20/2025 00:00:00,False,False,,1,111
1682,11/20/2025 00:00:00,False,False,,1,111
1683,11/20/2025 00:00:00,False,False,,1,111
1684,11/20/2025 00:00:00,False,False,,1,111
1685,11/21/2025 00:00:00,False,False,,1,111
1686,11/22/2025 00:00:00,False,False,,1,111
1687,11/22/2025 00:00:00,False,False,,1,111
1688,11/23/2025 00:00:00,False,False,,1,111
1689,11/23/2025 00:00:00,False,False,,1,111
1690,11/23/2025 00:00:00,False,False,,1,111
1691,11/23/2025 00:00:00,False,False,,1,111
1692,11/24/2025 00:00:00,False,False,,1,111
1693,11/24/2025 00:00:00,False,False,,1,111
1694,11/24/2025 00:00:00,False,False,,1,111
1695,11/24/2025 00:00:00,False,False,,1,111
1696,11/24/2025 00:00:00,False,False,,1,111
1697,11/25/2025 00:00:00,False,False,,1,111
1698,11/25/2025 00:00:00,False,False,,1,111
1699,11/25/2025 00:00:00,False,False,,1,111
1700,11/27/2025 00:00:00,False,False,,1,111
1701,11/28/2025 00:00:00,False,False,,1,111
1702,11/29/2025 00:00:00,False,False,,1,111
1703,11/29/2025 00:00:00,False,False,,1,111
1704,11/29/2025 00:00:00,False,False,,1,111
1705,11/29/2025 00:00:00,False,False,,1,111
1706,11/30/2025 00:00:00,False,False,,1,111
1707,11/30/2025 00:00:00,False,False,,1,111
1708,11/30/2025 00:00:00,False,False,,1,111
1709,11/30/2025 00:00:00,False,False,,1,111
1710,11/30/2025 00:00:00,False,False,,1,111
1711,11/30/2025 00:00:00,False,False,,1,111
1712,11/30/2025 00:00:00,False,False,,1,111
1713,11/30/2025 00:00:00,False,False,,1,111
1714,11/30/2025 00:00:00,False,False,,1,111
1715,12/02/2025 00:00:00,False,False,,1,111
1716,12/03/2025 00:00:00,False,False,,1,111
1717,12/03/2025 00:00:00,False,False,,1,111
1718,12/03/2025 00:00:00,False,False,,1,111
1719,12/04/2025 00:00:00,False,False,,1,111
1720,12/05/2025 00:00:00,False,False,,1,111
1721,12/05/2025 00:00:00,False,False,,1,111
1722,12/06/2025 00:00:00,False,False,,1,111
1723,12/06/2025 00:00:00,False,False,,1,111
1724,12/07/2025 00:00:00,False,False,,1,111
1725,12/07/2025 00:00:00,False,False,,1,111
1726,12/08/2025 00:00:00,False,False,,1,111
1727,12/08/2025 00:00:00,False,False,,1,111
1728,12/09/2025 00:00:00,False,False,,1,111
1729,12/09/2025 00:00:00,False,False,,1,111
1730,12/10/2025 00:00:00,False,False,,1,111
1731,12/10/2025 00:00:00,False,False,,1,111
1732,12/10/2025 00:00:00,False,False,,1,111
1733,12/10/2025 00:00:00,False,False,,1,111
1734,12/11/2025 00:00:00,False,False,,1,111
1735,12/12/2025 00:00:00,False,False,,1,111
1736,12/12/2025 00:00:00,False,False,,1,111
1737,12/13/2025 00:00:00,False,False,,1,111
1738,12/13/2025 00:00:00,False,False,,1,111
1739,12/13/2025 00:00:00,False,False,,1,111
1740,12/15/2025 00:00:00,False,False,,1,111
1741,12/16/2025 00:00:00,False,False,,1,111
1742,12/16/2025 00:00:00,False,False,,1,111
1743,12/16/2025 00:00:00,False,False,,1,111
1744,12/17/2025 00:00:00,False,False,,1,111
1745,12/17/2025 00:00:00,False,False,,1,111
1747,12/18/2025 00:00:00,False,False,,1,111
1748,12/18/2025 00:00:00,False,False,,1,111
1749,12/18/2025 00:00:00,False,False,,1,111
1750,12/18/2025 00:00:00,False,False,,1,111
1751,12/19/2025 00:00:00,False,False,,1,111
1752,12/19/2025 00:00:00,False,False,,1,111
1753,12/20/2025 00:00:00,False,False,,1,111
1754,12/20/2025 00:00:00,False,False,,1,111
1755,12/20/2025 00:00:00,False,False,,1,111
1756,12/21/2025 00:00:00,False,False,,1,111
1757,12/21/2025 00:00:00,False,False,,1,111
1758,12/21/2025 00:00:00,False,False,,1,111
1759,12/22/2025 00:00:00,False,False,,1,111
1760,12/22/2025 00:00:00,False,False,,1,111
1761,12/22/2025 00:00:00,False,False,,1,111
1762,12/23/2025 00:00:00,False,False,,1,111
1763,12/24/2025 00:00:00,False,False,,1,111
1764,12/24/2025 00:00:00,False,False,,1,111
1765,12/24/2025 00:00:00,False,False,,1,111
1766,12/24/2025 00:00:00,False,False,,1,111
1767,11/26/2025 00:00:00,False,False,,1,111
1768,12/05/2025 00:00:00,False,False,,1,111
1769,12/18/2025 00:00:00,False,False,,1,111
1770,12/23/2025 00:00:00,False,False,,1,111
1771,12/23/2025 00:00:00,False,False,,1,111
1772,12/25/2025 00:00:00,False,False,,1,111
1773,12/26/2025 00:00:00,False,False,,1,111
1774,12/30/2025 00:00:00,False,False,,1,111
1775,12/30/2025 00:00:00,False,False,,1,111
1776,12/30/2025 00:00:00,False,False,,1,111
1777,12/30/2025 00:00:00,False,False,,1,111
1778,12/30/2025 00:00:00,False,False,,1,111
1779,12/30/2025 00:00:00,False,False,,1,111
1780,12/31/2025 00:00:00,False,False,,1,111
1781,12/31/2025 00:00:00,False,False,,1,111
1782,12/31/2025 00:00:00,False,False,,1,111
1783,12/31/2025 00:00:00,False,False,,1,111
1784,12/31/2025 00:00:00,False,False,,1,111
1785,12/31/2025 00:00:00,False,False,,1,111
1786,12/31/2025 00:00:00,False,False,,1,111
1787,12/31/2025 00:00:00,False,False,,1,111
1788,01/02/2026 00:00:00,False,False,,1,111
1789,12/31/2025 00:00:00,False,False,,1,111
1790,12/31/2025 00:00:00,False,False,,1,111
1791,12/31/2025 00:00:00,False,False,,1,111
1792,12/31/2025 00:00:00,False,False,,1,111
1793,12/31/2025 00:00:00,False,False,,1,111
1794,12/31/2025 00:00:00,False,False,,1,111
1795,12/31/2025 00:00:00,False,False,,1,111
1796,12/31/2025 00:00:00,False,False,,1,111
1797,12/31/2025 00:00:00,False,False,,1,111
1798,12/31/2025 00:00:00,False,False,,1,111
1799,12/31/2025 00:00:00,False,False,,1,111
1800,01/04/2026 00:00:00,False,False,,1,111
1801,01/05/2026 00:00:00,False,False,,1,111
1802,01/05/2026 00:00:00,False,False,,1,111
1803,01/06/2026 00:00:00,False,False,,1,111
1804,01/06/2026 00:00:00,False,False,,1,111
1805,01/07/2026 00:00:00,False,False,,1,111
1806,01/08/2026 00:00:00,False,False,,1,111
1807,08/20/2025 00:00:00,False,False,,1,111
1808,08/21/2025 00:00:00,False,False,,1,111
1809,08/22/2025 00:00:00,False,False,,1,111
1810,08/25/2025 00:00:00,False,False,,1,111
1811,10/27/2025 00:00:00,False,False,,1,111
1812,10/28/2025 00:00:00,False,False,,1,111
1813,10/29/2025 00:00:00,False,False,,1,111
1814,11/03/2025 00:00:00,False,False,,1,111
1815,11/03/2025 00:00:00,False,False,,1,111
1816,11/11/2025 00:00:00,False,False,,1,111
1817,11/11/2025 00:00:00,False,False,,1,111
1818,12/03/2025 00:00:00,False,False,,1,111
1819,12/08/2025 00:00:00,False,False,,1,111
1820,12/23/2025 00:00:00,False,False,,1,111
1821,01/06/2026 00:00:00,False,False,,1,111
1822,01/04/2026 00:00:00,False,False,,1,111
1823,01/05/2026 00:00:00,False,False,,1,111
1824,01/06/2026 00:00:00,False,False,,1,111
1825,01/07/2026 00:00:00,False,False,,1,111
1826,01/09/2026 00:00:00,False,False,,1,111
1827,01/10/2026 00:00:00,False,False,,1,111
1828,01/12/2026 00:00:00,False,False,,1,111
1829,01/12/2026 00:00:00,False,False,,1,111
1830,01/12/2026 00:00:00,False,False,,1,111
1831,01/12/2026 00:00:00,False,False,,1,111
1832,01/13/2026 00:00:00,False,False,,1,111
1833,01/13/2026 00:00:00,False,False,,1,111
1834,01/13/2026 00:00:00,False,False,,1,111
1835,01/13/2026 00:00:00,False,False,,1,111
1836,01/14/2026 00:00:00,False,False,,1,111
1837,01/14/2026 00:00:00,False,False,,1,111
1838,01/14/2026 00:00:00,False,False,,1,111
1839,01/14/2026 00:00:00,False,False,,1,111
1840,01/14/2026 00:00:00,False,False,,1,111
1841,01/14/2026 00:00:00,False,False,,1,111
1842,01/15/2026 00:00:00,False,False,,1,111
1843,01/16/2026 00:00:00,False,False,,1,111
1844,01/16/2026 00:00:00,False,False,,1,111
1845,01/17/2026 00:00:00,False,False,,1,111
1846,01/17/2026 00:00:00,False,False,,1,111
1847,01/17/2026 00:00:00,False,False,,1,111
1848,01/18/2026 00:00:00,False,False,,1,111
1849,01/18/2026 00:00:00,False,False,,1,111
1850,01/19/2026 00:00:00,False,False,,1,111
1851,01/20/2026 00:00:00,False,False,,1,111
1852,01/20/2026 00:00:00,False,False,,1,111
1853,01/20/2026 00:00:00,False,False,,1,111
1854,01/20/2026 00:00:00,False,False,,1,111
1855,01/20/2026 00:00:00,False,False,,1,111
1856,01/21/2026 00:00:00,False,False,,1,111
1857,01/21/2026 00:00:00,False,False,,1,111
1858,01/21/2026 00:00:00,False,False,,1,111
1859,01/21/2026 00:00:00,False,False,,1,111
1860,01/21/2026 00:00:00,False,False,,1,111
1861,01/22/2026 00:00:00,False,False,,1,111
1862,01/22/2026 00:00:00,False,False,,1,111
1863,01/22/2026 00:00:00,False,False,,1,111
1864,01/22/2026 00:00:00,False,False,,1,111
1865,01/22/2026 00:00:00,False,False,,1,111
1866,01/23/2026 00:00:00,False,False,,1,111
1867,01/23/2026 00:00:00,False,False,,1,111
1868,01/23/2026 00:00:00,False,False,,1,111
1869,01/23/2026 00:00:00,False,False,,1,111
1870,01/24/2026 00:00:00,False,False,,1,111
1871,01/24/2026 00:00:00,False,False,,1,111
1872,01/24/2026 00:00:00,False,False,,1,111
1873,01/25/2026 00:00:00,False,False,,1,111
1874,01/26/2026 00:00:00,False,False,,1,111
1875,01/26/2026 00:00:00,False,False,,1,111
1876,01/27/2026 00:00:00,False,False,,1,111
1877,01/27/2026 00:00:00,False,False,,1,111
1878,01/28/2026 00:00:00,False,False,,1,111
1879,01/28/2026 00:00:00,False,False,,1,111
1880,01/28/2026 00:00:00,False,False,,1,111
1881,01/28/2026 00:00:00,False,False,,1,111
1882,01/29/2026 00:00:00,False,False,,1,111
1883,01/29/2026 00:00:00,False,False,,1,111
1884,01/29/2026 00:00:00,False,False,,1,111
1885,01/29/2026 00:00:00,False,False,,1,111
1886,01/29/2026 00:00:00,False,False,,1,111
1887,01/29/2026 00:00:00,False,False,,1,111
1888,01/30/2026 00:00:00,False,False,,1,111
1889,01/30/2026 00:00:00,False,False,,1,111
1890,01/30/2026 00:00:00,False,False,,1,111
1891,01/30/2026 00:00:00,False,False,,1,111
1892,01/30/2026 00:00:00,False,False,,1,111
1893,01/30/2026 00:00:00,False,False,,1,111
1894,01/30/2026 00:00:00,False,False,,1,111
1895,01/31/2026 00:00:00,False,False,,1,111
1896,01/31/2026 00:00:00,False,False,,1,111
1897,01/31/2026 00:00:00,False,False,,1,111
1898,01/31/2026 00:00:00,False,False,,1,111
1899,01/31/2026 00:00:00,False,False,,1,111
1900,01/31/2026 00:00:00,False,False,,1,111
1901,01/31/2026 00:00:00,False,False,,1,111
1902,01/31/2026 00:00:00,False,False,,1,111
1903,01/31/2026 00:00:00,False,False,,1,111
1904,01/31/2026 00:00:00,False,False,,1,111
1905,01/31/2026 00:00:00,False,False,,1,111
1906,01/31/2026 00:00:00,False,False,,1,111
1907,01/31/2026 00:00:00,False,False,,1,111
1908,01/31/2026 00:00:00,False,False,,1,111
1909,01/31/2026 00:00:00,False,False,,1,111
1910,01/31/2026 00:00:00,False,False,,1,111
1911,01/31/2026 00:00:00,False,False,,1,111
1912,01/31/2026 00:00:00,False,False,,1,111
1913,01/31/2026 00:00:00,False,False,,1,111
1914,02/01/2026 00:00:00,False,False,,1,111
1915,02/01/2026 00:00:00,False,False,,1,111
1916,02/03/2026 00:00:00,False,False,,1,111
1917,02/03/2026 00:00:00,False,False,,1,111
1918,02/03/2026 00:00:00,False,False,,1,111
1919,02/03/2026 00:00:00,False,False,,1,111
1920,02/04/2026 00:00:00,False,False,,1,111
1921,02/04/2026 00:00:00,False,False,,1,111
1922,02/06/2026 00:00:00,False,False,,1,111
1923,02/08/2026 00:00:00,False,False,,1,111
1924,02/09/2026 00:00:00,False,False,,1,111
1925,02/09/2026 00:00:00,False,False,,1,111
1926,02/10/2026 00:00:00,False,False,,1,111
1927,02/10/2026 00:00:00,False,False,,1,111
1928,02/10/2026 00:00:00,False,False,,1,111
1929,02/10/2026 00:00:00,False,False,,1,111
1930,02/10/2026 00:00:00,False,False,,1,111
1931,02/11/2026 00:00:00,False,False,,1,111
1932,02/11/2026 00:00:00,False,False,,1,111
1933,02/11/2026 00:00:00,False,False,,1,111
1934,02/11/2026 00:00:00,False,False,,1,111
1935,02/12/2026 00:00:00,False,False,,1,111
1936,02/13/2026 00:00:00,False,False,,1,111
1937,02/13/2026 00:00:00,False,False,,1,111
1938,02/13/2026 00:00:00,False,False,,1,111
1939,02/13/2026 00:00:00,False,False,,1,111
1940,02/13/2026 00:00:00,False,False,,1,111
1941,02/14/2026 00:00:00,False,False,,1,111
1942,02/14/2026 00:00:00,False,False,,1,111
1943,02/16/2026 00:00:00,False,False,,1,111
1944,02/16/2026 00:00:00,False,False,,1,111
1945,02/17/2026 00:00:00,False,False,,1,111
1946,02/17/2026 00:00:00,False,False,,1,111
1947,02/18/2026 00:00:00,False,False,,1,111
1948,02/18/2026 00:00:00,False,False,,1,111
1949,02/18/2026 00:00:00,False,False,,1,111
1950,02/18/2026 00:00:00,False,False,,1,111
1951,02/18/2026 00:00:00,False,False,,1,111
1952,02/20/2026 00:00:00,False,False,,1,111
1953,02/20/2026 00:00:00,False,False,,1,111
1954,02/20/2026 00:00:00,False,False,,1,111
1955,02/21/2026 00:00:00,False,False,,1,111
1956,02/22/2026 00:00:00,False,False,,1,111
1957,02/23/2026 00:00:00,False,False,,1,111
1958,02/23/2026 00:00:00,False,False,,1,111
1959,02/23/2026 00:00:00,False,False,,1,111
1960,02/23/2026 00:00:00,False,False,,1,111
1961,02/23/2026 00:00:00,False,False,,1,111
1962,02/24/2026 00:00:00,False,False,,1,111
1963,02/24/2026 00:00:00,False,False,,1,111
1964,02/24/2026 00:00:00,False,False,,1,111
1965,02/24/2026 00:00:00,False,False,,1,111
1966,12/18/2025 00:00:00,False,False,,1,111
1967,12/19/2025 00:00:00,False,False,,1,111
1968,01/04/2026 00:00:00,False,False,,1,111
1969,01/21/2026 00:00:00,False,False,,1,111
1970,01/22/2026 00:00:00,False,False,,1,111
1971,01/23/2026 00:00:00,False,False,,1,111
1972,02/02/2026 00:00:00,False,False,,1,111
1973,02/02/2026 00:00:00,False,False,,1,111
1974,02/03/2026 00:00:00,False,False,,1,111
1975,02/03/2026 00:00:00,False,False,,1,111
1976,02/03/2026 00:00:00,False,False,,1,111
1977,03/01/2026 00:00:00,False,False,,1,111
1978,03/02/2026 00:00:00,False,False,,1,111
1979,02/25/2026 00:00:00,False,False,,1,111
1980,02/25/2026 00:00:00,False,False,,1,111
1981,02/25/2026 00:00:00,False,False,,1,111
1982,02/25/2026 00:00:00,False,False,,1,111
1983,02/25/2026 00:00:00,False,False,,1,111
1984,02/25/2026 00:00:00,False,False,,1,111
1985,02/25/2026 00:00:00,False,False,,1,111
1986,02/25/2026 00:00:00,False,False,,1,111
1987,02/25/2026 00:00:00,False,False,,1,111
1988,02/25/2026 00:00:00,False,False,,1,111
1989,02/26/2026 00:00:00,False,False,,1,111
1990,02/26/2026 00:00:00,False,False,,1,111
1991,02/26/2026 00:00:00,False,False,,1,111
1992,02/26/2026 00:00:00,False,False,,1,111
1993,02/26/2026 00:00:00,False,False,,1,111
1994,02/26/2026 00:00:00,False,False,,1,111
1995,02/27/2026 00:00:00,False,False,,1,111
1996,02/27/2026 00:00:00,False,False,,1,111
1997,02/27/2026 00:00:00,False,False,,1,111
1998,02/27/2026 00:00:00,False,False,,1,111
1999,02/27/2026 00:00:00,False,False,,1,111
2000,02/28/2026 00:00:00,False,False,,1,111
2001,02/28/2026 00:00:00,False,False,,1,111
2002,02/28/2026 00:00:00,False,False,,1,111
2003,02/28/2026 00:00:00,False,False,,1,111
2004,02/28/2026 00:00:00,False,False,,1,111
2005,02/28/2026 00:00:00,False,False,,1,111
2006,02/28/2026 00:00:00,False,False,,1,111
2007,02/28/2026 00:00:00,False,False,,1,111
2008,02/28/2026 00:00:00,False,False,,1,111
2009,02/28/2026 00:00:00,False,False,,1,111
2010,02/28/2026 00:00:00,False,False,,1,111
2011,02/28/2026 00:00:00,False,False,,1,111
2012,02/28/2026 00:00:00,False,False,,1,111
2013,02/28/2026 00:00:00,False,False,,1,111
2014,02/28/2026 00:00:00,False,False,,1,111
2015,02/28/2026 00:00:00,False,False,,1,111
2016,02/28/2026 00:00:00,False,False,,1,111
2017,02/28/2026 00:00:00,False,False,,1,111
2018,03/01/2026 00:00:00,False,False,,1,111
2019,03/01/2026 00:00:00,False,False,,1,111
2020,03/04/2026 00:00:00,False,False,,1,111
2021,03/04/2026 00:00:00,False,False,,1,111
2022,03/05/2026 00:00:00,False,False,,1,111
2023,03/05/2026 00:00:00,False,False,,1,111
2024,03/06/2026 00:00:00,False,False,,1,111
2025,03/07/2026 00:00:00,False,False,,1,111
2026,03/07/2026 00:00:00,False,False,,1,111
2027,03/08/2026 00:00:00,False,False,,1,111
2028,03/08/2026 00:00:00,False,False,,1,111
2029,03/08/2026 00:00:00,False,False,,1,111
2030,03/08/2026 00:00:00,False,False,,1,111
2031,03/10/2026 00:00:00,False,False,,1,111
2032,03/10/2026 00:00:00,False,False,,1,111
2033,03/12/2026 00:00:00,False,False,,1,111
2034,03/13/2026 00:00:00,False,False,,1,111
2035,03/13/2026 00:00:00,False,False,,1,111
2036,03/13/2026 00:00:00,False,False,,1,111
2037,03/14/2026 00:00:00,False,False,,1,111
2038,03/14/2026 00:00:00,False,False,,1,111
2039,03/14/2026 00:00:00,False,False,,1,111
2040,03/16/2026 00:00:00,False,False,,1,111
2041,03/16/2026 00:00:00,False,False,,1,111
2042,03/16/2026 00:00:00,False,False,,1,111
2043,03/16/2026 00:00:00,False,False,,1,111
2044,03/16/2026 00:00:00,False,False,,1,111
2045,03/17/2026 00:00:00,False,False,,1,111
2046,03/17/2026 00:00:00,False,False,,1,111
2047,03/17/2026 00:00:00,False,False,,1,111
2048,03/18/2026 00:00:00,False,False,,1,111
2049,03/18/2026 00:00:00,False,False,,1,111
2050,03/18/2026 00:00:00,False,False,,1,111
2051,03/19/2026 00:00:00,False,False,,1,111
2052,03/19/2026 00:00:00,False,False,,1,111
2053,03/20/2026 00:00:00,False,False,,1,111
2054,03/23/2026 00:00:00,False,False,,1,111
2055,03/24/2026 00:00:00,False,False,,1,111
2056,03/25/2026 00:00:00,False,False,,1,111
2057,03/25/2026 00:00:00,False,False,,1,111
2058,03/26/2026 00:00:00,False,False,,1,111
2059,03/26/2026 00:00:00,False,False,,1,111
2060,03/27/2026 00:00:00,False,False,,1,111
2061,03/27/2026 00:00:00,False,False,,1,111
2062,03/27/2026 00:00:00,False,False,,1,111
2063,03/28/2026 00:00:00,False,False,,1,111
2064,03/30/2026 00:00:00,False,False,,1,111
2065,03/30/2026 00:00:00,False,False,,1,111
2066,03/30/2026 00:00:00,False,False,,1,111
2067,03/30/2026 00:00:00,False,False,,1,111
2068,03/30/2026 00:00:00,False,False,,1,111
2069,03/30/2026 00:00:00,False,False,,1,111
2070,03/31/2026 00:00:00,False,False,,1,111
2071,03/31/2026 00:00:00,False,False,,1,111
2072,03/31/2026 00:00:00,False,False,,1,111
2073,03/31/2026 00:00:00,False,False,,1,111
2074,03/31/2026 00:00:00,False,False,,1,111
2075,03/31/2026 00:00:00,False,False,,1,111
2076,03/31/2026 00:00:00,False,False,,1,111
2077,03/31/2026 00:00:00,False,False,,1,111
2078,03/31/2026 00:00:00,False,False,,1,111
2079,04/01/2026 00:00:00,False,False,,1,111
2080,04/01/2026 00:00:00,False,False,,1,111
2081,04/01/2026 00:00:00,False,False,,1,111
2082,04/01/2026 00:00:00,False,False,,1,111
2083,04/02/2026 00:00:00,False,False,,1,111
2084,04/02/2026 00:00:00,False,False,,1,111
2085,04/02/2026 00:00:00,False,False,,1,111
2086,04/02/2026 00:00:00,False,False,,1,111
2087,04/03/2026 00:00:00,False,False,,1,111
2088,08/20/2025 00:00:00,False,False,,1,111
2089,11/30/2024 00:00:00,False,False,,1,111
2090,06/24/2024 00:00:00,False,False,,1,111
2091,12/17/2025 00:00:00,False,False,,1,111
2092,01/11/2026 00:00:00,False,False,,1,111
2093,01/13/2026 00:00:00,False,False,,1,111
2094,01/26/2026 00:00:00,False,False,,1,111
2095,02/03/2026 00:00:00,False,False,,1,111
2096,02/02/2026 00:00:00,False,False,,1,111
2097,02/18/2026 00:00:00,False,False,,1,111
2098,02/23/2026 00:00:00,False,False,,1,111
2099,11/11/2025 00:00:00,False,False,,1,111
2100,10/31/2024 00:00:00,False,False,,1,111
2101,12/29/2025 00:00:00,False,False,,1,111
2102,12/31/2024 00:00:00,False,False,,1,111
2103,11/30/2024 00:00:00,False,False,,1,111
2104,01/27/2025 00:00:00,False,False,,1,111
2105,02/17/2025 00:00:00,False,False,,1,111
2106,02/26/2025 00:00:00,False,False,,1,111
2107,02/27/2025 00:00:00,False,False,,1,111
2108,03/20/2025 00:00:00,False,False,,1,111
2109,05/31/2025 00:00:00,False,False,,1,111
2110,03/28/2025 00:00:00,False,False,,1,111
2111,07/07/2025 00:00:00,False,False,,1,111
2112,07/02/2025 00:00:00,False,False,,1,111
2113,07/03/2025 00:00:00,False,False,,1,111
2114,07/07/2025 00:00:00,False,False,,1,111
2115,07/30/2025 00:00:00,False,False,,1,111
2116,07/31/2025 00:00:00,False,False,,1,111
2117,09/30/2025 00:00:00,False,False,,1,111
2118,08/12/2025 00:00:00,False,False,,1,111
2119,09/30/2025 00:00:00,False,False,,1,111
2120,11/30/2025 00:00:00,False,False,,1,111
2121,01/31/2026 00:00:00,False,False,,1,111
2122,04/05/2026 00:00:00,False,False,,1,111
2123,04/06/2026 00:00:00,False,False,,1,111
2124,04/07/2026 00:00:00,False,False,,1,111
2125,04/07/2026 00:00:00,False,False,,1,111
2126,04/07/2026 00:00:00,False,False,,1,111
2127,04/07/2026 00:00:00,False,False,,1,111
2128,04/09/2026 00:00:00,False,False,,1,111
2129,04/10/2026 00:00:00,False,False,,1,111
2130,04/10/2026 00:00:00,False,False,,1,111
2131,04/10/2026 00:00:00,False,False,,1,111
2132,04/10/2026 00:00:00,False,False,,1,111
2133,04/10/2026 00:00:00,False,False,,1,111
2134,04/11/2026 00:00:00,False,False,,1,111
2135,04/11/2026 00:00:00,False,False,,1,111
2136,04/11/2026 00:00:00,False,False,,1,111
2137,04/11/2026 00:00:00,False,False,,1,111
2138,04/11/2026 00:00:00,False,False,,1,111
2139,04/12/2026 00:00:00,False,False,,1,111
2140,04/13/2026 00:00:00,False,False,,1,111
2141,04/13/2026 00:00:00,False,False,,1,111
2142,04/13/2026 00:00:00,False,False,,1,111
2143,04/14/2026 00:00:00,False,False,,1,111
2144,04/14/2026 00:00:00,False,False,,1,111
2145,04/14/2026 00:00:00,False,False,,1,111
2146,04/15/2026 00:00:00,False,False,,1,111
2147,04/15/2026 00:00:00,False,False,,1,111
2148,04/15/2026 00:00:00,False,False,,1,111
2149,04/15/2026 00:00:00,False,False,,1,111
2150,04/16/2026 00:00:00,False,False,,1,111
2151,04/16/2026 00:00:00,False,False,,1,111
2152,04/16/2026 00:00:00,False,False,,1,111
2153,04/16/2026 00:00:00,False,False,,1,111
2154,04/16/2026 00:00:00,False,False,,1,111
2155,04/17/2026 00:00:00,False,False,,1,111
2156,04/18/2026 00:00:00,False,False,,1,111
2157,04/20/2026 00:00:00,False,False,,1,111
2158,04/20/2026 00:00:00,False,False,,1,111
2159,04/21/2026 00:00:00,False,False,,1,111
2160,04/21/2026 00:00:00,False,False,,1,111
2161,04/21/2026 00:00:00,False,False,,1,111
2162,04/22/2026 00:00:00,False,False,,1,111
2163,04/22/2026 00:00:00,False,False,,1,111
2164,04/22/2026 00:00:00,False,False,,1,111
2165,04/23/2026 00:00:00,False,False,,1,111
2166,04/23/2026 00:00:00,False,False,,1,111
2167,04/23/2026 00:00:00,False,False,,1,111
2168,04/24/2026 00:00:00,False,False,,1,111
2169,04/24/2026 00:00:00,False,False,,1,111
2170,04/25/2026 00:00:00,False,False,,1,111
2171,04/27/2026 00:00:00,False,False,,1,111
2172,04/27/2026 00:00:00,False,False,,1,111
2173,04/27/2026 00:00:00,False,False,,1,111
2174,04/27/2026 00:00:00,False,False,,1,111
2175,04/27/2026 00:00:00,False,False,,1,111
2176,04/27/2026 00:00:00,False,False,,1,111
2177,04/28/2026 00:00:00,False,False,,1,111
2178,04/28/2026 00:00:00,False,False,,1,111
2179,04/28/2026 00:00:00,False,False,,1,111
2180,04/28/2026 00:00:00,False,False,,1,111
2181,04/29/2026 00:00:00,False,False,,1,111
2182,04/29/2026 00:00:00,False,False,,1,111
2183,04/29/2026 00:00:00,False,False,,1,111
2184,04/29/2026 00:00:00,False,False,,1,111
2185,04/29/2026 00:00:00,False,False,,1,111
2186,04/30/2026 00:00:00,False,False,,1,111
2187,04/30/2026 00:00:00,False,False,,1,111
2189,04/30/2026 00:00:00,False,False,,1,111
2190,04/30/2026 00:00:00,False,False,,1,111
2191,04/30/2026 00:00:00,False,False,,1,111
2192,04/30/2026 00:00:00,False,False,,1,111
2193,04/30/2026 00:00:00,False,False,,1,111
2194,04/30/2026 00:00:00,False,False,,1,111
2195,04/30/2026 00:00:00,False,False,,1,111
2196,04/30/2026 00:00:00,False,False,,1,111
2197,04/30/2026 00:00:00,False,False,,1,111
2198,04/30/2026 00:00:00,False,False,,1,111
2199,04/30/2026 00:00:00,False,False,,1,111
2200,04/30/2026 00:00:00,False,False,,1,111
2201,04/30/2026 00:00:00,False,False,,1,111
2203,05/02/2026 00:00:00,False,False,,1,111
2204,05/04/2026 00:00:00,False,False,,1,111
2205,05/04/2026 00:00:00,False,False,,1,111
2206,05/04/2026 00:00:00,False,False,,1,111
2207,05/04/2026 00:00:00,False,False,,1,111
2208,05/04/2026 00:00:00,False,False,,1,111
2209,05/05/2026 00:00:00,False,False,,1,111
2210,05/06/2026 00:00:00,False,False,,1,111
2211,05/06/2026 00:00:00,False,False,,1,111
2212,05/06/2026 00:00:00,False,False,,1,111
2213,05/07/2026 00:00:00,False,False,,1,111
2214,05/08/2026 00:00:00,False,False,,1,111
2215,05/08/2026 00:00:00,False,False,,1,111
2216,05/08/2026 00:00:00,False,False,,1,111
2217,05/09/2026 00:00:00,False,False,,1,111
2218,05/11/2026 00:00:00,False,False,,1,111
2219,05/11/2026 00:00:00,False,False,,1,111
2220,05/11/2026 00:00:00,False,False,,1,111
2221,05/11/2026 00:00:00,False,False,,1,111
2222,05/12/2026 00:00:00,False,False,,1,111
2223,05/12/2026 00:00:00,False,False,,1,111
2224,05/12/2026 00:00:00,False,False,,1,111
2225,05/12/2026 00:00:00,False,False,,1,111
2226,05/13/2026 00:00:00,False,False,,1,111
2227,05/13/2026 00:00:00,False,False,,1,111
2228,05/13/2026 00:00:00,False,False,,1,111
2229,05/13/2026 00:00:00,False,False,,1,111
2230,05/14/2026 00:00:00,False,False,,1,111
2231,05/14/2026 00:00:00,False,False,,1,111
2232,05/15/2026 00:00:00,False,False,,1,111
2233,05/15/2026 00:00:00,False,False,,1,111
2234,05/15/2026 00:00:00,False,False,,1,111
2235,05/16/2026 00:00:00,False,False,,1,111
2236,05/16/2026 00:00:00,False,False,,1,111
2237,05/18/2026 00:00:00,False,False,,1,111
2238,05/18/2026 00:00:00,False,False,,1,111
2239,05/18/2026 00:00:00,False,False,,1,111
2240,05/18/2026 00:00:00,False,False,,1,111
2241,05/18/2026 00:00:00,False,False,,1,111
2242,05/20/2026 00:00:00,False,False,,1,111
2243,05/20/2026 00:00:00,False,False,,1,111
2244,05/20/2026 00:00:00,False,False,,1,111
2245,05/21/2026 00:00:00,False,False,,1,111
2246,05/21/2026 00:00:00,False,False,,1,111
2247,05/21/2026 00:00:00,False,False,,1,111
2248,05/22/2026 00:00:00,False,False,,1,111
2249,05/22/2026 00:00:00,False,False,,1,111
2250,05/22/2026 00:00:00,False,False,,1,111
2251,05/23/2026 00:00:00,False,False,,1,111
2252,05/23/2026 00:00:00,False,False,,1,111
2253,05/23/2026 00:00:00,False,False,,1,111
2254,05/23/2026 00:00:00,False,False,,1,111
2255,05/23/2026 00:00:00,False,False,,1,111
2256,05/23/2026 00:00:00,False,False,,1,111
2257,05/23/2026 00:00:00,False,False,,1,111
2258,05/24/2026 00:00:00,False,False,,1,111
2259,05/25/2026 00:00:00,False,False,,1,111
2260,05/25/2026 00:00:00,False,False,,1,111
2261,05/25/2026 00:00:00,False,False,,1,111
2262,05/25/2026 00:00:00,False,False,,1,111
2263,05/25/2026 00:00:00,False,False,,1,111
2264,05/25/2026 00:00:00,False,False,,1,111
2265,05/26/2026 00:00:00,False,False,,1,111
2266,05/26/2026 00:00:00,False,False,,1,111
2267,05/26/2026 00:00:00,False,False,,1,111
2268,05/26/2026 00:00:00,False,False,,1,111
2269,05/26/2026 00:00:00,False,False,,1,111
2270,05/30/2026 00:00:00,False,False,,1,111
2271,05/30/2026 00:00:00,False,False,,1,111
2272,06/01/2026 00:00:00,False,False,,1,111
2273,06/01/2026 00:00:00,False,False,,1,111
2274,05/31/2026 00:00:00,False,False,,1,111
2275,05/31/2026 00:00:00,False,False,,1,111
2276,05/31/2026 00:00:00,False,False,,1,111
2277,05/31/2026 00:00:00,False,False,,1,111
2278,05/31/2026 00:00:00,False,False,,1,111
2279,05/31/2026 00:00:00,False,False,,1,111
2280,05/31/2026 00:00:00,False,False,,1,111
2281,05/31/2026 00:00:00,False,False,,1,111
2282,05/31/2026 00:00:00,False,False,,1,111
2283,05/31/2026 00:00:00,False,False,,1,111
2284,05/31/2026 00:00:00,False,False,,1,111
2285,06/02/2026 00:00:00,False,False,,1,111
2286,06/03/2026 00:00:00,False,False,,1,111
2287,06/03/2026 00:00:00,False,False,,1,111
2288,06/03/2026 00:00:00,False,False,,1,111
2289,06/04/2026 00:00:00,False,False,,1,111
2290,06/04/2026 00:00:00,False,False,,1,111
2291,06/04/2026 00:00:00,False,False,,1,111
2292,06/04/2026 00:00:00,False,False,,1,111
2293,06/06/2026 00:00:00,False,False,,1,111
2294,06/06/2026 00:00:00,False,False,,1,111
2295,06/08/2026 00:00:00,False,False,,1,111
2296,06/08/2026 00:00:00,False,False,,1,111
2297,06/08/2026 00:00:00,False,False,,1,111
2298,06/09/2026 00:00:00,False,False,,1,111
2299,06/10/2026 00:00:00,False,False,,1,111
2300,06/10/2026 00:00:00,False,False,,1,111
2301,06/10/2026 00:00:00,False,False,,1,111
2302,06/10/2026 00:00:00,False,False,,1,111
2303,06/10/2026 00:00:00,False,False,,1,111
2304,06/10/2026 00:00:00,False,False,,1,111
2305,06/10/2026 00:00:00,False,False,,1,111
2306,06/10/2026 00:00:00,False,False,,1,111
2307,06/11/2026 00:00:00,False,False,,1,111
2308,06/11/2026 00:00:00,False,False,,1,111
2309,06/12/2026 00:00:00,False,False,,1,111
2310,06/12/2026 00:00:00,False,False,,1,111
2311,06/12/2026 00:00:00,False,False,,1,111
2312,06/13/2026 00:00:00,False,False,,1,111
2313,06/13/2026 00:00:00,False,False,,1,111
2314,06/13/2026 00:00:00,False,False,,1,111
2315,06/14/2026 00:00:00,False,False,,1,111
2316,06/15/2026 00:00:00,False,False,,1,111
2317,06/12/2026 00:00:00,False,False,,1,111
2318,06/16/2026 00:00:00,False,False,,1,111
2319,06/16/2026 00:00:00,False,False,,1,111
2320,06/16/2026 00:00:00,False,False,,1,111
2321,06/16/2026 00:00:00,False,False,,1,111
2322,06/16/2026 00:00:00,False,False,,1,111
2323,06/16/2026 00:00:00,False,False,,1,111
2324,06/16/2026 00:00:00,False,False,,1,111
2325,06/16/2026 00:00:00,False,False,,1,111
2326,06/16/2026 00:00:00,False,False,,1,111
2327,06/17/2026 00:00:00,False,False,,1,111
2328,06/17/2026 00:00:00,False,False,,1,111
2329,06/17/2026 00:00:00,False,False,,1,111
2330,06/17/2026 00:00:00,False,False,,1,111
2331,06/18/2026 00:00:00,False,False,,1,111
2332,06/18/2026 00:00:00,False,False,,1,111
2333,06/19/2026 00:00:00,False,False,,1,111
2334,06/20/2026 00:00:00,False,False,,1,111
2335,06/20/2026 00:00:00,False,False,,1,111
2336,06/20/2026 00:00:00,False,False,,1,111
2337,06/20/2026 00:00:00,False,False,,1,111
2338,06/21/2026 00:00:00,False,False,,1,111
2339,06/22/2026 00:00:00,False,False,,1,111
2340,06/22/2026 00:00:00,False,False,,1,111
2341,06/22/2026 00:00:00,False,False,,1,111
2342,06/22/2026 00:00:00,False,False,,1,111
2343,06/22/2026 00:00:00,False,False,,1,111
2344,06/23/2026 00:00:00,False,False,,1,111
2345,06/23/2026 00:00:00,False,False,,1,111
2346,06/24/2026 00:00:00,False,False,,1,111
2347,06/24/2026 00:00:00,False,False,,1,111
2348,06/24/2026 00:00:00,False,False,,1,111
2349,06/24/2026 00:00:00,False,False,,1,111
2350,06/24/2026 00:00:00,False,False,,1,111
2351,06/25/2026 00:00:00,False,False,,1,111
2352,06/27/2026 00:00:00,False,False,,1,111
2353,06/27/2026 00:00:00,False,False,,1,111
2354,06/28/2026 00:00:00,False,False,,1,111
2355,06/29/2026 00:00:00,False,False,,1,111
2356,06/29/2026 00:00:00,False,False,,1,111
2357,06/30/2026 00:00:00,False,False,,1,111
2358,06/30/2026 00:00:00,False,False,,1,111
2359,06/30/2026 00:00:00,False,False,,1,111
2360,06/30/2026 00:00:00,False,False,,1,111
2361,06/30/2026 00:00:00,False,False,,1,111
2362,06/30/2026 00:00:00,False,False,,1,111
2363,06/30/2026 00:00:00,False,False,,1,111
2364,06/30/2026 00:00:00,False,False,,1,111
2365,06/30/2026 00:00:00,False,False,,1,111
2366,07/01/2026 00:00:00,False,False,,1,111
2367,07/01/2026 00:00:00,False,False,,1,111
2368,07/02/2026 00:00:00,False,False,,1,111
2369,07/02/2026 00:00:00,False,False,,1,111
2370,07/02/2026 00:00:00,False,False,,1,111
2371,07/03/2026 00:00:00,False,False,,1,111
2372,07/03/2026 00:00:00,False,False,,1,111
2373,07/03/2026 00:00:00,False,False,,1,111
2374,07/04/2026 00:00:00,False,False,,1,111
2375,07/04/2026 00:00:00,False,False,,1,111
2376,07/04/2026 00:00:00,False,False,,1,111
2377,07/05/2026 00:00:00,False,False,,1,111
2378,07/05/2026 00:00:00,False,False,,1,111
2379,07/05/2026 00:00:00,False,False,,1,111
2380,07/06/2026 00:00:00,False,False,,1,111
2381,07/06/2026 00:00:00,False,False,,1,111
2382,07/07/2026 00:00:00,False,False,,1,111
2383,07/07/2026 00:00:00,False,False,,1,111
2384,07/07/2026 00:00:00,False,False,,1,111
2385,07/08/2026 00:00:00,False,False,,1,111
2386,07/09/2026 00:00:00,False,False,,1,111
2387,07/09/2026 00:00:00,False,False,,1,111
2388,07/10/2026 00:00:00,False,False,,1,111
2389,07/11/2026 00:00:00,False,False,,1,111
2390,07/11/2026 00:00:00,False,False,,1,111
2391,07/12/2026 00:00:00,False,False,,1,111
2392,07/13/2026 00:00:00,False,False,,1,111
2393,07/13/2026 00:00:00,False,False,,1,111
2394,07/13/2026 00:00:00,False,False,,1,111
2395,07/14/2026 00:00:00,False,False,,1,111
2396,07/14/2026 00:00:00,False,False,,1,111
2397,07/14/2026 00:00:00,False,False,,1,111
2398,07/14/2026 00:00:00,False,False,,1,111
2399,07/14/2026 00:00:00,False,False,,1,111
2400,07/14/2026 00:00:00,False,False,,1,111
2401,07/14/2026 00:00:00,False,False,,1,111
2402,07/14/2026 00:00:00,False,False,,1,111
2403,07/15/2026 00:00:00,False,False,,1,111
2404,07/15/2026 00:00:00,False,False,,1,111
2405,07/15/2026 00:00:00,False,False,,1,111
2406,07/15/2026 00:00:00,False,False,,1,111
2407,07/15/2026 00:00:00,False,False,,1,111
2408,07/15/2026 00:00:00,False,False,,1,111
2409,07/15/2026 00:00:00,False,False,,1,111
2410,07/16/2026 00:00:00,False,False,,1,111
2411,07/16/2026 00:00:00,False,False,,1,111
2412,07/16/2026 00:00:00,False,False,,1,111
2413,07/17/2026 00:00:00,False,False,,1,111
2414,07/19/2026 00:00:00,False,False,,1,111
2415,07/20/2026 00:00:00,False,False,,1,111
2416,07/20/2026 00:00:00,False,False,,1,111
2417,07/20/2026 00:00:00,False,False,,1,111
2418,07/20/2026 00:00:00,False,False,,1,111
2419,07/20/2026 00:00:00,False,False,,1,111
2420,07/20/2026 00:00:00,False,False,,1,111
2421,07/20/2026 00:00:00,False,False,,1,111
2422,07/21/2026 00:00:00,False,False,,1,111
2423,07/21/2026 00:00:00,False,False,,1,111
2424,07/22/2026 00:00:00,False,False,,1,111
2425,07/22/2026 00:00:00,False,False,,1,111
2426,07/22/2026 00:00:00,False,False,,1,111
2427,07/22/2026 00:00:00,False,False,,1,111
2428,07/22/2026 00:00:00,False,False,,1,111
2429,07/23/2026 00:00:00,False,False,,1,111
2430,07/23/2026 00:00:00,False,False,,1,111
2431,07/23/2026 00:00:00,False,False,,1,111
2432,07/23/2026 00:00:00,False,False,,1,111
2433,07/23/2026 00:00:00,False,False,,1,111
2434,07/23/2026 00:00:00,False,False,,1,111
2435,07/24/2026 00:00:00,False,False,,1,111
2436,07/24/2026 00:00:00,False,False,,1,111
2437,07/24/2026 00:00:00,False,False,,1,111
2438,07/24/2026 00:00:00,False,False,,1,111
2439,07/25/2026 00:00:00,False,False,,1,111
2440,07/25/2026 00:00:00,False,False,,1,111
2441,07/25/2026 00:00:00,False,False,,1,111
2442,07/25/2026 00:00:00,False,False,,1,111
2443,07/26/2026 00:00:00,False,False,,1,111
2444,07/27/2026 00:00:00,False,False,,1,111
2445,07/27/2026 00:00:00,False,False,,1,111
2446,07/27/2026 00:00:00,False,False,,1,111
2447,07/28/2026 00:00:00,False,False,,1,111
2448,07/28/2026 00:00:00,False,False,,1,111
2449,07/28/2026 00:00:00,False,False,,1,111
2450,07/29/2026 00:00:00,False,False,,1,111
2451,07/29/2026 00:00:00,False,False,,1,111
2452,07/30/2026 00:00:00,False,False,,1,111
2453,07/30/2026 00:00:00,False,False,,1,111
2454,07/31/2026 00:00:00,False,False,,1,111
2455,07/31/2026 00:00:00,False,False,,1,111
2456,07/16/2026 00:00:00,False,False,,1,111
2457,07/27/2026 00:00:00,False,False,,1,111
2458,05/01/2026 00:00:00,False,False,,1,111
2459,07/31/2026 00:00:00,False,False,,1,111
2460,07/31/2026 00:00:00,False,False,,1,111
2461,07/31/2026 00:00:00,False,False,,1,111
2462,07/31/2026 00:00:00,False,False,,1,111
2463,07/31/2026 00:00:00,False,False,,1,111
2464,07/31/2026 00:00:00,False,False,,1,111
2465,07/31/2026 00:00:00,False,False,,1,111
2466,07/31/2026 00:00:00,False,False,,1,111
2467,08/02/2026 00:00:00,False,False,,1,111
2468,08/03/2026 00:00:00,False,False,,1,111
2469,08/03/2026 00:00:00,False,False,,1,111
2470,08/03/2026 00:00:00,False,False,,1,111
2471,08/03/2026 00:00:00,False,False,,1,111
2472,08/05/2026 00:00:00,False,False,,1,111
2473,08/05/2026 00:00:00,False,False,,1,111
2474,08/06/2026 00:00:00,False,False,,1,111
2475,08/06/2026 00:00:00,False,False,,1,111
2476,08/06/2026 00:00:00,False,False,,1,111
2477,08/07/2026 00:00:00,False,False,,1,111
2478,08/07/2026 00:00:00,False,False,,1,111
2479,08/08/2026 00:00:00,False,False,,1,111
2480,08/08/2026 00:00:00,False,False,,1,111
2481,08/09/2026 00:00:00,False,False,,1,111
2482,08/09/2026 00:00:00,False,False,,1,111
2483,08/10/2026 00:00:00,False,False,,1,111
2484,08/10/2026 00:00:00,False,False,,1,111
2485,08/10/2026 00:00:00,False,False,,1,111
2486,08/10/2026 00:00:00,False,False,,1,111
2487,08/10/2026 00:00:00,False,False,,1,111
2488,08/10/2026 00:00:00,False,False,,1,111
2489,08/11/2026 00:00:00,False,False,,1,111
2490,08/11/2026 00:00:00,False,False,,1,111
2491,08/11/2026 00:00:00,False,False,,1,111
2492,08/11/2026 00:00:00,False,False,,1,111
2493,08/12/2026 00:00:00,False,False,,1,111
2494,08/12/2026 00:00:00,False,False,,1,111
2495,08/12/2026 00:00:00,False,False,,1,111
2496,08/13/2026 00:00:00,False,False,,1,111
2497,08/13/2026 00:00:00,False,False,,1,111
2498,08/13/2026 00:00:00,False,False,,1,111
2499,08/13/2026 00:00:00,False,False,,1,111
2500,08/13/2026 00:00:00,False,False,,1,111
2501,08/13/2026 00:00:00,False,False,,1,111
2502,08/14/2026 00:00:00,False,False,,1,111
2503,08/14/2026 00:00:00,False,False,,1,111
2504,08/17/2026 00:00:00,False,False,,1,111
2505,08/17/2026 00:00:00,False,False,,1,111
2506,08/17/2026 00:00:00,False,False,,1,111
2507,08/17/2026 00:00:00,False,False,,1,111
2508,08/18/2026 00:00:00,False,False,,1,111
2509,08/18/2026 00:00:00,False,False,,1,111
2510,08/18/2026 00:00:00,False,False,,1,111
2511,08/18/2026 00:00:00,False,False,,1,111
2512,08/19/2026 00:00:00,False,False,,1,111
2513,08/19/2026 00:00:00,False,False,,1,111
2514,08/20/2026 00:00:00,False,False,,1,111
2515,08/20/2026 00:00:00,False,False,,1,111
2516,08/20/2026 00:00:00,False,False,,1,111
2517,08/21/2026 00:00:00,False,False,,1,111
2518,08/21/2026 00:00:00,False,False,,1,111
2519,08/22/2026 00:00:00,False,False,,1,111
2520,08/22/2026 00:00:00,False,False,,1,111
2521,08/23/2026 00:00:00,False,False,,1,111
2522,08/23/2026 00:00:00,False,False,,1,111
2523,08/24/2026 00:00:00,False,False,,1,111
2524,08/24/2026 00:00:00,False,False,,1,111
2525,08/24/2026 00:00:00,False,False,,1,111
2526,08/24/2026 00:00:00,False,False,,1,111
2527,08/25/2026 00:00:00,False,False,,1,111
2528,08/25/2026 00:00:00,False,False,,1,111
2529,08/25/2026 00:00:00,False,False,,1,111
2530,08/25/2026 00:00:00,False,False,,1,111
2531,08/25/2026 00:00:00,False,False,,1,111
2532,08/27/2026 00:00:00,False,False,,1,111
2533,08/27/2026 00:00:00,False,False,,1,111
2534,08/27/2026 00:00:00,False,False,,1,111
2535,08/27/2026 00:00:00,False,False,,1,111
2536,08/28/2026 00:00:00,False,False,,1,111
2537,08/29/2026 00:00:00,False,False,,1,111
2538,08/29/2026 00:00:00,False,False,,1,111
2539,08/29/2026 00:00:00,False,False,,1,111
2540,08/30/2026 00:00:00,False,False,,1,111
2541,08/30/2026 00:00:00,False,False,,1,111
2543,08/31/2026 00:00:00,False,False,,1,111
2544,08/31/2026 00:00:00,False,False,,1,111
2545,08/31/2026 00:00:00,False,False,,1,111
2546,08/31/2026 00:00:00,False,False,,1,111
2547,08/31/2026 00:00:00,False,False,,1,111
2548,08/29/2026 00:00:00,False,False,,1,111
2549,08/31/2026 00:00:00,False,False,,1,111
2551,08/31/2026 00:00:00,False,False,,1,111
2552,08/31/2026 00:00:00,False,False,,1,111
2553,08/31/2026 00:00:00,False,False,,1,111
2554,08/31/2026 00:00:00,False,False,,1,111
2555,08/31/2026 00:00:00,False,False,,1,111
2556,08/31/2026 00:00:00,False,False,,1,111
2557,08/31/2026 00:00:00,False,False,,1,111
2558,08/31/2026 00:00:00,False,False,,1,111
2559,08/31/2026 00:00:00,False,False,,1,111
2560,08/31/2026 00:00:00,False,False,,1,111
2561,08/31/2026 00:00:00,False,False,,1,111
2562,08/31/2026 00:00:00,False,False,,1,111
2563,08/31/2026 00:00:00,False,False,,1,111
2564,08/31/2026 00:00:00,False,False,,1,111
2565,08/31/2026 00:00:00,False,False,,1,111
2566,08/31/2026 00:00:00,False,False,,1,111
2567,08/31/2026 00:00:00,False,False,,1,111
2568,08/31/2026 00:00:00,False,False,,1,111
2569,08/23/2026 00:00:00,False,False,,1,111
2570,08/23/2026 00:00:00,False,False,,1,111
2571,08/31/2026 00:00:00,False,False,,1,111
