SerialNo,AccountNo,VoucherNo,VoucherDate,Narration,Debit
77,610006,2,07/04/2023 00:00:00,Paid,94000.00
78,610010,2,07/04/2023 00:00:00,Paid,36500.00
79,52023,2,07/04/2023 00:00:00,Purchase of wire for factory,100000.00
80,52023,2,07/04/2023 00:00:00,Shokat labour,8500.00
81,52062,2,07/04/2023 00:00:00,Bility,4500.00
82,52023,2,07/04/2023 00:00:00,Mazdori,6000.00
83,52055,2,07/04/2023 00:00:00,Petrol 964,3000.00
84,52055,2,07/04/2023 00:00:00,Oil change 964,4000.00
85,64002,2,07/04/2023 00:00:00,Moter bike repair,5000.00
86,1221,2,07/04/2023 00:00:00,Rank for store,30000.00
87,1221,2,07/04/2023 00:00:00,Rank ,30000.00
88,52023,2,07/04/2023 00:00:00,Jameel bijli,5000.00
98,610013,4,07/06/2023 00:00:00,Purchase of Wheat Bran,85000.00
99,52023,4,07/06/2023 00:00:00,"Stone,Patthar",50000.00
100,52023,4,07/06/2023 00:00:00,Jameel bijli,5000.00
101,52055,4,07/06/2023 00:00:00,Petrol 964,3000.00
102,52052,4,07/06/2023 00:00:00,Tour Islamabad,22000.00
103,1221,4,07/06/2023 00:00:00,Rank,10000.00
104,1221,4,07/06/2023 00:00:00,Purchase A.C from ASGHAR,100000.00
105,64002,4,07/06/2023 00:00:00,House use,4000.00
106,52023,5,07/07/2023 00:00:00,Cement,50000.00
107,52023,5,07/07/2023 00:00:00,Shokat mazdori,7000.00
108,639,5,07/07/2023 00:00:00,Paid,60000.00
109,1221,5,07/07/2023 00:00:00,Rank,50000.00
110,1231,5,07/07/2023 00:00:00,Instalment of FIEDMC,780000.00
111,64002,5,07/07/2023 00:00:00,Hifsaa Fee,18000.00
114,52055,6,07/08/2023 00:00:00,Petrol 964,5000.00
115,52023,6,07/08/2023 00:00:00,Shokat Mazdori,13000.00
116,52062,6,07/08/2023 00:00:00,Bility,6500.00
117,64002,6,07/08/2023 00:00:00,House use,5000.00
118,1221,6,07/08/2023 00:00:00,Rank,70000.00
119,52022,6,07/08/2023 00:00:00,"ASGHAR A,C",20000.00
120,52023,7,07/09/2023 00:00:00,Shokat mazdori,17000.00
121,1221,7,07/09/2023 00:00:00,Rank,70000.00
122,52023,7,07/09/2023 00:00:00,Factory Bijli,8000.00
123,52055,7,07/09/2023 00:00:00,Petrol,3000.00
127,64002,1,07/03/2023 00:00:00,House use,6000.00
128,64002,1,07/03/2023 00:00:00,Moter bike isntalment,30000.00
129,52055,1,07/03/2023 00:00:00,Petrol 964,3000.00
130,610011,1,07/03/2023 00:00:00,Purchase Jamal ghotta,20000.00
131,52023,1,07/03/2023 00:00:00,Shokat labour,6500.00
132,52055,1,07/03/2023 00:00:00,Gas Filling Factory,1000.00
133,52055,1,07/03/2023 00:00:00,Petrol 964,2000.00
134,52023,9,07/04/2023 00:00:00,factory karcha,1000.00
136,52023,8,07/10/2023 00:00:00,Shokat Mazdori,12500.00
137,620048,8,07/10/2023 00:00:00,Loan,50000.00
138,52023,10,07/11/2023 00:00:00,Mazdori Growth Promoter,4000.00
139,52023,10,07/11/2023 00:00:00,Mazdori Shokat,16500.00
140,52023,10,07/11/2023 00:00:00,Jameel Bijli,5500.00
141,52023,10,07/11/2023 00:00:00,Cement,50000.00
142,64002,10,07/11/2023 00:00:00,House use,15000.00
143,52055,10,07/11/2023 00:00:00,Petrol 964,3000.00
144,52022,10,07/11/2023 00:00:00,ASGHAR A.C,6000.00
145,64002,10,07/11/2023 00:00:00,House use,1000.00
146,610012,10,07/11/2023 00:00:00,Paid,1000000.00
147,610014,11,07/12/2023 00:00:00,Paid,128000.00
148,52023,11,07/12/2023 00:00:00,Shokat mazdori,8500.00
149,52055,11,07/12/2023 00:00:00,Petrol 964,3000.00
150,52023,11,07/12/2023 00:00:00,Jameel Bijli,3300.00
151,52023,12,07/13/2023 00:00:00,Bajwa RAIT,36000.00
152,52023,12,07/13/2023 00:00:00,Stone Patthar,50000.00
153,52055,12,07/13/2023 00:00:00,Petrol 964,3000.00
154,64003,12,07/13/2023 00:00:00,Rana Anwaar Loan,50000.00
155,64002,12,07/13/2023 00:00:00,House net Bill,3000.00
156,610014,12,07/13/2023 00:00:00,Paid ,80000.00
157,52023,12,07/13/2023 00:00:00,Shokat mazdori,8500.00
158,631,13,07/14/2023 00:00:00,Advance,5000.00
159,52023,13,07/14/2023 00:00:00,Factory Karcha,25000.00
160,52023,14,07/16/2023 00:00:00,Mehmood Factory Karcha,8000.00
161,52023,15,07/17/2023 00:00:00,Factory Karcha,10000.00
162,52023,15,07/17/2023 00:00:00,Factory Karcha,5000.00
163,52023,16,07/17/2023 00:00:00,Tobaco purchase,1000.00
164,52023,17,07/22/2023 00:00:00,Drap fee Usmani,50000.00
165,52023,17,07/22/2023 00:00:00,Cement,50000.00
166,610004,17,07/22/2023 00:00:00,Paid,25000.00
167,64002,17,07/22/2023 00:00:00,House use,10000.00
168,52023,17,07/22/2023 00:00:00,Shokat Mazdori,10000.00
169,52023,17,07/22/2023 00:00:00,Farah ,35000.00
170,1221,18,07/24/2023 00:00:00,"Paid R,O Plant",100000.00
171,52023,18,07/24/2023 00:00:00,R.Material,31000.00
172,52023,18,07/24/2023 00:00:00,Shokat Mazdori,3500.00
173,52023,18,07/24/2023 00:00:00,Labour ,4500.00
174,635,18,07/24/2023 00:00:00,Paid,3000.00
175,52055,18,07/24/2023 00:00:00,Petrol 964,3000.00
176,610004,19,07/25/2023 00:00:00,Paid ,5000.00
177,64002,19,07/25/2023 00:00:00,House use,1000.00
178,52052,19,07/25/2023 00:00:00,Tour to Gojer Khan,25000.00
179,610004,20,07/26/2023 00:00:00,Paid,16000.00
180,52055,20,07/26/2023 00:00:00,Petrol 964,3000.00
181,52023,20,07/26/2023 00:00:00,Cement,30000.00
182,610003,20,07/26/2023 00:00:00,Paid,20000.00
183,1221,3,07/05/2023 00:00:00,"Paid to R,O Plant",200000.00
184,638,3,07/05/2023 00:00:00,Salary,61000.00
185,52023,3,07/05/2023 00:00:00,Factory karcha,14000.00
186,64002,3,07/05/2023 00:00:00,Rehan Fee,12500.00
187,64002,3,07/05/2023 00:00:00,House use,1500.00
188,52023,3,07/05/2023 00:00:00,Drap fee,6000.00
189,52023,3,07/05/2023 00:00:00,Factory karcha,3000.00
190,52023,3,07/05/2023 00:00:00,"Reel G,P 1kg",150000.00
191,52023,3,07/05/2023 00:00:00,Shokat Ghar,5000.00
198,52055,22,07/30/2023 00:00:00,Petrol 964,3000.00
199,52055,22,07/30/2023 00:00:00,Gaari,2500.00
200,52062,22,07/30/2023 00:00:00,Bility Rent,5500.00
204,64002,23,07/31/2023 00:00:00,House instalment Paid H.B.L,405000.00
205,52023,23,07/31/2023 00:00:00,Mehmood Factory Karcha,5000.00
206,52055,23,07/31/2023 00:00:00,Petrol 964,4000.00
213,638,21,07/27/2023 00:00:00,Salary,25000.00
214,52062,21,07/27/2023 00:00:00,Riksha Rent,2000.00
215,64002,21,07/27/2023 00:00:00,House Use,10000.00
216,52023,21,07/27/2023 00:00:00,Factory Mazdori Mehmood,2500.00
217,52023,21,07/27/2023 00:00:00,Shokat Mazdori,8000.00
218,52055,24,08/01/2023 00:00:00,Petrol 964,5000.00
219,52023,24,08/01/2023 00:00:00,Cement ,30000.00
220,52023,24,08/01/2023 00:00:00,Patthar Stone,25000.00
221,52023,24,08/01/2023 00:00:00,Rank wala,15000.00
222,52023,24,08/01/2023 00:00:00,Factory Karcha Lafaafa,5000.00
223,1211,25,08/02/2023 00:00:00,Paid to Habib Malik for F.S.N 593 honda City,450000.00
224,52052,25,08/02/2023 00:00:00,Tour to Kmaliyaa,7000.00
225,64002,25,08/02/2023 00:00:00,Gas Bill House ,2900.00
226,64002,25,08/02/2023 00:00:00,House use,2000.00
227,610004,25,08/02/2023 00:00:00,Paid ,35000.00
233,64002,27,08/04/2023 00:00:00,Motor Bike Instalment,30000.00
234,1211,27,08/04/2023 00:00:00,Paid to Habib for Honda City FSN 593,50000.00
235,5209041,27,08/04/2023 00:00:00,Bill Bijli,52000.00
236,52055,28,08/05/2023 00:00:00,Petrol 964,2000.00
237,635,28,08/05/2023 00:00:00,Paid,2000.00
238,52023,28,08/05/2023 00:00:00,WAPDA Transformer,50000.00
239,52021,29,08/06/2023 00:00:00,Repair 964 Wagon,25000.00
240,52055,29,08/06/2023 00:00:00,Petrol 964 wagon,3000.00
241,610004,30,08/07/2023 00:00:00,Paid,27000.00
242,52023,30,08/07/2023 00:00:00,Transformer Bijli,50000.00
243,64002,30,08/07/2023 00:00:00,House use,20000.00
244,52055,30,08/07/2023 00:00:00,Petrol 964 Wagon,5000.00
245,52023,30,08/07/2023 00:00:00,Samaan Factory,15000.00
246,52055,31,08/08/2023 00:00:00,Petrol Wagon 964,5000.00
247,52023,31,08/08/2023 00:00:00,Mazdori Factory,3000.00
248,52055,31,08/08/2023 00:00:00,Petrol Wagon 964,2000.00
249,64002,31,08/08/2023 00:00:00,House use ,3000.00
250,610013,26,08/03/2023 00:00:00,Bento Purchase,33500.00
251,52055,26,08/03/2023 00:00:00,Petrol 964,3000.00
252,52023,26,08/03/2023 00:00:00,Paid Fesco,12000.00
253,52023,26,08/03/2023 00:00:00,Motor Repair,7000.00
254,52023,26,08/03/2023 00:00:00,factory Samaan,4000.00
255,620020,26,08/03/2023 00:00:00,Paid ,100000.00
256,52055,32,08/09/2023 00:00:00,Petrol 964 Wagon,5000.00
257,520901,32,08/09/2023 00:00:00,PTCL Bill Factory,3000.00
258,635,32,08/09/2023 00:00:00,Paid.,2000.00
259,64002,32,08/09/2023 00:00:00,House use,3000.00
260,64002,33,08/10/2023 00:00:00,REHAN fee.,80000.00
261,52055,33,08/10/2023 00:00:00,Petrol wagon 964,3000.00
262,64002,34,08/11/2023 00:00:00,Paid to Milk wala.,20000.00
263,52023,34,08/11/2023 00:00:00,Paid to Drug Inspector.,100000.00
264,52023,34,08/11/2023 00:00:00,Factory Karcha,25000.00
265,610016,34,08/11/2023 00:00:00,Paid for Bento,110000.00
266,1231,35,08/12/2023 00:00:00,FIEDMC Instalment,2327484.00
267,610014,35,08/12/2023 00:00:00,Paid,700000.00
268,52023,35,08/12/2023 00:00:00,Factory Karcha MANI,2500.00
269,52055,35,08/12/2023 00:00:00,Petrol wagon 964,2000.00
270,52023,35,08/12/2023 00:00:00,Factory karcha,1000.00
271,52062,35,08/12/2023 00:00:00,Bento Rent,15000.00
272,610013,35,08/12/2023 00:00:00,Starch Purchase,7200.00
273,52055,36,08/13/2023 00:00:00,Petrol wagon 964,2500.00
274,52054,36,08/13/2023 00:00:00,Vistor Freshmint,500.00
275,52023,36,08/13/2023 00:00:00,Machin.,500.00
276,52023,36,08/13/2023 00:00:00,Labour Mazdori,4000.00
277,610004,36,08/13/2023 00:00:00,Paid,10000.00
278,52023,37,08/14/2023 00:00:00,Factory Karch.Baalan,5000.00
279,52055,38,08/15/2023 00:00:00,Petrol eagon 964,3000.00
280,52023,38,08/15/2023 00:00:00,Machin Repair,1000.00
281,5209041,38,08/15/2023 00:00:00,Factory Bill,168265.00
282,635,38,08/15/2023 00:00:00,Paid ,500.00
283,52023,38,08/15/2023 00:00:00,Khalid Guard Paid,5000.00
284,52023,38,08/15/2023 00:00:00,Factory Karcha Mehmood,3000.00
285,52055,39,08/16/2023 00:00:00,Petrol wagon 964,2000.00
286,64002,39,08/16/2023 00:00:00,House use,5000.00
287,52055,39,08/16/2023 00:00:00,Petrol wagon 964,3000.00
288,52023,40,08/18/2023 00:00:00,Factory Salary,75000.00
289,52023,41,08/19/2023 00:00:00,Paid Hamid Bottle LAHORE,75000.00
290,52023,41,08/19/2023 00:00:00,Cement,50000.00
291,52023,41,08/19/2023 00:00:00,Tin Lid Paid,25000.00
292,52023,41,08/19/2023 00:00:00,Factory Salary,200000.00
293,64002,41,08/19/2023 00:00:00,House Use,50000.00
294,52055,42,08/20/2023 00:00:00,Petrol wagon 964,5000.00
295,64002,43,08/21/2023 00:00:00,House use,1000.00
296,52055,43,08/21/2023 00:00:00,Petrol wagon 964,3000.00
297,52023,44,08/22/2023 00:00:00,Factory Mazdori,7200.00
298,52055,44,08/22/2023 00:00:00,Petrol,7000.00
299,610013,44,08/22/2023 00:00:00,Purchase Starch,10000.00
300,52062,44,08/22/2023 00:00:00,Bility Karcha,2000.00
301,52023,45,08/23/2023 00:00:00,Paid to Rank,20000.00
302,52062,45,08/23/2023 00:00:00,Bility Karcha,2000.00
303,52052,45,08/23/2023 00:00:00,Tour Kamaliya Petrol,7000.00
304,52052,46,08/24/2023 00:00:00,Tour to Gojer khan Petrol,25000.00
305,52055,47,08/26/2023 00:00:00,Petrol wagon964,5000.00
306,52023,47,08/26/2023 00:00:00,Factory Mazdori,7000.00
307,52023,47,08/26/2023 00:00:00,Bijli Wala ,5000.00
308,52055,48,08/27/2023 00:00:00,Petrol wagon 964,5000.00
309,64002,48,08/27/2023 00:00:00,House Use,3000.00
310,52055,49,08/28/2023 00:00:00,Petrol 964,3000.00
311,52023,49,08/28/2023 00:00:00,Bijlee,2000.00
312,52023,49,08/28/2023 00:00:00,Purchase Shoper,1500.00
313,64002,50,08/29/2023 00:00:00,Paid to Ashraf Bhai,300000.00
314,52055,50,08/29/2023 00:00:00,Petrol 964,3000.00
315,52023,50,08/29/2023 00:00:00,Advance Paid to Phatan Worker,15000.00
316,52055,51,08/30/2023 00:00:00,Petrol 964,3000.00
317,52023,51,08/30/2023 00:00:00,Motor Cycle,27000.00
318,52023,51,08/30/2023 00:00:00,Paid to R.O plant,39500.00
319,610004,51,08/30/2023 00:00:00,Paid,50000.00
320,610005,51,08/30/2023 00:00:00,Paid,100000.00
321,64003,51,08/30/2023 00:00:00,RANa ,50000.00
322,638,52,08/31/2023 00:00:00,Salary,40000.00
323,52023,52,08/31/2023 00:00:00,Daaoud Pathan ,10000.00
324,52023,52,08/31/2023 00:00:00,Salary worker,130000.00
325,52023,52,08/31/2023 00:00:00,Rent,6000.00
326,52023,52,08/31/2023 00:00:00,Factory Samaan,10000.00
327,1211,53,09/01/2023 00:00:00,Paid to Habib for Motor Car of Nasir Jamal 618,1400000.00
328,52023,53,09/01/2023 00:00:00,Pathan Mitii,50000.00
329,52055,53,09/01/2023 00:00:00,Petrol ,1000.00
330,610006,54,09/02/2023 00:00:00,Paid,100000.00
331,610005,54,09/02/2023 00:00:00,Paid,100000.00
332,610004,54,09/02/2023 00:00:00,Paid,50000.00
333,52023,54,09/02/2023 00:00:00,Health Policy,100000.00
334,52023,54,09/02/2023 00:00:00,Sareena Hotel,5000.00
335,52062,55,09/03/2023 00:00:00,Bility,5000.00
336,52055,55,09/03/2023 00:00:00,Petrol 964,3000.00
337,64002,55,09/03/2023 00:00:00,House Use,7000.00
338,52023,55,09/03/2023 00:00:00,Cement,40000.00
339,64002,55,09/03/2023 00:00:00,House Use,150000.00
340,52023,56,09/05/2023 00:00:00,Purchase Fan,7000.00
341,52023,56,09/05/2023 00:00:00,Purchase Bucket,10000.00
342,52023,56,09/05/2023 00:00:00,Paid Shokat,10000.00
343,52023,56,09/05/2023 00:00:00,Khalid Guard,15000.00
344,52023,56,09/05/2023 00:00:00,Moter Bike Instalment,30000.00
345,64002,56,09/05/2023 00:00:00,House Use,5000.00
346,52052,56,09/05/2023 00:00:00,Tour Kamaliya,10000.00
347,610010,57,09/07/2023 00:00:00,Purchase Salt,3150.00
348,610012,57,09/07/2023 00:00:00,Paid Habib,100000.00
349,52023,57,09/07/2023 00:00:00,Paid to Daoud Khan,16000.00
355,610001,59,09/09/2023 00:00:00,Paid,30000.00
356,610012,59,09/09/2023 00:00:00,Paid to Habib,120000.00
357,52023,59,09/09/2023 00:00:00,Petrol ,1000.00
358,52023,59,09/09/2023 00:00:00,Factory Worker,10000.00
359,52023,59,09/09/2023 00:00:00,Paid Daoud Khan,5000.00
360,610012,59,09/09/2023 00:00:00,Paid to Habib,100000.00
361,52023,59,09/09/2023 00:00:00,Factory Karcha,10000.00
362,6310,60,09/10/2023 00:00:00,Paid,100000.00
363,64002,60,09/10/2023 00:00:00,House Use,5000.00
364,631,60,09/10/2023 00:00:00,Advance,5000.00
365,64002,60,09/10/2023 00:00:00,Shadi Rasm,1000.00
366,610004,61,09/11/2023 00:00:00,Paid ,100000.00
367,52055,61,09/11/2023 00:00:00,Petrol 964,5000.00
368,64002,62,09/12/2023 00:00:00,House Use,6000.00
369,52023,62,09/12/2023 00:00:00,Wagon Karch,5000.00
370,52055,62,09/12/2023 00:00:00,Petrol 964,3000.00
371,52023,62,09/12/2023 00:00:00,Factory Karcha,7000.00
372,64002,62,09/12/2023 00:00:00,House Use ,3000.00
373,610016,63,09/13/2023 00:00:00,Paid ,46100.00
374,52023,63,09/13/2023 00:00:00,Drap Challan,52000.00
375,610002,63,09/13/2023 00:00:00,Paid,75000.00
376,634,63,09/13/2023 00:00:00,Salary,25000.00
377,52055,63,09/13/2023 00:00:00,Petrol 964,5000.00
378,52023,63,09/13/2023 00:00:00,Shokat Mazdori,20000.00
379,52023,63,09/13/2023 00:00:00,Mazdori Musafir Phatan,10000.00
380,52023,63,09/13/2023 00:00:00,Factory Karcha Shopper,12000.00
381,64002,63,09/13/2023 00:00:00,House Use ,7000.00
382,610013,64,09/14/2023 00:00:00,Purchase Starch,7000.00
383,52023,64,09/14/2023 00:00:00,Factory ,2000.00
384,64002,64,09/14/2023 00:00:00,House use,3000.00
385,52055,64,09/14/2023 00:00:00,Petrol 964,3000.00
386,52023,65,09/15/2023 00:00:00,Worker Paid,5000.00
387,52055,65,09/15/2023 00:00:00,Petrol 964,10000.00
388,52055,65,09/15/2023 00:00:00,Petrol,5000.00
389,52023,65,09/15/2023 00:00:00,Paid Daoud Pthan,10000.00
390,610009,66,09/16/2023 00:00:00,Paid Hammd Traders,700000.00
391,64002,66,09/16/2023 00:00:00,H.B.L Instalment ,405000.00
392,52023,66,09/16/2023 00:00:00,Paid Daoud Pthan,5000.00
393,610004,66,09/16/2023 00:00:00,Paid,5000.00
394,64002,66,09/16/2023 00:00:00,Paid to Bhai ASHRAF,100000.00
395,64002,66,09/16/2023 00:00:00,House use ,5000.00
396,64002,66,09/16/2023 00:00:00,House Petrol,1000.00
397,52023,67,09/17/2023 00:00:00,Overtime Worker,10000.00
398,52055,67,09/17/2023 00:00:00,Petrol 964,5000.00
399,52023,68,09/18/2023 00:00:00,Factory Staionary,10000.00
400,610002,68,09/18/2023 00:00:00,Paid ,90000.00
401,52023,68,09/18/2023 00:00:00,Factory Worker overtime,8000.00
402,610004,69,09/19/2023 00:00:00,Paid ,30000.00
403,52023,69,09/19/2023 00:00:00,Drap Karcha Islamabad by Kashif,16000.00
404,52055,69,09/19/2023 00:00:00,Petrol,2000.00
413,52023,71,09/21/2023 00:00:00,Naseer gaari,150000.00
414,64002,71,09/21/2023 00:00:00,House use ,3000.00
415,64002,72,09/22/2023 00:00:00,House use ,20000.00
416,52023,72,09/22/2023 00:00:00,Cement,50000.00
417,610004,72,09/22/2023 00:00:00,Paid,100000.00
418,52023,73,09/23/2023 00:00:00,Bottle Factory Karcha,17000.00
419,52023,73,09/23/2023 00:00:00,Paid Daoud ,5000.00
420,610004,73,09/23/2023 00:00:00,Paid,150000.00
421,64003,73,09/23/2023 00:00:00,Rana Anwaar Loan + profit,436000.00
422,52055,73,09/23/2023 00:00:00,Petrol ,1000.00
423,610004,74,09/24/2023 00:00:00,Paid,100000.00
424,64002,74,09/24/2023 00:00:00,House use ,25000.00
425,52055,75,09/25/2023 00:00:00,Petrol ,3000.00
426,52023,75,09/25/2023 00:00:00,Pathan Karch,5000.00
427,52023,75,09/25/2023 00:00:00,Paid Daoud,3000.00
428,52023,75,09/25/2023 00:00:00,Factory Karcha ,30000.00
429,64002,76,09/26/2023 00:00:00,House use ,5000.00
430,1231,76,09/26/2023 00:00:00,Paid to R.O Plant,35000.00
431,610016,76,09/26/2023 00:00:00,Paid,35000.00
432,610003,76,09/26/2023 00:00:00,Paid ,50000.00
433,610005,76,09/26/2023 00:00:00,Paid ,50000.00
434,64002,76,09/26/2023 00:00:00,House use ,6000.00
435,52023,77,09/27/2023 00:00:00,Paid Pathan Mitii,100000.00
436,52023,77,09/27/2023 00:00:00,Factory Karch,5000.00
437,64002,77,09/27/2023 00:00:00,House use ,1000.00
438,52023,77,09/27/2023 00:00:00,Car Karch R.Y.K xli,25000.00
439,638,77,09/27/2023 00:00:00,Paid ,33000.00
440,52023,78,09/28/2023 00:00:00,Salary Pathan ,90000.00
441,64003,78,09/28/2023 00:00:00,Rana Anwaar,50000.00
442,52023,78,09/28/2023 00:00:00,Factory karch ,10000.00
443,52055,78,09/28/2023 00:00:00,Petrol 964,3000.00
444,610006,79,09/29/2023 00:00:00,Paid ,94000.00
445,610016,79,09/29/2023 00:00:00,Paid,70000.00
446,64002,79,09/29/2023 00:00:00,House use ,5000.00
447,52023,80,09/30/2023 00:00:00,Factory Karch,12000.00
448,610013,80,09/30/2023 00:00:00,Purchase Cap Pet Bottle,6500.00
449,64002,80,09/30/2023 00:00:00,Paid to Rana Ashraf A Block,2000000.00
450,52023,81,10/01/2023 00:00:00,Daoud Karcha ,5000.00
451,52023,81,10/01/2023 00:00:00,Salary Sadiq Ullah,20000.00
452,52023,81,10/01/2023 00:00:00,Factory Karch ,5000.00
453,52055,81,10/01/2023 00:00:00,Petrol 964,3500.00
454,610004,82,10/02/2023 00:00:00,Paid ,15000.00
455,52023,82,10/02/2023 00:00:00,Factory Karcha,15000.00
456,52023,82,10/02/2023 00:00:00,Health Policy,100000.00
457,64002,82,10/02/2023 00:00:00,House use ,9000.00
458,52023,82,10/02/2023 00:00:00,Machin Repair ,2640.00
459,64002,82,10/02/2023 00:00:00,Passport ,12000.00
460,52023,83,10/03/2023 00:00:00,Salary Worker ,185000.00
461,6310,83,10/03/2023 00:00:00,Paid ,100000.00
462,610016,83,10/03/2023 00:00:00,Paid ,120000.00
463,610016,83,10/03/2023 00:00:00,Paid ,150000.00
464,52023,84,10/04/2023 00:00:00,Factory Karch ,20000.00
465,610012,58,09/08/2023 00:00:00,Paid to Habib ,380000.00
466,610001,58,09/08/2023 00:00:00,Paid,50000.00
467,52023,58,09/08/2023 00:00:00,Factory Karcha,15000.00
468,638,58,09/08/2023 00:00:00,Paid ,100000.00
470,52023,85,10/05/2023 00:00:00,Factory Karcha,7000.00
471,52055,86,10/06/2023 00:00:00,Petrol,3000.00
472,64002,86,10/06/2023 00:00:00,House Use ,5000.00
473,52023,87,10/07/2023 00:00:00,Factory Karcha ,15000.00
474,64002,87,10/07/2023 00:00:00,House Medicn,5000.00
475,52023,88,10/08/2023 00:00:00,Factory Karcha ,10000.00
476,64002,88,10/08/2023 00:00:00,House Use ,10000.00
477,52023,89,10/09/2023 00:00:00,Factory Karcha ,14000.00
478,64002,89,10/09/2023 00:00:00,House Use ,1000.00
479,52055,90,10/10/2023 00:00:00,Petrol,5000.00
480,64002,90,10/10/2023 00:00:00,Sehar Fee,7000.00
481,520902,90,10/10/2023 00:00:00,Bill PTCL,4000.00
482,52023,90,10/10/2023 00:00:00,Paid to HINA Drap,50000.00
483,52023,90,10/10/2023 00:00:00,Factory Karcha Paid KASHIF for Islamabad,10000.00
484,610004,90,10/10/2023 00:00:00,Paid ,25000.00
485,64002,90,10/10/2023 00:00:00,House Instalment HBL,405000.00
486,64002,91,10/11/2023 00:00:00,Instalment Motor Bike ,29500.00
487,52023,91,10/11/2023 00:00:00,Factory Karcha ,14000.00
488,52021,91,10/11/2023 00:00:00,Layyah car Karch,15000.00
489,52023,92,10/12/2023 00:00:00,Factory Karch ,30000.00
490,64002,93,10/13/2023 00:00:00,House Use ,2000.00
491,1211,94,10/14/2023 00:00:00,Paid for Motor Car Wagnor,1000000.00
492,52023,94,10/14/2023 00:00:00,Factory Karch ,10000.00
493,610004,94,10/14/2023 00:00:00,Paid,15000.00
494,610002,95,10/15/2023 00:00:00,Paid,150000.00
495,610009,95,10/15/2023 00:00:00,Paid to Iftikhar sb,200000.00
496,52023,95,10/15/2023 00:00:00,Mazdori Pthan,14000.00
497,52023,95,10/15/2023 00:00:00,Factory Karch ,13000.00
498,64002,95,10/15/2023 00:00:00,House Medicn,10000.00
499,52023,96,10/16/2023 00:00:00,Daoud Karch ,15000.00
500,52023,96,10/16/2023 00:00:00,Factory Karch ,10000.00
501,64002,96,10/16/2023 00:00:00,Instalment HBL,126000.00
502,64002,97,10/17/2023 00:00:00,House Use ,2000.00
503,52055,98,10/18/2023 00:00:00,Petrol ,5000.00
504,52023,98,10/18/2023 00:00:00,FBR Tax,10000.00
505,52023,99,10/19/2023 00:00:00,Factory Karch ,20000.00
506,5209041,99,10/19/2023 00:00:00,Factory Bill,245000.00
507,52023,99,10/19/2023 00:00:00,Kasif sb Salary,105000.00
508,64002,100,10/20/2023 00:00:00,House Use ,6500.00
509,52023,100,10/20/2023 00:00:00,Karch Pathan,10000.00
510,52023,100,10/20/2023 00:00:00,Factory Karch Shopper ,6000.00
511,52055,101,10/21/2023 00:00:00,Petrol ,3000.00
512,610016,101,10/21/2023 00:00:00,Paid ,40000.00
513,64002,101,10/21/2023 00:00:00,House Use ,4500.00
514,52062,102,10/22/2023 00:00:00,Rent Gaari,6500.00
515,64002,102,10/22/2023 00:00:00,House Use ,3500.00
516,64002,103,10/23/2023 00:00:00,House Use ,5000.00
517,52023,103,10/23/2023 00:00:00,Factory Karch ,5000.00
518,52055,104,10/24/2023 00:00:00,Petrol ,1500.00
519,52023,104,10/24/2023 00:00:00,Paid to HAMID Bottle Lahore ,81000.00
520,610004,104,10/24/2023 00:00:00,Paid ,10000.00
521,64002,105,10/25/2023 00:00:00,HIFSAA fee ,24300.00
522,52023,105,10/25/2023 00:00:00,AYYOUB Bottle ,16000.00
523,52062,105,10/25/2023 00:00:00,Bility Bottle ,2500.00
524,52023,105,10/25/2023 00:00:00,Paid Pathan ,7000.00
525,52055,105,10/25/2023 00:00:00,Petrol ,3000.00
529,52023,106,10/26/2023 00:00:00,AYYOUB Bottle ,8000.00
530,64002,106,10/26/2023 00:00:00,House Use ,4500.00
531,610004,106,10/26/2023 00:00:00,Paid ,30000.00
532,52023,106,10/26/2023 00:00:00,Paid Pathan ,10000.00
533,52023,106,10/26/2023 00:00:00,Factory Karcha ,8000.00
534,64002,107,10/27/2023 00:00:00,House Use ,5000.00
535,52023,108,10/28/2023 00:00:00,Factory Karcha D.C.P,10000.00
536,52023,108,10/28/2023 00:00:00,Paid Mehmood advance ,10000.00
537,52023,109,10/29/2023 00:00:00,Factory Karcha D.C.P,10000.00
538,64002,110,10/30/2023 00:00:00,HIFSAA Tour + House Use ,46500.00
539,52023,111,10/31/2023 00:00:00,Factory Karcha ,10000.00
540,64002,112,11/01/2023 00:00:00,Instalment HBL,530000.00
541,610004,112,11/01/2023 00:00:00,Paid ,150000.00
542,52023,112,11/01/2023 00:00:00,Nasir Jamal Salary ,50000.00
543,52054,112,11/01/2023 00:00:00,Lunch Sareena Hotel Qazi IRFAN,22000.00
544,52023,112,11/01/2023 00:00:00,Factory Karcha ,65000.00
545,52023,112,11/01/2023 00:00:00,Shoukat Mistri ,10000.00
553,64002,114,11/04/2023 00:00:00,Rehan Fee + House Use ,15000.00
554,52023,114,11/04/2023 00:00:00,Salary ,135000.00
555,52054,115,11/05/2023 00:00:00,Lunch ,12000.00
556,64002,115,11/05/2023 00:00:00,House Use ,10000.00
557,52023,115,11/05/2023 00:00:00,Factory Karch ,5000.00
558,52023,116,11/06/2023 00:00:00,Shoukat Mistry ,50000.00
559,610004,116,11/06/2023 00:00:00,Paid ,100000.00
560,610016,116,11/06/2023 00:00:00,Paid ,180000.00
561,64002,116,11/06/2023 00:00:00,AMIR Travel Agent ,150000.00
562,52023,117,11/07/2023 00:00:00,Factory Karch ,20000.00
563,52023,117,11/07/2023 00:00:00,Advance Kashif sb ,2500.00
564,52023,118,11/08/2023 00:00:00,Paid Pathan ,10000.00
565,52055,118,11/08/2023 00:00:00,Petrol,3000.00
566,64002,118,11/08/2023 00:00:00,House Use + Gas Bill,3900.00
567,52055,119,11/09/2023 00:00:00,Petrol,5000.00
568,52023,119,11/09/2023 00:00:00,Paid to ABSAAR Arq,16000.00
569,52023,119,11/09/2023 00:00:00,Purchase Can 20 Lit,1000.00
570,64002,119,11/09/2023 00:00:00,House  Use ,2000.00
571,64002,120,11/10/2023 00:00:00,AMIR Ticket to Dubai,145000.00
572,52023,120,11/10/2023 00:00:00,Salary,85000.00
573,64002,120,11/10/2023 00:00:00,House Use + House Milk Bill,10500.00
574,52023,120,11/10/2023 00:00:00,Zulfiqar Lohaar ,3000.00
575,52023,120,11/10/2023 00:00:00,Advance Arshad ,10000.00
576,52023,121,11/11/2023 00:00:00,"Can 20 Lit (30,Pcs) ",16000.00
577,64002,121,11/11/2023 00:00:00,Farhan Computer ,15000.00
578,64002,121,11/11/2023 00:00:00,House Fee ,5000.00
579,52023,121,11/11/2023 00:00:00,Purchase Shoper ,3000.00
580,52023,121,11/11/2023 00:00:00,Factory Karch ,10000.00
581,52023,122,11/12/2023 00:00:00,Paid ABSAAR Arq ,20000.00
582,520902,122,11/12/2023 00:00:00,Website bill ,10000.00
583,52023,122,11/12/2023 00:00:00,Purchase D.C.p,6000.00
584,64002,122,11/12/2023 00:00:00,house Use ,3000.00
586,620053,124,12/31/2023 00:00:00,Cash Paid ,150000.00
587,610013,125,11/13/2023 00:00:00,Hamid Metal bottle Purchase ,162000.00
588,610016,125,11/13/2023 00:00:00,,100000.00
589,610004,125,11/13/2023 00:00:00,,25000.00
590,52023,125,11/13/2023 00:00:00,Factory Karcha ,2000.00
591,5209041,125,11/13/2023 00:00:00,,64000.00
592,610006,126,11/14/2023 00:00:00,DCP Purchase,100000.00
593,52023,126,11/14/2023 00:00:00,Bento Rent ,16500.00
594,52023,126,11/14/2023 00:00:00,Factory Karcha ,56000.00
595,1211,126,11/14/2023 00:00:00,Paid to HABIB moter car Wagnor,1000000.00
596,52023,126,11/14/2023 00:00:00,Paid to Zafer khan,2000.00
597,64002,127,11/15/2023 00:00:00,Rehan fee IVY Roots ,141000.00
598,64002,127,11/15/2023 00:00:00,House worker Sweaper ,7000.00
599,52062,127,11/15/2023 00:00:00,Bility,4000.00
600,64002,127,11/15/2023 00:00:00,House use ,3000.00
601,610009,127,11/15/2023 00:00:00,Paid ,150000.00
602,64002,127,11/15/2023 00:00:00,H.B.L Instalment,283000.00
603,52055,127,11/15/2023 00:00:00,Petrol 964 Wagon,3000.00
604,52023,127,11/15/2023 00:00:00,Paid Mehmood ,1000.00
605,52023,127,11/15/2023 00:00:00,factory Karcha ,2000.00
606,52055,128,11/16/2023 00:00:00,Petrol Wagon 964,3000.00
607,52023,128,11/16/2023 00:00:00,Paid Zafer Ullah khan,50000.00
608,610016,128,11/16/2023 00:00:00,Paid ,50000.00
609,610012,128,11/16/2023 00:00:00,Paid ,250000.00
610,52023,128,11/16/2023 00:00:00,Paid Abdul Rehman,40000.00
611,52023,128,11/16/2023 00:00:00,Paid Mehmood ,30000.00
612,52023,128,11/16/2023 00:00:00,Paid Muneer ,25000.00
613,52023,128,11/16/2023 00:00:00,Pathan Karcha ,5000.00
614,52023,128,11/16/2023 00:00:00,Choker mixer Abrar,5000.00
615,52023,129,11/17/2023 00:00:00,Paid Kashif ,40000.00
616,64002,129,11/17/2023 00:00:00,House Use ,30000.00
617,52023,130,11/18/2023 00:00:00,Factory Karcha ,9000.00
618,52023,130,11/18/2023 00:00:00,Paid Kashif ,50000.00
619,52054,130,11/18/2023 00:00:00,Lunch ,5000.00
620,52023,131,11/19/2023 00:00:00,Factory Karcha ,4500.00
621,64002,131,11/19/2023 00:00:00,House Use ,10000.00
623,1211,133,11/20/2023 00:00:00,Car instalment Hamza Sargodah,44500.00
624,52023,134,11/21/2023 00:00:00,Pathan Karcha ,10000.00
625,52023,134,11/21/2023 00:00:00,Factory Karcha ,10000.00
626,52023,135,11/22/2023 00:00:00,Factory Karcha ,53500.00
627,610013,136,11/25/2023 00:00:00,Purchase Yellow colour,5000.00
628,52055,136,11/25/2023 00:00:00,petrol wagon 964,3000.00
629,52023,136,11/25/2023 00:00:00,Pathan Karcha,2000.00
630,52023,137,11/26/2023 00:00:00,Factory Karcha ,15000.00
631,610004,138,11/27/2023 00:00:00,Paid ,50000.00
632,610013,139,11/28/2023 00:00:00,Purchase Starch ,5000.00
633,64002,139,11/28/2023 00:00:00,House Use ,10000.00
634,610012,139,11/28/2023 00:00:00,Paid ,250000.00
635,52023,139,11/28/2023 00:00:00,Factory Samaan ,30000.00
636,52023,140,11/29/2023 00:00:00,Paid Kashif ,25000.00
637,610013,140,11/29/2023 00:00:00,Purchase DCP ,26000.00
638,52055,140,11/29/2023 00:00:00,petrol wagon 964,3000.00
639,610009,141,11/30/2023 00:00:00,paid ,221340.00
640,610013,141,11/30/2023 00:00:00,Purchase Yellow colour,5500.00
641,52023,141,11/30/2023 00:00:00,Pet bottle ,55000.00
642,64002,141,11/30/2023 00:00:00,"A,Block fee ",2500.00
643,52023,142,12/01/2023 00:00:00,Zeeshan drug inspector ,100000.00
644,52023,143,12/02/2023 00:00:00,factory Karcha Freshment ,30000.00
645,64002,143,12/02/2023 00:00:00,Sehar fee (riksha),3500.00
646,64002,143,12/02/2023 00:00:00,Dr bukhari ,2500.00
647,610013,143,12/02/2023 00:00:00,Purchase Pet bottle cap,6300.00
648,52055,144,12/03/2023 00:00:00,Petrol ,1500.00
649,52023,144,12/03/2023 00:00:00,Factory Karcha ,10000.00
650,64002,144,12/03/2023 00:00:00,House use ,10000.00
651,52023,145,12/04/2023 00:00:00,Paid Hafeez DCP ,95000.00
652,610013,145,12/04/2023 00:00:00,Absaar ARQ,10000.00
653,610013,145,12/04/2023 00:00:00,Bottle Purchase  AYYOUB ,22000.00
654,610013,145,12/04/2023 00:00:00,Purchase Molasess,18000.00
655,52023,145,12/04/2023 00:00:00,Sheraz Pathan Salary,10000.00
656,610013,146,12/05/2023 00:00:00,Purchase Wheat bran,85000.00
657,610013,146,12/05/2023 00:00:00,Purchase Molasess,20000.00
658,610004,146,12/05/2023 00:00:00,Paid ,90000.00
659,52023,146,12/05/2023 00:00:00,Paid Arshad Salary ,40000.00
660,610004,147,12/06/2023 00:00:00,Paid ,45000.00
661,610013,147,12/06/2023 00:00:00,Purchase Shopper+Starch ,20000.00
662,52055,147,12/06/2023 00:00:00,Petrol Wagon 964,3000.00
663,52023,147,12/06/2023 00:00:00,Mazdori,2000.00
664,52055,148,12/07/2023 00:00:00,Petrol 964 Wagon,2500.00
665,52023,148,12/07/2023 00:00:00,Arshad Salary ,15000.00
666,52023,148,12/07/2023 00:00:00,Factory Salary ,197000.00
667,610016,148,12/07/2023 00:00:00,Paid ,300000.00
668,52023,148,12/07/2023 00:00:00,Muneer Salary ,25000.00
669,52023,149,12/08/2023 00:00:00,Salary abdul Rehman,40000.00
670,52023,149,12/08/2023 00:00:00,Salary Zafer ullah khan ,100000.00
671,64002,149,12/08/2023 00:00:00,Fee Teacher ,5000.00
672,52023,150,12/09/2023 00:00:00,factory karcha ,10000.00
673,64002,150,12/09/2023 00:00:00,House Use ,10000.00
674,52055,151,12/10/2023 00:00:00,Petrol Wagon 964,5000.00
675,52023,151,12/10/2023 00:00:00,Paid Mehmood ,20000.00
676,52023,152,12/11/2023 00:00:00,Paid Mehmood ,10000.00
677,52023,153,12/12/2023 00:00:00,DCP Test (NFC),4000.00
678,610013,154,12/13/2023 00:00:00,Purchase Shopper ,15000.00
679,610013,154,12/13/2023 00:00:00,Cap purchase 450ml,1600.00
680,610004,154,12/13/2023 00:00:00,Paid ,50000.00
681,64002,154,12/13/2023 00:00:00,House Net bill ,3500.00
682,52052,154,12/13/2023 00:00:00,Tour Petrol City ,5000.00
683,610005,155,12/14/2023 00:00:00,Paid ,200000.00
684,610004,155,12/14/2023 00:00:00,Paid ,35000.00
685,610010,155,12/14/2023 00:00:00,Paid ,52000.00
686,52055,155,12/14/2023 00:00:00,Petrol wagon 964,3000.00
687,52023,156,12/15/2023 00:00:00,Atta Lab Paid,30000.00
688,52055,156,12/15/2023 00:00:00,Petrol wagon 964,5000.00
689,64002,157,12/16/2023 00:00:00,Instalment HBL ,533000.00
690,52055,157,12/16/2023 00:00:00,petrol wagon 964,2000.00
691,610013,158,12/17/2023 00:00:00,Purchase starch ,10000.00
692,64002,158,12/17/2023 00:00:00,House use ,5000.00
693,52023,159,12/18/2023 00:00:00,Atta Lab,50000.00
694,52023,160,12/19/2023 00:00:00,Kashif Paid ,130000.00
695,64002,160,12/19/2023 00:00:00,House use ,13000.00
696,52023,160,12/19/2023 00:00:00,Paid Atta Lab,20000.00
697,64002,160,12/19/2023 00:00:00,Sehar Fee ,10000.00
698,620006,161,12/20/2023 00:00:00,Salary Paid ,15000.00
699,64002,161,12/20/2023 00:00:00,House Use ,5000.00
702,52052,163,12/22/2023 00:00:00,Tour to Sakkhar Petrol,30000.00
703,610013,163,12/22/2023 00:00:00,Hamid Metal Bottle ,100000.00
704,52055,163,12/22/2023 00:00:00,Petrol Karch,10000.00
705,52023,162,12/21/2023 00:00:00,Sample Niab ,2000.00
706,52023,162,12/21/2023 00:00:00,factory Karcha,3500.00
707,1211,162,12/21/2023 00:00:00,Purchase Moter Car Raja waheed Gojer Khan,600000.00
708,610013,164,12/23/2023 00:00:00,Hamid Metal Bottle Purchase,52000.00
709,5209041,164,12/23/2023 00:00:00,Factory Bill,156000.00
710,52052,164,12/23/2023 00:00:00,Tour to Gojer khan ,25000.00
711,52023,165,12/24/2023 00:00:00,Factory Samaan,14000.00
712,52062,165,12/24/2023 00:00:00,Bility Rent ,5000.00
713,64002,166,12/25/2023 00:00:00,House Use ,6000.00
714,610013,167,12/26/2023 00:00:00,Purchase menthol,60000.00
715,610013,167,12/26/2023 00:00:00,Purchase DCP ,27000.00
716,52052,167,12/26/2023 00:00:00,Tour to Layyah Car Rent ,15000.00
717,52023,168,12/27/2023 00:00:00,Paid Shokat Mistri ,25000.00
718,64002,168,12/27/2023 00:00:00,House Use ,15000.00
719,52023,169,12/28/2023 00:00:00,Factory Karcha ,18000.00
720,52023,170,12/30/2023 00:00:00,Paid Atta Lab ,50000.00
721,64002,170,12/30/2023 00:00:00,house use ,1000.00
726,52021,173,01/03/2024 00:00:00,Battery Mehran,10400.00
729,610016,175,01/05/2024 00:00:00,Paid ,100000.00
730,64002,175,01/05/2024 00:00:00,House use ,10000.00
731,52023,176,01/06/2024 00:00:00,Factory Karcha,25000.00
732,64002,176,01/06/2024 00:00:00,House use for medicin,10000.00
733,610004,176,01/06/2024 00:00:00,Paid ,50000.00
734,610013,176,01/06/2024 00:00:00,Purchase Shopper ,15000.00
735,64002,177,01/07/2024 00:00:00,House use ,5000.00
736,64002,177,01/07/2024 00:00:00,House use Paid for milk ,55160.00
744,64002,180,01/10/2024 00:00:00,Dinner at Sareena hotel ,10000.00
745,64002,180,01/10/2024 00:00:00,House use ,5000.00
746,610012,181,01/11/2024 00:00:00,Paid ,900000.00
747,610016,181,01/11/2024 00:00:00,Paid ,50000.00
748,64002,181,01/11/2024 00:00:00,House use ,5000.00
771,52052,189,01/20/2024 00:00:00,Car Rent ,2500.00
772,610016,189,01/20/2024 00:00:00,Paid ,8500.00
773,64002,189,01/20/2024 00:00:00,House use ,5000.00
775,52055,191,01/22/2024 00:00:00,Petrol Mehmood ,500.00
784,610002,194,01/26/2024 00:00:00,Paid ,100000.00
785,610001,194,01/26/2024 00:00:00,Paid ,43777.00
786,52052,194,01/26/2024 00:00:00,Rent Gojer Khan,15000.00
791,64002,196,01/28/2024 00:00:00,House use Shadi Yasir ,5000.00
792,64002,196,01/28/2024 00:00:00,House use ,3000.00
810,52023,199,01/31/2024 00:00:00,Factory Karch,2500.00
811,64002,199,01/31/2024 00:00:00,House use ,4000.00
812,64001,200,01/04/2024 00:00:00,Paid ,150000.00
817,64001,203,01/29/2024 00:00:00,Paid ,150000.00
818,64004,204,01/30/2024 00:00:00,Paid ,200000.00
819,64004,205,01/31/2024 00:00:00,Paid ,800000.00
837,52023,171,01/01/2024 00:00:00,Factory Karcha,10000.00
838,52001,171,01/01/2024 00:00:00,,10000.00
853,64002,174,01/04/2024 00:00:00,House use ,5000.00
854,52002,174,01/04/2024 00:00:00,Paid For Month of January,100000.00
879,52055,186,01/17/2024 00:00:00,Petrol 964,1500.00
880,21001,186,01/17/2024 00:00:00,Paid,50000.00
895,543,190,01/21/2024 00:00:00,Paid,10000.00
900,64002,188,01/19/2024 00:00:00,Rehan Fee Roots ,8000.00
901,12003,188,01/19/2024 00:00:00,Instalment of Sargodha Ahsaan Siayal,44500.00
906,64005,201,01/11/2024 00:00:00,Paid ,670500.00
907,64007,201,01/11/2024 00:00:00,Paid,213000.00
935,52055,179,01/09/2024 00:00:00,Petrol 964,5000.00
936,52021,179,01/09/2024 00:00:00,Mehran Repair ,2500.00
937,52021,179,01/09/2024 00:00:00,Battery 964,10000.00
938,12002,179,01/09/2024 00:00:00,Paid,57000.00
939,52003,179,01/09/2024 00:00:00,Paid,18000.00
940,52011,179,01/09/2024 00:00:00,Arshad Advance Salary December,10000.00
941,52011,178,01/08/2024 00:00:00,Abdul Rehman Salary advance December,10000.00
942,64002,182,01/12/2024 00:00:00,House Net bill 430,3000.00
943,52052,182,01/12/2024 00:00:00,Tour to Lahore ,10000.00
944,544,182,01/12/2024 00:00:00,Visa Fee,31000.00
945,52011,182,01/12/2024 00:00:00,Kashif advance salary ,3000.00
946,64002,183,01/13/2024 00:00:00,House use ,40000.00
947,52011,183,01/13/2024 00:00:00,Arshad advance salary december,10000.00
948,64002,187,01/18/2024 00:00:00,House use ,15000.00
949,542,187,01/18/2024 00:00:00,Paid,11000.00
950,52011,187,01/18/2024 00:00:00,Pathan Salary for the month of December ,213300.00
951,52011,192,01/23/2024 00:00:00,(Abdul rehman/38000)+(Arshad/35000)+(Mehmood 36500)+(Muneer 22000) month of December,131500.00
952,610006,192,01/23/2024 00:00:00,Paid ,6000.00
953,52023,192,01/23/2024 00:00:00,Paid to Pathan Mettii ,50000.00
968,64002,198,01/30/2024 00:00:00,Fee DPS ,21000.00
969,610004,198,01/30/2024 00:00:00,Paid ,24500.00
970,52001,198,01/30/2024 00:00:00,,55000.00
971,12001,198,01/30/2024 00:00:00,Paid,530000.00
972,543,198,01/30/2024 00:00:00,Paid,11000.00
973,52025,198,01/30/2024 00:00:00,Printer Repair Office,7500.00
974,610013,185,01/16/2024 00:00:00,Paid to Absaar Arq ,20000.00
975,610013,185,01/16/2024 00:00:00,Purchase Carton Tape ,1000.00
976,52055,185,01/16/2024 00:00:00,Petrol 964,2500.00
977,64002,185,01/16/2024 00:00:00,House use ,5000.00
978,52001,185,01/16/2024 00:00:00,,30000.00
979,52055,184,01/15/2024 00:00:00,Petrol 964,3000.00
980,64002,184,01/15/2024 00:00:00,House use Medicin,2300.00
981,64006,184,01/15/2024 00:00:00,Paid,600000.00
982,52011,184,01/15/2024 00:00:00,zafer khan sb salary ,75000.00
983,52055,184,01/15/2024 00:00:00,Paid to Mehmood for Petrol,4000.00
984,52011,195,01/27/2024 00:00:00, Kasif Manzor Sb Salary ,75000.00
985,52055,195,01/27/2024 00:00:00, Petrol 964,4500.00
986,610013,195,01/27/2024 00:00:00,Starch+Tape + Jali Machin,9500.00
987,610006,195,01/27/2024 00:00:00,Purchase DCP,6000.00
1000,52023,208,02/02/2024 00:00:00,Paid to Mian Cement,30000.00
1001,64002,208,02/02/2024 00:00:00,House Use ,2200.00
1002,610016,209,02/03/2024 00:00:00,Paid ,17000.00
1003,52055,209,02/03/2024 00:00:00,Petrol 964,3000.00
1004,52011,209,02/03/2024 00:00:00,Mujahid Khan Salary Advance ,5000.00
1005,64002,210,02/04/2024 00:00:00,House use ,3000.00
1006,52011,211,02/05/2024 00:00:00,Niaz Khan salary ,19000.00
1007,52055,211,02/05/2024 00:00:00,Petrol 964,3000.00
1008,52002,212,02/06/2024 00:00:00,Paid Feburary,100000.00
1009,610006,212,02/06/2024 00:00:00,Paid ,40000.00
1010,52023,212,02/06/2024 00:00:00,Paid to Shokat mistri,3000.00
1011,52055,212,02/06/2024 00:00:00,Petrol 964,2000.00
1012,545,212,02/06/2024 00:00:00,Paid ,1000.00
1013,610004,213,02/07/2024 00:00:00,Paid ,83000.00
1014,52023,213,02/07/2024 00:00:00,Paid shokat mistri,2500.00
1015,610013,213,02/07/2024 00:00:00,Raw material + packing Material Purchase ,147500.00
1016,52001,213,02/07/2024 00:00:00,,5000.00
1017,64002,213,02/07/2024 00:00:00,House use ,10000.00
1018,64002,214,02/09/2024 00:00:00,House use ,3500.00
1027,52001,215,02/10/2024 00:00:00,,4000.00
1028,52023,215,02/10/2024 00:00:00,Pain for Factory,6000.00
1029,610016,215,02/10/2024 00:00:00,,200000.00
1030,610016,215,02/10/2024 00:00:00,,40000.00
1031,52023,215,02/10/2024 00:00:00,Shokat Mistri,2500.00
1032,64002,215,02/10/2024 00:00:00,House use,3000.00
1033,610006,215,02/10/2024 00:00:00,,14000.00
1034,610013,215,02/10/2024 00:00:00,Purchase Starch,6800.00
1035,610013,215,02/10/2024 00:00:00,Purchase bucket Large,5000.00
1036,610013,216,02/11/2024 00:00:00,Purchase ARQ,10000.00
1037,52055,216,02/11/2024 00:00:00,Petrol 964,3000.00
1038,610013,216,02/11/2024 00:00:00,Purchase Shopper bag,4000.00
1039,610013,216,02/11/2024 00:00:00,Purchase Bag Unprint,4800.00
1040,610012,217,02/12/2024 00:00:00,Paid ,500000.00
1041,52055,217,02/12/2024 00:00:00,Petrol 964,4000.00
1042,64002,217,02/12/2024 00:00:00,House use ,1000.00
1043,12002,217,02/12/2024 00:00:00,Instalment Feburary,57000.00
1044,52023,217,02/12/2024 00:00:00,Shokat Mistri,5000.00
1045,610004,218,02/13/2024 00:00:00,,10000.00
1046,610013,218,02/13/2024 00:00:00,Purchase Bucket Large ,19500.00
1047,610013,218,02/13/2024 00:00:00,Purchase shoper ,2000.00
1048,64002,218,02/13/2024 00:00:00,House Use (6500)+ Teacher Fee 5000,11500.00
1049,52001,218,02/13/2024 00:00:00,,3500.00
1050,610004,219,02/14/2024 00:00:00,,20000.00
1051,52001,219,02/14/2024 00:00:00,,7200.00
1052,64002,219,02/14/2024 00:00:00,House Net Bill 3000 + House use 2000,5000.00
1053,52055,219,02/14/2024 00:00:00,Petrol 964,3000.00
1054,52011,219,02/14/2024 00:00:00,Salary arshad January Advance ,4000.00
1055,64002,220,02/15/2024 00:00:00,Fee IV Rotts ,142000.00
1056,546,220,02/15/2024 00:00:00,Tour to Toba tek ,6000.00
1057,21001,220,02/15/2024 00:00:00,,65000.00
1058,52055,220,02/15/2024 00:00:00,Petrol 964,2000.00
1059,52011,221,02/16/2024 00:00:00,Pathan salary January,96000.00
1060,52055,221,02/16/2024 00:00:00,Petrol 964,5000.00
1061,64004,222,02/17/2024 00:00:00,Paid ,2000000.00
1062,64002,222,02/17/2024 00:00:00,Sadiq Shadi Use ,3000.00
1063,52023,222,02/17/2024 00:00:00,Shokat Mistri,10000.00
1064,52011,223,02/18/2024 00:00:00,Pathan Salary January ,45830.00
1065,52055,223,02/18/2024 00:00:00,Petrol 964,2000.00
1066,52001,223,02/18/2024 00:00:00,,4360.00
1067,52023,223,02/18/2024 00:00:00,Factory karcha,2840.00
1068,64002,223,02/18/2024 00:00:00,House use ,2000.00
1074,610013,225,02/20/2024 00:00:00,Purchase Starch,7000.00
1075,52055,225,02/20/2024 00:00:00,Petrol 964,2000.00
1076,52055,226,02/21/2024 00:00:00,Petrol 964,1500.00
1077,610013,226,02/21/2024 00:00:00,Purchase Shopper + Bag,20000.00
1078,52023,226,02/21/2024 00:00:00,Shokat ,50000.00
1079,52023,226,02/21/2024 00:00:00,Paid to Mian Cement,100000.00
1080,544,226,02/21/2024 00:00:00,Ticket of Aeroplane ,409000.00
1081,610006,226,02/21/2024 00:00:00,DCP,75000.00
1082,5209041,226,02/21/2024 00:00:00,House + Factory bill,200000.00
1083,64002,226,02/21/2024 00:00:00,Dinner At Sareena Hotel,3000.00
1084,64002,226,02/21/2024 00:00:00,House use ,1650.00
1085,52011,226,02/21/2024 00:00:00,Arshad Salary January ,20000.00
1086,12001,224,02/19/2024 00:00:00,Paid,535000.00
1087,52011,224,02/19/2024 00:00:00,Salary Zafer Khan,100000.00
1088,52011,224,02/19/2024 00:00:00,Salary Staf,130000.00
1089,52055,224,02/19/2024 00:00:00,Petrol 964,3000.00
1090,64002,224,02/19/2024 00:00:00,House use ,32000.00
1095,52011,227,02/22/2024 00:00:00,Salary Kashif Sb,125000.00
1096,52011,227,02/22/2024 00:00:00,Salary Arshad ,20000.00
1097,610014,227,02/22/2024 00:00:00,Paid,200000.00
1098,21001,227,02/22/2024 00:00:00,Paid,80000.00
1099,547,227,02/22/2024 00:00:00,Paid,5500.00
1100,610014,228,02/23/2024 00:00:00,Paid,300000.00
1101,21001,228,02/23/2024 00:00:00,Paid ,30000.00
1102,52055,229,02/24/2024 00:00:00,Petrol 964,2500.00
1103,64002,229,02/24/2024 00:00:00,House use 2000+ sehar Fee 4000,6000.00
1104,547,229,02/24/2024 00:00:00,Paid ,500.00
1105,52055,230,02/26/2024 00:00:00,Petrol 964,3000.00
1106,610016,230,02/26/2024 00:00:00,Paid ,100000.00
1107,610014,230,02/26/2024 00:00:00,Paid ,500000.00
1108,52055,231,02/27/2024 00:00:00,Petrol 964,3000.00
1109,610013,232,02/28/2024 00:00:00,Purchase Starch + Namek,20400.00
1110,52055,232,02/28/2024 00:00:00,Petrol,4600.00
1111,610002,232,02/28/2024 00:00:00,Paid,54000.00
1112,52001,232,02/28/2024 00:00:00,Paid,5000.00
1113,21001,233,02/29/2024 00:00:00,Paid ,25000.00
1114,610013,233,02/29/2024 00:00:00,Purchase Metal Bottle ,170000.00
1115,620026,233,02/29/2024 00:00:00,Return,50000.00
1116,64002,233,02/29/2024 00:00:00,House use ,5000.00
1117,52001,233,02/29/2024 00:00:00,,1500.00
1118,610013,233,02/29/2024 00:00:00,Purchase Arq,10000.00
1119,610013,234,02/27/2024 00:00:00,Purchase ARQ ,19500.00
1120,610013,207,02/01/2024 00:00:00,Purchase Starch,7000.00
1121,52001,207,02/01/2024 00:00:00,,8000.00
1122,52055,207,02/01/2024 00:00:00,Petrol 964,2000.00
1123,610004,207,02/01/2024 00:00:00,Paid ,150000.00
1124,52011,207,02/01/2024 00:00:00,Salary Kashif sb January due,49000.00
1125,21001,207,02/01/2024 00:00:00,Paid ,50000.00
1126,620006,207,02/01/2024 00:00:00,Salary ,100000.00
1127,544,207,02/01/2024 00:00:00,Paid to Amir Travilling,225000.00
1128,52055,207,02/01/2024 00:00:00,Petrol 964,3000.00
1129,543,207,02/01/2024 00:00:00,Paid to Abrar Choker,20000.00
1130,545,207,02/01/2024 00:00:00,,23000.00
1131,64002,172,01/02/2024 00:00:00,House use ,3000.00
1132,52011,172,01/02/2024 00:00:00,Salary Zafer khan,35000.00
1133,610016,193,01/24/2024 00:00:00,Paid ,50000.00
1134,610004,193,01/24/2024 00:00:00,Paid ,50000.00
1135,64002,193,01/24/2024 00:00:00,Sareena Hotel ,2800.00
1136,21001,193,01/24/2024 00:00:00,Paid,50000.00
1137,545,193,01/24/2024 00:00:00,,5000.00
1138,610006,197,01/29/2024 00:00:00,Purchase DCP,33800.00
1139,64002,197,01/29/2024 00:00:00,House Use ,10000.00
1140,12002,197,01/29/2024 00:00:00,Instalmrnt of Mehar Younas,30000.00
1141,545,197,01/29/2024 00:00:00,,7500.00
1142,547,113,11/02/2023 00:00:00,,50000.00
1143,52062,113,11/02/2023 00:00:00,Riksha Rent ,3500.00
1144,64002,113,11/02/2023 00:00:00,House Use  ,1000.00
1145,52023,113,11/02/2023 00:00:00,Paid Kasif sb Advance ,2000.00
1146,52023,113,11/02/2023 00:00:00,Paid Pathan ,5000.00
1147,52023,113,11/02/2023 00:00:00,Health Insurance ,100000.00
1148,52055,113,11/02/2023 00:00:00,Petrol 964,5000.00
1152,610012,235,03/01/2024 00:00:00,Paid ,300000.00
1153,610013,235,03/01/2024 00:00:00,Purchase ARQ,10500.00
1154,542,235,03/01/2024 00:00:00,Pathan Paid ,5000.00
1155,21002,235,03/01/2024 00:00:00,,200000.00
1156,52055,235,03/01/2024 00:00:00,Petrol 964,8000.00
1157,620006,235,03/01/2024 00:00:00,Salary January 2024,150000.00
1158,12002,236,03/02/2024 00:00:00,Paid,30000.00
1159,610013,236,03/02/2024 00:00:00,Purchase Bottle ,18000.00
1160,64002,236,03/02/2024 00:00:00,House Use ,80000.00
1161,52062,236,03/02/2024 00:00:00,Rent Gaari Lahore,25000.00
1162,52001,236,03/02/2024 00:00:00,Paid ,5000.00
1163,64002,237,03/03/2024 00:00:00,Dinner At Sarena Hotel,6000.00
1164,52055,237,03/03/2024 00:00:00,Petrol 964,3000.00
1165,52011,237,03/03/2024 00:00:00,Mehmood Advance,2000.00
1166,64002,238,03/04/2024 00:00:00,House Use ,5000.00
1167,52001,239,03/05/2024 00:00:00,Paid ,5000.00
1168,547,239,03/05/2024 00:00:00,Paid ,11000.00
1169,52002,239,03/05/2024 00:00:00,Paid March ,100000.00
1170,64002,239,03/05/2024 00:00:00,House Use ,40000.00
1171,52055,240,03/06/2024 00:00:00,Petrol 964,2000.00
1172,610006,240,03/06/2024 00:00:00,Purchase dcp,45000.00
1173,610013,240,03/06/2024 00:00:00,Purchase ARQ ,10000.00
1174,52011,240,03/06/2024 00:00:00,Factory Staf,260000.00
1175,52055,241,03/07/2024 00:00:00,Petrol 964,3000.00
1176,610013,241,03/07/2024 00:00:00,Purchase Sodium Chloride ,4500.00
1177,52011,241,03/07/2024 00:00:00,Salary Staf Feburary 2024,223500.00
1178,64002,241,03/07/2024 00:00:00,House use,4000.00
1179,610004,241,03/07/2024 00:00:00,,35000.00
1180,610013,241,03/07/2024 00:00:00,Hamid Purchase Bucket,45000.00
1181,52055,242,03/08/2024 00:00:00,Petrol 964,500.00
1182,64002,243,03/09/2024 00:00:00,House use ,71000.00
1183,547,243,03/09/2024 00:00:00,Purchase Oil,4500.00
1184,64002,244,03/10/2024 00:00:00,House use ,36000.00
1185,547,244,03/10/2024 00:00:00,,10000.00
1186,610006,245,03/11/2024 00:00:00,Purchase DCP,50000.00
1187,12002,245,03/11/2024 00:00:00,,57000.00
1188,543,245,03/11/2024 00:00:00,Paid to ABRAR,12000.00
1189,547,245,03/11/2024 00:00:00,Kashif Drap Tour ,8000.00
1190,64002,245,03/11/2024 00:00:00,House Use ,17000.00
1191,12003,245,03/11/2024 00:00:00,Paid to Habib Malik,150000.00
1192,64002,246,03/12/2024 00:00:00,House use ,5000.00
1193,610013,246,03/12/2024 00:00:00,Purchase ,7000.00
1194,52001,246,03/12/2024 00:00:00,,3000.00
1195,52055,247,03/13/2024 00:00:00,Petrol 964,3000.00
1196,610014,247,03/13/2024 00:00:00,,500000.00
1197,64002,247,03/13/2024 00:00:00,,20200.00
1198,610005,247,03/13/2024 00:00:00,,200000.00
1199,610004,247,03/13/2024 00:00:00,,60000.00
1200,52055,248,03/14/2024 00:00:00,Petrol 964,3000.00
1201,610013,248,03/14/2024 00:00:00,Purchase Sodium Chloride ,4500.00
1202,12003,248,03/14/2024 00:00:00,Paid to Malik Habib,50000.00
1203,547,248,03/14/2024 00:00:00,,23000.00
1204,12001,248,03/14/2024 00:00:00,House ,530000.00
1205,64002,249,03/15/2024 00:00:00,House Use ,40000.00
1206,64002,250,03/16/2024 00:00:00,House Use ,58000.00
1207,547,250,03/16/2024 00:00:00,FBR Tax ,23000.00
1208,52011,250,03/16/2024 00:00:00,Kashif Salary Feburary 2024,100000.00
1209,52055,251,03/17/2024 00:00:00,Petrol 964 ,3000.00
1210,610013,252,03/23/2024 00:00:00,Paid to Hamid Lahore,50000.00
1211,64002,253,03/24/2024 00:00:00,House Use ,13000.00
1212,546,253,03/24/2024 00:00:00,Tour kamaliyaa,7000.00
1213,546,254,03/25/2024 00:00:00,Tour Gojer Khan,12000.00
1214,64002,254,03/25/2024 00:00:00,House use ,32000.00
1215,610013,255,03/26/2024 00:00:00,Paid to Hamid ,160000.00
1216,52062,255,03/26/2024 00:00:00,Rent Gaari  Lahore ,17000.00
1217,52055,255,03/26/2024 00:00:00,Petrol 964,3000.00
1218,546,256,03/27/2024 00:00:00,Tour to Sargodah,6000.00
1219,52055,256,03/27/2024 00:00:00,Petrol 964,5000.00
1220,610006,257,03/28/2024 00:00:00,Purchase DCP,70000.00
1221,64002,257,03/28/2024 00:00:00,House use ,20000.00
1222,610004,257,03/28/2024 00:00:00,,100000.00
1223,610016,257,03/28/2024 00:00:00,,150000.00
1224,610013,257,03/28/2024 00:00:00,Paid to Hamid Bottle ,127000.00
1225,547,257,03/28/2024 00:00:00,,27000.00
1226,610012,258,03/29/2024 00:00:00,,300000.00
1227,21001,258,03/29/2024 00:00:00,,100000.00
1228,547,258,03/29/2024 00:00:00,,5000.00
1229,52021,259,03/30/2024 00:00:00,Mehran repair 683,9000.00
1230,547,259,03/30/2024 00:00:00,,20000.00
1233,21001,260,03/31/2024 00:00:00,,100000.00
1234,12003,260,03/31/2024 00:00:00,Malik Habib ,100000.00
1235,64008,260,03/31/2024 00:00:00,,250000.00
1236,610016,261,04/02/2024 00:00:00,,50000.00
1237,610002,261,04/02/2024 00:00:00,,100000.00
1238,547,261,04/02/2024 00:00:00,Zulfiqar Lohaar ,18000.00
1239,547,261,04/02/2024 00:00:00,Factory Mono gram tax,5000.00
1240,547,261,04/02/2024 00:00:00,Iqra Tin ,71460.00
1241,64002,261,04/02/2024 00:00:00,House Medicin,4000.00
1242,52023,261,04/02/2024 00:00:00,Shokat Mistry,12000.00
1243,21002,261,04/02/2024 00:00:00,,500000.00
1244,64002,261,04/02/2024 00:00:00,A Block fee,9000.00
1245,52021,261,04/02/2024 00:00:00,Wagon 964 Tire,15500.00
1246,547,261,04/02/2024 00:00:00,Factory Samaan,13000.00
1247,547,261,04/02/2024 00:00:00,,1650.00
1248,520902,261,04/02/2024 00:00:00,Factory Net Bill,9150.00
1249,610013,262,04/03/2024 00:00:00,ARQ Purchase ,10000.00
1250,64002,262,04/03/2024 00:00:00,House Use ,45000.00
1256,610012,263,04/04/2024 00:00:00,,500000.00
1257,52055,263,04/04/2024 00:00:00,Wagon Petrol,3000.00
1258,64002,263,04/04/2024 00:00:00,EIDI Sister ,50000.00
1259,64002,263,04/04/2024 00:00:00,House Use ,3000.00
1260,52011,263,04/04/2024 00:00:00,Salary of March,190000.00
1261,64009,263,04/04/2024 00:00:00,,500000.00
1262,12002,264,04/05/2024 00:00:00,,87100.00
1263,52011,264,04/05/2024 00:00:00,Salary Zafer Khan March,100000.00
1264,610016,264,04/05/2024 00:00:00,,50000.00
1265,610013,264,04/05/2024 00:00:00,Hamid steel Bottle ,260000.00
1266,52062,264,04/05/2024 00:00:00,Rent Gaari Lahore ,17000.00
1267,52011,264,04/05/2024 00:00:00,salary Of March,300000.00
1268,64002,264,04/05/2024 00:00:00,House Use ,34000.00
1269,64002,265,04/06/2024 00:00:00,House Use,15000.00
1270,52062,265,04/06/2024 00:00:00,Gaari Rent,7000.00
1271,610004,266,04/07/2024 00:00:00,,36800.00
1272,610013,266,04/07/2024 00:00:00,Hamid Bottle,65000.00
1273,52062,266,04/07/2024 00:00:00,Bility Rent,3000.00
1274,52055,267,04/08/2024 00:00:00,Wagon Petrol,5000.00
1275,52023,268,04/09/2024 00:00:00,Mian Cement,64000.00
1276,610006,268,04/09/2024 00:00:00,,30000.00
1277,610004,268,04/09/2024 00:00:00,,25000.00
1278,610016,268,04/09/2024 00:00:00,,25000.00
1279,547,268,04/09/2024 00:00:00,Mehmood Karcha,10000.00
1280,543,268,04/09/2024 00:00:00,,13000.00
1281,64002,268,04/09/2024 00:00:00,House use ,100000.00
1282,52011,268,04/09/2024 00:00:00,Pathan Salary Hasbunallah,5500.00
1283,64002,269,04/15/2024 00:00:00,Sheiks Saleem Shadi,5000.00
1284,547,269,04/15/2024 00:00:00,Dinner With Zeeshan D.i,5000.00
1285,52055,269,04/15/2024 00:00:00,Wagon Petrol ,3000.00
1286,52055,270,04/16/2024 00:00:00,wagon Petrol,5000.00
1287,52023,270,04/16/2024 00:00:00,Imtiyaz Mistry,3500.00
1288,52023,270,04/16/2024 00:00:00,Nasir Saintry,12300.00
1289,64002,270,04/16/2024 00:00:00,House Net Bill,3000.00
1290,620057,270,04/16/2024 00:00:00,"Return F,W",2000000.00
1291,547,271,04/17/2024 00:00:00,Drap Fee,5000.00
1292,610004,271,04/17/2024 00:00:00,,50000.00
1293,52001,272,04/18/2024 00:00:00,,10000.00
1294,12003,272,04/18/2024 00:00:00,Paid to Habib Malik,300000.00
1295,64002,272,04/18/2024 00:00:00,House use ,6000.00
1296,610004,273,04/19/2024 00:00:00,,300000.00
1297,52023,273,04/19/2024 00:00:00,Factory Mazdori,8000.00
1298,610004,274,04/21/2024 00:00:00,,50000.00
1299,610013,275,04/22/2024 00:00:00,"Purchase Starch,Namek,Molasess,Wheat Bran etc",42000.00
1300,52022,275,04/22/2024 00:00:00,R.O Plant service,16700.00
1301,610004,275,04/22/2024 00:00:00,,40000.00
1302,52001,276,04/23/2024 00:00:00,,10000.00
1303,52055,276,04/23/2024 00:00:00,Petrol wagon 964,3000.00
1304,545,276,04/23/2024 00:00:00,Tour to Peshawer,6000.00
1308,12001,277,04/24/2024 00:00:00,,532000.00
1309,52004,277,04/24/2024 00:00:00,Paid Tax,1000000.00
1310,52052,277,04/24/2024 00:00:00,Kashif Tour To Islamabad for drap,15000.00
1311,610013,277,04/24/2024 00:00:00,"Purchase Molasess,Wheat Bran",30000.00
1312,1211,277,04/24/2024 00:00:00,Purchase New Bike ,210000.00
1313,64002,277,04/24/2024 00:00:00,House use ,10000.00
1314,52062,277,04/24/2024 00:00:00,Gaari Rent ,10000.00
1319,52055,278,04/25/2024 00:00:00,Wagon Petrol,3000.00
1320,52021,278,04/25/2024 00:00:00,Motor Bike Rejestration Fee,7000.00
1321,610014,278,04/25/2024 00:00:00,,500000.00
1322,52021,278,04/25/2024 00:00:00,Wagon Tyres ,17000.00
1323,547,278,04/25/2024 00:00:00,,17000.00
1324,546,279,04/26/2024 00:00:00,Sargodah Tour ,9000.00
1325,64002,280,04/27/2024 00:00:00,House Use ,10000.00
1326,547,280,04/27/2024 00:00:00,,3000.00
1327,52055,281,04/28/2024 00:00:00,Wagon Petrol ,4000.00
1328,547,282,04/29/2024 00:00:00,Paid to Hamid Bottle ,91000.00
1329,547,282,04/29/2024 00:00:00,"Purchase ARQ,Gum,T.T,Tape,Shoper bag etc",23000.00
1330,52021,282,04/29/2024 00:00:00,Wagon Tyres ,10000.00
1331,64002,282,04/29/2024 00:00:00,House Use ,10000.00
1332,52023,282,04/29/2024 00:00:00,Paid to Mudasser Bajwa ,351000.00
1337,64002,283,04/30/2024 00:00:00,House use,20000.00
1338,52023,283,04/30/2024 00:00:00,Paid to Shokat Mistry,25000.00
1339,52011,283,04/30/2024 00:00:00,Arshad Advance Salary of April 2024,25000.00
1340,610016,283,04/30/2024 00:00:00,,143000.00
1341,547,283,04/30/2024 00:00:00,,12000.00
1342,52052,283,04/30/2024 00:00:00,Kashif Use for Drap Stationary,10000.00
1343,52011,283,04/30/2024 00:00:00, Advance Salary of April 2024 Mehmood,5000.00
1348,52055,285,05/02/2024 00:00:00,Petrol Wagon,3000.00
1349,21001,285,05/02/2024 00:00:00,Paid,60000.00
1350,52005,285,05/02/2024 00:00:00,,160000.00
1351,64002,286,05/03/2024 00:00:00,House Use,20000.00
1352,52062,286,05/03/2024 00:00:00,Bility Charges,3000.00
1353,21001,286,05/03/2024 00:00:00,Paid,100000.00
1357,542,288,05/05/2024 00:00:00,Pathan Mazdori,4000.00
1358,52052,288,05/05/2024 00:00:00,Kashif Sb Tour to Islamabad for Drap,10000.00
1359,52055,288,05/05/2024 00:00:00,wagon Petrol ,2000.00
1360,52011,288,05/05/2024 00:00:00,zafer khan salary MAY ,110000.00
1361,547,288,05/05/2024 00:00:00,,12000.00
1362,64002,289,05/06/2024 00:00:00,House use ,3000.00
1363,547,289,05/06/2024 00:00:00,,8000.00
1364,64002,289,05/06/2024 00:00:00,Sareena Dinner,7000.00
1365,610004,290,05/07/2024 00:00:00,,90000.00
1366,610013,290,05/07/2024 00:00:00,Purchase Namek ,8000.00
1367,52055,290,05/07/2024 00:00:00,Wagon Petrol,1500.00
1368,64002,290,05/07/2024 00:00:00,House Use,2000.00
1369,52011,291,05/08/2024 00:00:00,Ahsan Q.C salary April,38000.00
1370,52002,291,05/08/2024 00:00:00,,130000.00
1371,12002,291,05/08/2024 00:00:00,,87100.00
1372,64002,291,05/08/2024 00:00:00,House Use,7000.00
1376,52023,292,05/09/2024 00:00:00,Shokat Mistry ,25000.00
1377,52011,292,05/09/2024 00:00:00,Pathan salary Of APRIL to AMAN A,51009.00
1378,52011,292,05/09/2024 00:00:00,Salary Pathan APRIL,35000.00
1379,610013,292,05/09/2024 00:00:00,Purchase Fat Oil+Starch,184000.00
1380,52025,292,05/09/2024 00:00:00,Computer Repair Lab,8000.00
1381,547,292,05/09/2024 00:00:00,Balance Repair ,1500.00
1382,52023,292,05/09/2024 00:00:00,Paid to Mudasser Bajwa,10000.00
1383,547,284,05/01/2024 00:00:00,,10000.00
1384,52021,284,05/01/2024 00:00:00,Wagon Repair,10000.00
1385,610013,284,05/01/2024 00:00:00,Purchase Namek+starch,12000.00
1386,547,287,05/04/2024 00:00:00,,13000.00
1387,52011,287,05/04/2024 00:00:00,Zafer Khan Salary April,75000.00
1388,52021,287,05/04/2024 00:00:00,Wagon repair,15000.00
1389,610013,287,05/04/2024 00:00:00,Purchase Namek+Starch,12000.00
1395,52011,293,05/10/2024 00:00:00,Muneer salary April,25000.00
1396,52055,293,05/10/2024 00:00:00,Wagon Petrol ,6000.00
1397,52023,293,05/10/2024 00:00:00,IQBAL Mazdori,6000.00
1398,547,293,05/10/2024 00:00:00,,900.00
1399,542,293,05/10/2024 00:00:00,Pathan O.T,4000.00
1400,610013,293,05/10/2024 00:00:00,Purchase Ca.Carbonate + Molasess,5100.00
1401,547,294,05/13/2024 00:00:00,,13000.00
1402,610012,294,05/13/2024 00:00:00,,200000.00
1403,64002,294,05/13/2024 00:00:00,House Use ,2000.00
1404,52011,294,05/13/2024 00:00:00,Mehmood salary April,17000.00
1405,64002,295,05/14/2024 00:00:00,House use ,6000.00
1406,64002,295,05/14/2024 00:00:00,Milk Bill House ,56000.00
1407,64002,295,05/14/2024 00:00:00,House Wapda Bill,49000.00
1408,610006,295,05/14/2024 00:00:00,,25000.00
1409,610012,295,05/14/2024 00:00:00,,500000.00
1410,610016,296,05/15/2024 00:00:00,,196000.00
1411,52055,296,05/15/2024 00:00:00,Wagon Petrol,3000.00
1412,52023,296,05/15/2024 00:00:00,Cement Payment,40000.00
1413,64002,296,05/15/2024 00:00:00,House Use ,5000.00
1414,545,296,05/15/2024 00:00:00,,15000.00
1415,52054,296,05/15/2024 00:00:00,Dinner Kashif Minhas,10000.00
1417,52055,297,05/16/2024 00:00:00,Wagon Petrol,6000.00
1418,610001,297,05/16/2024 00:00:00,Purchase Bottle 450 ml,16000.00
1419,52011,297,05/16/2024 00:00:00,Kashif Sb Salary APRIL ,110000.00
1420,52005,297,05/16/2024 00:00:00,Drap Fee,60000.00
1421,52052,297,05/16/2024 00:00:00,Tour Kashif sb to Islamabad DRAP,10000.00
1422,64002,297,05/16/2024 00:00:00,House use ,30000.00
1423,12001,298,05/17/2024 00:00:00,,530000.00
1424,52011,298,05/17/2024 00:00:00,"Salary APRIL Arshad 30,000+AbdulRehman 40,000+Mehmood 8000",78000.00
1425,5209041,298,05/17/2024 00:00:00,Factory Bill,126000.00
1426,610004,298,05/17/2024 00:00:00,,325000.00
1427,610012,298,05/17/2024 00:00:00,,300000.00
1428,610013,299,05/18/2024 00:00:00,Purchase ARQ,10500.00
1429,52055,299,05/18/2024 00:00:00,Wagon Petrol,1000.00
1430,610013,300,05/20/2024 00:00:00,Purchase CAN + Bucket,107500.00
1431,610013,300,05/20/2024 00:00:00,Purchase ARQ,10500.00
1432,542,300,05/20/2024 00:00:00,Pathan O.T,14000.00
1433,52011,300,05/20/2024 00:00:00,Salary Advance MAY Mehmood,3000.00
1434,52023,300,05/20/2024 00:00:00,IQBAL Mazdori,3000.00
1435,52055,300,05/20/2024 00:00:00,Wagon Petrol ,5000.00
1436,545,300,05/20/2024 00:00:00,,15000.00
1437,64002,300,05/20/2024 00:00:00,House use ,5000.00
1439,610005,301,05/21/2024 00:00:00,,250000.00
1440,610013,301,05/21/2024 00:00:00,"Purchase Choker+Ca,Carbonate+Molasess+Namek",36850.00
1441,52055,301,05/21/2024 00:00:00,Petrol wagon,5150.00
1442,610006,301,05/21/2024 00:00:00,,75000.00
1443,52021,301,05/21/2024 00:00:00,Wagon Repair ,5000.00
1444,547,301,05/21/2024 00:00:00,Water Cooler Repair,7000.00
1445,52054,301,05/21/2024 00:00:00,Lunch With Mehar Younas,4000.00
1446,64002,301,05/21/2024 00:00:00,House use ,11000.00
1447,547,301,05/21/2024 00:00:00,Purchase Shoper Bag,15000.00
1448,52011,301,05/21/2024 00:00:00,Salary May ASIM Khan,19500.00
1449,547,302,05/23/2024 00:00:00,Machin Repair ,2500.00
1450,610014,302,05/23/2024 00:00:00,,600000.00
1451,52021,302,05/23/2024 00:00:00,Wagon repair ,5000.00
1452,610016,302,05/23/2024 00:00:00,,12000.00
1453,52023,302,05/23/2024 00:00:00,IQBAL Mazdori,10000.00
1454,64002,303,05/24/2024 00:00:00,House use ,5000.00
1455,546,304,05/25/2024 00:00:00,Tour SAKKHAR ,30000.00
1456,52055,304,05/25/2024 00:00:00,Wagon Petrol,3000.00
1457,64002,305,05/26/2024 00:00:00,House use ,5000.00
1458,610004,305,05/26/2024 00:00:00,,5000.00
1459,547,306,05/27/2024 00:00:00,R.O Plant Repair,15000.00
1460,520902,306,05/27/2024 00:00:00,Factory Net Bill,4600.00
1461,52022,306,05/27/2024 00:00:00,A.C Repair Asghar,30000.00
1462,52023,306,05/27/2024 00:00:00,Factory TAX,154800.00
1463,547,307,05/28/2024 00:00:00,Purchase Shoper Bag,3000.00
1464,52011,307,05/28/2024 00:00:00,Salary of May Mehmood 27000+Muneer 15000+Arshad 20000,62000.00
1465,52023,307,05/28/2024 00:00:00,Imtiyaz Mistry,7200.00
1466,542,307,05/28/2024 00:00:00,Pathan ,8000.00
1473,52055,309,05/30/2024 00:00:00,Wagon Petrol ,4000.00
1474,64002,309,05/30/2024 00:00:00,House Use ,12500.00
1475,610014,308,05/29/2024 00:00:00,,200000.00
1476,64002,308,05/29/2024 00:00:00,Mobile Karcha,13000.00
1477,610013,308,05/29/2024 00:00:00,Purchase Bootle + Oil ,17200.00
1478,547,308,05/29/2024 00:00:00,,6800.00
1479,52055,308,05/29/2024 00:00:00,Wagon Petrol ,5000.00
1480,64010,310,05/31/2024 00:00:00,,2500000.00
1481,545,310,05/31/2024 00:00:00,,5000.00
1482,610013,311,06/01/2024 00:00:00,Hamid Bottle ,265000.00
1483,610004,311,06/01/2024 00:00:00,,175000.00
1484,610006,311,06/01/2024 00:00:00,,50000.00
1485,610013,311,06/01/2024 00:00:00,Fat Oil Purchase,157500.00
1486,52054,311,06/01/2024 00:00:00,"Dinner With DR,Tahir",6000.00
1487,64002,311,06/01/2024 00:00:00,House Use,5000.00
1488,52022,311,06/01/2024 00:00:00,A.C Repair Asghar,45000.00
1489,52011,311,06/01/2024 00:00:00,Salar Arshad MAY 2024,15000.00
1490,64002,311,06/01/2024 00:00:00,House Use ,5000.00
1491,52055,311,06/01/2024 00:00:00,Petrol Wagon ,2500.00
1492,52021,312,06/02/2024 00:00:00,Wagon Repair ,2500.00
1493,52055,312,06/02/2024 00:00:00,Wagon Petrol ,4000.00
1494,64002,312,06/02/2024 00:00:00,House Use ,1000.00
1495,52001,313,06/03/2024 00:00:00,,10000.00
1496,52001,314,06/04/2024 00:00:00,MAY 2024,38000.00
1497,547,314,06/04/2024 00:00:00,Purchase Aluminium Seal,8000.00
1498,52055,314,06/04/2024 00:00:00,wagon Petrol,5000.00
1499,64002,314,06/04/2024 00:00:00,House Use ,10000.00
1500,12003,315,06/05/2024 00:00:00,Paid to HABIB for Mehar Younas,300000.00
1501,64002,315,06/05/2024 00:00:00,House use ,5000.00
1502,610013,316,06/06/2024 00:00:00,Purchase Bucket,62000.00
1503,52022,316,06/06/2024 00:00:00,Asghar A.C,35000.00
1504,610013,316,06/06/2024 00:00:00,Purchase Salt+Starch,10000.00
1505,12003,316,06/06/2024 00:00:00,Paid to HABIB,100000.00
1506,610016,316,06/06/2024 00:00:00,,100000.00
1507,64002,316,06/06/2024 00:00:00,House use,5000.00
1508,610013,317,06/08/2024 00:00:00,Purchase ARQ,10000.00
1509,64002,318,06/09/2024 00:00:00,House Use,5000.00
1510,52062,318,06/09/2024 00:00:00,Bility Rent,10000.00
1514,52011,319,06/10/2024 00:00:00,Salary MAY 2024,163000.00
1515,12002,319,06/10/2024 00:00:00,,58000.00
1516,52002,319,06/10/2024 00:00:00,Paid JUNE 2024,100000.00
1517,610013,319,06/10/2024 00:00:00,HCL Purchase From ALI Chemical,50000.00
1518,610013,319,06/10/2024 00:00:00,Purchase Shoper Bag,15000.00
1519,52011,319,06/10/2024 00:00:00,FSD Salary Promution,80000.00
1520,610004,320,06/11/2024 00:00:00,Paid ,50000.00
1521,610012,320,06/11/2024 00:00:00,paid,600000.00
1522,64002,320,06/11/2024 00:00:00,House Use ,20000.00
1524,64002,321,06/12/2024 00:00:00,House Use ,50000.00
1525,610013,321,06/12/2024 00:00:00,Purchase Wheat Bran,12000.00
1526,52055,321,06/12/2024 00:00:00,Petrol Wagon 964,3000.00
1527,542,322,06/13/2024 00:00:00,Pathan Overtime,76000.00
1528,547,322,06/13/2024 00:00:00,Gulab Khan Chokidari,10000.00
1529,52011,322,06/13/2024 00:00:00,KASHIF Salary MAY 2024,110000.00
1530,52011,322,06/13/2024 00:00:00,ZAFER KHAN Salary MAY 2024,100000.00
1531,64002,322,06/13/2024 00:00:00,Paid to Zeeshan Toba Tek,25000.00
1532,52011,322,06/13/2024 00:00:00,Abdul Rehman salary May 2024,40000.00
1533,543,322,06/13/2024 00:00:00,Paid To ABRAR ,20000.00
1534,52011,322,06/13/2024 00:00:00,ARSHAD Salary May 2024,20000.00
1535,52055,322,06/13/2024 00:00:00,Petrol Wagon 964,3000.00
1536,52021,322,06/13/2024 00:00:00,GAARi Tyre,3100.00
1537,52011,323,06/16/2024 00:00:00,Mehmood Advance ,3000.00
1538,64002,324,06/17/2024 00:00:00,Eid Ul Azha Janwer,85000.00
1541,610004,325,06/21/2024 00:00:00,Paid ,50000.00
1542,620026,325,06/21/2024 00:00:00,Paid Cash,10000.00
1543,610013,325,06/21/2024 00:00:00,Purchase Bottle 100 ml Amber,16000.00
1544,52055,325,06/21/2024 00:00:00,Petrol 964,4000.00
1545,64002,325,06/21/2024 00:00:00,House Use ,20000.00
1546,52055,326,06/22/2024 00:00:00,Petrol 964,2500.00
1547,52055,327,06/23/2024 00:00:00,Petrol Wagon 964,5000.00
1548,547,327,06/23/2024 00:00:00,"Factory Saman Shoes,Stool,Uniform etc",50000.00
1549,547,328,06/24/2024 00:00:00,,6000.00
1550,52021,328,06/24/2024 00:00:00,Repair Wagon 964,6600.00
1551,64002,329,06/25/2024 00:00:00,Wasa Bill For Arshad House Rent,30000.00
1552,64002,329,06/25/2024 00:00:00,House Use,20000.00
1553,610013,330,06/26/2024 00:00:00,"Purchase Formic Acid From Dr,Shokat UAF",110000.00
1554,52003,330,06/26/2024 00:00:00,Paid ,25000.00
1555,545,330,06/26/2024 00:00:00,,5000.00
1556,547,330,06/26/2024 00:00:00,,9500.00
1557,546,331,06/27/2024 00:00:00,Tour Lahore,8000.00
1558,610006,331,06/27/2024 00:00:00,Paid ,35000.00
1559,12001,332,06/28/2024 00:00:00,paid ,535000.00
1560,546,332,06/28/2024 00:00:00,Tour Gojer Khan,14000.00
1561,545,332,06/28/2024 00:00:00,Tour Quetta ,10000.00
1562,610004,333,06/29/2024 00:00:00,Paid ,125000.00
1563,547,333,06/29/2024 00:00:00,Paid to Iftikhar Pharmaciest ,10000.00
1564,610013,333,06/29/2024 00:00:00,Paid to Hamid Bottle ,5000.00
1565,64002,334,06/30/2024 00:00:00,house use ,25000.00
1566,610016,334,06/30/2024 00:00:00,paid ,200000.00
1567,610013,334,06/30/2024 00:00:00,purchase Shoper Bag,15000.00
1568,5209041,334,06/30/2024 00:00:00,Factory bill ,88000.00
1569,52052,334,06/30/2024 00:00:00,Tour Kashif For Drap islamabad,9000.00
1570,547,334,06/30/2024 00:00:00,Purchase Fan,47000.00
1571,52055,335,07/01/2024 00:00:00,Petrol wagon ,5000.00
1582,610001,336,07/02/2024 00:00:00,Paid ,10000.00
1583,610004,336,07/02/2024 00:00:00,Paid ,50000.00
1584,610003,336,07/02/2024 00:00:00,Purchase Bottle Amber 100 ml,112000.00
1585,547,336,07/02/2024 00:00:00,Rafeeq Bottle ,28800.00
1586,64002,336,07/02/2024 00:00:00,Hifsaa Fee,45000.00
1587,64002,336,07/02/2024 00:00:00,A Block Fee,6000.00
1588,64002,336,07/02/2024 00:00:00,House use ,30000.00
1589,52005,336,07/02/2024 00:00:00,Challan DRAP,80000.00
1590,52055,336,07/02/2024 00:00:00,Petrol wagon,5000.00
1591,52023,336,07/02/2024 00:00:00,Mian Cement paid ,35000.00
1592,547,336,07/02/2024 00:00:00,Purchase Tank 1000 Liter range  ,32000.00
1593,52001,336,07/02/2024 00:00:00,Paid June Bill ,38840.00
1594,52011,336,07/02/2024 00:00:00,salary Factory Staf JUNE 2024,356490.00
1595,52052,336,07/02/2024 00:00:00,Tour Kashif For Drap Islamabad,10000.00
1596,52011,336,07/02/2024 00:00:00,Kashif Salary June 2024,110000.00
1597,610013,336,07/02/2024 00:00:00,Purchase Sodium Chloride ,12000.00
1598,547,336,07/02/2024 00:00:00,R.O Plant Repair ,10000.00
1599,52062,336,07/02/2024 00:00:00,Rent Riksha,6400.00
1600,52054,336,07/02/2024 00:00:00,Dr Abdul Razzaq + Fazal Sb Dinner at Sareena ,10000.00
1603,1211,337,07/03/2024 00:00:00,Cash Paid to Habib For Shahab Cultus,600000.00
1604,52002,337,07/03/2024 00:00:00,Paid July,100000.00
1605,610013,337,07/03/2024 00:00:00,"Purchase Starch,Namek,Ca.Carbonate etc",28000.00
1606,52055,337,07/03/2024 00:00:00,Petrol wagon ,2000.00
1607,52005,337,07/03/2024 00:00:00,Paid To Usmani Drap,300000.00
1608,547,337,07/03/2024 00:00:00,"Saman Bijlee,Purchase Printer etc",50000.00
1609,547,338,07/04/2024 00:00:00,,4000.00
1610,52055,338,07/04/2024 00:00:00,Petrol 964,3000.00
1611,610005,338,07/04/2024 00:00:00,Paid ,25000.00
1613,52011,339,07/05/2024 00:00:00,Zafer Khan Salary JUNE 2024,100000.00
1614,610013,339,07/05/2024 00:00:00,Purchase Metal Bottle Hamid,322000.00
1615,610001,339,07/05/2024 00:00:00,,50000.00
1616,52023,339,07/05/2024 00:00:00,Paid To Shokat Mistry,10000.00
1617,52055,339,07/05/2024 00:00:00,Petrol 964,4000.00
1618,64002,339,07/05/2024 00:00:00,Dinner at Sareena ,19000.00
1619,52055,340,07/06/2024 00:00:00,Petrol wagon ,7500.00
1620,610013,340,07/06/2024 00:00:00,Anisee Oil Purchase,11000.00
1621,610013,340,07/06/2024 00:00:00,Purchase ARQ ,10500.00
1622,52055,341,07/07/2024 00:00:00,Petrol SHAHAB Cultus ,8000.00
1623,52055,341,07/07/2024 00:00:00,Petrol wagon ,3000.00
1624,64002,341,07/07/2024 00:00:00,FARHAN Used,25000.00
1625,610014,342,07/08/2024 00:00:00,Paid ,800000.00
1626,5209041,342,07/08/2024 00:00:00,House bill ,64000.00
1627,52062,342,07/08/2024 00:00:00,Bility rent ,240.00
1628,64002,342,07/08/2024 00:00:00,House Bill Milk wala ,51000.00
1629,64002,343,07/09/2024 00:00:00,House use for DR.Test,23000.00
1630,52055,344,07/10/2024 00:00:00,Petrol wagon,2000.00
1631,64002,344,07/10/2024 00:00:00,House use ,20000.00
1636,1211,345,07/11/2024 00:00:00,Paid to Habib For wagnor car 2023 Model,800000.00
1637,610001,345,07/11/2024 00:00:00,,47000.00
1638,52055,345,07/11/2024 00:00:00,Petrol wagon,3000.00
1639,547,345,07/11/2024 00:00:00,Purchase OIL,10000.00
1640,548,345,07/11/2024 00:00:00,,200000.00
1641,64002,345,07/11/2024 00:00:00,House use ,10000.00
1642,610016,345,07/11/2024 00:00:00,,70000.00
1644,610012,346,07/12/2024 00:00:00,,500000.00
1645,610013,346,07/12/2024 00:00:00,Purchase Metal bottle + CAN Large from HAMID,83000.00
1646,64002,346,07/12/2024 00:00:00,Dinner at Sareena ,14000.00
1647,547,346,07/12/2024 00:00:00,Moter repair ,9000.00
1648,64002,347,07/13/2024 00:00:00,House use ,8000.00
1649,52055,347,07/13/2024 00:00:00,Petrol wagon ,3000.00
1650,610013,348,07/14/2024 00:00:00,Purchase ARQ ,10500.00
1651,52062,348,07/14/2024 00:00:00,Bility rent ,9500.00
1652,52021,348,07/14/2024 00:00:00,Wagon Repair,2500.00
1653,64002,348,07/14/2024 00:00:00,House use ,4000.00
1654,547,348,07/14/2024 00:00:00,Purchase Aluminium seal ,3000.00
1656,64002,349,07/15/2024 00:00:00,house use ,460000.00
1657,610013,349,07/15/2024 00:00:00,"Purchase Ca,carbonate,starch ",18000.00
1658,52055,349,07/15/2024 00:00:00,petrol wagon ,4000.00
1659,64002,350,07/17/2024 00:00:00,house use ,5000.00
1660,52011,351,07/18/2024 00:00:00,Promution Salary Hafiz poultry ,80000.00
1661,548,351,07/18/2024 00:00:00,Paid,49000.00
1662,52021,351,07/18/2024 00:00:00,Repair Mehran 683 A.C ,25000.00
1663,64002,351,07/18/2024 00:00:00,house use ,5000.00
1664,52011,352,07/19/2024 00:00:00,Mehmood Advance salary JULY 2024,10000.00
1665,542,352,07/19/2024 00:00:00,Paid ,2000.00
1666,610004,352,07/19/2024 00:00:00,Paid ,30000.00
1679,52055,354,07/21/2024 00:00:00,petrol wagon ,3000.00
1680,52021,354,07/21/2024 00:00:00,Mehran 683 Tyre,50000.00
1681,52062,354,07/21/2024 00:00:00,Bility rent ,4000.00
1682,547,354,07/21/2024 00:00:00,Purchase shoper bag,5000.00
1683,64002,354,07/21/2024 00:00:00,house use ,5000.00
1684,610013,355,07/22/2024 00:00:00,Purchase Formic Acid From SHOKAT UAF,110000.00
1685,64002,355,07/22/2024 00:00:00,Farhan use fore computer ,20000.00
1686,64002,355,07/22/2024 00:00:00,house Bill WASA ,31000.00
1687,547,356,07/23/2024 00:00:00,Paid ,20000.00
1688,52021,356,07/23/2024 00:00:00,Mehran Repair Sohaib,28500.00
1689,64002,357,07/24/2024 00:00:00,House Net Bill ,3500.00
1690,52055,357,07/24/2024 00:00:00,petrol wagon ,4200.00
1691,610016,357,07/24/2024 00:00:00,Paid ,50000.00
1692,52021,358,07/25/2024 00:00:00,Wagon Repair ,3000.00
1693,548,358,07/25/2024 00:00:00,Paid ,50000.00
1694,610004,358,07/25/2024 00:00:00,Paid ,20000.00
1695,64002,358,07/25/2024 00:00:00,House use ,5000.00
1696,620026,359,07/26/2024 00:00:00,Paid ,25000.00
1697,64002,359,07/26/2024 00:00:00,house use ,10000.00
1698,64002,359,07/26/2024 00:00:00,Dinner at sareena ,3000.00
1699,52055,359,07/26/2024 00:00:00,petrol wagon ,5000.00
1700,52054,360,07/27/2024 00:00:00,Lunch ,1000.00
1701,52055,360,07/27/2024 00:00:00,wagon petrol,8000.00
1702,610013,361,07/28/2024 00:00:00,Purchase ARQ ,11000.00
1703,52055,361,07/28/2024 00:00:00,wagon petrol ,4500.00
1704,610004,361,07/28/2024 00:00:00,Paid ,50000.00
1705,64002,361,07/28/2024 00:00:00,house use ,10000.00
1706,52011,362,07/29/2024 00:00:00,Asif khan Salary July 2024,24000.00
1707,52011,362,07/29/2024 00:00:00,Mehmood salary advance July 2024,5000.00
1708,52055,362,07/29/2024 00:00:00,wagon petrol ,5000.00
1709,610004,362,07/29/2024 00:00:00,Paid ,20000.00
1710,64002,362,07/29/2024 00:00:00,house use ,5000.00
1712,64002,363,07/30/2024 00:00:00,house use ,5000.00
1713,547,363,07/30/2024 00:00:00,Paid ,10000.00
1714,64010,363,07/30/2024 00:00:00,Paid ,4700000.00
1715,542,353,07/20/2024 00:00:00,Paid ,21000.00
1716,610013,353,07/20/2024 00:00:00,Purchase Starch + Molasess,15000.00
1717,52055,353,07/20/2024 00:00:00,Petrol wagon ,3000.00
1718,12001,353,07/20/2024 00:00:00,Paid ,530000.00
1719,610013,353,07/20/2024 00:00:00,Purchase Bucket + Large CAN From HAMID,79000.00
1720,52054,353,07/20/2024 00:00:00,Lunch,1000.00
1721,52021,353,07/20/2024 00:00:00,Mehran Repair 683,30000.00
1722,64002,353,07/20/2024 00:00:00,house use ,1000.00
1723,52023,364,08/01/2024 00:00:00,Pathan Mitti,5000.00
1724,52011,364,08/01/2024 00:00:00,Gulab Khan Salary July 2024,10000.00
1725,64002,364,08/01/2024 00:00:00,House Use,15000.00
1726,610004,365,08/02/2024 00:00:00,Paid,20000.00
1727,52055,365,08/02/2024 00:00:00,Petrol Wagon,3000.00
1728,52002,365,08/02/2024 00:00:00,Paid Auguest 2024,100000.00
1729,520910,365,08/02/2024 00:00:00,Paid,10000.00
1730,542,365,08/02/2024 00:00:00,Pathan O.T,4000.00
1731,52062,365,08/02/2024 00:00:00,Bility,6000.00
1737,52055,366,08/03/2024 00:00:00,wagon petrol,3000.00
1738,547,366,08/03/2024 00:00:00,Shoppar Bag,7000.00
1739,52001,366,08/03/2024 00:00:00,,41490.00
1740,548,366,08/03/2024 00:00:00,Paid Auguest,35000.00
1741,52011,366,08/03/2024 00:00:00,Salary July ,210000.00
1742,52054,366,08/03/2024 00:00:00,Dinner,7000.00
1743,64002,367,08/04/2024 00:00:00,House Use,26000.00
1744,52055,367,08/04/2024 00:00:00,Wagon petrol,6000.00
1746,52055,369,08/06/2024 00:00:00,Wagon petrol,6000.00
1747,52011,369,08/06/2024 00:00:00,Zaffar Ulla Khan Sab,10000.00
1748,52052,369,08/06/2024 00:00:00,Kamaliya Petrol,3500.00
1749,547,369,08/06/2024 00:00:00,Purchase Jali,2000.00
1750,64002,369,08/06/2024 00:00:00,House Use,3000.00
1751,547,370,08/07/2024 00:00:00,Shoppar Bag Tie ,17000.00
1752,52055,370,08/07/2024 00:00:00,Wagon petrol,3500.00
1753,64002,370,08/07/2024 00:00:00,House Use,5500.00
1754,64002,371,08/08/2024 00:00:00,House use,4000.00
1755,52011,371,08/08/2024 00:00:00,Arshad Salary July,55000.00
1756,548,371,08/08/2024 00:00:00,Machin repair,5000.00
1762,52011,374,08/09/2024 00:00:00,Abdul-Rehman  40000 + Sabar 25000,65000.00
1763,548,374,08/09/2024 00:00:00,Paid,5000.00
1764,64002,374,08/09/2024 00:00:00,House Use,50000.00
1765,610013,373,08/10/2024 00:00:00,R/M purchase ,37000.00
1766,547,373,08/10/2024 00:00:00,Shoppar Tie ,13000.00
1767,64002,373,08/10/2024 00:00:00,House Use,4000.00
1768,64003,375,08/12/2024 00:00:00,NBP Loan,230000.00
1769,1211,375,08/12/2024 00:00:00,Paid to HABIB for Car,155000.00
1770,547,375,08/12/2024 00:00:00,Ca-Carbonate 6000 + Starch 21000 + Gas 3000,30000.00
1771,64002,375,08/12/2024 00:00:00,House Use,3000.00
1772,64002,375,08/12/2024 00:00:00,House Tax,12000.00
1773,1211,375,08/12/2024 00:00:00,Installment  of Moter Bike,57000.00
1774,52023,375,08/12/2024 00:00:00,Paid to Zulfiqar Lohhar,5000.00
1775,52011,376,08/13/2024 00:00:00,Kashif Salary July,110000.00
1776,64002,376,08/13/2024 00:00:00,House Electricity Bill,93000.00
1777,1211,376,08/13/2024 00:00:00,Paid to HABIB for Car,45000.00
1778,64002,376,08/13/2024 00:00:00,Farhan Fee,87615.00
1780,546,378,08/05/2024 00:00:00,Layyah Use,10000.00
1781,546,377,08/14/2024 00:00:00,Layyah Petrol,7000.00
1782,546,379,08/15/2024 00:00:00,Petrol Tour,7000.00
1783,52055,379,08/15/2024 00:00:00,Wagon Petrol,3000.00
1784,64002,379,08/15/2024 00:00:00,Rehan Fee,87650.00
1785,64010,380,08/16/2024 00:00:00,Paid,2650000.00
1786,547,380,08/16/2024 00:00:00,Factory Electricity Bil,286850.00
1787,610016,381,08/17/2024 00:00:00,Paid,350000.00
1788,610006,381,08/17/2024 00:00:00,Paid,100000.00
1789,610013,381,08/17/2024 00:00:00,Refhan Oil,161505.00
1790,547,381,08/17/2024 00:00:00,L/P chuna  Starch  Gas  ,53995.00
1791,610013,381,08/17/2024 00:00:00,Bottle ,15000.00
1792,610004,381,08/17/2024 00:00:00,Paid,18000.00
1793,52055,381,08/17/2024 00:00:00,Arshad Wagon Petrol,10000.00
1794,64002,381,08/17/2024 00:00:00,House use,50000.00
1795,52055,382,08/08/2024 00:00:00,Petrol + Tie,5000.00
1796,52023,382,08/08/2024 00:00:00,Paid to Mistari Imtayyaz,4000.00
1797,52062,382,08/08/2024 00:00:00,Bilty Use,5000.00
1798,547,382,08/08/2024 00:00:00,Paid to Kashif Ext,3500.00
1799,610004,383,08/19/2024 00:00:00,Paid,30000.00
1800,52055,383,08/19/2024 00:00:00,Petrol Wagon,3000.00
1801,610013,383,08/19/2024 00:00:00,Shappar,5000.00
1802,64002,383,08/19/2024 00:00:00,Kashif Laptop,33000.00
1803,64002,383,08/19/2024 00:00:00,House Use,20000.00
1819,52011,384,08/20/2024 00:00:00,Ehsan Salary,38500.00
1820,52062,384,08/20/2024 00:00:00,Bilty Use,14000.00
1821,52023,384,08/20/2024 00:00:00,Paid to Mistari Imtayyaz,7900.00
1822,52021,384,08/20/2024 00:00:00,Oil change Mehran,6000.00
1823,52021,384,08/20/2024 00:00:00,Repair Mehran,10000.00
1824,64002,384,08/20/2024 00:00:00,House Use,3000.00
1825,52023,384,08/20/2024 00:00:00,Purchase Ground Bench,20000.00
1826,547,384,08/20/2024 00:00:00,Sodium Chloride + Ca Carbonate + Petrol,34750.00
1827,52055,385,08/21/2024 00:00:00,Wagon petrol,3000.00
1828,52055,386,08/22/2024 00:00:00,Wagon petrole,1000.00
1829,64002,386,08/22/2024 00:00:00,House Use,5000.00
1830,52023,386,08/22/2024 00:00:00,Paid to Mistari Imtayyaz,18000.00
1831,547,387,08/23/2024 00:00:00,Net Bill,4000.00
1832,64002,387,08/23/2024 00:00:00,House use,3000.00
1833,52055,387,08/23/2024 00:00:00,Wagon petrole,3000.00
1834,610013,388,08/24/2024 00:00:00,Shappar,3000.00
1835,547,388,08/24/2024 00:00:00,Machin Repair,3000.00
1836,64002,388,08/24/2024 00:00:00,House use,10000.00
1837,64010,388,08/24/2024 00:00:00,paid,200000.00
1838,52023,388,08/24/2024 00:00:00,Ground Banch,15000.00
1839,52062,388,08/24/2024 00:00:00,Bilty Use,5000.00
1840,610013,389,08/25/2024 00:00:00,ARQ,11000.00
1841,52055,389,08/25/2024 00:00:00,Wagon Petrole,2000.00
1842,547,389,08/25/2024 00:00:00,Machine repair,2000.00
1843,52023,390,08/26/2024 00:00:00,Ground Banch,21000.00
1844,52023,390,08/26/2024 00:00:00,Paid to Mistari Imtayyaz,15000.00
1845,52055,390,08/26/2024 00:00:00,Wagon Petrole,2500.00
1850,52023,391,08/27/2024 00:00:00,Paid to Mian Cement,100000.00
1851,64010,391,08/27/2024 00:00:00,Paid,200000.00
1852,610005,391,08/27/2024 00:00:00,Paid,200000.00
1853,546,391,08/27/2024 00:00:00,Petrol,13000.00
1854,64002,391,08/27/2024 00:00:00,House Use,3000.00
1855,547,392,08/28/2024 00:00:00,Gas ,4000.00
1856,52055,392,08/28/2024 00:00:00,Petrol Wagon,3000.00
1857,12001,393,08/29/2024 00:00:00,HBL Installment,531342.00
1858,52055,393,08/29/2024 00:00:00,petrol Wagon,2000.00
1859,547,393,08/29/2024 00:00:00,Gas,1500.00
1860,64002,393,08/29/2024 00:00:00,House Use,2000.00
1861,52011,394,08/30/2024 00:00:00,Nasir Jamal Salary,150000.00
1862,544,394,08/30/2024 00:00:00,Vesa,30000.00
1863,546,394,08/30/2024 00:00:00,Tour Pindi,20000.00
1871,516,396,08/31/2024 00:00:00,Salary AHMAD Kamaliya,116000.00
1872,610002,397,08/31/2024 00:00:00,Paid,100000.00
1873,610016,397,08/31/2024 00:00:00,Paid,150000.00
1874,610004,397,08/31/2024 00:00:00,Paid,20000.00
1875,610013,397,08/31/2024 00:00:00,Wheat Bran,45000.00
1876,52023,397,08/31/2024 00:00:00,Paid to Mistari Imatyaz,30000.00
1877,610013,397,08/31/2024 00:00:00,Sheera + Starch,40000.00
1878,64002,397,08/31/2024 00:00:00,House use,350000.00
1879,64002,398,09/01/2024 00:00:00,House Use,6000.00
1880,52055,398,09/01/2024 00:00:00,Petrol Wagon,3000.00
1900,52055,400,09/03/2024 00:00:00,Petrol Wagon,8000.00
1901,52023,400,09/03/2024 00:00:00,Paid to Mistari Imtayaz,25000.00
1902,52011,400,09/03/2024 00:00:00,Anees Advance,5000.00
1903,610013,400,09/03/2024 00:00:00,Bottle 1Lit 18900 + Shappar 16100,35000.00
1904,64002,400,09/03/2024 00:00:00,House Use,20000.00
1905,52002,401,09/04/2024 00:00:00,Paid,100000.00
1906,52023,401,09/04/2024 00:00:00,Paid to Mian Cement,100000.00
1907,52011,401,09/04/2024 00:00:00,Kahsif Salary Auguest,50000.00
1908,52055,401,09/04/2024 00:00:00,Petrol wagon,3000.00
1909,64002,401,09/04/2024 00:00:00,House Use,25000.00
1910,610013,402,09/05/2024 00:00:00,Paid to Shaukat Ali For Formic Acid,240000.00
1911,52023,402,09/05/2024 00:00:00,Paid to Shaukat Mistari,19000.00
1912,52055,402,09/05/2024 00:00:00,Wagon Petrol,4000.00
1913,610004,402,09/05/2024 00:00:00,Paid,50000.00
1914,64002,403,09/06/2024 00:00:00,House Use,5000.00
1915,52054,403,09/06/2024 00:00:00,Dinner with Fazal,10000.00
1916,64002,404,08/07/2024 00:00:00,House use,25000.00
1917,12002,404,08/07/2024 00:00:00,Bike instalment,30000.00
1918,520910,404,08/07/2024 00:00:00,Phone Gift Dr Shajah Nasir jamal,108000.00
1919,52054,404,08/07/2024 00:00:00,Dinner with Nasir Jamal,10000.00
1920,64002,405,09/08/2024 00:00:00,House use,20000.00
1921,52055,405,09/08/2024 00:00:00,Petrol Wagon,10000.00
1922,610013,405,09/08/2024 00:00:00,ARQ,21000.00
1923,610013,406,09/09/2024 00:00:00,Bottle 1Lit,7500.00
1924,610013,406,09/09/2024 00:00:00,Na-Chloride,10000.00
1925,610004,406,09/09/2024 00:00:00,Paid,25000.00
1926,52055,406,09/09/2024 00:00:00,Petrol Wagon,3000.00
1927,52055,407,09/10/2024 00:00:00,Wagon Petrol,5500.00
1928,52023,407,09/10/2024 00:00:00,Paid to Mistari Imtayaz,27000.00
1929,52011,407,09/10/2024 00:00:00,Salary Mehmood / Zafar Khan Saab,39000.00
1930,610004,408,09/11/2024 00:00:00,Paid,40000.00
1931,52055,408,09/11/2024 00:00:00,Petrol wagon,5000.00
1932,52011,408,09/11/2024 00:00:00,Salary Arshad,50000.00
1933,12003,408,09/11/2024 00:00:00,Paid To ISHAQ for MG Car,1000000.00
1934,546,408,09/11/2024 00:00:00,Petrol Pindi,30000.00
1935,520910,408,09/11/2024 00:00:00,ISHAQ Kharcha,20000.00
1936,52055,408,09/11/2024 00:00:00,Wagon petrol,3000.00
1937,64002,409,09/12/2024 00:00:00,House Use,1000.00
1938,52055,409,09/12/2024 00:00:00,Petrol Wagon,3000.00
1939,610013,409,09/12/2024 00:00:00,Starch/ARQ/Shappar/Dhaga+Tie,34000.00
1940,52055,409,09/12/2024 00:00:00,Bike Petrol,400.00
1941,547,409,09/12/2024 00:00:00,Grander Repair,2500.00
1942,13001,409,09/12/2024 00:00:00,Mixture Grander Machine Purchase,7500.00
1943,547,409,09/12/2024 00:00:00,Electricity Saman /Toqeer Paid,7000.00
1944,547,409,09/12/2024 00:00:00,,14600.00
1945,610014,410,09/13/2024 00:00:00,Paid,850000.00
1946,542,410,09/13/2024 00:00:00,Pathan Over Time,5000.00
1947,52023,410,09/13/2024 00:00:00,Paid to SHOQAT Mistari,15000.00
1948,52011,410,09/13/2024 00:00:00,Salary Abdul-Rehman Auguest,30000.00
1949,52055,411,09/14/2024 00:00:00,Petrol Wagon,3000.00
1950,52023,411,09/14/2024 00:00:00,Paid to Mistari Imtayaz,25000.00
1951,52062,411,09/14/2024 00:00:00,Bilty Use,10000.00
1952,547,411,09/14/2024 00:00:00,,5000.00
1953,64002,411,09/14/2024 00:00:00,House use,3000.00
1954,52055,412,09/15/2024 00:00:00,Petrol wagon,1500.00
1955,610016,412,09/15/2024 00:00:00,paid,32000.00
1957,52011,413,09/16/2024 00:00:00,Gulab/25000 + Sabar/25000+Anees/20000+Halal/25000+Yaseen/2500+ShakarUllah/2500+Bilal/2500+Abdul-Rehman/40000+Kashif/60000,202500.00
1958,610013,413,09/16/2024 00:00:00,Purchase Bottle,28650.00
1959,543,413,09/16/2024 00:00:00,Paid,2500.00
1960,52055,413,09/16/2024 00:00:00,Petrol wagon,8000.00
1961,610013,413,09/16/2024 00:00:00,Starch,7000.00
1962,64002,413,09/16/2024 00:00:00,House Use,10000.00
1963,52055,414,09/18/2024 00:00:00,Petrol Wagon,3000.00
1964,52023,414,09/18/2024 00:00:00,Paid to Mian Cement,50000.00
1965,21001,414,09/18/2024 00:00:00,Paid to Atta Lab,50000.00
1966,610013,414,09/18/2024 00:00:00,Shappar,10000.00
1971,64002,415,09/19/2024 00:00:00,House use,1000.00
1972,610013,415,09/19/2024 00:00:00,Starch,7000.00
1973,52055,415,09/19/2024 00:00:00,Petrol Wagon,3000.00
1974,610013,415,09/19/2024 00:00:00,Shappar,8000.00
1975,64002,415,09/19/2024 00:00:00,Khana Sareena,4000.00
1976,610012,415,09/19/2024 00:00:00,Paid to Hafiz IMRAN ,150000.00
1979,610004,399,09/02/2024 00:00:00,Paid,1500000.00
1980,610006,399,09/02/2024 00:00:00,Paid,100000.00
1981,610013,399,09/02/2024 00:00:00,Purchase ARQ,10000.00
1982,52011,399,09/02/2024 00:00:00,Salary Mehmood Auguest,10000.00
1983,610013,399,09/02/2024 00:00:00,Purchase Bottle From Khalid,18500.00
1984,52004,399,09/02/2024 00:00:00,Paid,400000.00
1985,64002,399,09/02/2024 00:00:00,House Use,70000.00
1986,12003,399,09/02/2024 00:00:00,Paid to HABIB for Car,200000.00
1987,52023,416,09/20/2024 00:00:00,Paid to Mistari Imtayaz,5000.00
1988,12003,416,09/20/2024 00:00:00,Paid to HABIB for car,1000000.00
1989,52055,417,09/21/2024 00:00:00,Petrol Wagon,3000.00
1990,12003,417,09/21/2024 00:00:00,Paid to HABIB for car,700000.00
1991,64002,417,09/21/2024 00:00:00,House Use,3000.00
1992,52023,417,09/21/2024 00:00:00,Paid to Mistari Imtayaz,25000.00
1993,52011,418,09/22/2024 00:00:00,Zafar Khan Saab Salary,30000.00
1994,64002,418,09/22/2024 00:00:00,House Use,5000.00
1995,52023,418,09/22/2024 00:00:00,Paid to SHOQAT Mistari,15000.00
1996,610013,419,09/23/2024 00:00:00,Na-Chloride 10000 / Shappar 10000,20000.00
1997,52055,419,09/23/2024 00:00:00,Petrol Wagon,5000.00
1998,52062,419,09/23/2024 00:00:00,Bilty Use,3000.00
1999,610012,419,09/23/2024 00:00:00,Paid,240000.00
2000,12001,419,09/23/2024 00:00:00,,530000.00
2001,516,419,09/23/2024 00:00:00,Kashif Minhas Salary,10000.00
2002,52052,419,09/23/2024 00:00:00,Petrol,15000.00
2004,610012,420,09/24/2024 00:00:00,Paid,200000.00
2005,64002,420,09/24/2024 00:00:00,Khana Sareena,3000.00
2006,12003,421,09/25/2024 00:00:00,Paid to Habib For Car,500000.00
2007,610005,421,09/25/2024 00:00:00,Paid,50000.00
2008,52055,421,09/25/2024 00:00:00,Petrol Wagon,3500.00
2009,610012,421,09/25/2024 00:00:00,paid,105000.00
2010,52054,421,09/25/2024 00:00:00,Dinner Kashif Minhas & Fazal ,10000.00
2011,52011,422,09/26/2024 00:00:00,Salary Ahsan ,70000.00
2012,52055,422,09/26/2024 00:00:00,Petrol  Wagon,6000.00
2013,547,422,09/26/2024 00:00:00,Repairing Machine,5000.00
2014,12003,423,09/27/2024 00:00:00,Paid to Habib for Car,100000.00
2015,64002,423,09/27/2024 00:00:00,House Use,8000.00
2016,52055,423,09/27/2024 00:00:00,Petrol wagon,4000.00
2017,610013,423,09/27/2024 00:00:00,Shappar,3000.00
2018,543,424,09/28/2024 00:00:00,Chokar Crush,8000.00
2019,52055,425,09/29/2024 00:00:00,Petrol Wagon,4500.00
2027,52055,426,09/30/2024 00:00:00,Petrol Mehran,5000.00
2028,52011,426,09/30/2024 00:00:00,Salary Kashif Auguest,60000.00
2029,52023,426,09/30/2024 00:00:00,Paid to Mistari Imtayaz,25000.00
2030,52062,426,09/30/2024 00:00:00,Bilty Use,6000.00
2031,52011,426,09/30/2024 00:00:00,Salary Saeed ,20000.00
2032,52023,426,09/30/2024 00:00:00,Paid to Mian Cement,50000.00
2033,547,426,09/30/2024 00:00:00,Door Maintenance,10000.00
2034,516,427,10/01/2024 00:00:00,Kashif Minhas Advance Salary,50000.00
2035,52011,427,10/01/2024 00:00:00,Salary Shakar ullah September,23300.00
2036,52001,427,10/01/2024 00:00:00,Pathan Khana,60700.00
2037,64002,427,10/01/2024 00:00:00,House Use,15000.00
2043,610012,428,10/02/2024 00:00:00,Paid,215000.00
2044,610016,428,10/02/2024 00:00:00,Paid,300000.00
2045,610013,428,10/02/2024 00:00:00,Shappar Tie Dhaga Tape,15000.00
2046,52055,428,10/02/2024 00:00:00,Petrol Wagon,6000.00
2047,516,428,10/02/2024 00:00:00,Salary Saeed October,20000.00
2048,52054,428,10/02/2024 00:00:00,Dinner Imtayaz,10000.00
2049,52055,429,10/03/2024 00:00:00,Petrol Wagon,3500.00
2050,64002,429,10/03/2024 00:00:00,House Use,7000.00
2051,52011,429,10/03/2024 00:00:00,Salary Ahmed Kamalia,116000.00
2052,52023,430,10/05/2024 00:00:00,SHOQAT Mistari/ 10000 + Imtayaz Mistari 20000,30000.00
2053,610012,430,10/05/2024 00:00:00,Paid,85000.00
2054,542,430,10/05/2024 00:00:00,Pathan OT,3000.00
2055,610014,431,10/06/2024 00:00:00,Paid,250000.00
2056,610013,431,10/06/2024 00:00:00,Pet Bottle,25000.00
2057,64002,431,10/06/2024 00:00:00,House Plamber Paid,3500.00
2058,542,431,10/06/2024 00:00:00,Pathan Over Time,10000.00
2059,610013,432,10/07/2024 00:00:00,Shappar + Tie/ 12000 + ARQ 11000,23000.00
2060,610014,432,10/07/2024 00:00:00,Paid,100000.00
2061,52023,432,10/07/2024 00:00:00,Pathan Mitti,25000.00
2062,610005,432,10/07/2024 00:00:00,Paid,50000.00
2063,610013,433,10/08/2024 00:00:00,Shappar + Tie,19000.00
2064,610004,433,10/08/2024 00:00:00,Paid,25000.00
2065,12002,433,10/08/2024 00:00:00,Paid ,30000.00
2066,64002,433,10/08/2024 00:00:00,House use,15000.00
2067,610006,434,10/09/2024 00:00:00,Paid,60000.00
2068,12003,434,10/09/2024 00:00:00,Paid to ISHAQ For car (MG),1000000.00
2069,543,434,10/09/2024 00:00:00,Chokar crush,18000.00
2070,610013,434,10/09/2024 00:00:00,Starch/ 20250+  Ca-Carbonate/ 5400 + Gas/ 2000 + Lakri 1500,29150.00
2071,52055,434,10/09/2024 00:00:00,Petrol Wagon,7000.00
2072,547,434,10/09/2024 00:00:00,,850.00
2073,52001,434,10/09/2024 00:00:00,Pathan Khana,20000.00
2074,52055,435,10/10/2024 00:00:00,Petrol Wagon,3500.00
2075,52062,435,10/10/2024 00:00:00,Bilty Use,1500.00
2076,64002,435,10/10/2024 00:00:00,House use,5000.00
2077,610016,436,10/11/2024 00:00:00,Paid,30000.00
2078,610004,436,10/11/2024 00:00:00,Paid,7800.00
2080,610013,437,10/12/2024 00:00:00,Chokar   Starch    Oil,35000.00
2081,52052,437,10/12/2024 00:00:00,Petrol Sargodha,11000.00
2082,52001,437,10/12/2024 00:00:00,,8000.00
2083,610013,438,10/13/2024 00:00:00,ARQ,4000.00
2084,52055,438,10/13/2024 00:00:00,Petrol Wagon,2500.00
2085,547,438,10/13/2024 00:00:00,Machine Repair,1500.00
2086,12003,439,10/14/2024 00:00:00,Paid to Raja Waheed for Car,200000.00
2087,52055,439,10/14/2024 00:00:00,Petrol wagon,3500.00
2088,52002,439,10/14/2024 00:00:00,Paid,100000.00
2089,52023,439,10/14/2024 00:00:00,Paid to Imtayaz Mistari,14700.00
2090,610016,439,10/14/2024 00:00:00,Paid,300000.00
2099,52011,441,10/16/2024 00:00:00,Salary Kashif Manzor/ 120000+ Sabar/ 20000+ Mehmood/5000,145000.00
2100,516,441,10/16/2024 00:00:00,Kashif Hinhas,50000.00
2103,52021,443,10/18/2024 00:00:00,Wagon Oil Change,4500.00
2104,52055,443,10/18/2024 00:00:00,Petrol Wagon,3000.00
2105,610004,443,10/18/2024 00:00:00,Paid,300000.00
2106,64002,444,10/19/2024 00:00:00,House Bill,118582.00
2107,52055,444,10/19/2024 00:00:00,Petrol Mehran,5000.00
2108,52054,444,10/19/2024 00:00:00,Dinner Sareena,10000.00
2109,547,444,10/19/2024 00:00:00,Machine Repair,6000.00
2110,52021,444,10/19/2024 00:00:00,Mehran engine repair,60000.00
2111,610013,444,10/19/2024 00:00:00,Shappar+Tie+Dhaga,15000.00
2112,610013,444,10/19/2024 00:00:00,Paid to Hamid Bottle,200000.00
2113,52011,445,10/20/2024 00:00:00,Mehmood/45000+Arshad/75000+AbdulRehman/30000+AbdulRehman Mani/50000,200000.00
2114,543,445,10/20/2024 00:00:00,Chokar crush,8000.00
2115,547,445,10/20/2024 00:00:00,Door /7000 Machine Repair/ 12500,19500.00
2116,610006,445,10/20/2024 00:00:00,Paid,46900.00
2117,52055,446,10/21/2024 00:00:00,petrol Mehran,5000.00
2118,52062,446,10/21/2024 00:00:00,Raksha kraya,700.00
2119,610013,446,10/21/2024 00:00:00,Paid to Hamad Bottle,72500.00
2120,610004,446,10/21/2024 00:00:00,Paid,75000.00
2121,547,446,10/21/2024 00:00:00,Machine Repair,2000.00
2122,516,447,10/22/2024 00:00:00,Salary October Saeed Pindi ,110000.00
2123,52023,447,10/22/2024 00:00:00,Pathan Mitti ,10000.00
2124,610013,447,10/22/2024 00:00:00,Sod Sulphate/16000 + Colour/2200,18200.00
2125,52062,447,10/22/2024 00:00:00,Raksha Kraya/ 700 + Bilty 2800,3500.00
2126,52055,447,10/22/2024 00:00:00,Petrol Bike/300+ Petrol Mehran /3000,3300.00
2127,12003,447,10/22/2024 00:00:00,From Hamza Sargodha for vagnar,46750.00
2128,12003,448,10/23/2024 00:00:00,Paid to Habib For Hafazl Car Wagnor,150000.00
2129,12001,448,10/23/2024 00:00:00,Paid,530000.00
2130,610013,448,10/23/2024 00:00:00,Shappar/12250+Colour/5500+Tie/450,18200.00
2131,52055,448,10/23/2024 00:00:00,Petrol Mehran,1800.00
2132,516,448,10/23/2024 00:00:00,Kashif Minhas Salary October,15000.00
2133,52055,449,10/24/2024 00:00:00,Petrol Mehran,3000.00
2134,64002,449,10/24/2024 00:00:00,House Use,10000.00
2135,52055,450,10/25/2024 00:00:00,Petrol Mehran,3000.00
2136,610013,450,10/25/2024 00:00:00,Starch,7000.00
2137,12003,451,10/26/2024 00:00:00,Paid to Habib for MG Car,200000.00
2138,52052,451,10/26/2024 00:00:00,Fuel Sakhar,25000.00
2139,64002,451,10/26/2024 00:00:00,House Use,20000.00
2140,52055,452,10/27/2024 00:00:00,Petrol Mehran,3000.00
2141,610013,452,10/27/2024 00:00:00,Hamid Steel Bottle,250000.00
2142,542,452,10/27/2024 00:00:00,Pathan O.T,40000.00
2143,610004,452,10/27/2024 00:00:00,Paid,45000.00
2144,547,452,10/27/2024 00:00:00,Machine Repair,7000.00
2145,12003,453,10/28/2024 00:00:00,Paid to Habib For vagnor car,1050000.00
2146,516,453,10/28/2024 00:00:00,Kashif Minhas Salary October,10000.00
2147,610013,453,10/28/2024 00:00:00,Hamid Bottle,37500.00
2148,64002,453,10/28/2024 00:00:00,House Use + A-Block Fee,28000.00
2149,610004,454,10/29/2024 00:00:00,Paid,700000.00
2150,52055,454,10/29/2024 00:00:00,Petrol Mehran,28500.00
2151,610013,454,10/29/2024 00:00:00,Shafeeq Bottle,31680.00
2152,610013,454,10/29/2024 00:00:00,Wheat Bran + ARQ,47800.00
2153,64002,454,10/29/2024 00:00:00,House Use,10000.00
2154,610016,454,10/29/2024 00:00:00,Paid,275000.00
2155,12003,454,10/29/2024 00:00:00,Paid to habib for Alto Car,1000000.00
2156,547,455,10/30/2024 00:00:00,Paid to Iftikhar Pharmacist,5000.00
2157,610013,455,10/30/2024 00:00:00,Starch + Na-Chloride,10000.00
2158,52055,455,10/30/2024 00:00:00,Petrol Mehran,5000.00
2159,52021,455,10/30/2024 00:00:00,Mehran Repair,5000.00
2160,64002,456,10/31/2024 00:00:00,House Use,15000.00
2161,610013,456,10/31/2024 00:00:00,Shappar + Tie + Dhagha + Cent,32000.00
2162,52021,456,10/31/2024 00:00:00,Wagon Repair,60000.00
2163,52011,456,10/31/2024 00:00:00,Salary Mehmood October,10000.00
2164,52062,456,10/31/2024 00:00:00,Raksha Kraya,2500.00
2165,52023,457,11/01/2024 00:00:00,Paid to Shokat Mistari,35000.00
2166,64002,457,11/01/2024 00:00:00,House use,40000.00
2167,52055,457,11/01/2024 00:00:00,Petrol wagon,5500.00
2168,610006,457,11/01/2024 00:00:00,Paid,60000.00
2169,547,458,11/02/2024 00:00:00,Shapar,10000.00
2170,610004,458,11/02/2024 00:00:00,Paid,140000.00
2171,516,458,11/02/2024 00:00:00,Salry Kashif Minhas,50000.00
2172,547,458,11/02/2024 00:00:00,,15000.00
2173,546,458,11/02/2024 00:00:00,Petrol Toba,10000.00
2175,52055,442,10/17/2024 00:00:00,Petrol wagon,3000.00
2176,620053,459,10/31/2024 00:00:00,Nill,193750.00
2177,52011,460,10/15/2024 00:00:00,September Salry Gulab /25000+Anees /23330+Yaseen/25000+Hilal /19200+Bilal/25000+ Zubair/ 5000  Zeeshan / 2500+ Zafar Khan Sab/ 100000+ Sabar/ 5000,230030.00
2178,52055,460,10/15/2024 00:00:00,Petrol Wagon,2500.00
2179,547,460,10/15/2024 00:00:00,Electricity Bill,304098.00
2180,64002,460,10/15/2024 00:00:00,Sahar Fee,11000.00
2181,610013,460,10/15/2024 00:00:00,Sat malathi 2500 Na Borate 4000 ARQ 22000,28500.00
2182,52023,460,10/15/2024 00:00:00,Paid to Mian Cement,100000.00
2183,64002,460,10/15/2024 00:00:00,House Use,10000.00
2184,64002,461,11/05/2024 00:00:00,House use,88000.00
2185,52062,461,11/05/2024 00:00:00,Bilty kharcha,2000.00
2186,52021,461,11/05/2024 00:00:00,Car repair,8000.00
2187,52011,461,11/05/2024 00:00:00,Arshad Pay October 25000 + Sadeeq A 7400,32400.00
2188,610004,461,11/05/2024 00:00:00,Paid,5000.00
2189,64002,462,11/06/2024 00:00:00,House use,12000.00
2190,610018,462,11/06/2024 00:00:00,Starch + na Chloride,20000.00
2191,21003,463,10/15/2024 00:00:00,Paid,100000.00
2192,21003,464,10/17/2024 00:00:00,paid,250000.00
2193,21003,465,11/06/2024 00:00:00,Paid,560000.00
2194,64002,466,11/04/2024 00:00:00,House use,20000.00
2195,610018,466,11/04/2024 00:00:00,Na Chloride,10000.00
2196,52055,466,11/04/2024 00:00:00,Petrol Wagon,7000.00
2197,543,466,11/04/2024 00:00:00,Chokar crush,23000.00
2198,21003,467,11/04/2024 00:00:00,Paid,2590000.00
2199,516,468,11/07/2024 00:00:00,Salary Kashif Minhas,100000.00
2200,12002,468,11/07/2024 00:00:00,Paid,30000.00
2201,610004,468,11/07/2024 00:00:00,Paid,10000.00
2202,52055,468,11/07/2024 00:00:00,Petrol wagon,5000.00
2203,64002,468,11/07/2024 00:00:00,Housr use,10000.00
2204,543,468,11/07/2024 00:00:00,Chokar crush,15000.00
2205,546,469,11/08/2024 00:00:00,Hour Islamabad Petrol,15000.00
2206,610018,470,11/09/2024 00:00:00,Shapar 1Kg + Tie ,25000.00
2207,52011,470,11/09/2024 00:00:00,Salry mehmood October,10000.00
2208,52062,470,11/09/2024 00:00:00,Bilty kharcha,7200.00
2209,64002,471,11/10/2024 00:00:00,House use,15000.00
2210,12003,472,11/11/2024 00:00:00,"Paid to Ishaq  For M,G Car",1500000.00
2211,64002,472,11/11/2024 00:00:00,Saher Fee + House use,19100.00
2212,52002,472,11/11/2024 00:00:00,Paid,100000.00
2213,52011,472,11/11/2024 00:00:00,Salry Zafar Khan 100000  + Sabar 25000,125000.00
2214,610005,472,11/11/2024 00:00:00,Paid,200000.00
2215,610016,472,11/11/2024 00:00:00,Paid,500000.00
2216,52055,472,11/11/2024 00:00:00,Petrol Wagon,5000.00
2217,52001,472,11/11/2024 00:00:00,Pathan Khana,40000.00
2218,610006,472,11/11/2024 00:00:00,Paid,100000.00
2219,547,472,11/11/2024 00:00:00,,15000.00
2220,610019,473,11/12/2024 00:00:00,Pet Bottle,75000.00
2221,516,474,11/13/2024 00:00:00,Salary Kashif Minhas,100000.00
2222,547,474,11/13/2024 00:00:00,Paid To Kashif Drap,10000.00
2223,610019,474,11/13/2024 00:00:00,Pet Bottle,73000.00
2224,610019,474,11/13/2024 00:00:00,Paid tu Hammad Bottle ,20000.00
2225,610019,474,11/13/2024 00:00:00,Shappar  + Tie + Dhagha,38750.00
2226,52055,474,11/13/2024 00:00:00,Petrol wagon,1500.00
2227,52011,474,11/13/2024 00:00:00,Arshad Salary October,15000.00
2229,52011,475,11/14/2024 00:00:00,Mehmood Salary October,15000.00
2230,52054,475,11/14/2024 00:00:00,Dinner Sarena,7000.00
2231,64002,475,11/14/2024 00:00:00,House  Use For Moter Pump,2800.00
2232,52055,475,11/14/2024 00:00:00,petrol Wagon,3000.00
2233,52055,476,11/15/2024 00:00:00,Petrol Wagon,3000.00
2234,12003,476,11/15/2024 00:00:00,Paid to Habib For M.G Car,300000.00
2235,64002,476,11/15/2024 00:00:00,Fee Roots,155000.00
2236,542,477,11/16/2024 00:00:00,Pathan Over Time,6000.00
2237,610018,477,11/16/2024 00:00:00,Na Chloride,4000.00
2238,52011,477,11/16/2024 00:00:00,Petrol Wagon,6000.00
2239,610004,477,11/16/2024 00:00:00,Paid,30000.00
2240,52011,477,11/16/2024 00:00:00,Pathan Salary,138500.00
2241,610018,478,11/17/2024 00:00:00,Paid to mehmood for salt,1000.00
2242,52021,479,11/18/2024 00:00:00,Car Caltus Repair,60000.00
2243,12003,479,11/18/2024 00:00:00,Paid to Habib For MG Car,1150000.00
2244,64002,479,11/18/2024 00:00:00,House Use,40000.00
2250,21003,480,11/19/2024 00:00:00,Paid to raja waheed,400000.00
2251,64002,480,11/19/2024 00:00:00,House Use,5000.00
2252,12001,480,11/19/2024 00:00:00,Paid,400000.00
2253,610019,480,11/19/2024 00:00:00,Paid to Hammad Bottle,100000.00
2254,52054,480,11/19/2024 00:00:00,Dinner,12000.00
2255,52055,480,11/19/2024 00:00:00,Petrol wagon,6000.00
2256,21004,481,11/19/2024 00:00:00,Paid,500000.00
2257,610018,482,11/20/2024 00:00:00,Na Chloride + Starch,24000.00
2258,52011,482,11/20/2024 00:00:00,Salary {October} Kashif sab/ 110000 + Mani/50000 + Abdul Rehman /30000,190000.00
2259,610018,482,11/20/2024 00:00:00,Wheat Bran,27000.00
2260,52055,482,11/20/2024 00:00:00,Petrol Wagon,4000.00
2261,64002,482,11/20/2024 00:00:00,House Use,10000.00
2262,610012,483,11/21/2024 00:00:00,paid,150000.00
2263,52055,483,11/21/2024 00:00:00,Petrol wagon,12000.00
2264,52054,483,11/21/2024 00:00:00,Habib Tour Crola Fuel,15000.00
2265,610012,484,11/22/2024 00:00:00,paid,150000.00
2266,542,485,11/23/2024 00:00:00,Pathan  OverTime,26000.00
2267,52011,485,11/23/2024 00:00:00,Mehmood salary October,15000.00
2268,52055,485,11/23/2024 00:00:00,Petrol Wagon,4000.00
2269,64002,485,11/23/2024 00:00:00,House Use,5000.00
2270,547,486,11/25/2024 00:00:00,jali,2600.00
2271,610019,486,11/25/2024 00:00:00,Shappar,3000.00
2272,52062,486,11/25/2024 00:00:00,Bilty Kharcha,2000.00
2273,52055,486,11/25/2024 00:00:00,petrol wagon,2400.00
2274,610016,486,11/25/2024 00:00:00,paid,300000.00
2275,64002,486,11/25/2024 00:00:00,House Use,15000.00
2276,52021,486,11/25/2024 00:00:00,Usman car Repair,25000.00
2277,610019,487,11/26/2024 00:00:00,Paid to Hamid Bottle,300000.00
2278,52055,487,11/26/2024 00:00:00,Petrol Wagon,6000.00
2279,610018,487,11/26/2024 00:00:00,Starsh + Salt,14000.00
2280,52021,488,11/27/2024 00:00:00,Wagon Wheel,23000.00
2281,12003,488,11/27/2024 00:00:00,Paid to Habib For Alto Car,350000.00
2282,64002,488,11/27/2024 00:00:00,House Use,5000.00
2283,610004,488,11/27/2024 00:00:00,paid For Bag DCP - Lic,45000.00
2284,52062,488,11/27/2024 00:00:00,Bilty kharcha,7200.00
2285,52055,488,11/27/2024 00:00:00,Petrol wagon,2800.00
2290,52011,489,11/29/2024 00:00:00,Arshad Salary October,30000.00
2291,12003,489,11/29/2024 00:00:00,Paid to Habib for Alto Car,300000.00
2292,12003,489,11/29/2024 00:00:00,Paid to Habib For M.G Car,370000.00
2293,12003,489,11/29/2024 00:00:00,From Hamza Sarghoda Wagnor Car,47500.00
2294,12003,490,11/30/2024 00:00:00,"Paid to Habib For M,G Car",130000.00
2295,610012,490,11/30/2024 00:00:00,Paid,500000.00
2296,610018,490,11/30/2024 00:00:00,Wheat Bran Purchase,4200.00
2297,52055,490,11/30/2024 00:00:00,Petrol Wagon,3000.00
2298,52021,491,12/01/2024 00:00:00,Wagon Repair,2000.00
2299,52055,491,12/01/2024 00:00:00,Petrol Wagon,1000.00
2300,610012,492,12/02/2024 00:00:00,Paid,300000.00
2301,64002,492,12/02/2024 00:00:00,Hafsa Fee + House Use,40000.00
2302,610018,492,12/02/2024 00:00:00,Na Chloride,8000.00
2303,52055,492,12/02/2024 00:00:00,Petrol Wagon + Petrol Car,12000.00
2304,52021,493,12/03/2024 00:00:00,Car Repair,10000.00
2305,12003,493,12/03/2024 00:00:00,Paid to Habib for Alto Car,250000.00
2306,52011,493,12/03/2024 00:00:00,Salary Kashif Minhas November,40000.00
2307,610018,493,12/03/2024 00:00:00,Starch,7000.00
2308,52055,493,12/03/2024 00:00:00,Petrol wagon,3000.00
2309,610019,493,12/03/2024 00:00:00,Shapar + Tie,10000.00
2315,52055,495,12/05/2024 00:00:00,Petrol Wagon,3000.00
2316,610004,495,12/05/2024 00:00:00,Paid,5000.00
2317,12003,495,12/05/2024 00:00:00,Alto Car + Saleem MG Car + Bhola Wagnor ,221000.00
2318,610012,496,12/06/2024 00:00:00,Paid,250000.00
2319,64002,496,12/06/2024 00:00:00,House Use,15000.00
2320,64002,497,12/07/2024 00:00:00,House Use,35000.00
2321,52011,497,12/07/2024 00:00:00,Salry Mehmood  30000+ Arshad  30000 November,60000.00
2322,547,497,12/07/2024 00:00:00,Jali Purchase,3000.00
2323,610018,498,12/08/2024 00:00:00,ARQ 11000 + Sodium Sulphate 15000,26000.00
2324,542,498,12/08/2024 00:00:00,Pathan Over Time,15000.00
2325,610012,499,12/09/2024 00:00:00,Paid,150000.00
2326,64002,499,12/09/2024 00:00:00,House use,15500.00
2327,52055,499,12/09/2024 00:00:00,Petrol,8500.00
2328,12003,500,12/10/2024 00:00:00,M.G Car Instalment,1500000.00
2329,52055,500,12/10/2024 00:00:00,Petrol Wagon,3000.00
2330,64002,500,12/10/2024 00:00:00,Car Lisanse,7500.00
2331,52011,500,12/10/2024 00:00:00,Kashif Minhas + 110000/ Gayas+ 80000/ Abdullah + 80000 / Asif+ 95000 / Zafar Khan+ 50000/ Pathan Salry November ,617000.00
2332,12002,500,12/10/2024 00:00:00,Paid,30000.00
2333,610004,500,12/10/2024 00:00:00,Paid,50000.00
2334,52055,501,12/11/2024 00:00:00,Petrol Wagon,5000.00
2335,21004,501,12/11/2024 00:00:00,Paid,1500000.00
2336,52002,502,12/12/2024 00:00:00,Paid,100000.00
2337,547,502,12/12/2024 00:00:00,Electricity Wire,25000.00
2338,64002,502,12/12/2024 00:00:00,House use,5000.00
2339,52054,502,12/12/2024 00:00:00,Dinner,10000.00
2340,52011,503,12/14/2024 00:00:00,Zafar khan Salry November,50000.00
2341,52055,503,12/14/2024 00:00:00,petrol Wagon,4000.00
2342,610019,503,12/14/2024 00:00:00,Shapar + Tie,12000.00
2343,610018,504,12/15/2024 00:00:00,ARQ 11000 + Gum+ Sodium Benzoate,17000.00
2344,64002,505,12/16/2024 00:00:00,House use,20000.00
2345,547,505,12/16/2024 00:00:00,Factory Saman,50000.00
2346,64002,506,12/17/2024 00:00:00,House Use,10000.00
2347,546,506,12/17/2024 00:00:00,car Petrol,10000.00
2348,64002,507,12/18/2024 00:00:00,Lohhar 6450 + Electricity Repair 14000,20450.00
2349,543,507,12/18/2024 00:00:00,Chokar Cush,14000.00
2350,547,507,12/18/2024 00:00:00,Sealer repair,2000.00
2351,610018,507,12/18/2024 00:00:00,Starch,7000.00
2352,52055,507,12/18/2024 00:00:00,Petrol Wagon,3000.00
2353,52021,507,12/18/2024 00:00:00,Usman Car Repair,100000.00
2354,52021,508,12/19/2024 00:00:00,Car Repair,50000.00
2355,52011,508,12/19/2024 00:00:00,Arshad Salery November,40000.00
2356,64002,508,12/19/2024 00:00:00,House Use,10000.00
2357,52011,509,12/20/2024 00:00:00,Mani 50000 / Abdulrehman  30000 / Mehmood 20000 November Salery ,100000.00
2358,610019,509,12/20/2024 00:00:00,Paid to Hadim Bottle,33000.00
2359,64002,509,12/20/2024 00:00:00,House Use,25000.00
2360,52011,494,12/04/2024 00:00:00,Salary Kashif Minhas November,100000.00
2361,52055,494,12/04/2024 00:00:00,Petrol wagon,6000.00
2362,610016,494,12/04/2024 00:00:00,Paid,200000.00
2363,64002,494,12/04/2024 00:00:00,House Use,4000.00
2364,610019,494,12/04/2024 00:00:00,Shapar,7000.00
2365,547,494,12/04/2024 00:00:00,kashif Sir ,30000.00
2366,610016,510,12/21/2024 00:00:00,Paid,200000.00
2367,64002,510,12/21/2024 00:00:00,House Use + Dairy,16800.00
2368,546,511,12/22/2024 00:00:00,Lahore Tour,5000.00
2369,547,511,12/22/2024 00:00:00,factory Saman,15000.00
2370,543,512,12/23/2024 00:00:00,Chokar Crush,20000.00
2371,52021,512,12/23/2024 00:00:00,Car Servious,10000.00
2372,12003,513,12/24/2024 00:00:00,Paid to Habib For Car,500000.00
2373,21004,513,12/24/2024 00:00:00,Paid to Rana Asad,500000.00
2374,610014,513,12/24/2024 00:00:00,Paid,1000000.00
2375,12001,513,12/24/2024 00:00:00,Paid,400000.00
2376,52011,513,12/24/2024 00:00:00,Kashif Sir Salery December,96000.00
2382,543,516,12/28/2024 00:00:00,Chokar Crush,12000.00
2383,610018,517,12/29/2024 00:00:00,Raw Material Purchase,10000.00
2384,52055,517,12/29/2024 00:00:00,Fuel,10000.00
2385,610018,518,12/30/2024 00:00:00,Ammouniom Chloride,3000.00
2386,610019,518,12/30/2024 00:00:00,Shapar + Tie,12000.00
2387,12003,518,12/30/2024 00:00:00,Sahfeeq Car Cultus,400000.00
2388,610018,515,12/27/2024 00:00:00,Wheat Bran,22000.00
2389,52055,515,12/27/2024 00:00:00,Petrol Wagon,6000.00
2390,52062,515,12/27/2024 00:00:00,Bilty Karcha,5000.00
2391,52006,515,12/27/2024 00:00:00,Paid,85000.00
2392,549,519,12/26/2024 00:00:00,Team Expenses,166492.00
2393,52055,519,12/26/2024 00:00:00,Petrol Wagon,3000.00
2394,542,519,12/26/2024 00:00:00,Pathan Over time,15000.00
2395,610018,519,12/26/2024 00:00:00,Starch + Salt,12000.00
2399,64002,521,01/02/2025 00:00:00,House Use,5000.00
2400,52054,521,01/02/2025 00:00:00,Dinner,5000.00
2401,610019,521,01/02/2025 00:00:00,Paid to Hamid Bottle,80000.00
2402,64002,522,01/03/2025 00:00:00,House Use,60000.00
2403,610019,522,01/03/2025 00:00:00,Paid to Hamid Bottle,300000.00
2404,610005,523,01/04/2025 00:00:00,Paid to Muneer,50000.00
2405,610004,523,01/04/2025 00:00:00,Paid to Waqas,40000.00
2410,518,525,01/06/2025 00:00:00,"Salery December Kashif Minhas[250,000)/ Abdullah (80,000 )/ Gayas (80,000) ",410000.00
2411,610016,525,01/06/2025 00:00:00,Paid,100000.00
2412,610004,525,01/06/2025 00:00:00,Paid,80000.00
2413,52055,525,01/06/2025 00:00:00,Petrol Wagon,8000.00
2414,64002,525,01/06/2025 00:00:00,House Use,30000.00
2415,517,525,01/06/2025 00:00:00,Kashif Malik Previous Salery,134000.00
2416,610005,525,01/06/2025 00:00:00,Paid,100000.00
2417,610016,526,01/07/2025 00:00:00,Paid,300000.00
2418,517,526,01/07/2025 00:00:00,Salery Zafar Khan Saab  December,100000.00
2419,52023,526,01/07/2025 00:00:00,Cement,40000.00
2420,610006,526,01/07/2025 00:00:00,Paid,150000.00
2421,52001,526,01/07/2025 00:00:00,Pathan Khana,100000.00
2422,64002,526,01/07/2025 00:00:00,House use,15000.00
2437,610018,529,01/11/2025 00:00:00,Starct + Salt,11000.00
2438,52055,529,01/11/2025 00:00:00,Petrol Wagon,3000.00
2439,517,529,01/11/2025 00:00:00,Salery Abdul Rehman December,30000.00
2440,64002,529,01/11/2025 00:00:00,House Use,50000.00
2441,610018,530,01/12/2025 00:00:00,ARAQ,21000.00
2442,52062,530,01/12/2025 00:00:00,Bilty Kharcha,3500.00
2443,52055,530,01/12/2025 00:00:00,Petrol wagon,3000.00
2455,610004,534,01/16/2025 00:00:00,Paid,180000.00
2456,610019,534,01/16/2025 00:00:00,Hamid Bottle,150000.00
2457,64002,534,01/16/2025 00:00:00,House Use,50000.00
2460,610019,536,01/18/2025 00:00:00,Shapar + Tie,18000.00
2461,52055,536,01/18/2025 00:00:00,Petrol Wagon,5000.00
2462,52055,537,01/19/2025 00:00:00,Petrol Car,10000.00
2463,64002,537,01/19/2025 00:00:00,House Use,15000.00
2477,12001,541,01/23/2025 00:00:00,Paid,401973.00
2478,610018,541,01/23/2025 00:00:00,ARAQ / Cent,18000.00
2479,610019,541,01/23/2025 00:00:00,Paid to Hamid bottle / liter Bottle,62000.00
2480,610004,541,01/23/2025 00:00:00,Paid,15000.00
2481,52062,541,01/23/2025 00:00:00,Raksha Kraya,4000.00
2482,64002,541,01/23/2025 00:00:00,Phone pkj,600.00
2483,52055,541,01/23/2025 00:00:00,petrol bike,400.00
2484,52055,542,01/24/2025 00:00:00,Petrol wagon,5500.00
2485,542,542,01/24/2025 00:00:00,Pathan OT,4000.00
2489,610018,544,01/26/2025 00:00:00,Sod Sulphate/31200  Aneseed Oil 9000  Salt  5500,45700.00
2490,52062,544,01/26/2025 00:00:00,Raksha Kraya,1500.00
2491,52055,544,01/26/2025 00:00:00,Petrol wagon,3000.00
2492,610019,544,01/26/2025 00:00:00,paid to hamid bottle,5000.00
2493,610006,545,01/27/2025 00:00:00,Paid,100000.00
2494,64002,545,01/27/2025 00:00:00,House use,10000.00
2520,64002,520,01/01/2025 00:00:00,House Use,2000.00
2521,517,520,01/01/2025 00:00:00,Pathan Salery,190000.00
2522,52055,520,01/01/2025 00:00:00,Wagon Oil Change,5000.00
2523,610018,524,01/05/2025 00:00:00,ARAQ,10000.00
2524,52062,524,01/05/2025 00:00:00,Bilty kharcha,7000.00
2525,52055,524,01/05/2025 00:00:00,Petrol Wagon,6000.00
2526,52023,524,01/05/2025 00:00:00,Jali Purchase,3000.00
2527,610004,527,01/09/2025 00:00:00,Paid,50000.00
2528,64002,527,01/09/2025 00:00:00,Hiuse Electricity Bill,73000.00
2529,610005,527,01/09/2025 00:00:00,Paid,50000.00
2530,610019,527,01/09/2025 00:00:00,Shapar + Tie,30000.00
2531,610018,527,01/09/2025 00:00:00,ARAQ,13000.00
2532,540,527,01/09/2025 00:00:00,Internet Bill,7000.00
2533,12003,528,01/10/2025 00:00:00,"Ishaq car+100,000 / Shafeeq Car MG + 1500000",1600000.00
2534,610019,528,01/10/2025 00:00:00,Paid to Hamid,55000.00
2535,12002,528,01/10/2025 00:00:00,Bike Instalment,30000.00
2536,52055,528,01/10/2025 00:00:00,Petrol Car,7800.00
2537,64002,528,01/10/2025 00:00:00,House Use,20000.00
2538,542,528,01/10/2025 00:00:00,Pathan OT,18000.00
2539,517,528,01/10/2025 00:00:00,Salery Arshad December,40000.00
2540,52002,528,01/10/2025 00:00:00,Kashif Drap ,10000.00
2546,610018,550,01/15/2025 00:00:00,Salt,10000.00
2547,610019,550,01/15/2025 00:00:00,Shapar * Bottle,30000.00
2548,610016,550,01/15/2025 00:00:00,Paid,50000.00
2549,12003,550,01/15/2025 00:00:00,Instalment Alto Car,60000.00
2550,52023,550,01/15/2025 00:00:00,Factory Kharch,20000.00
2551,64002,550,01/15/2025 00:00:00,House Use,15000.00
2554,12003,538,01/20/2025 00:00:00,Paidto Habib for AQUA Car / MG Car,1500000.00
2555,610019,538,01/20/2025 00:00:00,Hamid bottle,25000.00
2556,546,538,01/20/2025 00:00:00,Thiland Visa,32000.00
2557,21006,538,01/20/2025 00:00:00,paid loan,1000000.00
2558,52023,538,01/20/2025 00:00:00,Rent,1000.00
2559,64002,539,01/21/2025 00:00:00,House Use,20000.00
2560,52023,539,01/21/2025 00:00:00,Factory Saman,10000.00
2561,610018,540,01/22/2025 00:00:00,Starch,7400.00
2562,610019,540,01/22/2025 00:00:00,Shapar ,13600.00
2563,52055,540,01/22/2025 00:00:00,Petrol wagon,3000.00
2564,52002,540,01/22/2025 00:00:00,Paid to Kashif Drap,10000.00
2565,52055,543,01/25/2025 00:00:00,petrol wagon / Car,9000.00
2566,610018,543,01/25/2025 00:00:00,Starch,7500.00
2567,52023,543,01/25/2025 00:00:00,Jali Purchase,4000.00
2568,610018,546,01/28/2025 00:00:00,Cant1150  Starch7500 Sod Sulphate 7800  chokar 11750  salt7500  ,35700.00
2569,610019,546,01/28/2025 00:00:00,White packet,2200.00
2570,52055,546,01/28/2025 00:00:00,petrol wagon / Bike / Oil Change,4000.00
2571,546,546,01/28/2025 00:00:00,Petrol Car,10000.00
2572,64002,546,01/28/2025 00:00:00,house use / Hafsa Fee,40000.00
2573,517,547,01/29/2025 00:00:00,Mehmood salery January,25000.00
2574,610018,547,01/29/2025 00:00:00,ARAQ / Chokar Crush,29000.00
2575,546,547,01/29/2025 00:00:00,Fuel Gojar Khan,10000.00
2576,52055,547,01/29/2025 00:00:00,petrol wagon,3000.00
2577,620084,547,01/29/2025 00:00:00,Paid,10000.00
2582,52054,549,01/31/2025 00:00:00,Dinner Lahore,12000.00
2583,546,549,01/31/2025 00:00:00,Fuel Lahore,10000.00
2584,610019,549,01/31/2025 00:00:00,Paid,10000.00
2585,21006,549,01/31/2025 00:00:00,Paid to Rana Ashrif,4350000.00
2586,610016,535,01/17/2025 00:00:00,Paid,400000.00
2587,549,535,01/17/2025 00:00:00,Kashif Expense,105603.00
2588,64002,548,01/30/2025 00:00:00,House use,15000.00
2589,52055,548,01/30/2025 00:00:00,Petrol wagon,5000.00
2590,12003,548,01/30/2025 00:00:00,Shafeeq car cultus,300000.00
2591,549,548,01/30/2025 00:00:00,Gayas Exp,65575.00
2592,64002,531,01/13/2025 00:00:00,House Use,4000.00
2593,52023,531,01/13/2025 00:00:00,Shoqat Mistari,138000.00
2594,52002,531,01/13/2025 00:00:00,Paid,100000.00
2595,517,531,01/13/2025 00:00:00,Salery December Mehmood  Mani  Arshad,118000.00
2596,540,531,01/13/2025 00:00:00,Electricity Bill ,235000.00
2597,21006,531,01/13/2025 00:00:00,Maan Return,364000.00
2598,610018,551,02/01/2025 00:00:00,Chokar,11000.00
2599,52055,551,02/01/2025 00:00:00,Wagon petrol,5000.00
2600,610016,552,02/02/2025 00:00:00,Paid,150000.00
2601,52023,552,02/02/2025 00:00:00,FActory saman / Machine repair,43000.00
2602,52055,552,02/02/2025 00:00:00,Petrol wagon,5000.00
2603,52023,553,02/03/2025 00:00:00,tax / Electricity,14500.00
2604,52055,553,02/03/2025 00:00:00,Wagon repair/ petrol,13000.00
2605,518,553,02/03/2025 00:00:00,Kashif Minhas salery january,249000.00
2606,610018,553,02/03/2025 00:00:00,starch,7000.00
2607,64002,553,02/03/2025 00:00:00,House use / Gas bill,15000.00
2608,52023,554,02/04/2025 00:00:00,Stone purchase,100000.00
2609,610019,554,02/04/2025 00:00:00,Paid to Hamid Bottle,80000.00
2610,52054,554,02/04/2025 00:00:00,Dinner,8000.00
2611,52055,554,02/04/2025 00:00:00,Petrol wagon,5000.00
2612,517,555,02/05/2025 00:00:00,Salery Kashif/AbuBakar,200000.00
2613,610012,555,02/05/2025 00:00:00,Paid,470000.00
2614,52002,555,02/05/2025 00:00:00,Paid,100000.00
2615,52055,555,02/05/2025 00:00:00,Petrol wagon,5000.00
2616,610018,555,02/05/2025 00:00:00,Salt,10000.00
2617,610018,556,02/06/2025 00:00:00,Starch / Chokar,17500.00
2618,64002,556,02/06/2025 00:00:00,House use,5000.00
2619,610014,556,02/06/2025 00:00:00,Paid,1000000.00
2620,610004,556,02/06/2025 00:00:00,Paid,190000.00
2621,546,556,02/06/2025 00:00:00,Ticket Fee,330000.00
2622,517,557,02/07/2025 00:00:00,Mehmood,3000.00
2623,64002,557,02/07/2025 00:00:00,Electricity bill,45000.00
2624,52054,557,02/07/2025 00:00:00,Dinner,5000.00
2625,610018,557,02/07/2025 00:00:00,Chokar crush,3500.00
2626,546,558,02/08/2025 00:00:00,Petrol car,17000.00
2627,64002,558,02/08/2025 00:00:00,House use,6000.00
2628,610019,558,02/08/2025 00:00:00,Shapar,14000.00
2629,52062,558,02/08/2025 00:00:00,Bilty kharcha,6000.00
2630,542,558,02/08/2025 00:00:00,Paid,4000.00
2631,610018,559,02/09/2025 00:00:00,Starch / Salt,12000.00
2632,52055,559,02/09/2025 00:00:00,Petrol wagon,3000.00
2642,517,561,02/11/2025 00:00:00,Salery Pathan,147000.00
2643,52055,561,02/11/2025 00:00:00,Petrol wagon,3000.00
2644,610018,561,02/11/2025 00:00:00,Salt,8000.00
2645,12002,561,02/11/2025 00:00:00,PAid to waseem,60000.00
2646,52054,561,02/11/2025 00:00:00,Dinner,5000.00
2647,52055,562,02/13/2025 00:00:00,petrol wagon,5000.00
2648,610012,562,02/13/2025 00:00:00,Paid,450000.00
2649,546,562,02/13/2025 00:00:00,Petrol car,6000.00
2650,52001,562,02/13/2025 00:00:00,pathan dinner Bill,40400.00
2651,610019,562,02/13/2025 00:00:00,Paid,35000.00
2652,64002,562,02/13/2025 00:00:00,House Use,11500.00
2653,549,563,02/14/2025 00:00:00,Kashif Exp,182119.00
2654,610014,563,02/14/2025 00:00:00,Paid,500000.00
2655,64002,563,02/14/2025 00:00:00,House use,10000.00
2656,610019,563,02/14/2025 00:00:00,Paid,72000.00
2657,610019,564,02/15/2025 00:00:00,Shapar + Tie,20000.00
2658,64002,564,02/15/2025 00:00:00,House use,8000.00
2659,546,565,02/16/2025 00:00:00,Fuel,7000.00
2660,542,565,02/16/2025 00:00:00,Pathan O.T,8000.00
2661,52055,565,02/16/2025 00:00:00,Petrol wagon,2000.00
2662,610018,566,02/17/2025 00:00:00,Calcium carbonate,10000.00
2663,542,566,02/17/2025 00:00:00,Pathan OT,16900.00
2664,517,566,02/17/2025 00:00:00,Salery Pathan,209000.00
2665,52023,566,02/17/2025 00:00:00,Pathar Purchase,100000.00
2666,610018,567,02/18/2025 00:00:00,Formic Acid + Starch+ ARQ,242000.00
2667,610019,567,02/18/2025 00:00:00,Silver Bottle,65000.00
2668,52055,567,02/18/2025 00:00:00,petrol car / wagon,13000.00
2669,52023,567,02/18/2025 00:00:00,cement purchase,50000.00
2670,12003,568,02/19/2025 00:00:00,Alto Car Rent,67000.00
2671,64002,568,02/19/2025 00:00:00,House use,10000.00
2672,546,568,02/19/2025 00:00:00,Car Fuel,15000.00
2673,12003,569,02/20/2025 00:00:00,Paid to Habib for MG Car/Aqua Car,1500000.00
2674,64002,569,02/20/2025 00:00:00,House Use,11000.00
2675,610019,569,02/20/2025 00:00:00,Silver Bottle Purchase,100000.00
2676,610012,570,02/21/2025 00:00:00,Paid,500000.00
2677,610016,570,02/21/2025 00:00:00,Paid,200000.00
2678,610005,570,02/21/2025 00:00:00,Paid,200000.00
2679,12003,570,02/21/2025 00:00:00,Shafeeq car Okara,100000.00
2688,12003,571,02/22/2025 00:00:00,Shafeeq car ,500000.00
2689,610019,571,02/22/2025 00:00:00,paid to Hamid Bottle,135000.00
2690,610006,571,02/22/2025 00:00:00,Paid,100000.00
2691,610004,571,02/22/2025 00:00:00,Paid,100000.00
2692,52023,571,02/22/2025 00:00:00,Rathe / Pathar purchase,191000.00
2693,52054,571,02/22/2025 00:00:00,Dinner,3600.00
2694,546,571,02/22/2025 00:00:00,car Fuel,11000.00
2695,52023,571,02/22/2025 00:00:00,Wood Purchase,2000.00
2696,549,571,02/22/2025 00:00:00,Gayas Exp,58488.00
2697,64002,572,02/23/2025 00:00:00,House Use,48000.00
2698,610018,572,02/23/2025 00:00:00,Salt,12500.00
2699,52062,572,02/23/2025 00:00:00,Bilty Use,6000.00
2700,52023,572,02/23/2025 00:00:00,Wood Purchase / Cement,200000.00
2701,610019,572,02/23/2025 00:00:00,HAmid Bottle,62500.00
2702,12003,573,02/24/2025 00:00:00,Wagnar car,1078000.00
2703,64002,573,02/24/2025 00:00:00,house Use ,175000.00
2704,540,573,02/24/2025 00:00:00,Internet bill,3000.00
2705,52055,573,02/24/2025 00:00:00,Petrol wagon,3000.00
2706,52023,574,02/25/2025 00:00:00,Gas Calander,10000.00
2707,52055,574,02/25/2025 00:00:00,car Vipers ,1000.00
2708,12001,574,02/25/2025 00:00:00,Paid,400000.00
2709,52023,574,02/25/2025 00:00:00,Pathar purchase,100000.00
2710,610018,574,02/25/2025 00:00:00,Starch,15000.00
2711,610018,574,02/25/2025 00:00:00,Chokar Crush,25000.00
2712,546,575,02/26/2025 00:00:00,Petrol Car,18000.00
2720,610014,577,02/28/2025 00:00:00,Paid,1000000.00
2721,52054,577,02/28/2025 00:00:00,Dinner,5000.00
2729,518,578,02/04/2025 00:00:00,Salery Abdullah / Gayas,160000.00
2730,517,576,02/27/2025 00:00:00,Salery Mehmood,50000.00
2731,52062,576,02/27/2025 00:00:00,Bilty kharcha,5000.00
2732,12003,576,02/27/2025 00:00:00,MG Car / shafeeq car,2000000.00
2733,64002,576,02/27/2025 00:00:00,Root Fee,150000.00
2734,546,576,02/27/2025 00:00:00,Petrol Car,10000.00
2735,610004,576,02/27/2025 00:00:00,Paid,500000.00
2736,52023,576,02/27/2025 00:00:00,Furniture purchase,25000.00
2737,12003,560,02/10/2025 00:00:00,Paid to Ishaq MG Car / Rent,1850000.00
2738,610016,560,02/10/2025 00:00:00,Paid,150000.00
2739,610006,560,02/10/2025 00:00:00,Paid,100000.00
2740,546,560,02/10/2025 00:00:00,Amir Ticket,6500.00
2741,64002,560,02/10/2025 00:00:00,House use,30000.00
2742,52055,560,02/10/2025 00:00:00,Petrol agon,3000.00
2743,610018,560,02/10/2025 00:00:00,Kimchi RM / Salt,32500.00
2744,517,560,02/10/2025 00:00:00,Salery zafar khan saab / Arshad January,135000.00
2745,52023,560,02/10/2025 00:00:00,Paid,10000.00
2746,517,579,03/01/2025 00:00:00,Salery February Pathan 231000 / Abdul rehman 30000 / Mani 50000 /Zafar khan 100000 / Abubakar 90000 / Kashif 110000/ Arshad 75000,686000.00
2747,52001,579,03/01/2025 00:00:00,Pathan Khana,15000.00
2748,64002,579,03/01/2025 00:00:00,House use,39000.00
2749,21006,579,03/01/2025 00:00:00,Loan Return to Rana Ashrif,2150000.00
2750,13001,579,03/01/2025 00:00:00,Crusher Machine Purchase,105000.00
2751,52055,579,03/01/2025 00:00:00,Wagon Mantinance /  Petrol / Car Repair,40000.00
2752,52054,579,03/01/2025 00:00:00,Dinner,16000.00
2753,52054,580,03/02/2025 00:00:00,Dinner with Kashif,10000.00
2754,52062,580,03/02/2025 00:00:00,Bilty Expense,14000.00
2755,52055,580,03/02/2025 00:00:00,Petrol wagon,6000.00
2757,52062,582,03/04/2025 00:00:00,Bilty Expense,7000.00
2758,12002,582,03/04/2025 00:00:00,Instalment or moter bike,52000.00
2759,52054,582,03/04/2025 00:00:00,Dinner,9500.00
2760,610019,583,03/05/2025 00:00:00,Paid to Hammd Bottle,350000.00
2761,546,583,03/05/2025 00:00:00,Petrol Car,8000.00
2762,610018,583,03/05/2025 00:00:00,Salt,10000.00
2763,52023,583,03/05/2025 00:00:00,Pathar / Cement purchase,183000.00
2764,52062,583,03/05/2025 00:00:00,Bilty expense,15500.00
2765,540,584,03/06/2025 00:00:00,Internet Bill,12000.00
2766,610019,584,03/06/2025 00:00:00,Shapar purchase,15000.00
2767,610018,584,03/06/2025 00:00:00,Raw Material,33000.00
2768,546,584,03/06/2025 00:00:00,Petrol Car,8000.00
2769,52001,584,03/06/2025 00:00:00,Factory Khana,20000.00
2770,64002,584,03/06/2025 00:00:00,House use,5000.00
2771,52062,584,03/06/2025 00:00:00,Bilty Expense,8000.00
2772,610016,584,03/06/2025 00:00:00,Paid,30000.00
2773,518,585,03/07/2025 00:00:00,Salery February Kashif Minhas  250000/ Gayas 80000 / Abdullah 80000/NoorAzeem 50000,460000.00
2774,542,585,03/07/2025 00:00:00,Pathan Over Time,20000.00
2775,610004,585,03/07/2025 00:00:00,Paid,100000.00
2776,542,586,03/08/2025 00:00:00,Pathan Over Time,8000.00
2777,52062,586,03/08/2025 00:00:00,Bilty Expense,16750.00
2778,64002,586,03/08/2025 00:00:00,House use,25000.00
2779,610019,586,03/08/2025 00:00:00,Shapar / White bags Purchase,18700.00
2780,52023,586,03/08/2025 00:00:00,Factory White Bord / Water Tank,18100.00
2781,610018,586,03/08/2025 00:00:00,Raw Material / Molasses  Purchase,15150.00
2782,540,586,03/08/2025 00:00:00,Internet Bill,11500.00
2783,52055,586,03/08/2025 00:00:00,Petrol wagon,3000.00
2784,546,586,03/08/2025 00:00:00,Thailand Currency Purchase,200000.00
2785,12002,586,03/08/2025 00:00:00,Bike Purchase,234900.00
2786,52023,587,03/09/2025 00:00:00,Ameen Lakri,100000.00
2787,13001,587,03/09/2025 00:00:00,Amman Machine,350000.00
2788,610018,587,03/09/2025 00:00:00,Raw Material Purchase,57500.00
2789,52055,587,03/09/2025 00:00:00,Petrol wagon,3000.00
2790,52032,587,03/09/2025 00:00:00,Factory urniture purchase,224000.00
2791,52002,587,03/09/2025 00:00:00,Paid,100000.00
2792,52054,588,03/10/2025 00:00:00,Dinner,11000.00
2793,12003,588,03/10/2025 00:00:00,EQA Car 600000/ Habib Car Alto 500000,1100000.00
2794,52023,588,03/10/2025 00:00:00,Dispanser purchase / Nasir Building,318000.00
2795,546,588,03/10/2025 00:00:00,M.TAG 5000 / FUEL 8000,13000.00
2796,610006,588,03/10/2025 00:00:00,paid,100000.00
2797,610016,588,03/10/2025 00:00:00,paid,350000.00
2798,12003,588,03/10/2025 00:00:00,Shafeeq Car Alto 200000 / CAr Alto Instalment 67000,267000.00
2799,610004,588,03/10/2025 00:00:00,paid,400000.00
2800,610018,589,03/11/2025 00:00:00,Salt,10000.00
2801,546,589,03/11/2025 00:00:00,Fuel car,12500.00
2802,52023,589,03/11/2025 00:00:00,Chaki Frame,12000.00
2803,52001,589,03/11/2025 00:00:00,Pathan khana / kashif khana 25000,115000.00
2804,64002,589,03/11/2025 00:00:00,House use,25000.00
2805,52023,590,03/15/2025 00:00:00,Electricity maintenance 10000 / Factory colour 23000,33000.00
2806,546,590,03/15/2025 00:00:00,Fuel car,5000.00
2807,610018,590,03/15/2025 00:00:00,Starch,7500.00
2808,610019,590,03/15/2025 00:00:00,Shapar,32500.00
2809,52055,590,03/15/2025 00:00:00,Petrol wagon,3000.00
2810,542,591,03/16/2025 00:00:00,Pathan OT,48000.00
2811,52023,591,03/16/2025 00:00:00,Ameen Lakri 25000/ Factory Saman,37150.00
2812,546,591,03/16/2025 00:00:00,Fuel Car,8000.00
2816,610019,593,03/18/2025 00:00:00,Paid to Hammid Bottle,508000.00
2817,52023,593,03/18/2025 00:00:00,Factory Saman 37000 / Tax 10000,47000.00
2818,610004,593,03/18/2025 00:00:00,Paid,365000.00
2819,64002,593,03/18/2025 00:00:00,House use,10000.00
2820,52023,594,03/17/2025 00:00:00,Pathar 150000 / Cement 100000,250000.00
2821,610006,594,03/17/2025 00:00:00,Paid,100000.00
2822,13001,594,03/17/2025 00:00:00,Machine purchase,18000.00
2823,52023,594,03/17/2025 00:00:00,Factory Elecrticity / Factory use,80000.00
2831,542,596,03/19/2025 00:00:00,Pathan oT,20000.00
2832,546,596,03/19/2025 00:00:00,Fuel Car,15000.00
2833,64002,596,03/19/2025 00:00:00,House use,30000.00
2834,52023,596,03/19/2025 00:00:00,Ameen lakri 25000/ photo 5000,30000.00
2835,610019,596,03/19/2025 00:00:00,shapar purchase,15000.00
2836,610018,597,03/20/2025 00:00:00,ARQ,61000.00
2837,52023,597,03/20/2025 00:00:00,Factory kharcha,25000.00
2838,610019,597,03/20/2025 00:00:00,hammid bottle,50000.00
2839,52062,597,03/20/2025 00:00:00,bilty kharcha,17500.00
2840,542,597,03/20/2025 00:00:00,Over time,15000.00
2841,52055,597,03/20/2025 00:00:00,Petrol car,10000.00
2842,52001,597,03/20/2025 00:00:00,Factory khana,5000.00
2843,64002,598,03/21/2025 00:00:00,House use,1000000.00
2844,610012,598,03/21/2025 00:00:00,Paid,500000.00
2845,12003,598,03/21/2025 00:00:00,Shafeeq car,650000.00
2846,52055,598,03/21/2025 00:00:00,Petrol car,5000.00
2847,52062,598,03/21/2025 00:00:00,Bilty kharcha,8500.00
2848,542,598,03/21/2025 00:00:00,Pathan over time,8000.00
2849,610019,598,03/21/2025 00:00:00,Hamid bottle,75000.00
2850,52054,599,03/22/2025 00:00:00,Dinner,30000.00
2851,52001,599,03/22/2025 00:00:00,Iftari,40000.00
2852,64002,599,03/22/2025 00:00:00,House use,135000.00
2853,13001,599,03/22/2025 00:00:00,Ahsaan Machine,350000.00
2854,52023,600,03/23/2025 00:00:00,Pathan Tickets 14700 / Factory Saman,39700.00
2855,517,601,03/24/2025 00:00:00,Pathan salery,300000.00
2856,13001,601,03/24/2025 00:00:00,Ahsaan machine,250000.00
2857,610019,601,03/24/2025 00:00:00,Paid ,50000.00
2858,64002,601,03/24/2025 00:00:00,House use,60000.00
2859,52023,601,03/24/2025 00:00:00,Factory tex,156363.00
2860,52055,602,03/25/2025 00:00:00,Petrol wagon,3000.00
2861,610019,602,03/25/2025 00:00:00,shapar ,11000.00
2862,542,602,03/25/2025 00:00:00,Pathan ot,15000.00
2863,52023,602,03/25/2025 00:00:00,Ameen Lakri,25000.00
2864,610018,602,03/25/2025 00:00:00,Formic Acid,235600.00
2865,12001,602,03/25/2025 00:00:00,Paid,403000.00
2866,518,602,03/25/2025 00:00:00,Kashif minhas Salery,250000.00
2867,549,602,03/25/2025 00:00:00,Expenses,112024.00
2868,517,602,03/25/2025 00:00:00,Salery March Mehmood 50000 / Arshad 75000,125000.00
2869,610005,602,03/25/2025 00:00:00,Paid,250000.00
2870,12003,603,03/26/2025 00:00:00,Shafeeq Car,100000.00
2871,517,603,03/26/2025 00:00:00,Salery March Abdbakar 90000 / Kashif Saab 110000/Zafar Khan 150000 / Mani 50000/ Abdulrehman 30000,430000.00
2872,610016,603,03/26/2025 00:00:00,Paid,500000.00
2873,610019,603,03/26/2025 00:00:00,Hammid Bottle,17500.00
2874,610004,603,03/26/2025 00:00:00,Paid,200000.00
2875,518,603,03/26/2025 00:00:00,Abdullah 80000 / Noor 50000 / Gayas 80000,210000.00
2876,549,603,03/26/2025 00:00:00,Expense Gayas,47000.00
2877,21006,603,03/26/2025 00:00:00,Paid to Rana Anwar,200000.00
2878,52001,603,03/26/2025 00:00:00,Khana Factory,23000.00
2879,52023,603,03/26/2025 00:00:00,Zulfiqar lohar,6000.00
2880,64002,603,03/26/2025 00:00:00,House use,31000.00
2886,64002,605,03/28/2025 00:00:00,House use,50000.00
2887,610019,605,03/28/2025 00:00:00,Shapar,13000.00
2888,52023,605,03/28/2025 00:00:00,Factory Electricity,15000.00
2889,610018,605,03/28/2025 00:00:00,Salt,5000.00
2890,542,605,03/28/2025 00:00:00,Over time,15000.00
2891,52062,606,03/29/2025 00:00:00,Nadeem Supply,50000.00
2892,64002,607,03/30/2025 00:00:00,House Use,100000.00
2893,64002,608,03/31/2025 00:00:00,House Use Eid,170000.00
2894,520902,609,04/02/2025 00:00:00,Dinner,8000.00
2895,12003,610,04/04/2025 00:00:00,Paid to Shafeeq Car,50000.00
2896,12002,611,04/05/2025 00:00:00,Paid to Waseem for bike,21000.00
2897,52055,611,04/05/2025 00:00:00,Petrol car,2000.00
2898,52023,611,04/05/2025 00:00:00,Labour Bas Rent,15000.00
2899,52001,611,04/05/2025 00:00:00,Factory Khana,3000.00
2900,610016,612,04/06/2025 00:00:00,Paid,32000.00
2901,542,612,04/06/2025 00:00:00,Over Time,10000.00
2902,610019,613,04/07/2025 00:00:00,Bottle Litter simple,18720.00
2903,610018,613,04/07/2025 00:00:00,Ammonium Chloride /2800 Sod-Sulphate 12000,14800.00
2904,52001,613,04/07/2025 00:00:00,Factory khana,10000.00
2905,610018,614,04/08/2025 00:00:00,Starch 7500 Salt 12500,20000.00
2906,610004,614,04/08/2025 00:00:00,Paid,15000.00
2907,12003,614,04/08/2025 00:00:00,Can instalment Laiyah,67000.00
2908,52055,614,04/08/2025 00:00:00,Car repair,10000.00
2909,64002,614,04/08/2025 00:00:00,House use + Mobile repair 2000,19500.00
2910,52001,614,04/08/2025 00:00:00,Factory khana,20000.00
2911,610019,615,04/09/2025 00:00:00,Paid to Hammid Bottle,85000.00
2912,610018,615,04/09/2025 00:00:00,Kimchi Ectract 22350 + Orange Cent 1150 + Sodium Sulphate 23500,47000.00
2913,52023,615,04/09/2025 00:00:00,Factory Saman,13000.00
2914,542,615,04/09/2025 00:00:00,Voer Time,6000.00
2915,52054,615,04/09/2025 00:00:00,Dinner,8000.00
2916,540,615,04/09/2025 00:00:00,Internet Bill,5000.00
2917,52055,615,04/09/2025 00:00:00,Petrol Car,1000.00
2918,546,616,04/10/2025 00:00:00,Car petrol,8300.00
2919,52062,616,04/10/2025 00:00:00,Bilty kharcha,4000.00
2920,52055,616,04/10/2025 00:00:00,Petrol car,2000.00
2921,12002,616,04/10/2025 00:00:00,Instalment of moter bike,31000.00
2922,64002,616,04/10/2025 00:00:00,House use,12000.00
2923,610019,617,04/11/2025 00:00:00,Mansoor Tin Bottle,525000.00
2924,52062,617,04/11/2025 00:00:00,Bilty kharcha,18000.00
2925,12003,617,04/11/2025 00:00:00,shafeeq car,1500000.00
2926,610006,617,04/11/2025 00:00:00,Paid,100000.00
2927,52002,617,04/11/2025 00:00:00,Paid,100000.00
2928,52054,617,04/11/2025 00:00:00,Dinner,17600.00
2929,610018,617,04/11/2025 00:00:00,Starch 7500 + Salt 7500,15000.00
2930,64002,617,04/11/2025 00:00:00,house use,42000.00
2931,546,617,04/11/2025 00:00:00,Car Fuel,8500.00
2932,610004,618,04/12/2025 00:00:00,Paid,40000.00
2933,52055,618,04/12/2025 00:00:00,Bike repaire,5000.00
2934,52054,618,04/12/2025 00:00:00,Dinner,11000.00
2935,52062,619,04/13/2025 00:00:00,Tank Kraya,6500.00
2936,13001,619,04/13/2025 00:00:00,Paid to Ehsaan Machine,500000.00
2937,52023,619,04/13/2025 00:00:00,Factory kharcha,2500.00
2938,52055,619,04/13/2025 00:00:00,Petrol car,1000.00
2944,21006,621,04/15/2025 00:00:00,Paid to Rana Anwar,700000.00
2945,610012,621,04/15/2025 00:00:00,Paid,500000.00
2946,610016,621,04/15/2025 00:00:00,Paid,400000.00
2947,52055,621,04/15/2025 00:00:00,Petrol car,3000.00
2948,64002,621,04/15/2025 00:00:00,House use,50000.00
2952,12003,623,04/17/2025 00:00:00,Habib Car 250000 / Shafeeq Car / 250000,500000.00
2953,52055,623,04/17/2025 00:00:00,Petrol Car,2000.00
2954,610018,623,04/17/2025 00:00:00,Salt,18000.00
2955,610014,624,04/18/2025 00:00:00,Paid,1000000.00
2956,610019,624,04/18/2025 00:00:00,Shapar Purchase,25000.00
2957,64002,624,04/18/2025 00:00:00,House use,175000.00
2958,64002,622,04/16/2025 00:00:00,House use Hafsa Fee,25000.00
2959,52001,622,04/16/2025 00:00:00,Factory Rashan,25000.00
2960,546,622,04/16/2025 00:00:00,Lahore Expense,20000.00
2961,610018,625,04/19/2025 00:00:00,Molasses 15400/ Sod-Sulphate 23000/ Soyabeen 164500/ Chokar 89500 Mazdori 1000/ Supply Expense  600/ Petrol 3000/,297000.00
2962,12003,625,04/19/2025 00:00:00,Paid to Habib for Car,1000000.00
2963,52055,625,04/19/2025 00:00:00,Car Oil 10000 / Car Petrol 2000,12000.00
2964,610004,625,04/19/2025 00:00:00,Paid to Waqas,1500000.00
2966,546,626,04/20/2025 00:00:00,Petrol Multan,10000.00
2967,52023,626,04/20/2025 00:00:00,Factory Kharcha,45000.00
2968,610019,627,04/21/2025 00:00:00,Hammid Bottle/103750 Umar Bottle 50000 Teen Yeast Iqra traders 625000,778750.00
2969,64002,627,04/21/2025 00:00:00,House use,18000.00
2970,12003,627,04/21/2025 00:00:00,Paid to Shafeeq Car,650000.00
2971,52054,627,04/21/2025 00:00:00,Dinner,11000.00
2972,610019,628,04/22/2025 00:00:00,Shapar 1KG,50000.00
2973,610019,628,04/22/2025 00:00:00,Hammid Bottle ,135000.00
2974,64002,628,04/22/2025 00:00:00,House use,37700.00
2975,546,628,04/22/2025 00:00:00,Petrol Car,8000.00
2976,610019,629,04/23/2025 00:00:00,umar Bottle Pet,156500.00
2977,52023,629,04/23/2025 00:00:00,Water cooler,40000.00
2978,610018,629,04/23/2025 00:00:00,na chloride + Kichi Extract + Starch ,70150.00
2979,52062,629,04/23/2025 00:00:00,Bilty kharcha,2500.00
2980,610019,629,04/23/2025 00:00:00,Shapar + TIE/Dhaga,14250.00
2981,52055,629,04/23/2025 00:00:00,petrol wagon,3300.00
2982,52001,629,04/23/2025 00:00:00,Factory Khana,21430.00
2983,64002,629,04/23/2025 00:00:00,House use,5000.00
3001,12003,631,04/25/2025 00:00:00,paid to habib for Car,600000.00
3002,64002,631,04/25/2025 00:00:00,House Use,5000.00
3003,610018,632,04/26/2025 00:00:00,Menthol ,84000.00
3004,64002,632,04/26/2025 00:00:00,House use,15000.00
3005,546,633,04/27/2025 00:00:00,Tour RYK,20000.00
3006,610019,634,04/28/2025 00:00:00,Shapar,39000.00
3007,517,634,04/28/2025 00:00:00,Salery mehmood April,20000.00
3008,12003,634,04/28/2025 00:00:00,Ishaq car rent,250000.00
3009,64002,634,04/28/2025 00:00:00,house use,20000.00
3010,12003,635,04/29/2025 00:00:00,Shafeeq car 550000/ Habib Car 520000,1070000.00
3011,52023,635,04/29/2025 00:00:00,Factory Kharcha,100000.00
3021,64002,581,03/03/2025 00:00:00,House use saher Fee 11000 /House use 15000,26000.00
3022,52001,637,05/01/2025 00:00:00,Factory khana,20000.00
3023,64002,637,05/01/2025 00:00:00,A Block Fee,3000.00
3028,52055,639,05/03/2025 00:00:00,Petrol wagon,3000.00
3029,52001,639,05/03/2025 00:00:00,Factory Khana,21000.00
3030,518,639,05/03/2025 00:00:00,Ateeq Salery,106666.00
3031,12003,639,05/03/2025 00:00:00,Shafeeq Car ,1500000.00
3032,52062,639,05/03/2025 00:00:00,Bilty Kharcha,16000.00
3033,518,640,05/04/2025 00:00:00,Salery KotAdu,27500.00
3034,610006,640,05/04/2025 00:00:00,Paid,35000.00
3035,52055,640,05/04/2025 00:00:00,Petrol wagon,3000.00
3036,546,641,05/05/2025 00:00:00,Petrol Car,9000.00
3037,610006,641,05/05/2025 00:00:00,paid,185000.00
3038,64002,641,05/05/2025 00:00:00,House use,15000.00
3039,52023,641,05/05/2025 00:00:00,Factory Use,16000.00
3040,517,641,05/05/2025 00:00:00,Salery pathan ,30000.00
3041,52023,642,05/06/2025 00:00:00,Factory Kharcha,34000.00
3042,52055,642,05/06/2025 00:00:00,Petrol wagon,7000.00
3043,518,642,05/06/2025 00:00:00,Kashif Minhas Salery  April 250000 / Abdullah 80000 / Noor 50000  ,380000.00
3044,52062,642,05/06/2025 00:00:00,Bilty ,15000.00
3062,520905,643,05/07/2025 00:00:00,Sohaib Toba Tak,300000.00
3063,542,643,05/07/2025 00:00:00,"Pathan O,T",40000.00
3064,52055,643,05/07/2025 00:00:00,Petrol,4000.00
3065,12003,643,05/07/2025 00:00:00,Car DIB 60700 / Car instalment 67000 / Habib Car 200000,327700.00
3066,610018,643,05/07/2025 00:00:00,Raw Material Purchase,32000.00
3067,52002,643,05/07/2025 00:00:00,Drap Fee,10000.00
3068,64002,643,05/07/2025 00:00:00,House Use,20000.00
3069,52023,636,04/30/2025 00:00:00,Electricity 20000 / Factory gatar 7000 ,27000.00
3070,64002,636,04/30/2025 00:00:00,house use,30000.00
3071,52055,636,04/30/2025 00:00:00,Fuel car,2000.00
3072,520905,636,04/30/2025 00:00:00,Paid to Sohaib Toba Tak,200000.00
3073,64002,604,03/27/2025 00:00:00,House Use,68000.00
3074,12003,604,03/27/2025 00:00:00,Shafeeq Car Cultus 300000/ Habib Car 280000,580000.00
3075,52062,604,03/27/2025 00:00:00,Bilty kharcha,7000.00
3076,52055,604,03/27/2025 00:00:00,Petrol wagon,3000.00
3077,52007,604,03/27/2025 00:00:00,yeast purchase,84000.00
3078,610006,620,04/14/2025 00:00:00,Paid,100000.00
3079,52023,620,04/14/2025 00:00:00,Factory kharcha,5000.00
3080,542,620,04/14/2025 00:00:00,OverTime,2500.00
3081,52055,620,04/14/2025 00:00:00,Petrol car,3000.00
3082,64002,620,04/14/2025 00:00:00,House Use,30000.00
3083,52007,620,04/14/2025 00:00:00,yeast purchase,84000.00
3084,12001,630,04/24/2025 00:00:00,paid,403000.00
3085,12003,630,04/24/2025 00:00:00,Car Transfer,93000.00
3086,546,630,04/24/2025 00:00:00,Car Fuel,6000.00
3087,64002,630,04/24/2025 00:00:00,House use,13000.00
3088,52023,630,04/24/2025 00:00:00,Factory Kharcha,100000.00
3089,52007,630,04/24/2025 00:00:00,yeast purchase,84000.00
3090,610018,638,05/02/2025 00:00:00,Tartrazen Colour 72000 / ARQ 33000,105000.00
3091,610012,638,05/02/2025 00:00:00,Paid,500000.00
3092,518,638,05/02/2025 00:00:00,Salery Anwar Shaquri ,300000.00
3093,52007,638,05/02/2025 00:00:00,yeast purchase,84000.00
3094,12003,644,05/08/2025 00:00:00,CH Ijaz car,2000000.00
3095,610019,644,05/08/2025 00:00:00,Shapar,20000.00
3096,546,644,05/08/2025 00:00:00,Petrol car,5000.00
3097,64002,644,05/08/2025 00:00:00,House Bill,70000.00
3098,517,645,05/09/2025 00:00:00,Kashif QC 120000 / Pathan Salery 268000 / Zafar Khan Saab 150000 / Arshad 80000 / Abdul rehman  30000 / Mehmood 10000,658000.00
3099,52001,645,05/09/2025 00:00:00,Milk 4000 / sabzi 17000 khana saman 30000,51000.00
3100,64002,645,05/09/2025 00:00:00,house use 60000 / Saher Fee 10000,70000.00
3101,12002,645,05/09/2025 00:00:00,paid,52000.00
3102,610004,645,05/09/2025 00:00:00,paid,80000.00
3103,517,646,05/10/2025 00:00:00,salery mani April 50000 / Abubakar 100000,150000.00
3104,52002,646,05/10/2025 00:00:00,Zeeshan DI,100000.00
3105,64002,646,05/10/2025 00:00:00,House Use,30000.00
3106,610016,646,05/10/2025 00:00:00,Paid,800000.00
3107,610018,646,05/10/2025 00:00:00,Echaar purchase,22000.00
3108,52055,646,05/10/2025 00:00:00,petrol Wagon,3000.00
3109,610005,646,05/10/2025 00:00:00,Paid,200000.00
3110,52062,646,05/10/2025 00:00:00,Bilty ,12000.00
3111,52054,646,05/10/2025 00:00:00,Dinner,5500.00
3112,540,647,05/11/2025 00:00:00,Factory Electricity Bill,313300.00
3113,610018,647,05/11/2025 00:00:00,Raw Material Purchase,20000.00
3114,545,647,05/11/2025 00:00:00,Zafar Khan Saab Ticket,8500.00
3115,64002,647,05/11/2025 00:00:00,House Use,10000.00
3116,12003,648,05/12/2025 00:00:00,ishaq Car 500000 / Shafeeq Car 1000000 ,1500000.00
3117,610018,648,05/12/2025 00:00:00,Aneseed Oil 18000 /Sod-sulphate 24000 / Sod Bicarbonate 6500 / calcium sulphate 1500,50000.00
3118,610019,648,05/12/2025 00:00:00,Bottle Litter Round,14500.00
3119,545,649,05/13/2025 00:00:00,Zafar Khan Saab ticket,10000.00
3120,52055,649,05/13/2025 00:00:00,petrol wagon,3000.00
3121,610018,649,05/13/2025 00:00:00,Calcium sulphate,8000.00
3122,610019,649,05/13/2025 00:00:00,paid to hamad Bottle ,97500.00
3123,549,649,05/13/2025 00:00:00,Shaquri saab Exp 143637 / Kotadu Exp 34400 / Haroon Exp  154750,332787.00
3124,610018,649,05/13/2025 00:00:00,ARAQ,22000.00
3125,12003,649,05/13/2025 00:00:00,Usman Car Rent,89000.00
3126,64002,649,05/13/2025 00:00:00,House use,3500.00
3127,546,650,05/14/2025 00:00:00,Petrol car 18000/ M.Tag 5000,23000.00
3128,64002,650,05/14/2025 00:00:00,House use,6000.00
3129,52023,650,05/14/2025 00:00:00,Factory kharcha 10000 / factory Lakri,20000.00
3130,610019,650,05/14/2025 00:00:00,Bottle purchase,5000.00
3132,610018,651,05/15/2025 00:00:00,Starch 7500 Raw materisal 3000,10500.00
3133,52055,651,05/15/2025 00:00:00,Petrol wagon,6000.00
3134,610004,651,05/15/2025 00:00:00,Paid,100000.00
3135,12003,652,05/16/2025 00:00:00,Paid to Habib,500000.00
3136,610019,652,05/16/2025 00:00:00,silver Bottle 340000 / Shapar 14000,354000.00
3137,64002,652,05/16/2025 00:00:00,House Use,15000.00
3138,610018,653,05/17/2025 00:00:00,Kimchi Extract,22000.00
3139,52054,653,05/17/2025 00:00:00,Dinner,15000.00
3140,546,653,05/17/2025 00:00:00,Petrol Car,15000.00
3141,52055,654,05/18/2025 00:00:00,Petrol wagon,4000.00
3142,64002,654,05/18/2025 00:00:00,house Use,10000.00
3143,610014,655,05/19/2025 00:00:00,Paid,900000.00
3144,52023,655,05/19/2025 00:00:00,Sealer repair 1500 /  Flour Cleaner 3000,4500.00
3145,610018,655,05/19/2025 00:00:00,Sod- sulphate 48000 / camphor 17500,65500.00
3146,52055,655,05/19/2025 00:00:00,petrol wegon 3000 / petrol Bike 400,3400.00
3147,52062,655,05/19/2025 00:00:00,Bilty 1000 / Raksha Kraya 600,1600.00
3152,52002,656,05/20/2025 00:00:00,Drap,12500.00
3153,52055,656,05/20/2025 00:00:00,wagon Tire ,24000.00
3154,12003,656,05/20/2025 00:00:00,CH Ijaz saab Car 300000 / Ishaq Car 455000 / habib Car 350000 / Shafeeq Car 500000,1605000.00
3155,549,656,05/20/2025 00:00:00,Kashif EXP,105000.00
3156,620070,656,05/20/2025 00:00:00,issue to Zeeshan,68500.00
3157,64002,657,05/21/2025 00:00:00,House Use Ac 85000 House use 25000,110000.00
3158,52002,657,05/21/2025 00:00:00,File Register Fee Drap ,400000.00
3159,610018,657,05/21/2025 00:00:00,Formic Acid,235600.00
3160,610019,657,05/21/2025 00:00:00,Bottle litter,47500.00
3161,517,657,05/21/2025 00:00:00,Mehmood salery Advance,50000.00
3162,12003,657,05/21/2025 00:00:00,Habib car ,500000.00
3163,12003,658,05/22/2025 00:00:00,Paid to Habib For  Car,450000.00
3164,64002,658,05/22/2025 00:00:00,Mobile Phone 13000 / House Use 35000,48000.00
3165,12003,659,05/23/2025 00:00:00,Shafeeq Car ,500000.00
3166,610018,659,05/23/2025 00:00:00,Salt purchase,5000.00
3167,610019,660,05/24/2025 00:00:00,Bottle Litter Round 63750 / Can Large 1200 / Shapar 12500 /Dhaga+Tie1720  / Cent 2200  / R.M 12000,93370.00
3168,610018,660,05/24/2025 00:00:00,CSL 5000 / Microgest Extract 3600 ,8600.00
3169,52023,660,05/24/2025 00:00:00,Machine Jali Purchase,1300.00
3170,52062,660,05/24/2025 00:00:00,Bilty Kharcha 42000 / Tool tax 100,42100.00
3171,64002,660,05/24/2025 00:00:00,House use,20000.00
3172,546,660,05/24/2025 00:00:00,Petrol car,8000.00
3173,52055,660,05/24/2025 00:00:00,Petrol wagon,4000.00
3174,52001,661,05/25/2025 00:00:00,Factory khana,30000.00
3175,52055,661,05/25/2025 00:00:00,Petrol wagon,3000.00
3176,52023,661,05/25/2025 00:00:00,factory electration Bill,10000.00
3177,12003,662,05/26/2025 00:00:00,Shafeeq Car,1000000.00
3178,610018,662,05/26/2025 00:00:00,"Ca-sulphate 24000 / Sod-Bicarbonate 25600 / Kimchi Extract 28150 R,M 20000",97750.00
3179,64002,662,05/26/2025 00:00:00,House Use 40000 / Mobile Pkj 400,40400.00
3180,52062,662,05/26/2025 00:00:00,Rent Mazdoor,300.00
3181,52055,662,05/26/2025 00:00:00,petrol wagon,3400.00
3182,610019,662,05/26/2025 00:00:00,25 Litter Can Purchase,108000.00
3183,52023,662,05/26/2025 00:00:00,Factory Ac,150000.00
3184,610004,663,05/27/2025 00:00:00,Paid to waqas,300000.00
3185,610005,663,05/27/2025 00:00:00,Paid,250000.00
3186,52055,663,05/27/2025 00:00:00,petrol car,5000.00
3187,64002,663,05/27/2025 00:00:00,House use,20000.00
3188,610018,664,05/28/2025 00:00:00,Calcium Sulphate 6000 / Sod-Bicarbonate 6400 / Csl 4500,16900.00
3189,52055,664,05/28/2025 00:00:00,Bike Tyre 3000 / Petrol Car+Wagon 5600 ,8600.00
3190,64002,664,05/28/2025 00:00:00,House ues Furtitune,30000.00
3191,610019,664,05/28/2025 00:00:00,Shapar ,12500.00
3192,12001,665,05/29/2025 00:00:00,Paid,400000.00
3193,52054,666,05/30/2025 00:00:00,Sarena Meeting 50000 / Dinner 15000 ,65000.00
3194,610018,666,05/30/2025 00:00:00,Starch 7500 / Salt 1500,9000.00
3195,52055,666,05/30/2025 00:00:00,Petrol Car,2000.00
3196,542,666,05/30/2025 00:00:00,Pathan O.T,30000.00
3197,610018,667,05/31/2025 00:00:00,Arq,33000.00
3198,610016,667,05/31/2025 00:00:00,paid,200000.00
3199,546,667,05/31/2025 00:00:00,Tour Gojar Khan petrol,20000.00
3200,610019,667,05/31/2025 00:00:00,Bottle litter ,9000.00
3201,52055,667,05/31/2025 00:00:00,Petrol Wagon,3000.00
3202,517,667,05/31/2025 00:00:00,Salery Factory,210000.00
3203,518,667,05/31/2025 00:00:00,Field Staff Salery ,1920000.00
3204,52023,668,06/01/2025 00:00:00,Factory Kharcha,12500.00
3205,52055,668,06/01/2025 00:00:00,Petrol wagon,3000.00
3206,64002,668,06/01/2025 00:00:00,house use,25000.00
3207,610014,669,06/02/2025 00:00:00,Paid,1100000.00
3208,52023,669,06/02/2025 00:00:00,Factory Ac ,60000.00
3209,52002,669,06/02/2025 00:00:00,Drap File Fee,62000.00
3210,610012,669,06/02/2025 00:00:00,paid,1000000.00
3211,610016,669,06/02/2025 00:00:00,Paid,800000.00
3212,52054,669,06/02/2025 00:00:00,Dinner,5000.00
3213,52054,670,06/03/2025 00:00:00,Sareena Meeting Function,900000.00
3214,610004,670,06/03/2025 00:00:00,Paid to waqas,2000000.00
3215,64002,670,06/03/2025 00:00:00,House use,16000.00
3216,610019,670,06/03/2025 00:00:00,Can 25Litter purchase ,100000.00
3217,52055,670,06/03/2025 00:00:00,petrol wagon,3000.00
3218,517,670,06/03/2025 00:00:00,pathan salery May,445000.00
3219,542,670,06/03/2025 00:00:00,Pathan Overtime,55000.00
3220,52062,670,06/03/2025 00:00:00,Bilty kharcha arshad,13000.00
3221,518,670,06/03/2025 00:00:00,salery Nasir jamal 200000 / anwar Shaquri Multan 100000,300000.00
3222,12003,670,06/03/2025 00:00:00,Car Instalment,60700.00
3223,52062,671,06/04/2025 00:00:00,bilty Kharcha,6500.00
3224,64002,672,06/05/2025 00:00:00,House Use,394000.00
3225,610006,673,06/06/2025 00:00:00,paid,100000.00
3226,12002,673,06/06/2025 00:00:00,Bike Instalment,52000.00
3227,520905,673,06/06/2025 00:00:00,Paid to Sohaib Toba Encentive,200000.00
3228,52062,673,06/06/2025 00:00:00,Bilty Kharcha,30000.00
3229,64002,674,06/07/2025 00:00:00,House Use,5000.00
3230,64002,675,06/08/2025 00:00:00,House Use,50000.00
3231,64002,676,06/09/2025 00:00:00,House use,50000.00
3232,610018,677,06/10/2025 00:00:00,Kimchi Extract,30000.00
3233,64002,677,06/10/2025 00:00:00,House use,10000.00
3234,12003,678,06/11/2025 00:00:00,shafeeq Car,1900000.00
3235,610019,678,06/11/2025 00:00:00,Pet Bottle Amber,351500.00
3236,546,678,06/11/2025 00:00:00,lahore Tour fuel,20000.00
3237,52002,678,06/11/2025 00:00:00,Paid,100000.00
3238,64002,678,06/11/2025 00:00:00,House use,20000.00
3239,64002,679,06/12/2025 00:00:00,House use,31000.00
3240,12003,679,06/12/2025 00:00:00,Ishaq Car,700000.00
3241,546,679,06/12/2025 00:00:00,Petrol Okara,10000.00
3242,52055,679,06/12/2025 00:00:00,petrol wagon,3000.00
3243,64002,680,06/13/2025 00:00:00,house use,23000.00
3244,610018,680,06/13/2025 00:00:00,Salt,10000.00
3245,546,680,06/13/2025 00:00:00,Petrol Shakar,30000.00
3246,52055,680,06/13/2025 00:00:00,Wagnor car repair,30000.00
3247,610004,681,06/14/2025 00:00:00,Paid,1000000.00
3248,610019,681,06/14/2025 00:00:00,Shapar 20000 / Bucket 75000,95000.00
3249,64002,681,06/14/2025 00:00:00,house Use,20000.00
3250,610018,681,06/14/2025 00:00:00,Raw Material Purchase,60000.00
3251,52055,681,06/14/2025 00:00:00,Petrol wagon,5000.00
3252,546,681,06/14/2025 00:00:00,Petrol Car,10000.00
3253,52054,681,06/14/2025 00:00:00,Dinner,11000.00
3254,52062,681,06/14/2025 00:00:00,Bilty Kharcha,14000.00
3255,610018,682,06/15/2025 00:00:00,Kimchi Extract,23500.00
3256,52055,682,06/15/2025 00:00:00,Petrol wagon,5000.00
3257,64002,682,06/15/2025 00:00:00,House use,70000.00
3258,52001,683,06/16/2025 00:00:00,Factory khana,31000.00
3259,52023,683,06/16/2025 00:00:00,Lakri Purchase,10000.00
3260,52055,683,06/16/2025 00:00:00,Petrol wagon,5000.00
3261,52062,683,06/16/2025 00:00:00,Bilty kharcha,9000.00
3262,12003,683,06/16/2025 00:00:00,Paid to habib,90000.00
3263,546,683,06/16/2025 00:00:00,Petrol Car,16000.00
3264,52023,683,06/16/2025 00:00:00,Factory AC,50000.00
3265,64002,683,06/16/2025 00:00:00,House use,4000.00
3271,52062,684,06/17/2025 00:00:00,Bilty Kharcha,10000.00
3272,64002,684,06/17/2025 00:00:00,House Use,15000.00
3273,5209041,684,06/17/2025 00:00:00,Factory Bill,160818.00
3274,610018,684,06/17/2025 00:00:00,Raw material purchase,55500.00
3275,546,684,06/17/2025 00:00:00,Petrol car ,13500.00
3276,52055,684,06/17/2025 00:00:00,Petrol wagon,3000.00
3277,610018,684,06/17/2025 00:00:00,Salt,10000.00
3280,13001,685,06/18/2025 00:00:00,Zulfiqar Lohaar,100000.00
3281,21006,685,06/18/2025 00:00:00,Rana Asad,150000.00
3282,610018,685,06/18/2025 00:00:00,Chokar 12300 /CSL + Molassas 7700 / RM 10000,30000.00
3283,610016,685,06/18/2025 00:00:00,Paid,130000.00
3284,52055,685,06/18/2025 00:00:00,petrol wagon,3000.00
3285,610018,686,06/19/2025 00:00:00,Sod-Bicarbonate,141000.00
3286,52055,686,06/19/2025 00:00:00,Petrol wagon,5000.00
3287,610019,687,06/20/2025 00:00:00,Hammid Balti 90000 / shapar 50000 OP Drami 242000,382000.00
3288,610004,687,06/20/2025 00:00:00,Paid,500000.00
3297,21006,688,06/21/2025 00:00:00,Rana Anwar,350000.00
3298,52023,688,06/21/2025 00:00:00,Chaki Kapra 1200 / Machine Moter 1200/ Marker + Pencil 400,2800.00
3299,52055,688,06/21/2025 00:00:00,wagon Tire,4000.00
3300,610018,688,06/21/2025 00:00:00,Sonf Oil 2000 / Sod sulphate 35950,37950.00
3301,52055,688,06/21/2025 00:00:00,Petrol wagon ,4200.00
3302,610019,688,06/21/2025 00:00:00,Dhaga,750.00
3303,542,688,06/21/2025 00:00:00,Pathan Overtime,19000.00
3304,546,688,06/21/2025 00:00:00,Pertol Car,8000.00
3305,21007,688,06/21/2025 00:00:00,Paid,200000.00
3306,12003,689,06/22/2025 00:00:00,Shafeeq Car 2000000 / Laya Car Rent,2067000.00
3307,52023,689,06/22/2025 00:00:00,Jali Purchase,4000.00
3308,13001,689,06/22/2025 00:00:00,Zulfiqar Lohar,50000.00
3309,549,689,06/22/2025 00:00:00,Team Expenses,553000.00
3310,610004,690,06/23/2025 00:00:00,Paid,1000000.00
3311,12003,690,06/23/2025 00:00:00,Car rent,777000.00
3312,13001,690,06/23/2025 00:00:00,Boiler machine,200000.00
3313,549,690,06/23/2025 00:00:00,Zafar saab Exp,30000.00
3314,64002,690,06/23/2025 00:00:00,House use,5000.00
3315,12003,691,06/24/2025 00:00:00,Habib Car,500000.00
3316,52055,691,06/24/2025 00:00:00,Petrol wagon,5000.00
3317,610019,691,06/24/2025 00:00:00,Shapar,12500.00
3318,64002,691,06/24/2025 00:00:00,House Use,15000.00
3319,52023,692,06/25/2025 00:00:00,Fiedmic service,347574.00
3320,610018,692,06/25/2025 00:00:00,Salt 9000 / starch 7500,16500.00
3321,610019,692,06/25/2025 00:00:00,Shapar,8500.00
3322,12003,692,06/25/2025 00:00:00,Habib Car ,600000.00
3323,12003,693,06/26/2025 00:00:00,Habib Car,400000.00
3324,610018,693,06/26/2025 00:00:00,Bicarbonate 44520 /Sod Sulphate 21000 Cent 1950 Mazdori Bora 400,67870.00
3325,64002,693,06/26/2025 00:00:00,House use Gattar,3000.00
3326,52055,693,06/26/2025 00:00:00,Petrol wagon,3300.00
3327,12001,693,06/26/2025 00:00:00,HBL Instalment,406000.00
3328,546,693,06/26/2025 00:00:00,Petrol Hyderabad,30000.00
3329,546,694,06/27/2025 00:00:00,Petrol car,13000.00
3330,52055,694,06/27/2025 00:00:00,petrol wagon,3000.00
3331,64002,695,06/28/2025 00:00:00,House use,60000.00
3332,542,695,06/28/2025 00:00:00,Pathan OT,20000.00
3333,64002,696,06/29/2025 00:00:00,House use,25000.00
3337,52023,697,06/30/2025 00:00:00,Pipe water 9180 Bambo 1750/  Lead Extantion 1000 ,11930.00
3338,610018,697,06/30/2025 00:00:00,Kimchi extract,32750.00
3339,52055,697,06/30/2025 00:00:00,petrol wagon,3000.00
3340,13001,697,06/30/2025 00:00:00,Factory Filter ,150000.00
3341,64002,697,06/30/2025 00:00:00,Mobile Packeg 2000 / passport 60000 / Farhan Ticket 700000,762000.00
3342,12003,697,06/30/2025 00:00:00,Habib car 500000 / Shafeeq Car 1500000 / Ishaq Car 147000,2147000.00
3344,52011,514,12/25/2024 00:00:00,Salery Saeed,70000.00
3345,546,514,12/25/2024 00:00:00,Tour krachi,50000.00
3346,52054,698,07/01/2025 00:00:00,Dinner,10000.00
3347,517,699,07/02/2025 00:00:00,Factory Salery ,1000000.00
3348,52001,699,07/02/2025 00:00:00,Factory Khana,37000.00
3349,610018,699,07/02/2025 00:00:00,Salt,5000.00
3350,52055,699,07/02/2025 00:00:00,Petrol Car,5000.00
3351,52054,699,07/02/2025 00:00:00,Dinner,4000.00
3352,52023,699,07/02/2025 00:00:00,Filter,11000.00
3353,610019,700,07/03/2025 00:00:00,Bottle,100000.00
3354,546,700,07/03/2025 00:00:00,Petrol Car,10000.00
3355,518,700,07/03/2025 00:00:00,Salery Sales Man,480000.00
3356,52023,701,07/04/2025 00:00:00,Zulfiqar Lohar,125000.00
3357,518,701,07/04/2025 00:00:00,Maqsood Salery,50000.00
3358,546,701,07/04/2025 00:00:00,Petrol car,9000.00
3359,542,702,07/05/2025 00:00:00,Pathan Over Time,24000.00
3360,64002,702,07/05/2025 00:00:00,House use,15000.00
3361,12002,702,07/05/2025 00:00:00,Moter Bike Instalment,52000.00
3362,610018,703,07/07/2025 00:00:00,Raw material ,6000.00
3363,52023,703,07/07/2025 00:00:00,Factory Ac 59000 Labourtar saman 200000,259000.00
3364,546,703,07/07/2025 00:00:00,Petrol Car,13000.00
3365,610019,703,07/07/2025 00:00:00,Shapar,14000.00
3366,517,704,07/08/2025 00:00:00,Factory Salery ,975000.00
3367,52023,704,07/08/2025 00:00:00,Factory Pipe,4000.00
3368,52055,704,07/08/2025 00:00:00,Petrol Car,5000.00
3369,12003,704,07/08/2025 00:00:00,Car Rent,90000.00
3370,52055,704,07/08/2025 00:00:00,Car Repair,56500.00
3371,518,704,07/08/2025 00:00:00,Salery Anwar Sahquri,100000.00
3372,542,704,07/08/2025 00:00:00,Pathan Over Time,20000.00
3373,52055,705,07/09/2025 00:00:00,Petrol Car,5000.00
3374,52023,705,07/09/2025 00:00:00,labourtry saman,40000.00
3375,52001,705,07/09/2025 00:00:00,Factory Khana,7000.00
3382,52023,706,07/10/2025 00:00:00,Zulfiqar Lohar,25000.00
3383,52055,706,07/10/2025 00:00:00,Car Repair,7000.00
3384,52062,706,07/10/2025 00:00:00,Bilty kharcha,5000.00
3385,52002,706,07/10/2025 00:00:00,Paid,100000.00
3386,610019,706,07/10/2025 00:00:00,drami Purchase,104000.00
3387,12003,706,07/10/2025 00:00:00,Shafeeq Car 2000000 / Car DIB 60700,2060700.00
3388,610016,707,07/11/2025 00:00:00,Paid,500000.00
3389,610006,707,07/11/2025 00:00:00,Paid,100000.00
3390,12003,707,07/11/2025 00:00:00,Ishaq Comishion 161000 / Car Rent 539000,700000.00
3391,610012,707,07/11/2025 00:00:00,Paid,350000.00
3392,610016,708,07/12/2025 00:00:00,paid,500000.00
3393,52023,708,07/12/2025 00:00:00,Khana + Lakri 10000 Boiler Repair 13000,23000.00
3394,610018,709,07/13/2025 00:00:00,Raw Material Purchase,12000.00
3395,52023,709,07/13/2025 00:00:00,Paid to Zulfiqar Lohar,30000.00
3396,64002,709,07/13/2025 00:00:00,House Use,20000.00
3397,12003,710,07/14/2025 00:00:00,Paid to Shafeeq,2400000.00
3398,52055,710,07/14/2025 00:00:00,Petrol Car,3000.00
3399,517,710,07/14/2025 00:00:00,Salery,125000.00
3400,12003,711,07/15/2025 00:00:00,Paid To Shafeeq Car,2400000.00
3401,52023,711,07/15/2025 00:00:00,cement ,42000.00
3402,610018,712,07/16/2025 00:00:00,Ammonium Chloride 3000 Sod Sulphate 8200 Tarpeen oil 10800,22000.00
3403,610019,712,07/16/2025 00:00:00,Packet Purchase,4000.00
3404,12003,712,07/16/2025 00:00:00,Paid to Shafeeq,200000.00
3405,610012,713,07/17/2025 00:00:00,Paid,350000.00
3406,610019,713,07/17/2025 00:00:00,Shapar,15000.00
3407,52062,713,07/17/2025 00:00:00,Bilty Kharcha,12000.00
3408,517,713,07/17/2025 00:00:00,Mehmood salery,20000.00
3409,52023,714,07/18/2025 00:00:00,Electric Wire,60000.00
3410,610019,714,07/18/2025 00:00:00,Paid to Hamid Bottle,7500.00
3411,12003,714,07/18/2025 00:00:00,Car Instalment,67000.00
3412,52001,715,07/19/2025 00:00:00,Factory Rashan,40000.00
3413,52023,715,07/19/2025 00:00:00,Factory AC,25000.00
3414,52023,716,07/20/2025 00:00:00,Factory Centary 18000 / Factory Saman 56000,74000.00
3419,610014,718,07/22/2025 00:00:00,Paid,1500000.00
3420,12001,718,07/22/2025 00:00:00,Paid,60000.00
3421,546,718,07/22/2025 00:00:00,petrol Car,8000.00
3422,12003,719,07/23/2025 00:00:00,Ishaq Comeshion  34500 / Ishaq Car 115000,149500.00
3423,610018,719,07/23/2025 00:00:00,R.M Purchase,62000.00
3424,12003,717,07/21/2025 00:00:00,Paid to Habib ,500000.00
3425,52023,717,07/21/2025 00:00:00,Lab Saman 194799 / Qazi Hotel Booking 20000 / Fazal Umra Ticket 600000 / RO Plant 11500 Factory Electric 50000,876299.00
3426,52054,717,07/21/2025 00:00:00,Dinner,15000.00
3427,12001,717,07/21/2025 00:00:00,Paid,342000.00
3428,610018,717,07/21/2025 00:00:00,Salt,5000.00
3429,21007,717,07/21/2025 00:00:00,Paid,250000.00
3430,12003,717,07/21/2025 00:00:00,Ishaq Comishion 173650/ Car Rent 581350,755000.00
3436,64002,721,07/25/2025 00:00:00,House Use,10000.00
3449,52023,725,08/01/2025 00:00:00,Paid Iron Payment,395495.00
3450,52055,725,08/01/2025 00:00:00,Petrol,10000.00
3451,52023,725,08/01/2025 00:00:00,Cement Payment,200000.00
3452,52023,725,08/01/2025 00:00:00,Nasir Mistry,25000.00
3453,64002,726,08/02/2025 00:00:00,House use,61000.00
3454,52011,726,08/02/2025 00:00:00,salary Kashif Minhas,100000.00
3455,546,726,08/02/2025 00:00:00,Tour Sakkhar + Karachi ,120000.00
3456,52023,726,08/02/2025 00:00:00,Bajwa rait,161000.00
3457,610018,726,08/02/2025 00:00:00,Rm + Pm Purchase,302000.00
3458,52021,726,08/02/2025 00:00:00,Jac.Cabin advance,50000.00
3459,610019,727,08/03/2025 00:00:00,Purchase Shopper Bag,29100.00
3460,52023,727,08/03/2025 00:00:00,Saman Bijlee,10000.00
3461,52011,727,08/03/2025 00:00:00,Dr.Kaleem Salary July,126654.00
3462,64002,727,08/03/2025 00:00:00,House Use ,15000.00
3463,52055,727,08/03/2025 00:00:00,Petrol,15000.00
3464,52011,728,08/04/2025 00:00:00,Markiting Salary July,670000.00
3465,52055,728,08/04/2025 00:00:00,Petrol,4500.00
3466,549,728,08/04/2025 00:00:00,Expenses,30800.00
3467,52023,728,08/04/2025 00:00:00,Saman Bijlee,7450.00
3468,610012,729,08/05/2025 00:00:00,Paid,200000.00
3469,610005,729,08/05/2025 00:00:00,Paid,250000.00
3470,52011,729,08/05/2025 00:00:00,Dr.Maqsood Salary July,100000.00
3471,64002,729,08/05/2025 00:00:00,House use,20000.00
3472,52011,730,08/06/2025 00:00:00,Sufiyan RWL,50000.00
3473,52011,730,08/06/2025 00:00:00,Salary ,35000.00
3474,52062,730,08/06/2025 00:00:00,Bility,16000.00
3475,12002,730,08/06/2025 00:00:00,,30900.00
3487,52011,732,08/08/2025 00:00:00,salary ,35000.00
3488,542,732,08/08/2025 00:00:00,,71200.00
3489,52011,732,08/08/2025 00:00:00,Zafer Khan ,50000.00
3490,620091,732,08/08/2025 00:00:00,Paid ,700000.00
3491,610019,732,08/08/2025 00:00:00,Hamid Bottle,44000.00
3492,64002,732,08/08/2025 00:00:00,House Use ,10000.00
3493,52055,733,08/09/2025 00:00:00,Petrol,15000.00
3494,52001,733,08/09/2025 00:00:00,,5000.00
3495,64002,733,08/09/2025 00:00:00,House Use ,20000.00
3496,546,734,08/10/2025 00:00:00,Tour Muzafer garh,10000.00
3497,52007,735,08/11/2025 00:00:00,Farooq Latif M.U,500000.00
3498,610016,735,08/11/2025 00:00:00,Paid ,500000.00
3499,52002,735,08/11/2025 00:00:00,Paid ,100000.00
3500,12003,735,08/11/2025 00:00:00,Paid Habib ,90000.00
3501,12002,735,08/11/2025 00:00:00,,21000.00
3502,547,735,08/11/2025 00:00:00,Aqeel Lab,30850.00
3503,620006,736,08/12/2025 00:00:00,Salary,100000.00
3504,610004,736,08/12/2025 00:00:00,Paid ,70000.00
3505,610018,736,08/12/2025 00:00:00,,50000.00
3506,52023,736,08/12/2025 00:00:00,Bajwa ,70000.00
3507,610018,737,08/13/2025 00:00:00,,15000.00
3508,52055,737,08/13/2025 00:00:00,Petrol ,15000.00
3509,610016,737,08/13/2025 00:00:00,Paid ,500000.00
3510,610004,737,08/13/2025 00:00:00,Paid ,200000.00
3511,64002,737,08/13/2025 00:00:00,Fee Hifza + Farhan Fee + Rehan fee,264000.00
3512,12003,737,08/13/2025 00:00:00,,60700.00
3513,610019,737,08/13/2025 00:00:00,shopper Bag,15000.00
3514,52023,737,08/13/2025 00:00:00,Nasir Mistry,30000.00
3515,12003,737,08/13/2025 00:00:00,Habib,500000.00
3516,64002,737,08/13/2025 00:00:00,Net Bill,3500.00
3518,12003,738,08/14/2025 00:00:00,Shafeeq Car Payment ,1000000.00
3519,12003,739,08/15/2025 00:00:00,Habib ,900000.00
3520,52023,739,08/15/2025 00:00:00,Saman Bijlee ,2000.00
3521,52055,739,08/15/2025 00:00:00,Petrol,3000.00
3522,52001,739,08/15/2025 00:00:00,,35000.00
3523,52007,739,08/15/2025 00:00:00,Farooq Latif Payment  Minhaj UNI,500000.00
3524,64002,740,09/01/2025 00:00:00,House use ,10000.00
3525,610019,740,09/01/2025 00:00:00,Hamid Bottle ,25000.00
3526,52001,740,09/01/2025 00:00:00,,24000.00
3527,610018,740,09/01/2025 00:00:00,Na.Chloride ,15000.00
3528,52055,740,09/01/2025 00:00:00,Petrol,5000.00
3529,12003,741,09/03/2025 00:00:00,Ishaq Car Payment ,1500000.00
3530,52011,741,09/03/2025 00:00:00,Salary Auguest Dr.Kaleem ,200000.00
3531,610004,742,09/04/2025 00:00:00,,250000.00
3532,610019,742,09/04/2025 00:00:00,Q.P Payment ,400000.00
3533,610018,742,09/04/2025 00:00:00,Purchase Phosphate ,627000.00
3534,610019,742,09/04/2025 00:00:00,Purchase Shopper + white Bag,48000.00
3535,52011,742,09/04/2025 00:00:00,Salary + Expenses Markiting HAROON ,419495.00
3536,52011,742,09/04/2025 00:00:00,Kashif Minhas ,100000.00
3537,52011,742,09/04/2025 00:00:00,Salary + Expenses ZAIN,268811.00
3538,52054,742,09/04/2025 00:00:00,,5000.00
3539,610006,742,09/04/2025 00:00:00,,100000.00
3540,64002,742,09/04/2025 00:00:00,Fee A Block ,6000.00
3541,52054,743,09/05/2025 00:00:00,Meeting ,18000.00
3542,52023,743,09/05/2025 00:00:00,Cement ,100000.00
3543,610018,743,09/05/2025 00:00:00,,30000.00
3544,52062,743,09/05/2025 00:00:00,Bility Phosphate ,127000.00
3545,64002,743,09/05/2025 00:00:00,Bijlee Bill House ,165000.00
3546,64002,743,09/05/2025 00:00:00,House use ,15000.00
3547,52055,744,09/06/2025 00:00:00,Petrol ,8000.00
3548,52062,744,09/06/2025 00:00:00,,45000.00
3549,610018,745,09/07/2025 00:00:00,Purchase CSL,35000.00
3550,52023,745,09/07/2025 00:00:00,Saman Bijlee ,1500.00
3551,12003,745,09/07/2025 00:00:00,,60700.00
3552,610018,745,09/07/2025 00:00:00,Purchase Phosphate ,627000.00
3553,12002,745,09/07/2025 00:00:00,,52000.00
3554,52023,745,09/07/2025 00:00:00,Bajwa Rait,110000.00
3555,52023,745,09/07/2025 00:00:00,Nasir saintry,7400.00
3556,52011,745,09/07/2025 00:00:00,Salary + Exp Markiting,924369.00
3557,52055,746,09/08/2025 00:00:00,Petrol ,5000.00
3558,52001,746,09/08/2025 00:00:00,Lakri ,10000.00
3559,52062,747,09/09/2025 00:00:00,Buility Phosphate ,130000.00
3560,610019,747,09/09/2025 00:00:00,shopper ,15000.00
3561,64002,747,09/09/2025 00:00:00,House Use ,9000.00
3562,547,747,09/09/2025 00:00:00,,30000.00
3563,64002,748,09/10/2025 00:00:00,House use ,30000.00
3564,52023,748,09/10/2025 00:00:00,Stone Factory,50000.00
3565,517,748,09/10/2025 00:00:00,,150000.00
3566,52011,748,09/10/2025 00:00:00,Salary Abdullah Fsd,80000.00
3567,52011,748,09/10/2025 00:00:00,Zafer Khan Salary,100000.00
3568,620041,748,09/10/2025 00:00:00,Salary Sarfraz ,105000.00
3569,52021,731,08/07/2025 00:00:00,Battery Copen,12000.00
3570,52023,731,08/07/2025 00:00:00,Paid Nasir Mistry,50000.00
3571,52011,731,08/07/2025 00:00:00,Markiting Salary,949000.00
3572,64002,731,08/07/2025 00:00:00,House Use ,18000.00
3573,52021,731,08/07/2025 00:00:00,Jac Cabin Payment ,150000.00
3574,620041,731,08/07/2025 00:00:00,Salary Sarfraz ,110000.00
3576,52011,750,09/11/2025 00:00:00,Salary = Exp Markiting,530000.00
3577,517,750,09/11/2025 00:00:00,Kashif Manzoor ,120000.00
3578,610019,750,09/11/2025 00:00:00,Hamid Bottle ,65000.00
3579,52023,750,09/11/2025 00:00:00,Nasir Mistry ,75000.00
3580,52023,750,09/11/2025 00:00:00,Nasir Saintry,19000.00
3581,52002,751,09/12/2025 00:00:00,,100000.00
3582,547,752,09/13/2025 00:00:00,,22000.00
3583,12003,752,09/13/2025 00:00:00,Ishaq Rent ,500000.00
3584,610012,752,09/13/2025 00:00:00,,400000.00
3585,52023,752,09/13/2025 00:00:00,Cement,100000.00
3586,52055,752,09/13/2025 00:00:00,Petrol,8000.00
3587,64002,752,09/13/2025 00:00:00,House Use ,20000.00
3588,52055,753,09/14/2025 00:00:00,Petrol,8000.00
3589,12003,754,09/15/2025 00:00:00,Habib.City,111650.00
3590,517,754,09/15/2025 00:00:00,Salary Auguest,441000.00
3591,52023,754,09/15/2025 00:00:00,Factory Bijlee Miter,60000.00
3592,12003,754,09/15/2025 00:00:00,Alto,67000.00
3593,517,755,09/16/2025 00:00:00,Salary Auguest,258000.00
3594,610018,755,09/16/2025 00:00:00,,135000.00
3595,610019,755,09/16/2025 00:00:00,shopper ,29000.00
3596,610018,755,09/16/2025 00:00:00,Purchse DCP From Sajid ,88000.00
3597,52001,755,09/16/2025 00:00:00,,35000.00
3598,610004,755,09/16/2025 00:00:00,,200000.00
3599,610018,756,09/17/2025 00:00:00,,90000.00
3600,52005,756,09/17/2025 00:00:00,,7000.00
3601,52062,756,09/17/2025 00:00:00,,98500.00
3602,610018,756,09/17/2025 00:00:00,Hasnat Bento,120000.00
3603,52055,756,09/17/2025 00:00:00,Petrol,10000.00
3604,52023,757,09/18/2025 00:00:00,Stone ,50000.00
3605,610019,757,09/18/2025 00:00:00,Shopper ,28000.00
3606,610018,757,09/18/2025 00:00:00,HCL,4500.00
3607,610004,757,09/18/2025 00:00:00,,200000.00
3608,547,757,09/18/2025 00:00:00,Zulfiqar Lohar,15000.00
3609,610016,757,09/18/2025 00:00:00,,200000.00
3610,547,757,09/18/2025 00:00:00,Moter Chakki,65000.00
3611,52023,757,09/18/2025 00:00:00,Cement,100000.00
3612,52055,758,09/19/2025 00:00:00,Petrol,2000.00
3613,64002,758,09/19/2025 00:00:00,House Use ,30000.00
3614,610018,758,09/19/2025 00:00:00,Starch,8000.00
3615,610018,759,09/20/2025 00:00:00,Purchase Formic Acid.Dr Shokat UAF,300000.00
3616,52055,759,09/20/2025 00:00:00,Petrol,8000.00
3617,610019,759,09/20/2025 00:00:00,Shopper + White Bag,74000.00
3618,52023,759,09/20/2025 00:00:00,Nasir Saintry,5000.00
3619,52062,759,09/20/2025 00:00:00,Bility Gujeranwala,15500.00
3620,64002,759,09/20/2025 00:00:00,House Use ,10000.00
3621,52001,759,09/20/2025 00:00:00,Sabzi Factory,57440.00
3622,12003,759,09/20/2025 00:00:00,Paid Habib Malik,100000.00
3623,545,759,09/20/2025 00:00:00,Petrol,10000.00
3624,64002,760,09/21/2025 00:00:00,House use ,10000.00
3625,52055,760,09/21/2025 00:00:00,Petrol,10000.00
3626,52023,760,09/21/2025 00:00:00,Bijlee Wire Factory,145000.00
3627,610018,760,09/21/2025 00:00:00,Starch + Namek,38000.00
3628,12003,761,09/22/2025 00:00:00,Paid To Shafeeq,2500000.00
3629,52011,761,09/22/2025 00:00:00,Mehmood advance ,10000.00
3630,52055,761,09/22/2025 00:00:00,Petrol,6000.00
3631,64002,761,09/22/2025 00:00:00,House Use ,20000.00
3632,12003,762,09/23/2025 00:00:00,Paid To Ishaq,500000.00
3633,12001,762,09/23/2025 00:00:00,,400000.00
3634,547,762,09/23/2025 00:00:00,,10000.00
3635,610018,762,09/23/2025 00:00:00,Na.Sulphate +Ammonium,11500.00
3636,610019,762,09/23/2025 00:00:00,Shopper + Cent,17500.00
3637,64002,763,09/24/2025 00:00:00,House use ,10000.00
3638,517,763,09/24/2025 00:00:00,Salary Arshad,87000.00
3639,52062,763,09/24/2025 00:00:00,Bility Rent,20000.00
3640,610019,763,09/24/2025 00:00:00,shopper + Bag,70000.00
3641,52055,763,09/24/2025 00:00:00,Petrol,8000.00
3642,610018,763,09/24/2025 00:00:00,Purchase Bento From Hasnat,172200.00
3643,610004,764,09/25/2025 00:00:00,,200000.00
3644,52023,764,09/25/2025 00:00:00,Nasir Mistry,70000.00
3645,52054,764,09/25/2025 00:00:00,,15000.00
3646,64002,764,09/25/2025 00:00:00,Farhan fee,333000.00
3647,610018,764,09/25/2025 00:00:00,Ca.Sulphate + Na Carbonate,164000.00
3648,610019,764,09/25/2025 00:00:00,Shopper + Bag,11000.00
3649,52055,764,09/25/2025 00:00:00,Petrol,9000.00
3650,52023,765,09/26/2025 00:00:00,Nasir Mistry,50000.00
3651,52023,765,09/26/2025 00:00:00,Stone Factory,100000.00
3652,517,766,09/27/2025 00:00:00,Abdulrehman+Mehmood+Zafer khan,230000.00
3653,12003,766,09/27/2025 00:00:00,Paid To Habib Malik,400000.00
3654,610014,766,09/27/2025 00:00:00,Paid ,350000.00
3655,610014,767,09/28/2025 00:00:00,Paid ,1150000.00
3656,610018,767,09/28/2025 00:00:00,Majid DCP,84000.00
3657,64002,768,09/29/2025 00:00:00,House Use ,25000.00
3658,12003,769,09/30/2025 00:00:00,Paid to Habib Malik,1000000.00
3659,52023,769,09/30/2025 00:00:00,cement,100000.00
3660,52062,769,09/30/2025 00:00:00,Bility rent,68000.00
3661,64002,769,09/30/2025 00:00:00,Rehan fee,250000.00
3662,610018,769,09/30/2025 00:00:00,Arq ,32000.00
3663,64002,769,09/30/2025 00:00:00,"House Use,Milk Bill",60000.00
3669,64002,770,10/01/2025 00:00:00,Sehar fee+Hifsa fee,32000.00
3670,64002,770,10/01/2025 00:00:00,Gas bill,5000.00
3671,52005,770,10/01/2025 00:00:00,Drap,7500.00
3672,610016,770,10/01/2025 00:00:00,,300000.00
3673,610006,770,10/01/2025 00:00:00,,200000.00
3674,54001,770,10/01/2025 00:00:00,Rent,550000.00
3675,12003,770,10/01/2025 00:00:00,Habib,500000.00
3676,64002,770,10/01/2025 00:00:00,House use,25000.00
3677,52011,771,10/02/2025 00:00:00,Hamid Pindi Salary,192500.00
3678,610018,771,10/02/2025 00:00:00,,84000.00
3679,610019,771,10/02/2025 00:00:00,Quality Plast can,300000.00
3680,52023,771,10/02/2025 00:00:00,Nasir Mistry,195000.00
3681,547,771,10/02/2025 00:00:00,Mistry Fermenter,40800.00
3682,517,771,10/02/2025 00:00:00,Salary Kaleem A,200000.00
3683,52023,771,10/02/2025 00:00:00,Stone Purchase,90000.00
3684,546,771,10/02/2025 00:00:00,Ticket Karachi,113500.00
3685,517,771,10/02/2025 00:00:00,Zafer Khan Salary,50000.00
3686,64002,771,10/02/2025 00:00:00,House Use ,300000.00
3687,54001,772,10/03/2025 00:00:00,Rent,200000.00
3688,12003,772,10/03/2025 00:00:00,Habib,150000.00
3689,620041,773,10/04/2025 00:00:00,Salary Kazim,100000.00
3690,620041,773,10/04/2025 00:00:00,Salary Sarfraz ,105000.00
3691,12003,773,10/04/2025 00:00:00,Habib,430000.00
3692,52055,773,10/04/2025 00:00:00,Petrol,3000.00
3693,52011,774,10/05/2025 00:00:00,Salary Kashif Minhas,100000.00
3694,52011,775,10/06/2025 00:00:00,Salary Anwaar shakori+Ali Sialkot+Allah Rakha Butt,275000.00
3695,52055,775,10/06/2025 00:00:00,Battry Aqua ,13000.00
3696,52001,775,10/06/2025 00:00:00,Visitor Lunch,15000.00
3697,610019,775,10/06/2025 00:00:00,Shopper Bag,14000.00
3698,52011,776,10/07/2025 00:00:00,Salary Markiting ,800000.00
3699,517,776,10/07/2025 00:00:00,Salary Kashif Manzoor+Pathan,684000.00
3700,52055,776,10/07/2025 00:00:00,Petrol,11000.00
3701,610018,777,10/08/2025 00:00:00,Hasnaat Bento,120000.00
3702,52055,777,10/08/2025 00:00:00,Petrol,3000.00
3703,610012,777,10/08/2025 00:00:00,,450000.00
3704,610004,778,10/09/2025 00:00:00,,100000.00
3705,12002,778,10/09/2025 00:00:00,,52000.00
3706,610018,778,10/09/2025 00:00:00,Sajid DCP,72000.00
3707,547,778,10/09/2025 00:00:00,,30000.00
3708,610005,778,10/09/2025 00:00:00,,250000.00
3709,54001,779,10/10/2025 00:00:00,Shafeeq,1600000.00
3710,52062,779,10/10/2025 00:00:00,,74300.00
3711,52023,780,10/11/2025 00:00:00,Bijlee Saman,64000.00
3712,52055,780,10/11/2025 00:00:00,Petrol,11000.00
3713,52023,780,10/11/2025 00:00:00,Nasir Mistry,100000.00
3714,64002,780,10/11/2025 00:00:00,House Use ,5000.00
3715,52062,780,10/11/2025 00:00:00,Labour Mazdori,15000.00
3716,12003,780,10/11/2025 00:00:00,Habib,90000.00
3717,547,780,10/11/2025 00:00:00,,35000.00
3718,64002,781,10/12/2025 00:00:00,House Use ,50000.00
3719,52023,781,10/12/2025 00:00:00,Stone,100000.00
3720,52055,781,10/12/2025 00:00:00,Petrol ,12000.00
3721,517,782,10/13/2025 00:00:00,Salary Zafer Khan,100000.00
3722,546,782,10/13/2025 00:00:00,Tour Multan,40000.00
3723,54001,782,10/13/2025 00:00:00,Shafeeq,900000.00
3724,610004,783,10/14/2025 00:00:00,,300000.00
3725,52002,783,10/14/2025 00:00:00,,100000.00
3726,610018,783,10/14/2025 00:00:00,Phosphate,660000.00
3727,610018,783,10/14/2025 00:00:00,Starch,8500.00
3728,517,783,10/14/2025 00:00:00,Salary Abdul Rehman + Mehmood,200000.00
3729,12003,784,10/15/2025 00:00:00,City Car Instalment,112000.00
3730,610018,784,10/15/2025 00:00:00,Kimchi Ext+Shopper+Namek+Petrol+Rent,55000.00
3731,546,784,10/15/2025 00:00:00,Tour Lahore,10000.00
3732,52055,785,10/16/2025 00:00:00,Petrol,15000.00
3733,610018,785,10/16/2025 00:00:00,Starch,8500.00
3734,547,785,10/16/2025 00:00:00,Bijlee wire+Tape+petrol,11500.00
3735,52023,785,10/16/2025 00:00:00,Mian Cement,100000.00
3736,12003,785,10/16/2025 00:00:00,DIB,60700.00
3737,64002,785,10/16/2025 00:00:00,House Use ,450000.00
3738,542,786,10/17/2025 00:00:00,,25000.00
3739,52062,786,10/17/2025 00:00:00,,125000.00
3740,546,786,10/17/2025 00:00:00,Karachi Tour,115000.00
3741,64002,786,10/17/2025 00:00:00,House Use,22000.00
3742,610019,786,10/17/2025 00:00:00,Shopper,30000.00
3743,610019,787,10/19/2025 00:00:00,Shopper ,26000.00
3744,52055,787,10/19/2025 00:00:00,Petrol,3000.00
3745,52021,787,10/19/2025 00:00:00,MG Repair GLASS Front,87000.00
3746,549,788,10/20/2025 00:00:00, HYD+Ammar Khalil,161137.00
3747,610018,788,10/20/2025 00:00:00,ARQ,33000.00
3748,52001,788,10/20/2025 00:00:00,Sabzi Bill September,51950.00
3749,52023,788,10/20/2025 00:00:00,Nasir Mistry,109116.00
3750,52054,788,10/20/2025 00:00:00,,15000.00
3751,547,788,10/20/2025 00:00:00,Machinary Repair,14500.00
3752,52023,788,10/20/2025 00:00:00,Stone,25700.00
3753,64002,788,10/20/2025 00:00:00,House Use ,10000.00
3754,52055,789,10/21/2025 00:00:00,Petrol ,14000.00
3755,5209041,789,10/21/2025 00:00:00,Factory,542000.00
3756,64002,789,10/21/2025 00:00:00,House use ,3560000.00
3757,546,790,10/22/2025 00:00:00,Air Ticket ,170000.00
3758,610018,790,10/22/2025 00:00:00,Calcium,88000.00
3759,545,790,10/22/2025 00:00:00,Tour Hyd,25000.00
3760,52054,790,10/22/2025 00:00:00,,7500.00
3761,610018,790,10/22/2025 00:00:00,Starch,8500.00
3762,52055,790,10/22/2025 00:00:00,,4000.00
3763,547,790,10/22/2025 00:00:00,,3500.00
3764,52004,790,10/22/2025 00:00:00,,250000.00
3772,52062,791,10/23/2025 00:00:00,,75000.00
3773,610012,791,10/23/2025 00:00:00,,1050000.00
3774,610014,791,10/23/2025 00:00:00,,1500000.00
3775,52055,791,10/23/2025 00:00:00,Petrol,14000.00
3776,545,791,10/23/2025 00:00:00,,15000.00
3777,546,791,10/23/2025 00:00:00,Tour RYK,20000.00
3778,610019,791,10/23/2025 00:00:00,Shopper,30000.00
3779,610019,791,10/23/2025 00:00:00,Hamid Bucket,90000.00
3780,52062,791,10/23/2025 00:00:00,Labour Mazdori,15000.00
3781,547,791,10/23/2025 00:00:00,Zulfiqar Lohaar,6000.00
3782,546,792,10/24/2025 00:00:00,Tour Sakkhar,15000.00
3783,517,792,10/24/2025 00:00:00,Salary Arshad + Kaleem A,187000.00
3784,52062,793,10/25/2025 00:00:00,,2500.00
3785,54001,793,10/25/2025 00:00:00,Shafeeq,500000.00
3786,12001,793,10/25/2025 00:00:00,,400000.00
3787,549,793,10/25/2025 00:00:00,Haroon,100000.00
3788,610018,793,10/25/2025 00:00:00,Dr.Shokat UAF ,300000.00
3789,52055,793,10/25/2025 00:00:00,Petrol,7000.00
3790,64002,793,10/25/2025 00:00:00,House Use ,30000.00
3791,52054,793,10/25/2025 00:00:00,,10000.00
3792,64002,794,10/26/2025 00:00:00,House Use ,25000.00
3793,610019,794,10/26/2025 00:00:00,Factory Bottle,45000.00
3794,549,794,10/26/2025 00:00:00,Zafer Khan,55000.00
3795,52023,795,10/27/2025 00:00:00,Bajwa Aeint,139000.00
3796,64002,795,10/27/2025 00:00:00,House Use ,35000.00
3797,610018,795,10/27/2025 00:00:00,Phosphate ,594000.00
3798,546,795,10/27/2025 00:00:00,Amir FT,139000.00
3799,52023,795,10/27/2025 00:00:00,Mian Cement,100000.00
3800,52023,795,10/27/2025 00:00:00,Nasir Mistry,100000.00
3801,52055,795,10/27/2025 00:00:00,,3000.00
3802,52062,795,10/27/2025 00:00:00,Labour Mazdori,15000.00
3803,620041,796,10/28/2025 00:00:00,Kazim Exp,66869.00
3804,549,796,10/28/2025 00:00:00,Abdullah+Haroon+Zain+Ali Sialkot+Attique,824013.00
3805,54001,796,10/28/2025 00:00:00,Shafeeq,200000.00
3806,12003,796,10/28/2025 00:00:00,Habib,355000.00
3807,52062,796,10/28/2025 00:00:00,,124000.00
3808,52055,796,10/28/2025 00:00:00,Petrol,8000.00
3809,543,796,10/28/2025 00:00:00,,6000.00
3810,610016,797,10/29/2025 00:00:00,,600000.00
3811,52055,797,10/29/2025 00:00:00,Petrol,3000.00
3812,610004,797,10/29/2025 00:00:00,,400000.00
3813,610019,797,10/29/2025 00:00:00,Hamid Bottle ,50000.00
3814,64002,798,10/30/2025 00:00:00,House use ,125000.00
3815,610019,798,10/30/2025 00:00:00,Hamid Bottle ,25000.00
3816,52062,798,10/30/2025 00:00:00,,43000.00
3819,610019,722,07/26/2025 00:00:00,Paid To hamid Bottle,150000.00
3820,610006,722,07/26/2025 00:00:00,Paid,150000.00
3821,52023,722,07/26/2025 00:00:00,Factory Saman,161000.00
3822,52055,722,07/26/2025 00:00:00,Petrol Car 2000 / Habib Car Service,32000.00
3823,12003,722,07/26/2025 00:00:00,Habib Car City 1200000 / Habib Car Rent 270000 / ,1470000.00
3824,52054,722,07/26/2025 00:00:00,Irfan Dinner,22000.00
3825,610018,722,07/26/2025 00:00:00,ARQ,50000.00
3826,610018,723,07/27/2025 00:00:00,Raw Material ,40000.00
3827,52055,723,07/27/2025 00:00:00,Petrol Car,5000.00
3828,544,723,07/27/2025 00:00:00,Paid To amir T.Agent,150000.00
3829,549,800,07/28/2025 00:00:00,,253000.00
3830,52023,800,07/28/2025 00:00:00,Water Pipe,30000.00
3831,52023,800,07/28/2025 00:00:00,pathan Mitee,21000.00
3832,52055,800,07/28/2025 00:00:00,Petrol,3000.00
3833,547,800,07/28/2025 00:00:00,Boiler + Breaker,12000.00
3834,52001,800,07/28/2025 00:00:00,,2000.00
3835,52023,801,07/29/2025 00:00:00,Bijlee Saman,46000.00
3836,52055,801,07/29/2025 00:00:00,Petrol ,10000.00
3837,64002,801,07/29/2025 00:00:00,House Use ,10000.00
3838,54001,802,07/30/2025 00:00:00,Shafeeq,1500000.00
3839,545,802,07/30/2025 00:00:00,,5000.00
3840,64002,802,07/30/2025 00:00:00,House Use,10000.00
3841,544,802,07/30/2025 00:00:00,Paid to amir for Ummrah,500000.00
3842,610004,802,07/30/2025 00:00:00,,150000.00
3843,547,803,07/31/2025 00:00:00,Raw Material,250000.00
3844,54001,803,07/31/2025 00:00:00,Ishaq car Rent,338000.00
3845,54001,803,07/31/2025 00:00:00,Ishaq Commession,100723.00
3846,517,804,08/16/2025 00:00:00,,300000.00
3847,52054,804,08/16/2025 00:00:00,,11000.00
3848,610004,804,08/16/2025 00:00:00,,85000.00
3849,610018,804,08/16/2025 00:00:00,,10000.00
3850,52055,804,08/16/2025 00:00:00,,5000.00
3851,610018,805,08/17/2025 00:00:00,,10000.00
3852,64002,805,08/17/2025 00:00:00,house use,35000.00
3853,52055,806,08/18/2025 00:00:00,,3000.00
3854,52054,806,08/18/2025 00:00:00,,10000.00
3855,52001,807,08/19/2025 00:00:00,Sabzi,60000.00
3856,517,807,08/19/2025 00:00:00,,215000.00
3857,52023,808,08/20/2025 00:00:00,Main cement,100000.00
3858,52023,808,08/20/2025 00:00:00,BAJWA,157500.00
3859,52023,808,08/20/2025 00:00:00,Nasir Mistry,100000.00
3860,5209041,808,08/20/2025 00:00:00,factory Bill,439000.00
3861,547,808,08/20/2025 00:00:00,Zulfiqar Lohaar,45000.00
3862,54001,808,08/20/2025 00:00:00,Shafeeq,4000000.00
3863,610019,808,08/20/2025 00:00:00,Quality Plast Drum,99000.00
3864,610019,808,08/20/2025 00:00:00,Hamid Bottle ,32400.00
3865,544,808,08/20/2025 00:00:00,Amir T Agent,27000.00
3866,52055,808,08/20/2025 00:00:00,,11000.00
3867,64002,808,08/20/2025 00:00:00,House use,25000.00
3874,21004,809,08/21/2025 00:00:00,,500000.00
3875,12003,809,08/21/2025 00:00:00,City Car,111650.00
3876,610004,809,08/21/2025 00:00:00,,75000.00
3877,12003,809,08/21/2025 00:00:00,Habib,1100000.00
3878,52005,809,08/21/2025 00:00:00,Fee,17000.00
3879,52011,809,08/21/2025 00:00:00,Salary Anwaar Shakori,100000.00
3880,64002,809,08/21/2025 00:00:00,House Use ,35000.00
3881,12003,809,08/21/2025 00:00:00,,67000.00
3884,12001,810,08/22/2025 00:00:00,,400000.00
3885,64002,810,08/22/2025 00:00:00,House use,15000.00
3886,620048,810,08/22/2025 00:00:00,,250000.00
3887,517,810,08/22/2025 00:00:00,Zafer Khan,50000.00
3888,610014,810,08/22/2025 00:00:00,,400000.00
3889,610014,811,08/23/2025 00:00:00,,600000.00
3890,52023,811,08/23/2025 00:00:00,Sariyaa sajid,185000.00
3891,52055,811,08/23/2025 00:00:00,,5000.00
3892,64002,811,08/23/2025 00:00:00,House use,500000.00
3893,610016,811,08/23/2025 00:00:00,,590000.00
3894,52054,811,08/23/2025 00:00:00,,3000.00
3895,52023,812,08/24/2025 00:00:00,Bijlee saman,11000.00
3896,52055,812,08/24/2025 00:00:00,,10000.00
3899,610018,813,08/25/2025 00:00:00,,107500.00
3900,64002,813,08/25/2025 00:00:00,House use,20000.00
3901,21003,813,08/25/2025 00:00:00,,3500000.00
3902,610018,814,08/26/2025 00:00:00,,85000.00
3903,610019,814,08/26/2025 00:00:00,Bottle Tin,585000.00
3904,610006,814,08/26/2025 00:00:00,,197000.00
3905,64002,814,08/26/2025 00:00:00,House use,40000.00
3906,610018,815,08/27/2025 00:00:00,,46000.00
3907,610004,815,08/27/2025 00:00:00,,300000.00
3908,52055,815,08/27/2025 00:00:00,Petrol,6000.00
3909,517,815,08/27/2025 00:00:00,Mehmood,70000.00
3910,610005,816,08/28/2025 00:00:00,,300000.00
3911,549,816,08/28/2025 00:00:00,Shakori + Sufyan,170947.00
3912,52021,816,08/28/2025 00:00:00,Car Repair,120000.00
3913,52055,816,08/28/2025 00:00:00,Petrol,8000.00
3914,12003,817,08/29/2025 00:00:00,Habib,800000.00
3915,546,818,08/30/2025 00:00:00,Tour Haripur,18000.00
3916,64002,819,08/31/2025 00:00:00,house use,50000.00
3917,610018,819,08/31/2025 00:00:00,,81000.00
3918,545,819,08/31/2025 00:00:00,Tour To Sahiwal ,100000.00
3919,21003,819,08/31/2025 00:00:00,,182000.00
3920,610014,819,08/31/2025 00:00:00,,800000.00
3921,12003,819,08/31/2025 00:00:00,Habib ,500000.00
3922,610012,819,08/31/2025 00:00:00,,600000.00
3923,52023,819,08/31/2025 00:00:00,Nasir Mistry,70000.00
3924,52055,819,08/31/2025 00:00:00,Petrol ,8000.00
3928,64002,820,10/31/2025 00:00:00,House Use ,25000.00
3931,64002,822,11/01/2025 00:00:00,House use ,54000.00
3932,549,822,11/01/2025 00:00:00,Faisal Salary Sakkhar,100000.00
3933,64002,823,11/02/2025 00:00:00,House Use ,20000.00
3934,610019,823,11/02/2025 00:00:00,Bottle Lit,18000.00
3935,610018,823,11/02/2025 00:00:00,,23000.00
3936,52055,823,11/02/2025 00:00:00,petrol,1000.00
3937,52001,824,11/03/2025 00:00:00,Sabzi Bill,51760.00
3938,52011,824,11/03/2025 00:00:00,Factory Salary,1189760.00
3939,12003,824,11/03/2025 00:00:00,Habib,1495000.00
3940,610018,824,11/03/2025 00:00:00,Absar,44000.00
3941,52011,824,11/03/2025 00:00:00,Salary AST,685000.00
3942,54001,824,11/03/2025 00:00:00,Car Rent,1500000.00
3943,64002,824,11/03/2025 00:00:00,Dirham,300000.00
3944,64002,824,11/03/2025 00:00:00,House Use ,15000.00
3945,610018,824,11/03/2025 00:00:00,Namek Bill,23500.00
3946,546,824,11/03/2025 00:00:00,Air ticket,454000.00
3947,54001,825,11/04/2025 00:00:00,Rent,200000.00
3948,610005,825,11/04/2025 00:00:00,,200000.00
3949,610018,825,11/04/2025 00:00:00,Choker+Soya been+Soda,88000.00
3950,546,825,11/04/2025 00:00:00,Petrol,25000.00
3951,620093,825,11/04/2025 00:00:00,Setup Close,10000000.00
3962,620102,826,11/05/2025 00:00:00,,247200.00
3963,64002,826,11/05/2025 00:00:00,House Use ,20000.00
3964,610018,826,11/05/2025 00:00:00,Starch+ namek,11500.00
3965,52055,826,11/05/2025 00:00:00,Petrol,3500.00
3966,610006,826,11/05/2025 00:00:00,,72600.00
3967,12003,826,11/05/2025 00:00:00,D.i.B,60700.00
3968,52011,826,11/05/2025 00:00:00,Dr.Kaleem+Rao Abu Baker+Kashif Manzoor,320000.00
3969,549,826,11/05/2025 00:00:00,,443300.00
3970,12003,826,11/05/2025 00:00:00,Jac ,191500.00
3971,620008,826,11/05/2025 00:00:00,Jazcash,6000.00
3972,620041,826,11/05/2025 00:00:00,Salary Sarfraz,105000.00
3973,546,827,11/06/2025 00:00:00,Petrol Sakkhar,40000.00
3974,610019,828,11/08/2025 00:00:00,Bottle Lit,56000.00
3975,12002,828,11/08/2025 00:00:00,,52000.00
3976,610019,828,11/08/2025 00:00:00,Hamid Bottle ,200000.00
3977,547,828,11/08/2025 00:00:00,Kaleem Exp LHR,5500.00
3978,52062,829,11/09/2025 00:00:00,,10000.00
3979,52001,829,11/09/2025 00:00:00,,40000.00
3980,610019,830,11/10/2025 00:00:00,Hamid Bottle + Bucket,520000.00
3981,610018,830,11/10/2025 00:00:00,Hasnat Bento,134000.00
3982,549,830,11/10/2025 00:00:00,Sufiyan ,158140.00
3983,610004,830,11/10/2025 00:00:00,,300000.00
3984,52023,830,11/10/2025 00:00:00,Nasir Mistry,100000.00
3985,610019,830,11/10/2025 00:00:00,Quality Plastic ,500000.00
3989,64002,831,11/11/2025 00:00:00,House Use ,32000.00
3990,610019,831,11/11/2025 00:00:00,Hamid Bottle,135000.00
3991,52002,831,11/11/2025 00:00:00,,100000.00
3992,52007,831,11/11/2025 00:00:00,Faroq Latif,500000.00
3993,549,832,11/12/2025 00:00:00,Ali Exp,180000.00
3994,542,832,11/12/2025 00:00:00,,4500.00
3995,610018,832,11/12/2025 00:00:00,Na Sulphate+Eucluptus+Menthol essance+cent,78350.00
3996,52062,832,11/12/2025 00:00:00,Bility,5000.00
3997,52055,832,11/12/2025 00:00:00,service + Petrol,26650.00
3998,52054,833,11/13/2025 00:00:00,,33000.00
3999,547,833,11/13/2025 00:00:00,Website,25000.00
4000,54001,833,11/13/2025 00:00:00,,1500000.00
4001,549,834,11/14/2025 00:00:00,,378329.00
4002,52005,834,11/14/2025 00:00:00,,55000.00
4003,52054,834,11/14/2025 00:00:00,,15000.00
4004,12003,834,11/14/2025 00:00:00,Habib Cultus,100000.00
4005,52055,835,11/15/2025 00:00:00,Petrol,5000.00
4006,64002,835,11/15/2025 00:00:00,House Use,25000.00
4007,52054,835,11/15/2025 00:00:00,,11000.00
4008,54001,835,11/15/2025 00:00:00,,1500000.00
4009,12003,836,11/16/2025 00:00:00,Alto + City,178650.00
4010,547,836,11/16/2025 00:00:00,Lunch,86200.00
4011,610018,837,11/17/2025 00:00:00,,16000.00
4012,54001,837,11/17/2025 00:00:00,,465000.00
4013,64002,837,11/17/2025 00:00:00,House use,25000.00
4014,52054,837,11/17/2025 00:00:00,,5000.00
4015,546,837,11/17/2025 00:00:00,Amir Umraah,40600.00
4016,610019,838,11/18/2025 00:00:00,Bottle ,38000.00
4017,52005,838,11/18/2025 00:00:00,Drap Inspection,3000000.00
4018,610018,838,11/18/2025 00:00:00,Phosphate,600000.00
4019,52055,838,11/18/2025 00:00:00,Petrol,6000.00
4020,52023,839,11/19/2025 00:00:00,Factory Wiring Muneer,87000.00
4021,549,839,11/19/2025 00:00:00,Ammar ,42714.00
4022,12001,839,11/19/2025 00:00:00,,325000.00
4023,546,839,11/19/2025 00:00:00,,20000.00
4024,610018,839,11/19/2025 00:00:00,Microgest Material,10000.00
4025,610019,840,11/20/2025 00:00:00,Khalid Bottle,25000.00
4026,64002,840,11/20/2025 00:00:00,A Block Fee,9000.00
4027,610018,840,11/20/2025 00:00:00,Hasnaat Bento,134500.00
4028,64002,840,11/20/2025 00:00:00,House Use ,15000.00
4029,52062,840,11/20/2025 00:00:00,Rent Phosphate ,108000.00
4030,610019,840,11/20/2025 00:00:00,Shopper,45000.00
4031,12003,841,11/21/2025 00:00:00,Habib,510000.00
4032,546,841,11/21/2025 00:00:00,Umraah fee,1057000.00
4033,547,842,11/22/2025 00:00:00,,15000.00
4034,542,842,11/22/2025 00:00:00,,110000.00
4035,610004,842,11/22/2025 00:00:00,,14000.00
4036,64002,842,11/22/2025 00:00:00,House Use,25000.00
4037,542,843,11/23/2025 00:00:00,,100000.00
4038,52055,843,11/23/2025 00:00:00,Petrol,8000.00
4039,52001,843,11/23/2025 00:00:00,,40000.00
4040,610019,843,11/23/2025 00:00:00,Shopper ,12500.00
4041,64002,843,11/23/2025 00:00:00,House Use,20000.00
4042,542,843,11/23/2025 00:00:00,labour Mazdori,20000.00
4043,549,844,11/24/2025 00:00:00,SGD ,68200.00
4044,546,844,11/24/2025 00:00:00,Purchase Dirham,500000.00
4045,610004,844,11/24/2025 00:00:00,,400000.00
4046,610005,844,11/24/2025 00:00:00,,300000.00
4047,52062,844,11/24/2025 00:00:00,Bility Rent,44000.00
4048,610014,845,11/28/2025 00:00:00,,1500000.00
4049,52055,846,11/29/2025 00:00:00,Petrol,3000.00
4050,610018,846,11/29/2025 00:00:00,Dr.Shokat Formic,239000.00
4051,64002,846,11/29/2025 00:00:00,House Tax,60000.00
4052,64002,846,11/29/2025 00:00:00,House Use,15000.00
4053,610004,846,11/29/2025 00:00:00,,45000.00
4054,547,847,11/30/2025 00:00:00,,15000.00
4055,52062,847,11/30/2025 00:00:00,Bility,15000.00
4056,64002,848,12/01/2025 00:00:00,House Use,40000.00
4057,610012,848,12/01/2025 00:00:00,,1000000.00
4058,52054,848,12/01/2025 00:00:00,,15000.00
4059,547,848,12/01/2025 00:00:00,,60000.00
4060,620041,848,12/01/2025 00:00:00,Salary Faisal Sakkhar,100000.00
4061,610018,849,12/02/2025 00:00:00,Hasnaat Bento,36000.00
4062,52062,849,12/02/2025 00:00:00,Bility,47000.00
4063,64002,849,12/02/2025 00:00:00,House Use Rehan,400000.00
4064,549,850,12/03/2025 00:00:00,Salary,830000.00
4065,52011,850,12/03/2025 00:00:00,Factory,1314000.00
4066,52023,850,12/03/2025 00:00:00,Mian Cement,100000.00
4067,620041,850,12/03/2025 00:00:00,Salary Sarfraz + Kazim,205000.00
4068,54001,850,12/03/2025 00:00:00,,530000.00
4069,52054,850,12/03/2025 00:00:00,,18000.00
4070,620041,851,10/31/2025 00:00:00,Kazim Exp September,66869.00
4071,610019,852,12/04/2025 00:00:00,Shopper,20000.00
4072,620102,852,12/04/2025 00:00:00,,274500.00
4073,64002,852,12/04/2025 00:00:00,House Use Farhan,215000.00
4074,52062,852,12/04/2025 00:00:00,Rent Pindi,12000.00
4075,52023,852,12/04/2025 00:00:00,Ameen Wood Door,20000.00
4076,13001,852,12/04/2025 00:00:00,Lab Exp,170000.00
4077,549,853,12/05/2025 00:00:00,Waseem Salary,55000.00
4078,12003,853,12/05/2025 00:00:00,Jac 296,191500.00
4079,610016,853,12/05/2025 00:00:00,,500000.00
4080,64002,854,12/06/2025 00:00:00,House Use,25000.00
4081,610018,854,12/06/2025 00:00:00,Choker+Molasess,29500.00
4082,52055,854,12/06/2025 00:00:00,Petrol,4000.00
4083,52062,854,12/06/2025 00:00:00,Mazdori,12000.00
4084,547,854,12/06/2025 00:00:00,,2200.00
4085,64002,855,12/07/2025 00:00:00,House Use,20000.00
4086,13001,856,12/08/2025 00:00:00,Zulfiqar Machin,40000.00
4087,12003,856,12/08/2025 00:00:00,,60700.00
4088,54001,856,12/08/2025 00:00:00,,1349800.00
4089,54001,856,12/08/2025 00:00:00,,300000.00
4090,610004,857,12/09/2025 00:00:00,,100000.00
4091,54001,857,12/09/2025 00:00:00,,3850200.00
4092,13001,857,12/09/2025 00:00:00,Specto Meter,185000.00
4093,12002,857,12/09/2025 00:00:00,,52000.00
4094,12003,858,12/10/2025 00:00:00,Habib,100000.00
4095,547,858,12/10/2025 00:00:00,,79000.00
4096,52054,858,12/10/2025 00:00:00,Dr.Kaleem Tour LHR,5700.00
4097,549,858,12/10/2025 00:00:00,Ali Sialkot,50000.00
4098,64002,858,12/10/2025 00:00:00,House Use,21000.00
4099,52001,858,12/10/2025 00:00:00,Lakri Factory,12000.00
4100,52002,859,12/11/2025 00:00:00,,100000.00
4101,620010,859,12/11/2025 00:00:00,Vehari Ledger Close ,290000.00
4102,64002,859,12/11/2025 00:00:00,House Use ,5000.00
4103,52055,859,12/11/2025 00:00:00,Petrol,10000.00
4104,52005,859,12/11/2025 00:00:00,Drap,83000.00
4105,610012,860,12/12/2025 00:00:00,,500000.00
4106,610004,861,12/13/2025 00:00:00,,145800.00
4107,610018,861,12/13/2025 00:00:00,Sajid DCP,163304.00
4108,610018,861,12/13/2025 00:00:00,Eucluptus+Menthol+Shopper+Soda,42000.00
4109,64002,862,12/14/2025 00:00:00,House Use,10000.00
4113,610012,864,12/16/2025 00:00:00,,300000.00
4114,54001,864,12/16/2025 00:00:00,,1500000.00
4115,64002,864,12/16/2025 00:00:00,House Use ,60000.00
4116,610004,864,12/16/2025 00:00:00,,200000.00
4117,610018,864,12/16/2025 00:00:00,Menthol+Starch,39500.00
4118,610019,864,12/16/2025 00:00:00,Bottle Liter,56000.00
4119,52055,864,12/16/2025 00:00:00,Petrol,5000.00
4120,610004,865,12/17/2025 00:00:00,,150000.00
4121,54001,865,12/17/2025 00:00:00,,500000.00
4122,52023,865,12/17/2025 00:00:00,Nasir Saintry,15500.00
4123,52023,865,12/17/2025 00:00:00,Electric Saman,11000.00
4124,545,866,12/18/2025 00:00:00,,60100.00
4125,64002,866,12/18/2025 00:00:00,House Use,30000.00
4126,54001,866,12/18/2025 00:00:00,,550000.00
4127,52055,866,12/18/2025 00:00:00,Petrol,9000.00
4128,12003,866,12/18/2025 00:00:00,,178650.00
4129,610018,866,12/18/2025 00:00:00,Menthol+Cutting Oil+Turmeric,120000.00
4130,5209041,867,12/19/2025 00:00:00,Factory,359454.00
4131,12001,867,12/19/2025 00:00:00,,325000.00
4132,64002,867,12/19/2025 00:00:00,House Use ,10000.00
4133,52054,867,12/19/2025 00:00:00,,16000.00
4134,54001,867,12/19/2025 00:00:00,,550000.00
4135,610018,868,12/20/2025 00:00:00,"Na.Sulphate + Ginger,Garlic ext",79000.00
4136,610019,868,12/20/2025 00:00:00,Shopper,16000.00
4137,52055,868,12/20/2025 00:00:00,Petrol,12000.00
4138,610019,868,12/20/2025 00:00:00,Hamid Bottle,93000.00
4139,54001,868,12/20/2025 00:00:00,,800000.00
4140,549,869,12/21/2025 00:00:00,Haroon+Abdullah+Ammar+Azhar,278532.00
4141,620041,869,12/21/2025 00:00:00,Kazim,105457.00
4142,52023,869,12/21/2025 00:00:00,Factory Door,17000.00
4143,64002,869,12/21/2025 00:00:00,Riayal,380000.00
4144,54001,870,12/22/2025 00:00:00,,1000000.00
4145,64002,870,12/22/2025 00:00:00,House Use ,100000.00
4146,52055,870,12/22/2025 00:00:00,Petrol,5000.00
4147,21004,870,12/22/2025 00:00:00,,300000.00
4148,52011,871,12/23/2025 00:00:00,Advance,10000.00
4149,54001,871,12/23/2025 00:00:00,,1100000.00
4150,610018,871,12/23/2025 00:00:00,Choker+Soya been+molasess,91000.00
4151,54001,872,12/24/2025 00:00:00,,1500000.00
4152,54001,872,12/24/2025 00:00:00,,500000.00
4153,52023,872,12/24/2025 00:00:00,Ejaz Mistry,50000.00
4154,610019,872,12/24/2025 00:00:00,Quality Plastic,500000.00
4155,52055,872,12/24/2025 00:00:00,Petrol,3000.00
4156,610018,872,12/24/2025 00:00:00,Starch+Cent,12000.00
4157,52055,873,12/25/2025 00:00:00,Petrol,3000.00
4158,610018,873,12/25/2025 00:00:00,ARQ+Soda+Shopper,96000.00
4159,52062,874,12/27/2025 00:00:00,Rent,4500.00
4160,610018,875,12/28/2025 00:00:00,Menthol,15500.00
4161,54001,876,12/30/2025 00:00:00,,1425000.00
4162,12003,876,12/30/2025 00:00:00,Habib,100000.00
4163,610019,876,12/30/2025 00:00:00,Bottle Lit,27000.00
4164,64002,876,12/30/2025 00:00:00,House Lunch,17700.00
4165,54001,877,12/31/2025 00:00:00,,800000.00
4166,610019,877,12/31/2025 00:00:00,Hamid Bottle,416000.00
4167,52062,878,01/01/2026 00:00:00,,7000.00
4168,610014,879,01/02/2026 00:00:00,,2000000.00
4169,610012,879,01/02/2026 00:00:00,,1450000.00
4170,52054,879,01/02/2026 00:00:00,Sareena Bill,50000.00
4171,610012,880,01/03/2026 00:00:00,,150000.00
4172,64002,880,01/03/2026 00:00:00,House Use ,30000.00
4173,547,880,01/03/2026 00:00:00,Shoper Bag,12500.00
4174,52055,880,01/03/2026 00:00:00,,2500.00
4175,52055,881,01/04/2026 00:00:00,,5000.00
4176,547,881,01/04/2026 00:00:00,Kimchi Ext+Shoper,58000.00
4177,610018,881,01/04/2026 00:00:00,Na.Bicarbonate,16000.00
4187,610018,882,01/05/2026 00:00:00,Hasnaat Bento,72000.00
4188,610019,882,01/05/2026 00:00:00,Hamid Bucket,18000.00
4189,54001,882,01/05/2026 00:00:00,,1415300.00
4190,52001,882,01/05/2026 00:00:00,,44000.00
4191,12003,882,01/05/2026 00:00:00,Habib,180000.00
4192,620102,882,01/05/2026 00:00:00,,280000.00
4193,620041,882,01/05/2026 00:00:00,Avain/120 + Faisal 1K,220000.00
4194,52011,882,01/05/2026 00:00:00,Mujtaba,45000.00
4195,517,882,01/05/2026 00:00:00,Dr.Kaleem,200000.00
4196,540001,882,01/05/2026 00:00:00,D.i.B,60000.00
4197,517,883,01/06/2026 00:00:00,Zafer Khan + Labour,614400.00
4198,52001,883,01/06/2026 00:00:00,Sabzi Bill,28370.00
4199,54001,883,01/06/2026 00:00:00,,1000000.00
4200,52007,883,01/06/2026 00:00:00,Minhaj Uni,500000.00
4201,12003,883,01/06/2026 00:00:00,Jac ,191500.00
4202,52054,883,01/06/2026 00:00:00,Sareena Bill,7000.00
4203,52011,883,01/06/2026 00:00:00,Zain/250 + Abdullah/80,330000.00
4204,64002,883,01/06/2026 00:00:00,House Use,40000.00
4205,52011,884,01/07/2026 00:00:00,Team Salary,715000.00
4206,517,884,01/07/2026 00:00:00,Abdul Rehman+Mehmood+Kashif+Arshad,420000.00
4207,54001,884,01/07/2026 00:00:00,,784700.00
4208,620041,884,01/07/2026 00:00:00,Kazim+Sarfraz Salary,205000.00
4209,52055,884,01/07/2026 00:00:00,,3000.00
4210,610018,884,01/07/2026 00:00:00,Na.Sulphate+Eucluptus oil+essance,22800.00
4211,610019,884,01/07/2026 00:00:00,Bottle + Shopper,41500.00
4212,12002,885,01/08/2026 00:00:00,,52000.00
4213,610019,885,01/08/2026 00:00:00,Bottle ,5000.00
4214,52005,885,01/08/2026 00:00:00,,32000.00
4215,52055,885,01/08/2026 00:00:00,,3000.00
4216,13001,886,01/10/2026 00:00:00,Lab machinary,100000.00
4217,52023,886,01/10/2026 00:00:00, Ameen Wood,150000.00
4218,52002,886,01/10/2026 00:00:00,,100000.00
4219,13001,886,01/10/2026 00:00:00,azeem Boiler,500000.00
4220,610019,886,01/10/2026 00:00:00,Spray Bottle,500000.00
4221,610019,887,01/11/2026 00:00:00,Bottle +Shopper ,124000.00
4222,610018,887,01/11/2026 00:00:00,Hasnaat Bento,30000.00
4223,52055,887,01/11/2026 00:00:00,,4000.00
4224,52023,888,01/12/2026 00:00:00,Aeint,84000.00
4225,52023,888,01/12/2026 00:00:00,Nasir Mistry,55000.00
4226,52023,888,01/12/2026 00:00:00,Mian Cement,100000.00
4227,610018,888,01/12/2026 00:00:00,Shokat UAF,250000.00
4228,610005,888,01/12/2026 00:00:00,,300000.00
4229,610016,889,01/13/2026 00:00:00,,1000000.00
4230,610004,889,01/13/2026 00:00:00,,1000000.00
4231,64002,889,01/13/2026 00:00:00,House Use,86000.00
4232,52055,889,01/13/2026 00:00:00,,6000.00
4233,610018,889,01/13/2026 00:00:00,Hasnaat Bento,30000.00
4234,610014,889,01/13/2026 00:00:00,,1030000.00
4235,64002,890,01/14/2026 00:00:00,Rehan Fee,255000.00
4236,610014,890,01/14/2026 00:00:00,,970000.00
4237,64002,890,01/14/2026 00:00:00,House Use,20000.00
4238,52011,890,01/14/2026 00:00:00,Allah Rakha Butt,90000.00
4239,610012,891,01/15/2026 00:00:00,,500000.00
4240,5209041,891,01/15/2026 00:00:00,Factory,147070.00
4241,64002,892,01/16/2026 00:00:00,House use,60000.00
4242,610012,893,01/17/2026 00:00:00,,500000.00
4243,64002,893,01/17/2026 00:00:00,House use,10000.00
4244,52023,893,01/17/2026 00:00:00,Map Building,20000.00
4245,64002,894,01/18/2026 00:00:00,House use ,80000.00
4246,610018,895,01/19/2026 00:00:00,Hasnaat Bento,30000.00
4247,52055,895,01/19/2026 00:00:00,,4000.00
4248,520901,895,01/19/2026 00:00:00,PTCL,13059.00
4249,549,895,01/19/2026 00:00:00,Zain,242506.00
4250,52005,896,01/20/2026 00:00:00,,25000.00
4251,13001,896,01/20/2026 00:00:00,Azeem Boiler,650000.00
4252,610018,896,01/20/2026 00:00:00,Kimchi Ext,42700.00
4253,610019,896,01/20/2026 00:00:00,Bottle,7300.00
4254,52055,896,01/20/2026 00:00:00,,3000.00
4263,13001,897,01/21/2026 00:00:00,Azeem Boiler,150000.00
4264,52062,897,01/21/2026 00:00:00,Karachi Bility ,250000.00
4265,549,897,01/21/2026 00:00:00,,617563.00
4266,12003,897,01/21/2026 00:00:00,City,111650.00
4267,12003,897,01/21/2026 00:00:00,Alto ,67000.00
4268,12001,897,01/21/2026 00:00:00,,325000.00
4269,12003,897,01/21/2026 00:00:00,Habib,420000.00
4270,610018,897,01/21/2026 00:00:00,Absar Arq,44000.00
4271,21008,897,01/21/2026 00:00:00,Return,1000000.00
4272,13001,898,01/22/2026 00:00:00,Hopper,130000.00
4273,52005,898,01/22/2026 00:00:00,,8000.00
4274,610018,898,01/22/2026 00:00:00,Menthol,87000.00
4275,610019,898,01/22/2026 00:00:00,Bottle + cleaning Saman,75200.00
4276,547,898,01/22/2026 00:00:00,Waheed Alam,48000.00
4277,64002,898,01/22/2026 00:00:00,House use ,50000.00
4278,52055,898,01/22/2026 00:00:00,,5000.00
4279,52054,899,01/23/2026 00:00:00,Sareena ,16000.00
4280,620091,900,01/24/2026 00:00:00,Cash Payment,2000000.00
4281,12003,900,01/24/2026 00:00:00,Habib,450000.00
4282,52055,900,01/24/2026 00:00:00,,11000.00
4283,64002,900,01/24/2026 00:00:00,House use ,65000.00
4284,52055,900,01/24/2026 00:00:00,Service,3000.00
4285,620095,900,01/24/2026 00:00:00,return,1700000.00
4288,52055,902,01/25/2026 00:00:00,,3000.00
4289,54001,903,01/26/2026 00:00:00,,2785000.00
4290,610019,903,01/26/2026 00:00:00,Hamid Bottle,75000.00
4291,547,903,01/26/2026 00:00:00,Lobour Mazdori,51820.00
4292,52023,903,01/26/2026 00:00:00,Nasir Saintry,12000.00
4293,52062,903,01/26/2026 00:00:00,,26000.00
4294,52001,903,01/26/2026 00:00:00,,47000.00
4295,52055,903,01/26/2026 00:00:00,,13000.00
4296,52023,903,01/26/2026 00:00:00,zulfiqar Lohar,17000.00
4297,52062,903,01/26/2026 00:00:00,Kaleem Tour,11000.00
4298,610018,904,01/27/2026 00:00:00,Menthol+ammonium,21400.00
4299,52062,904,01/27/2026 00:00:00,Nadeem Rent,14600.00
4300,610018,904,01/27/2026 00:00:00,Hasnaat Bento,30000.00
4301,52055,904,01/27/2026 00:00:00,,3000.00
4302,610019,904,01/27/2026 00:00:00,Hamid Bottle ,88000.00
4303,64002,904,01/27/2026 00:00:00,Masjid,50000.00
4304,547,905,01/28/2026 00:00:00,FBR Tax,7500.00
4305,52055,905,01/28/2026 00:00:00,,3500.00
4306,52062,905,01/28/2026 00:00:00,,1500.00
4307,547,905,01/28/2026 00:00:00,Shopper,15000.00
4308,52023,905,01/28/2026 00:00:00,Factory Bijlee Saman,50000.00
4309,64002,905,01/28/2026 00:00:00,House Use ,8000.00
4315,54001,907,01/30/2026 00:00:00,,880000.00
4316,620093,907,01/30/2026 00:00:00,Bodla Dairies Paid,1100000.00
4317,620093,907,01/30/2026 00:00:00,,450000.00
4318,52055,908,01/31/2026 00:00:00,,11000.00
4319,610019,908,01/31/2026 00:00:00,Hamid Bottle ,295000.00
4320,54001,908,01/31/2026 00:00:00,Rent,347000.00
4321,547,908,01/31/2026 00:00:00,Shopper ,10000.00
4322,54001,908,01/31/2026 00:00:00,,975000.00
4323,52011,908,01/31/2026 00:00:00,Zain Salary,250000.00
4324,610018,909,01/14/2026 00:00:00,Na.Sulphate,46200.00
4325,610019,909,01/14/2026 00:00:00,Bottle + Packet,26600.00
4326,52054,910,02/01/2026 00:00:00,Sareena Bill,12000.00
4327,64002,910,02/01/2026 00:00:00,House Use ,115000.00
4328,52023,910,02/01/2026 00:00:00,Ameen Wood,50000.00
4329,52011,910,02/01/2026 00:00:00,Haroon Salary,250000.00
4330,52023,910,02/01/2026 00:00:00,Mistry Mazdori,65000.00
4331,52023,910,02/01/2026 00:00:00,Bajree,79000.00
4332,52023,911,02/02/2026 00:00:00,Map Building,100000.00
4333,52011,911,02/02/2026 00:00:00,Factory Staf + market,1980700.00
4334,620102,911,02/02/2026 00:00:00,,308000.00
4335,547,911,02/02/2026 00:00:00,,20000.00
4336,610018,911,02/02/2026 00:00:00,Sajid DCP,130000.00
4337,52052,912,02/03/2026 00:00:00,Habib Tour Sind,20000.00
4338,54001,912,02/03/2026 00:00:00,,4000000.00
4339,517,913,02/04/2026 00:00:00,Abdul Rehman+Zafer Khan+Mehmood+Arshad,490000.00
4340,52023,913,02/04/2026 00:00:00,Factory Metti,30000.00
4341,52055,913,02/04/2026 00:00:00,,8000.00
4342,610018,913,02/04/2026 00:00:00,Na.Sulphate+Starch,39000.00
4343,547,913,02/04/2026 00:00:00,White Bag+Machin Belt+Machin Gun,11000.00
4344,52011,913,02/04/2026 00:00:00,Kashif Minhas + Abdullah,180000.00
4345,620041,913,02/04/2026 00:00:00,Faisal EXP,51900.00
4346,52023,913,02/04/2026 00:00:00,Factory Water Pump,110000.00
4347,64002,913,02/04/2026 00:00:00,House Use,9000.00
4348,52023,914,02/05/2026 00:00:00,Factory Metti,90000.00
4349,547,914,02/05/2026 00:00:00,,92000.00
4350,64002,914,02/05/2026 00:00:00,House Use,40000.00
4351,1221,914,02/05/2026 00:00:00,Factory ,235580.00
4352,547,915,02/06/2026 00:00:00,Wood,10000.00
4353,52055,915,02/06/2026 00:00:00,,3000.00
4354,64002,915,02/06/2026 00:00:00,House Use ,25000.00
4355,64002,915,02/06/2026 00:00:00,Farhan Fee,185000.00
4356,64002,916,02/07/2026 00:00:00,House use,10000.00
4357,610018,916,02/07/2026 00:00:00,Wheat Bran+Soya Been+Molasses+Starch,393350.00
4358,547,916,02/07/2026 00:00:00,Lab Kot,1800.00
4365,12003,918,02/09/2026 00:00:00,Habib,195000.00
4366,610018,918,02/09/2026 00:00:00,CSL,10500.00
4367,52023,918,02/09/2026 00:00:00,Aeint,103000.00
4368,54001,918,02/09/2026 00:00:00,,700000.00
4369,54001,919,02/10/2026 00:00:00,,600000.00
4370,52002,919,02/10/2026 00:00:00,,100000.00
4371,52023,919,02/10/2026 00:00:00,Water Pipe ,55000.00
4372,52023,919,02/10/2026 00:00:00,Bijlee Saman,35000.00
4373,52023,919,02/10/2026 00:00:00,Aeint.,107000.00
4390,52055,917,02/08/2026 00:00:00,,13000.00
4391,610018,917,02/08/2026 00:00:00,Eucluptus Oil+Pipper Oil,11500.00
4392,547,917,02/08/2026 00:00:00,Shoper,15500.00
4393,52023,917,02/08/2026 00:00:00,Nasir Saintry,2000.00
4394,64002,917,02/08/2026 00:00:00,House Use ,2000.00
4395,620106,917,02/08/2026 00:00:00,Loan,400000.00
4396,610018,920,02/11/2026 00:00:00,Arq,55000.00
4397,547,920,02/11/2026 00:00:00,Shoper+Cent,9900.00
4398,64002,920,02/11/2026 00:00:00,Hifsa Fee,5700.00
4399,52055,920,02/11/2026 00:00:00,,10000.00
4400,540001,920,02/11/2026 00:00:00,D.I.B,60000.00
4401,517,920,02/11/2026 00:00:00,Arshad,100000.00
4402,544,920,02/11/2026 00:00:00,,393000.00
4403,549,920,02/11/2026 00:00:00,Abdul Rehman,60000.00
4404,620041,920,02/11/2026 00:00:00,Avain HYd,120000.00
4405,52023,921,02/12/2026 00:00:00,Zulfiqar Lohar,10500.00
4406,547,921,02/12/2026 00:00:00,Labour Mazdori,13500.00
4407,610005,921,02/12/2026 00:00:00,,300000.00
4408,610018,921,02/12/2026 00:00:00,Na.Chloride,35500.00
4409,64002,921,02/12/2026 00:00:00,House use,50000.00
4410,12002,921,02/12/2026 00:00:00,,21070.00
4411,52062,921,02/12/2026 00:00:00,,7000.00
4412,610018,921,02/12/2026 00:00:00,Menthol Oil+Eucluptus Oil+Cutting Oil+Anise Oil,69500.00
4413,547,921,02/12/2026 00:00:00,Shoper+bag,16500.00
4414,52055,921,02/12/2026 00:00:00,,3000.00
4415,610004,922,02/13/2026 00:00:00,,1000000.00
4416,610018,922,02/13/2026 00:00:00,CSL,10500.00
4417,52023,922,02/13/2026 00:00:00,Mian Cement,100000.00
4418,12003,922,02/13/2026 00:00:00,City,111650.00
4419,52054,922,02/13/2026 00:00:00,,21000.00
4420,12003,922,02/13/2026 00:00:00,Alto,67000.00
4421,52001,922,02/13/2026 00:00:00,,37000.00
4422,610019,923,02/14/2026 00:00:00,Hamid Bucket,11000.00
4423,610018,923,02/14/2026 00:00:00,Starch+Molasses,57600.00
4424,52055,923,02/14/2026 00:00:00,,3000.00
4425,547,923,02/14/2026 00:00:00,Machin Jali,4400.00
4426,64002,923,02/14/2026 00:00:00,House Use,10000.00
4427,546,924,02/15/2026 00:00:00,,10000.00
4428,52055,924,02/15/2026 00:00:00,,3000.00
4429,52001,924,02/15/2026 00:00:00,Bartun,30000.00
4430,52062,924,02/15/2026 00:00:00,,3000.00
4431,64002,924,02/15/2026 00:00:00,Jac Number Plate,1500.00
4432,547,924,02/15/2026 00:00:00,,2500.00
4433,610018,925,02/16/2026 00:00:00,Hasnaat Bento,135000.00
4434,610018,925,02/16/2026 00:00:00,Sajid Calcium,160587.00
4435,52001,925,02/16/2026 00:00:00,,61500.00
4436,52054,925,02/16/2026 00:00:00,,10000.00
4437,620041,925,02/16/2026 00:00:00,Sarfraz+Kazim Salary,205000.00
4438,547,925,02/16/2026 00:00:00,Labour Mazdori,20200.00
4439,52001,925,02/16/2026 00:00:00,Sabzi,50150.00
4440,52055,926,02/17/2026 00:00:00,Arshad Jac Maintinance,150000.00
4441,52054,926,02/17/2026 00:00:00,,22000.00
4442,610018,926,02/17/2026 00:00:00,Phosphate DCP,415000.00
4443,610018,926,02/17/2026 00:00:00,CSL,35000.00
4444,52023,927,02/18/2026 00:00:00,Nasir Mistry,229700.00
4445,52023,927,02/18/2026 00:00:00,Metti,22000.00
4446,52055,927,02/18/2026 00:00:00,,3000.00
4447,52003,927,02/18/2026 00:00:00,"F,T",10000.00
4448,545,927,02/18/2026 00:00:00,M.tag,2000.00
4449,52062,927,02/18/2026 00:00:00,Phosphate Rent,102900.00
4450,610018,927,02/18/2026 00:00:00,"Na,Sulphate+Shopper",24900.00
4451,64002,927,02/18/2026 00:00:00,House use,100000.00
4452,12003,927,02/18/2026 00:00:00,Habib,1200000.00
4453,12001,928,02/19/2026 00:00:00,,325000.00
4454,52054,928,02/19/2026 00:00:00,,65000.00
4455,547,928,02/19/2026 00:00:00,Shoper,12000.00
4456,52055,928,02/19/2026 00:00:00,,8000.00
4457,52023,929,02/20/2026 00:00:00,Metti,50000.00
4458,54001,929,02/20/2026 00:00:00,,250000.00
4459,52055,929,02/20/2026 00:00:00,,10000.00
4460,610018,930,02/21/2026 00:00:00,Na.sulphate+Eucluptus Oil+Molasses,100000.00
4461,64002,930,02/21/2026 00:00:00,House Use,100000.00
4462,52062,930,02/21/2026 00:00:00,,39000.00
4463,54001,930,02/21/2026 00:00:00,,50000.00
4464,547,931,02/22/2026 00:00:00,Shopper,13000.00
4465,52023,931,02/22/2026 00:00:00,Factory Plant Greenary,158000.00
4466,52055,931,02/22/2026 00:00:00,,5000.00
4467,547,931,02/22/2026 00:00:00,Machin Repair,6000.00
4468,52055,932,02/23/2026 00:00:00,,5000.00
4469,547,932,02/23/2026 00:00:00,FBR Challan,12000.00
4470,54001,932,02/23/2026 00:00:00,,1330000.00
4471,12003,932,02/23/2026 00:00:00,Habib,300000.00
4472,64002,932,02/23/2026 00:00:00,House Use,50000.00
4473,54001,933,02/24/2026 00:00:00,,2150000.00
4474,547,933,02/24/2026 00:00:00,Factory Saman,61000.00
4475,610012,934,02/25/2026 00:00:00,,650000.00
4476,54001,934,02/25/2026 00:00:00,,1000000.00
4477,64002,934,02/25/2026 00:00:00,New House Advance,500000.00
4478,52001,934,02/25/2026 00:00:00,,50000.00
4479,64002,934,02/25/2026 00:00:00,House use,50000.00
4480,54001,935,02/26/2026 00:00:00,,1500000.00
4481,52023,935,02/26/2026 00:00:00,Cemnet,150000.00
4482,52023,935,02/26/2026 00:00:00,Nasir Mistry,150000.00
4483,610018,935,02/26/2026 00:00:00,Sajid Calcium,138850.00
4484,610018,935,02/26/2026 00:00:00,Eucluptus Oil+Na bicarbonate+Shopper,91400.00
4485,52055,935,02/26/2026 00:00:00,,10000.00
4486,545,935,02/26/2026 00:00:00,,70000.00
4487,549,935,02/26/2026 00:00:00,Ali Sialkot,105000.00
4488,64002,935,02/26/2026 00:00:00,House Use,72000.00
4489,12003,935,02/26/2026 00:00:00,Habib,50000.00
4490,54001,936,02/27/2026 00:00:00,,400000.00
4491,52023,936,02/27/2026 00:00:00,Nasir Mistry,120000.00
4492,620041,936,02/27/2026 00:00:00,Kazim Exp,123490.00
4493,54001,937,02/28/2026 00:00:00,,930000.00
4494,610012,937,02/28/2026 00:00:00,,200000.00
4495,52055,937,02/28/2026 00:00:00,,3000.00
4496,610012,938,03/01/2026 00:00:00,,130000.00
4497,52055,938,03/01/2026 00:00:00,,5000.00
4498,64002,938,03/01/2026 00:00:00,New House Advance,2500000.00
4499,64002,939,03/02/2026 00:00:00,House Use,40000.00
4500,54001,939,03/02/2026 00:00:00,,1090000.00
4501,610012,939,03/02/2026 00:00:00,,170000.00
4502,12002,939,03/02/2026 00:00:00,SGD New Bike,200000.00
4503,620102,940,03/03/2026 00:00:00,,314500.00
4504,540001,940,03/03/2026 00:00:00,D.I.B,60000.00
4505,610018,940,03/03/2026 00:00:00,CSL ,52500.00
4506,546,940,03/03/2026 00:00:00,,10000.00
4507,64002,940,03/03/2026 00:00:00,New House Advance,2000000.00
4508,52023,940,03/03/2026 00:00:00,Metti + Grass,88000.00
4509,52023,941,03/04/2026 00:00:00,Nasir Mistry,200000.00
4510,517,941,03/04/2026 00:00:00,Labour Salary,618000.00
4511,517,941,03/04/2026 00:00:00,Kaleem Ul Allah,300000.00
4512,610018,941,03/04/2026 00:00:00,Molasses,100000.00
4513,620041,942,03/05/2026 00:00:00,Sarfaraz+ Kazim +Faisl Salary,305000.00
4514,64002,942,03/05/2026 00:00:00,Masjid,70000.00
4515,517,942,03/05/2026 00:00:00,A.Rehman+Mehmood+Zafer+A.Zeeshan+Arshad,550000.00
4516,52011,942,03/05/2026 00:00:00,Zain Salary,200000.00
4517,12003,942,03/05/2026 00:00:00,Habib,406000.00
4518,52023,942,03/05/2026 00:00:00,Factory Wire,60000.00
4519,52011,943,03/06/2026 00:00:00,Adeel+Saim+ateeq+Ali+Zain+Noor+Abdullah+Haroon+Ammar+Waseem+Haris+Kashif,1090057.00
4520,517,943,03/06/2026 00:00:00,Kashif QC,120000.00
4521,546,943,03/06/2026 00:00:00,,27000.00
4522,610019,943,03/06/2026 00:00:00,Bottle,75000.00
4523,52054,943,03/06/2026 00:00:00,,28000.00
4524,547,944,03/07/2026 00:00:00,Factory Saman,77000.00
4525,52002,945,03/08/2026 00:00:00,,100000.00
4526,549,945,03/08/2026 00:00:00,,340356.00
4527,12003,945,03/08/2026 00:00:00,Habib,800000.00
4528,610018,945,03/08/2026 00:00:00,"Na.Sulphate+Ginger,Garlic Ext+",113000.00
4529,54001,945,03/08/2026 00:00:00,,2000000.00
4530,64002,945,03/08/2026 00:00:00,House Use,60000.00
4531,52023,945,03/08/2026 00:00:00,Nasir Mistry,100000.00
4532,12003,946,03/09/2026 00:00:00,Habib,250000.00
4533,610018,946,03/09/2026 00:00:00,Kimchi Ext+Eucluptus Oil=Menthol Oil+Na bicarbonat,72300.00
4534,547,946,03/09/2026 00:00:00,Wood+Shoper+,40700.00
4535,64002,946,03/09/2026 00:00:00,House Use,50000.00
4536,64002,946,03/09/2026 00:00:00,House Fesco Bill,9000.00
4537,52001,947,03/10/2026 00:00:00,,50000.00
4538,52023,948,03/13/2026 00:00:00,Nasir Mistry,300000.00
4539,52023,948,03/13/2026 00:00:00,Cement,200000.00
4540,610018,948,03/13/2026 00:00:00,ARQ,132000.00
4541,547,948,03/13/2026 00:00:00,Labour Mazdori,99100.00
4542,52023,948,03/13/2026 00:00:00,Muneer Bijlee,7000.00
4543,610018,948,03/13/2026 00:00:00,Na.Chloride,60000.00
4544,610005,948,03/13/2026 00:00:00,,300000.00
4545,52023,948,03/13/2026 00:00:00,Ameen Wood,180000.00
4546,610016,948,03/13/2026 00:00:00,,1000000.00
4547,610004,948,03/13/2026 00:00:00,,1000000.00
4548,610018,948,03/13/2026 00:00:00,Shokat UAF,800000.00
4549,610019,948,03/13/2026 00:00:00,Quality Plastic,500000.00
4550,610019,948,03/13/2026 00:00:00,Hamid Bucket,45000.00
4551,610019,948,03/13/2026 00:00:00,Mansoor Bottle ,379000.00
4552,610014,948,03/13/2026 00:00:00,,1500000.00
4553,64002,948,03/13/2026 00:00:00,EIDI,70000.00
4554,52055,949,03/14/2026 00:00:00,,3000.00
4555,547,949,03/14/2026 00:00:00,Factory Saman+Shopper,43000.00
4556,12003,949,03/14/2026 00:00:00,Habib,200000.00
4557,52055,949,03/14/2026 00:00:00,Anwer Car Repair,34500.00
4558,547,950,03/15/2026 00:00:00,Labour Mazdori,10000.00
4559,542,950,03/15/2026 00:00:00,,185000.00
4560,64002,950,03/15/2026 00:00:00,House Use ,20000.00
4561,52023,950,03/15/2026 00:00:00,Nasir Saintry,10000.00
4562,547,951,03/16/2026 00:00:00,Ahsan Siyal Profit From Supraa ,1000000.00
4563,610018,951,03/16/2026 00:00:00,Sajid DCp,136428.00
4564,5209041,951,03/16/2026 00:00:00,Factory,324950.00
4565,517,951,03/16/2026 00:00:00,Anwer Advance,100000.00
4566,12001,951,03/16/2026 00:00:00,,325000.00
4567,610019,951,03/16/2026 00:00:00,Hamid Bucket,40000.00
4573,64002,953,03/18/2026 00:00:00,House Use,200000.00
4574,549,953,03/18/2026 00:00:00,Ali+Harus+Zain+Waseem,383377.00
4575,610019,953,03/18/2026 00:00:00,Bottle Ayyoub,84000.00
4576,520901,953,03/18/2026 00:00:00,PTCL,980.00
4577,52023,954,03/19/2026 00:00:00,Metti,300000.00
4578,13001,954,03/19/2026 00:00:00,Lab Machin,250000.00
4579,52023,954,03/19/2026 00:00:00,Factory Grass,40000.00
4580,12003,954,03/19/2026 00:00:00,Habib,100000.00
4581,542,954,03/19/2026 00:00:00,,19080.00
4582,545,954,03/19/2026 00:00:00,,82768.00
4583,52023,954,03/19/2026 00:00:00,Nasir Saintry,5000.00
4584,547,954,03/19/2026 00:00:00,Zulfiqar Lohar,19500.00
4585,64002,954,03/19/2026 00:00:00,House use,25000.00
4586,12003,955,03/24/2026 00:00:00,Habib,1000000.00
4587,52023,955,03/24/2026 00:00:00,,580000.00
4588,13001,956,03/25/2026 00:00:00,,200000.00
4589,54001,956,03/25/2026 00:00:00,,750000.00
4590,52054,956,03/25/2026 00:00:00,,20000.00
4591,610014,956,03/25/2026 00:00:00,,1000000.00
4592,64002,957,03/26/2026 00:00:00,Rehan + Farhan Driving Fee,100000.00
4593,52001,957,03/26/2026 00:00:00,,30000.00
4594,54001,957,03/26/2026 00:00:00,,500000.00
4595,52023,957,03/26/2026 00:00:00,Paint,57000.00
4596,610018,957,03/26/2026 00:00:00,Molasses+Na.Sulphate,103000.00
4597,12003,957,03/26/2026 00:00:00,Habib,500000.00
4598,52055,957,03/26/2026 00:00:00,,8000.00
4599,64002,957,03/26/2026 00:00:00,House Use,22000.00
4604,52055,959,03/28/2026 00:00:00,,6300.00
4605,54001,959,03/28/2026 00:00:00,,500000.00
4606,64002,959,03/28/2026 00:00:00,House Use,21000.00
4607,610018,959,03/28/2026 00:00:00,Na Bicarbonate+Starch+Tarpeen Oil ,27200.00
4608,547,959,03/28/2026 00:00:00,Shopper+Cleaing Ware,29850.00
4609,52023,959,03/28/2026 00:00:00,Nasir Saintry,3500.00
4610,52055,960,03/30/2026 00:00:00,M.G Repair ,200000.00
4611,547,960,03/30/2026 00:00:00,Shopper,25000.00
4612,52023,960,03/30/2026 00:00:00,Nasir Mistry,200000.00
4613,54001,960,03/30/2026 00:00:00,,500000.00
4614,517,960,03/30/2026 00:00:00,Gulab Khan Advance,10000.00
4615,547,960,03/30/2026 00:00:00,Factory Fan ,10000.00
4616,52055,960,03/30/2026 00:00:00,,8000.00
4617,52054,961,03/31/2026 00:00:00,,5100.00
4618,547,961,03/31/2026 00:00:00,Factory Fan,71000.00
4619,52023,961,03/31/2026 00:00:00,Metti,150000.00
4620,12003,961,03/31/2026 00:00:00,Habib,268000.00
4621,517,962,04/01/2026 00:00:00,Kaleem+A.Rehman+Mehmood+Zeeshan+Kashif+Anwer+Zafer+Arshad,1066666.00
4622,620041,962,04/01/2026 00:00:00,Kazim+Faisal+Sarfraz Salary,305000.00
4623,52011,962,04/01/2026 00:00:00,Kashif Minhas ,100000.00
4624,610018,962,04/01/2026 00:00:00,ARQ,66000.00
4625,517,962,04/01/2026 00:00:00,House Maali,5000.00
4626,64002,962,04/01/2026 00:00:00,Masjid,70000.00
4627,620102,962,04/01/2026 00:00:00,,324000.00
4628,517,962,04/01/2026 00:00:00,Labour Salary,566000.00
4629,64002,962,04/01/2026 00:00:00,House Use,245000.00
4630,54001,962,04/01/2026 00:00:00,,300000.00
4631,54001,963,04/02/2026 00:00:00,,2050000.00
4632,547,963,04/02/2026 00:00:00,Shopper,30000.00
4633,52023,963,04/02/2026 00:00:00,Tyle,100000.00
4634,52055,963,04/02/2026 00:00:00,,11000.00
4635,547,963,04/02/2026 00:00:00,Saman Factory,10000.00
4639,610012,964,04/03/2026 00:00:00,,1000000.00
4640,52008,964,04/03/2026 00:00:00,FBR Tax Duty,2438392.00
4641,52062,906,01/29/2026 00:00:00,,13500.00
4642,610012,906,01/29/2026 00:00:00,,500000.00
4643,52023,906,01/29/2026 00:00:00,Ameen Wood,10000.00
4644,52008,906,01/29/2026 00:00:00,Bank Fee LC + FBR Tax,25000.00
4645,549,952,03/17/2026 00:00:00,Rakha Butt+Abdullah+Ammar+Haroon+Azhar,374304.00
4646,620041,952,03/17/2026 00:00:00,Avain Professional Salary,120000.00
4647,52055,952,03/17/2026 00:00:00,,6000.00
4648,64002,952,03/17/2026 00:00:00,House Use,200000.00
4649,52008,952,03/17/2026 00:00:00,L.C Insurance,12827.00
4650,52023,70,09/20/2023 00:00:00,Paid to Habib For CAR,85000.00
4651,52052,70,09/20/2023 00:00:00,Tour Sargodha by Arshad/Mehmood,3000.00
4652,52055,70,09/20/2023 00:00:00,Petrol,3000.00
4653,52062,70,09/20/2023 00:00:00,Rent Riksha Naseer,4500.00
4654,52023,70,09/20/2023 00:00:00,Paid Habib Car,165000.00
4655,64002,70,09/20/2023 00:00:00,Bhai Ashraf Salami,5000.00
4656,64002,70,09/20/2023 00:00:00,House use,5000.00
4657,52011,965,11/30/2024 00:00:00,Salary Abdullah,80000.00
4659,620045,958,03/27/2026 00:00:00,Honda City + Alto Instalment,211650.00
4660,52054,958,03/27/2026 00:00:00,,35000.00
4661,64002,958,03/27/2026 00:00:00,House Use,120000.00
4662,54001,958,03/27/2026 00:00:00,,1500000.00
4663,620088,967,03/31/2025 00:00:00,Cash Return,40000.00
4664,610019,720,07/24/2025 00:00:00,Q.P Bottle  122800 / Silver Bottle 220000,342800.00
4665,610018,720,07/24/2025 00:00:00,Formic Acid,365100.00
4666,52023,720,07/24/2025 00:00:00,Lab Saman 66000 / Lab Lite 38000 / Ameen Lab 20000,124000.00
4667,549,720,07/24/2025 00:00:00,Expenses  Shaquri saab,100000.00
4668,64011,968,07/24/2025 00:00:00,Loan,300000.00
4669,620007,969,01/09/2025 00:00:00,Cash Return,300000.00
4670,620007,970,11/11/2025 00:00:00,City Car Sale ,1000000.00
4671,620066,971,01/31/2025 00:00:00,Cash Return ,364000.00
4672,52011,972,09/30/2025 00:00:00,Allah Rakha Butt + Asif Multan + Saleem LHR ,434320.00
4673,620060,973,10/31/2025 00:00:00,Cash Paid ,200000.00
4674,52023,863,12/15/2025 00:00:00,ejaz Mistry,100000.00
4675,52001,863,12/15/2025 00:00:00,,50000.00
4676,52011,974,01/31/2026 00:00:00,Salary Zain January 2026 ,250000.00
4677,52055,975,04/04/2026 00:00:00,MG Screen ,78000.00
4678,52023,975,04/04/2026 00:00:00,Aient Factory,300000.00
4679,52011,975,04/04/2026 00:00:00,Kashif LHR Salary,100000.00
4680,54001,975,04/04/2026 00:00:00,Shafeeq ,500000.00
4681,52054,975,04/04/2026 00:00:00,,8000.00
4682,52055,975,04/04/2026 00:00:00,Petrol,6000.00
4683,52011,976,04/05/2026 00:00:00,Market Salary,1040000.00
4684,52055,976,04/05/2026 00:00:00,Petrol,10000.00
4685,610018,977,04/06/2026 00:00:00,Sajid Calcium,167459.00
4686,54001,977,04/06/2026 00:00:00,Shafeeq,1250000.00
4687,610018,977,04/06/2026 00:00:00,Tarpeen Oil,5000.00
4688,64002,977,04/06/2026 00:00:00,Masjid,30000.00
4689,610019,977,04/06/2026 00:00:00,Hamid Bucket,55000.00
4690,547,977,04/06/2026 00:00:00,Anwer Mistry Repair Machinary,17000.00
4691,52055,977,04/06/2026 00:00:00,Petrol,12000.00
4692,52054,977,04/06/2026 00:00:00,,12000.00
4693,12001,978,04/07/2026 00:00:00,Loan,4500000.00
4694,52054,978,04/07/2026 00:00:00,,25000.00
4695,52055,978,04/07/2026 00:00:00,Petrol,20000.00
4696,610014,978,04/07/2026 00:00:00,,2500000.00
4697,610018,979,04/08/2026 00:00:00,Na.Sulphate+Na bicarbonate+Fat Oil+Starch,123000.00
4698,54001,979,04/08/2026 00:00:00,Shafeeq ,3000000.00
4699,52055,979,04/08/2026 00:00:00,Petrol,5500.00
4700,52008,979,04/08/2026 00:00:00,Malaiysia L.C ,834000.00
4701,620053,980,04/09/2026 00:00:00,Return,100000.00
4702,540001,980,04/09/2026 00:00:00,D.I.B ,60000.00
4703,610019,980,04/09/2026 00:00:00,Dropper 30Ml,23000.00
4704,12001,980,04/09/2026 00:00:00,Loan,1700000.00
4705,52023,981,04/10/2026 00:00:00,Nasir Mistry ,395000.00
4706,620041,981,04/10/2026 00:00:00,Exp Kazim,130486.00
4707,64002,981,04/10/2026 00:00:00,House Use ,40000.00
4708,52023,982,04/11/2026 00:00:00,Mian Cement,300000.00
4709,610018,982,04/11/2026 00:00:00,Shokat Uaf,300000.00
4710,52002,982,04/11/2026 00:00:00,,100000.00
4711,610018,982,04/11/2026 00:00:00,Menthol+Pipper Mint oil+Eucluptus Oil,53000.00
4712,12001,982,04/11/2026 00:00:00,Loan,700000.00
4713,52055,983,04/12/2026 00:00:00,Petrol ,15000.00
4714,12001,983,04/12/2026 00:00:00,Loan ,100000.00
4715,52023,984,04/13/2026 00:00:00,Nasir mistry,100000.00
4716,610018,984,04/13/2026 00:00:00,CSL,52500.00
4717,610018,984,04/13/2026 00:00:00,Na Sulphate+Menthol+Molasess,164500.00
4718,52001,984,04/13/2026 00:00:00,,40700.00
4719,620053,984,04/13/2026 00:00:00,Return ,78000.00
4720,52055,984,04/13/2026 00:00:00,Petrol,10000.00
4721,547,984,04/13/2026 00:00:00,Anwer Machin Repair,17000.00
4722,610005,984,04/13/2026 00:00:00,,100000.00
4723,12001,984,04/13/2026 00:00:00,,900000.00
4724,64002,985,04/14/2026 00:00:00,House Use ,4000.00
4725,52055,985,04/14/2026 00:00:00,Petrol,10000.00
4726,610019,985,04/14/2026 00:00:00,Silver bottle Mansoor Butt,550000.00
4727,610022,985,04/14/2026 00:00:00,Hasnaat Bento,136500.00
4728,610018,985,04/14/2026 00:00:00,Menthol+Pipper mint oil+Na.bicarbonate,138000.00
4729,12001,986,04/15/2026 00:00:00,Loan,10565835.00
4730,12001,986,04/15/2026 00:00:00,,326000.00
4731,52055,986,04/15/2026 00:00:00,Yaris Number ,123000.00
4732,547,986,04/15/2026 00:00:00,Labour Mazdori ,45750.00
4733,610018,986,04/15/2026 00:00:00,Menthol,83000.00
4734,64002,986,04/15/2026 00:00:00,House Paint,50000.00
4735,64002,987,04/16/2026 00:00:00,House Paint,20000.00
4736,547,987,04/16/2026 00:00:00,Urea,8500.00
4737,52055,987,04/16/2026 00:00:00,Car Repair ,23000.00
4738,52055,987,04/16/2026 00:00:00,Petrol,22000.00
4739,52062,988,04/17/2026 00:00:00,,380000.00
4740,5209041,988,04/17/2026 00:00:00,Factory,163000.00
4741,12003,988,04/17/2026 00:00:00, Alto + City + Yaris ,394650.00
4742,52055,988,04/17/2026 00:00:00,Petrol ,25000.00
4743,547,989,04/18/2026 00:00:00,Anwer Machin Repair,16000.00
4744,64002,989,04/18/2026 00:00:00,House Paint ,45730.00
4745,547,990,04/19/2026 00:00:00,Office Clean Heaven Villas,8000.00
4746,64002,990,04/19/2026 00:00:00,House Paint + Ameen ,126950.00
4747,52055,990,04/19/2026 00:00:00,Petrol,5000.00
4748,52054,990,04/19/2026 00:00:00,,8000.00
4749,547,990,04/19/2026 00:00:00,Shopper,15000.00
4750,64002,991,04/20/2026 00:00:00,House Tile ,69000.00
4751,52055,991,04/20/2026 00:00:00,Petrol,5000.00
4752,547,991,04/20/2026 00:00:00,Kimchi Ext+ Shopper ,60000.00
4753,12001,991,04/20/2026 00:00:00,,325000.00
4754,547,991,04/20/2026 00:00:00,Hand Lifter,15000.00
4755,13001,991,04/20/2026 00:00:00,Bilal Lab,125000.00
4756,610022,992,04/21/2026 00:00:00,Sajid Calcium,177000.00
4757,610005,992,04/21/2026 00:00:00,,250000.00
4758,52055,992,04/21/2026 00:00:00,Anwer Car Repair,146800.00
4759,52055,992,04/21/2026 00:00:00,Habib Aqua Repair,62500.00
4760,64002,992,04/21/2026 00:00:00,House Mistry Mazdori,6000.00
4761,610018,992,04/21/2026 00:00:00,Na Bicarbonate ,13770.00
4762,64002,992,04/21/2026 00:00:00,House Paint Asif ,4600.00
4763,52001,992,04/21/2026 00:00:00,,6630.00
4764,52023,992,04/21/2026 00:00:00,Nasir Mistry,120000.00
4765,13001,993,04/22/2026 00:00:00,Bilal Lab,300000.00
4766,64002,993,04/22/2026 00:00:00,House Use,505300.00
4767,52055,993,04/22/2026 00:00:00,Petrol,15000.00
4768,610018,993,04/22/2026 00:00:00,Menthol + Amm Chloride ,22000.00
4769,547,993,04/22/2026 00:00:00,Anwer Machin Repair,11000.00
4770,52007,993,04/22/2026 00:00:00,Farooq Latif Minhaj Uni,500000.00
4771,610005,993,04/22/2026 00:00:00,,50000.00
4772,64002,994,04/23/2026 00:00:00,House Use ,10000.00
4773,547,994,04/23/2026 00:00:00,R.O Plant ,150000.00
4774,610018,994,04/23/2026 00:00:00,Menthol ,29000.00
4775,64002,994,04/23/2026 00:00:00,House Paint ,111340.00
4776,52055,994,04/23/2026 00:00:00,Petrol ,7000.00
4777,547,994,04/23/2026 00:00:00,Anwer Machin repair,31000.00
4778,52055,995,04/25/2026 00:00:00,Petrol,4000.00
4779,52001,995,04/25/2026 00:00:00,,15000.00
4780,610019,995,04/25/2026 00:00:00,Pett bottle ,61000.00
4781,610004,995,04/25/2026 00:00:00,,550000.00
4782,547,995,04/25/2026 00:00:00,Shopper ,17500.00
4783,610018,995,04/25/2026 00:00:00,Starch+ Euculptis Oil ,13300.00
4784,64002,995,04/25/2026 00:00:00,House Paint Saman,4200.00
4785,610018,996,04/26/2026 00:00:00,Menthol + Eucluptus Oil,33430.00
4786,547,996,04/26/2026 00:00:00,Anwer Machin Repair,25250.00
4787,52055,996,04/26/2026 00:00:00,Petrol ,8000.00
4788,610012,997,04/27/2026 00:00:00,,1000000.00
4789,64002,997,04/27/2026 00:00:00,House Paint ,57000.00
4790,12001,997,04/27/2026 00:00:00,Loan.,3500434.00
4791,610004,998,04/28/2026 00:00:00,,800000.00
4792,64002,998,04/28/2026 00:00:00,House Mazdori Muneer ,2450.00
4793,52055,998,04/28/2026 00:00:00,Petrol,5000.00
4794,64002,998,04/28/2026 00:00:00,House Tile,100000.00
4795,64002,998,04/28/2026 00:00:00,House Mazdori Nasir Saintry,3400.00
4796,610012,998,04/28/2026 00:00:00,,500000.00
4797,12003,999,04/29/2026 00:00:00,Habib,300000.00
4798,610004,999,04/29/2026 00:00:00,,150000.00
4799,64002,999,04/29/2026 00:00:00,House Tile,110000.00
4800,610018,999,04/29/2026 00:00:00,Menthol + Amm Chloride+ Na sulphate,41810.00
4801,545,999,04/29/2026 00:00:00,Exp,93900.00
4802,64002,999,04/29/2026 00:00:00,House Use ,227000.00
4803,52054,999,04/29/2026 00:00:00,,20000.00
4804,12003,1000,04/30/2026 00:00:00,Habib,573000.00
4805,54001,1000,04/30/2026 00:00:00,,750000.00
4806,52011,1000,04/30/2026 00:00:00,Anwer+Kaleem Salary,560000.00
4807,52001,1000,04/30/2026 00:00:00,,32000.00
4808,64002,1000,04/30/2026 00:00:00,Mistry Shebaz Mazdori,20000.00
4809,64002,1000,04/30/2026 00:00:00,Nasir Saintry ,63000.00
1,64002,1001,05/01/2026 00:00:00,House Paint + Saintry Pipe,65000.00
5,52023,1002,05/02/2026 00:00:00,Nasir Mistry Factory,100000.00
6,64002,1002,05/02/2026 00:00:00,House Paint,34580.00
7,64002,1002,05/02/2026 00:00:00,House Use ,34000.00
8,549,1002,05/02/2026 00:00:00,Saleem HYD,1500000.00
25,52009,1004,05/04/2026 00:00:00,Yaris Rent,150000.00
26,64002,1004,05/04/2026 00:00:00,Masjid,70000.00
27,620041,1004,05/04/2026 00:00:00,Salary Faisal Sakhar,100000.00
28,610018,1004,05/04/2026 00:00:00,Amm.Sprit + Eucluptus Oil +Peppermint Oil,185000.00
29,547,1004,05/04/2026 00:00:00,Irfan I.TSoftware,15000.00
30,52001,1004,05/04/2026 00:00:00,,97090.00
31,52014,1004,05/04/2026 00:00:00,A.Rehman+Zafer Khan+arshad,400000.00
32,64002,1004,05/04/2026 00:00:00,House use ,2270.00
33,52023,1005,05/05/2026 00:00:00,Nasir Mistry Factory,200000.00
34,52023,1005,05/05/2026 00:00:00,Mian Cement,300000.00
35,52014,1005,05/05/2026 00:00:00,A.Zeeshan + Mehmood+Kashif QC,270000.00
36,610018,1005,05/05/2026 00:00:00,ARQ,88000.00
37,547,1005,05/05/2026 00:00:00,Mazdori,4500.00
38,64002,1005,05/05/2026 00:00:00,House Mistry Shebaz ,20000.00
39,610018,1005,05/05/2026 00:00:00,Eucluptus Oil,14000.00
40,547,1005,05/05/2026 00:00:00,Shopper+Cleaning Saman,22000.00
41,549,1005,05/05/2026 00:00:00,Saleem HYD,500000.00
42,64002,1005,05/05/2026 00:00:00,House Paint,10000.00
43,12001,1005,05/05/2026 00:00:00,Loan,3000000.00
44,52015,1006,05/06/2026 00:00:00,Gujeranwala+Sialkot+Zain+Haroon+Noor+Adeel+Abdullah+Azhar+Ammar+Ateeq+Saiym+Kashif Minhas+Haras+,1385000.00
45,52014,1006,05/06/2026 00:00:00,Labour Salary + Kaleem A,952250.00
46,610018,1006,05/06/2026 00:00:00,Namek,63250.00
47,54001,1006,05/06/2026 00:00:00,,500000.00
48,64002,1006,05/06/2026 00:00:00,House Light,5000.00
49,620041,1007,05/07/2026 00:00:00,Salary Qazim,100000.00
50,610019,1007,05/07/2026 00:00:00,Bottle Pet + Dropper,152500.00
51,547,1007,05/07/2026 00:00:00,Anwer Grinder Machin,19850.00
52,64002,1007,05/07/2026 00:00:00,Nasir Saintry ,50000.00
53,610018,1007,05/07/2026 00:00:00,Starch+Eucluptus Oil+Peppermint Oil+anise Oil,40750.00
54,52055,1007,05/07/2026 00:00:00,Petrol Bike ,650.00
55,52055,1007,05/07/2026 00:00:00,Petrol,10000.00
56,64002,1007,05/07/2026 00:00:00,House Mistry Shebaz ,40000.00
57,64002,1007,05/07/2026 00:00:00,House Paint Asif,30000.00
58,54001,1007,05/07/2026 00:00:00,,500000.00
59,64002,1007,05/07/2026 00:00:00,House Labour Mazdori,4500.00
60,64002,1007,05/07/2026 00:00:00,Nasir Saintry Pipe,50000.00
61,64002,1007,05/07/2026 00:00:00,House Paint,58950.00
62,64002,1007,05/07/2026 00:00:00,House Tile,15050.00
66,54001,1008,05/08/2026 00:00:00,,1200000.00
67,540001,1008,05/08/2026 00:00:00,D.i.B,70000.00
68,52054,1008,05/08/2026 00:00:00,,12000.00
69,52005,1008,05/08/2026 00:00:00,Labour Director Imran A Inspection,50000.00
70,52015,1009,05/09/2026 00:00:00,Ali Salary + Toba Salary,165000.00
71,64002,1009,05/09/2026 00:00:00,House Use ,800000.00
72,64002,1009,05/09/2026 00:00:00,Amir Wedding Salami,10000.00
73,64002,1009,05/09/2026 00:00:00,Asif Paint + Bajrii,13000.00
74,52002,1010,05/10/2026 00:00:00,,100000.00
75,52055,1010,05/10/2026 00:00:00,Petrol,5000.00
76,52001,1010,05/10/2026 00:00:00,,35000.00
77,548,1003,05/03/2026 00:00:00,Dr.Khalid,100000.00
78,548,1003,05/03/2026 00:00:00,Habib Rent Rohri,75000.00
79,610018,1003,05/03/2026 00:00:00,Na.Bicarbonate,3300.00
80,64002,1003,05/03/2026 00:00:00,House tile,105000.00
81,52055,1003,05/03/2026 00:00:00,Petrol,12000.00
82,547,1003,05/03/2026 00:00:00,Shoper,2700.00
83,610019,1003,05/03/2026 00:00:00,Bottle Liter ,1860.00
84,64002,1011,05/11/2026 00:00:00,House Cement,142100.00
85,620041,1011,05/11/2026 00:00:00,Sarfraz Salary,105000.00
86,64002,1011,05/11/2026 00:00:00,House Use ,21000.00
87,64002,1011,05/11/2026 00:00:00,House Mistruy Shebaz,20000.00
88,610022,1011,05/11/2026 00:00:00,Sajid Calcium,168969.00
89,610018,1011,05/11/2026 00:00:00,CSL + Molasses,127630.00
90,548,1012,05/12/2026 00:00:00,Ammar+Abdullah+Haroon+Zain+Ateeq+Azhar+Harus+Saiym+,579855.00
91,620041,1012,05/12/2026 00:00:00,Exp Kazim,71870.00
92,64002,1012,05/12/2026 00:00:00,House Light,33000.00
93,610016,1012,05/12/2026 00:00:00,Hasnaat Bento,130000.00
94,52005,1012,05/12/2026 00:00:00,,325000.00
95,52062,1012,05/12/2026 00:00:00,Bento Rent,16500.00
96,610019,1012,05/12/2026 00:00:00,Hamid Bottle ,87500.00
97,54001,1012,05/12/2026 00:00:00,,1000000.00
98,610018,1012,05/12/2026 00:00:00,Na.Sulphate+Na Bicarbonate,14600.00
99,547,1012,05/12/2026 00:00:00,Shopper+Tie+Petrol,19900.00
100,64002,1013,05/13/2026 00:00:00,House Use ,10000.00
101,52005,1013,05/13/2026 00:00:00,Kashif Drap Tour,10000.00
102,64002,1013,05/13/2026 00:00:00,House Cement ,64500.00
103,610018,1013,05/13/2026 00:00:00,Pepper Mint Oil+Eucluptus Oil ,56000.00
104,610019,1013,05/13/2026 00:00:00,Bottle Ayyoub,44400.00
105,64002,1014,05/14/2026 00:00:00,House Paint Asif,30000.00
106,64002,1014,05/14/2026 00:00:00,House Mistry Shebaz,50000.00
107,64002,1014,05/14/2026 00:00:00,House Cement ,56500.00
108,64002,1014,05/14/2026 00:00:00,House Stone ,200000.00
109,64002,1014,05/14/2026 00:00:00,Zulfiqar Lohaar,23000.00
110,610018,1014,05/14/2026 00:00:00,Anise Oil+Na.Bicarbonate,5470.00
111,547,1014,05/14/2026 00:00:00,Jaali Machin+Pipe House +Petrol,3530.00
112,64002,1015,05/15/2026 00:00:00,House Nasir Saintry,15000.00
113,52054,1015,05/15/2026 00:00:00,,25000.00
114,610021,1015,05/15/2026 00:00:00,,240000.00
115,52023,1016,05/16/2026 00:00:00,Nasir Factory Rait<Bajree,500000.00
116,52023,1016,05/16/2026 00:00:00,Factory Steel From Ethaad Steel Mill,1877680.00
117,610005,1016,05/16/2026 00:00:00,,200000.00
118,610018,1016,05/16/2026 00:00:00,Starch,8350.00
119,547,1016,05/16/2026 00:00:00,Bottle Seal+Petrol+Nasir T Elbow,3650.00
120,610022,1017,05/17/2026 00:00:00,Khalid,400000.00
121,610004,1018,05/18/2026 00:00:00,,250000.00
122,64002,1018,05/18/2026 00:00:00,House College Fee,257500.00
123,64002,1018,05/18/2026 00:00:00,House Mistry Shebaz,31000.00
124,64002,1018,05/18/2026 00:00:00,House Paint Asif,25000.00
125,610004,1018,05/18/2026 00:00:00,,100000.00
126,52055,1018,05/18/2026 00:00:00,Petrol,5000.00
127,52055,1019,05/19/2026 00:00:00,Petrol,2000.00
128,610018,1019,05/19/2026 00:00:00,Na.Sulfate+Na Bicarbonate,46800.00
129,610019,1019,05/19/2026 00:00:00,Ayyoub Can 5 Lit,27000.00
130,610019,1019,05/19/2026 00:00:00,Bag White ,3700.00
131,547,1019,05/19/2026 00:00:00,Kimchi Ext+Shopper+Cent,44290.00
132,64002,1019,05/19/2026 00:00:00,House Use UBL Transfer,25000.00
133,64002,1019,05/19/2026 00:00:00,House Cement,30900.00
134,64002,1020,05/20/2026 00:00:00,House Use,111000.00
135,52055,1020,05/20/2026 00:00:00,Petrol,28000.00
136,610018,1020,05/20/2026 00:00:00,Shokat UAF,254300.00
137,544,1021,05/22/2026 00:00:00,Paid To Wamiqa,50000.00
138,64002,1021,05/22/2026 00:00:00,House Shebaz Mistry,50000.00
139,64002,1021,05/22/2026 00:00:00,House Use ,10000.00
140,52001,1021,05/22/2026 00:00:00,,18900.00
141,64002,1021,05/22/2026 00:00:00,House Saintry,35000.00
142,547,1021,05/22/2026 00:00:00,Shopper,20400.00
143,64002,1021,05/22/2026 00:00:00,Anwer Bijlee saman House ,4000.00
144,52055,1021,05/22/2026 00:00:00,Petrol ,500.00
145,610022,1022,05/22/2026 00:00:00,Phosphate ,214600.00
146,64002,1022,05/22/2026 00:00:00,House Stone ,175000.00
147,610019,1023,05/23/2026 00:00:00,Silver Bottle,54500.00
148,52062,1023,05/23/2026 00:00:00,Phosphate rent,65000.00
149,52023,1023,05/23/2026 00:00:00,Factory Bijlee pipe,67000.00
150,52055,1023,05/23/2026 00:00:00,petrol,4000.00
151,64002,1023,05/23/2026 00:00:00,House Cement,44675.00
152,52023,1023,05/23/2026 00:00:00,Mian Cement,600000.00
153,52023,1023,05/23/2026 00:00:00,Nasir Rait,60000.00
154,547,1023,05/23/2026 00:00:00,SRC ,207302.00
155,620041,1023,05/23/2026 00:00:00,Faisal Salary,100000.00
164,52014,1024,05/24/2026 00:00:00,Labour Salary,524166.00
165,52014,1024,05/24/2026 00:00:00,Anwer,160000.00
166,610012,1024,05/24/2026 00:00:00,,500000.00
167,610019,1024,05/24/2026 00:00:00,Spray Bottle ,500000.00
168,52023,1024,05/24/2026 00:00:00,Nasir Mistry,100000.00
169,64002,1024,05/24/2026 00:00:00,Shebaz Mistry,25000.00
170,64002,1024,05/24/2026 00:00:00,Ameen Wood,20000.00
171,52055,1024,05/24/2026 00:00:00,Petrol,3000.00
172,547,1024,05/24/2026 00:00:00,Labour Over time,141050.00
173,64002,1025,05/25/2026 00:00:00,Zulfiqar Lohaar,20000.00
174,52014,1025,05/25/2026 00:00:00,Kaleem+Kashif+A.R+A.Z+Arshad+Mehmood+Zafer ,1170000.00
175,64002,1025,05/25/2026 00:00:00,Nasir Saintry,66000.00
176,52015,1026,05/26/2026 00:00:00,Zain+Saim+Ateeq+Adeel+Ammar+Azhar+Saqlain+Ali+Noor+Waseem+Haroon+Abdullah+,1210000.00
177,548,1026,05/26/2026 00:00:00,Zain+Haroon,158481.00
178,64002,1026,05/26/2026 00:00:00,Ameen Wood,150000.00
179,52055,1026,05/26/2026 00:00:00,Petrol,23000.00
180,64002,1026,05/26/2026 00:00:00,Eid Qurbani,200000.00
181,547,1026,05/26/2026 00:00:00,Labour Unloading,41240.00
182,52015,1027,05/30/2026 00:00:00,Dr.Khalid Fsd,300000.00
183,52055,1027,05/30/2026 00:00:00,Petrol,3000.00
184,52054,1027,05/30/2026 00:00:00,,15000.00
185,52015,1027,05/30/2026 00:00:00,Dr.Wadood Sahiwal,100000.00
186,64002,1028,05/31/2026 00:00:00,Mistry Shebaz ,10000.00
187,64002,1028,05/31/2026 00:00:00,Cement,6000.00
188,64002,1028,05/31/2026 00:00:00,Anwer Bijlee Saman,5000.00
189,64002,1028,05/31/2026 00:00:00,Saintry Saman,10000.00
191,52023,1029,06/01/2026 00:00:00,Mian Cement,200000.00
192,64002,1029,06/01/2026 00:00:00,Cement House ,6390.00
193,64002,1029,06/01/2026 00:00:00,House Stone,20000.00
194,64002,1029,06/01/2026 00:00:00,Masjid,70000.00
195,52009,1029,06/01/2026 00:00:00,,610840.00
196,64002,1029,06/01/2026 00:00:00,House Use,2500.00
197,52023,1029,06/01/2026 00:00:00,Factory Rejistry FEIDMC,150000.00
198,610022,1030,06/02/2026 00:00:00,Phosphate,211715.00
199,52055,1030,06/02/2026 00:00:00,Petrol,10000.00
200,548,1030,06/02/2026 00:00:00,DR.Khalid fsd,94000.00
201,610022,1030,06/02/2026 00:00:00,Bentonite Hasnaat,130000.00
202,52062,1030,06/02/2026 00:00:00,Bentonite Rent,16500.00
203,610018,1030,06/02/2026 00:00:00,Molasses,104840.00
204,52062,1030,06/02/2026 00:00:00,Bility,3000.00
205,52010,1030,06/02/2026 00:00:00,,318000.00
206,547,1030,06/02/2026 00:00:00,Shopper,22000.00
207,52001,1030,06/02/2026 00:00:00,,37990.00
208,610018,1030,06/02/2026 00:00:00,Wheat Bran,143220.00
209,52062,1030,06/02/2026 00:00:00,Phosphate Rent,61000.00
210,610018,1030,06/02/2026 00:00:00,CSL,52500.00
211,54001,1031,06/03/2026 00:00:00,,1720000.00
212,64002,1031,06/03/2026 00:00:00,House Aient,8400.00
213,64002,1031,06/03/2026 00:00:00,Saintry,4000.00
214,546,1031,06/03/2026 00:00:00,Sakhar Tour,30000.00
215,52023,1032,06/04/2026 00:00:00,Factory Rejistry FEIDMC,210000.00
216,52023,1032,06/04/2026 00:00:00,Naisr Ali,300000.00
217,54001,1032,06/04/2026 00:00:00,,2050000.00
218,547,1032,06/04/2026 00:00:00,Shopper,19000.00
219,64002,1032,06/04/2026 00:00:00,House Stone+Tile+Rait Bajree,58640.00
220,610019,1032,06/04/2026 00:00:00,Hamid Bucket,55000.00
221,64002,1033,06/05/2026 00:00:00,House Use ,300000.00
222,64002,1033,06/05/2026 00:00:00,House Mistry Shebaz,30000.00
223,54001,1033,06/05/2026 00:00:00,Ishaq,500000.00
224,610018,1034,06/06/2026 00:00:00,Shokat UAF,245000.00
225,610018,1034,06/06/2026 00:00:00,Na.bicarbonate,25600.00
226,547,1034,06/06/2026 00:00:00,Shopper+Petrol,21550.00
227,64002,1034,06/06/2026 00:00:00,House Use ,31000.00
228,64002,1034,06/06/2026 00:00:00,House Anwer Samaan,30000.00
229,52005,1034,06/06/2026 00:00:00,Rabeel ADV Tax,300000.00
230,64002,1035,06/07/2026 00:00:00,HOUSE TILE,28045.00
231,610018,1035,06/07/2026 00:00:00,Pipper Mint + eucluptis oil + sodium sulphate ,46040.00
232,64002,1035,06/07/2026 00:00:00,House exp,35000.00
233,64002,1035,06/07/2026 00:00:00,Shahbaz Mistri ,10000.00
234,52009,1036,06/08/2026 00:00:00,Rent car ,700000.00
235,54001,1036,06/08/2026 00:00:00,Rent car,1230000.00
236,64002,1036,06/08/2026 00:00:00,House tile,7000.00
237,52055,1036,06/08/2026 00:00:00,Fuel exp,5000.00
238,64002,1036,06/08/2026 00:00:00,LOHAR HOUSE EXP,17000.00
244,52023,1037,06/08/2026 00:00:00,ORANG ZAIB LAWYER REGISTRY,1000000.00
245,64002,1037,06/08/2026 00:00:00,SANTRY HOUSE EXP,20000.00
246,64002,1037,06/08/2026 00:00:00,MISTRY EXP HOUSE ,76850.00
247,64002,1037,06/08/2026 00:00:00,CENT HOUSE EXP,5000.00
248,52054,1038,06/09/2026 00:00:00,LUNCH INMEETING,22000.00
249,52023,1038,06/09/2026 00:00:00,ORANG ZAIB REGISTRY ,250000.00
250,52024,1038,06/09/2026 00:00:00,HEAVAN OFFICE MAINTENANCE,47965.00
251,64002,1038,06/09/2026 00:00:00,HOUSE EXP,75000.00
252,5113,1039,06/10/2026 00:00:00,MACHINE REPAIR ,10000.00
253,52023,1039,06/10/2026 00:00:00,ORANG ZAIB REGISTRY,250000.00
254,540001,1039,06/10/2026 00:00:00,DIB ,60000.00
255,64002,1039,06/10/2026 00:00:00,HOUSE EXP,2500.00
256,610018,1039,06/10/2026 00:00:00,FAT OIL+STARCH+NA.SULPHATE+CA.CARBONATE,141450.00
257,64002,1039,06/10/2026 00:00:00,HOUSE EXP ANWER ,10000.00
258,547,1039,06/10/2026 00:00:00,SHOPPER BAG,2650.00
259,52062,1039,06/10/2026 00:00:00,RIKSHA RENT,2900.00
260,52009,1039,06/10/2026 00:00:00,RENT ,80000.00
261,540,1040,06/11/2026 00:00:00,BILTY,25000.00
262,52023,1040,06/11/2026 00:00:00,BUILDING REGISTRY,3224777.00
263,64002,1040,06/11/2026 00:00:00,RAGRAY HOUSE EXP,30000.00
264,64002,1040,06/11/2026 00:00:00,TILE HOUSE EXP,8100.00
265,52002,1040,06/11/2026 00:00:00,INSTALLMMENT,100000.00
266,620041,1040,06/11/2026 00:00:00,SALARY ZARFARAZ,150000.00
267,620041,1040,06/11/2026 00:00:00,NAJAM SALARY,100000.00
268,610019,1040,06/11/2026 00:00:00,BOTTLE,133200.00
269,610018,1040,06/11/2026 00:00:00,STARCH+EUCLUTIS OIL+PIPER MINT OIL,36850.00
270,52001,1040,06/11/2026 00:00:00,RASHAN,40500.00
271,52062,1040,06/11/2026 00:00:00,,1500.00
272,548,1040,06/11/2026 00:00:00,ZAFAR ULLAH MARKETING EXP,73282.00
273,64002,1041,06/12/2026 00:00:00,HOUSE EXP,70000.00
274,610014,1041,06/12/2026 00:00:00,PAID,2000000.00
275,52015,1041,06/12/2026 00:00:00,KASHIF MANHAS,100000.00
276,546,1041,06/12/2026 00:00:00,F. TOUR WAMIQA CASE FILE FEEC,60000.00
277,64002,1042,06/13/2026 00:00:00,HOUSE EXP,2000.00
278,610018,1042,06/13/2026 00:00:00,MAG CHLORIDE+AMM CHLORIDE + POTASSIUM,41250.00
279,52054,1042,06/13/2026 00:00:00,,1000.00
280,52055,1042,06/13/2026 00:00:00,PETROL,1000.00
281,52062,1042,06/13/2026 00:00:00,RENT,2500.00
282,547,1042,06/13/2026 00:00:00,SHOPER,19000.00
283,52054,1042,06/13/2026 00:00:00,KFC,10000.00
284,64002,1043,06/14/2026 00:00:00,MISTRI SHAHBAZ,1000.00
285,52055,1043,06/14/2026 00:00:00,PETROL,14000.00
286,620041,1043,06/14/2026 00:00:00,FAISAL SALARY,50000.00
287,64002,1043,06/14/2026 00:00:00,HOUSE EXP,18000.00
288,52024,1044,06/15/2026 00:00:00,,46430.00
289,610018,1044,06/15/2026 00:00:00,EUCLUPTAS + PIPER + MINT OIL,44200.00
290,610019,1044,06/15/2026 00:00:00,WHITE BORE,5400.00
291,52062,1044,06/15/2026 00:00:00,RENT,10000.00
292,64002,1044,06/15/2026 00:00:00,,3250.00
293,547,1044,06/15/2026 00:00:00,MISTRI EXP,1000.00
294,547,1044,06/15/2026 00:00:00,CHUHLA,2650.00
295,64002,1044,06/15/2026 00:00:00,M TAG,5000.00
296,64002,1045,06/16/2026 00:00:00,HOUSE CEMENT,26000.00
297,52023,1045,06/16/2026 00:00:00,ORANG ZAIB REGISTRY,1500000.00
298,610014,1046,06/17/2026 00:00:00,,500000.00
299,540,1046,06/17/2026 00:00:00,,775564.00
300,64002,1046,06/17/2026 00:00:00,HOSUE REGRAYE,20000.00
301,12001,1046,06/17/2026 00:00:00,INSTALLMENT,325372.00
302,64002,1046,06/17/2026 00:00:00,CEMENT,5000.00
303,64002,1047,06/18/2026 00:00:00,,11900.00
304,52055,1047,06/18/2026 00:00:00,PETROL,5000.00
305,64002,1047,06/18/2026 00:00:00,HOUSE BAJRI + RAIT,33000.00
306,64002,1047,06/18/2026 00:00:00,HOUSE EXP,30000.00
307,548,1047,06/18/2026 00:00:00,SALE PROMOTION EXP,442572.00
308,548,1047,06/18/2026 00:00:00,AMMAR EXP,60014.00
309,64002,1048,06/19/2026 00:00:00,HOUSE EXP,18000.00
310,610004,1049,06/20/2026 00:00:00,,500000.00
311,610016,1049,06/20/2026 00:00:00,,500000.00
312,64002,1049,06/20/2026 00:00:00,SANTRAY SAMAAN,17500.00
313,64002,1049,06/20/2026 00:00:00,NASIR MINTRY,5000.00
314,64002,1049,06/20/2026 00:00:00,SHAHBAZ MASTRI,10000.00
315,52055,1049,06/20/2026 00:00:00,PETROL,4000.00
316,52023,1049,06/20/2026 00:00:00,ANWER MISTRY,23000.00
317,547,1049,06/20/2026 00:00:00,BILAL LAB,10000.00
318,64002,1049,06/20/2026 00:00:00,NASIR MISTRY,200000.00
319,610019,1049,06/20/2026 00:00:00,HAMMID BOTTLE PURCHASED,500000.00
320,610018,1050,06/21/2026 00:00:00,SODIUM SOLPHAT,10200.00
321,52001,1050,06/21/2026 00:00:00,CHINI,1500.00
322,52062,1050,06/21/2026 00:00:00,BILTY,7250.00
323,547,1050,06/21/2026 00:00:00,SHOPER,18500.00
324,52055,1050,06/21/2026 00:00:00,500,500.00
325,548,1051,06/22/2026 00:00:00,SALE PROMOTION,103250.00
326,64002,1051,06/22/2026 00:00:00,HOUSE EXP,35000.00
327,610018,1051,06/22/2026 00:00:00,SODIUM SOLPHETE,18500.00
328,547,1051,06/22/2026 00:00:00,SHOPER,2100.00
329,52062,1051,06/22/2026 00:00:00,RIKHSHA RENT,2300.00
330,52055,1051,06/22/2026 00:00:00,PETROL,1000.00
331,610018,1051,06/22/2026 00:00:00,EXT,21000.00
341,610019,1053,06/24/2026 00:00:00,IMRAN BOTTLE,500000.00
342,52055,1053,06/24/2026 00:00:00,PETROL,4000.00
343,64002,1053,06/24/2026 00:00:00,HOUSE TILE,40000.00
344,64002,1053,06/24/2026 00:00:00,HOUSE LABOUR EXP,47400.00
345,52001,1053,06/24/2026 00:00:00,RASHAN,41000.00
346,610019,1053,06/24/2026 00:00:00,DRAPER,19500.00
347,610018,1053,06/24/2026 00:00:00,AL ABSAAR,100000.00
348,610021,1054,06/25/2026 00:00:00,,500000.00
349,64008,1055,06/26/2026 00:00:00,,300000.00
350,64002,1056,06/27/2026 00:00:00,SHAHBAZ MISTRY,5000.00
351,610005,1056,06/27/2026 00:00:00,,200000.00
352,547,1056,06/27/2026 00:00:00,ADMIN OFFICE ,221000.00
353,547,1057,06/28/2026 00:00:00,ADMIN OFFICE TABLE,54000.00
354,64002,1057,06/28/2026 00:00:00,NASIR MISTRY,7000.00
355,52055,1057,06/28/2026 00:00:00,,10000.00
356,52055,1057,06/28/2026 00:00:00,,32000.00
357,547,1057,06/28/2026 00:00:00,ADMIN OFFICE,100000.00
358,64002,1057,06/28/2026 00:00:00,HOUSE EXP,15000.00
359,610018,1058,06/29/2026 00:00:00,SODIUM SULPHATE,18500.00
360,610019,1058,06/29/2026 00:00:00,JAR 1 KG + PET BOTTLE,42400.00
361,52001,1058,06/29/2026 00:00:00,,3000.00
362,547,1058,06/29/2026 00:00:00,SHOPER,11100.00
363,64002,1058,06/29/2026 00:00:00,ANWER SAMAN,9000.00
364,547,1059,06/30/2026 00:00:00,ADMIN OFFICE FRIG,53000.00
365,64002,1059,06/30/2026 00:00:00,SHAHBAZ MISTRY,20000.00
366,64002,1059,06/30/2026 00:00:00,HOUSE EXP,39000.00
367,52055,1059,06/30/2026 00:00:00,PETROL,8000.00
368,64002,1059,06/30/2026 00:00:00,ASIF RANG,13000.00
369,64002,1059,06/30/2026 00:00:00,NASIR SANTAARY,10000.00
370,64002,1059,06/30/2026 00:00:00,ZULFIQAR LOHAR,30000.00
371,64002,1059,06/30/2026 00:00:00,RAIT + CEMENT,10000.00
372,64002,1059,06/30/2026 00:00:00,TILE,21700.00
373,610019,1052,06/23/2026 00:00:00,HAMMID BOTTLE,80000.00
374,64002,1052,06/23/2026 00:00:00,CABLE,6200.00
375,64002,1052,06/23/2026 00:00:00,MISTRY SHAHBAZ,20000.00
376,52055,1052,06/23/2026 00:00:00,PETROL,18000.00
377,64002,1052,06/23/2026 00:00:00,SHAH RAGWALA,40000.00
378,64002,1052,06/23/2026 00:00:00,HOUSE TILE,80000.00
379,64002,1052,06/23/2026 00:00:00,ANWER,5000.00
380,610018,1052,06/23/2026 00:00:00,MENTHOL,33000.00
381,610005,1052,06/23/2026 00:00:00,,25000.00
383,64002,1060,07/01/2026 00:00:00,NASIR MISTRY ,5000.00
384,52023,1060,07/01/2026 00:00:00,NASIR THEKYDAR FACTORY,250000.00
385,64002,1060,07/01/2026 00:00:00,SHAHBAZ MISTRY HOUSE WORK,158000.00
389,64002,1061,07/02/2026 00:00:00,RAIT & BAJRI DR SB HOUSEWORK,30550.00
390,610012,1061,07/02/2026 00:00:00,IMRAN BOTTLE,500000.00
391,64002,1061,07/02/2026 00:00:00,MATI DR SB HOUSE,10000.00
392,52015,1061,07/02/2026 00:00:00,DR WADOOD,100000.00
393,52015,1061,07/02/2026 00:00:00,DR KHALID SALARY,300000.00
394,610022,1061,07/02/2026 00:00:00,HASNANT BENTO,144500.00
395,64002,1061,07/02/2026 00:00:00,MASJID DONATOIN,70000.00
396,64002,1061,07/02/2026 00:00:00,ASIF RANG HOUSE WORK,10000.00
397,52023,1061,07/02/2026 00:00:00,FACTORY EXP,5000.00
398,64002,1061,07/02/2026 00:00:00,ANWAR MOTOR PURCHASED,20000.00
399,52010,1062,07/03/2026 00:00:00,ZAFAR IQBAL PROFIT,324500.00
400,52014,1062,07/03/2026 00:00:00,KALEEM SALARY ,500000.00
401,52014,1062,07/03/2026 00:00:00,MEHMOOD SALARY,100000.00
402,64002,1062,07/03/2026 00:00:00,REGISTY EXP,600000.00
403,52014,1062,07/03/2026 00:00:00,ZAFAR ULLAH SALARY,100000.00
404,52054,1063,07/04/2026 00:00:00,KHANA,10000.00
405,610019,1063,07/04/2026 00:00:00,AMBER BOTTLE,4800.00
406,610018,1063,07/04/2026 00:00:00,SODIUM BICORBONATES,3200.00
407,547,1063,07/04/2026 00:00:00,SHOPER,20750.00
412,64002,1064,07/05/2026 00:00:00,SHAH RANG DR SB HOUSE,92000.00
413,64002,1064,07/05/2026 00:00:00,DR SB HOUSE EXP,10000.00
414,52055,1064,07/05/2026 00:00:00,PETROL EXP,18752.00
415,52023,1064,07/05/2026 00:00:00,FACTORY PIPE,28515.00
416,1221,1064,07/05/2026 00:00:00,PRINTER PURCHASED,24000.00
417,547,1064,07/05/2026 00:00:00,CHAIR REPAIR,8000.00
418,548,1064,07/05/2026 00:00:00,ZAFAR ULLAH EXP,20000.00
419,52014,1065,07/06/2026 00:00:00,PATHAN SALARY,765000.00
420,52022,1065,07/06/2026 00:00:00,MACHINE SALAYE PURCHASED,23650.00
421,610019,1065,07/06/2026 00:00:00,HAMMID BALTI PURCHASED,55000.00
422,64002,1065,07/06/2026 00:00:00,DR SB HOUSE EXP,300000.00
423,64002,1065,07/06/2026 00:00:00,DR SB HOUSE EXP,10000.00
424,1211,1065,07/06/2026 00:00:00,ALTO PURCHASED DOWN PAYMENT,505000.00
425,52055,1066,07/07/2026 00:00:00,PETROL JEEB,25000.00
426,610022,1066,07/07/2026 00:00:00, PURCHASED DCP  FROM SAJID,167000.00
427,546,1066,07/07/2026 00:00:00,VISA FEEC DR SB,30000.00
428,64002,1066,07/07/2026 00:00:00,DR SB HOUSE EXP,230000.00
429,52014,1067,07/08/2026 00:00:00,FACTOY SALARY,250000.00
430,610012,1067,07/08/2026 00:00:00,IMRAN BOTTLE,500000.00
431,546,1067,07/08/2026 00:00:00,FRC VISA FEEC,20000.00
432,52001,1067,07/08/2026 00:00:00,RASHAN,43000.00
433,64002,1067,07/08/2026 00:00:00,DR SB HOUSE WORK ASIF RANG,50000.00
434,52062,1067,07/08/2026 00:00:00,BILTY EXP,106400.00
435,610018,1067,07/08/2026 00:00:00,NA. SULPHATE,43500.00
436,610018,1067,07/08/2026 00:00:00,AMMUNIUM CLORIDE,10000.00
437,610018,1067,07/08/2026 00:00:00,EUCLUPTUS OIL,30000.00
438,610018,1067,07/08/2026 00:00:00,PIPER MINT OIL,25000.00
439,610019,1067,07/08/2026 00:00:00,WHITE UNPRINT BAG  ,3800.00
440,52062,1067,07/08/2026 00:00:00,RENT,2500.00
441,610019,1067,07/08/2026 00:00:00,AMBER BOTTLE 100 ML,4000.00
442,52062,1067,07/08/2026 00:00:00,BILTY EXP,1200.00
443,620041,1068,07/09/2026 00:00:00,SALARY PAID TO FAISAL HEHALF OF QAZI IRFAN,50000.00
444,54001,1068,07/09/2026 00:00:00,SHAFIQUE CAR RENT,3000000.00
445,610018,1068,07/09/2026 00:00:00,FORMIC PURCHASED,21840.00
446,52055,1069,07/10/2026 00:00:00,TOBA PETROL,10000.00
447,54001,1069,07/10/2026 00:00:00,CAR RENT,1400000.00
448,547,1070,07/11/2026 00:00:00,FACTORY SAMAN ANWAR,12500.00
449,547,1070,07/11/2026 00:00:00,FACTORY CLOCK,6500.00
450,64002,1070,07/11/2026 00:00:00,DR SB VISA FEEC,20000.00
451,610018,1070,07/11/2026 00:00:00,SODIUM SULPHATE,25200.00
452,610018,1070,07/11/2026 00:00:00,NA. CARBONATE,6400.00
453,547,1070,07/11/2026 00:00:00,SHOPER + TAP,28400.00
454,547,1070,07/11/2026 00:00:00,VANILACENT,750.00
455,610018,1070,07/11/2026 00:00:00,NA. CORBONATE,3200.00
456,52062,1070,07/11/2026 00:00:00,RENT,2350.00
457,52055,1071,07/12/2026 00:00:00,PETROL HARIPUR,25000.00
458,54001,1072,07/13/2026 00:00:00,CAR RENT + INSTALLMENT,1900000.00
459,52002,1072,07/13/2026 00:00:00,ZEESHAN,100000.00
460,64002,1072,07/13/2026 00:00:00,ASIF RANG DR SB HOUSE,25000.00
461,64002,1072,07/13/2026 00:00:00,DR SB HOUSE WORK SANTERY,6500.00
462,64002,1072,07/13/2026 00:00:00,DR SB HOUSE RANG WALA,80000.00
463,610018,1072,07/13/2026 00:00:00,SALT / NAMIK,85000.00
475,548,1073,07/14/2026 00:00:00,ATTIQUE MARKET EXP,55000.00
476,52015,1073,07/14/2026 00:00:00,ALI SALARY,100000.00
477,52015,1073,07/14/2026 00:00:00,SABOR SALARY,82500.00
478,610019,1073,07/14/2026 00:00:00,HAMMID BILTY PURCHASED,22000.00
479,54001,1073,07/14/2026 00:00:00,CAR RENT + INSTALLMENT,1880000.00
480,548,1073,07/14/2026 00:00:00,DR KHALID EXP,91000.00
481,548,1073,07/14/2026 00:00:00,WADOOD EXP,169996.00
482,548,1073,07/14/2026 00:00:00,WASEEM EXP,55000.00
483,52023,1073,07/14/2026 00:00:00,FACTORY SAMAN,69130.00
484,64002,1073,07/14/2026 00:00:00,DR SB HOUSE EXP LOHAR,57000.00
485,52062,1073,07/14/2026 00:00:00,BUILTY EXP,22000.00
486,519,1073,07/14/2026 00:00:00,L.C EXP,1500000.00
487,52009,1074,07/15/2026 00:00:00,HABIB CAR RENT + INSTALLMENT,655000.00
488,54001,1074,07/15/2026 00:00:00,CAR RENT + INTSALLMENT,1500000.00
489,52023,1074,07/15/2026 00:00:00,FACTORY SAMAN,46000.00
490,52054,1074,07/15/2026 00:00:00,QAZI ROOM IN SERENA HOTEL,87000.00
491,547,1074,07/15/2026 00:00:00,MOBILE BATTERY,4500.00
495,52002,1076,07/17/2026 00:00:00,DIB INSTALLMENT,60000.00
496,52009,1076,07/17/2026 00:00:00,RENT,32000.00
497,64002,1076,07/17/2026 00:00:00,DR SB HOUSE ASIF RANG,50000.00
498,52055,1077,07/18/2026 00:00:00,PETROL,2000.00
499,64002,1077,07/18/2026 00:00:00,DR SB HOUSE EXP,50000.00
500,547,1078,07/19/2026 00:00:00,SHOPER + TAB ,20750.00
501,610019,1078,07/19/2026 00:00:00,AMER BOTTLE,11950.00
502,610018,1078,07/19/2026 00:00:00,CASTIOR OIL,2300.00
503,52023,1079,07/21/2026 00:00:00,NASIR MISTRY FACTORY REPAIR AND MAINTENANCE EXP,200000.00
504,64002,1079,07/21/2026 00:00:00,ORANG ZAIB REGISTRY ,200000.00
509,620041,1081,07/20/2026 00:00:00,kazim salary c/o qazi ifan,245718.00
510,64002,1081,07/20/2026 00:00:00,DR SB HOUSE WORK,21200.00
511,64002,1081,07/20/2026 00:00:00,DR SB HOUSE WORK SHAH RANG,94700.00
512,64002,1081,07/20/2026 00:00:00,DR SB HOUSE WORK ANWAR SAMAN,11760.00
513,52002,1081,07/20/2026 00:00:00,DRAP FEEC,25000.00
514,620041,1081,07/20/2026 00:00:00,SARFRAZ SALARY ,150000.00
515,52014,1081,07/20/2026 00:00:00,ZAFAR ULLAH SALARY,100000.00
516,610018,1081,07/20/2026 00:00:00,NAMIK,22900.00
517,54001,1081,07/20/2026 00:00:00,CAR RENT + INSTALLMENT,350000.00
518,52001,1081,07/20/2026 00:00:00,RASHAN,43000.00
519,64002,1081,07/20/2026 00:00:00,DR SB HOUSE WORK,12600.00
520,610018,1081,07/20/2026 00:00:00,ARK,117500.00
521,52015,1081,07/20/2026 00:00:00,KAHSIF MINHAS SALARY,100000.00
522,610004,1080,07/22/2026 00:00:00,,500000.00
523,64002,1080,07/22/2026 00:00:00,DR SB HOUSE EXP,15000.00
524,54001,1080,07/22/2026 00:00:00,,1250000.00
525,52062,1080,07/22/2026 00:00:00,BILTY EXP,13000.00
526,547,1080,07/22/2026 00:00:00,MISC EXP,7000.00
527,52014,1082,07/23/2026 00:00:00,MEHMOOD SALARY,50000.00
528,64002,1082,07/23/2026 00:00:00,ORANG ZAIB REGISTRY ,200000.00
529,610018,1082,07/23/2026 00:00:00,SHOKUT UAF FORMIC ACID,208250.00
530,12003,1082,07/23/2026 00:00:00,SARGODHA CAR INSTALLMENT,47500.00
531,548,1082,07/23/2026 00:00:00,KALEEM ULLAH,28605.00
532,519,1082,07/23/2026 00:00:00,MOON LANDER L.C EXP,300000.00
533,610022,1082,07/23/2026 00:00:00,PURCHASED FROM HASNAAN,146000.00
534,52023,1082,07/23/2026 00:00:00,MAIN CEMENT,150000.00
535,64002,1083,07/24/2026 00:00:00,DR SB HOUSE FURNITURE,250000.00
536,64002,1083,07/24/2026 00:00:00,DR SB HOUSE A.C,100000.00
537,610022,1083,07/24/2026 00:00:00,PURCHASED FROM KHALID BANTO,145000.00
538,54001,1083,07/24/2026 00:00:00,RENT+ INSTALLMENT,200000.00
539,520907,1083,07/24/2026 00:00:00,FEED LICENCE,50000.00
546,610018,1085,07/25/2026 00:00:00,FORMIC ACID,44000.00
547,1221,1085,07/25/2026 00:00:00,COMPUTER PURCHASED,70000.00
548,54001,1085,07/25/2026 00:00:00,RENT,120000.00
549,52023,1085,07/25/2026 00:00:00,MIAN CEMENT,150000.00
550,52055,1085,07/25/2026 00:00:00,PETROL,10000.00
551,64002,1086,07/26/2026 00:00:00,ANWER SAMAN,8000.00
552,610018,1086,07/26/2026 00:00:00,SODA ,12800.00
553,547,1086,07/26/2026 00:00:00,SHOPER + TIE,20200.00
554,52055,1086,07/26/2026 00:00:00,PETROL,1000.00
555,52055,1086,07/26/2026 00:00:00,PETROL,3000.00
556,52009,1084,07/27/2026 00:00:00,HABIB CAR RENT,300000.00
557,64002,1084,07/27/2026 00:00:00,DR SB HOUSE FIRNUTURE,300000.00
558,64002,1084,07/27/2026 00:00:00,DR SB HOUSE ANWER HITTER,3000.00
559,540,1084,07/27/2026 00:00:00,PTCL BILL,6420.00
560,64002,1084,07/27/2026 00:00:00,DR SB HOUSE WORK,5000.00
561,52055,1084,07/27/2026 00:00:00,PETROL 12000+10000,22000.00
562,610019,1084,07/27/2026 00:00:00,BOTTLE PURCHASED FROM HAMID,52500.00
563,54001,1087,07/28/2026 00:00:00,RANT +  INSTALLMET,1230000.00
564,610018,1087,07/28/2026 00:00:00,SODIUM + STRCH +COSTIOR OIL + SULPHATE ,21920.00
565,547,1087,07/28/2026 00:00:00,TAPE + SCOPE + RAMBA + CHINI,8750.00
566,610019,1087,07/28/2026 00:00:00,AMER PET BOTTLE 100 ML,46800.00
567,547,1087,07/28/2026 00:00:00,SHOPER ,2900.00
568,52062,1087,07/28/2026 00:00:00,RENT,1630.00
569,52023,1088,07/29/2026 00:00:00,FACTORY WOOD,10000.00
570,52062,1088,07/29/2026 00:00:00,BILTY ,65000.00
571,54001,1088,07/29/2026 00:00:00,RENT,450000.00
572,64002,1088,07/29/2026 00:00:00,DR SB HOUSE EXP,50000.00
573,548,1089,07/30/2026 00:00:00,ZAFAR EXP 35000+5000,40000.00
574,52055,1089,07/30/2026 00:00:00,PETROL,5000.00
575,64002,1089,07/30/2026 00:00:00,DR SB HOUSE EXP,15000.00
579,548,1090,07/31/2026 00:00:00,AMMAR KHALIL EXP,49360.00
580,548,1090,07/31/2026 00:00:00,AZHER AYUB EXP,47700.00
581,548,1090,07/31/2026 00:00:00,ABDULLAH EXP,26640.00
582,52010,1090,07/31/2026 00:00:00,"6 month profit 500000  profit ( 10,000)",60000.00
583,540,1075,07/16/2026 00:00:00,ELECTRIC BILL,592365.00
584,52009,1075,07/16/2026 00:00:00,CAR RENT,50000.00
585,12001,1075,07/16/2026 00:00:00,HOUSE INSTALLMENT,325000.00
586,52023,1075,07/16/2026 00:00:00,Nasir factory,200000.00
587,52010,1091,08/01/2026 00:00:00,PROFIT,315000.00
588,52014,1091,08/01/2026 00:00:00,ANWER SALARY ,160000.00
589,548,1091,08/01/2026 00:00:00,HAROON MARKET EXP,150000.00
590,548,1091,08/01/2026 00:00:00,HARIS HASEEB MARKET EXP,58324.00
591,549,1091,08/01/2026 00:00:00,DR RIAZ  MUSTAFA INCENTIVE,65000.00
592,548,1091,08/01/2026 00:00:00,SAQLAIN MARKET EXP,54825.00
593,548,1091,08/01/2026 00:00:00,ZAIN MARKET EXP,140000.00
594,52014,1091,08/01/2026 00:00:00,PATHAN SALARIES,661000.00
597,52014,1092,08/02/2026 00:00:00,MEHMOOD SALARY,50000.00
598,52014,1092,08/02/2026 00:00:00,ARSHID DRIVER SALARY ,100000.00
599,5211001,1092,08/02/2026 00:00:00,ABDUL REHMAN SALARY,100000.00
600,5211001,1092,08/02/2026 00:00:00,ABDUL ZEESHAN SALARY,50000.00
605,610004,1094,08/04/2026 00:00:00,,200000.00
606,548,1094,08/04/2026 00:00:00,HAROON EXP,31325.00
607,548,1094,08/04/2026 00:00:00,SABOOR MARKET EXP,54510.00
608,548,1094,08/04/2026 00:00:00,ZAIN MARKET EXP,37831.00
609,52054,1094,08/04/2026 00:00:00,REFRESHMENT EXP,15000.00
610,610014,1095,08/05/2026 00:00:00,,2000000.00
611,52054,1095,08/05/2026 00:00:00,KHANA,10000.00
612,52015,1095,08/05/2026 00:00:00,PINDI FEUL EXP,20000.00
616,64002,1096,08/06/2026 00:00:00,MASJID FUND,70000.00
617,52002,1096,08/06/2026 00:00:00,D.I.B FEEC,60000.00
618,64002,1096,08/06/2026 00:00:00,DR SB HOUSE EXP,100000.00
619,64002,1096,08/06/2026 00:00:00,DR SB HOUSE CONSTRUCTION WOODMAN,25000.00
620,52014,1096,08/06/2026 00:00:00,SALARY ANWAR ASSISTANT,35000.00
621,544,1096,08/06/2026 00:00:00,AMIR FACTORY FOREIGN TOUR,650000.00
631,610005,1097,08/07/2026 00:00:00,,200000.00
632,610022,1097,08/07/2026 00:00:00,HASNAAT BENTO 130000+ BILTY 16000,130000.00
633,52062,1097,08/07/2026 00:00:00,HASNAAT BAILTY,16000.00
634,52014,1097,08/07/2026 00:00:00,ANWAR FACTORY MACHENIC,96000.00
635,52015,1097,08/07/2026 00:00:00,ZAFAR KHAN SALARY,200000.00
636,548,1097,08/07/2026 00:00:00,ZAFAR KHAN FUEL EXP,40000.00
637,52014,1097,08/07/2026 00:00:00,MEHMOOD SALARY,33750.00
638,548,1097,08/07/2026 00:00:00,DR SB SAKHAR FUEL EXP,25000.00
639,54001,1093,08/03/2026 00:00:00,RENT + INSTALLMENT,1124000.00
640,610012,1093,08/03/2026 00:00:00,IMRAN BOTTLE,400000.00
641,5211001,1093,08/03/2026 00:00:00,IRFAN SALARY  ,150000.00
642,610012,1093,08/03/2026 00:00:00,,500000.00
643,52014,1093,08/03/2026 00:00:00,KASHIF MANZOOR SALARY,120000.00
644,52014,1093,08/03/2026 00:00:00,DR KALEEM SALARY,500000.00
645,52015,1093,08/03/2026 00:00:00,DR WADOOD SALARY,100000.00
646,52015,1093,08/03/2026 00:00:00,DR KHALID SALARY,300000.00
647,52005,1093,08/03/2026 00:00:00,DRAP FEEC,113500.00
648,64002,1093,08/03/2026 00:00:00,TRANSER 10K TO REHAN ACCOUNT,10000.00
649,52001,1093,08/03/2026 00:00:00,,40000.00
650,52015,1098,08/08/2026 00:00:00,AZAR AYUB,50000.00
651,52015,1098,08/08/2026 00:00:00,OMAR KHALIL,80000.00
652,52015,1098,08/08/2026 00:00:00,NOOR,50000.00
653,52015,1098,08/08/2026 00:00:00,SAQLAIN,65000.00
654,52015,1098,08/08/2026 00:00:00,ADEEL,50000.00
655,52015,1098,08/08/2026 00:00:00,HARIS,55000.00
656,52015,1098,08/08/2026 00:00:00,SABOOR,55000.00
657,52015,1098,08/08/2026 00:00:00,ATTIQUE,55000.00
658,52015,1098,08/08/2026 00:00:00,HARIS,50000.00
659,52015,1098,08/08/2026 00:00:00,ABDULLAH,80000.00
660,52015,1098,08/08/2026 00:00:00,NASIR ALI,55000.00
661,64002,1099,08/09/2026 00:00:00,DR SB HOUSE EXP,62500.00
662,610018,1099,08/09/2026 00:00:00,ELCLUPTUS OIL,31200.00
663,610018,1099,08/09/2026 00:00:00,PEPPER MINT OIL,28200.00
664,610019,1099,08/09/2026 00:00:00,UNPRINT BAG,3800.00
665,620041,1100,08/10/2026 00:00:00,QAZIM SALARY,158467.00
666,54001,1100,08/10/2026 00:00:00,RENT + INSTALLMENT,2000000.00
667,54001,1100,08/10/2026 00:00:00,RENT + INSTALLMENT,950000.00
668,620041,1100,08/10/2026 00:00:00,FAISAL SALARY,100000.00
669,12001,1100,08/10/2026 00:00:00,HOUSE LOAN RETURN INSTALLMENT,6100000.00
670,12003,1100,08/10/2026 00:00:00,CAR INSTALLMENT,111650.00
671,64002,1100,08/10/2026 00:00:00,DR SB HOUSE EXP,10000.00
672,52002,1100,08/10/2026 00:00:00,ZEESHAN,100000.00
673,12003,1100,08/10/2026 00:00:00,FORTUNOR INSTALLMENT,512000.00
674,52023,1101,08/11/2026 00:00:00,FACTORY MAINTENANCE  ANWAR,25470.00
675,52015,1101,08/11/2026 00:00:00,ZAIN,300000.00
676,52015,1101,08/11/2026 00:00:00,HAROON,300000.00
677,547,1101,08/11/2026 00:00:00,,7500.00
678,12003,1101,08/11/2026 00:00:00,INSTALLMET CAR,67000.00
679,55001,1101,08/11/2026 00:00:00,AQUA CAR MAINTENANCE  USMAN MECHENIC,127000.00
680,610022,1102,08/12/2026 00:00:00,PAID TO KHALID BANTO,150000.00
681,548,1102,08/12/2026 00:00:00,ATTIQUE EXP,82122.00
682,610018,1102,08/12/2026 00:00:00,STARCH ,8500.00
683,547,1102,08/12/2026 00:00:00,,2500.00
684,610018,1103,08/13/2026 00:00:00,DCP CALCIUM PURCHASED,133488.00
685,14001,1103,08/13/2026 00:00:00,CAR TAX TOKEN ,175700.00
686,610018,1103,08/13/2026 00:00:00,"PF-139750,SORBITAL-78375,FORNIC ACID-43680,ANISE OIL-5000,PEPPER-4600",276605.00
687,54001,1103,08/13/2026 00:00:00,RENT + INSTALLMENT,1695000.00
688,52055,1103,08/13/2026 00:00:00,FUEL EXP,1895.00
694,64002,1105,08/16/2026 00:00:00,DR SB PERSONAL I-PAD REPAIR,13000.00
695,52054,1105,08/16/2026 00:00:00,FACTORY KHANA,5000.00
696,52055,1105,08/16/2026 00:00:00,FUEL EXP,18000.00
697,52015,1106,08/15/2026 00:00:00,DR NOOR SALARY,100000.00
698,54001,1106,08/15/2026 00:00:00,RENT + INSTALLMENT,76100.00
699,52009,1107,08/17/2026 00:00:00,RENT + INSTALLMENT,400323.00
700,610019,1107,08/17/2026 00:00:00,"AMBER BOTTLE,DROPPER,SHOPPER,",170200.00
701,610018,1107,08/17/2026 00:00:00,"STARCH,CASTER OIL,BECARBOBATE,PHOSPHORIES ACID",50050.00
702,52062,1107,08/17/2026 00:00:00,BILTY + RENT,2700.00
703,547,1107,08/17/2026 00:00:00,"RASHAN,STATIONERY, MEDICINE",78245.00
704,540,1107,08/17/2026 00:00:00,ELECTRIC BILL,458181.00
705,52054,1107,08/17/2026 00:00:00,,15000.00
706,52055,1107,08/17/2026 00:00:00,FUEL,3000.00
707,52055,1108,08/18/2026 00:00:00,FUEL EXP,16000.00
708,64002,1108,08/18/2026 00:00:00,DR SB HOUSE EXP,140000.00
709,52055,1108,08/18/2026 00:00:00,TOLL TAX ,10000.00
710,52055,1109,08/19/2026 00:00:00,FUEL EXP,21000.00
711,610018,1109,08/19/2026 00:00:00,TARBEEN OIL ,6500.00
712,52055,1109,08/19/2026 00:00:00,FUEL EXP + COPIES,1500.00
713,52055,1110,08/20/2026 00:00:00,FUEL EXP,20000.00
714,64002,1110,08/20/2026 00:00:00,DR SB HOUSE EXP,29000.00
715,610019,1110,08/20/2026 00:00:00,SILVER BOTTLE,55000.00
716,610018,1110,08/20/2026 00:00:00,PHOSPHORIC ACID+NA SULPHATE+GINGER POWDER+GARLIC POWDER+WALINA CENT+PIPPERMINT OIL+EUCLUPTUS OIL,101740.00
717,52062,1110,08/20/2026 00:00:00,BILTY + RENT,5800.00
718,54001,1111,08/22/2026 00:00:00,RENT + INSTALLMENT,6900000.00
719,610018,1111,08/22/2026 00:00:00,COLOUR+GINGER EXT+GARLIC EXT,68020.00
720,610019,1111,08/22/2026 00:00:00,SHOPPER + TAP+ DHAKA,26600.00
721,52062,1111,08/22/2026 00:00:00,RENT + BILTY,4500.00
722,52001,1111,08/22/2026 00:00:00,SABZI BILL,160330.00
723,548,1111,08/22/2026 00:00:00,DR KHALID EXPENSES,81000.00
724,52014,1111,08/22/2026 00:00:00,ANWAR FACTORY ADVANCE,50000.00
731,64002,1112,08/23/2026 00:00:00,DR SB HOUSE EXP,10000.00
732,52055,1112,08/23/2026 00:00:00,FUEL EXP,10000.00
733,64002,1112,08/23/2026 00:00:00,DR SB HOUSE EXP ( FURNITURE),174500.00
734,610018,1112,08/23/2026 00:00:00,SA.SULPHATE,32000.00
735,610019,1112,08/23/2026 00:00:00,POUCH 1KG+ SHOPPER+TAP+UNPRINT BAG,29900.00
736,52062,1112,08/23/2026 00:00:00,RIKSHA RENT,2100.00
737,52014,1112,08/23/2026 00:00:00,ANWAR ADVANCE,36000.00
746,610018,1113,08/24/2026 00:00:00,STARCH,8500.00
747,52009,1113,08/24/2026 00:00:00,RENT + INSTALLMENT,250000.00
748,52055,1113,08/24/2026 00:00:00,FUEL EXP,10000.00
749,64002,1113,08/24/2026 00:00:00,DR SB HOUSE EXP,15000.00
750,52015,1113,08/24/2026 00:00:00,KASHIF MINHAS SALARY,100000.00
751,64002,1113,08/24/2026 00:00:00,DR SB HOUSE EXP,10000.00
752,52055,1113,08/24/2026 00:00:00,FUEL EXP,5000.00
753,610019,1113,08/24/2026 00:00:00,SILVER BOTTLE,385000.00
754,52062,1113,08/24/2026 00:00:00,Silver botle Bilty,24000.00
763,610019,1114,08/25/2026 00:00:00,SHOPPER + TIE,20000.00
764,610018,1114,08/25/2026 00:00:00,EULUPTUS OIL,15000.00
765,610018,1114,08/25/2026 00:00:00,LEVANDOR OIL,24000.00
766,610018,1114,08/25/2026 00:00:00,SPRIT,179000.00
767,52062,1114,08/25/2026 00:00:00,RENT,4000.00
768,52014,1114,08/25/2026 00:00:00,MAHMOOD ADVANCE SALARY,50000.00
769,610021,1114,08/25/2026 00:00:00,,500000.00
770,610005,1114,08/25/2026 00:00:00,,250000.00
771,52055,1114,08/25/2026 00:00:00,FUEL EXP,5000.00
772,610016,1114,08/25/2026 00:00:00,,100000.00
773,52009,1114,08/25/2026 00:00:00,RENT + INSTALLMNET,250000.00
774,610004,1114,08/25/2026 00:00:00,50000+170000+215000,435000.00
775,540,1114,08/25/2026 00:00:00,FACTORY PTCL BILL,6410.00
776,64002,1114,08/25/2026 00:00:00,DR SB HOUSE EXPENSES,64750.00
777,52009,1115,08/27/2026 00:00:00,RENT + INSTALLMENT,500000.00
778,52005,1115,08/27/2026 00:00:00,FEEC,193000.00
779,610016,1115,08/27/2026 00:00:00,,350000.00
780,610004,1115,08/27/2026 00:00:00,,50000.00
781,64002,1115,08/27/2026 00:00:00,DR SB HOUSE EXPENSES,15000.00
782,52055,1115,08/27/2026 00:00:00,FEUL EXP,35000.00
783,52023,1116,08/28/2026 00:00:00,SANTERY EXP,10000.00
784,52054,1116,08/28/2026 00:00:00,KHANA,10000.00
785,610004,1117,08/29/2026 00:00:00,,86000.00
786,64002,1117,08/29/2026 00:00:00,DR SB HOUSE EXP,400000.00
794,54001,1104,08/14/2026 00:00:00,RENT+ INSTALLMENT,54900.00
795,64002,1104,08/14/2026 00:00:00,DR SB HOUSE EXP,20000.00
796,54001,1104,08/14/2026 00:00:00,RENT + INSTALLMENT,500000.00
797,52054,1120,09/01/2026 00:00:00,khana,10000.00
798,610022,1120,09/01/2026 00:00:00,sajid calcium,170577.00
799,52014,1121,09/02/2026 00:00:00,DR KALEEM SALARY,500000.00
800,52010,1121,09/02/2026 00:00:00,PROFIT AGAINT INVESTMENT,313000.00
801,64002,1121,09/02/2026 00:00:00,CAR TOKEN,175770.00
802,52014,1121,09/02/2026 00:00:00,LABOUR SALARY,483000.00
803,52055,1121,09/02/2026 00:00:00,DR SB VIST COLUR KHAR,10000.00
804,64002,1121,09/02/2026 00:00:00,MASJID,70000.00
805,52023,1121,09/02/2026 00:00:00,NASIR BUILDING,224000.00
806,549,1121,09/02/2026 00:00:00,RIAZ MUTAFA INCENTIVE,100000.00
807,64002,1121,09/02/2026 00:00:00,PLOT PAYMENT,500000.00
808,547,1119,08/31/2026 00:00:00,ANWAR FAN,6000.00
809,610004,1119,08/31/2026 00:00:00,,29000.00
810,52009,1119,08/31/2026 00:00:00,RENT + INSTALLMENT,680000.00
811,547,1119,08/31/2026 00:00:00,CAR SERVICE,5000.00
812,620041,1119,08/31/2026 00:00:00,SARFARAZ BUREWALA,100000.00
813,547,1119,08/31/2026 00:00:00,WORKER HELP,17000.00
814,52014,1119,08/31/2026 00:00:00,MEHMOOD ADANCE SALARY,50000.00
815,64002,1119,08/31/2026 00:00:00,DR SB HOUSE EXP,100000.00
816,64002,1122,08/20/2026 00:00:00,DR SB PERSONAL PLOT INSTALLMENT,500000.00
817,64002,1123,08/21/2026 00:00:00,PLOT INSTALLMENT,500000.00
818,64002,1124,08/22/2026 00:00:00,PLOT INSTALLMENT 5,500000.00
819,64002,1125,08/22/2026 00:00:00,PLOT INSTALLMENT,500000.00
820,52055,1118,08/30/2026 00:00:00,FUEL EXP ARSHID,20000.00
821,52054,1118,08/30/2026 00:00:00,KHANA,10000.00
822,610018,1118,08/30/2026 00:00:00,LOCAL RAW MATERIAL PURCHASED,86000.00
