PackingID,PackingDate,Remarks,ProductID,Quantity,BatchNo,ExpiryDate,Cost,TTLValue,Expense,UserNo,IsPosted
1,07/03/2023 00:00:00,,00010,2600,001,07/02/2025 00:00:00,21.664000,56326.400000,0.00,1,False
2,07/04/2023 00:00:00,,00008,3000,001,07/03/2025 00:00:00,26.204833,78614.500000,0.00,1,False
3,07/04/2023 00:00:00,,00016,5,003,09/28/2024 00:00:00,3732.000000,18660.000000,0.00,1,False
4,07/04/2023 00:00:00,,00040,1,001,09/28/2024 00:00:00,235.085000,235.085000,0.00,1,False
5,07/05/2023 00:00:00,,00009,3000,001,07/04/2025 00:00:00,24.774467,74323.400400,0.00,1,False
6,07/05/2023 00:00:00,,00022,5,003,07/04/2025 00:00:00,622.000000,3110.000000,0.00,1,False
7,07/06/2023 00:00:00,,00013,3000,001,09/28/2025 00:00:00,31.825833,95477.499000,0.00,1,False
8,07/13/2023 00:00:00,,00051,8,001,07/12/2025 00:00:00,1855.750000,14846.000000,0.00,1,False
9,07/11/2023 00:00:00,,00022,100,009,07/10/2025 00:00:00,476.000000,47600.000000,0.00,1,False
10,07/11/2023 00:00:00,,00052,20,001,07/10/2025 00:00:00,983.975000,19679.500000,0.00,1,False
11,07/13/2023 00:00:00,,00040,60,0013,07/12/2025 00:00:00,1177.666667,70660.000000,0.00,1,False
12,07/13/2023 00:00:00,,00041,20,0013,07/12/2025 00:00:00,1407.000000,28140.000000,0.00,1,False
13,07/13/2023 00:00:00,,00074,5,0013,07/12/2025 00:00:00,593.000000,2965.000000,0.00,1,False
14,07/13/2023 00:00:00,,00022,2,0013,07/12/2025 00:00:00,622.000000,1244.000000,0.00,1,False
15,07/13/2023 00:00:00,,00038,5,0013,07/12/2025 00:00:00,1130.500000,5652.500000,0.00,1,False
16,07/13/2023 00:00:00,,00014,1400,0013,07/12/2025 00:00:00,88.013011,123218.216000,0.00,1,False
17,07/13/2023 00:00:00,,00052,12,002,07/12/2025 00:00:00,882.041650,10584.499800,0.00,1,False
18,07/13/2023 00:00:00,,00051,8,002,07/12/2025 00:00:00,1773.000000,14184.000000,0.00,1,False
19,07/04/2023 00:00:00,,00014,1000,001,10/02/2025 00:00:00,44.212540,44212.540000,0.00,1,False
20,07/16/2023 00:00:00,,00009,2000,002,07/15/2025 00:00:00,24.962626,49925.251200,0.00,1,False
21,07/17/2023 00:00:00,,00010,1900,002,07/16/2025 00:00:00,21.969737,41742.500000,0.00,1,False
22,07/18/2023 00:00:00,,00008,1000,002,07/17/2025 00:00:00,25.899500,25899.500000,0.00,1,False
23,07/18/2023 00:00:00,,00040,8,002,07/17/2025 00:00:00,1197.125000,9577.000000,0.00,1,False
24,07/18/2023 00:00:00,,00014,320,002,07/17/2025 00:00:00,56.006250,17922.000000,0.00,1,False
25,07/22/2023 00:00:00,,00036,975,02,07/21/2025 00:00:00,41.691280,40648.998000,0.00,1,False
26,07/22/2023 00:00:00,,00022,10,002,07/21/2025 00:00:00,476.000000,4760.000000,0.00,1,False
27,07/06/2023 00:00:00,,00036,500,002,07/05/2025 00:00:00,41.120000,20560.000000,0.00,1,False
28,07/24/2023 00:00:00,,00022,2,002,07/23/2025 00:00:00,475.000000,950.000000,0.00,1,False
29,07/24/2023 00:00:00,,00074,5,002,07/23/2025 00:00:00,588.805760,2944.028800,0.00,1,False
30,07/25/2023 00:00:00,,00076,100,001,07/24/2025 00:00:00,888.205760,88820.576000,0.00,1,False
31,07/27/2023 00:00:00,,00013,1000,002,07/26/2025 00:00:00,33.622300,33622.300000,0.00,1,False
32,07/27/2023 00:00:00,,00009,200,002,07/26/2025 00:00:00,22.458300,4491.660000,0.00,1,False
33,07/27/2023 00:00:00,,00008,200,002,07/26/2025 00:00:00,24.228500,4845.700000,0.00,1,False
34,07/27/2023 00:00:00,,00010,200,002,07/26/2025 00:00:00,21.110250,4222.050000,0.00,1,False
35,07/27/2023 00:00:00,,00019,17,002,07/26/2025 00:00:00,495.000000,8415.000000,0.00,1,False
36,07/27/2023 00:00:00,,00022,8,002,07/26/2025 00:00:00,622.000000,4976.000000,0.00,1,False
37,07/30/2023 00:00:00,,00014,100,002,07/29/2025 00:00:00,46.632500,4663.250000,0.00,1,False
38,07/30/2023 00:00:00,,00032,600,001,07/29/2025 00:00:00,326.405001,195843.000500,0.00,1,False
39,07/31/2023 00:00:00,,00024,540,001,07/30/2025 00:00:00,397.576221,214691.159250,0.00,1,False
40,08/01/2023 00:00:00,,00050,204,002,07/31/2026 00:00:00,412.584214,84167.179690,0.00,1,False
41,08/01/2023 00:00:00,,00051,24,002,07/31/2026 00:00:00,1266.277767,30390.666400,0.00,1,False
42,08/01/2023 00:00:00,,00054,84,001,07/31/2026 00:00:00,402.136994,33779.507510,0.00,1,False
43,08/01/2023 00:00:00,,00049,12,002,07/31/2025 00:00:00,871.986500,10463.838000,0.00,1,False
44,08/02/2023 00:00:00,,00049,100,002,08/01/2025 00:00:00,640.856500,64085.650000,0.00,1,False
45,08/02/2023 00:00:00,,00077,252,001,08/01/2025 00:00:00,372.642142,93905.819760,0.00,1,False
47,08/03/2023 00:00:00,,00047,96,002,08/02/2025 00:00:00,672.323750,64543.080000,0.00,1,False
48,08/06/2023 00:00:00,,00047,104,002,08/05/2025 00:00:00,656.104977,68234.917600,0.00,1,False
49,08/08/2023 00:00:00,,00019,40,001,11/01/2025 00:00:00,495.000000,19800.000000,0.00,1,False
50,08/03/2023 00:00:00,,00078,100,001,11/01/2025 00:00:00,453.292000,45329.200000,0.00,1,False
53,08/07/2023 00:00:00,,00009,1000,0002,11/02/2025 00:00:00,23.913300,23913.299600,0.00,1,False
54,08/09/2023 00:00:00,,00026,988,001,11/02/2025 00:00:00,24.325330,24033.426040,0.00,1,False
55,08/09/2023 00:00:00,,00028,100,001,11/02/2025 00:00:00,584.133250,58413.325000,0.00,1,False
56,08/10/2023 00:00:00,,00014,980,0002,11/02/2025 00:00:00,43.749494,42874.504600,0.00,1,False
57,08/10/2023 00:00:00,,00008,1000,0002,11/02/2025 00:00:00,25.535694,25535.694480,0.00,1,False
58,08/12/2023 00:00:00,,00019,150,0003,11/02/2025 00:00:00,495.000000,74250.000000,0.00,1,False
60,08/15/2023 00:00:00,,00079,435,001,11/12/2025 00:00:00,224.801578,97788.686250,0.00,1,False
61,08/13/2023 00:00:00,,00078,297,002,11/13/2025 00:00:00,292.925250,86998.799250,0.00,1,False
62,08/15/2023 00:00:00,,00052,4,004,11/13/2025 00:00:00,818.625463,3274.501850,0.00,1,False
63,08/16/2023 00:00:00,,00080,300,001,11/14/2025 00:00:00,187.630910,56289.273000,0.00,1,False
64,08/17/2023 00:00:00,,00014,2000,004,11/14/2025 00:00:00,39.724145,79448.290000,0.00,1,False
65,08/17/2023 00:00:00,,00024,120,002,11/14/2025 00:00:00,462.177653,55461.318360,0.00,1,False
66,08/17/2023 00:00:00,52 can Label Micro Live,00052,92,002,11/14/2025 00:00:00,1438.714007,132361.688600,0.00,1,False
67,08/25/2023 00:00:00,,00026,996,001,11/15/2025 00:00:00,44.070958,43894.674360,0.00,1,False
68,08/26/2023 00:00:00,,00082,884,001,11/15/2025 00:00:00,152.113200,134468.068800,0.00,1,False
69,08/28/2023 00:00:00,,00068,250,001,11/15/2025 00:00:00,302.473070,75618.267500,0.00,1,False
70,08/19/2023 00:00:00,,00014,1840,0003,11/16/2025 00:00:00,42.301171,77834.154400,0.00,1,False
71,08/19/2023 00:00:00,,00016,2,0003,11/17/2025 00:00:00,489.672260,979.344520,0.00,1,False
72,08/20/2023 00:00:00,,00013,1370,0003,11/17/2025 00:00:00,32.194887,44106.994640,0.00,1,False
73,08/20/2023 00:00:00,,00024,120,0003,11/17/2025 00:00:00,411.957831,49434.939750,0.00,1,False
74,08/19/2023 00:00:00,,00068,114,001,11/17/2025 00:00:00,377.821349,43071.633800,0.00,1,False
75,08/22/2023 00:00:00,,00012,1536,001,12/10/2025 00:00:00,42.606389,65443.413440,0.00,1,False
76,08/23/2023 00:00:00,,00019,12,0005,11/17/2025 00:00:00,498.967627,5987.611520,0.00,1,False
77,08/20/2023 00:00:00,,00052,48,0005,12/20/2025 00:00:00,1274.978041,61198.945950,0.00,1,False
78,08/21/2023 00:00:00,,00039,995,001,11/17/2024 00:00:00,34.326042,34154.411750,0.00,1,False
79,08/26/2023 00:00:00,,00040,10,0002,10/12/2025 00:00:00,368.805760,3688.057600,0.00,1,False
80,08/27/2023 00:00:00,,00038,10,0004,10/12/2025 00:00:00,383.805760,3838.057600,0.00,1,False
81,08/29/2023 00:00:00,,00032,118,0003,11/23/2025 00:00:00,308.169286,36363.975700,0.00,1,False
82,08/29/2023 00:00:00,,00049,8,0003,11/23/2025 00:00:00,836.429119,6691.432950,0.00,1,False
83,08/30/2023 00:00:00,,00010,3000,0003,11/23/2025 00:00:00,21.962070,65886.209280,0.00,1,False
84,08/30/2023 00:00:00,,00049,16,0003,11/23/2025 00:00:00,740.868667,11853.898670,0.00,1,False
85,08/31/2023 00:00:00,,00008,1500,0003,12/20/2025 00:00:00,28.281202,42421.802640,0.00,1,False
86,08/31/2023 00:00:00,,00084,12,0001,12/20/2025 00:00:00,2723.483874,32681.806490,0.00,1,False
87,08/31/2023 00:00:00,,00085,20,0001,12/20/2025 00:00:00,1790.639871,35812.797420,0.00,1,False
88,09/03/2023 00:00:00,,00009,700,0001,11/23/2025 00:00:00,11.173341,7821.338620,0.00,1,False
89,09/03/2023 00:00:00,,00024,298,0001,11/23/2025 00:00:00,605.368788,180399.898680,0.00,1,False
90,09/03/2023 00:00:00,,00032,216,0001,11/23/2025 00:00:00,325.999704,70415.936100,0.00,1,False
91,09/03/2023 00:00:00,,00049,16,0001,11/23/2025 00:00:00,941.476219,15063.619500,0.00,1,False
92,09/03/2023 00:00:00,,00072,60,0001,11/23/2025 00:00:00,1010.473822,60628.429300,0.00,1,False
93,09/03/2023 00:00:00,,00054,24,0001,11/23/2025 00:00:00,549.117991,13178.831790,0.00,1,False
94,09/03/2023 00:00:00,,00050,36,0001,11/23/2025 00:00:00,431.339322,15528.215600,0.00,1,False
95,09/03/2023 00:00:00,,00045,84,0001,11/23/2025 00:00:00,347.467151,29187.240710,0.00,1,False
96,09/03/2023 00:00:00,,00046,36,0001,11/23/2025 00:00:00,900.596676,32421.480350,0.00,1,False
98,09/04/2023 00:00:00,,00047,66,0001,11/23/2025 00:00:00,802.664071,52975.828700,0.00,1,False
99,09/05/2023 00:00:00,Scour Best,00008,570,0001,11/23/2025 00:00:00,15.247809,8691.251400,0.00,1,False
100,09/05/2023 00:00:00,Named Calco Best,00009,470,001,11/23/2025 00:00:00,11.843227,5566.316510,0.00,1,False
101,09/05/2023 00:00:00,,00040,12,0003,11/23/2025 00:00:00,310.000000,3720.000000,0.00,1,False
102,09/05/2023 00:00:00,,00038,3,003,11/23/2025 00:00:00,310.000000,930.000000,0.00,1,False
103,09/04/2023 00:00:00,,00086,249,0001,11/23/2025 00:00:00,451.168273,112340.900000,0.00,1,False
104,09/06/2023 00:00:00,,00012,960,0002,11/26/2025 00:00:00,50.835421,48802.004300,0.00,1,False
105,09/06/2023 00:00:00,,00087,50,0001,11/26/2025 00:00:00,434.451830,21722.591500,0.00,1,False
106,09/06/2023 00:00:00,,00046,4,0001,11/26/2025 00:00:00,1731.234278,6924.937110,0.00,1,False
107,09/06/2023 00:00:00,,00013,56,0001,11/26/2025 00:00:00,7.069489,395.891360,0.00,1,False
108,09/07/2023 00:00:00,,00084,20,0001,11/26/2025 00:00:00,1717.099605,34341.992100,0.00,1,False
109,09/07/2023 00:00:00,,00050,60,0002,11/26/2025 00:00:00,550.220744,33013.244650,0.00,1,False
110,09/07/2023 00:00:00,,00051,20,0002,11/26/2025 00:00:00,2127.711348,42554.226950,0.00,1,False
111,09/07/2023 00:00:00,,00012,336,0002,11/26/2025 00:00:00,53.890163,18107.094670,0.00,1,False
112,09/09/2023 00:00:00,,00010,1040,0002,11/29/2025 00:00:00,22.161158,23047.604440,0.00,1,False
113,09/09/2023 00:00:00,,00008,1000,0002,11/29/2025 00:00:00,25.425188,25425.188000,0.00,1,False
114,09/09/2023 00:00:00,,00014,480,0003,11/29/2025 00:00:00,46.900255,22512.122400,0.00,1,False
115,09/10/2023 00:00:00,,00009,700,0003,12/14/2025 00:00:00,22.200745,15540.521500,0.00,1,False
116,09/10/2023 00:00:00,,00032,168,0003,12/14/2025 00:00:00,300.413907,50469.536400,0.00,1,False
117,09/10/2023 00:00:00,,00045,24,0001,12/14/2025 00:00:00,390.220417,9365.290000,0.00,1,False
118,09/11/2023 00:00:00,,00088,49,0001,12/14/2025 00:00:00,525.000000,25725.000000,0.00,1,False
119,09/14/2023 00:00:00,,00026,1996,0001,12/14/2025 00:00:00,54.642682,109066.793600,0.00,1,False
120,09/14/2023 00:00:00,,00028,199,0001,12/14/2025 00:00:00,1379.124975,274445.870000,0.00,1,False
121,09/14/2023 00:00:00,,00078,2,0002,12/14/2025 00:00:00,275.000000,550.000000,0.00,1,False
122,09/14/2023 00:00:00,,00047,253,0002,12/14/2025 00:00:00,1021.724440,258496.283350,0.00,1,False
123,09/14/2023 00:00:00,,00041,10,0001,12/14/2025 00:00:00,563.662740,5636.627400,0.00,1,False
124,09/16/2023 00:00:00,,00036,500,0002,12/14/2025 00:00:00,46.483882,23241.940800,0.00,1,False
125,09/16/2023 00:00:00,,00076,90,0002,12/14/2025 00:00:00,800.070990,72006.389100,0.00,1,False
126,09/17/2023 00:00:00,,00076,123,0001,12/14/2025 00:00:00,656.085922,80698.568400,0.00,1,False
127,09/17/2023 00:00:00,,00016,26,0001,12/14/2025 00:00:00,471.875000,12268.750000,0.00,1,False
128,09/17/2023 00:00:00,,00052,28,0002,12/14/2025 00:00:00,1164.889776,32616.913720,0.00,1,False
129,09/18/2023 00:00:00,,00032,60,0003,12/14/2025 00:00:00,325.781467,19546.888000,0.00,1,False
130,09/18/2023 00:00:00,,00049,24,0003,12/14/2025 00:00:00,694.056788,16657.362900,0.00,1,False
131,09/18/2023 00:00:00,,00052,24,0003,12/14/2025 00:00:00,1509.398317,36225.559600,0.00,1,False
132,09/18/2023 00:00:00,,00050,12,0003,12/18/2025 00:00:00,513.701667,6164.420000,0.00,1,False
133,09/18/2023 00:00:00,,00045,12,0003,12/18/2025 00:00:00,331.123667,3973.484000,0.00,1,False
134,09/19/2023 00:00:00,,00054,300,0002,12/18/2025 00:00:00,109.925000,32977.500000,0.00,1,False
135,09/19/2023 00:00:00,,00032,300,0003,12/18/2025 00:00:00,38.768130,11630.439000,0.00,1,False
136,09/19/2023 00:00:00,,00089,750,0002,12/18/2025 00:00:00,10.064351,7548.263400,0.00,1,False
137,09/20/2023 00:00:00,120 Bottle Fill  Named By CAL PHOS D.ISSUED TO QAZI IRFAN,00032,240,0003,12/18/2025 00:00:00,321.043133,77050.352000,0.00,1,False
138,09/21/2023 00:00:00,,00044,12,0001,12/18/2025 00:00:00,855.466438,10265.597250,0.00,1,False
139,09/21/2023 00:00:00,,00014,620,0004,12/18/2025 00:00:00,41.484432,25720.347600,0.00,1,False
140,09/21/2023 00:00:00,,00074,10,0001,12/18/2025 00:00:00,612.000000,6120.000000,0.00,1,False
141,09/23/2023 00:00:00,,00013,1200,0001,12/18/2025 00:00:00,14.022045,16826.453680,0.00,1,False
142,09/24/2023 00:00:00,,00014,800,0005,12/18/2025 00:00:00,40.074068,32059.254400,0.00,1,False
143,09/25/2023 00:00:00,,00032,24,0004,12/18/2025 00:00:00,314.351467,7544.435200,0.00,1,False
144,09/25/2023 00:00:00,,00045,36,0002,12/18/2025 00:00:00,398.737552,14354.551880,0.00,1,False
145,09/25/2023 00:00:00,,00050,36,0002,12/18/2025 00:00:00,493.985392,17783.474100,0.00,1,False
146,09/25/2023 00:00:00,,00051,8,0002,12/18/2025 00:00:00,1729.341988,13834.735900,0.00,1,False
147,09/25/2023 00:00:00,,00090,18,0001,12/18/2025 00:00:00,913.789744,16448.215400,0.00,1,False
148,09/25/2023 00:00:00,,00091,20,0001,12/18/2025 00:00:00,869.104988,17382.099750,0.00,1,False
149,09/26/2023 00:00:00,,00019,100,0002,12/18/2026 00:00:00,500.000000,50000.000000,0.00,1,False
150,09/26/2023 00:00:00,,00038,100,0002,12/19/2026 00:00:00,650.600000,65060.000000,0.00,1,False
151,09/26/2023 00:00:00,,00074,10,0001,12/19/2026 00:00:00,631.000000,6310.000000,0.00,1,False
152,09/26/2023 00:00:00,,00047,3,0002,12/19/2025 00:00:00,3599.761563,10799.284690,0.00,1,False
153,09/26/2023 00:00:00,,00052,3,0002,12/19/2025 00:00:00,858.577693,2575.733080,0.00,1,False
154,09/26/2023 00:00:00,,00022,1,0003,12/19/2025 00:00:00,622.000000,622.000000,0.00,1,False
155,09/27/2023 00:00:00,,00038,60,0001,12/19/2025 00:00:00,661.499917,39689.995000,0.00,1,False
156,09/27/2023 00:00:00,,00022,70,0003,12/19/2025 00:00:00,649.000000,45430.000000,0.00,1,False
157,09/27/2023 00:00:00,,00019,83,0003,12/19/2025 00:00:00,500.000000,41500.000000,0.00,1,False
158,09/27/2023 00:00:00,,00016,19,0004,12/19/2025 00:00:00,489.769750,9305.625250,0.00,1,False
159,09/28/2023 00:00:00,,00032,36,0004,12/19/2025 00:00:00,545.191600,19626.897610,0.00,1,False
160,09/28/2023 00:00:00,,00074,50,0004,12/19/2025 00:00:00,665.200000,33260.000000,0.00,1,False
161,09/28/2023 00:00:00,,00022,22,0004,12/19/2025 00:00:00,661.818182,14560.000000,0.00,1,False
162,09/30/2023 00:00:00,,00022,100,0004,12/19/2025 00:00:00,694.350000,69435.000000,0.00,1,False
163,09/30/2023 00:00:00,,00096,104,0001,09/30/2025 00:00:00,397.246532,41313.639300,0.00,1,False
164,10/01/2023 00:00:00,,00093,300,0001,12/25/2025 00:00:00,313.157497,93947.249000,0.00,1,False
165,10/01/2023 00:00:00,,00092,120,0001,12/25/2025 00:00:00,446.070997,53528.519600,0.00,1,False
166,10/01/2023 00:00:00,,00024,300,0004,12/25/2025 00:00:00,426.386727,127916.018000,0.00,1,False
167,10/01/2023 00:00:00,,00094,300,0001,12/25/2025 00:00:00,405.280357,121584.107000,0.00,1,False
169,10/02/2023 00:00:00,,00032,60,0003,12/25/2025 00:00:00,339.157717,20349.463000,0.00,1,False
170,10/03/2023 00:00:00,,00009,670,0003,12/25/2025 00:00:00,29.844161,19995.588120,0.00,1,False
171,10/03/2023 00:00:00,,00014,345,0005,12/25/2025 00:00:00,45.482692,15691.528830,0.00,1,False
172,10/03/2023 00:00:00,,00016,43,0005,12/25/2025 00:00:00,543.958250,23390.204750,0.00,1,False
173,10/04/2023 00:00:00,,00095,305,0001,12/25/2025 00:00:00,591.589160,180434.693750,0.00,1,False
174,10/04/2023 00:00:00,From H.P.I Return,00095,45,0001,12/25/2025 00:00:00,2398.042000,107911.890000,0.00,1,False
175,10/04/2023 00:00:00,,00022,100,0004,12/25/2025 00:00:00,498.400000,49840.000000,0.00,1,False
176,10/05/2023 00:00:00,,00022,255,0004,12/26/2025 00:00:00,498.333333,127075.000000,0.00,1,False
177,10/05/2023 00:00:00,,00038,10,0004,12/26/2025 00:00:00,735.804250,7358.042500,0.00,1,False
178,10/05/2023 00:00:00,,00019,85,0004,12/26/2025 00:00:00,2333.042000,198308.570000,0.00,1,False
179,10/05/2023 00:00:00,,00016,6,0004,12/26/2025 00:00:00,543.958250,3263.749500,0.00,1,False
180,10/05/2023 00:00:00,,00041,25,0003,12/26/2025 00:00:00,936.250000,23406.250000,0.00,1,False
181,10/05/2023 00:00:00,,00074,40,0003,12/26/2025 00:00:00,620.902000,24836.080000,0.00,1,False
182,10/05/2023 00:00:00,,00091,8,0002,12/26/2025 00:00:00,965.229988,7721.839900,0.00,1,False
183,10/05/2023 00:00:00,,00090,8,0002,12/26/2025 00:00:00,989.732288,7917.858300,0.00,1,False
184,10/06/2023 00:00:00,,00032,84,0004,12/26/2025 00:00:00,342.110101,28737.248480,0.00,1,False
185,10/06/2023 00:00:00,,00047,200,0002,12/26/2025 00:00:00,841.556209,168311.241750,0.00,1,False
186,10/07/2023 00:00:00,,00072,20,0002,12/26/2025 00:00:00,938.660088,18773.201750,0.00,1,False
187,10/07/2023 00:00:00,,00022,60,0004,12/26/2025 00:00:00,488.666667,29320.000000,0.00,1,False
188,10/07/2023 00:00:00,,00014,400,0004,12/26/2025 00:00:00,43.005418,17202.167200,0.00,1,False
189,10/07/2023 00:00:00,,00038,50,0003,12/26/2025 00:00:00,513.800000,25690.000000,0.00,1,False
190,10/08/2023 00:00:00,,00014,400,0005,12/26/2025 00:00:00,43.338625,17335.449920,0.00,1,False
191,10/08/2023 00:00:00,,00019,99,0005,12/26/2025 00:00:00,666.640250,65997.384750,0.00,1,False
192,10/08/2023 00:00:00,,00074,8,0003,12/26/2025 00:00:00,640.635750,5125.086000,0.00,1,False
193,10/02/2023 00:00:00,,00036,890,0003,12/26/2025 00:00:00,41.843539,37240.750000,0.00,1,False
194,10/09/2023 00:00:00,,00052,20,0003,12/28/2025 00:00:00,1136.358615,22727.172300,0.00,1,False
195,10/09/2023 00:00:00,,00014,200,0004,12/28/2025 00:00:00,42.521218,8504.243600,0.00,1,False
196,10/09/2023 00:00:00,,00016,3,0004,12/28/2025 00:00:00,408.678750,1226.036250,0.00,1,False
197,10/09/2023 00:00:00,,00084,8,0001,12/28/2025 00:00:00,961.227788,7689.822300,0.00,1,False
198,10/10/2023 00:00:00,,00014,2000,0005,12/28/2025 00:00:00,39.658461,79316.922960,0.00,1,False
199,10/11/2023 00:00:00,,00014,1480,0005,12/31/2025 00:00:00,42.984771,63617.460650,0.00,1,False
200,10/12/2023 00:00:00,Packet AD3 Minerals 1 Kg,00014,800,0001,01/03/2025 00:00:00,42.962982,34370.385600,0.00,1,False
201,10/12/2023 00:00:00,Packed Vitamin,00016,8,0001,01/03/2025 00:00:00,453.713000,3629.704000,0.00,1,False
202,10/12/2023 00:00:00,Label Use Bio Ambrox 1 Lit,00054,36,0001,01/03/2025 00:00:00,279.338889,10056.200000,0.00,1,False
203,10/12/2023 00:00:00,,00068,252,0002,01/03/2025 00:00:00,178.182140,44901.899280,0.00,1,False
204,10/14/2023 00:00:00,AD3 Minerals,00014,800,0001,01/08/2025 00:00:00,45.384020,36307.216000,0.00,1,False
205,10/14/2023 00:00:00,,00040,13,0001,01/08/2025 00:00:00,976.214981,12690.794750,0.00,1,False
206,10/15/2023 00:00:00,AD3 Minerals 1 Kg,00014,1795,0001,10/14/2025 00:00:00,32.087975,57597.915080,0.00,1,False
207,10/15/2023 00:00:00,,00032,120,0004,10/14/2025 00:00:00,316.762848,38011.541800,0.00,1,False
208,10/15/2023 00:00:00,,00049,40,0004,10/14/2025 00:00:00,764.450231,30578.009230,0.00,1,False
209,10/15/2023 00:00:00,,00097,60,0001,10/14/2025 00:00:00,787.199134,47231.948030,0.00,1,False
210,10/15/2023 00:00:00,,00024,58,0004,10/14/2025 00:00:00,349.869473,20292.429440,0.00,1,False
211,10/15/2023 00:00:00,,00052,12,0004,10/14/2025 00:00:00,937.789717,11253.476600,0.00,1,False
212,10/15/2023 00:00:00,,00099,60,0001,10/14/2025 00:00:00,1133.432586,68005.955180,0.00,1,False
213,10/15/2023 00:00:00,,00098,60,0001,10/14/2025 00:00:00,835.160676,50109.640550,0.00,1,False
214,10/15/2023 00:00:00,,00046,4,0002,10/14/2025 00:00:00,1030.390540,4121.562160,0.00,1,False
215,10/15/2023 00:00:00,,00053,41,0001,10/14/2025 00:00:00,915.588902,37539.144990,0.00,1,False
216,10/17/2023 00:00:00,,00047,200,0001,10/16/2025 00:00:00,753.310484,150662.096850,0.00,1,False
217,10/17/2023 00:00:00,,00049,20,0004,10/16/2025 00:00:00,777.663849,15553.276980,0.00,1,False
218,10/17/2023 00:00:00,,00014,622,0001,10/16/2025 00:00:00,24.115756,15000.000000,0.00,1,False
219,10/18/2023 00:00:00,,00072,4,0001,10/17/2025 00:00:00,1073.130743,4292.522970,0.00,1,False
220,10/18/2023 00:00:00,,00090,4,0001,10/17/2025 00:00:00,861.771595,3447.086380,0.00,1,False
221,10/19/2023 00:00:00,,00014,940,0005,10/18/2025 00:00:00,42.760779,40195.132000,0.00,1,False
222,10/19/2023 00:00:00,,00100,300,0001,10/18/2025 00:00:00,383.401951,115020.585340,0.00,1,False
225,10/19/2023 00:00:00,,00101,12,0001,10/18/2025 00:00:00,192.170670,2306.048040,0.00,1,False
226,10/19/2023 00:00:00,,00102,12,0001,10/18/2025 00:00:00,446.432920,5357.195040,0.00,1,False
227,10/21/2023 00:00:00,,00032,264,0003,10/20/2025 00:00:00,306.978429,81042.305280,0.00,1,False
228,10/22/2023 00:00:00,,00014,680,0005,10/21/2025 00:00:00,40.224106,27352.392000,0.00,1,False
229,10/22/2023 00:00:00,,00078,221,0003,10/21/2025 00:00:00,390.013750,86193.038750,0.00,1,False
230,10/25/2023 00:00:00,,00103,120,0001,10/24/2025 00:00:00,275.213903,33025.668320,0.00,1,False
231,10/25/2023 00:00:00,,00073,300,0001,10/24/2025 00:00:00,443.690947,133107.284000,0.00,1,False
232,10/25/2023 00:00:00,,00040,4,0003,10/24/2025 00:00:00,189.967250,759.869000,0.00,1,False
233,10/26/2023 00:00:00,,00077,58,0001,10/25/2025 00:00:00,667.397183,38709.036640,0.00,1,False
234,10/26/2023 00:00:00,,00008,1070,0001,10/25/2025 00:00:00,21.695480,23214.163910,0.00,1,False
235,10/26/2023 00:00:00,Vitamin+Minerals,00016,20,0001,10/25/2025 00:00:00,742.902745,14858.054900,0.00,1,False
236,10/26/2023 00:00:00,,00019,10,0001,10/25/2025 00:00:00,475.000000,4750.000000,0.00,1,False
237,10/26/2023 00:00:00,,00016,1,0001,10/25/2025 00:00:00,1214.749750,1214.749750,0.00,1,False
238,10/28/2023 00:00:00,,00052,40,0003,10/27/2025 00:00:00,875.475994,35019.039750,0.00,1,False
239,10/28/2023 00:00:00,,00016,11,0005,10/27/2025 00:00:00,1120.754323,12328.297550,0.00,1,False
240,10/29/2023 00:00:00,,00104,300,0001,10/28/2025 00:00:00,408.519163,122555.749000,0.00,1,False
242,10/19/2023 00:00:00,,00103,12,0001,10/18/2025 00:00:00,160.284767,1923.417200,0.00,1,False
243,11/01/2023 00:00:00,,00103,180,0001,10/30/2025 00:00:00,198.751375,35775.247490,0.00,1,False
244,11/01/2023 00:00:00,,00101,300,0001,10/30/2025 00:00:00,210.086091,63025.827390,0.00,1,False
245,11/02/2023 00:00:00,,00102,96,0001,11/01/2025 00:00:00,454.089487,43592.590720,0.00,1,False
246,11/04/2023 00:00:00,,00012,624,0001,11/03/2025 00:00:00,49.557634,30923.963920,0.00,1,False
247,11/04/2023 00:00:00,,00044,40,0001,11/03/2025 00:00:00,911.864177,36474.567080,0.00,1,False
248,11/04/2023 00:00:00,,00016,6,0005,11/03/2025 00:00:00,1231.750250,7390.501500,0.00,1,False
249,11/04/2023 00:00:00,,00052,12,0003,11/03/2025 00:00:00,837.643700,10051.724400,0.00,1,False
250,11/05/2023 00:00:00,,00012,297,0001,11/04/2025 00:00:00,44.644856,13259.522110,0.00,1,False
251,11/04/2023 00:00:00,,00044,20,0001,11/04/2025 00:00:00,991.784422,19835.688440,0.00,1,False
252,11/05/2023 00:00:00,,00016,21,0005,11/04/2025 00:00:00,944.753781,19839.829400,0.00,1,False
253,11/09/2023 00:00:00,,00022,340,0005,03/06/2025 00:00:00,666.150015,226491.005000,0.00,1,False
254,11/08/2023 00:00:00,,00016,28,0004,03/06/2025 00:00:00,1110.448218,31092.550100,0.00,1,False
255,11/11/2023 00:00:00,,00016,36,0004,03/06/2025 00:00:00,495.958250,17854.497000,0.00,1,False
256,11/13/2023 00:00:00,,00014,198,0005,03/06/2025 00:00:00,41.350757,8187.449940,0.00,1,False
257,11/13/2023 00:00:00,,00016,70,0005,03/06/2025 00:00:00,444.350750,31104.552500,0.00,1,False
258,11/13/2023 00:00:00,,00050,60,0001,03/06/2025 00:00:00,415.192500,24911.550000,0.00,1,False
259,11/13/2023 00:00:00,,00051,20,0001,03/06/2025 00:00:00,1278.747175,25574.943500,0.00,1,False
260,11/13/2023 00:00:00,,00072,8,0001,03/06/2025 00:00:00,1611.269631,12890.157050,0.00,1,False
261,11/13/2023 00:00:00,,00032,120,0001,03/06/2025 00:00:00,332.120983,39854.518000,0.00,1,False
262,11/13/2023 00:00:00,,00049,20,0001,03/06/2025 00:00:00,816.722925,16334.458500,0.00,1,False
263,11/13/2023 00:00:00,,00024,60,0003,03/06/2025 00:00:00,310.389253,18623.355200,0.00,1,False
264,11/13/2023 00:00:00,,00052,20,0003,03/06/2025 00:00:00,736.983945,14739.678900,0.00,1,False
265,11/14/2023 00:00:00,,00046,20,0001,03/06/2025 00:00:00,1054.813425,21096.268500,0.00,1,False
266,11/14/2023 00:00:00,,00054,36,0001,03/06/2025 00:00:00,412.700000,14857.200000,0.00,1,False
267,11/14/2023 00:00:00,,00073,600,0001,03/06/2025 00:00:00,366.831670,220099.002000,0.00,1,False
268,11/14/2023 00:00:00,,00102,168,0001,03/06/2025 00:00:00,409.584772,68810.241680,0.00,1,False
269,11/14/2023 00:00:00,,00116,48,0001,03/06/2025 00:00:00,783.274438,37597.173000,0.00,1,False
270,11/14/2023 00:00:00,,00016,1,0005,03/06/2025 00:00:00,333.775000,333.775000,0.00,1,False
271,11/15/2023 00:00:00,,00052,88,0002,03/06/2025 00:00:00,604.790110,53221.529700,0.00,1,False
272,11/15/2023 00:00:00,Named Hepatune ,00024,24,0001,03/06/2025 00:00:00,14.166920,340.006080,0.00,1,False
273,11/16/2023 00:00:00,,00022,40,0003,03/06/2025 00:00:00,475.000000,19000.000000,0.00,1,False
274,11/16/2023 00:00:00,,00041,60,0001,03/06/2025 00:00:00,487.500000,29250.000000,0.00,1,False
275,11/16/2023 00:00:00,,00078,279,0002,03/06/2025 00:00:00,476.000000,132804.000000,0.00,1,False
276,11/16/2023 00:00:00,,00019,50,0002,03/06/2025 00:00:00,525.000000,26250.000000,0.00,1,False
277,11/16/2023 00:00:00,,00016,80,0002,03/06/2025 00:00:00,439.566500,35165.320000,0.00,1,False
278,11/17/2023 00:00:00,,00016,80,0003,03/06/2025 00:00:00,517.000000,41360.000000,0.00,1,False
279,11/18/2023 00:00:00,,00016,71,0003,03/06/2025 00:00:00,506.480750,35960.133250,0.00,1,False
280,11/19/2023 00:00:00,,00014,1300,0004,03/06/2025 00:00:00,32.224472,41891.813100,0.00,1,False
281,11/19/2023 00:00:00,,00022,50,0004,03/06/2025 00:00:00,622.000000,31100.000000,0.00,1,False
282,11/25/2023 00:00:00,,00022,21,0004,03/06/2025 00:00:00,629.000000,13209.000000,0.00,1,False
283,11/25/2023 00:00:00,,00052,60,0003,03/06/2025 00:00:00,687.350362,41241.021720,0.00,1,False
284,11/25/2023 00:00:00,,00014,500,0005,03/06/2025 00:00:00,36.328000,18164.000000,0.00,1,False
285,11/26/2023 00:00:00,,00014,1400,0005,11/07/2025 00:00:00,31.285597,43799.835250,0.00,1,False
286,11/29/2023 00:00:00,,00054,120,0002,11/07/2025 00:00:00,292.066663,35047.999600,0.00,1,False
287,11/29/2023 00:00:00,,00119,12,0001,11/07/2025 00:00:00,644.649438,7735.793250,0.00,1,False
288,11/29/2023 00:00:00,,00048,199,0001,11/07/2025 00:00:00,352.038196,70055.601020,0.00,1,False
289,12/04/2023 00:00:00,,00010,2949,0002,12/07/2025 00:00:00,21.461987,63291.399550,0.00,1,False
290,12/04/2023 00:00:00,,00009,2960,0002,12/07/2025 00:00:00,22.672844,67111.617920,0.00,1,False
291,12/04/2023 00:00:00,,00014,300,0005,12/07/2025 00:00:00,32.950330,9885.099000,0.00,1,False
292,12/05/2023 00:00:00,,00032,396,0005,12/07/2025 00:00:00,308.982876,122357.218920,0.00,1,False
293,12/05/2023 00:00:00,,00040,10,0003,12/04/2025 00:00:00,1167.900000,11679.000000,0.00,1,False
294,12/05/2023 00:00:00,,00028,130,0002,12/05/2025 00:00:00,1013.721790,131783.832750,0.00,1,False
295,12/06/2023 00:00:00,,00045,48,0001,12/05/2025 00:00:00,394.560183,18938.888800,0.00,1,False
296,12/06/2023 00:00:00,,00046,60,0001,12/06/2025 00:00:00,1060.801518,63648.091100,0.00,1,False
297,12/06/2023 00:00:00,,00050,36,0001,12/05/2025 00:00:00,402.890590,14504.061240,0.00,1,False
298,12/06/2023 00:00:00,,00051,20,0001,12/05/2025 00:00:00,1005.739180,20114.783600,0.00,1,False
299,12/07/2023 00:00:00,,00024,48,0004,12/06/2025 00:00:00,48.726920,2338.892160,0.00,1,False
300,12/07/2023 00:00:00,,00016,40,0005,12/07/2025 00:00:00,507.625000,20305.000000,0.00,1,False
301,12/08/2023 00:00:00,Vitamin,00016,6,0002,12/08/2025 00:00:00,1607.488000,9644.928000,0.00,1,False
302,12/09/2023 00:00:00,,00014,220,0005,12/08/2025 00:00:00,32.441690,7137.171800,0.00,1,False
303,12/09/2023 00:00:00,,00016,111,0005,12/08/2025 00:00:00,508.042250,56392.689750,0.00,1,False
304,12/09/2023 00:00:00,,00019,296,0004,12/08/2025 00:00:00,501.013514,148300.000000,0.00,1,False
305,12/11/2023 00:00:00,,00040,26,0004,12/08/2025 00:00:00,1197.476942,31134.400500,0.00,1,False
306,12/12/2023 00:00:00,,00016,68,0005,12/08/2025 00:00:00,511.948529,34812.500000,0.00,1,False
307,12/12/2023 00:00:00,,00032,18,0004,12/08/2025 00:00:00,312.395250,5623.114500,0.00,1,False
308,12/16/2023 00:00:00,,00040,90,0004,12/08/2025 00:00:00,1127.833417,101505.007500,0.00,1,False
309,12/18/2023 00:00:00,,00019,170,0005,12/11/2025 00:00:00,513.235250,87249.992500,0.00,1,False
310,12/19/2023 00:00:00,,00022,99,0005,12/11/2025 00:00:00,661.212121,65460.000000,0.00,1,False
311,12/19/2023 00:00:00,,00032,83,0004,12/11/2025 00:00:00,305.166334,25328.805750,0.00,1,False
312,12/19/2023 00:00:00,,00012,912,0004,12/11/2025 00:00:00,45.764001,41736.768800,0.00,1,False
313,12/20/2023 00:00:00,Vitamin+Minerals,00127,1000,0002,12/11/2025 00:00:00,44.199730,44199.730000,0.00,1,False
314,12/21/2023 00:00:00,,00016,37,0005,12/01/2025 00:00:00,519.543919,19223.125000,0.00,1,False
315,12/24/2023 00:00:00,,00126,400,0001,12/14/2025 00:00:00,86.790200,34716.080000,0.00,1,False
316,12/24/2023 00:00:00,,00016,142,0005,12/14/2025 00:00:00,574.063134,81516.965000,0.00,1,False
317,12/24/2023 00:00:00,,00022,8,0005,12/14/2025 00:00:00,659.375000,5275.000000,0.00,1,False
319,12/25/2023 00:00:00,,00117,28,0001,12/14/2025 00:00:00,594.464573,16645.008050,0.00,1,False
320,12/26/2023 00:00:00,,00073,600,0001,12/14/2025 00:00:00,411.333330,246799.998000,0.00,1,False
321,12/28/2023 00:00:00,,00126,50,0001,12/17/2025 00:00:00,51.738390,2586.919500,0.00,1,False
322,12/28/2023 00:00:00,,00016,29,0005,12/17/2025 00:00:00,526.554716,15270.086750,0.00,1,False
323,12/28/2023 00:00:00,,00013,99,0002,12/17/2025 00:00:00,29.279040,2898.625000,0.00,1,False
324,12/28/2023 00:00:00,,00072,24,0001,12/17/2025 00:00:00,833.613221,20006.717300,0.00,1,False
325,12/28/2023 00:00:00,,00128,8,0001,12/17/2025 00:00:00,1149.008200,9192.065600,0.00,1,False
326,01/01/2024 00:00:00,,00016,30,0006,12/31/2025 00:00:00,459.000000,13770.000000,0.00,1,False
327,01/01/2024 00:00:00,,00040,29,0002,12/31/2025 00:00:00,669.310345,19410.000000,0.00,1,False
328,01/06/2024 00:00:00,,00022,150,0004,12/31/2025 00:00:00,626.900000,94035.000000,0.00,1,False
329,01/06/2024 00:00:00,,00038,50,0003,12/31/2025 00:00:00,662.380000,33119.000000,0.00,1,False
330,01/06/2024 00:00:00,,00019,17,0003,12/31/2025 00:00:00,513.235294,8725.000000,0.00,1,False
331,01/07/2024 00:00:00,,00038,50,0004,12/31/2025 00:00:00,380.880000,19044.000000,0.00,1,False
332,01/07/2024 00:00:00,,00019,74,0004,12/31/2025 00:00:00,494.256750,36574.999500,0.00,1,False
333,01/08/2024 00:00:00,,00099,68,0001,12/31/2025 00:00:00,1186.143421,80657.752650,0.00,1,False
334,01/08/2024 00:00:00,,00098,68,0001,12/31/2025 00:00:00,1060.367893,72105.016700,0.00,1,False
335,01/08/2024 00:00:00,,00097,60,0001,12/31/2025 00:00:00,706.288849,42377.330950,0.00,1,False
336,01/08/2024 00:00:00,Bottle use name Cal Phos ,00032,300,0001,12/31/2025 00:00:00,353.236913,105971.074000,0.00,1,False
337,01/08/2024 00:00:00,,00125,12,0001,12/31/2025 00:00:00,641.234500,7694.814000,0.00,1,False
338,01/13/2024 00:00:00,,00014,27,0005,12/31/2025 00:00:00,26.234420,708.329340,0.00,1,False
339,01/13/2024 00:00:00,,00016,50,0005,12/31/2025 00:00:00,352.860500,17643.025000,0.00,1,False
340,01/17/2024 00:00:00,,00047,200,0002,12/31/2025 00:00:00,1062.937692,212587.538300,0.00,1,False
341,01/17/2024 00:00:00,,00019,30,0003,12/31/2025 00:00:00,490.000000,14700.000000,0.00,1,False
342,01/17/2024 00:00:00,,00032,36,0001,12/31/2025 00:00:00,324.128583,11668.629000,0.00,1,False
343,01/17/2024 00:00:00,,00049,20,0001,12/31/2025 00:00:00,741.262480,14825.249600,0.00,1,False
344,01/17/2024 00:00:00,,00010,99,0001,12/31/2025 00:00:00,10.787399,1067.952500,0.00,1,False
345,01/17/2024 00:00:00,,00022,60,0005,12/31/2025 00:00:00,626.900000,37614.000000,0.00,1,False
346,01/17/2024 00:00:00,,00046,100,0002,12/31/2025 00:00:00,1101.457542,110145.754150,0.00,1,False
347,01/17/2024 00:00:00,,00041,10,0003,12/31/2025 00:00:00,1116.400000,11164.000000,0.00,1,False
348,01/21/2024 00:00:00,,00114,25,0001,01/20/2026 00:00:00,1643.400000,41085.000000,0.00,1,False
349,01/21/2024 00:00:00,,00113,60,0001,01/20/2026 00:00:00,1114.063591,66843.815440,0.00,1,False
350,01/21/2024 00:00:00,,00112,60,0001,01/20/2026 00:00:00,1075.760000,64545.600000,0.00,1,False
351,01/21/2024 00:00:00,,00110,60,0001,01/20/2026 00:00:00,834.150000,50049.000000,0.00,1,False
352,01/21/2024 00:00:00,,00040,31,0005,01/20/2026 00:00:00,485.322532,15044.998500,0.00,1,False
353,01/27/2024 00:00:00,,00014,660,0005,01/25/2026 00:00:00,40.786065,26918.802600,0.00,1,False
354,01/27/2024 00:00:00,,00052,40,0004,01/25/2026 00:00:00,962.489125,38499.565000,0.00,1,False
355,01/28/2024 00:00:00,,00014,1220,0005,01/27/2026 00:00:00,37.063571,45217.556400,0.00,1,False
356,01/31/2024 00:00:00,,00087,121,0002,01/30/2026 00:00:00,382.747069,46312.395400,0.00,1,False
357,02/01/2024 00:00:00,,00014,580,0005,01/31/2026 00:00:00,29.233250,16955.285000,0.00,1,False
358,02/03/2024 00:00:00,,00019,34,0004,02/02/2026 00:00:00,425.000000,14450.000000,0.00,1,False
359,02/03/2024 00:00:00,,00040,9,0003,02/02/2026 00:00:00,1017.107917,9153.971250,0.00,1,False
360,02/05/2024 00:00:00,,00014,800,0005,02/04/2026 00:00:00,29.696060,23756.848000,0.00,1,False
361,02/05/2024 00:00:00,,00016,2,0005,02/04/2026 00:00:00,439.401500,878.803000,0.00,1,False
362,02/06/2024 00:00:00,,00126,120,0001,02/05/2026 00:00:00,39.024210,4682.905200,0.00,1,False
363,02/05/2024 00:00:00,,00040,10,0003,02/04/2026 00:00:00,1286.029500,12860.295000,0.00,1,False
364,02/11/2024 00:00:00,,00019,74,0004,02/10/2026 00:00:00,535.135176,39600.003000,0.00,1,False
365,02/11/2024 00:00:00,,00022,10,0005,02/10/2026 00:00:00,689.000000,6890.000000,0.00,1,False
366,02/11/2024 00:00:00,,00014,400,0005,02/10/2026 00:00:00,41.105470,16442.188000,0.00,1,False
367,02/11/2024 00:00:00,,00016,14,0005,02/10/2026 00:00:00,559.136750,7827.914500,0.00,1,False
368,02/11/2024 00:00:00,,00046,60,0003,02/10/2026 00:00:00,1082.502083,64950.125000,0.00,1,False
369,02/11/2024 00:00:00,,00090,12,0001,02/10/2026 00:00:00,1226.233350,14714.800200,0.00,1,False
370,02/11/2024 00:00:00,,00049,24,0005,02/10/2026 00:00:00,787.892917,18909.430000,0.00,1,False
371,02/11/2024 00:00:00,,00091,12,0001,02/10/2026 00:00:00,1282.716650,15392.599800,0.00,1,False
372,02/13/2024 00:00:00,,00102,504,0002,02/12/2026 00:00:00,387.321429,195210.000160,0.00,1,False
373,02/13/2024 00:00:00,,00107,610,0001,02/12/2026 00:00:00,191.651906,116907.662500,0.00,1,False
374,02/13/2024 00:00:00,,00019,275,0003,05/08/2026 00:00:00,491.636477,135200.031250,0.00,1,False
375,02/14/2024 00:00:00,,00016,117,0005,02/13/2026 00:00:00,302.315032,35370.858750,0.00,1,False
376,02/14/2024 00:00:00,,00022,65,0005,02/13/2026 00:00:00,633.307692,41165.000000,0.00,1,False
377,02/17/2024 00:00:00,,00016,67,0005,02/16/2026 00:00:00,543.408138,36408.345250,0.00,1,False
378,02/15/2024 00:00:00,,00032,120,0005,02/14/2026 00:00:00,327.762843,39331.541100,0.00,1,False
379,02/17/2024 00:00:00,,00039,240,0001,02/16/2026 00:00:00,46.346817,11123.236000,0.00,1,False
380,02/19/2024 00:00:00,,00052,80,0005,02/18/2026 00:00:00,1095.797000,87663.760000,0.00,1,False
381,02/19/2024 00:00:00,,00012,184,0002,02/18/2026 00:00:00,178.131117,32776.125560,0.00,1,False
382,02/20/2024 00:00:00,,00022,100,0004,02/19/2026 00:00:00,636.950000,63695.000000,0.00,1,False
383,02/20/2024 00:00:00,,00016,56,0005,02/19/2026 00:00:00,416.464250,23321.998000,0.00,1,False
384,02/21/2024 00:00:00,,00076,100,0003,02/20/2026 00:00:00,1605.978750,160597.875000,0.00,1,False
385,02/22/2024 00:00:00,,00016,54,0005,02/21/2026 00:00:00,497.370306,26857.996500,0.00,1,False
386,02/22/2024 00:00:00,,00090,8,0002,02/21/2026 00:00:00,947.025000,7576.200000,0.00,1,False
387,02/21/2024 00:00:00,,00132,8,0001,02/20/2026 00:00:00,1431.200000,11449.600000,0.00,1,False
388,02/24/2024 00:00:00,,00040,11,0005,02/23/2026 00:00:00,1075.895795,11834.853750,0.00,1,False
389,02/24/2024 00:00:00,,00016,60,0008,02/23/2026 00:00:00,452.623250,27157.395000,0.00,1,False
390,02/27/2024 00:00:00,,00131,40,0001,02/26/2026 00:00:00,1048.818100,41952.724000,0.00,1,False
391,02/27/2024 00:00:00,,00052,16,0003,02/26/2026 00:00:00,998.468750,15975.500000,0.00,1,False
392,02/27/2024 00:00:00,,00130,48,0001,02/26/2026 00:00:00,1265.485833,60743.320000,0.00,1,False
393,02/27/2024 00:00:00,,00133,12,0001,02/26/2026 00:00:00,1779.887450,21358.649400,0.00,1,False
394,02/27/2024 00:00:00,,00129,32,0001,02/26/2026 00:00:00,1519.593750,48627.000000,0.00,1,False
395,02/27/2024 00:00:00,,00134,20,0001,02/26/2026 00:00:00,963.925000,19278.500000,0.00,1,False
396,02/27/2024 00:00:00,,00135,8,0001,02/26/2026 00:00:00,2062.840900,16502.727200,0.00,1,False
397,02/27/2024 00:00:00,,00132,8,0001,02/26/2026 00:00:00,1281.250000,10250.000000,0.00,1,False
398,02/27/2024 00:00:00,,00136,12,0001,02/26/2026 00:00:00,785.050000,9420.600000,0.00,1,False
399,02/28/2024 00:00:00,,00024,300,0005,02/27/2026 00:00:00,328.059375,98417.812520,0.00,1,False
400,02/28/2024 00:00:00,,00032,60,0005,02/27/2026 00:00:00,317.094174,19025.650450,0.00,1,False
401,02/28/2024 00:00:00,,00125,2,0003,02/27/2026 00:00:00,629.667250,1259.334500,0.00,1,False
402,02/29/2024 00:00:00,,00032,360,0004,02/28/2026 00:00:00,317.100424,114156.152700,0.00,1,False
403,02/24/2024 00:00:00,,00019,66,0005,02/23/2026 00:00:00,486.363674,32100.002500,0.00,1,False
404,03/01/2024 00:00:00,,00047,200,0005,02/28/2026 00:00:00,1214.795410,242959.082000,0.00,1,False
405,03/02/2024 00:00:00,,00026,2508,0005,03/01/2026 00:00:00,53.920293,135232.093880,0.00,1,False
406,03/02/2024 00:00:00,,00068,228,0002,05/24/2026 00:00:00,175.750000,40071.000000,0.00,1,False
407,03/02/2024 00:00:00,,00073,600,0002,05/24/2026 00:00:00,343.946005,206367.603000,0.00,1,False
408,03/03/2024 00:00:00,,00137,35,0001,03/01/2026 00:00:00,2139.826750,74893.936250,0.00,1,False
409,03/04/2024 00:00:00,,00134,12,0001,05/24/2026 00:00:00,1144.758443,13737.101320,0.00,1,False
410,03/05/2024 00:00:00,,00119,12,0001,05/24/2026 00:00:00,1331.983443,15983.801320,0.00,1,False
411,03/05/2024 00:00:00,,00138,8,0001,05/24/2026 00:00:00,1045.250110,8362.000880,0.00,1,False
412,03/05/2024 00:00:00,,00084,12,0002,05/24/2026 00:00:00,881.373443,10576.481320,0.00,1,False
413,03/05/2024 00:00:00,,00052,12,0004,05/24/2026 00:00:00,989.414338,11872.972050,0.00,1,False
414,03/05/2024 00:00:00,,00125,20,0002,05/24/2026 00:00:00,609.029000,12180.580000,0.00,1,False
415,03/05/2024 00:00:00,,00140,6,0001,05/24/2026 00:00:00,392.879000,2357.274000,0.00,1,False
416,03/05/2024 00:00:00,,00139,2,0001,05/24/2026 00:00:00,12067.000000,24134.000000,0.00,1,False
417,03/05/2024 00:00:00,,00022,3,0005,05/24/2026 00:00:00,671.000000,2013.000000,0.00,1,False
418,02/29/2024 00:00:00,,00028,2,0005,05/24/2026 00:00:00,840.209000,1680.418000,0.00,1,False
419,03/07/2024 00:00:00,,00028,100,0005,05/24/2026 00:00:00,1040.114750,104011.475000,0.00,1,False
420,03/07/2024 00:00:00,,00127,1020,0003,05/23/2026 00:00:00,67.286777,68632.512800,0.00,1,False
421,03/02/2024 00:00:00,,00078,98,0003,05/24/2026 00:00:00,203.571500,19950.007000,0.00,1,False
422,03/09/2024 00:00:00,,00052,80,0005,03/08/2026 00:00:00,1195.886727,95670.938150,0.00,1,False
423,03/09/2024 00:00:00,,00090,12,0002,03/08/2026 00:00:00,970.687875,11648.254500,0.00,1,False
424,03/09/2024 00:00:00,,00032,228,0005,03/08/2026 00:00:00,347.349305,79195.641480,0.00,1,False
425,03/09/2024 00:00:00,,00072,12,0002,03/08/2026 00:00:00,332.727410,3992.728920,0.00,1,False
426,03/10/2024 00:00:00,,00016,40,0005,03/09/2026 00:00:00,464.021250,18560.850000,0.00,1,False
427,03/11/2024 00:00:00,,00016,10,0005,03/10/2026 00:00:00,445.646250,4456.462500,0.00,1,False
428,03/11/2024 00:00:00,,00138,12,0001,03/10/2026 00:00:00,919.204514,11030.454170,0.00,1,False
429,03/12/2024 00:00:00,,00016,50,0005,03/11/2026 00:00:00,471.679000,23583.950000,0.00,1,False
430,03/14/2024 00:00:00,,00016,38,0006,03/13/2026 00:00:00,474.077250,18014.935500,0.00,1,False
431,03/15/2024 00:00:00,,00141,1014,0001,03/14/2026 00:00:00,66.696789,67630.543860,0.00,1,False
432,03/15/2024 00:00:00,,00142,50,0001,03/14/2026 00:00:00,842.495440,42124.772000,0.00,1,False
433,03/17/2024 00:00:00,,00133,8,0001,03/16/2026 00:00:00,1661.222753,13289.782020,0.00,1,False
434,03/17/2024 00:00:00,,00144,8,0001,03/16/2026 00:00:00,907.497753,7259.982020,0.00,1,False
435,03/17/2024 00:00:00,,00135,8,0001,03/16/2026 00:00:00,2100.963653,16807.709220,0.00,1,False
436,03/17/2024 00:00:00,,00129,8,0001,03/16/2026 00:00:00,1511.122753,12088.982020,0.00,1,False
437,03/17/2024 00:00:00,,00045,60,0003,03/16/2026 00:00:00,489.136070,29348.164200,0.00,1,False
438,03/19/2024 00:00:00,,00022,10,0005,03/18/2026 00:00:00,679.000000,6790.000000,0.00,1,False
439,03/19/2024 00:00:00,,00016,40,0006,03/19/2026 00:00:00,222.333250,8893.330000,0.00,1,False
440,03/20/2024 00:00:00,,00014,500,0006,03/19/2026 00:00:00,33.653330,16826.665000,0.00,1,False
441,03/26/2024 00:00:00,,00073,768,0003,03/25/2026 00:00:00,441.671872,339203.997440,0.00,1,False
442,03/28/2024 00:00:00,,00086,240,0003,06/20/2026 00:00:00,407.293667,97750.480000,0.00,1,False
443,03/28/2024 00:00:00,,00019,192,0005,06/20/2026 00:00:00,495.000000,95040.000000,0.00,1,False
444,03/28/2024 00:00:00,,00022,80,0005,06/20/2026 00:00:00,675.750000,54060.000000,0.00,1,False
445,03/30/2024 00:00:00,,00078,200,0005,06/20/2026 00:00:00,479.750000,95950.000000,0.00,1,False
446,03/31/2024 00:00:00,,00019,50,0005,06/20/2026 00:00:00,495.000000,24750.000000,0.00,1,False
447,03/31/2024 00:00:00,,00041,50,0003,06/20/2026 00:00:00,1204.000000,60200.000000,0.00,1,False
448,03/31/2024 00:00:00,,00022,20,0005,06/20/2026 00:00:00,622.000000,12440.000000,0.00,1,False
449,03/31/2024 00:00:00,,00016,20,0006,06/20/2026 00:00:00,439.000000,8780.000000,0.00,1,False
450,03/31/2024 00:00:00,,00014,200,0006,06/20/2026 00:00:00,41.530000,8306.000000,0.00,1,False
451,03/14/2024 00:00:00,,00016,1,0005,06/20/2026 00:00:00,386.500000,386.500000,0.00,1,False
452,03/14/2024 00:00:00,,00019,2,0003,06/20/2026 00:00:00,495.000000,990.000000,0.00,1,False
453,04/01/2024 00:00:00,,00040,12,0003,06/20/2026 00:00:00,576.951000,6923.412000,0.00,1,False
454,04/03/2024 00:00:00,,00028,100,0005,06/20/2026 00:00:00,1140.016250,114001.625000,0.00,1,False
455,04/02/2024 00:00:00,,00048,262,0003,07/02/2026 00:00:00,442.820607,116018.999060,0.00,1,False
456,04/02/2024 00:00:00,,00137,20,0003,07/02/2026 00:00:00,2758.651500,55173.030000,0.00,1,False
457,04/02/2024 00:00:00,,00019,3,0003,07/02/2026 00:00:00,495.000000,1485.000000,0.00,1,False
458,04/02/2024 00:00:00,,00016,5,0007,07/02/2026 00:00:00,445.253000,2226.265000,0.00,1,False
459,04/03/2024 00:00:00,,00028,100,0005,07/02/2026 00:00:00,1131.684500,113168.450000,0.00,1,False
460,04/04/2024 00:00:00,,00119,8,0001,07/02/2026 00:00:00,1399.797751,11198.382010,0.00,1,False
461,04/04/2024 00:00:00,,00054,48,0001,07/02/2026 00:00:00,422.451433,20277.668790,0.00,1,False
462,04/04/2024 00:00:00,,00138,12,0001,07/02/2026 00:00:00,1073.329542,12879.954500,0.00,1,False
463,04/04/2024 00:00:00,,00135,8,0001,07/02/2026 00:00:00,2284.852194,18278.817550,0.00,1,False
464,04/04/2024 00:00:00,,00134,12,0001,07/02/2026 00:00:00,1858.121192,22297.454300,0.00,1,False
465,04/04/2024 00:00:00,,00046,128,0004,07/02/2026 00:00:00,979.072198,125321.241400,0.00,1,False
466,04/06/2024 00:00:00,,00019,155,0005,07/02/2026 00:00:00,488.225944,75675.021250,0.00,1,False
467,04/07/2024 00:00:00,,00016,9,0007,07/02/2026 00:00:00,411.222250,3701.000250,0.00,1,False
468,04/07/2024 00:00:00,,00022,3,0005,07/02/2026 00:00:00,830.333250,2490.999750,0.00,1,False
469,04/07/2024 00:00:00,,00073,996,0003,07/02/2026 00:00:00,389.769075,388209.998880,0.00,1,False
470,04/08/2024 00:00:00,,00104,240,0001,07/02/2026 00:00:00,337.208337,80930.000800,0.00,1,False
471,04/08/2024 00:00:00,,00032,32,0005,07/02/2026 00:00:00,81.683583,2613.874650,0.00,1,False
472,04/08/2024 00:00:00,,00133,12,0001,07/02/2026 00:00:00,2355.297780,28263.573360,0.00,1,False
473,04/08/2024 00:00:00,,00144,8,0001,07/02/2026 00:00:00,973.997780,7791.982240,0.00,1,False
474,04/08/2024 00:00:00,,00136,8,0001,07/02/2026 00:00:00,989.425138,7915.401100,0.00,1,False
475,04/08/2024 00:00:00,,00135,8,0001,07/02/2026 00:00:00,2287.045588,18296.364700,0.00,1,False
476,04/08/2024 00:00:00,,00132,8,0001,07/02/2026 00:00:00,1587.500138,12700.001100,0.00,1,False
477,04/08/2024 00:00:00,,00146,200,0001,07/03/2026 00:00:00,171.850000,34370.000000,0.00,1,False
478,04/08/2024 00:00:00,,00040,12,0005,07/03/2026 00:00:00,343.749917,4124.999000,0.00,1,False
479,04/16/2024 00:00:00,,00147,10,0001,07/05/2026 00:00:00,1252.500000,12525.000000,0.00,1,False
480,04/16/2024 00:00:00,,00129,20,0002,07/05/2026 00:00:00,1187.050055,23741.001100,0.00,1,False
481,04/17/2024 00:00:00,,00137,30,0003,07/05/2026 00:00:00,1815.778000,54473.340000,0.00,1,False
482,04/18/2024 00:00:00,,00054,240,0001,07/11/2026 00:00:00,522.529688,125407.125000,0.00,1,False
483,04/18/2024 00:00:00,,00129,4,0001,07/11/2026 00:00:00,1206.300000,4825.200000,0.00,1,False
484,04/18/2024 00:00:00,,00145,4,0001,07/11/2026 00:00:00,1287.825000,5151.300000,0.00,1,False
485,04/18/2024 00:00:00,,00131,4,0001,07/11/2026 00:00:00,1430.937500,5723.750000,0.00,1,False
486,04/18/2024 00:00:00,,00135,4,0001,07/11/2026 00:00:00,2099.159100,8396.636400,0.00,1,False
487,04/18/2024 00:00:00,,00133,4,0001,07/11/2026 00:00:00,1653.675000,6614.700000,0.00,1,False
488,04/18/2024 00:00:00,,00134,4,0001,07/11/2026 00:00:00,1207.050000,4828.200000,0.00,1,False
489,04/20/2024 00:00:00,,00150,100,0001,07/11/2026 00:00:00,1030.337811,103033.781050,0.00,1,False
490,04/22/2024 00:00:00,,00019,25,0006,07/11/2026 00:00:00,495.000000,12375.000000,0.00,1,False
491,04/22/2024 00:00:00,,00054,36,0001,07/11/2026 00:00:00,54.591667,1965.300000,0.00,1,False
492,04/23/2024 00:00:00,,00152,100,0001,07/11/2026 00:00:00,146.493600,14649.360020,0.00,1,False
493,04/23/2024 00:00:00,,00121,120,0001,07/11/2026 00:00:00,208.890108,25066.812960,0.00,1,False
494,04/23/2024 00:00:00,,00151,60,0001,07/11/2026 00:00:00,303.002749,18180.164950,0.00,1,False
495,04/23/2024 00:00:00,,00064,60,0001,07/11/2026 00:00:00,217.797667,13067.860020,0.00,1,False
496,04/23/2024 00:00:00,,00091,8,0001,07/11/2026 00:00:00,883.577876,7068.623010,0.00,1,False
497,04/23/2024 00:00:00,,00051,20,0003,07/01/2026 00:00:00,1097.162554,21943.251070,0.00,1,False
498,04/23/2024 00:00:00,,00090,16,0003,07/11/2026 00:00:00,917.273441,14676.375050,0.00,1,False
499,04/23/2024 00:00:00,,00041,25,0002,07/11/2026 00:00:00,538.760000,13469.000000,0.00,1,False
500,04/23/2024 00:00:00,,00074,20,0002,07/11/2026 00:00:00,730.450000,14609.000000,0.00,1,False
501,04/23/2024 00:00:00,,00038,32,0005,07/11/2026 00:00:00,727.968750,23295.000000,0.00,1,False
502,04/23/2024 00:00:00,,00125,20,0002,07/11/2026 00:00:00,370.812500,7416.250000,0.00,1,False
503,04/23/2024 00:00:00,,00016,35,0008,07/11/2026 00:00:00,442.285750,15480.001250,0.00,1,False
504,04/24/2024 00:00:00,,00129,8,0001,07/17/2026 00:00:00,1137.018753,9096.150020,0.00,1,False
505,04/24/2024 00:00:00,,00145,8,0001,07/17/2026 00:00:00,1252.543753,10020.350020,0.00,1,False
506,04/24/2024 00:00:00,,00131,8,0001,07/17/2026 00:00:00,1063.140124,8505.120990,0.00,1,False
507,04/24/2024 00:00:00,,00130,8,0001,07/17/2026 00:00:00,1552.930124,12423.440990,0.00,1,False
508,04/24/2024 00:00:00,,00072,8,0003,07/17/2026 00:00:00,896.005574,7168.044590,0.00,1,False
509,04/24/2024 00:00:00,,00133,4,0001,07/17/2026 00:00:00,1646.568753,6586.275010,0.00,1,False
510,04/24/2024 00:00:00,,00135,8,0001,07/17/2026 00:00:00,2201.827876,17614.623010,0.00,1,False
511,04/24/2024 00:00:00,,00054,24,0001,07/17/2026 00:00:00,35.631389,855.153340,0.00,1,False
512,04/24/2024 00:00:00,,00045,24,0001,07/17/2026 00:00:00,343.046099,8233.106380,0.00,1,False
513,04/24/2024 00:00:00,,00024,24,0001,07/17/2026 00:00:00,460.622439,11054.938540,0.00,1,False
514,04/24/2024 00:00:00,,00050,24,0001,07/17/2026 00:00:00,386.905973,9285.743350,0.00,1,False
515,04/25/2024 00:00:00,,00072,20,0002,07/17/2026 00:00:00,608.506102,12170.122040,0.00,1,False
516,04/25/2024 00:00:00,,00052,24,0003,07/17/2026 00:00:00,1223.085545,29354.053090,0.00,1,False
517,04/25/2024 00:00:00,,00051,20,0003,07/17/2026 00:00:00,957.918753,19158.375050,0.00,1,False
518,04/25/2024 00:00:00,,00046,16,0003,07/17/2026 00:00:00,739.297503,11828.760040,0.00,1,False
519,04/25/2024 00:00:00,,00038,5,0003,07/17/2026 00:00:00,1048.833250,5244.166250,0.00,1,False
520,04/25/2024 00:00:00,,00019,40,0005,07/17/2026 00:00:00,495.133209,19805.328363,0.00,1,False
521,04/25/2024 00:00:00,,00040,10,0004,07/17/2026 00:00:00,1536.492358,15364.923583,0.00,1,False
522,04/27/2024 00:00:00,,00136,4,0001,07/17/2026 00:00:00,860.191495,3440.765980,0.00,1,False
523,04/27/2024 00:00:00,,00090,4,0002,07/17/2026 00:00:00,872.561495,3490.245980,0.00,1,False
524,04/27/2024 00:00:00,,00054,12,0001,07/17/2026 00:00:00,125.631389,1507.576670,0.00,1,False
525,04/27/2024 00:00:00,,00050,12,0001,07/17/2026 00:00:00,366.606389,4399.276670,0.00,1,False
526,04/27/2024 00:00:00,,00040,10,0003,07/17/2026 00:00:00,1966.500000,19665.000000,0.00,1,False
527,04/28/2024 00:00:00,,00053,100,0001,07/17/2026 00:00:00,1253.419141,125341.914060,0.00,1,False
528,04/29/2024 00:00:00,,00047,100,0003,07/17/2026 00:00:00,2822.093510,282209.351000,0.00,1,False
529,04/30/2024 00:00:00,,00156,50,0001,07/24/2026 00:00:00,542.000000,27100.000000,0.00,1,False
530,04/30/2024 00:00:00,,00157,50,0001,07/24/2026 00:00:00,678.100000,33905.000000,0.00,1,False
531,04/30/2024 00:00:00,,00155,500,0001,07/24/2026 00:00:00,21.828625,10914.312500,0.00,1,False
532,04/30/2024 00:00:00,,00154,500,0001,07/24/2026 00:00:00,23.999355,11999.677500,0.00,1,False
533,04/30/2024 00:00:00,,00076,100,0005,07/24/2026 00:00:00,535.975000,53597.500000,0.00,1,False
534,04/30/2024 00:00:00,,00038,30,0008,07/24/2026 00:00:00,948.222333,28446.670000,0.00,1,False
535,04/28/2024 00:00:00,,00040,9,0009,07/24/2026 00:00:00,1436.944417,12932.499750,0.00,1,False
536,05/01/2024 00:00:00,,00159,200,0001,07/25/2026 00:00:00,58.483220,11696.644000,0.00,1,False
537,05/01/2024 00:00:00,,00158,20,0001,07/25/2026 00:00:00,560.205500,11204.110000,0.00,1,False
538,05/01/2024 00:00:00,,00022,10,010,07/25/2026 00:00:00,681.400000,6814.000000,0.00,1,False
539,05/02/2024 00:00:00,,00161,200,0001,07/25/2026 00:00:00,70.392417,14078.483300,0.00,1,False
540,05/02/2024 00:00:00,,00160,20,0001,07/24/2026 00:00:00,734.555750,14691.115000,0.00,1,False
541,05/02/2024 00:00:00,,00040,10,0005,07/25/2026 00:00:00,1400.566500,14005.665000,0.00,1,False
542,05/05/2024 00:00:00,,00016,20,0010,07/25/2026 00:00:00,571.318250,11426.365000,0.00,1,False
543,05/05/2024 00:00:00,,00131,12,0002,07/25/2026 00:00:00,1042.693013,12512.316160,0.00,1,False
544,05/05/2024 00:00:00,,00129,12,0002,07/25/2026 00:00:00,1529.434797,18353.217560,0.00,1,False
545,05/05/2024 00:00:00,,00040,10,0006,07/25/2026 00:00:00,584.650000,5846.500000,0.00,1,False
546,05/05/2024 00:00:00,,00086,360,0003,07/25/2026 00:00:00,490.138486,176449.855000,0.00,1,False
547,05/06/2024 00:00:00,,00022,52,0010,07/25/2026 00:00:00,651.634635,33885.001000,0.00,1,False
548,05/06/2024 00:00:00,,00019,48,0006,07/25/2026 00:00:00,958.333417,46000.004000,0.00,1,False
549,05/06/2024 00:00:00,,00125,3,0003,07/25/2026 00:00:00,1010.930750,3032.792250,0.00,1,False
550,05/06/2024 00:00:00,,00072,4,0002,07/25/2026 00:00:00,835.368150,3341.472600,0.00,1,False
551,05/06/2024 00:00:00,,00054,24,0004,07/25/2026 00:00:00,107.646730,2583.521520,0.00,1,False
552,05/06/2024 00:00:00,,00022,5,0009,07/25/2026 00:00:00,965.800000,4829.000000,0.00,1,False
553,05/08/2024 00:00:00,,00028,197,0005,07/25/2026 00:00:00,1315.753500,259203.439500,0.00,1,False
554,05/09/2024 00:00:00,,00134,16,0001,08/04/2026 00:00:00,1012.999455,16207.991280,0.00,1,False
555,05/09/2024 00:00:00,,00129,12,0003,08/04/2026 00:00:00,1086.066395,13032.796740,0.00,1,False
556,05/09/2024 00:00:00,,00131,16,0002,08/04/2026 00:00:00,972.615745,15561.851920,0.00,1,False
557,05/09/2024 00:00:00,,00145,12,0001,08/04/2026 00:00:00,1252.909195,15034.910340,0.00,1,False
558,05/09/2024 00:00:00,,00135,12,0001,08/04/2026 00:00:00,2021.947145,24263.365740,0.00,1,False
559,05/09/2024 00:00:00,,00130,8,0001,08/04/2026 00:00:00,1270.087345,10160.698760,0.00,1,False
560,05/09/2024 00:00:00,,00072,8,0003,08/04/2026 00:00:00,790.084195,6320.673560,0.00,1,False
561,05/09/2024 00:00:00,,00016,20,011,08/04/2026 00:00:00,335.916500,6718.330000,0.00,1,False
562,05/09/2024 00:00:00,,00022,5,0009,08/04/2026 00:00:00,657.000000,3285.000000,0.00,1,False
563,05/11/2024 00:00:00,,00010,2500,0003,08/04/2026 00:00:00,21.045619,52614.047500,0.00,1,False
564,05/11/2024 00:00:00,,00009,1891,0001,08/04/2026 00:00:00,20.434796,38642.198500,0.00,1,False
565,05/12/2024 00:00:00,,00072,8,0002,08/04/2026 00:00:00,1099.459195,8795.673560,0.00,1,False
566,05/12/2024 00:00:00,,00131,4,0001,08/04/2026 00:00:00,954.416350,3817.665400,0.00,1,False
567,05/12/2024 00:00:00,,00129,4,0001,08/04/2026 00:00:00,1229.141045,4916.564180,0.00,1,False
568,05/13/2024 00:00:00,,00008,2500,0001,08/04/2026 00:00:00,24.929500,62323.750000,0.00,1,False
569,05/13/2024 00:00:00,,00022,98,0010,08/04/2026 00:00:00,668.622571,65525.012000,0.00,1,False
570,05/14/2024 00:00:00,,00016,38,0012,08/04/2026 00:00:00,286.500000,10887.000000,0.00,1,False
571,05/15/2024 00:00:00,,00131,12,0003,08/04/2026 00:00:00,902.443705,10829.324460,0.00,1,False
572,05/15/2024 00:00:00,,00130,8,0002,08/04/2026 00:00:00,1214.648138,9717.185100,0.00,1,False
573,05/16/2024 00:00:00,,00052,84,0001,08/04/2026 00:00:00,882.135989,74099.423060,0.00,1,False
574,05/16/2024 00:00:00,,00012,960,0002,08/04/2026 00:00:00,40.462076,38843.593320,0.00,1,False
575,05/16/2024 00:00:00,,00008,500,0001,08/04/2026 00:00:00,25.433500,12716.750000,0.00,1,False
576,05/16/2024 00:00:00,,00022,3,0010,08/05/2026 00:00:00,720.000000,2160.000000,0.00,1,False
577,05/18/2024 00:00:00,,00047,200,0004,08/05/2026 00:00:00,1109.549031,221909.806200,0.00,1,False
578,05/18/2024 00:00:00,,00138,16,0003,08/05/2026 00:00:00,828.595265,13257.524240,0.00,1,False
579,05/18/2024 00:00:00,,00119,16,0002,08/05/2026 00:00:00,1026.095265,16417.524240,0.00,1,False
580,05/18/2024 00:00:00,,00054,60,0002,08/05/2026 00:00:00,110.541667,6632.500000,0.00,1,False
581,05/19/2024 00:00:00,,00008,800,0001,08/09/2026 00:00:00,48.664750,38931.800000,0.00,1,False
582,05/19/2024 00:00:00,,00009,600,0001,08/09/2026 00:00:00,17.431420,10458.852000,0.00,1,False
583,05/20/2024 00:00:00,,00022,57,0012,08/09/2026 00:00:00,634.736842,36180.000000,0.00,1,False
584,05/20/2024 00:00:00,,00019,50,0011,08/09/2026 00:00:00,468.400000,23420.000000,0.00,1,False
585,05/20/2024 00:00:00,,00163,48,0001,08/09/2026 00:00:00,1621.488939,77831.469080,0.00,1,False
586,05/20/2024 00:00:00,,00046,88,0007,08/09/2026 00:00:00,738.244251,64965.494100,0.00,1,False
587,05/20/2024 00:00:00,,00072,12,0005,08/09/2026 00:00:00,807.573073,9690.876880,0.00,1,False
588,05/20/2024 00:00:00,,00037,1,0008,08/09/2026 00:00:00,392.914250,392.914250,0.00,1,False
589,05/21/2024 00:00:00,,00022,30,0008,08/09/2026 00:00:00,689.166667,20675.000000,0.00,1,False
590,05/21/2024 00:00:00,,00040,5,0006,08/09/2026 00:00:00,1447.173000,7235.865000,0.00,1,False
591,05/21/2024 00:00:00,,00039,120,0001,08/09/2026 00:00:00,204.111587,24493.390400,0.00,1,False
592,05/22/2024 00:00:00,,00022,40,0007,08/09/2026 00:00:00,678.025000,27121.000000,0.00,1,False
593,05/23/2024 00:00:00,,00078,299,0005,08/17/2026 00:00:00,476.588750,142500.036250,0.00,1,False
594,05/23/2024 00:00:00,,00164,1,0001,08/17/2026 00:00:00,4238.750000,4238.750000,0.00,1,False
595,05/25/2024 00:00:00,,00144,12,0001,08/17/2026 00:00:00,935.898073,11230.776880,0.00,1,False
596,05/25/2024 00:00:00,,00022,10,0012,08/17/2026 00:00:00,720.668750,7206.687500,0.00,1,False
597,05/25/2024 00:00:00,,00020,420,0001,08/18/2026 00:00:00,63.303131,26587.315000,0.00,1,False
598,05/26/2024 00:00:00,,00125,50,0004,08/18/2026 00:00:00,711.780000,35589.000000,0.00,1,False
599,05/26/2024 00:00:00,,00142,50,0003,08/19/2026 00:00:00,1141.003499,57050.174950,0.00,1,False
600,05/26/2024 00:00:00,,00022,12,0013,08/19/2026 00:00:00,826.249917,9914.999000,0.00,1,False
601,05/26/2024 00:00:00,,00165,15,0001,08/19/2026 00:00:00,6261.273250,93919.098750,0.00,1,False
602,05/27/2024 00:00:00,,00125,20,0003,08/19/2026 00:00:00,726.119250,14522.385000,0.00,1,False
603,05/27/2024 00:00:00,,00164,10,0001,08/19/2026 00:00:00,5290.500000,52905.000000,0.00,1,False
604,05/27/2024 00:00:00,,00040,6,0012,08/19/2026 00:00:00,1657.606833,9945.641000,0.00,1,False
605,05/28/2024 00:00:00,,00022,60,0012,08/19/2026 00:00:00,348.666583,20919.995000,0.00,1,False
606,05/28/2024 00:00:00,,00040,4,009,08/19/2026 00:00:00,1220.256500,4881.026000,0.00,1,False
607,05/28/2024 00:00:00,,00016,20,0013,08/19/2026 00:00:00,465.500000,9310.000000,0.00,1,False
608,05/29/2024 00:00:00,,00161,630,0001,08/19/2026 00:00:00,71.627847,45125.543700,0.00,1,False
609,05/29/2024 00:00:00,,00159,525,0001,08/19/2026 00:00:00,67.196766,35278.302000,0.00,1,False
610,05/29/2024 00:00:00,,00016,10,0013,08/19/2026 00:00:00,507.900000,5079.000000,0.00,1,False
611,05/29/2024 00:00:00,,00040,10,009,08/19/2026 00:00:00,848.205000,8482.050000,0.00,1,False
612,05/30/2024 00:00:00,,00155,900,0001,08/19/2026 00:00:00,26.008069,23407.262500,0.00,1,False
613,05/30/2024 00:00:00,,00154,1000,0001,08/19/2026 00:00:00,24.359355,24359.355000,0.00,1,False
614,05/30/2024 00:00:00,,00016,10,0013,08/19/2026 00:00:00,533.500000,5335.000000,0.00,1,False
615,06/01/2024 00:00:00,,00164,11,0001,09/13/2026 00:00:00,4301.818227,47320.000500,0.00,1,False
616,06/01/2024 00:00:00,,00144,60,0001,09/13/2026 00:00:00,824.704099,49482.245960,0.00,1,False
617,06/02/2024 00:00:00,,00016,20,0012,09/13/2026 00:00:00,659.590500,13191.810000,0.00,1,False
618,06/02/2024 00:00:00,Named :BRONOKILL,00119,12,0001,09/13/2026 00:00:00,1107.216342,13286.596100,0.00,1,False
619,06/04/2024 00:00:00,,00073,1000,0002,09/13/2026 00:00:00,375.740000,375740.000000,0.00,1,False
620,06/05/2024 00:00:00,,00164,9,0001,09/13/2026 00:00:00,4589.352000,41304.168000,0.00,1,False
621,06/06/2024 00:00:00,,00044,12,0001,09/13/2026 00:00:00,851.270223,10215.242680,0.00,1,False
622,06/06/2024 00:00:00,,00131,28,0001,09/13/2026 00:00:00,1006.689083,28187.294320,0.00,1,False
623,06/06/2024 00:00:00,,00129,8,0001,09/13/2026 00:00:00,1296.862133,10374.897060,0.00,1,False
624,06/06/2024 00:00:00,,00134,8,0001,09/13/2026 00:00:00,1018.873008,8150.984060,0.00,1,False
625,06/06/2024 00:00:00,,00135,8,0001,09/13/2026 00:00:00,2335.078551,18680.628410,0.00,1,False
626,06/06/2024 00:00:00,,00145,16,0001,09/13/2026 00:00:00,1289.812826,20637.005220,0.00,1,False
627,06/06/2024 00:00:00,,00167,240,0001,09/19/2026 00:00:00,300.627417,72150.580060,0.00,1,False
628,06/06/2024 00:00:00,,00168,120,0001,09/19/2026 00:00:00,330.835333,39700.240000,0.00,1,False
629,06/08/2024 00:00:00,,00040,18,0005,09/20/2026 00:00:00,480.334750,8646.025500,0.00,1,False
630,06/08/2024 00:00:00,,00014,150,0012,09/20/2026 00:00:00,45.705620,6855.843000,0.00,1,False
631,06/09/2024 00:00:00,,00169,119,0001,09/20/2026 00:00:00,317.640641,37799.236320,0.00,1,False
632,06/09/2024 00:00:00,,00170,51,0001,09/20/2026 00:00:00,722.850854,36865.393540,0.00,1,False
633,06/09/2024 00:00:00,,00116,16,0002,09/20/2026 00:00:00,816.756006,13068.096100,0.00,1,False
634,06/10/2024 00:00:00,,00019,100,0008,09/20/2026 00:00:00,495.000000,49500.000000,0.00,1,False
635,06/11/2024 00:00:00,,00019,131,0013,09/20/2026 00:00:00,500.381655,65549.996750,0.00,1,False
636,06/11/2024 00:00:00,,00016,100,0013,09/20/2026 00:00:00,574.039500,57403.950000,0.00,1,False
637,06/11/2024 00:00:00,,00022,154,0009,09/20/2026 00:00:00,669.285714,103070.000000,0.00,1,False
638,06/11/2024 00:00:00,,00137,50,0003,09/20/2026 00:00:00,2109.736000,105486.800000,0.00,1,False
639,06/11/2024 00:00:00,,00171,979,0001,09/20/2026 00:00:00,175.170867,171492.278950,0.00,1,False
640,06/12/2024 00:00:00,,00072,32,0003,09/20/2026 00:00:00,267.070154,8546.244940,0.00,1,False
641,06/12/2024 00:00:00,,00172,40,0001,09/20/2026 00:00:00,998.800000,39952.000000,0.00,1,False
642,06/12/2024 00:00:00,,00173,240,0001,09/20/2026 00:00:00,272.698877,65447.730400,0.00,1,False
643,06/12/2024 00:00:00,,00074,4,0004,09/22/2026 00:00:00,771.250000,3085.000000,0.00,1,False
644,06/13/2024 00:00:00,,00134,12,0002,09/22/2026 00:00:00,926.065800,11112.789600,0.00,1,False
645,06/13/2024 00:00:00,,00073,12,0003,09/22/2026 00:00:00,69.366667,832.400000,0.00,1,False
646,06/13/2024 00:00:00,,00040,10,0009,09/22/2026 00:00:00,1082.233250,10822.332500,0.00,1,False
647,06/22/2024 00:00:00,,00016,10,0013,09/22/2026 00:00:00,565.000000,5650.000000,0.00,1,False
648,06/23/2024 00:00:00,,00009,1000,0002,09/22/2026 00:00:00,24.357250,24357.250000,0.00,1,False
649,06/23/2024 00:00:00,,00010,1000,0004,09/22/2026 00:00:00,24.824730,24824.730000,0.00,1,False
650,06/24/2024 00:00:00,,00016,20,0014,09/22/2026 00:00:00,552.500000,11050.000000,0.00,1,False
651,06/25/2024 00:00:00,,00126,500,0002,09/22/2026 00:00:00,46.444500,23222.250000,0.00,1,False
652,06/25/2024 00:00:00,,00127,1011,0002,09/22/2026 00:00:00,63.573998,64273.312000,0.00,1,False
653,06/26/2024 00:00:00,,00116,20,0002,09/22/2026 00:00:00,685.250000,13705.000000,0.00,1,False
654,06/29/2024 00:00:00,,00118,5,0001,06/22/2026 00:00:00,792.736000,3963.680000,0.00,1,False
655,06/30/2024 00:00:00,,00019,100,0010,06/22/2026 00:00:00,499.800000,49980.000000,0.00,1,False
656,06/06/2024 00:00:00,,00022,50,0009,05/22/2026 00:00:00,677.080000,33854.000000,0.00,1,False
657,06/30/2024 00:00:00,,00016,40,0014,06/22/2026 00:00:00,308.028500,12321.140000,0.00,1,False
658,07/01/2024 00:00:00,,00019,100,0002,07/01/2026 00:00:00,500.200000,50020.000000,0.00,1,False
659,07/01/2024 00:00:00,,00017,425,0002,07/01/2026 00:00:00,56.376471,23960.000000,0.00,1,False
660,07/01/2024 00:00:00,,00020,575,0014,07/01/2026 00:00:00,58.086960,33400.001750,0.00,1,False
661,07/01/2024 00:00:00,,00126,250,0001,07/01/2026 00:00:00,45.855070,11463.767500,0.00,1,False
662,07/02/2024 00:00:00,,00022,115,0014,10/18/2026 00:00:00,631.530348,72625.990000,0.00,1,False
663,07/02/2024 00:00:00,,00041,5,0001,10/18/2026 00:00:00,1398.066750,6990.333750,0.00,1,False
664,07/05/2024 00:00:00,,00010,4700,0001,10/18/2026 00:00:00,24.657549,115890.481000,0.00,1,False
665,07/06/2024 00:00:00,,00040,15,0001,10/18/2026 00:00:00,1213.111250,18196.668750,0.00,1,False
666,07/06/2024 00:00:00,,00009,3200,0001,10/18/2026 00:00:00,24.264781,77647.299200,0.00,1,False
667,07/06/2024 00:00:00,,00073,1200,0002,10/18/2026 00:00:00,395.925000,475110.000000,0.00,1,False
668,07/07/2024 00:00:00,,00137,34,0002,10/18/2026 00:00:00,4604.199250,156542.774500,0.00,1,False
669,07/07/2024 00:00:00,,00047,200,0005,10/18/2026 00:00:00,725.275086,145055.017150,0.00,1,False
670,07/07/2024 00:00:00,,00177,40,0001,10/18/2026 00:00:00,948.272726,37930.909050,0.00,1,False
671,07/08/2024 00:00:00,H.Opt Forte,00038,35,0005,10/18/2026 00:00:00,687.463400,24061.219000,0.00,1,False
672,07/08/2024 00:00:00,,00040,3,0002,10/18/2026 00:00:00,1351.000000,4053.000000,0.00,1,False
673,07/08/2024 00:00:00,,00164,17,0001,10/18/2026 00:00:00,5311.109559,90288.862500,0.00,1,False
674,07/08/2024 00:00:00,,00155,1500,0001,10/18/2026 00:00:00,23.412250,35118.375000,0.00,1,False
675,07/09/2024 00:00:00,,00176,240,0001,10/18/2026 00:00:00,499.975000,119994.000000,0.00,1,False
676,07/09/2024 00:00:00,,00084,20,0001,10/18/2026 00:00:00,811.873635,16237.472700,0.00,1,False
677,07/10/2024 00:00:00,,00144,60,0001,10/18/2026 00:00:00,422.034090,25322.045400,0.00,1,False
678,07/10/2024 00:00:00,,00038,15,0002,10/18/2026 00:00:00,756.400030,11346.000450,0.00,1,False
679,07/10/2024 00:00:00,,00016,10,0006,10/18/2026 00:00:00,410.084750,4100.847500,0.00,1,False
680,07/10/2024 00:00:00,,00052,20,0005,10/18/2026 00:00:00,1221.202408,24424.048160,0.00,1,False
681,07/10/2024 00:00:00,,00054,24,0007,10/18/2026 00:00:00,177.875000,4269.000000,0.00,1,False
682,07/10/2024 00:00:00,,00091,8,0002,10/18/2026 00:00:00,854.147726,6833.181810,0.00,1,False
683,07/10/2024 00:00:00,,00090,12,0003,10/18/2026 00:00:00,844.761363,10137.136350,0.00,1,False
684,07/11/2024 00:00:00,,00008,3700,0001,10/20/2026 00:00:00,31.844540,117824.798600,0.00,1,False
685,07/13/2024 00:00:00,,00008,1261,0001,10/20/2026 00:00:00,26.328319,33200.009720,0.00,1,False
686,07/13/2024 00:00:00,,00022,50,0015,10/20/2026 00:00:00,640.500000,32025.000000,0.00,1,False
687,07/13/2024 00:00:00,,00133,12,0001,10/20/2026 00:00:00,1893.236363,22718.836350,0.00,1,False
688,07/14/2024 00:00:00,,00019,99,0001,10/20/2026 00:00:00,499.293000,49430.007000,0.00,1,False
689,07/14/2024 00:00:00,,00134,16,0001,10/20/2026 00:00:00,940.168072,15042.689150,0.00,1,False
690,07/14/2024 00:00:00,HEPATUNE ,00024,60,0001,10/20/2026 00:00:00,391.049400,23462.964000,0.00,1,False
691,07/14/2024 00:00:00,,00131,28,0001,10/20/2026 00:00:00,1009.913129,28277.567620,0.00,1,False
692,07/14/2024 00:00:00,,00084,8,0001,10/20/2026 00:00:00,781.532726,6252.261810,0.00,1,False
693,07/14/2024 00:00:00,,00090,8,0001,10/20/2026 00:00:00,943.647726,7549.181810,0.00,1,False
694,07/14/2024 00:00:00,,00118,5,0004,10/20/2026 00:00:00,2663.561000,13317.805000,0.00,1,False
695,07/14/2024 00:00:00,,00129,8,0001,10/20/2026 00:00:00,1311.992676,10495.941410,0.00,1,False
696,07/14/2024 00:00:00,,00130,8,0001,10/20/2026 00:00:00,1348.875855,10791.006840,0.00,1,False
697,07/14/2024 00:00:00,,00135,8,0001,10/20/2026 00:00:00,1977.404380,15819.235040,0.00,1,False
698,07/14/2024 00:00:00,,00145,8,0001,10/20/2026 00:00:00,982.988638,7863.909100,0.00,1,False
699,07/14/2024 00:00:00,,00086,240,0001,10/20/2026 00:00:00,315.776670,75786.400800,0.00,1,False
700,07/15/2024 00:00:00,,00013,1400,0001,10/21/2026 00:00:00,34.833536,48766.950650,0.00,1,False
701,07/18/2024 00:00:00,,00013,2500,0001,10/21/2026 00:00:00,30.824680,77061.698750,0.00,1,False
702,07/20/2024 00:00:00,,00123,36,0001,10/21/2026 00:00:00,350.000000,12600.000000,0.00,1,False
703,07/21/2024 00:00:00,,00157,50,0001,10/21/2026 00:00:00,679.500000,33975.000000,0.00,1,False
704,07/21/2024 00:00:00,,00158,43,0001,10/21/2026 00:00:00,588.902552,25322.809750,0.00,1,False
705,07/22/2024 00:00:00,,00137,50,0001,10/21/2026 00:00:00,3947.350820,197367.541000,0.00,1,False
706,07/23/2024 00:00:00,,00160,50,0001,10/21/2026 00:00:00,908.073750,45403.687500,0.00,1,False
707,07/24/2024 00:00:00,,00051,20,0001,10/21/2026 00:00:00,1499.681818,29993.636350,0.00,1,False
708,07/24/2024 00:00:00,,00052,60,0001,10/21/2026 00:00:00,903.626310,54217.578590,0.00,1,False
709,07/24/2024 00:00:00,,00178,40,0001,10/21/2026 00:00:00,295.946928,11837.877100,0.00,1,False
710,07/24/2024 00:00:00,,00179,8,0001,10/21/2026 00:00:00,1462.786468,11702.291740,0.00,1,False
711,07/24/2024 00:00:00,,00180,8,0001,10/22/2026 00:00:00,1269.121818,10152.974540,0.00,1,False
712,07/24/2024 00:00:00,,00009,1040,0001,10/22/2026 00:00:00,25.591865,26615.539920,0.00,1,False
713,07/27/2024 00:00:00,,00048,300,0001,10/22/2026 00:00:00,323.651760,97095.528000,0.00,1,False
714,07/28/2024 00:00:00,,00046,120,0001,10/22/2026 00:00:00,625.192539,75023.104640,0.00,1,False
715,07/28/2024 00:00:00,,00130,20,0001,10/22/2026 00:00:00,1227.996718,24559.934360,0.00,1,False
716,07/28/2024 00:00:00,,00032,120,0001,10/22/2026 00:00:00,304.090510,36490.861200,0.00,1,False
717,07/29/2024 00:00:00,,00022,40,0016,10/22/2026 00:00:00,649.875000,25995.000000,0.00,1,False
718,07/30/2024 00:00:00,,00131,12,0001,10/22/2026 00:00:00,678.268578,8139.222940,0.00,1,False
719,07/30/2024 00:00:00,,00181,305,0001,10/22/2026 00:00:00,52.065559,15879.995500,0.00,1,False
720,07/30/2024 00:00:00,,00052,24,0001,10/22/2026 00:00:00,958.627068,23007.049620,0.00,1,False
721,07/30/2024 00:00:00,,00180,20,0001,10/22/2026 00:00:00,619.121818,12382.436350,0.00,1,False
722,07/30/2024 00:00:00,,00116,12,0001,10/22/2026 00:00:00,580.722850,6968.674200,0.00,1,False
723,07/30/2024 00:00:00,,00084,12,0001,10/22/2026 00:00:00,713.010000,8556.120000,0.00,1,False
724,07/31/2024 00:00:00,,00152,40,0001,10/22/2026 00:00:00,145.627631,5825.105250,0.00,1,False
725,07/31/2024 00:00:00,,00121,60,0001,10/22/2026 00:00:00,147.365968,8841.958050,0.00,1,False
726,07/31/2024 00:00:00,,00182,2054,0001,10/23/2026 00:00:00,38.376334,78824.990400,0.00,1,False
727,08/01/2024 00:00:00,,00133,20,0001,10/23/2026 00:00:00,1623.054668,32461.093350,0.00,1,False
728,08/01/2024 00:00:00,,00030,2119,0001,10/23/2026 00:00:00,26.509504,56173.638070,0.00,1,False
729,08/03/2024 00:00:00,,00164,10,0001,10/23/2026 00:00:00,4056.078000,40560.780000,0.00,1,False
730,08/04/2024 00:00:00,,00155,1300,0001,08/03/2026 00:00:00,24.807931,32250.310700,0.00,1,False
731,08/04/2024 00:00:00,,00161,200,0001,08/03/2026 00:00:00,62.762685,12552.536900,0.00,1,False
732,08/04/2024 00:00:00,,00159,460,0001,08/03/2026 00:00:00,39.750133,18285.061000,0.00,1,False
733,08/04/2024 00:00:00,,00183,16,0001,08/03/2026 00:00:00,982.047373,15712.757960,0.00,1,False
734,08/04/2024 00:00:00,,00131,20,0001,08/03/2026 00:00:00,427.749223,8554.984450,0.00,1,False
735,08/04/2024 00:00:00,,00084,44,0001,08/03/2026 00:00:00,647.241186,28478.612190,0.00,1,False
736,08/04/2024 00:00:00,,00090,4,0001,08/03/2026 00:00:00,800.510973,3202.043890,0.00,1,False
737,08/04/2024 00:00:00,,00091,12,0001,08/03/2026 00:00:00,811.135973,9733.631670,0.00,1,False
738,08/05/2024 00:00:00,,00016,30,0001,08/04/2026 00:00:00,401.969750,12059.092500,0.00,1,False
739,08/05/2024 00:00:00,,00022,47,0015,08/04/2026 00:00:00,622.000000,29234.000000,0.00,1,False
740,08/07/2024 00:00:00,,00040,15,0001,08/06/2026 00:00:00,1090.748500,16361.227500,0.00,1,False
741,08/07/2024 00:00:00,,00164,17,0001,08/06/2026 00:00:00,4159.458500,70710.794500,0.00,1,False
742,08/10/2024 00:00:00,,00019,49,0001,08/09/2026 00:00:00,505.102071,24750.001500,0.00,1,False
743,08/10/2024 00:00:00,,00147,2,0001,08/09/2026 00:00:00,5322.501320,10645.002640,0.00,1,False
744,08/10/2024 00:00:00,,00146,100,0001,08/09/2026 00:00:00,161.882905,16188.290450,0.00,1,False
745,08/15/2024 00:00:00,,00164,30,0001,08/14/2026 00:00:00,2357.176667,70715.300000,0.00,1,False
747,08/18/2024 00:00:00,,00022,63,0015,08/17/2026 00:00:00,665.555556,41930.000000,0.00,1,False
748,08/18/2026 00:00:00,,00019,10,0001,08/17/2026 00:00:00,495.000000,4950.000000,0.00,1,False
749,08/15/2024 00:00:00,,00184,120,0001,08/14/2026 00:00:00,313.450000,37614.000000,0.00,1,False
750,08/15/2024 00:00:00,,00053,59,0001,08/14/2026 00:00:00,899.671226,53080.602360,0.00,1,False
753,08/19/2024 00:00:00,,00157,50,0001,08/18/2026 00:00:00,664.800000,33240.000000,0.00,1,False
754,08/19/2024 00:00:00,,00150,100,0001,08/18/2026 00:00:00,701.099805,70109.980500,0.00,1,False
755,08/19/2024 00:00:00,,00040,18,0001,08/18/2026 00:00:00,1014.755917,18265.606500,0.00,1,False
756,08/19/2024 00:00:00,,00154,1260,0001,08/18/2026 00:00:00,27.778079,35000.380160,0.00,1,False
757,08/20/2024 00:00:00,,00019,48,0001,08/19/2026 00:00:00,533.333417,25600.004000,0.00,1,False
758,08/20/2024 00:00:00,,00040,11,0001,08/19/2026 00:00:00,860.180136,9461.981500,0.00,1,False
759,08/21/2024 00:00:00,,00126,250,0001,08/20/2026 00:00:00,51.673240,12918.310000,0.00,1,False
760,08/21/2024 00:00:00,,00028,100,0005,08/20/2026 00:00:00,1141.995000,114199.500000,0.00,1,False
761,08/24/2024 00:00:00,,00147,6,0001,08/23/2026 00:00:00,2993.410410,17960.462460,0.00,1,False
762,08/24/2024 00:00:00,,00156,41,0001,08/23/2026 00:00:00,550.609799,22575.001750,0.00,1,False
763,08/24/2024 00:00:00,,00019,40,0001,08/23/2026 00:00:00,355.750000,14230.000000,0.00,1,False
764,08/24/2024 00:00:00,,00185,10,0001,08/23/2026 00:00:00,1576.675250,15766.752500,0.00,1,False
765,08/26/2024 00:00:00,,00040,6,0001,08/25/2026 00:00:00,1022.422750,6134.536500,0.00,1,False
766,08/26/2024 00:00:00,,00186,14,001,08/25/2026 00:00:00,810.714250,11349.999500,0.00,1,False
767,08/26/2024 00:00:00,,00016,100,0001,08/25/2026 00:00:00,457.427750,45742.775000,0.00,1,False
768,08/27/2024 00:00:00,,00187,52,0001,08/26/2026 00:00:00,2113.883928,109921.964260,0.00,1,False
769,08/31/2024 00:00:00,,00164,25,0001,08/30/2026 00:00:00,3945.167250,98629.181250,0.00,1,False
770,08/31/2024 00:00:00,,00130,20,0001,08/30/2026 00:00:00,1177.373255,23547.465100,0.00,1,False
771,08/31/2024 00:00:00,,00129,20,0001,08/30/2026 00:00:00,1167.545105,23350.902100,0.00,1,False
772,08/19/2024 00:00:00,,00022,10,0015,08/18/2026 00:00:00,622.000000,6220.000000,0.00,1,False
773,09/01/2024 00:00:00,,00076,101,0001,08/31/2026 00:00:00,1626.039542,164229.993750,0.00,1,False
774,09/01/2024 00:00:00,,00052,60,0001,08/31/2026 00:00:00,2313.255553,138795.333200,0.00,1,False
775,09/02/2024 00:00:00,,00019,30,0001,09/01/2026 00:00:00,386.333417,11590.002500,0.00,1,False
776,09/02/2024 00:00:00,,00156,3,0001,09/01/2026 00:00:00,933.333333,2800.000000,0.00,1,False
777,09/03/2024 00:00:00,,00026,1008,0005,09/02/2026 00:00:00,72.485190,73065.071520,0.00,1,False
778,09/03/2024 00:00:00,,00127,823,0005,09/02/2026 00:00:00,68.895535,56701.025710,0.00,1,False
779,09/04/2024 00:00:00,,00188,40,0001,09/03/2026 00:00:00,746.448190,29857.927600,0.00,1,False
780,09/04/2024 00:00:00,,00189,40,0001,09/03/2026 00:00:00,1432.066540,57282.661600,0.00,1,False
781,09/04/2024 00:00:00,,00151,144,0001,09/03/2026 00:00:00,336.739333,48490.463880,0.00,1,False
782,09/04/2024 00:00:00,,00038,30,0001,09/03/2026 00:00:00,551.982601,16559.478020,0.00,1,False
783,09/04/2024 00:00:00,,00181,494,0001,09/03/2026 00:00:00,59.731367,29507.295140,0.00,1,False
784,09/04/2024 00:00:00,,00032,120,0001,09/03/2026 00:00:00,185.828133,22299.376000,0.00,1,False
785,09/04/2024 00:00:00,,00164,43,0003,09/03/2026 00:00:00,3513.600994,151084.842750,0.00,1,False
786,09/05/2024 00:00:00,,00078,201,0005,09/04/2026 00:00:00,477.363250,95950.013250,0.00,1,False
787,09/05/2024 00:00:00,,00164,6,0003,09/04/2026 00:00:00,1240.246000,7441.476000,0.00,1,False
788,09/07/2024 00:00:00,,00186,103,001,09/06/2026 00:00:00,801.941687,82599.993750,0.00,1,False
789,09/07/2024 00:00:00,,00022,3,0015,09/06/2026 00:00:00,487.666750,1463.000250,0.00,1,False
790,09/08/2024 00:00:00,,00129,48,0001,09/07/2026 00:00:00,1167.284008,56029.632360,0.00,1,False
791,09/08/2024 00:00:00,,00135,48,0001,09/07/2026 00:00:00,2069.264848,99324.712680,0.00,1,False
792,09/08/2024 00:00:00,,00145,32,0001,09/07/2026 00:00:00,1221.488835,39087.642720,0.00,1,False
793,09/08/2024 00:00:00,,00144,16,0001,09/07/2026 00:00:00,402.015948,6432.255160,0.00,1,False
794,09/08/2024 00:00:00,,00133,32,0001,09/07/2026 00:00:00,1488.398048,47628.737520,0.00,1,False
795,09/08/2024 00:00:00,,00130,48,0001,09/07/2026 00:00:00,1235.574755,59307.588260,0.00,1,False
796,09/08/2024 00:00:00,,00131,16,0001,09/07/2026 00:00:00,492.295398,7876.726360,0.00,1,False
797,09/08/2024 00:00:00,,00116,16,0001,09/07/2026 00:00:00,1054.848048,16877.568760,0.00,1,False
798,09/08/2024 00:00:00,,00072,16,0001,09/07/2026 00:00:00,775.173448,12402.775160,0.00,1,False
799,09/08/2024 00:00:00,,00134,32,0001,09/07/2026 00:00:00,844.402605,27020.883360,0.00,1,False
800,09/08/2024 00:00:00,,00047,200,0001,09/07/2026 00:00:00,1083.675048,216735.009500,0.00,1,False
801,09/08/2024 00:00:00,,00052,20,0001,09/07/2026 00:00:00,1087.949198,21758.983950,0.00,1,False
802,09/09/2024 00:00:00,,00126,1000,0001,09/08/2026 00:00:00,58.627412,58627.411600,0.00,1,False
803,09/10/2024 00:00:00,,00125,42,0001,09/09/2026 00:00:00,703.859655,29562.105500,0.00,1,False
804,09/11/2024 00:00:00,,00126,1000,0001,09/10/2026 00:00:00,90.538982,90538.982000,0.00,1,False
805,09/12/2024 00:00:00,,00161,996,0001,09/11/2026 00:00:00,30.370206,30248.725360,0.00,1,False
806,09/14/2024 00:00:00,,00186,50,001,09/13/2026 00:00:00,803.000000,40150.000000,0.00,1,False
807,09/14/2024 00:00:00,,00160,50,0001,09/13/2026 00:00:00,740.942837,37047.141840,0.00,1,False
808,09/14/2024 00:00:00,,00047,200,0001,09/13/2026 00:00:00,602.742755,120548.551060,0.00,1,False
809,09/14/2024 00:00:00,,00190,60,0001,09/13/2026 00:00:00,283.149576,16988.974550,0.00,1,False
810,09/15/2024 00:00:00,,00019,200,0001,09/14/2026 00:00:00,495.850000,99170.000000,0.00,1,False
811,09/15/2024 00:00:00,,00186,20,001,09/14/2026 00:00:00,807.500000,16150.000000,0.00,1,False
812,09/15/2024 00:00:00,,00049,40,001,09/14/2026 00:00:00,710.568638,28422.745500,0.00,1,False
813,09/16/2024 00:00:00,,00156,50,001,09/15/2026 00:00:00,528.700000,26435.000000,0.00,1,False
814,09/16/2024 00:00:00,,00159,850,001,09/15/2026 00:00:00,24.103312,20487.815200,0.00,1,False
815,09/16/2024 00:00:00,,00019,102,0001,09/15/2026 00:00:00,486.411681,49613.991500,0.00,1,False
816,09/16/2024 00:00:00,,00022,100,0001,09/15/2026 00:00:00,615.950000,61595.000000,0.00,1,False
817,09/18/2024 00:00:00,,00022,110,0016,09/16/2026 00:00:00,700.136386,77015.002500,0.00,1,False
818,09/18/2024 00:00:00,,00040,2,002,09/16/2026 00:00:00,964.578750,1929.157500,0.00,1,False
819,09/18/2024 00:00:00,,00191,30,0001,09/16/2026 00:00:00,977.088417,29312.652500,0.00,1,False
820,09/19/2024 00:00:00,,00016,130,0015,09/18/2026 00:00:00,509.339346,66214.115000,0.00,1,False
821,09/19/2024 00:00:00,,00052,40,001,09/18/2026 00:00:00,999.850438,39994.017500,0.00,1,False
822,09/21/2024 00:00:00,,00017,571,0002,09/19/2026 00:00:00,55.340993,31599.707040,0.00,1,False
824,09/21/2024 00:00:00,,00090,12,001,09/19/2026 00:00:00,993.761150,11925.133800,0.00,1,False
825,09/21/2024 00:00:00,,00188,12,001,09/19/2026 00:00:00,1385.901683,16630.820200,0.00,1,False
826,09/22/2024 00:00:00,,00022,10,0018,09/21/2026 00:00:00,624.500000,6245.000000,0.00,1,False
827,09/22/2024 00:00:00,,00016,30,0018,09/21/2026 00:00:00,486.907250,14607.217500,0.00,1,False
828,09/23/2024 00:00:00,,00016,50,0018,09/22/2026 00:00:00,541.402750,27070.137500,0.00,1,False
829,09/25/2024 00:00:00,,00016,92,0015,09/24/2026 00:00:00,1252.114739,115194.556000,0.00,1,False
830,09/25/2024 00:00:00,,00186,24,0015,09/24/2026 00:00:00,806.250000,19350.000000,0.00,1,False
831,09/26/2024 00:00:00,,00157,50,0001,09/25/2026 00:00:00,650.300000,32515.000000,0.00,1,False
832,09/26/2024 00:00:00,,00150,76,002,09/25/2026 00:00:00,1336.000845,101536.064250,0.00,1,False
833,09/27/2024 00:00:00,,00186,106,0015,09/26/2026 00:00:00,902.830146,95699.995500,0.00,1,False
834,09/28/2024 00:00:00,,00125,5,0001,09/27/2026 00:00:00,657.000000,3285.000000,0.00,1,False
835,09/28/2024 00:00:00,,00038,5,0001,09/27/2026 00:00:00,637.837610,3189.188050,0.00,1,False
836,09/28/2024 00:00:00,,00040,34,0001,09/27/2026 00:00:00,1012.078750,34410.677500,0.00,1,False
837,09/29/2024 00:00:00,,00192,60,0001,09/28/2026 00:00:00,953.147854,57188.871250,0.00,1,False
838,09/29/2024 00:00:00,,00193,40,0002,09/28/2026 00:00:00,877.964338,35118.573500,0.00,1,False
839,09/29/2026 00:00:00,,00189,40,0015,09/28/2026 00:00:00,1044.667388,41786.695500,0.00,1,False
840,09/29/2024 00:00:00,,00194,40,0001,09/28/2026 00:00:00,1672.188838,66887.553500,0.00,1,False
842,09/29/2026 00:00:00,,00195,60,0001,09/28/2026 00:00:00,766.583250,45994.995000,0.00,1,False
843,10/01/2024 00:00:00,,00016,20,0015,09/30/2026 00:00:00,2578.635000,51572.700000,0.00,1,False
844,10/02/2024 00:00:00,,00040,21,0001,10/01/2026 00:00:00,964.578750,20256.153750,0.00,1,False
845,10/02/2024 00:00:00,,00198,8,001,10/01/2026 00:00:00,987.616038,7900.928300,0.00,1,False
846,10/02/2024 00:00:00,,00077,24,0001,10/01/2026 00:00:00,289.702660,6952.863840,0.00,1,False
847,10/03/2024 00:00:00,,00016,11,0001,10/02/2026 00:00:00,2600.000000,28600.000000,0.00,1,False
848,10/03/2024 00:00:00,,00022,119,0015,10/02/2026 00:00:00,616.974721,73419.991750,0.00,1,False
849,10/03/2024 00:00:00,,00040,3,0001,10/02/2026 00:00:00,980.412000,2941.236000,0.00,1,False
850,10/02/2024 00:00:00,,00197,20,001,10/01/2026 00:00:00,1134.682288,22693.645750,0.00,1,False
851,10/05/2024 00:00:00,,00022,25,0001,10/04/2026 00:00:00,622.600000,15565.000000,0.00,1,False
852,10/05/2024 00:00:00,,00040,4,0001,10/04/2026 00:00:00,1004.578750,4018.315000,0.00,1,False
853,10/06/2024 00:00:00,,00156,50,0002,10/05/2026 00:00:00,528.700000,26435.000000,0.00,1,False
854,10/06/2024 00:00:00,,00154,1519,0002,10/05/2026 00:00:00,23.907653,36315.724560,0.00,1,False
855,10/06/2024 00:00:00,,00155,1528,0002,10/05/2026 00:00:00,23.568956,36013.365200,0.00,1,False
856,10/06/2024 00:00:00,,00200,60,001,10/05/2026 00:00:00,243.276980,14596.618800,0.00,1,False
857,10/07/2024 00:00:00,,00095,100,0001,10/06/2026 00:00:00,568.400000,56840.000000,0.00,1,False
858,10/07/2024 00:00:00,,00172,20,001,10/06/2026 00:00:00,1006.594638,20131.892750,0.00,1,False
859,10/08/2024 00:00:00,,00022,71,0001,10/07/2026 00:00:00,620.985831,44089.994000,0.00,1,False
860,10/08/2024 00:00:00,,00157,120,0002,10/07/2026 00:00:00,658.750000,79050.000000,0.00,1,False
861,10/09/2024 00:00:00,,00040,30,0001,10/08/2026 00:00:00,919.812500,27594.375000,0.00,1,False
862,10/10/2024 00:00:00,,00196,20,002,10/09/2026 00:00:00,708.013250,14160.265000,0.00,1,False
863,10/10/2024 00:00:00,,00022,15,0001,10/09/2026 00:00:00,634.000000,9510.000000,0.00,1,False
864,10/10/2024 00:00:00,,00142,50,005,10/09/2026 00:00:00,2976.772250,148838.612500,0.00,1,False
865,10/10/2024 00:00:00,,00040,1,0001,10/09/2026 00:00:00,999.288500,999.288500,0.00,1,False
866,10/12/2024 00:00:00,,00022,30,005,10/11/2026 00:00:00,630.833250,18924.997500,0.00,1,False
867,10/12/2024 00:00:00,,00052,80,0001,10/11/2026 00:00:00,1127.779088,90222.327000,0.00,1,False
868,10/12/2024 00:00:00,,00173,120,0001,10/11/2026 00:00:00,270.704463,32484.535600,0.00,1,False
869,10/13/2024 00:00:00,,00202,48,0001,10/12/2026 00:00:00,97.396733,4675.043200,0.00,1,False
870,10/13/2024 00:00:00,,00203,48,0001,10/12/2026 00:00:00,145.275043,6973.202080,0.00,1,False
871,10/13/2024 00:00:00,,00204,48,0001,10/12/2026 00:00:00,98.788633,4741.854400,0.00,1,False
872,10/13/2024 00:00:00,,00205,60,0001,10/12/2026 00:00:00,120.290703,7217.442200,0.00,1,False
873,10/14/2024 00:00:00,,00022,30,0001,10/13/2026 00:00:00,646.666750,19400.002500,0.00,1,False
874,10/14/2024 00:00:00,,00116,12,0001,10/13/2026 00:00:00,1016.971304,12203.655650,0.00,1,False
875,10/14/2024 00:00:00,,00206,48,0001,10/13/2026 00:00:00,190.269623,9132.941920,0.00,1,False
876,10/14/2024 00:00:00,,00190,48,0001,10/13/2026 00:00:00,42.318973,2031.310720,0.00,1,False
877,10/14/2024 00:00:00,,00131,24,0001,10/13/2026 00:00:00,205.522838,4932.548100,0.00,1,False
878,10/14/2024 00:00:00,,00164,14,005,10/13/2026 00:00:00,1171.434750,16400.086500,0.00,1,False
879,10/15/2024 00:00:00,,00047,200,0002,10/14/2026 00:00:00,951.233852,190246.770420,0.00,1,False
880,10/15/2024 00:00:00,,00147,3,0002,10/14/2026 00:00:00,1973.855250,5921.565750,0.00,1,False
881,10/15/2024 00:00:00,,00046,100,00001,10/14/2026 00:00:00,791.472038,79147.203750,0.00,1,False
882,10/15/2024 00:00:00,,00091,12,0002,10/14/2026 00:00:00,836.395721,10036.748650,0.00,1,False
883,10/16/2024 00:00:00,,00019,29,0001,10/15/2026 00:00:00,433.793000,12579.997000,0.00,1,False
884,10/16/2024 00:00:00,,00147,7,005,10/15/2026 00:00:00,2350.470750,16453.295250,0.00,1,False
885,10/16/2024 00:00:00,,00084,8,0001,10/15/2026 00:00:00,885.738078,7085.904620,0.00,1,False
886,10/16/2024 00:00:00,,00207,20,0001,10/15/2026 00:00:00,832.929750,16658.595000,0.00,1,False
887,10/16/2024 00:00:00,,00053,36,0001,10/15/2026 00:00:00,833.759938,30015.357750,0.00,1,False
888,10/16/2024 00:00:00,,00144,20,0001,10/15/2026 00:00:00,995.686188,19913.723750,0.00,1,False
889,10/16/2024 00:00:00,,00049,24,0005,10/15/2026 00:00:00,686.937788,16486.506900,0.00,1,False
890,10/17/2024 00:00:00,,00022,95,0001,10/16/2026 00:00:00,620.947368,58990.000000,0.00,1,False
891,10/17/2024 00:00:00,,00145,24,005,10/16/2026 00:00:00,1180.859438,28340.626500,0.00,1,False
892,10/17/2024 00:00:00,,00133,24,0002,10/16/2026 00:00:00,1373.130254,32955.126100,0.00,1,False
893,10/17/2024 00:00:00,,00049,12,0001,10/16/2026 00:00:00,707.771138,8493.253650,0.00,1,False
894,10/17/2024 00:00:00,,00040,8,0001,10/16/2026 00:00:00,1080.242500,8641.940000,0.00,1,False
895,10/20/2024 00:00:00,,00156,100,0001,10/19/2026 00:00:00,442.000000,44200.000000,0.00,1,False
896,10/20/2024 00:00:00,,00040,15,0001,10/19/2026 00:00:00,1070.659000,16059.885000,0.00,1,False
897,10/21/2024 00:00:00,,00022,30,0001,10/21/2026 00:00:00,634.000000,19020.000000,0.00,1,False
898,10/21/2024 00:00:00,,00016,28,0001,10/21/2026 00:00:00,695.762750,19481.357000,0.00,1,False
899,10/21/2024 00:00:00,,00049,40,0001,10/21/2026 00:00:00,671.151701,26846.068050,0.00,1,False
900,10/21/2024 00:00:00,,00084,40,0001,10/20/2026 00:00:00,762.843040,30513.721580,0.00,1,False
901,10/21/2024 00:00:00,,00192,40,0001,10/20/2026 00:00:00,1054.783660,42191.346400,0.00,1,False
902,10/21/2024 00:00:00,,00078,188,0005,10/20/2026 00:00:00,480.053250,90250.011000,0.00,1,False
903,10/22/2024 00:00:00,,00022,11,0001,10/21/2026 00:00:00,570.091000,6271.001000,0.00,1,False
904,10/22/2024 00:00:00,,00009,300,0001,10/21/2026 00:00:00,20.210197,6063.059020,0.00,1,False
905,10/22/2024 00:00:00,,00158,40,0001,10/21/2026 00:00:00,618.309000,24732.360000,0.00,1,False
906,10/22/2024 00:00:00,,00040,22,0001,10/21/2026 00:00:00,812.799932,17881.598500,0.00,1,False
907,10/22/2024 00:00:00,,00137,35,0001,10/21/2026 00:00:00,4023.805214,140833.182500,0.00,1,False
908,10/22/2024 00:00:00,,00147,5,0001,10/21/2026 00:00:00,2396.319000,11981.595000,0.00,1,False
909,10/22/2024 00:00:00,,00049,4,0001,10/21/2026 00:00:00,696.060100,2784.240400,0.00,1,False
910,10/23/2024 00:00:00,,00019,141,0001,10/22/2026 00:00:00,501.744750,70746.009750,0.00,1,False
911,10/23/2024 00:00:00,,00016,16,0001,10/22/2026 00:00:00,588.767750,9420.284000,0.00,1,False
912,10/23/2024 00:00:00,,00035,6,0001,10/22/2026 00:00:00,1361.770500,8170.623000,0.00,1,False
913,10/23/2024 00:00:00,,00208,300,0001,10/22/2026 00:00:00,362.688601,108806.580200,0.00,1,False
914,10/24/2024 00:00:00,,00086,240,0006,10/23/2026 00:00:00,332.374740,79769.937480,0.00,1,False
915,10/24/2024 00:00:00,,00157,201,0001,10/23/2026 00:00:00,655.746245,131804.995250,0.00,1,False
916,10/24/2024 00:00:00,,00022,51,0001,10/23/2026 00:00:00,618.725500,31555.000500,0.00,1,False
918,10/27/2024 00:00:00,,00209,68,0001,10/24/2026 00:00:00,617.794500,42010.026000,0.00,1,False
919,10/26/2024 00:00:00,,00078,12,0001,10/25/2026 00:00:00,490.833250,5889.999000,0.00,1,False
920,10/26/2024 00:00:00,,00028,58,0002,10/25/2026 00:00:00,856.516750,49677.971500,0.00,1,False
921,10/26/2024 00:00:00,,00127,158,0001,10/25/2026 00:00:00,70.908722,11203.578000,0.00,1,False
922,10/27/2024 00:00:00,,00210,32,0001,10/26/2026 00:00:00,761.720650,24375.060800,0.00,1,False
923,10/27/2024 00:00:00,,00211,40,0001,10/26/2026 00:00:00,767.044200,30681.768000,0.00,1,False
924,10/27/2024 00:00:00,,00131,40,0001,10/26/2026 00:00:00,804.543150,32181.726000,0.00,1,False
925,10/27/2024 00:00:00,,00144,32,0001,10/26/2026 00:00:00,976.684100,31253.891200,0.00,1,False
926,10/27/2024 00:00:00,,00147,1,0001,10/26/2026 00:00:00,871.169250,871.169250,0.00,1,False
927,10/27/2024 00:00:00,,00133,12,0001,10/26/2026 00:00:00,1136.139800,13633.677600,0.00,1,False
928,10/27/2024 00:00:00,,00053,8,0001,10/26/2026 00:00:00,880.929750,7047.438000,0.00,1,False
929,10/27/2024 00:00:00,,00134,8,0001,10/26/2026 00:00:00,1122.879630,8983.037040,0.00,1,False
930,10/27/2024 00:00:00,,00084,16,0001,10/26/2026 00:00:00,747.893440,11966.295040,0.00,1,False
931,10/28/2024 00:00:00,,00160,100,0001,10/27/2026 00:00:00,513.676586,51367.658620,0.00,1,False
932,10/28/2024 00:00:00,,00073,1200,0001,10/27/2026 00:00:00,400.154532,480185.438000,0.00,1,False
933,10/29/2024 00:00:00,,00212,10,004,10/28/2026 00:00:00,1462.117250,14621.172500,0.00,1,False
934,10/29/2024 00:00:00,,00028,39,0001,10/28/2026 00:00:00,1233.318750,48099.431250,0.00,1,False
935,10/29/2024 00:00:00,,00077,264,001,10/28/2026 00:00:00,399.472278,105460.681480,0.00,1,False
936,10/30/2024 00:00:00,,00195,16,0001,10/29/2026 00:00:00,797.500000,12760.000000,0.00,1,False
937,10/30/2024 00:00:00,,00213,48,0001,10/29/2026 00:00:00,868.079083,41667.796000,0.00,1,False
938,11/01/2024 00:00:00,,00019,391,0001,10/31/2026 00:00:00,505.652250,197710.029750,0.00,1,False
939,11/02/2024 00:00:00,,00022,230,0001,11/10/2026 00:00:00,620.108728,142625.007500,0.00,1,False
940,11/02/2024 00:00:00,,00009,200,0001,11/01/2026 00:00:00,20.907876,4181.575240,0.00,1,False
941,11/02/2024 00:00:00,,00127,220,0001,11/01/2026 00:00:00,77.096418,16961.212000,0.00,1,False
942,11/03/2024 00:00:00,,00022,120,0001,11/02/2026 00:00:00,651.583250,78189.990000,0.00,1,False
943,11/04/2024 00:00:00,,00212,200,0001,11/03/2026 00:00:00,1236.005750,247201.150000,0.00,1,False
944,11/04/2024 00:00:00,,00032,240,0001,11/03/2026 00:00:00,306.417418,73540.180400,0.00,1,False
945,11/04/2024 00:00:00,,00049,100,0001,11/03/2026 00:00:00,701.234150,70123.415000,0.00,1,False
946,11/04/2024 00:00:00,,00040,50,0001,11/03/2026 00:00:00,986.540000,49327.000000,0.00,1,False
947,11/05/2024 00:00:00,,00022,10,0001,11/04/2026 00:00:00,662.000000,6620.000000,0.00,1,False
948,11/05/2024 00:00:00,,00038,31,0001,11/04/2026 00:00:00,611.846313,18967.235700,0.00,1,False
949,11/05/2024 00:00:00,,00147,20,0002,11/04/2026 00:00:00,3061.975250,61239.505000,0.00,1,False
950,11/05/2024 00:00:00,,00016,10,0002,11/04/2026 00:00:00,598.540000,5985.400000,0.00,1,False
951,11/05/2024 00:00:00,,00020,550,0001,11/04/2026 00:00:00,49.716367,27344.002000,0.00,1,False
952,11/05/2024 00:00:00,,00014,500,0001,11/04/2026 00:00:00,48.103010,24051.505000,0.00,1,False
953,11/05/2024 00:00:00,,00040,1,0001,11/04/2026 00:00:00,1196.822000,1196.822000,0.00,1,False
954,11/06/2024 00:00:00,,00022,80,0001,11/05/2026 00:00:00,623.750000,49900.000000,0.00,1,False
955,11/06/2024 00:00:00,,00019,40,0001,11/05/2026 00:00:00,515.625000,20625.000000,0.00,1,False
956,11/06/2024 00:00:00,,00014,820,0001,11/05/2026 00:00:00,48.793863,40010.967400,0.00,1,False
957,11/07/2024 00:00:00,,00198,32,0002,11/06/2026 00:00:00,1105.090850,35362.907200,0.00,1,False
958,11/07/2024 00:00:00,,00145,24,0002,11/06/2026 00:00:00,810.170933,19444.102400,0.00,1,False
959,11/07/2024 00:00:00,,00132,16,0002,11/06/2026 00:00:00,1566.280900,25060.494400,0.00,1,False
960,11/07/2024 00:00:00,,00116,24,0002,11/06/2026 00:00:00,1067.722550,25625.341200,0.00,1,False
961,11/07/2024 00:00:00,,00213,20,0002,11/06/2026 00:00:00,938.745350,18774.907000,0.00,1,False
962,11/09/2024 00:00:00,,00014,875,002,11/08/2026 00:00:00,48.228853,42200.246250,0.00,1,False
963,11/09/2024 00:00:00,,00016,5,002,11/08/2026 00:00:00,591.292750,2956.463750,0.00,1,False
964,11/10/2024 00:00:00,,00046,20,0001,11/09/2026 00:00:00,869.547150,17390.943000,0.00,1,False
965,11/10/2024 00:00:00,,00045,36,0001,11/09/2026 00:00:00,356.675936,12840.333690,0.00,1,False
966,11/10/2024 00:00:00,,00151,60,0001,11/09/2026 00:00:00,353.505299,21210.317950,0.00,1,False
967,11/10/2024 00:00:00,,00052,8,0001,11/09/2026 00:00:00,1071.300250,8570.402000,0.00,1,False
968,11/10/2024 00:00:00,,00064,60,0001,11/09/2026 00:00:00,236.064079,14163.844750,0.00,1,False
969,11/10/2024 00:00:00,,00173,180,0001,11/09/2026 00:00:00,243.691164,43864.409450,0.00,1,False
970,11/10/2024 00:00:00,,00041,10,0001,11/09/2026 00:00:00,941.011500,9410.115000,0.00,1,False
971,11/10/2024 00:00:00,,00215,2575,0001,11/09/2026 00:00:00,47.167147,121455.403250,0.00,1,False
972,11/10/2024 00:00:00,,00122,24,0001,11/09/2026 00:00:00,348.995756,8375.898140,0.00,1,False
973,11/07/2024 00:00:00,,00077,60,0001,11/06/2026 00:00:00,209.727760,12583.665600,0.00,1,False
974,11/07/2024 00:00:00,,00077,120,0001,11/06/2026 00:00:00,255.954496,30714.539510,0.00,1,False
975,11/11/2024 00:00:00,,00182,4500,0001,11/10/2026 00:00:00,15.147241,68162.585000,0.00,1,False
976,11/07/2024 00:00:00,,00214,4,0001,11/06/2026 00:00:00,1742.476750,6969.907000,0.00,1,False
977,11/12/2024 00:00:00,,00077,120,0001,10/11/2026 00:00:00,258.922051,31070.646100,0.00,1,False
978,11/12/2024 00:00:00,,00052,40,0001,10/11/2026 00:00:00,1041.110250,41644.410000,0.00,1,False
979,11/12/2024 00:00:00,,00009,2800,0001,10/11/2026 00:00:00,21.568832,60392.730180,0.00,1,False
980,11/14/2024 00:00:00,,00019,200,0001,10/13/2026 00:00:00,504.457750,100891.550000,0.00,1,False
981,11/14/2024 00:00:00,,00022,20,0001,10/13/2026 00:00:00,664.250000,13285.000000,0.00,1,False
982,11/15/2024 00:00:00,,00019,229,0001,10/14/2026 00:00:00,504.054655,115428.516000,0.00,1,False
983,11/15/2024 00:00:00,,00022,100,0001,10/14/2026 00:00:00,615.000000,61500.000000,0.00,1,False
984,11/16/2024 00:00:00,,00022,150,0001,10/15/2026 00:00:00,620.299917,93044.987500,0.00,1,False
985,11/16/2024 00:00:00,,00215,1300,0001,10/15/2026 00:00:00,47.730640,62049.832000,0.00,1,False
986,11/16/2024 00:00:00,,00010,1000,0001,10/15/2026 00:00:00,21.595678,21595.678000,0.00,1,False
987,11/16/2024 00:00:00,,00032,300,0001,10/15/2026 00:00:00,89.667661,26900.298250,0.00,1,False
988,11/16/2024 00:00:00,,00201,2500,0001,10/15/2026 00:00:00,32.814377,82035.942500,0.00,1,False
989,11/16/2024 00:00:00,,00123,48,0001,10/15/2026 00:00:00,373.671593,17936.236440,0.00,1,False
990,11/16/2024 00:00:00,,00197,20,0002,10/15/2026 00:00:00,1135.139995,22702.799900,0.00,1,False
991,11/17/2024 00:00:00,,00145,16,0002,10/16/2026 00:00:00,1204.691090,19275.057440,0.00,1,False
992,11/17/2024 00:00:00,,00203,24,0002,10/16/2026 00:00:00,121.035883,2904.861180,0.00,1,False
993,11/17/2024 00:00:00,,00131,24,0002,10/16/2026 00:00:00,857.414656,20577.951750,0.00,1,False
994,11/17/2024 00:00:00,,00190,24,0002,10/16/2026 00:00:00,64.825683,1555.816380,0.00,1,False
995,11/17/2024 00:00:00,,00202,24,0002,10/16/2026 00:00:00,62.227453,1493.458860,0.00,1,False
996,11/17/2024 00:00:00,,00116,20,0002,10/16/2026 00:00:00,1054.752703,21095.054060,0.00,1,False
997,11/17/2024 00:00:00,,00129,40,0002,10/16/2026 00:00:00,1006.458995,40258.359800,0.00,1,False
998,11/17/2024 00:00:00,,00216,24,0002,10/16/2026 00:00:00,157.655593,3783.734220,0.00,1,False
999,11/17/2024 00:00:00,,00191,10,0002,10/16/2026 00:00:00,1339.517000,13395.170000,0.00,1,False
1000,11/17/2024 00:00:00,,00020,25,0001,10/16/2026 00:00:00,60.225806,1505.645160,0.00,1,False
1001,11/17/2024 00:00:00,,00022,82,0002,10/16/2026 00:00:00,622.438951,51039.994000,0.00,1,False
1002,11/17/2024 00:00:00,,00144,32,0002,10/16/2026 00:00:00,1019.116895,32611.740640,0.00,1,False
1003,11/17/2024 00:00:00,,00132,16,0002,10/16/2026 00:00:00,1621.405745,25942.491920,0.00,1,False
1004,11/17/2024 00:00:00,,00183,32,0002,10/16/2026 00:00:00,778.897145,24924.708640,0.00,1,False
1005,11/17/2024 00:00:00,,00053,4,0001,10/16/2026 00:00:00,847.780495,3391.121980,0.00,1,False
1006,11/18/2024 00:00:00,,00076,100,0002,10/17/2026 00:00:00,739.109750,73910.975000,0.00,1,False
1007,11/18/2024 00:00:00,,00150,40,002,10/17/2026 00:00:00,1148.795503,45951.820100,0.00,1,False
1008,11/18/2024 00:00:00,,00048,300,0001,10/17/2026 00:00:00,262.017240,78605.172000,0.00,1,False
1009,11/18/2024 00:00:00,,00204,24,0001,10/17/2026 00:00:00,82.304113,1975.298700,0.00,1,False
1010,11/18/2024 00:00:00,,00008,400,0001,10/17/2026 00:00:00,29.494004,11797.601600,0.00,1,False
1011,11/18/2024 00:00:00,,00216,84,0001,10/17/2026 00:00:00,152.707233,12827.407530,0.00,1,False
1012,11/19/2024 00:00:00,,00008,2600,0004,10/18/2026 00:00:00,28.905988,75155.568000,0.00,1,False
1013,11/19/2024 00:00:00,,00014,500,0001,10/18/2026 00:00:00,47.179943,23589.971600,0.00,1,False
1014,11/20/2024 00:00:00,,00215,775,0001,10/19/2026 00:00:00,47.124143,36521.210580,0.00,1,False
1015,11/21/2024 00:00:00,,00014,30,002,10/20/2026 00:00:00,70.995197,2129.855900,0.00,1,False
1016,11/21/2024 00:00:00,,00127,975,002,10/20/2026 00:00:00,84.774633,82655.267520,0.00,1,False
1017,11/21/2024 00:00:00,,00125,5,0002,10/20/2026 00:00:00,2061.709250,10308.546250,0.00,1,False
1018,11/21/2024 00:00:00,,00040,40,0002,10/20/2026 00:00:00,1147.075000,45883.000000,0.00,1,False
1019,11/21/2024 00:00:00,,00019,10,001,10/20/2026 00:00:00,432.514500,4325.145000,0.00,1,False
1020,11/21/2024 00:00:00,,00127,753,0001,10/20/2026 00:00:00,86.291022,64977.139630,0.00,1,False
1021,11/21/2024 00:00:00,,00032,58,001,10/20/2026 00:00:00,42.715945,2477.524830,0.00,1,False
1022,11/21/2024 00:00:00,,00206,60,0001,10/20/2026 00:00:00,261.681223,15700.873350,0.00,1,False
1023,11/23/2024 00:00:00,,00217,180,0001,10/22/2026 00:00:00,252.913084,45524.355160,0.00,1,False
1024,11/23/2024 00:00:00,,00204,36,001,10/22/2026 00:00:00,70.117013,2524.212450,0.00,1,False
1025,11/23/2024 00:00:00,,00125,50,0001,10/22/2026 00:00:00,1264.169250,63208.462500,0.00,1,False
1026,11/24/2024 00:00:00,,00122,48,002,10/23/2026 00:00:00,157.720163,7570.567800,0.00,1,False
1027,11/24/2024 00:00:00,,00205,24,002,10/23/2026 00:00:00,71.581193,1717.948620,0.00,1,False
1028,11/24/2024 00:00:00,,00133,16,002,10/23/2026 00:00:00,876.464270,14023.428320,0.00,1,False
1029,11/24/2024 00:00:00,,00131,16,001,10/23/2026 00:00:00,971.837510,15549.400160,0.00,1,False
1030,11/25/2024 00:00:00,,00019,156,001,10/24/2026 00:00:00,510.664750,79663.701000,0.00,1,False
1031,11/25/2024 00:00:00,,00156,12,001,10/24/2026 00:00:00,638.651250,7663.815000,0.00,1,False
1032,11/25/2024 00:00:00,,00009,1400,001,10/24/2026 00:00:00,23.747927,33247.097360,0.00,1,False
1033,11/26/2024 00:00:00,,00014,525,0002,10/25/2026 00:00:00,46.156901,24232.373030,0.00,1,False
1034,11/26/2024 00:00:00,,00016,30,0002,10/25/2026 00:00:00,544.352750,16330.582500,0.00,1,False
1035,11/27/2024 00:00:00,,00073,1200,002,10/26/2026 00:00:00,394.484231,473381.077000,0.00,1,False
1036,11/27/2024 00:00:00,,00086,240,0001,10/26/2026 00:00:00,345.662830,82959.079200,0.00,1,False
1037,11/29/2024 00:00:00,,00009,645,0002,10/28/2026 00:00:00,18.859292,12164.243250,0.00,1,False
1038,11/29/2024 00:00:00,,00010,500,002,10/28/2026 00:00:00,25.919227,12959.613500,0.00,1,False
1039,11/29/2024 00:00:00,,00008,500,0001,10/28/2026 00:00:00,28.420387,14210.193400,0.00,1,False
1040,11/29/2024 00:00:00,,00016,30,002,10/28/2026 00:00:00,585.733750,17572.012500,0.00,1,False
1041,11/30/2024 00:00:00,,00182,3150,001,10/29/2026 00:00:00,12.848719,40473.464530,0.00,1,False
1042,12/01/2024 00:00:00,,00019,50,001,11/30/2026 00:00:00,511.700000,25585.000000,0.00,1,False
1043,12/01/2024 00:00:00,,00020,125,0002,11/30/2026 00:00:00,50.413267,6301.658400,0.00,1,False
1045,12/01/2024 00:00:00,,00016,20,0002,11/30/2026 00:00:00,590.770000,11815.400000,0.00,1,False
1046,12/01/2024 00:00:00,,00215,125,001,11/30/2026 00:00:00,50.405267,6300.658400,0.00,1,False
1047,11/28/2024 00:00:00,,00187,8,0002,10/27/2026 00:00:00,1138.604920,9108.839360,0.00,1,False
1048,11/30/2024 00:00:00,,00041,2,001,10/29/2026 00:00:00,567.500000,1135.000000,0.00,1,False
1049,12/01/2024 00:00:00,,00040,11,001,10/30/2026 00:00:00,980.363750,10784.001250,0.00,1,False
1050,12/02/2024 00:00:00,,00026,855,001,11/01/2026 00:00:00,37.499800,32062.329000,0.00,1,False
1051,12/03/2024 00:00:00,,00156,150,001,11/02/2026 00:00:00,620.700000,93105.000000,0.00,1,False
1052,12/03/2024 00:00:00,,00016,41,0001,11/02/2026 00:00:00,563.930500,23121.150500,0.00,1,False
1053,12/03/2024 00:00:00,,00019,35,001,11/02/2026 00:00:00,517.147750,18100.171250,0.00,1,False
1054,12/03/2024 00:00:00,,00125,2,0002,11/02/2026 00:00:00,776.237750,1552.475500,0.00,1,False
1055,12/03/2024 00:00:00,,00212,3,0005,11/02/2026 00:00:00,1098.018750,3294.056250,0.00,1,False
1056,12/04/2024 00:00:00,,00016,41,001,11/03/2026 00:00:00,516.857250,21191.147250,0.00,1,False
1057,12/04/2024 00:00:00,,00022,5,001,11/03/2026 00:00:00,634.000000,3170.000000,0.00,1,False
1058,12/05/2024 00:00:00,,00186,50,001,11/04/2026 00:00:00,677.500000,33875.000000,0.00,1,False
1059,12/05/2024 00:00:00,,00022,110,0001,11/04/2026 00:00:00,615.863750,67745.012500,0.00,1,False
1060,12/05/2024 00:00:00,,00019,50,0002,11/04/2026 00:00:00,511.617750,25580.887500,0.00,1,False
1061,12/05/2024 00:00:00,,00212,10,005,11/04/2026 00:00:00,1088.855000,10888.550000,0.00,1,False
1062,12/05/2024 00:00:00,,00147,10,0003,11/04/2026 00:00:00,3064.976750,30649.767500,0.00,1,False
1063,12/05/2024 00:00:00,,00125,11,001,11/04/2026 00:00:00,864.130000,9505.430000,0.00,1,False
1064,12/05/2024 00:00:00,,00016,20,0002,11/04/2026 00:00:00,640.575500,12811.510000,0.00,1,False
1065,12/07/2024 00:00:00,,00206,12,001,11/06/2026 00:00:00,223.177333,2678.127990,0.00,1,False
1066,12/07/2024 00:00:00,,00202,47,0001,11/06/2026 00:00:00,118.803186,5583.749760,0.00,1,False
1067,12/07/2024 00:00:00,,00130,32,0001,11/06/2026 00:00:00,1048.480120,33551.363840,0.00,1,False
1068,12/07/2024 00:00:00,,00203,46,002,11/06/2026 00:00:00,94.198236,4333.118840,0.00,1,False
1069,12/07/2024 00:00:00,,00190,46,001,11/06/2026 00:00:00,132.435726,6092.043380,0.00,1,False
1070,12/07/2024 00:00:00,,00216,12,0005,11/06/2026 00:00:00,92.682603,1112.191230,0.00,1,False
1071,12/07/2024 00:00:00,,00122,24,0003,11/06/2026 00:00:00,94.912133,2277.891180,0.00,1,False
1072,12/07/2024 00:00:00,,00204,12,001,11/06/2026 00:00:00,48.776163,585.313950,0.00,1,False
1073,12/07/2024 00:00:00,,00205,36,0001,11/06/2026 00:00:00,156.945383,5650.033770,0.00,1,False
1074,12/07/2024 00:00:00,,00076,2,0005,11/06/2026 00:00:00,742.426250,1484.852500,0.00,1,False
1075,12/08/2024 00:00:00,,00208,150,001,11/07/2026 00:00:00,228.021730,34203.259500,0.00,1,False
1076,12/08/2024 00:00:00,,00198,40,007,11/07/2026 00:00:00,1064.805050,42592.202000,0.00,1,False
1077,12/10/2024 00:00:00,,00145,10,001,11/09/2026 00:00:00,1080.008800,10800.088000,0.00,1,False
1078,12/10/2024 00:00:00,,00129,10,0001,11/09/2026 00:00:00,748.897230,7488.972300,0.00,1,False
1080,12/11/2024 00:00:00,,00046,56,0002,11/10/2026 00:00:00,444.201850,24875.303600,0.00,1,False
1081,12/11/2024 00:00:00,,00045,60,0002,11/10/2026 00:00:00,326.230425,19573.825500,0.00,1,False
1082,12/11/2024 00:00:00,,00090,12,001,11/10/2026 00:00:00,1051.742600,12620.911200,0.00,1,False
1083,12/11/2024 00:00:00,,00019,29,0005,11/10/2026 00:00:00,515.779000,14957.591000,0.00,1,False
1084,12/14/2024 00:00:00,,00186,10,005,11/13/2026 00:00:00,687.500000,6875.000000,0.00,1,False
1085,12/14/2024 00:00:00,,00016,10,003,11/13/2026 00:00:00,555.807000,5558.070000,0.00,1,False
1086,12/14/2024 00:00:00,,00014,100,003,11/13/2026 00:00:00,59.232280,5923.228000,0.00,1,False
1087,12/14/2024 00:00:00,,00038,1,0004,11/13/2026 00:00:00,710.000000,710.000000,0.00,1,False
1088,12/11/2024 00:00:00,,00187,12,0001,11/10/2026 00:00:00,1172.641450,14071.697400,0.00,1,False
1089,12/11/2024 00:00:00,,00132,4,001,11/10/2026 00:00:00,1542.361100,6169.444400,0.00,1,False
1090,12/14/2024 00:00:00,,00184,120,0001,11/13/2026 00:00:00,116.514325,13981.719000,0.00,1,False
1091,12/15/2024 00:00:00,,00145,32,0001,11/14/2026 00:00:00,1027.300750,32873.624000,0.00,1,False
1092,12/15/2024 00:00:00,,00206,119,001,11/14/2026 00:00:00,451.514633,53730.241380,0.00,1,False
1093,12/15/2024 00:00:00,,00135,24,001,11/14/2026 00:00:00,1409.028150,33816.675600,0.00,1,False
1094,12/15/2024 00:00:00,,00132,20,0003,11/14/2026 00:00:00,789.463850,15789.277000,0.00,1,False
1095,12/15/2024 00:00:00,,00130,32,002,11/14/2026 00:00:00,949.305620,30377.779840,0.00,1,False
1096,12/15/2024 00:00:00,,00202,120,002,11/14/2026 00:00:00,356.564195,42787.703400,0.00,1,False
1097,12/15/2024 00:00:00,,00052,40,0015,11/14/2026 00:00:00,447.178000,17887.120000,0.00,1,False
1098,12/10/2024 00:00:00,,00087,33,001,11/09/2026 00:00:00,230.787800,7615.997400,0.00,1,False
1099,12/15/2024 00:00:00,,00051,20,001,11/14/2026 00:00:00,975.984368,19519.687360,0.00,1,False
1100,12/15/2024 00:00:00,,00019,100,001,11/14/2026 00:00:00,513.391250,51339.125000,0.00,1,False
1101,12/16/2024 00:00:00,,00156,300,001,11/15/2026 00:00:00,611.683250,183504.975000,0.00,1,False
1102,12/16/2024 00:00:00,,00019,50,0001,11/15/2026 00:00:00,513.400000,25670.000000,0.00,1,False
1103,12/16/2024 00:00:00,,00186,50,001,11/15/2026 00:00:00,680.000000,34000.000000,0.00,1,False
1104,12/16/2024 00:00:00,,00016,6,002,11/15/2026 00:00:00,654.201500,3925.209000,0.00,1,False
1105,12/16/2024 00:00:00,,00216,120,0002,11/15/2026 00:00:00,170.608075,20472.969000,0.00,1,False
1106,12/16/2024 00:00:00,,00129,40,0002,11/15/2026 00:00:00,657.459805,26298.392200,0.00,1,False
1107,12/16/2024 00:00:00,,00122,120,001,11/15/2026 00:00:00,216.148595,25937.831400,0.00,1,False
1108,12/17/2024 00:00:00,,00019,33,001,11/16/2026 00:00:00,504.848447,16659.998750,0.00,1,False
1109,12/17/2024 00:00:00,,00182,450,002,11/16/2026 00:00:00,13.123322,5905.494940,0.00,1,False
1110,12/17/2024 00:00:00,,00016,30,001,11/16/2026 00:00:00,550.253250,16507.597500,0.00,1,False
1111,12/17/2024 00:00:00,,00032,60,002,11/16/2026 00:00:00,310.793495,18647.609700,0.00,1,False
1112,12/17/2024 00:00:00,,00044,16,0001,11/16/2026 00:00:00,776.166270,12418.660320,0.00,1,False
1113,12/19/2024 00:00:00,,00147,25,0002,11/18/2026 00:00:00,2987.790500,74694.762500,0.00,1,False
1114,12/19/2024 00:00:00,,00184,60,0002,11/18/2026 00:00:00,299.228457,17953.707400,0.00,1,False
1115,12/22/2024 00:00:00,,00218,1092,001,11/21/2026 00:00:00,49.886805,54476.390720,0.00,1,False
1116,12/22/2024 00:00:00,,00131,20,002,11/21/2026 00:00:00,920.118650,18402.373000,0.00,1,False
1117,12/23/2024 00:00:00,,00139,101,0001,11/22/2026 00:00:00,660.494955,66709.990500,0.00,1,False
1118,12/23/2024 00:00:00,,00219,50,001,11/22/2026 00:00:00,700.600000,35030.000000,0.00,1,False
1119,12/23/2024 00:00:00,,00220,100,002,11/22/2026 00:00:00,658.396000,65839.600000,0.00,1,False
1120,12/26/2024 00:00:00,,00182,450,003,11/25/2026 00:00:00,12.489989,5620.495090,0.00,1,False
1121,12/23/2024 00:00:00,,00215,200,005,11/22/2026 00:00:00,47.623267,9524.653440,0.00,1,False
1123,12/26/2024 00:00:00,,00186,10,001,11/25/2026 00:00:00,687.500000,6875.000000,0.00,1,False
1124,12/26/2024 00:00:00,,00212,4,0005,11/25/2026 00:00:00,567.438120,2269.752480,0.00,1,False
1125,12/26/2024 00:00:00,,00020,25,001,11/25/2026 00:00:00,48.773267,1219.331680,0.00,1,False
1126,12/26/2024 00:00:00,,00038,3,001,11/25/2026 00:00:00,667.500000,2002.500000,0.00,1,False
1127,12/26/2024 00:00:00,,00022,2,002,11/25/2026 00:00:00,662.500000,1325.000000,0.00,1,False
1128,12/29/2024 00:00:00,,00040,34,005,11/28/2026 00:00:00,1166.117662,39648.000500,0.00,1,False
1129,12/29/2024 00:00:00,,00022,1,001,11/28/2026 00:00:00,710.000000,710.000000,0.00,1,False
1130,12/29/2024 00:00:00,,00019,1,002,11/28/2026 00:00:00,510.000000,510.000000,0.00,1,False
1131,12/29/2024 00:00:00,,00016,23,001,11/28/2026 00:00:00,546.416250,12567.573750,0.00,1,False
1132,12/29/2024 00:00:00,,00049,20,0001,11/28/2026 00:00:00,625.685570,12513.711400,0.00,1,False
1133,12/29/2024 00:00:00,,00138,20,001,11/28/2026 00:00:00,1062.215020,21244.300400,0.00,1,False
1134,12/29/2024 00:00:00,,00072,20,002,11/28/2026 00:00:00,702.987420,14059.748400,0.00,1,False
1135,12/30/2024 00:00:00,,00212,17,001,11/29/2026 00:00:00,627.270370,10663.596290,0.00,1,False
1136,12/30/2024 00:00:00,,00038,10,0002,11/29/2026 00:00:00,570.000000,5700.000000,0.00,1,False
1137,12/30/2024 00:00:00,,00134,20,002,11/29/2026 00:00:00,746.967652,14939.353040,0.00,1,False
1138,12/30/2024 00:00:00,,00053,60,001,11/29/2026 00:00:00,583.039570,34982.374200,0.00,1,False
1139,12/31/2024 00:00:00,,00221,40,001,11/30/2026 00:00:00,594.895420,23795.816800,0.00,1,False
1140,12/31/2024 00:00:00,,00184,240,0005,11/30/2026 00:00:00,299.343753,71842.500800,0.00,1,False
1141,12/31/2024 00:00:00,,00044,24,005,11/30/2026 00:00:00,637.575970,15301.823280,0.00,1,False
1142,04/01/2025 00:00:00,,00127,800,002,03/01/2027 00:00:00,53.011151,42408.920960,0.00,1,False
1143,01/04/2025 00:00:00,,00190,240,005,01/03/2027 00:00:00,386.876983,92850.476000,0.00,1,False
1144,01/04/2025 00:00:00,,00131,20,005,01/03/2027 00:00:00,1092.676788,21853.535750,0.00,1,False
1145,01/04/2025 00:00:00,,00040,10,005,01/03/2027 00:00:00,1254.000000,12540.000000,0.00,1,False
1146,01/05/2025 00:00:00,,00073,1200,002,01/04/2027 00:00:00,421.581241,505897.489760,0.00,1,False
1147,01/05/2025 00:00:00,,00047,200,003,01/04/2027 00:00:00,985.829743,197165.948650,0.00,1,False
1148,01/05/2025 00:00:00,,00137,50,005,01/04/2027 00:00:00,3835.230250,191761.512500,0.00,1,False
1149,01/07/2025 00:00:00,,00019,50,002,01/06/2027 00:00:00,522.000000,26100.000000,0.00,1,False
1150,01/07/2025 00:00:00,,00014,425,002,01/06/2027 00:00:00,54.687329,23242.114760,0.00,1,False
1151,01/09/2025 00:00:00,,00022,25,004,01/08/2027 00:00:00,637.800000,15945.000000,0.00,1,False
1152,01/09/2025 00:00:00,,00019,5,005,01/08/2027 00:00:00,556.000000,2780.000000,0.00,1,False
1153,01/09/2025 00:00:00,,00182,1500,003,01/08/2027 00:00:00,13.792713,20689.069800,0.00,1,False
1154,01/09/2025 00:00:00,,00052,100,005,01/08/2027 00:00:00,1286.298118,128629.811750,0.00,1,False
1155,01/09/2025 00:00:00,,00186,5,005,01/08/2027 00:00:00,800.000000,4000.000000,0.00,1,False
1156,01/09/2025 00:00:00,,00129,20,002,01/08/2027 00:00:00,918.000000,18360.000000,0.00,1,False
1157,01/10/2025 00:00:00,,00019,400,002,01/09/2027 00:00:00,509.250000,203700.000000,0.00,1,False
1158,01/10/2025 00:00:00,,00022,200,002,01/09/2027 00:00:00,624.500000,124900.000000,0.00,1,False
1159,01/10/2025 00:00:00,,00016,50,001,01/09/2027 00:00:00,532.568250,26628.412500,0.00,1,False
1160,01/11/2025 00:00:00,,00157,100,006,01/10/2027 00:00:00,659.750000,65975.000000,0.00,1,False
1161,01/11/2025 00:00:00,,00051,20,001,01/10/2027 00:00:00,857.602958,17152.059150,0.00,1,False
1162,01/11/2025 00:00:00,,00049,20,001,01/10/2027 00:00:00,704.958708,14099.174150,0.00,1,False
1163,01/12/2025 00:00:00,,00222,12,001,01/11/2027 00:00:00,682.101901,8185.222810,0.00,1,False
1164,01/12/2025 00:00:00,,00138,20,0001,01/11/2027 00:00:00,1037.568568,20751.371350,0.00,1,False
1165,01/12/2025 00:00:00,,00213,20,001,01/11/2027 00:00:00,823.871568,16477.431350,0.00,1,False
1166,01/12/2025 00:00:00,,00147,30,001,01/11/2027 00:00:00,1862.968490,55889.054700,0.00,1,False
1167,01/12/2025 00:00:00,,00203,120,005,01/11/2027 00:00:00,342.875883,41145.106000,0.00,1,False
1168,01/12/2025 00:00:00,,00145,80,005,01/11/2027 00:00:00,895.781318,71662.505400,0.00,1,False
1169,01/12/2025 00:00:00,,00130,80,002,01/11/2027 00:00:00,993.522159,79481.772730,0.00,1,False
1170,01/12/2025 00:00:00,,00053,40,001,01/11/2027 00:00:00,929.068568,37162.742700,0.00,1,False
1171,01/12/2025 00:00:00,,00129,28,003,01/11/2027 00:00:00,1047.450564,29328.615800,0.00,1,False
1172,01/12/2025 00:00:00,,00131,20,006,01/11/2027 00:00:00,1048.717076,20974.341510,0.00,1,False
1173,01/12/2025 00:00:00,,00191,10,001,01/11/2027 00:00:00,930.874250,9308.742500,0.00,1,False
1174,01/12/2025 00:00:00,,00019,36,001,01/11/2027 00:00:00,552.222250,19880.001000,0.00,1,False
1175,01/12/2025 00:00:00,,00186,21,002,01/11/2027 00:00:00,714.285810,15000.002000,0.00,1,False
1176,01/12/2025 00:00:00,,00016,25,0002,01/11/2027 00:00:00,538.613500,13465.337500,0.00,1,False
1177,01/13/2025 00:00:00,,00019,41,005,01/12/2027 00:00:00,158.243970,6488.002750,0.00,1,False
1178,01/13/2025 00:00:00,,00134,40,001,01/12/2027 00:00:00,1007.964418,40318.576700,0.00,1,False
1179,01/13/2025 00:00:00,,00022,40,002,01/12/2027 00:00:00,673.750000,26950.000000,0.00,1,False
1180,01/13/2025 00:00:00,,00032,60,0001,01/12/2027 00:00:00,324.517877,19471.072600,0.00,1,False
1181,01/13/2025 00:00:00,,00182,1036,002,01/12/2027 00:00:00,12.818767,13280.242660,0.00,1,False
1182,01/13/2025 00:00:00,,00198,20,0005,01/12/2027 00:00:00,1149.892968,22997.859350,0.00,1,False
1183,01/13/2025 00:00:00,,00223,20,0003,01/12/2027 00:00:00,1626.928318,32538.566350,0.00,1,False
1184,01/13/2025 00:00:00,,00016,20,001,01/12/2027 00:00:00,473.403750,9468.075000,0.00,1,False
1185,01/14/2025 00:00:00,,00022,30,008,01/13/2027 00:00:00,488.333250,14649.997500,0.00,1,False
1186,01/14/2025 00:00:00,,00078,100,001,01/13/2027 00:00:00,476.900000,47690.000000,0.00,1,False
1187,01/14/2025 00:00:00,,00016,21,002,01/13/2027 00:00:00,466.586500,9798.316500,0.00,1,False
1188,01/14/2025 00:00:00,,00150,60,002,01/13/2027 00:00:00,756.460365,45387.621900,0.00,1,False
1189,01/14/2025 00:00:00,,00197,28,0005,01/13/2027 00:00:00,1324.448726,37084.564340,0.00,1,False
1190,01/15/2025 00:00:00,,00046,20,003,01/14/2027 00:00:00,868.007505,17360.150100,0.00,1,False
1191,01/15/2025 00:00:00,,00032,60,002,01/14/2027 00:00:00,316.445833,18986.750000,0.00,1,False
1192,01/16/2025 00:00:00,,00116,16,0001,01/15/2027 00:00:00,1202.368944,19237.903100,0.00,1,False
1193,01/18/2025 00:00:00,,00022,50,001,01/17/2027 00:00:00,650.600000,32530.000000,0.00,1,False
1194,01/18/2025 00:00:00,,00086,240,001,01/17/2027 00:00:00,360.648650,86555.676000,0.00,1,False
1195,01/18/2025 00:00:00,,00182,1500,0002,01/17/2027 00:00:00,11.743871,17615.806200,0.00,1,False
1196,01/19/2025 00:00:00,,00022,170,001,01/18/2027 00:00:00,619.117647,105250.000000,0.00,1,False
1197,01/19/2025 00:00:00,,00019,72,002,01/18/2027 00:00:00,508.541750,36615.006000,0.00,1,False
1198,01/19/2025 00:00:00,,00224,360,001,01/18/2027 00:00:00,361.065313,129983.512800,0.00,1,False
1199,01/20/2025 00:00:00,,00019,25,001,01/19/2027 00:00:00,518.200000,12955.000000,0.00,1,False
1200,01/20/2025 00:00:00,,00220,2,002,01/19/2027 00:00:00,647.500000,1295.000000,0.00,1,False
1201,01/20/2025 00:00:00,,00186,44,0001,01/19/2027 00:00:00,667.045455,29350.000000,0.00,1,False
1202,01/21/2025 00:00:00,,00181,995,001,01/20/2027 00:00:00,77.127597,76741.959300,0.00,1,False
1203,01/21/2025 00:00:00,,00019,53,001,01/20/2027 00:00:00,506.603750,26849.998750,0.00,1,False
1204,01/21/2025 00:00:00,,00020,1500,002,01/20/2027 00:00:00,49.056561,73584.842200,0.00,1,False
1205,01/21/2025 00:00:00,,00028,60,001,01/20/2027 00:00:00,1044.958500,62697.510000,0.00,1,False
1206,01/21/2025 00:00:00,,00020,50,001,01/20/2027 00:00:00,52.883225,2644.161240,0.00,1,False
1207,01/22/2025 00:00:00,,00019,40,001,01/21/2027 00:00:00,513.250000,20530.000000,0.00,1,False
1208,01/22/2025 00:00:00,,00016,10,002,01/21/2027 00:00:00,757.018250,7570.182500,0.00,1,False
1209,01/23/2025 00:00:00,,00186,100,001,01/22/2027 00:00:00,912.030500,91203.050000,0.00,1,False
1210,01/23/2025 00:00:00,,00078,100,003,01/22/2027 00:00:00,475.000000,47500.000000,0.00,1,False
1211,01/23/2025 00:00:00,,00198,20,001,01/22/2027 00:00:00,1024.426713,20488.534250,0.00,1,False
1212,01/24/2025 00:00:00,,00040,7,002,01/23/2027 00:00:00,1131.428500,7919.999500,0.00,1,False
1213,01/24/2025 00:00:00,,00218,998,001,01/23/2027 00:00:00,46.582745,46489.579560,0.00,1,False
1214,01/24/2025 00:00:00,,00225,40,001,01/23/2027 00:00:00,663.005500,26520.220000,0.00,1,False
1215,01/24/2025 00:00:00,,00020,497,002,01/23/2027 00:00:00,45.993856,22858.946330,0.00,1,False
1216,01/24/2025 00:00:00,,00182,786,002,01/23/2027 00:00:00,12.747527,10019.556380,0.00,1,False
1217,01/25/2025 00:00:00,,00205,60,002,01/24/2027 00:00:00,233.934503,14036.070200,0.00,1,False
1218,01/25/2025 00:00:00,,00133,20,002,01/24/2027 00:00:00,1437.695713,28753.914250,0.00,1,False
1219,01/25/2025 00:00:00,,00206,60,001,01/24/2027 00:00:00,475.066113,28503.966800,0.00,1,False
1220,01/25/2025 00:00:00,,00135,20,001,01/24/2027 00:00:00,1538.231813,30764.636250,0.00,1,False
1221,01/25/2025 00:00:00,,00144,20,003,01/24/2027 00:00:00,968.043163,19360.863250,0.00,1,False
1222,01/25/2025 00:00:00,,00204,59,003,01/24/2027 00:00:00,140.208796,8272.318940,0.00,1,False
1223,01/25/2025 00:00:00,,00050,24,005,01/24/2027 00:00:00,378.664313,9087.943520,0.00,1,False
1224,01/25/2025 00:00:00,,00051,20,005,01/24/2027 00:00:00,1061.344763,21226.895250,0.00,1,False
1225,01/25/2025 00:00:00,,00147,15,008,01/24/2027 00:00:00,2535.137980,38027.069700,0.00,1,False
1226,01/25/2025 00:00:00,,00186,20,001,01/24/2027 00:00:00,908.755500,18175.110000,0.00,1,False
1227,01/25/2025 00:00:00,,00041,10,002,01/24/2027 00:00:00,274.826500,2748.265000,0.00,1,False
1228,01/25/2025 00:00:00,,00045,36,004,01/24/2027 00:00:00,346.284753,12466.251120,0.00,1,False
1229,01/25/2025 00:00:00,,00046,100,004,01/24/2027 00:00:00,910.046963,91004.696250,0.00,1,False
1230,01/25/2025 00:00:00,,00151,60,0001,01/24/2027 00:00:00,350.458940,21027.536400,0.00,1,False
1231,01/25/2025 00:00:00,,00064,36,002,01/24/2027 00:00:00,243.939414,8781.818920,0.00,1,False
1232,01/25/2025 00:00:00,,00122,60,002,01/24/2027 00:00:00,379.456490,22767.389400,0.00,1,False
1233,01/25/2025 00:00:00,,00127,200,002,01/24/2027 00:00:00,92.529683,18505.936500,0.00,1,False
1234,01/25/2025 00:00:00,,00125,2,001,01/24/2027 00:00:00,3064.536500,6129.073000,0.00,1,False
1235,01/25/2025 00:00:00,,00009,186,003,01/24/2027 00:00:00,13.908818,2587.040200,0.00,1,False
1236,01/26/2025 00:00:00,,00019,100,001,01/25/2027 00:00:00,505.850000,50585.000000,0.00,1,False
1237,01/26/2025 00:00:00,,00016,60,002,01/25/2027 00:00:00,560.234850,33614.091000,0.00,1,False
1238,01/26/2025 00:00:00,,00208,75,003,01/25/2027 00:00:00,227.281220,17046.091500,0.00,1,False
1239,01/26/2025 00:00:00,,00047,200,005,01/25/2027 00:00:00,1153.535307,230707.061460,0.00,1,False
1240,01/27/2025 00:00:00,,00016,40,005,01/26/2027 00:00:00,685.293100,27411.724000,0.00,1,False
1241,01/28/2025 00:00:00,,00131,20,001,01/27/2027 00:00:00,960.327553,19206.551050,0.00,1,False
1242,01/28/2025 00:00:00,,00190,60,001,01/27/2027 00:00:00,360.358183,21621.491000,0.00,1,False
1243,01/28/2025 00:00:00,,00177,32,002,01/27/2027 00:00:00,1127.435873,36077.947920,0.00,1,False
1244,01/28/2025 00:00:00,,00226,60,002,01/27/2027 00:00:00,401.861203,24111.672200,0.00,1,False
1245,01/28/2025 00:00:00,,00212,5,001,01/27/2027 00:00:00,886.313120,4431.565600,0.00,1,False
1246,01/28/2025 00:00:00,,00048,311,005,01/27/2027 00:00:00,149.053384,46355.602430,0.00,1,False
1247,01/28/2025 00:00:00,,00187,32,003,01/27/2027 00:00:00,1051.257453,33640.238500,0.00,1,False
1248,01/28/2025 00:00:00,,00152,94,002,01/27/2027 00:00:00,234.412567,22034.781330,0.00,1,False
1249,01/28/2025 00:00:00,,00201,7,001,01/27/2027 00:00:00,30.472576,213.308030,0.00,1,False
1250,01/29/2025 00:00:00,,00040,1,001,01/28/2027 00:00:00,1110.206000,1110.206000,0.00,1,False
1251,01/29/2025 00:00:00,,00199,5,002,01/28/2027 00:00:00,1055.206000,5276.030000,0.00,1,False
1252,01/30/2025 00:00:00,,00028,40,002,01/29/2027 00:00:00,1196.651250,47866.050000,0.00,1,False
1253,01/30/2025 00:00:00,,00026,1020,002,01/29/2027 00:00:00,58.336869,59503.605950,0.00,1,False
1254,01/30/2025 00:00:00,,00116,16,004,01/29/2027 00:00:00,1050.361053,16805.776850,0.00,1,False
1255,01/30/2025 00:00:00,,00215,500,002,01/29/2027 00:00:00,54.950498,27475.248980,0.00,1,False
1256,01/30/2025 00:00:00,,00212,7,002,01/29/2027 00:00:00,1620.526870,11343.688090,0.00,1,False
1257,01/30/2025 00:00:00,,00040,13,002,01/29/2027 00:00:00,1120.497750,14566.470750,0.00,1,False
1258,02/01/2025 00:00:00,,00086,240,008,01/30/2027 00:00:00,170.295648,40870.955480,0.00,1,False
1259,02/01/2025 00:00:00,,00077,24,004,01/30/2027 00:00:00,296.125603,7107.014480,0.00,1,False
1260,02/01/2025 00:00:00,,00177,8,002,01/30/2027 00:00:00,1250.599423,10004.795380,0.00,1,False
1261,02/01/2025 00:00:00,,00016,21,002,01/30/2027 00:00:00,629.835795,13226.551700,0.00,1,False
1262,02/01/2025 00:00:00,,00139,5,001,01/30/2027 00:00:00,641.000000,3205.000000,0.00,1,False
1263,02/02/2025 00:00:00,,00022,15,005,02/01/2027 00:00:00,615.000000,9225.000000,0.00,1,False
1264,02/02/2025 00:00:00,,00040,10,003,02/01/2027 00:00:00,1016.029500,10160.295000,0.00,1,False
1265,02/02/2025 00:00:00,,00077,48,0001,02/01/2027 00:00:00,275.954770,13245.828960,0.00,1,False
1266,02/02/2025 00:00:00,,00133,12,002,02/01/2027 00:00:00,1474.469873,17693.638470,0.00,1,False
1267,02/03/2025 00:00:00,,00131,20,0002,02/02/2027 00:00:00,957.161903,19143.238050,0.00,1,False
1268,02/03/2025 00:00:00,,00145,40,006,02/02/2027 00:00:00,993.788573,39751.542900,0.00,1,False
1269,02/03/2025 00:00:00,,00050,24,002,02/02/2027 00:00:00,369.141993,8859.407840,0.00,1,False
1270,02/03/2025 00:00:00,,00016,22,001,02/02/2027 00:00:00,608.201600,13380.435200,0.00,1,False
1271,02/03/2025 00:00:00,,00014,500,001,02/02/2027 00:00:00,46.685984,23342.991800,0.00,1,False
1272,02/03/2025 00:00:00,,00215,475,002,02/02/2027 00:00:00,54.724951,25994.351800,0.00,1,False
1273,02/04/2025 00:00:00,,00016,20,002,02/03/2027 00:00:00,426.339350,8526.787000,0.00,1,False
1274,02/04/2025 00:00:00,,00014,850,002,02/03/2027 00:00:00,40.934065,34793.955650,0.00,1,False
1275,02/04/2025 00:00:00,,00019,11,002,02/03/2027 00:00:00,505.000000,5555.000000,0.00,1,False
1276,02/05/2025 00:00:00,,00016,20,003,02/04/2027 00:00:00,353.096850,7061.937000,0.00,1,False
1277,02/05/2025 00:00:00,,00014,625,003,02/04/2027 00:00:00,37.361794,23351.121000,0.00,1,False
1278,02/05/2025 00:00:00,,00020,125,002,02/04/2027 00:00:00,49.647444,6205.930450,0.00,1,False
1279,02/05/2025 00:00:00,,00215,125,005,02/04/2027 00:00:00,48.047444,6005.930450,0.00,1,False
1280,02/06/2025 00:00:00,,00147,30,001,01/05/2027 00:00:00,1741.694650,52250.839500,0.00,1,False
1281,02/08/2025 00:00:00,,00022,65,002,02/07/2027 00:00:00,615.000000,39975.000000,0.00,1,False
1282,02/08/2025 00:00:00,,00019,70,003,02/07/2027 00:00:00,505.000000,35350.000000,0.00,1,False
1283,02/08/2025 00:00:00,,00014,25,002,02/07/2027 00:00:00,46.279764,1156.994090,0.00,1,False
1284,02/08/2025 00:00:00,,00016,10,002,02/07/2027 00:00:00,552.808000,5528.080000,0.00,1,False
1285,02/08/2025 00:00:00,,00212,20,0001,02/07/2027 00:00:00,1521.293870,30425.877400,0.00,1,False
1286,02/08/2025 00:00:00,,00052,40,0002,02/07/2027 00:00:00,1038.556973,41542.278900,0.00,1,False
1287,02/08/2025 00:00:00,,00170,40,001,02/07/2027 00:00:00,736.609023,29464.360900,0.00,1,False
1288,02/09/2025 00:00:00,,00142,50,001,02/08/2027 00:00:00,1355.297000,67764.850000,0.00,1,False
1289,02/09/2025 00:00:00,,00040,11,002,02/08/2027 00:00:00,1057.318250,11630.500750,0.00,1,False
1290,02/09/2025 00:00:00,,00016,50,001,02/08/2027 00:00:00,462.878250,23143.912500,0.00,1,False
1291,02/09/2025 00:00:00,,00016,4,001,02/08/2027 00:00:00,1371.815375,5487.261500,0.00,1,False
1292,02/09/2025 00:00:00,,00016,10,003,02/08/2027 00:00:00,640.767000,6407.670000,0.00,1,False
1293,02/10/2025 00:00:00,,00209,57,002,02/09/2027 00:00:00,618.333250,35244.995250,0.00,1,False
1294,02/10/2025 00:00:00,,00016,40,005,02/09/2027 00:00:00,556.758500,22270.340000,0.00,1,False
1295,02/11/2025 00:00:00,,00183,32,001,02/10/2027 00:00:00,855.269423,27368.621520,0.00,1,False
1296,02/11/2025 00:00:00,,00132,40,002,02/10/2027 00:00:00,1343.228073,53729.122900,0.00,1,False
1297,02/11/2025 00:00:00,,00135,40,002,02/10/2027 00:00:00,1551.997280,62079.891200,0.00,1,False
1298,02/11/2025 00:00:00,,00130,40,0001,02/10/2027 00:00:00,1030.445373,41217.814900,0.00,1,False
1299,02/11/2025 00:00:00,,00133,19,0005,02/10/2027 00:00:00,1429.237703,27155.516350,0.00,1,False
1300,02/11/2025 00:00:00,,00131,20,004,02/10/2027 00:00:00,952.585803,19051.716050,0.00,1,False
1301,02/11/2025 00:00:00,,00016,20,0002,02/10/2027 00:00:00,584.017000,11680.340000,0.00,1,False
1302,02/13/2025 00:00:00,,00186,120,001,02/12/2027 00:00:00,915.234750,109828.170000,0.00,1,False
1303,02/13/2025 00:00:00,,00014,500,001,02/12/2027 00:00:00,44.778000,22389.000000,0.00,1,False
1304,02/13/2025 00:00:00,,00055,192,003,02/12/2027 00:00:00,299.629043,57528.776320,0.00,1,False
1305,02/15/2025 00:00:00,,00022,270,002,02/14/2027 00:00:00,617.814750,166809.982500,0.00,1,False
1306,02/15/2025 00:00:00,,00019,50,001,02/14/2027 00:00:00,508.400000,25420.000000,0.00,1,False
1307,02/15/2025 00:00:00,,00212,10,0001,02/14/2027 00:00:00,1442.470620,14424.706200,0.00,1,False
1308,02/15/2025 00:00:00,,00141,1010,002,02/14/2027 00:00:00,72.957623,73687.199200,0.00,1,False
1309,02/15/2025 00:00:00,,00127,1005,0001,02/14/2027 00:00:00,59.948926,60248.671050,0.00,1,False
1310,02/15/2025 00:00:00,,00032,120,003,02/14/2027 00:00:00,313.194613,37583.353600,0.00,1,False
1311,02/15/2025 00:00:00,,00150,40,001,02/14/2027 00:00:00,1096.675250,43867.010000,0.00,1,False
1312,02/16/2025 00:00:00,,00103,480,001,02/15/2027 00:00:00,219.952748,105577.318800,0.00,1,False
1313,02/16/2025 00:00:00,,00019,50,001,02/15/2027 00:00:00,503.600000,25180.000000,0.00,1,False
1314,02/16/2025 00:00:00,,00022,30,002,02/15/2027 00:00:00,618.166750,18545.002500,0.00,1,False
1315,02/16/2025 00:00:00,,00016,40,002,02/15/2027 00:00:00,600.591750,24023.670000,0.00,1,False
1316,02/16/2025 00:00:00,,00138,20,0001,02/15/2027 00:00:00,1151.647892,23032.957840,0.00,1,False
1317,02/16/2025 00:00:00,,00053,139,0005,02/15/2027 00:00:00,809.189336,112477.317750,0.00,1,False
1318,02/17/2025 00:00:00,,00028,100,001,02/16/2027 00:00:00,1122.376750,112237.675000,0.00,1,False
1319,02/17/2025 00:00:00,,00078,100,0002,02/16/2027 00:00:00,473.670000,47367.000000,0.00,1,False
1320,02/17/2025 00:00:00,,00026,1054,0006,02/16/2027 00:00:00,20.490592,21597.083520,0.00,1,False
1321,02/17/2025 00:00:00,,00016,20,0005,02/16/2027 00:00:00,543.250000,10865.000000,0.00,1,False
1322,02/17/2025 00:00:00,,00138,20,0001,02/16/2027 00:00:00,1045.267130,20905.342600,0.00,1,False
1323,02/18/2025 00:00:00,,00016,41,006,02/17/2027 00:00:00,572.622000,23477.502000,0.00,1,False
1324,02/19/2025 00:00:00,,00019,4,001,02/18/2027 00:00:00,425.000000,1700.000000,0.00,1,False
1325,02/19/2025 00:00:00,,00228,7,0001,02/18/2027 00:00:00,578.391857,4048.743000,0.00,1,False
1326,02/22/2025 00:00:00,,00014,900,0001,02/21/2027 00:00:00,82.926494,74633.844200,0.00,1,False
1327,02/22/2025 00:00:00,,00125,1,001,02/21/2027 00:00:00,614.239500,614.239500,0.00,1,False
1328,02/22/2025 00:00:00,,00073,240,001,02/21/2027 00:00:00,385.957097,92629.703200,0.00,1,False
1329,02/22/2025 00:00:00,,00086,240,002,02/21/2027 00:00:00,371.394597,89134.703180,0.00,1,False
1330,02/23/2025 00:00:00,,00145,60,001,02/22/2027 00:00:00,861.880183,51712.810950,0.00,1,False
1331,02/23/2025 00:00:00,,00130,40,002,02/22/2027 00:00:00,982.166739,39286.669560,0.00,1,False
1332,02/23/2025 00:00:00,,00202,119,002,02/22/2027 00:00:00,363.909249,43305.200610,0.00,1,False
1333,02/23/2025 00:00:00,,00032,180,0001,02/22/2027 00:00:00,308.152276,55467.409650,0.00,1,False
1334,02/23/2025 00:00:00,,00229,240,003,02/22/2027 00:00:00,71.992479,17278.195000,0.00,1,False
1335,02/23/2025 00:00:00,,00100,240,003,02/22/2027 00:00:00,42.192396,10126.175000,0.00,1,False
1336,02/23/2027 00:00:00,,00125,16,001,02/22/2027 00:00:00,553.606250,8857.700000,0.00,1,False
1337,02/23/2025 00:00:00,,00212,20,0002,02/22/2027 00:00:00,671.134620,13422.692400,0.00,1,False
1338,02/24/2025 00:00:00,,00016,40,0001,02/23/2027 00:00:00,559.718750,22388.750000,0.00,1,False
1339,02/24/2025 00:00:00,,00052,40,004,02/23/2027 00:00:00,1214.182333,48567.293300,0.00,1,False
1340,02/24/2025 00:00:00,,00180,40,001,02/23/2027 00:00:00,1116.631333,44665.253300,0.00,1,False
1341,02/24/2025 00:00:00,,00230,40,001,02/23/2027 00:00:00,874.551333,34982.053300,0.00,1,False
1342,02/26/2025 00:00:00,,00040,52,0001,02/25/2027 00:00:00,1158.846250,60260.005000,0.00,1,False
1343,02/26/2025 00:00:00,,00063,300,005,02/25/2027 00:00:00,30.765666,9229.699750,0.00,1,False
1344,02/26/2025 00:00:00,,00024,300,001,02/25/2027 00:00:00,61.611916,18483.574750,0.00,1,False
1345,03/01/2025 00:00:00,,00147,25,001,03/01/2027 00:00:00,3595.001640,89875.041000,0.00,1,False
1346,03/01/2025 00:00:00,,00228,15,001,03/01/2027 00:00:00,3721.372637,55820.589550,0.00,1,False
1347,03/02/2025 00:00:00,,00016,67,001,03/01/2027 00:00:00,521.538500,34943.079500,0.00,1,False
1348,03/02/2025 00:00:00,,00014,600,001,03/01/2027 00:00:00,45.060705,27036.423120,0.00,1,False
1349,03/02/2025 00:00:00,,00138,20,006,03/01/2027 00:00:00,1129.600663,22592.013250,0.00,1,False
1350,03/03/2025 00:00:00,,00137,50,0002,03/02/2027 00:00:00,3506.889220,175344.461000,0.00,1,False
1351,03/03/2025 00:00:00,,00214,5,001,03/02/2027 00:00:00,4768.039220,23840.196100,0.00,1,False
1352,03/03/2025 00:00:00,,00052,20,002,03/02/2027 00:00:00,814.710533,16294.210650,0.00,1,False
1353,03/03/2025 00:00:00,,00119,20,002,03/02/2027 00:00:00,1087.338833,21746.776650,0.00,1,False
1354,03/04/2025 00:00:00,,00022,100,001,03/03/2027 00:00:00,624.500000,62450.000000,0.00,1,False
1355,03/04/2025 00:00:00,,00035,2,0005,03/03/2027 00:00:00,2517.458750,5034.917500,0.00,1,False
1356,03/05/2025 00:00:00,,00035,7,0001,03/04/2027 00:00:00,1460.435750,10223.050250,0.00,1,False
1357,03/06/2025 00:00:00,,00073,1392,001,03/05/2027 00:00:00,354.146186,492971.490220,0.00,1,False
1358,03/06/2025 00:00:00,,00047,200,002,03/05/2027 00:00:00,833.481011,166696.202150,0.00,1,False
1359,03/08/2025 00:00:00,,00157,200,001,03/07/2027 00:00:00,666.750000,133350.000000,0.00,1,False
1360,03/08/2025 00:00:00,,00160,50,005,03/07/2027 00:00:00,624.700000,31235.000000,0.00,1,False
1361,03/08/2025 00:00:00,,00231,260,001,03/07/2027 00:00:00,506.307750,131640.015000,0.00,1,False
1362,03/09/2025 00:00:00,,00218,996,001,03/08/2027 00:00:00,52.153997,51945.381320,0.00,1,False
1363,03/09/2025 00:00:00,,00225,40,001,03/08/2027 00:00:00,711.366750,28454.670000,0.00,1,False
1364,03/09/2025 00:00:00,,00208,150,005,03/08/2027 00:00:00,249.915990,37487.398500,0.00,1,False
1365,03/09/2025 00:00:00,,00138,24,002,03/08/2027 00:00:00,663.232570,15917.581680,0.00,1,False
1366,03/10/2025 00:00:00,,00016,67,001,03/09/2027 00:00:00,605.112000,40542.504000,0.00,1,False
1367,03/10/2025 00:00:00,,00022,60,002,03/09/2027 00:00:00,611.166750,36670.005000,0.00,1,False
1368,03/10/2025 00:00:00,,00231,30,005,03/09/2027 00:00:00,510.666750,15320.002500,0.00,1,False
1369,03/11/2025 00:00:00,,00231,40,002,03/10/2027 00:00:00,509.250000,20370.000000,0.00,1,False
1370,03/12/2025 00:00:00,,00016,20,002,03/11/2027 00:00:00,570.750000,11415.000000,0.00,1,False
1371,03/13/2025 00:00:00,,00028,100,0001,03/12/2027 00:00:00,1866.745250,186674.525000,0.00,1,False
1372,03/14/2025 00:00:00,,00126,2040,001,03/13/2027 00:00:00,56.614642,115493.870580,0.00,1,False
1373,03/16/2025 00:00:00,,00052,8,002,03/15/2027 00:00:00,811.317948,6490.543580,0.00,1,False
1374,03/16/2025 00:00:00,,00050,24,001,03/15/2027 00:00:00,402.956853,9670.964480,0.00,1,False
1375,03/16/2025 00:00:00,,00232,995,003,03/15/2027 00:00:00,57.724229,57435.607900,0.00,1,False
1376,03/17/2025 00:00:00,,00022,100,001,03/16/2027 00:00:00,478.800000,47880.000000,0.00,1,False
1377,03/17/2025 00:00:00,,00016,100,001,03/16/2027 00:00:00,560.500000,56050.000000,0.00,1,False
1378,03/17/2025 00:00:00,,00231,30,002,03/16/2027 00:00:00,646.666750,19400.002500,0.00,1,False
1379,03/17/2025 00:00:00,,00014,100,005,03/16/2027 00:00:00,44.844506,4484.450550,0.00,1,False
1380,03/19/2025 00:00:00,,00220,49,001,03/18/2027 00:00:00,820.589143,40208.868000,0.00,1,False
1381,03/19/2025 00:00:00,,00016,200,002,03/18/2027 00:00:00,428.000000,85600.000000,0.00,1,False
1382,03/19/2025 00:00:00,,00022,550,001,03/18/2027 00:00:00,621.709023,341939.962500,0.00,1,False
1383,03/19/2025 00:00:00,,00231,240,005,03/18/2027 00:00:00,506.416750,121540.020000,0.00,1,False
1384,03/19/2025 00:00:00,,00040,1,001,03/18/2027 00:00:00,1675.000000,1675.000000,0.00,1,False
1385,03/19/2025 00:00:00,,00233,100,001,03/18/2027 00:00:00,22.995658,2299.565840,0.00,1,False
1386,03/19/2025 00:00:00,,00013,100,002,03/18/2027 00:00:00,54.292142,5429.214200,0.00,1,False
1387,03/19/2025 00:00:00,,00008,100,002,03/18/2027 00:00:00,28.768642,2876.864200,0.00,1,False
1388,03/19/2025 00:00:00,,00010,100,002,03/18/2027 00:00:00,27.831613,2783.161300,0.00,1,False
1389,03/19/2025 00:00:00,,00182,70,001,03/18/2027 00:00:00,37.601792,2632.125460,0.00,1,False
1390,03/19/2025 00:00:00,,00020,25,001,03/18/2027 00:00:00,52.475604,1311.890110,0.00,1,False
1391,03/19/2025 00:00:00,,00014,20,002,03/18/2027 00:00:00,49.769506,995.390110,0.00,1,False
1392,03/20/2025 00:00:00,,00156,404,002,03/19/2027 00:00:00,1056.005000,426626.020000,0.00,1,False
1393,03/20/2025 00:00:00,,00158,35,001,03/19/2027 00:00:00,474.369250,16602.923750,0.00,1,False
1394,03/20/2025 00:00:00,,00147,39,002,03/19/2027 00:00:00,1932.212480,75356.286730,0.00,1,False
1395,03/20/2025 00:00:00,,00130,72,003,03/19/2027 00:00:00,478.936622,34483.436780,0.00,1,False
1396,03/20/2025 00:00:00,,00131,60,002,03/19/2027 00:00:00,762.276873,45736.612350,0.00,1,False
1397,03/20/2025 00:00:00,,00129,60,001,03/19/2027 00:00:00,1043.765908,62625.954450,0.00,1,False
1398,03/21/2025 00:00:00,,00073,1356,001,03/20/2027 00:00:00,384.058100,520782.783480,0.00,1,False
1399,03/21/2025 00:00:00,,00047,200,0002,03/20/2027 00:00:00,681.669128,136333.825500,0.00,1,False
1400,03/21/2025 00:00:00,,00048,312,001,03/20/2027 00:00:00,247.245527,77140.604520,0.00,1,False
1401,03/22/2025 00:00:00,,00086,240,005,03/21/2027 00:00:00,349.759560,83942.294400,0.00,1,False
1402,03/22/2025 00:00:00,,00073,444,002,03/21/2027 00:00:00,393.008602,174495.819480,0.00,1,False
1403,03/22/2025 00:00:00,,00090,20,002,03/21/2027 00:00:00,770.806228,15416.124550,0.00,1,False
1404,03/22/2025 00:00:00,,00188,60,002,03/21/2027 00:00:00,592.194994,35531.699650,0.00,1,False
1405,03/22/2025 00:00:00,,00038,25,002,03/21/2027 00:00:00,555.000000,13875.000000,0.00,1,False
1406,03/23/2025 00:00:00,,00049,8,002,03/22/2027 00:00:00,702.035028,5616.280220,0.00,1,False
1407,03/23/2025 00:00:00,,00032,60,002,03/22/2027 00:00:00,308.345090,18500.705400,0.00,1,False
1408,03/23/2025 00:00:00,,00010,500,002,03/22/2027 00:00:00,24.571250,12285.625000,0.00,1,False
1409,03/23/2025 00:00:00,,00052,8,002,03/22/2027 00:00:00,815.378778,6523.030220,0.00,1,False
1410,03/23/2025 00:00:00,,00234,36,001,03/22/2027 00:00:00,214.249330,7712.975880,0.00,1,False
1411,03/23/2025 00:00:00,,00090,8,002,03/22/2027 00:00:00,770.806228,6166.449820,0.00,1,False
1412,03/23/2025 00:00:00,,00091,8,001,03/22/2027 00:00:00,735.778328,5886.226620,0.00,1,False
1413,03/23/2025 00:00:00,,00008,300,002,03/22/2027 00:00:00,24.394725,7318.417400,0.00,1,False
1414,03/23/2025 00:00:00,,00201,495,001,03/22/2027 00:00:00,28.460606,14088.000000,0.00,1,False
1415,03/23/2025 00:00:00,,00020,50,001,03/22/2027 00:00:00,48.865604,2443.280220,0.00,1,False
1416,03/23/2025 00:00:00,,00215,150,002,03/22/2027 00:00:00,47.475604,7121.340660,0.00,1,False
1417,03/23/2025 00:00:00,,00046,80,001,03/22/2027 00:00:00,882.597528,70607.802200,0.00,1,False
1418,03/23/2025 00:00:00,,00212,15,001,03/22/2027 00:00:00,968.009620,14520.144300,0.00,1,False
1419,03/23/2025 00:00:00,,00022,10,0002,03/22/2027 00:00:00,615.000000,6150.000000,0.00,1,False
1420,03/23/2025 00:00:00,,00125,5,001,03/22/2027 00:00:00,575.975000,2879.875000,0.00,1,False
1421,03/23/2025 00:00:00,,00077,120,002,03/22/2027 00:00:00,267.855662,32142.679480,0.00,1,False
1422,03/25/2025 00:00:00,,00087,50,001,03/24/2027 00:00:00,225.000000,11250.000000,0.00,1,False
1423,03/25/2025 00:00:00,,00236,18,001,03/24/2027 00:00:00,486.944500,8765.001000,0.00,1,False
1424,03/25/2025 00:00:00,,00235,40,001,03/24/2027 00:00:00,609.250000,24370.000000,0.00,1,False
1425,03/25/2025 00:00:00,,00237,40,002,03/24/2027 00:00:00,655.000000,26200.000000,0.00,1,False
1426,03/25/2025 00:00:00,,00231,42,002,03/24/2027 00:00:00,444.285750,18660.001500,0.00,1,False
1427,03/25/2025 00:00:00,,00022,40,0002,03/24/2027 00:00:00,608.750000,24350.000000,0.00,1,False
1428,03/25/2025 00:00:00,,00215,250,001,03/24/2027 00:00:00,50.395604,12598.901100,0.00,1,False
1429,03/25/2025 00:00:00,,00182,2550,002,03/24/2027 00:00:00,14.280099,36414.252420,0.00,1,False
1430,03/25/2025 00:00:00,,00020,100,001,03/24/2027 00:00:00,59.675604,5967.560440,0.00,1,False
1431,03/25/2025 00:00:00,,00013,400,002,03/24/2027 00:00:00,21.048343,8419.337200,0.00,1,False
1432,03/25/2025 00:00:00,,00008,400,002,03/24/2027 00:00:00,20.715843,8286.337200,0.00,1,False
1433,03/27/2025 00:00:00,,00219,10,001,03/26/2027 00:00:00,620.000000,6200.000000,0.00,1,False
1434,03/27/2025 00:00:00,,00137,50,001,03/26/2027 00:00:00,3687.400000,184370.000000,0.00,1,False
1435,03/27/2025 00:00:00,,00144,16,001,03/26/2027 00:00:00,777.438328,12439.013240,0.00,1,False
1436,03/27/2025 00:00:00,,00016,90,002,03/26/2027 00:00:00,303.668056,27330.125000,0.00,1,False
1437,04/05/2025 00:00:00,,00038,5,001,04/04/2027 00:00:00,674.000000,3370.000000,0.00,1,False
1438,04/06/2025 00:00:00,,00130,100,002,04/05/2027 00:00:00,684.752028,68475.202750,0.00,1,False
1439,04/06/2025 00:00:00,,00136,48,0001,04/05/2027 00:00:00,690.023750,33121.140010,0.00,1,False
1440,04/06/2025 00:00:00,,00131,44,002,04/05/2027 00:00:00,677.456005,29808.064200,0.00,1,False
1441,04/06/2025 00:00:00,,00144,48,001,04/05/2027 00:00:00,905.718433,43474.484800,0.00,1,False
1442,04/06/2025 00:00:00,,00198,20,0002,04/05/2027 00:00:00,645.194500,12903.890000,0.00,1,False
1443,04/06/2025 00:00:00,,00053,100,001,04/05/2027 00:00:00,725.828500,72582.850000,0.00,1,False
1444,04/07/2025 00:00:00,,00038,50,001,04/06/2027 00:00:00,656.900000,32845.000000,0.00,1,False
1445,04/07/2025 00:00:00,,00041,50,002,04/06/2027 00:00:00,615.000000,30750.000000,0.00,1,False
1446,04/07/2025 00:00:00,,00209,40,002,04/06/2027 00:00:00,660.000000,26400.000000,0.00,1,False
1447,04/07/2025 00:00:00,,00207,16,001,06/26/2033 00:00:00,898.354450,14373.671200,0.00,1,False
1448,04/07/2025 00:00:00,,00072,20,001,04/06/2027 00:00:00,594.479450,11889.589000,0.00,1,False
1449,04/07/2025 00:00:00,,00084,20,002,04/06/2027 00:00:00,607.308190,12146.163800,0.00,1,False
1450,04/07/2025 00:00:00,,00180,20,001,04/06/2027 00:00:00,1374.798950,27495.979000,0.00,1,False
1451,04/07/2025 00:00:00,,00238,20,0001,04/06/2027 00:00:00,651.421450,13028.429000,0.00,1,False
1452,04/07/2025 00:00:00,,00051,20,005,04/06/2027 00:00:00,584.683950,11693.679000,0.00,1,False
1453,04/08/2025 00:00:00,,00053,20,001,04/07/2027 00:00:00,257.729450,5154.589000,0.00,1,False
1454,04/09/2025 00:00:00,,00016,100,001,04/08/2027 00:00:00,355.050000,35505.000000,0.00,1,False
1455,04/09/2025 00:00:00,,00022,40,001,04/08/2027 00:00:00,632.500000,25300.000000,0.00,1,False
1456,04/09/2025 00:00:00,,00052,68,0002,04/08/2027 00:00:00,777.260697,52853.727400,0.00,1,False
1457,04/09/2025 00:00:00,,00170,40,001,04/08/2027 00:00:00,848.650251,33946.010050,0.00,1,False
1458,04/09/2025 00:00:00,,00054,36,003,04/08/2027 00:00:00,218.738883,7874.599800,0.00,1,False
1459,04/09/2025 00:00:00,,00045,36,001,04/08/2027 00:00:00,443.142033,15953.113200,0.00,1,False
1460,04/09/2025 00:00:00,,00151,36,001,04/08/2027 00:00:00,325.082494,11702.969790,0.00,1,False
1461,04/09/2025 00:00:00,,00122,60,0002,04/08/2027 00:00:00,175.454024,10527.241450,0.00,1,False
1462,04/09/2025 00:00:00,,00091,12,001,06/27/2033 00:00:00,704.248900,8450.986800,0.00,1,False
1463,04/09/2025 00:00:00,,00090,12,0002,04/08/2027 00:00:00,708.123900,8497.486800,0.00,1,False
1464,04/09/2025 00:00:00,,00032,60,0002,04/08/2027 00:00:00,302.784439,18167.066340,0.00,1,False
1465,04/10/2025 00:00:00,,00203,239,001,04/09/2027 00:00:00,337.896717,80757.315400,0.00,1,False
1466,04/10/2025 00:00:00,,00145,160,001,04/09/2027 00:00:00,855.886450,136941.832000,0.00,1,False
1467,04/10/2025 00:00:00,,00138,40,0001,04/09/2027 00:00:00,971.760963,38870.438500,0.00,1,False
1468,04/10/2025 00:00:00,,00147,50,005,04/09/2027 00:00:00,3378.734198,168936.709900,0.00,1,False
1469,04/12/2025 00:00:00,,00014,625,002,04/11/2027 00:00:00,47.494550,29684.093750,0.00,1,False
1470,04/12/2025 00:00:00,,00016,30,002,04/11/2027 00:00:00,516.363750,15490.912500,0.00,1,False
1471,04/12/2025 00:00:00,,00127,998,001,04/11/2027 00:00:00,91.327655,91145.000080,0.00,1,False
1472,04/12/2025 00:00:00,,00125,42,005,04/11/2027 00:00:00,1436.190500,60320.001000,0.00,1,False
1473,04/13/2025 00:00:00,,00152,60,0001,04/12/2027 00:00:00,242.501018,14550.061070,0.00,1,False
1474,04/13/2025 00:00:00,,00121,100,002,04/12/2027 00:00:00,180.552625,18055.262450,0.00,1,False
1475,04/13/2025 00:00:00,,00208,277,001,04/12/2027 00:00:00,205.598598,56950.811670,0.00,1,False
1476,04/13/2025 00:00:00,,00053,4,001,04/12/2027 00:00:00,822.729450,3290.917800,0.00,1,False
1477,04/14/2025 00:00:00,,00186,31,001,04/13/2027 00:00:00,799.531040,24785.462250,0.00,1,False
1478,04/14/2025 00:00:00,,00053,20,002,04/13/2027 00:00:00,801.229450,16024.589000,0.00,1,False
1479,04/14/2025 00:00:00,,00138,24,001,04/13/2027 00:00:00,851.502680,20436.064320,0.00,1,False
1480,04/14/2025 00:00:00,,00049,20,002,04/13/2027 00:00:00,600.958950,12019.179000,0.00,1,False
1481,04/15/2025 00:00:00,,00020,1000,001,04/14/2027 00:00:00,49.180000,49180.000000,0.00,1,False
1482,04/15/2025 00:00:00,,00053,166,002,04/14/2027 00:00:00,677.722392,112501.917000,0.00,1,False
1483,04/17/2025 00:00:00,,00078,100,001,04/16/2027 00:00:00,478.800000,47880.000000,0.00,1,False
1484,04/17/2025 00:00:00,,00086,240,0002,04/16/2027 00:00:00,352.334434,84560.264200,0.00,1,False
1485,04/17/2025 00:00:00,,00014,1000,001,04/16/2027 00:00:00,47.755000,47755.000000,0.00,1,False
1486,04/17/2025 00:00:00,,00239,1000,002,04/16/2027 00:00:00,56.085000,56085.000000,0.00,1,False
1487,04/17/2025 00:00:00,,00197,20,001,04/16/2027 00:00:00,1216.500000,24330.000000,0.00,1,False
1488,04/18/2025 00:00:00,,00231,100,002,04/17/2027 00:00:00,508.400000,50840.000000,0.00,1,False
1489,04/19/2025 00:00:00,,00231,100,005,04/18/2027 00:00:00,508.400000,50840.000000,0.00,1,False
1490,04/19/2025 00:00:00,,00158,40,001,04/18/2027 00:00:00,526.375000,21055.000000,0.00,1,False
1491,04/19/2025 00:00:00,,00160,40,006,04/18/2027 00:00:00,831.750000,33270.000000,0.00,1,False
1492,04/19/2025 00:00:00,,00157,80,005,04/18/2027 00:00:00,666.875000,53350.000000,0.00,1,False
1493,04/20/2025 00:00:00,,00240,40,001,04/19/2027 00:00:00,678.750000,27150.000000,0.00,1,False
1494,04/20/2025 00:00:00,,00241,40,001,04/19/2027 00:00:00,294.375000,11775.000000,0.00,1,False
1495,04/20/2025 00:00:00,,00040,8,001,04/19/2027 00:00:00,2051.705750,16413.646000,0.00,1,False
1496,04/20/2025 00:00:00,,00147,12,001,04/19/2027 00:00:00,2118.300180,25419.602160,0.00,1,False
1497,04/20/2025 00:00:00,,00050,24,004,04/19/2027 00:00:00,247.527382,5940.657160,0.00,1,False
1498,04/20/2025 00:00:00,,00051,12,004,04/19/2027 00:00:00,880.958300,10571.499600,0.00,1,False
1499,04/20/2025 00:00:00,,00242,4,005,04/19/2027 00:00:00,844.043950,3376.175800,0.00,1,False
1500,04/22/2025 00:00:00,,00022,25,002,04/21/2027 00:00:00,622.600000,15565.000000,0.00,1,False
1501,04/22/2025 00:00:00,,00231,10,005,04/21/2027 00:00:00,522.000000,5220.000000,0.00,1,False
1502,04/22/2025 00:00:00,,00048,291,001,04/21/2027 00:00:00,218.600266,63612.677500,0.00,1,False
1503,04/22/2025 00:00:00,,00207,16,003,04/21/2027 00:00:00,856.171850,13698.749600,0.00,1,False
1504,04/22/2025 00:00:00,,00243,100,001,04/21/2027 00:00:00,381.000000,38100.000000,0.00,1,False
1505,04/23/2025 00:00:00,,00086,240,005,04/22/2027 00:00:00,351.694590,84406.701520,0.00,1,False
1506,04/23/2025 00:00:00,,00147,25,001,04/22/2027 00:00:00,2272.300180,56807.504500,0.00,1,False
1507,04/23/2025 00:00:00,,00052,20,002,04/22/2027 00:00:00,1001.940443,20038.808850,0.00,1,False
1508,04/24/2025 00:00:00,,00016,10,005,04/23/2027 00:00:00,553.250000,5532.500000,0.00,1,False
1509,04/24/2025 00:00:00,,00231,20,004,04/23/2027 00:00:00,513.925000,10278.500000,0.00,1,False
1510,04/24/2025 00:00:00,,00197,20,002,04/23/2027 00:00:00,1241.417243,24828.344850,0.00,1,False
1511,04/26/2025 00:00:00,,00244,1274,001,04/25/2027 00:00:00,23.278686,29657.046520,0.00,1,False
1512,04/26/2025 00:00:00,,00212,10,005,04/25/2027 00:00:00,1024.755772,10247.557720,0.00,1,False
1513,04/26/2025 00:00:00,,00138,28,0003,04/25/2027 00:00:00,978.790049,27406.121360,0.00,1,False
1514,04/27/2025 00:00:00,,00073,1750,002,04/26/2027 00:00:00,385.124345,673967.603820,0.00,1,False
1515,04/27/2025 00:00:00,,00155,1252,001,04/26/2027 00:00:00,24.392649,30539.597000,0.00,1,False
1516,04/27/2025 00:00:00,,00047,200,005,04/26/2027 00:00:00,795.589982,159117.996440,0.00,1,False
1517,04/27/2025 00:00:00,,00150,80,006,04/26/2027 00:00:00,983.886867,78710.949340,0.00,1,False
1518,04/27/2025 00:00:00,,00190,36,002,04/26/2027 00:00:00,388.674843,13992.294360,0.00,1,False
1519,04/28/2025 00:00:00,,00095,62,002,04/27/2027 00:00:00,458.064444,28399.995500,0.00,1,False
1520,04/28/2025 00:00:00,,00233,2000,002,04/27/2027 00:00:00,22.370777,44741.554300,0.00,1,False
1521,04/29/2025 00:00:00,,00196,25,002,04/28/2027 00:00:00,3308.587500,82714.687500,0.00,1,False
1522,04/29/2025 00:00:00,,00245,10,002,04/28/2027 00:00:00,3962.500000,39625.000000,0.00,1,False
1523,05/03/2025 00:00:00,,00196,30,001,05/02/2027 00:00:00,1957.265083,58717.952500,0.00,1,False
1524,05/05/2025 00:00:00,,00016,100,001,05/04/2027 00:00:00,458.854500,45885.450000,0.00,1,False
1525,05/05/2025 00:00:00,,00022,50,002,05/04/2027 00:00:00,616.900000,30845.000000,0.00,1,False
1526,05/05/2025 00:00:00,,00020,750,004,05/04/2027 00:00:00,52.746762,39560.071600,0.00,1,False
1527,05/05/2025 00:00:00,,00196,16,002,05/04/2027 00:00:00,3374.704000,53995.264000,0.00,1,False
1528,05/05/2025 00:00:00,,00215,1000,002,05/04/2027 00:00:00,59.298516,59298.516310,0.00,1,False
1529,05/05/2025 00:00:00,,00138,12,005,05/04/2027 00:00:00,780.415863,9364.990350,0.00,1,False
1530,05/06/2025 00:00:00,,00218,984,002,05/05/2027 00:00:00,51.510786,50686.613170,0.00,1,False
1531,05/06/2025 00:00:00,,00225,40,002,05/05/2027 00:00:00,631.252000,25250.080000,0.00,1,False
1532,05/06/2025 00:00:00,,00053,140,003,05/05/2027 00:00:00,819.185129,114685.918000,0.00,1,False
1533,05/06/2025 00:00:00,,00130,160,005,05/05/2027 00:00:00,870.099350,139215.896000,0.00,1,False
1534,05/06/2025 00:00:00,,00016,25,002,05/05/2027 00:00:00,462.993250,11574.831250,0.00,1,False
1535,05/07/2025 00:00:00,,00186,100,001,05/06/2027 00:00:00,902.177000,90217.700000,0.00,1,False
1536,05/07/2025 00:00:00,,00156,386,005,05/06/2027 00:00:00,882.505616,340647.167700,0.00,1,False
1537,05/07/2025 00:00:00,,00231,25,002,05/06/2027 00:00:00,511.800000,12795.000000,0.00,1,False
1538,05/07/2025 00:00:00,,00052,60,0001,05/06/2027 00:00:00,946.083660,56765.019600,0.00,1,False
1539,05/07/2025 00:00:00,,00051,20,003,05/06/2027 00:00:00,853.901350,17078.027000,0.00,1,False
1540,05/07/2025 00:00:00,,00180,20,002,05/06/2027 00:00:00,1018.760400,20375.208000,0.00,1,False
1541,05/07/2025 00:00:00,,00170,20,004,05/06/2027 00:00:00,841.065675,16821.313500,0.00,1,False
1542,05/08/2025 00:00:00,,00139,10,002,05/07/2027 00:00:00,709.950000,7099.500000,0.00,1,False
1543,05/08/2025 00:00:00,,00040,1,001,05/07/2027 00:00:00,1240.910500,1240.910500,0.00,1,False
1544,05/08/2025 00:00:00,,00246,10,005,05/07/2027 00:00:00,5116.383750,51163.837500,0.00,1,False
1545,05/08/2025 00:00:00,,00231,40,001,05/07/2027 00:00:00,509.250000,20370.000000,0.00,1,False
1546,05/08/2025 00:00:00,,00186,60,006,05/07/2027 00:00:00,890.000000,53400.000000,0.00,1,False
1547,05/08/2025 00:00:00,,00233,500,004,05/07/2027 00:00:00,22.093031,11046.515250,0.00,1,False
1548,05/08/2025 00:00:00,,00022,30,001,05/07/2027 00:00:00,646.983250,19409.497500,0.00,1,False
1549,05/10/2025 00:00:00,,00022,100,002,05/09/2027 00:00:00,616.900000,61690.000000,0.00,1,False
1550,05/10/2025 00:00:00,,00156,331,001,05/09/2027 00:00:00,727.976286,240960.150550,0.00,1,False
1551,05/10/2025 00:00:00,,00147,50,005,05/09/2027 00:00:00,3009.210576,150460.528780,0.00,1,False
1552,05/08/2025 00:00:00,,00247,40,001,05/07/2027 00:00:00,895.132000,35805.280000,0.00,1,False
1553,05/11/2025 00:00:00,,00177,60,005,05/10/2027 00:00:00,1169.711817,70182.709000,0.00,1,False
1554,05/11/2025 00:00:00,,00138,60,001,05/10/2027 00:00:00,948.826283,56929.577000,0.00,1,False
1555,05/11/2025 00:00:00,,00134,20,002,05/10/2027 00:00:00,1016.116843,20322.336860,0.00,1,False
1556,05/11/2025 00:00:00,,00133,32,004,05/10/2027 00:00:00,1427.867600,45691.763200,0.00,1,False
1557,05/11/2025 00:00:00,,00216,117,002,05/10/2027 00:00:00,72.171174,8444.027410,0.00,1,False
1558,05/11/2025 00:00:00,,00122,120,005,05/10/2027 00:00:00,404.665743,48559.889200,0.00,1,False
1559,05/11/2025 00:00:00,,00184,60,001,05/10/2027 00:00:00,337.661193,20259.671600,0.00,1,False
1560,05/11/2025 00:00:00,,00190,132,001,05/10/2027 00:00:00,292.548042,38616.341600,0.00,1,False
1561,05/11/2025 00:00:00,,00206,60,0002,05/10/2027 00:00:00,556.870323,33412.219400,0.00,1,False
1562,05/12/2025 00:00:00,,00032,107,0004,05/11/2027 00:00:00,325.362401,34813.776870,0.00,1,False
1563,05/12/2025 00:00:00,,00010,200,0004,05/11/2027 00:00:00,24.789227,4957.845300,0.00,1,False
1564,05/14/2025 00:00:00,,00063,12,0001,04/30/2027 00:00:00,121.144000,1453.728000,0.00,1,False
1565,05/14/2025 00:00:00,,00054,12,0002,04/30/2027 00:00:00,160.727227,1928.726720,0.00,1,False
1566,05/14/2025 00:00:00,,00231,50,002,05/13/2027 00:00:00,525.334225,26266.711250,0.00,1,False
1567,05/14/2025 00:00:00,,00022,100,001,05/13/2027 00:00:00,546.582250,54658.225000,0.00,1,False
1568,05/14/2025 00:00:00,,00014,500,005,05/13/2027 00:00:00,44.369570,22184.785000,0.00,1,False
1569,05/14/2025 00:00:00,,00016,50,005,05/13/2027 00:00:00,474.839250,23741.962500,0.00,1,False
1570,05/14/2025 00:00:00,,00020,125,005,05/13/2027 00:00:00,47.864020,5983.002500,0.00,1,False
1571,05/14/2025 00:00:00,,00248,125,001,05/13/2027 00:00:00,30.888100,3861.012500,0.00,1,False
1572,05/14/2025 00:00:00,,00040,25,002,05/13/2027 00:00:00,1209.299250,30232.481250,0.00,1,False
1573,05/14/2025 00:00:00,,00182,750,001,05/13/2027 00:00:00,26.157302,19617.976250,0.00,1,False
1574,05/14/2025 00:00:00,,00233,500,002,05/13/2027 00:00:00,23.187392,11593.695800,0.00,1,False
1575,05/14/2025 00:00:00,,00010,500,002,05/13/2027 00:00:00,24.052257,12026.128350,0.00,1,False
1576,05/14/2025 00:00:00,,00008,1000,001,05/13/2027 00:00:00,23.721544,23721.543700,0.00,1,False
1577,05/14/2025 00:00:00,,00024,120,005,05/13/2027 00:00:00,277.027151,33243.258100,0.00,1,False
1578,05/14/2025 00:00:00,,00052,40,005,05/13/2027 00:00:00,1049.006200,41960.248000,0.00,1,False
1579,05/14/2025 00:00:00,,00053,84,002,05/13/2027 00:00:00,943.574698,79260.274600,0.00,1,False
1580,05/15/2025 00:00:00,,00014,2060,002,05/14/2027 00:00:00,45.857878,94467.228400,0.00,1,False
1581,05/15/2025 00:00:00,,00053,52,005,05/14/2027 00:00:00,913.925508,47524.126400,0.00,1,False
1582,05/15/2025 00:00:00,,00197,32,004,05/14/2027 00:00:00,1076.733100,34455.459200,0.00,1,False
1583,05/15/2025 00:00:00,,00048,300,001,05/14/2027 00:00:00,289.930543,86979.163000,0.00,1,False
1584,05/15/2025 00:00:00,,00186,1,001,05/14/2027 00:00:00,1050.000000,1050.000000,0.00,1,False
1585,05/17/2025 00:00:00,,00028,100,002,05/16/2027 00:00:00,732.047000,73204.700000,0.00,1,False
1586,05/17/2025 00:00:00,,00026,1033,002,05/16/2027 00:00:00,39.550999,40856.182040,0.00,1,False
1587,05/17/2025 00:00:00,,00078,100,001,05/16/2027 00:00:00,404.583250,40458.325000,0.00,1,False
1588,05/17/2025 00:00:00,,00116,12,006,05/16/2027 00:00:00,1270.240050,15242.880600,0.00,1,False
1589,05/17/2025 00:00:00,,00213,40,001,05/16/2027 00:00:00,974.282050,38971.282000,0.00,1,False
1590,05/17/2025 00:00:00,,00249,28,001,05/16/2027 00:00:00,919.838414,25755.475600,0.00,1,False
1591,05/14/2025 00:00:00,,00220,62,001,05/13/2027 00:00:00,806.957000,50031.334000,0.00,1,False
1592,05/18/2025 00:00:00,,00014,1020,005,05/17/2027 00:00:00,45.949949,46868.947480,0.00,1,False
1593,05/18/2025 00:00:00,,00215,475,001,05/17/2027 00:00:00,55.687267,26451.451750,0.00,1,False
1594,05/18/2025 00:00:00,,00016,27,004,05/17/2027 00:00:00,517.471000,13971.717000,0.00,1,False
1595,05/18/2025 00:00:00,,00020,275,001,05/17/2027 00:00:00,38.539970,10598.491750,0.00,1,False
1596,05/18/2025 00:00:00,,00022,20,001,05/17/2027 00:00:00,553.499250,11069.985000,0.00,1,False
1597,05/18/2025 00:00:00,,00180,72,006,05/17/2027 00:00:00,1038.154700,74747.138400,0.00,1,False
1598,05/18/2025 00:00:00,,00230,20,001,05/17/2027 00:00:00,1163.959600,23279.192000,0.00,1,False
1599,05/19/2025 00:00:00,,00009,300,001,05/18/2027 00:00:00,9.169320,2750.796080,0.00,1,False
1600,05/20/2025 00:00:00,,00086,240,002,05/19/2027 00:00:00,348.140523,83553.725600,0.00,1,False
1601,05/20/2025 00:00:00,,00129,5,002,05/19/2027 00:00:00,1094.131300,5470.656500,0.00,1,False
1602,05/20/2025 00:00:00,,00073,960,005,05/19/2027 00:00:00,371.981445,357102.187200,0.00,1,False
1603,05/20/2025 00:00:00,,00048,600,0001,05/19/2027 00:00:00,203.347400,122008.440000,0.00,1,False
1604,05/20/2025 00:00:00,,00184,60,001,05/19/2027 00:00:00,301.936910,18116.214600,0.00,1,False
1605,05/21/2025 00:00:00,,00207,20,002,05/20/2027 00:00:00,971.609700,19432.194000,0.00,1,False
1606,05/22/2025 00:00:00,,00138,40,0001,05/21/2027 00:00:00,1046.928051,41877.122050,0.00,1,False
1607,05/22/2025 00:00:00,,00250,40,002,05/21/2027 00:00:00,1453.481650,58139.266000,0.00,1,False
1608,05/22/2025 00:00:00,,00116,60,005,05/21/2027 00:00:00,1030.034317,61802.059000,0.00,1,False
1609,05/22/2025 00:00:00,,00131,63,006,05/21/2027 00:00:00,996.697994,62791.973600,0.00,1,False
1610,05/24/2025 00:00:00,,00016,89,001,05/23/2027 00:00:00,575.490851,51218.685750,0.00,1,False
1611,05/24/2025 00:00:00,,00054,60,003,05/23/2027 00:00:00,288.891738,17333.504300,0.00,1,False
1612,05/24/2025 00:00:00,,00182,900,003,05/23/2027 00:00:00,13.731496,12358.346200,0.00,1,False
1613,05/24/2025 00:00:00,,00010,200,001,05/23/2027 00:00:00,24.048575,4809.715040,0.00,1,False
1614,05/24/2025 00:00:00,,00233,400,002,05/23/2027 00:00:00,22.865238,9146.095340,0.00,1,False
1615,05/24/2025 00:00:00,,00039,15,001,05/23/2027 00:00:00,198.496710,2977.450650,0.00,1,False
1616,05/24/2025 00:00:00,,00184,60,002,05/23/2027 00:00:00,352.940793,21176.447600,0.00,1,False
1617,05/24/2025 00:00:00,,00053,88,002,05/23/2027 00:00:00,940.832755,82793.282400,0.00,1,False
1618,05/24/2025 00:00:00,,00204,36,0002,05/23/2027 00:00:00,102.344502,3684.402080,0.00,1,False
1619,05/24/2025 00:00:00,,00165,1,001,05/23/2027 00:00:00,36250.000000,36250.000000,0.00,1,False
1620,05/25/2025 00:00:00,,00040,9,001,05/24/2027 00:00:00,1721.493556,15493.442000,0.00,1,False
1621,05/25/2025 00:00:00,,00014,280,001,05/24/2027 00:00:00,47.941379,13423.586000,0.00,1,False
1622,05/25/2025 00:00:00,,00020,500,002,05/24/2027 00:00:00,47.864020,23932.010000,0.00,1,False
1623,05/25/2025 00:00:00,,00008,500,005,05/24/2027 00:00:00,29.606980,14803.490100,0.00,1,False
1624,05/25/2025 00:00:00,,00251,180,0002,05/24/2027 00:00:00,277.015577,49862.803800,0.00,1,False
1625,05/25/2025 00:00:00,,00247,24,0002,05/24/2027 00:00:00,1075.034300,25800.823200,0.00,1,False
1626,05/25/2025 00:00:00,,00051,24,005,05/24/2027 00:00:00,875.319800,21007.675200,0.00,1,False
1627,05/25/2025 00:00:00,,00252,180,0004,05/24/2027 00:00:00,258.561807,46541.125200,0.00,1,False
1628,05/25/2025 00:00:00,,00230,20,002,05/24/2027 00:00:00,1198.959600,23979.192000,0.00,1,False
1629,05/25/2025 00:00:00,,00039,30,002,05/24/2027 00:00:00,1360.810787,40824.323600,0.00,1,False
1630,05/25/2025 00:00:00,,00010,1000,003,05/24/2027 00:00:00,23.680762,23680.761700,0.00,1,False
1631,05/26/2025 00:00:00,,00028,200,005,05/25/2027 00:00:00,1824.363500,364872.700000,0.00,1,False
1632,05/26/2025 00:00:00,,00157,100,003,05/25/2027 00:00:00,601.400500,60140.050000,0.00,1,False
1633,05/26/2025 00:00:00,,00220,190,0001,05/25/2027 00:00:00,499.215658,94850.975000,0.00,1,False
1634,05/26/2025 00:00:00,,00134,12,0002,05/25/2027 00:00:00,1150.966730,13811.600760,0.00,1,False
1635,05/26/2025 00:00:00,,00130,36,0004,05/25/2027 00:00:00,1067.919322,38445.095600,0.00,1,False
1636,05/26/2025 00:00:00,,00177,40,0003,05/25/2027 00:00:00,1302.034300,52081.372000,0.00,1,False
1637,05/26/2025 00:00:00,,00129,42,001,05/25/2027 00:00:00,1842.268294,77375.268340,0.00,1,False
1638,05/26/2025 00:00:00,,00131,32,002,05/25/2027 00:00:00,1190.093450,38082.990400,0.00,1,False
1639,05/26/2025 00:00:00,,00145,84,0002,05/25/2027 00:00:00,854.082474,71742.927800,0.00,1,False
1640,05/26/2025 00:00:00,,00122,120,001,05/25/2027 00:00:00,340.268294,40832.195220,0.00,1,False
1641,05/26/2025 00:00:00,,00206,120,0002,05/25/2027 00:00:00,494.990523,59398.862800,0.00,1,False
1642,05/26/2025 00:00:00,,00203,120,001,05/25/2027 00:00:00,341.670623,41000.474800,0.00,1,False
1643,05/26/2025 00:00:00,,00204,120,0001,05/25/2027 00:00:00,100.531027,12063.723200,0.00,1,False
1644,05/26/2025 00:00:00,,00253,120,002,05/25/2027 00:00:00,180.727597,21687.311600,0.00,1,False
1645,05/27/2025 00:00:00,,00186,72,002,05/26/2027 00:00:00,874.722250,62980.002000,0.00,1,False
1648,05/27/2025 00:00:00,,00201,500,003,05/26/2027 00:00:00,26.098672,13049.335850,0.00,1,False
1649,05/27/2025 00:00:00,,00020,25,001,05/26/2027 00:00:00,53.947720,1348.693000,0.00,1,False
1650,05/27/2025 00:00:00,,00215,25,0001,05/26/2027 00:00:00,51.220000,1280.500000,0.00,1,False
1651,05/27/2025 00:00:00,,00248,25,001,05/26/2027 00:00:00,33.840060,846.001500,0.00,1,False
1652,05/27/2025 00:00:00,,00182,150,0002,05/26/2027 00:00:00,14.054436,2108.165400,0.00,1,False
1653,05/27/2025 00:00:00,,00008,100,001,05/26/2027 00:00:00,34.307532,3430.753220,0.00,1,False
1654,05/27/2025 00:00:00,,00233,100,003,05/26/2027 00:00:00,27.884119,2788.411850,0.00,1,False
1656,05/27/2025 00:00:00,,00212,1,002,05/26/2027 00:00:00,1248.514500,1248.514500,0.00,1,False
1657,05/28/2025 00:00:00,,00022,101,002,05/27/2027 00:00:00,488.104594,49298.564000,0.00,1,False
1658,05/28/2025 00:00:00,,00220,50,005,05/27/2027 00:00:00,693.913750,34695.687500,0.00,1,False
1659,05/28/2025 00:00:00,,00032,36,0005,05/27/2027 00:00:00,318.973397,11483.042280,0.00,1,False
1660,05/28/2025 00:00:00,,00020,25,001,05/27/2027 00:00:00,53.947720,1348.693000,0.00,1,False
1661,05/28/2025 00:00:00,,00215,25,006,05/27/2027 00:00:00,55.540000,1388.500000,0.00,1,False
1662,05/28/2025 00:00:00,,00213,20,001,05/27/2027 00:00:00,990.046450,19800.929000,0.00,1,False
1663,05/28/2025 00:00:00,,00147,50,001,05/27/2027 00:00:00,2882.732250,144136.612500,0.00,1,False
1664,05/28/2025 00:00:00,,00135,8,005,05/27/2027 00:00:00,874.911200,6999.289600,0.00,1,False
1665,05/28/2025 00:00:00,,00137,50,003,05/27/2027 00:00:00,3601.310250,180065.512500,0.00,1,False
1666,05/28/2025 00:00:00,,00245,16,002,05/27/2027 00:00:00,2880.169250,46082.708000,0.00,1,False
1667,05/28/2025 00:00:00,,00231,50,002,05/27/2027 00:00:00,545.286250,27264.312500,0.00,1,False
1668,05/27/2025 00:00:00,,00032,84,001,05/26/2027 00:00:00,308.911787,25948.590080,0.00,1,False
1669,05/27/2025 00:00:00,,00010,1100,001,05/26/2027 00:00:00,23.189049,25507.953920,0.00,1,False
1670,05/27/2025 00:00:00,,00016,1,001,05/26/2027 00:00:00,549.501250,549.501250,0.00,1,False
1671,05/15/2025 00:00:00,,00046,20,002,05/14/2027 00:00:00,1022.542350,20450.847000,0.00,1,False
1672,05/29/2025 00:00:00,,00184,239,005,05/28/2027 00:00:00,313.760088,74988.661130,0.00,1,False
1673,05/29/2025 00:00:00,,00053,136,005,05/28/2027 00:00:00,734.195409,99850.575600,0.00,1,False
1674,05/29/2025 00:00:00,,00063,24,001,05/28/2027 00:00:00,295.900177,7101.604240,0.00,1,False
1675,05/31/2025 00:00:00,,00138,12,0002,05/30/2027 00:00:00,1026.398338,12316.780050,0.00,1,False
1676,05/31/2025 00:00:00,,00063,36,001,05/30/2027 00:00:00,243.357667,8760.876000,0.00,1,False
1677,05/31/2025 00:00:00,,00198,12,005,05/30/2027 00:00:00,1105.974850,13271.698200,0.00,1,False
1678,05/31/2025 00:00:00,,00212,10,003,05/30/2027 00:00:00,1033.064000,10330.640000,0.00,1,False
1679,05/31/2025 00:00:00,,00016,20,001,05/30/2027 00:00:00,483.091250,9661.825000,0.00,1,False
1681,06/02/2025 00:00:00,,00247,52,0002,06/01/2027 00:00:00,993.622338,51668.361600,0.00,1,False
1682,06/02/2025 00:00:00,,00072,20,0001,06/01/2027 00:00:00,969.082800,19381.656000,0.00,1,False
1683,06/04/2025 00:00:00,,00147,50,002,06/03/2027 00:00:00,2450.627000,122531.350000,0.00,1,False
1684,06/04/2025 00:00:00,,00138,20,005,06/03/2027 00:00:00,968.655475,19373.109490,0.00,1,False
1685,06/10/2025 00:00:00,,00138,40,001,06/09/2027 00:00:00,994.125453,39765.018110,0.00,1,False
1686,06/10/2025 00:00:00,,00198,20,0003,06/09/2027 00:00:00,1096.538200,21930.764000,0.00,1,False
1687,06/02/2025 00:00:00,,00211,16,002,06/01/2027 00:00:00,864.108600,13825.737600,0.00,1,False
1688,06/12/2025 00:00:00,,00207,60,002,06/11/2027 00:00:00,800.048550,48002.913000,0.00,1,False
1689,06/12/2025 00:00:00,,00254,84,005,06/11/2027 00:00:00,1234.240371,103676.191200,0.00,1,False
1690,06/12/2025 00:00:00,,00197,20,006,06/11/2027 00:00:00,1128.927500,22578.550000,0.00,1,False
1691,06/14/2025 00:00:00,,00156,400,005,06/13/2027 00:00:00,888.034656,355213.862300,0.00,1,False
1692,06/14/2025 00:00:00,,00231,150,001,06/13/2027 00:00:00,483.747391,72562.108600,0.00,1,False
1693,06/14/2025 00:00:00,,00165,2,001,06/13/2027 00:00:00,36390.000000,72780.000000,0.00,1,False
1694,06/15/2025 00:00:00,,00218,996,005,06/14/2027 00:00:00,256.906650,255879.023840,0.00,1,False
1695,06/15/2025 00:00:00,,00225,40,005,06/14/2027 00:00:00,5757.499623,230299.984900,0.00,1,False
1696,06/15/2025 00:00:00,,00231,50,002,06/14/2027 00:00:00,482.948460,24147.423000,0.00,1,False
1697,06/15/2025 00:00:00,,00074,10,001,06/14/2027 00:00:00,575.577500,5755.775000,0.00,1,False
1698,06/15/2025 00:00:00,,00038,5,005,06/14/2027 00:00:00,580.558000,2902.790000,0.00,1,False
1699,06/15/2025 00:00:00,,00046,16,0001,06/14/2027 00:00:00,1205.356450,19285.703200,0.00,1,False
1700,06/15/2025 00:00:00,,00052,12,0002,06/14/2027 00:00:00,1170.564613,14046.775360,0.00,1,False
1701,06/15/2025 00:00:00,,00234,24,002,06/14/2027 00:00:00,374.030831,8976.739940,0.00,1,False
1702,06/15/2025 00:00:00,,00032,60,0001,06/14/2027 00:00:00,319.407767,19164.466000,0.00,1,False
1703,06/15/2025 00:00:00,,00151,60,004,06/14/2027 00:00:00,372.391214,22343.472850,0.00,1,False
1704,06/15/2025 00:00:00,,00064,36,004,06/14/2027 00:00:00,274.117301,9868.222830,0.00,1,False
1705,06/15/2025 00:00:00,,00091,12,004,06/14/2027 00:00:00,875.196830,10502.361960,0.00,1,False
1706,06/15/2025 00:00:00,,00121,100,0001,06/14/2027 00:00:00,151.928130,15192.813000,0.00,1,False
1707,06/16/2025 00:00:00,,00186,120,001,06/15/2027 00:00:00,889.333250,106719.990000,0.00,1,False
1708,06/16/2025 00:00:00,,00190,236,0003,06/15/2027 00:00:00,350.016040,82603.785440,0.00,1,False
1709,06/16/2025 00:00:00,,00129,84,001,06/15/2027 00:00:00,940.196221,78976.482600,0.00,1,False
1710,06/16/2025 00:00:00,,00208,297,005,06/15/2027 00:00:00,253.699092,75348.630330,0.00,1,False
1711,06/17/2025 00:00:00,,00205,120,001,06/16/2027 00:00:00,223.780260,26853.631200,0.00,1,False
1712,06/17/2025 00:00:00,,00133,19,001,06/16/2027 00:00:00,1509.427616,28679.124700,0.00,1,False
1713,06/17/2025 00:00:00,,00135,38,0003,06/16/2027 00:00:00,1794.043324,68173.646300,0.00,1,False
1714,06/17/2025 00:00:00,,00131,84,0005,06/16/2027 00:00:00,985.821890,82809.038800,0.00,1,False
1715,06/17/2025 00:00:00,,00216,120,001,06/16/2027 00:00:00,358.866960,43064.035200,0.00,1,False
1716,06/17/2025 00:00:00,,00211,12,002,06/16/2027 00:00:00,365.708067,4388.496800,0.00,1,False
1717,06/17/2025 00:00:00,,00134,40,006,06/16/2027 00:00:00,784.341725,31373.669000,0.00,1,False
1718,06/17/2025 00:00:00,,00145,88,0002,06/16/2027 00:00:00,1270.837055,111833.660800,0.00,1,False
1719,06/18/2025 00:00:00,,00210,40,002,06/17/2027 00:00:00,752.387600,30095.504000,0.00,1,False
1720,06/18/2025 00:00:00,,00206,120,001,06/17/2027 00:00:00,483.219710,57986.365200,0.00,1,False
1721,06/18/2025 00:00:00,,00177,40,005,06/17/2027 00:00:00,1028.514350,41140.574000,0.00,1,False
1722,06/18/2025 00:00:00,,00147,50,001,06/17/2027 00:00:00,2813.614500,140680.725000,0.00,1,False
1723,06/18/2025 00:00:00,,00053,12,003,06/17/2027 00:00:00,1107.724700,13292.696400,0.00,1,False
1724,06/18/2025 00:00:00,,00016,40,005,06/17/2027 00:00:00,547.001250,21880.050000,0.00,1,False
1725,06/18/2025 00:00:00,,00049,20,003,06/17/2027 00:00:00,707.373550,14147.471000,0.00,1,False
1726,06/18/2025 00:00:00,,00180,20,0002,06/17/2027 00:00:00,873.015750,17460.315000,0.00,1,False
1727,06/18/2025 00:00:00,,00142,20,001,06/17/2027 00:00:00,2822.803256,56456.065120,0.00,1,False
1728,06/19/2025 00:00:00,,00231,100,001,06/18/2027 00:00:00,479.289710,47928.971000,0.00,1,False
1729,06/19/2025 00:00:00,,00212,60,005,06/18/2027 00:00:00,1891.318500,113479.110000,0.00,1,False
1730,06/19/2025 00:00:00,,00032,24,003,06/18/2027 00:00:00,297.555920,7141.342080,0.00,1,False
1731,06/19/2025 00:00:00,,00008,200,001,06/18/2027 00:00:00,31.774091,6354.818190,0.00,1,False
1732,06/19/2025 00:00:00,,00220,20,0001,06/18/2027 00:00:00,618.193500,12363.870000,0.00,1,False
1733,06/19/2025 00:00:00,,00142,30,001,06/18/2027 00:00:00,4545.118720,136353.561600,0.00,1,False
1734,06/19/2025 00:00:00,,00138,20,001,06/18/2027 00:00:00,933.601144,18672.022880,0.00,1,False
1735,06/15/2025 00:00:00,,00122,36,0002,06/14/2027 00:00:00,379.248188,13652.934760,0.00,1,False
1736,06/22/2025 00:00:00,,00220,700,0001,06/21/2027 00:00:00,632.447143,442713.000000,0.00,1,False
1737,06/22/2025 00:00:00,,00022,300,001,06/21/2027 00:00:00,455.280750,136584.225000,0.00,1,False
1738,06/22/2025 00:00:00,,00039,506,002,06/21/2027 00:00:00,239.532371,121203.379780,0.00,1,False
1739,06/22/2025 00:00:00,,00032,240,001,06/21/2027 00:00:00,315.702611,75768.626600,0.00,1,False
1740,06/22/2025 00:00:00,,00233,200,0002,06/21/2027 00:00:00,23.384704,4676.940740,0.00,1,False
1741,06/22/2025 00:00:00,,00226,120,002,06/21/2027 00:00:00,369.741960,44369.035200,0.00,1,False
1742,06/23/2025 00:00:00,,00048,445,0002,06/22/2027 00:00:00,289.048801,128626.716400,0.00,1,False
1743,06/23/2025 00:00:00,,00154,1000,002,06/22/2027 00:00:00,23.497966,23497.966100,0.00,1,False
1744,06/23/2025 00:00:00,,00155,1000,001,06/22/2027 00:00:00,23.505968,23505.967700,0.00,1,False
1745,06/23/2025 00:00:00,,00053,112,0001,06/22/2027 00:00:00,953.662714,106810.224000,0.00,1,False
1746,06/23/2025 00:00:00,,00220,35,003,06/22/2027 00:00:00,647.476658,22661.683040,0.00,1,False
1747,06/23/2025 00:00:00,,00231,40,002,06/22/2027 00:00:00,479.892471,19195.698820,0.00,1,False
1748,06/25/2025 00:00:00,,00256,1160,001,06/24/2027 00:00:00,33.247287,38566.852610,0.00,1,False
1749,06/25/2025 00:00:00,,00255,1143,002,06/24/2027 00:00:00,23.792051,27194.314400,0.00,1,False
1750,06/26/2025 00:00:00,,00220,30,005,06/25/2027 00:00:00,682.498390,20474.951700,0.00,1,False
1751,06/26/2025 00:00:00,,00208,252,0001,06/25/2027 00:00:00,203.401164,51257.093400,0.00,1,False
1752,06/26/2025 00:00:00,,00197,20,003,06/25/2027 00:00:00,1074.643650,21492.873000,0.00,1,False
1753,06/28/2025 00:00:00,,00220,550,001,06/27/2027 00:00:00,701.522901,385837.595780,0.00,1,False
1754,06/28/2025 00:00:00,,00022,201,001,06/27/2027 00:00:00,504.309224,101366.154000,0.00,1,False
1755,06/28/2025 00:00:00,,00019,100,005,06/27/2027 00:00:00,879.960000,87996.000000,0.00,1,False
1756,06/28/2025 00:00:00,,00233,1000,0002,06/27/2027 00:00:00,23.099603,23099.602650,0.00,1,False
1757,06/28/2025 00:00:00,,00257,1000,003,06/27/2027 00:00:00,31.029421,31029.420500,0.00,1,False
1758,06/28/2025 00:00:00,,00182,300,0002,06/27/2027 00:00:00,13.723818,4117.145500,0.00,1,False
1759,06/28/2025 00:00:00,,00258,1,001,06/27/2027 00:00:00,2360.541250,2360.541250,0.00,1,False
1760,06/29/2025 00:00:00,,00231,50,005,06/28/2027 00:00:00,477.662210,23883.110500,0.00,1,False
1761,06/29/2025 00:00:00,,00186,2,001,06/28/2027 00:00:00,956.000000,1912.000000,0.00,1,False
1762,06/29/2025 00:00:00,,00127,1000,001,06/28/2027 00:00:00,76.478800,76478.800000,0.00,1,False
1763,06/29/2025 00:00:00,,00180,40,005,06/28/2027 00:00:00,652.986450,26119.458000,0.00,1,False
1764,06/29/2025 00:00:00,,00254,40,003,06/28/2027 00:00:00,1135.916900,45436.676000,0.00,1,False
1765,06/30/2025 00:00:00,,00040,16,001,06/29/2027 00:00:00,1259.319750,20149.116000,0.00,1,False
1766,07/03/2025 00:00:00,,00022,100,001,07/02/2027 00:00:00,502.507750,50250.775000,0.00,1,False
1767,07/07/2025 00:00:00,,00022,200,001,07/06/2027 00:00:00,502.153000,100430.600000,0.00,1,False
1768,07/07/2025 00:00:00,,00231,110,002,07/06/2027 00:00:00,477.516710,52526.838100,0.00,1,False
1769,05/05/2025 00:00:00,,00196,5,001,05/04/2027 00:00:00,472.870000,2364.350000,0.00,1,False
1770,07/07/2025 00:00:00,,00258,30,001,07/06/2027 00:00:00,2636.608750,79098.262500,0.00,1,False
1771,07/07/2025 00:00:00,,00257,1500,0001,07/06/2027 00:00:00,30.079850,45119.774250,0.00,1,False
1772,07/07/2025 00:00:00,,00013,2000,001,07/06/2027 00:00:00,36.051953,72103.906000,0.00,1,False
1773,07/07/2025 00:00:00,,00233,3000,0002,07/06/2027 00:00:00,22.036124,66108.370650,0.00,1,False
1774,07/07/2025 00:00:00,,00201,500,001,07/06/2027 00:00:00,25.406270,12703.134750,0.00,1,False
1775,07/07/2025 00:00:00,,00259,2880,001,07/06/2027 00:00:00,16.084414,46323.111320,0.00,1,False
1776,07/07/2025 00:00:00,,00008,2000,002,07/06/2027 00:00:00,28.006529,56013.058000,0.00,1,False
1777,07/07/2025 00:00:00,,00010,2000,003,07/06/2027 00:00:00,24.103914,48207.827350,0.00,1,False
1778,07/08/2025 00:00:00,,00077,120,001,07/07/2027 00:00:00,243.951948,29274.233770,0.00,1,False
1779,07/08/2025 00:00:00,,00186,47,002,07/07/2027 00:00:00,879.404250,41331.999750,0.00,1,False
1780,07/08/2025 00:00:00,,00211,44,001,07/07/2027 00:00:00,824.716818,36287.539970,0.00,1,False
1781,07/08/2025 00:00:00,,00049,20,003,07/07/2027 00:00:00,734.028200,14680.564000,0.00,1,False
1782,07/08/2025 00:00:00,,00259,1920,004,07/07/2027 00:00:00,16.314104,31323.079040,0.00,1,False
1783,07/08/2025 00:00:00,,00258,20,001,07/07/2027 00:00:00,2752.325750,55046.515000,0.00,1,False
1784,07/08/2025 00:00:00,,00016,20,001,07/07/2027 00:00:00,564.011500,11280.230000,0.00,1,False
1785,07/08/2025 00:00:00,,00231,40,002,07/07/2027 00:00:00,480.060460,19202.418400,0.00,1,False
1786,07/09/2025 00:00:00,,00257,400,001,07/08/2027 00:00:00,28.267939,11307.175600,0.00,1,False
1787,07/09/2025 00:00:00,,00259,960,001,07/08/2027 00:00:00,16.325538,15672.516890,0.00,1,False
1788,07/09/2025 00:00:00,,00118,2,001,07/08/2027 00:00:00,2535.641000,5071.282000,0.00,1,False
1789,07/09/2025 00:00:00,,00072,8,001,07/08/2027 00:00:00,883.785418,7070.283340,0.00,1,False
1790,07/09/2025 00:00:00,,00202,60,001,07/08/2027 00:00:00,367.077937,22024.676200,0.00,1,False
1791,07/09/2025 00:00:00,,00190,60,001,07/08/2027 00:00:00,361.520857,21691.251400,0.00,1,False
1792,07/09/2025 00:00:00,,00055,60,002,07/08/2027 00:00:00,454.623347,27277.400800,0.00,1,False
1793,07/09/2025 00:00:00,,00252,12,003,07/08/2027 00:00:00,113.022417,1356.269000,0.00,1,False
1794,07/10/2025 00:00:00,,00197,40,003,07/09/2027 00:00:00,1266.080818,50643.232700,0.00,1,False
1795,07/10/2025 00:00:00,,00260,20,001,07/09/2027 00:00:00,1018.885318,20377.706350,0.00,1,False
1796,07/10/2025 00:00:00,,00198,12,0002,07/09/2027 00:00:00,971.278468,11655.341610,0.00,1,False
1797,07/10/2025 00:00:00,,00223,12,0001,07/09/2027 00:00:00,1502.494818,18029.937810,0.00,1,False
1798,07/10/2025 00:00:00,,00138,20,002,07/09/2027 00:00:00,476.101258,9522.025150,0.00,1,False
1799,07/10/2025 00:00:00,,00188,24,003,07/09/2027 00:00:00,1141.853468,27404.483220,0.00,1,False
1800,07/10/2025 00:00:00,,00261,24,005,07/09/2027 00:00:00,1841.192368,44188.616820,0.00,1,False
1801,07/10/2025 00:00:00,,00084,20,003,07/09/2027 00:00:00,756.847108,15136.942150,0.00,1,False
1802,07/10/2025 00:00:00,,00228,14,001,07/09/2027 00:00:00,2370.703250,33189.845500,0.00,1,False
1803,07/10/2025 00:00:00,,00258,1,001,07/09/2027 00:00:00,2211.684750,2211.684750,0.00,1,False
1804,07/12/2025 00:00:00,,00052,40,0001,07/11/2027 00:00:00,1073.375725,42935.028980,0.00,1,False
1805,07/12/2025 00:00:00,,00170,20,003,07/11/2027 00:00:00,995.270330,19905.406600,0.00,1,False
1806,07/12/2025 00:00:00,,00051,20,005,07/11/2027 00:00:00,834.118868,16682.377350,0.00,1,False
1807,07/12/2025 00:00:00,,00032,120,001,07/11/2027 00:00:00,319.112257,38293.470800,0.00,1,False
1808,07/12/2025 00:00:00,,00262,4500,001,07/11/2027 00:00:00,10.956236,49303.062500,0.00,1,False
1809,07/12/2025 00:00:00,,00263,300,001,07/11/2027 00:00:00,11.506739,3452.021700,0.00,1,False
1810,07/12/2025 00:00:00,,00257,100,002,07/11/2027 00:00:00,34.484093,3448.409300,0.00,1,False
1811,07/12/2025 00:00:00,,00259,240,001,07/11/2027 00:00:00,16.434156,3944.197410,0.00,1,False
1812,07/12/2025 00:00:00,,00013,100,0002,07/11/2027 00:00:00,64.963454,6496.345400,0.00,1,False
1813,07/12/2025 00:00:00,,00231,30,005,07/11/2027 00:00:00,478.727210,14361.816300,0.00,1,False
1814,07/12/2025 00:00:00,,00233,200,004,04/11/2027 00:00:00,23.283149,4656.629740,0.00,1,False
1815,07/12/2025 00:00:00,,00197,40,001,07/11/2027 00:00:00,1247.080818,49883.232700,0.00,1,False
1816,07/12/2025 00:00:00,,00047,120,001,07/11/2027 00:00:00,997.552718,119706.326100,0.00,1,False
1817,07/12/2025 00:00:00,,00258,10,004,07/11/2027 00:00:00,2892.427500,28924.275000,0.00,1,False
1818,07/13/2025 00:00:00,,00264,100,003,07/12/2027 00:00:00,521.000000,52100.000000,0.00,1,False
1819,07/13/2025 00:00:00,,00020,350,002,07/12/2027 00:00:00,44.550265,15592.592680,0.00,1,False
1820,07/13/2025 00:00:00,,00022,110,002,07/12/2027 00:00:00,503.377750,55371.552500,0.00,1,False
1821,07/13/2025 00:00:00,,00231,220,0001,07/12/2027 00:00:00,479.696960,105533.331200,0.00,1,False
1822,07/13/2025 00:00:00,,00220,90,004,07/12/2027 00:00:00,645.194321,58067.488880,0.00,1,False
1823,07/13/2025 00:00:00,,00258,10,003,07/12/2027 00:00:00,2908.860500,29088.605000,0.00,1,False
1824,07/13/2025 00:00:00,,00008,1000,004,07/12/2027 00:00:00,27.460658,27460.657500,0.00,1,False
1825,07/13/2025 00:00:00,,00010,1300,002,07/12/2027 00:00:00,23.988728,31185.345950,0.00,1,False
1826,07/13/2025 00:00:00,,00032,60,002,07/12/2027 00:00:00,322.129527,19327.771600,0.00,1,False
1827,07/13/2025 00:00:00,,00013,900,005,07/12/2027 00:00:00,36.048064,32443.257400,0.00,1,False
1828,07/13/2025 00:00:00,,00259,240,005,07/12/2027 00:00:00,16.632073,3991.697410,0.00,1,False
1829,07/14/2025 00:00:00,,00157,200,005,07/13/2027 00:00:00,522.681490,104536.298000,0.00,1,False
1830,07/14/2025 00:00:00,,00137,20,001,07/13/2027 00:00:00,3874.775000,77495.500000,0.00,1,False
1831,07/14/2025 00:00:00,,00231,5,001,07/13/2027 00:00:00,492.060460,2460.302300,0.00,1,False
1832,07/14/2025 00:00:00,,00010,500,005,07/13/2027 00:00:00,24.655966,12327.983100,0.00,1,False
1833,07/14/2025 00:00:00,,00032,120,005,07/13/2027 00:00:00,161.528897,19383.467600,0.00,1,False
1834,07/14/2025 00:00:00,,00258,20,0001,07/13/2027 00:00:00,3385.164750,67703.295000,0.00,1,False
1835,07/14/2025 00:00:00,,00263,600,0001,07/13/2027 00:00:00,17.736518,10641.910880,0.00,1,False
1836,07/14/2025 00:00:00,,00265,100,0001,07/13/2027 00:00:00,97.201745,9720.174480,0.00,1,False
1837,07/14/2025 00:00:00,,00259,720,001,07/13/2027 00:00:00,16.907430,12173.349520,0.00,1,False
1838,07/14/2025 00:00:00,,00020,100,001,07/13/2027 00:00:00,44.509435,4450.943480,0.00,1,False
1839,07/14/2025 00:00:00,,00022,20,001,07/13/2027 00:00:00,502.357000,10047.140000,0.00,1,False
1840,07/14/2025 00:00:00,,00220,20,002,07/13/2027 00:00:00,694.832640,13896.652800,0.00,1,False
1841,07/14/2025 00:00:00,,00016,6,005,07/13/2027 00:00:00,570.012250,3420.073500,0.00,1,False
1842,07/14/2025 00:00:00,,00046,92,005,07/13/2027 00:00:00,952.257568,87607.696210,0.00,1,False
1843,07/14/2025 00:00:00,,00247,40,0001,07/13/2027 00:00:00,970.257468,38810.298700,0.00,1,False
1844,07/14/2025 00:00:00,,00072,20,0002,07/13/2027 00:00:00,724.659618,14493.192350,0.00,1,False
1845,07/14/2025 00:00:00,,00052,20,001,07/13/2027 00:00:00,969.736058,19394.721150,0.00,1,False
1846,07/14/2025 00:00:00,,00180,20,001,07/13/2027 00:00:00,972.030918,19440.618350,0.00,1,False
1847,07/14/2025 00:00:00,,00049,20,005,07/13/2027 00:00:00,775.353974,15507.079480,0.00,1,False
1848,07/16/2025 00:00:00,,00202,60,0001,07/15/2027 00:00:00,345.057937,20703.476200,0.00,1,False
1849,07/16/2025 00:00:00,,00122,47,001,07/15/2027 00:00:00,289.436219,13603.502310,0.00,1,False
1850,07/16/2025 00:00:00,,00213,20,005,07/15/2027 00:00:00,646.210450,12924.209000,0.00,1,False
1851,07/16/2025 00:00:00,,00138,12,001,07/15/2027 00:00:00,921.346970,11056.163640,0.00,1,False
1852,07/16/2025 00:00:00,,00246,2,002,07/15/2027 00:00:00,1512.947750,3025.895500,0.00,1,False
1853,07/16/2025 00:00:00,,00178,200,002,07/15/2027 00:00:00,154.506707,30901.341350,0.00,1,False
1854,07/16/2025 00:00:00,,00052,24,001,07/15/2027 00:00:00,1129.695740,27112.697760,0.00,1,False
1855,07/18/2025 00:00:00,,00231,400,005,07/17/2027 00:00:00,476.860460,190744.184000,0.00,1,False
1856,07/07/2025 00:00:00,,00249,20,001,07/06/2027 00:00:00,830.528750,16610.575000,0.00,1,False
1857,07/07/2025 00:00:00,,00207,40,002,07/06/2027 00:00:00,823.786450,32951.458000,0.00,1,False
1858,07/13/2025 00:00:00,,00259,720,001,07/12/2027 00:00:00,15.692520,11298.614540,0.00,1,False
1859,07/19/2025 00:00:00,,00205,120,001,07/18/2027 00:00:00,361.502987,43380.358400,0.00,1,False
1860,07/19/2025 00:00:00,,00203,240,002,07/18/2027 00:00:00,339.417647,81460.235200,0.00,1,False
1861,07/19/2025 00:00:00,,00206,120,004,07/18/2027 00:00:00,544.066127,65287.935200,0.00,1,False
1862,07/19/2025 00:00:00,,00253,120,0001,07/18/2027 00:00:00,243.805117,29256.614000,0.00,1,False
1863,07/19/2025 00:00:00,,00190,180,001,07/18/2027 00:00:00,361.908817,65143.587000,0.00,1,False
1864,07/19/2025 00:00:00,,00204,120,0002,07/18/2027 00:00:00,338.130587,40575.670400,0.00,1,False
1865,07/19/2025 00:00:00,,00144,44,0002,07/18/2027 00:00:00,1078.069600,47435.062400,0.00,1,False
1866,07/19/2025 00:00:00,,00216,144,002,07/18/2027 00:00:00,366.965817,52843.077600,0.00,1,False
1867,07/20/2025 00:00:00,,00147,70,001,07/19/2027 00:00:00,2449.951000,171496.570000,0.00,1,False
1868,07/20/2025 00:00:00,,00213,40,001,07/19/2027 00:00:00,876.990200,35079.608000,0.00,1,False
1869,07/20/2025 00:00:00,,00226,119,002,07/19/2027 00:00:00,388.279018,46205.203100,0.00,1,False
1870,07/20/2025 00:00:00,,00202,240,0001,07/19/2027 00:00:00,92.818387,22276.412800,0.00,1,False
1871,07/20/2025 00:00:00,,00184,180,0003,07/19/2027 00:00:00,343.146857,61766.434200,0.00,1,False
1872,07/20/2025 00:00:00,,00122,120,004,07/19/2027 00:00:00,548.871247,65864.549600,0.00,1,False
1873,07/20/2025 00:00:00,,00132,40,004,07/19/2027 00:00:00,2008.796500,80351.860000,0.00,1,False
1874,07/20/2025 00:00:00,,00230,20,005,07/19/2027 00:00:00,1066.947550,21338.951000,0.00,1,False
1875,07/20/2025 00:00:00,,00049,24,001,07/19/2027 00:00:00,887.396850,21297.524400,0.00,1,False
1876,07/20/2025 00:00:00,,00052,24,006,07/19/2027 00:00:00,1066.305140,25591.323360,0.00,1,False
1877,07/20/2025 00:00:00,,00178,100,005,07/19/2027 00:00:00,160.922990,16092.299000,0.00,1,False
1878,07/21/2025 00:00:00,,00078,100,001,07/20/2027 00:00:00,353.063250,35306.325000,0.00,1,False
1879,07/21/2025 00:00:00,,00086,502,004,07/20/2027 00:00:00,382.207857,191868.344460,0.00,1,False
1880,07/21/2025 00:00:00,,00026,1010,002,07/20/2027 00:00:00,71.609520,72325.615500,0.00,1,False
1881,07/22/2025 00:00:00,,00265,100,001,07/21/2027 00:00:00,63.564510,6356.451000,0.00,1,False
1882,07/22/2025 00:00:00,,00263,1500,001,07/21/2027 00:00:00,14.134886,21202.328500,0.00,1,False
1883,07/22/2025 00:00:00,,00258,8,001,07/21/2027 00:00:00,2553.612750,20428.902000,0.00,1,False
1884,07/22/2025 00:00:00,,00262,1500,001,07/21/2027 00:00:00,12.254883,18382.324000,0.00,1,False
1885,07/22/2025 00:00:00,,00231,30,005,07/21/2027 00:00:00,481.393460,14441.803800,0.00,1,False
1886,07/22/2025 00:00:00,,00016,70,002,07/21/2027 00:00:00,557.301500,39011.105000,0.00,1,False
1887,07/23/2025 00:00:00,,00220,300,005,07/22/2027 00:00:00,669.874390,200962.317000,0.00,1,False
1888,07/23/2025 00:00:00,,00231,50,004,07/22/2027 00:00:00,482.460210,24123.010500,0.00,1,False
1889,07/23/2025 00:00:00,,00016,15,005,07/22/2027 00:00:00,328.012250,4920.183750,0.00,1,False
1890,07/23/2025 00:00:00,,00262,300,001,07/22/2027 00:00:00,12.161480,3648.443900,0.00,1,False
1891,07/23/2025 00:00:00,,00233,1500,002,07/22/2027 00:00:00,22.507396,33761.094050,0.00,1,False
1892,07/23/2025 00:00:00,,00182,1050,002,07/22/2027 00:00:00,14.524713,15250.948700,0.00,1,False
1893,07/23/2025 00:00:00,,00190,120,004,07/22/2027 00:00:00,364.961027,43795.323200,0.00,1,False
1894,07/23/2025 00:00:00,,00248,1000,002,07/22/2027 00:00:00,40.184530,40184.530000,0.00,1,False
1895,07/23/2025 00:00:00,,00215,450,005,07/22/2027 00:00:00,46.699810,21014.914500,0.00,1,False
1896,07/23/2025 00:00:00,,00265,200,001,07/22/2027 00:00:00,41.500700,8300.140000,0.00,1,False
1897,07/26/2025 00:00:00,,00047,200,002,07/25/2027 00:00:00,993.336050,198667.210000,0.00,1,False
1898,07/26/2025 00:00:00,,00073,1198,0001,07/25/2027 00:00:00,395.957900,474357.564660,0.00,1,False
1899,07/26/2025 00:00:00,,00137,44,002,07/25/2027 00:00:00,2083.023000,91653.012000,0.00,1,False
1900,07/26/2025 00:00:00,,00125,10,001,07/25/2027 00:00:00,420.017500,4200.175000,0.00,1,False
1901,07/27/2025 00:00:00,,00022,5,005,07/26/2027 00:00:00,510.521750,2552.608750,0.00,1,False
1902,07/27/2025 00:00:00,,00231,70,0001,07/26/2027 00:00:00,478.345960,33484.217200,0.00,1,False
1903,07/27/2025 00:00:00,,00072,20,002,07/26/2027 00:00:00,770.251250,15405.025000,0.00,1,False
1904,07/27/2025 00:00:00,,00137,6,0003,07/26/2027 00:00:00,1981.256250,11887.537500,0.00,1,False
1905,07/29/2025 00:00:00,,00022,46,005,07/28/2027 00:00:00,499.430000,22973.780000,0.00,1,False
1906,07/29/2025 00:00:00,,00020,500,005,07/28/2027 00:00:00,44.190712,22095.355800,0.00,1,False
1907,07/29/2025 00:00:00,,00262,1500,005,07/28/2027 00:00:00,12.173155,18259.732000,0.00,1,False
1908,08/02/2025 00:00:00,,00220,702,0001,08/01/2027 00:00:00,166.373468,116794.174860,0.00,1,False
1909,08/02/2025 00:00:00,,00231,50,0001,08/01/2027 00:00:00,476.060210,23803.010500,0.00,1,False
1910,08/02/2025 00:00:00,,00076,75,0001,08/01/2027 00:00:00,843.444417,63258.331250,0.00,1,False
1911,08/02/2025 00:00:00,,00016,35,0005,08/01/2027 00:00:00,337.512250,11812.928750,0.00,1,False
1912,08/02/2025 00:00:00,,00209,75,0001,08/01/2027 00:00:00,285.165490,21387.411750,0.00,1,False
1913,08/02/2025 00:00:00,,00233,1500,0001,08/01/2027 00:00:00,23.596616,35394.923500,0.00,1,False
1914,08/02/2025 00:00:00,,00013,1100,0001,08/01/2027 00:00:00,44.686792,49155.471000,0.00,1,False
1915,08/02/2025 00:00:00,,00259,240,0001,08/01/2027 00:00:00,18.475119,4434.028480,0.00,1,False
1916,08/02/2025 00:00:00,,00201,300,0001,08/01/2027 00:00:00,34.574843,10372.452900,0.00,1,False
1917,08/02/2025 00:00:00,,00010,300,0003,08/01/2027 00:00:00,29.902309,8970.692800,0.00,1,False
1918,08/02/2025 00:00:00,,00158,50,0002,08/01/2027 00:00:00,399.512250,19975.612500,0.00,1,False
1919,08/03/2025 00:00:00,,00180,20,0001,10/28/2027 00:00:00,2085.584395,41711.687900,0.00,1,False
1920,08/03/2025 00:00:00,,00051,20,0003,10/28/2027 00:00:00,1302.518895,26050.377900,0.00,1,False
1921,08/03/2025 00:00:00,,00259,960,0001,10/28/2027 00:00:00,19.642768,18857.057000,0.00,1,False
1922,08/03/2025 00:00:00,,00266,36,0001,10/29/2027 00:00:00,879.285392,31654.274100,0.00,1,False
1923,08/03/2025 00:00:00,,00197,8,0001,10/29/2027 00:00:00,1335.435021,10683.480170,0.00,1,False
1924,08/03/2025 00:00:00,,00208,238,0001,10/29/2027 00:00:00,337.421867,80306.404420,0.00,1,False
1925,08/04/2025 00:00:00,,00262,600,0002,10/29/2027 00:00:00,18.118190,10870.914200,0.00,1,False
1926,08/05/2025 00:00:00,,00156,151,0001,11/02/2027 00:00:00,486.871555,73517.604800,0.00,1,False
1927,08/06/2025 00:00:00,,00264,189,0001,11/02/2027 00:00:00,440.476189,83249.999750,0.00,1,False
1928,08/07/2025 00:00:00,,00016,70,009,11/02/2027 00:00:00,585.385000,40976.950000,0.00,1,False
1929,08/07/2025 00:00:00,,00049,12,0008,11/02/2027 00:00:00,1168.383963,14020.607550,0.00,1,False
1930,08/07/2025 00:00:00,,00147,10,0001,11/02/2027 00:00:00,3993.572500,39935.725000,0.00,1,False
1931,08/08/2025 00:00:00,,00262,150,0001,11/02/2027 00:00:00,19.486946,2923.041930,0.00,1,False
1932,08/08/2025 00:00:00,,00010,200,0005,11/02/2027 00:00:00,35.026851,7005.370100,0.00,1,False
1933,08/08/2025 00:00:00,,00032,240,0005,11/02/2027 00:00:00,355.912445,85418.986800,0.00,1,False
1934,08/08/2025 00:00:00,,00049,12,0005,11/02/2027 00:00:00,1111.917725,13343.012700,0.00,1,False
1935,08/08/2025 00:00:00,,00182,300,0001,11/02/2027 00:00:00,43.086896,12926.068800,0.00,1,False
1936,08/10/2025 00:00:00,,00203,240,0004,11/02/2027 00:00:00,537.126875,128910.450000,0.00,1,False
1937,08/10/2025 00:00:00,,00145,80,0004,11/02/2027 00:00:00,1897.043945,151763.515600,0.00,1,False
1938,08/10/2025 00:00:00,,00206,119,0004,11/02/2027 00:00:00,754.607495,89798.291850,0.00,1,False
1939,08/10/2025 00:00:00,,00190,120,0004,11/02/2027 00:00:00,482.257569,57870.908250,0.00,1,False
1940,08/10/2025 00:00:00,,00131,32,0004,11/02/2027 00:00:00,1598.431377,51149.804050,0.00,1,False
1941,08/10/2025 00:00:00,,00204,120,0004,11/02/2027 00:00:00,379.131099,45495.731850,0.00,1,False
1942,08/10/2025 00:00:00,,00144,32,0004,11/02/2027 00:00:00,1089.826698,34874.454320,0.00,1,False
1943,08/10/2025 00:00:00,,00216,96,0004,11/02/2027 00:00:00,418.227715,40149.860630,0.00,1,False
1944,08/10/2025 00:00:00,,00129,76,0004,11/02/2027 00:00:00,1296.771350,98554.622600,0.00,1,False
1945,08/10/2025 00:00:00,,00202,119,0004,11/02/2027 00:00:00,439.039313,52245.678210,0.00,1,False
1946,08/10/2025 00:00:00,,00130,72,0004,11/02/2027 00:00:00,1419.635172,102213.732400,0.00,1,False
1947,08/10/2025 00:00:00,,00122,240,0004,11/02/2027 00:00:00,674.401282,161856.307720,0.00,1,False
1948,08/10/2025 00:00:00,,00205,180,0004,11/02/2027 00:00:00,526.713767,94808.478000,0.00,1,False
1949,08/10/2025 00:00:00,,00253,120,0004,11/02/2027 00:00:00,295.146677,35417.601200,0.00,1,False
1950,08/10/2025 00:00:00,,00213,40,0004,11/02/2027 00:00:00,1239.189150,49567.566000,0.00,1,False
1951,08/10/2025 00:00:00,,00147,50,0004,11/02/2027 00:00:00,4571.703643,228585.182160,0.00,1,False
1952,08/11/2025 00:00:00,,00197,20,0001,11/02/2027 00:00:00,1302.414750,26048.295000,0.00,1,False
1953,08/11/2025 00:00:00,,00050,12,0001,11/02/2027 00:00:00,244.406697,2932.880360,0.00,1,False
1954,08/12/2025 00:00:00,,00268,120,0001,11/02/2027 00:00:00,354.591231,42550.947750,0.00,1,False
1955,08/12/2025 00:00:00,,00191,5,0001,11/02/2027 00:00:00,1143.017980,5715.089900,0.00,1,False
1956,08/12/2025 00:00:00,,00267,88,0001,11/02/2027 00:00:00,122.642855,10792.571200,0.00,1,False
1957,08/12/2025 00:00:00,,00177,4,0001,11/02/2027 00:00:00,1093.428200,4373.712800,0.00,1,False
1958,08/12/2025 00:00:00,,00245,21,0001,11/02/2025 00:00:00,1836.434357,38565.121500,0.00,1,False
1959,08/12/2025 00:00:00,,00246,5,0001,11/02/2027 00:00:00,3051.485000,15257.425000,0.00,1,False
1960,08/13/2025 00:00:00,,00269,12,0001,11/02/2027 00:00:00,1175.707833,14108.494000,0.00,1,False
1961,08/13/2025 00:00:00,,00272,12,0001,11/02/2027 00:00:00,997.320467,11967.845600,0.00,1,False
1962,08/13/2025 00:00:00,,00198,12,0001,11/02/2027 00:00:00,1103.867683,13246.412200,0.00,1,False
1963,08/13/2025 00:00:00,,00271,20,0001,11/02/2027 00:00:00,974.295250,19485.905000,0.00,1,False
1964,08/13/2025 00:00:00,,00270,4,0001,11/02/2027 00:00:00,975.845100,3903.380400,0.00,1,False
1965,08/13/2025 00:00:00,,00084,8,0001,11/02/2027 00:00:00,2401.613359,19212.906870,0.00,1,False
1966,08/13/2025 00:00:00,,00223,4,0001,11/02/2027 00:00:00,1800.508900,7202.035600,0.00,1,False
1967,08/13/2025 00:00:00,,00199,76,0002,11/02/2027 00:00:00,340.983639,25914.756600,0.00,1,False
1968,08/13/2025 00:00:00,,00247,8,0001,11/02/2027 00:00:00,1414.264450,11314.115600,0.00,1,False
1969,08/16/2025 00:00:00,,00212,101,0004,11/07/2027 00:00:00,1484.384217,149922.805900,0.00,1,False
1970,08/16/2025 00:00:00,,00231,20,0004,11/07/2027 00:00:00,498.860210,9977.204200,0.00,1,False
1971,08/16/2025 00:00:00,,00040,20,0003,11/07/2027 00:00:00,1860.432175,37208.643500,0.00,1,False
1972,08/16/2025 00:00:00,,00258,40,0004,11/07/2027 00:00:00,536.436500,21457.460000,0.00,1,False
1973,08/17/2025 00:00:00,,00053,200,0003,11/09/2027 00:00:00,753.529450,150705.890000,0.00,1,False
1974,08/17/2025 00:00:00,,00040,34,0005,11/09/2027 00:00:00,2010.340353,68351.572000,0.00,1,False
1975,08/17/2025 00:00:00,,00144,100,0003,11/09/2027 00:00:00,824.280300,82428.030000,0.00,1,False
1976,08/17/2025 00:00:00,,00051,20,0003,11/09/2027 00:00:00,1279.807200,25596.144000,0.00,1,False
1977,08/18/2025 00:00:00,,00156,643,0004,11/09/2027 00:00:00,836.694344,537994.463500,0.00,1,False
1978,08/18/2025 00:00:00,,00212,20,0005,11/09/2027 00:00:00,1450.920500,29018.410000,0.00,1,False
1979,08/18/2025 00:00:00,,00258,20,0004,11/09/2027 00:00:00,513.936500,10278.730000,0.00,1,False
1980,08/18/2025 00:00:00,,00013,464,0004,11/09/2027 00:00:00,29.261803,13577.476730,0.00,1,False
1981,08/18/2025 00:00:00,,00259,960,0003,11/09/2027 00:00:00,17.978157,17259.031070,0.00,1,False
1982,08/19/2025 00:00:00,,00231,88,0009,11/09/2027 00:00:00,610.023627,53682.079210,0.00,1,False
1983,08/19/2025 00:00:00,,00038,20,0004,11/09/2027 00:00:00,807.500000,16150.000000,0.00,1,False
1984,08/19/2025 00:00:00,,00020,500,0009,11/09/2027 00:00:00,48.197281,24098.640400,0.00,1,False
1985,08/19/2025 00:00:00,,00215,250,0001,11/09/2027 00:00:00,58.320000,14580.000000,0.00,1,False
1986,08/19/2025 00:00:00,,00032,120,0005,11/09/2027 00:00:00,308.163067,36979.568000,0.00,1,False
1987,08/19/2025 00:00:00,,00010,1000,0003,11/09/2027 00:00:00,25.230988,25230.987900,0.00,1,False
1988,08/19/2025 00:00:00,,00182,1200,0003,11/09/2027 00:00:00,27.652611,33183.133600,0.00,1,False
1989,08/19/2025 00:00:00,,00013,1000,0002,11/09/2027 00:00:00,32.374872,32374.872200,0.00,1,False
1990,08/19/2025 00:00:00,,00145,20,0004,11/09/2027 00:00:00,1414.657800,28293.156000,0.00,1,False
1991,08/21/2025 00:00:00,,00040,16,0005,11/09/2027 00:00:00,821.100175,13137.602800,0.00,1,False
1992,08/21/2025 00:00:00,,00016,30,012,11/09/2027 00:00:00,902.554250,27076.627500,0.00,1,False
1993,08/23/2025 00:00:00,,00022,100,0012,11/12/2027 00:00:00,647.562500,64756.250000,0.00,1,False
1994,08/24/2025 00:00:00,,00032,84,0006,11/12/2027 00:00:00,329.356519,27665.947600,0.00,1,False
1995,08/24/2025 00:00:00,,00010,500,0006,11/12/2027 00:00:00,28.069790,14034.895000,0.00,1,False
1996,08/24/2025 00:00:00,,00046,8,0005,11/12/2027 00:00:00,1257.460800,10059.686400,0.00,1,False
1997,08/24/2025 00:00:00,,00052,4,0005,11/12/2027 00:00:00,1767.799225,7071.196900,0.00,1,False
1998,08/24/2025 00:00:00,,00019,30,0004,11/12/2027 00:00:00,594.666583,17839.997500,0.00,1,False
1999,08/24/2025 00:00:00,,00212,20,0009,11/12/2027 00:00:00,1292.308750,25846.175000,0.00,1,False
2000,08/24/2025 00:00:00,,00265,100,0005,11/12/2027 00:00:00,39.705850,3970.585000,0.00,1,False
2001,08/24/2025 00:00:00,,00040,15,0008,11/12/2027 00:00:00,729.593487,10943.902300,0.00,1,False
2002,08/24/2025 00:00:00,,00125,10,0004,11/12/2027 00:00:00,737.646250,7376.462500,0.00,1,False
2003,08/24/2025 00:00:00,,00016,20,0015,11/12/2027 00:00:00,558.012250,11160.245000,0.00,1,False
2004,08/25/2025 00:00:00,,00262,600,0011,11/17/2027 00:00:00,13.935156,8361.093400,0.00,1,False
2005,08/25/2025 00:00:00,,00020,300,0011,11/17/2027 00:00:00,51.970855,15591.256400,0.00,1,False
2006,08/25/2025 00:00:00,,00022,20,0011,11/17/2027 00:00:00,643.343000,12866.860000,0.00,1,False
2007,08/25/2025 00:00:00,,00220,15,0004,11/17/2027 00:00:00,373.333250,5599.998750,0.00,1,False
2008,08/25/2025 00:00:00,,00016,110,0013,11/17/2027 00:00:00,422.296500,46452.615000,0.00,1,False
2009,08/25/2025 00:00:00,,00152,97,0005,11/17/2027 00:00:00,165.337348,16037.722750,0.00,1,False
2010,08/25/2025 00:00:00,,00050,60,0007,11/17/2027 00:00:00,397.278077,23836.684600,0.00,1,False
2011,08/25/2025 00:00:00,,00151,60,0004,11/17/2027 00:00:00,293.711440,17622.686400,0.00,1,False
2012,08/25/2025 00:00:00,,00263,750,0008,11/17/2027 00:00:00,12.778700,9584.025250,0.00,1,False
2013,08/25/2025 00:00:00,,00258,20,0008,11/17/2027 00:00:00,361.341750,7226.835000,0.00,1,False
2014,08/25/2025 00:00:00,,00182,2100,0005,11/17/2027 00:00:00,32.520402,68292.843400,0.00,1,False
2015,08/25/2025 00:00:00,,00142,39,0008,11/17/2027 00:00:00,1554.812286,60637.679160,0.00,1,False
2016,08/25/2025 00:00:00,,00032,96,0012,11/17/2027 00:00:00,311.454733,29899.654400,0.00,1,False
2017,08/25/2025 00:00:00,,00049,20,0012,11/17/2027 00:00:00,968.544500,19370.890000,0.00,1,False
2018,08/25/2025 00:00:00,,00086,240,0004,11/17/2027 00:00:00,416.053066,99852.735790,0.00,1,False
2019,08/26/2025 00:00:00,,00252,120,0001,11/17/2027 00:00:00,251.826630,30219.195600,0.00,1,False
2020,08/26/2025 00:00:00,,00051,20,0007,11/17/2027 00:00:00,1278.151750,25563.035000,0.00,1,False
2021,08/26/2025 00:00:00,,00049,20,0012,11/17/2027 00:00:00,958.944500,19178.890000,0.00,1,False
2022,08/26/2025 00:00:00,,00266,20,0001,11/17/2027 00:00:00,1148.955450,22979.109000,0.00,1,False
2023,08/26/2025 00:00:00,,00179,20,0001,11/17/2027 00:00:00,1733.750300,34675.006000,0.00,1,False
2024,08/26/2025 00:00:00,,00267,68,0001,11/17/2027 00:00:00,756.622359,51450.320400,0.00,1,False
2025,08/27/2025 00:00:00,,00047,200,0006,11/17/2027 00:00:00,1571.360086,314272.017250,0.00,1,False
2026,08/27/2025 00:00:00,,00150,104,0004,11/17/2027 00:00:00,1277.471947,132857.082500,0.00,1,False
2027,08/27/2025 00:00:00,,00048,150,0003,11/17/2027 00:00:00,324.195280,48629.292000,0.00,1,False
2028,08/30/2025 00:00:00,,00125,25,0004,11/17/2027 00:00:00,717.646250,17941.156250,0.00,1,False
2029,08/30/2025 00:00:00,,00156,21,0004,11/17/2027 00:00:00,2345.238095,49250.000000,0.00,1,False
2030,08/30/2025 00:00:00,,00231,5,0005,11/17/2027 00:00:00,580.000000,2900.000000,0.00,1,False
2031,08/30/2025 00:00:00,,00016,1,0008,11/17/2027 00:00:00,395.012250,395.012250,0.00,1,False
2032,08/30/2025 00:00:00,,00022,1,0008,11/17/2027 00:00:00,621.250000,621.250000,0.00,1,False
2033,08/31/2025 00:00:00,,00208,168,0003,11/19/2027 00:00:00,288.522101,48471.713040,0.00,1,False
2034,09/01/2025 00:00:00,,00078,189,0006,11/27/2027 00:00:00,498.168000,94153.752000,0.00,1,False
2035,09/01/2025 00:00:00,,00026,1000,0006,11/27/2027 00:00:00,43.456830,43456.830000,0.00,1,False
2036,09/01/2025 00:00:00,,00028,100,0006,11/27/2027 00:00:00,1086.420750,108642.075000,0.00,1,False
2037,09/01/2025 00:00:00,,00280,20,0001,11/27/2027 00:00:00,1612.089793,32241.795850,0.00,1,False
2038,09/01/2025 00:00:00,,00277,60,0001,11/27/2027 00:00:00,247.668460,14860.107600,0.00,1,False
2039,09/01/2025 00:00:00,,00276,20,0001,11/27/2027 00:00:00,1028.313443,20566.268850,0.00,1,False
2040,09/01/2025 00:00:00,,00275,60,0001,11/27/2027 00:00:00,322.559660,19353.579600,0.00,1,False
2041,09/01/2025 00:00:00,,00274,20,0001,11/27/2027 00:00:00,965.269443,19305.388850,0.00,1,False
2042,09/01/2025 00:00:00,,00279,84,0001,11/27/2027 00:00:00,399.368721,33546.972600,0.00,1,False
2043,09/01/2025 00:00:00,,00278,20,0001,11/27/2027 00:00:00,1348.654578,26973.091560,0.00,1,False
2044,09/01/2025 00:00:00,,00281,20,0001,11/27/2027 00:00:00,1044.379107,20887.582130,0.00,1,False
2045,09/01/2025 00:00:00,,00282,120,0001,11/27/2027 00:00:00,402.486210,48298.345200,0.00,1,False
2046,09/01/2025 00:00:00,,00273,40,0001,11/27/2027 00:00:00,1830.500000,73220.000000,0.00,1,False
2047,09/02/2025 00:00:00,,00218,1008,0001,12/01/2027 00:00:00,67.385401,67924.484480,0.00,1,False
2048,09/02/2025 00:00:00,,00225,40,0001,12/01/2027 00:00:00,870.207538,34808.301500,0.00,1,False
2049,09/02/2025 00:00:00,,00016,13,0012,12/01/2027 00:00:00,474.040250,6162.523250,0.00,1,False
2050,09/02/2025 00:00:00,,00231,15,0008,12/01/2027 00:00:00,613.333250,9199.998750,0.00,1,False
2051,09/03/2025 00:00:00,,00131,95,0003,12/01/2028 00:00:00,909.871213,86437.765250,0.00,1,False
2052,09/03/2025 00:00:00,,00135,112,0003,12/01/2028 00:00:00,1129.604160,126515.665900,0.00,1,False
2053,09/03/2025 00:00:00,,00136,20,0001,12/01/2028 00:00:00,884.103243,17682.064850,0.00,1,False
2054,09/03/2025 00:00:00,,00049,44,0009,12/01/2028 00:00:00,776.205092,34153.024040,0.00,1,False
2055,09/03/2025 00:00:00,,00032,238,0009,12/01/2028 00:00:00,304.491776,72469.042680,0.00,1,False
2056,09/03/2025 00:00:00,,00010,1500,0009,12/01/2028 00:00:00,24.079054,36118.580600,0.00,1,False
2057,09/03/2025 00:00:00,,00233,400,0004,12/01/2028 00:00:00,16.430343,6572.137100,0.00,1,False
2058,09/03/2025 00:00:00,,00215,125,0001,12/01/2028 00:00:00,55.042603,6880.325350,0.00,1,False
2059,09/03/2025 00:00:00,,00263,1200,0001,12/01/2028 00:00:00,12.685702,15222.842850,0.00,1,False
2060,09/03/2025 00:00:00,,00182,1498,0001,12/01/2028 00:00:00,19.988030,29942.068900,0.00,1,False
2061,09/03/2025 00:00:00,,00231,229,0009,12/01/2028 00:00:00,590.393045,135200.007250,0.00,1,False
2062,09/03/2025 00:00:00,,00072,20,0003,12/01/2028 00:00:00,306.313043,6126.260850,0.00,1,False
2063,09/04/2025 00:00:00,,00125,99,0004,12/01/2028 00:00:00,657.106263,65053.520000,0.00,1,False
2064,09/04/2025 00:00:00,,00133,12,0001,12/01/2028 00:00:00,1769.270993,21231.251910,0.00,1,False
2065,09/04/2025 00:00:00,,00262,714,0005,12/01/2028 00:00:00,14.729889,10517.140400,0.00,1,False
2066,09/07/2025 00:00:00,,00156,1448,0004,12/01/2027 00:00:00,594.475233,860800.138000,0.00,1,False
2067,09/07/2025 00:00:00,,00019,30,0008,12/01/2027 00:00:00,609.333250,18279.997500,0.00,1,False
2068,09/09/2025 00:00:00,,00019,803,0007,12/01/2027 00:00:00,579.153266,465060.072250,0.00,1,False
2069,09/09/2025 00:00:00,,00032,504,0011,12/01/2027 00:00:00,299.860521,151129.702800,0.00,1,False
2070,09/09/2025 00:00:00,,00049,80,0011,12/01/2027 00:00:00,714.005893,57120.471400,0.00,1,False
2071,09/09/2025 00:00:00,,00155,2188,0002,12/01/2027 00:00:00,17.704471,38737.383000,0.00,1,False
2072,09/09/2025 00:00:00,,00154,2100,0003,12/01/2027 00:00:00,25.178911,52875.713000,0.00,1,False
2073,09/09/2025 00:00:00,,00233,2400,0003,12/01/2027 00:00:00,22.979351,55150.441200,0.00,1,False
2074,09/09/2025 00:00:00,,00016,40,0012,12/01/2027 00:00:00,452.972750,18118.910000,0.00,1,False
2075,09/10/2025 00:00:00,,00198,12,0001,12/01/2027 00:00:00,1021.258393,12255.100710,0.00,1,False
2076,09/10/2025 00:00:00,,00116,12,0001,12/01/2027 00:00:00,743.931100,8927.173200,0.00,1,False
2077,09/10/2025 00:00:00,,00246,5,0001,12/01/2027 00:00:00,1872.735000,9363.675000,0.00,1,False
2078,09/10/2025 00:00:00,,00180,40,0004,12/01/2027 00:00:00,473.040500,18921.620000,0.00,1,False
2079,09/10/2025 00:00:00,,00072,20,0005,12/01/2028 00:00:00,261.341900,5226.838000,0.00,1,False
2080,09/10/2025 00:00:00,,00052,48,0009,12/01/2027 00:00:00,1147.317857,55071.257140,0.00,1,False
2081,09/10/2025 00:00:00,,00245,51,0003,12/01/2027 00:00:00,2237.012118,114087.618000,0.00,1,False
2082,09/10/2025 00:00:00,,00137,40,0011,12/01/2027 00:00:00,3861.459500,154458.380000,0.00,1,False
2083,09/11/2025 00:00:00,,00187,12,0001,12/01/2027 00:00:00,1427.491970,17129.903640,0.00,1,False
2084,09/11/2025 00:00:00,,00091,12,0001,12/01/2027 00:00:00,1182.504788,14190.057460,0.00,1,False
2085,09/11/2025 00:00:00,,00010,1500,0006,12/01/2027 00:00:00,23.718750,35578.124500,0.00,1,False
2086,09/11/2025 00:00:00,,00032,288,0006,12/01/2027 00:00:00,303.907811,87525.449600,0.00,1,False
2087,09/11/2025 00:00:00,,00049,12,0006,12/01/2027 00:00:00,810.578403,9726.940840,0.00,1,False
2089,09/11/2025 00:00:00,,00022,10,0012,12/01/2027 00:00:00,777.194000,7771.940000,0.00,1,False
2090,09/11/2025 00:00:00,,00020,975,0012,12/01/2027 00:00:00,44.125618,43022.477800,0.00,1,False
2091,09/11/2025 00:00:00,,00008,1500,0004,12/01/2027 00:00:00,25.049451,37574.176400,0.00,1,False
2092,09/11/2025 00:00:00,,00038,15,0008,12/01/2027 00:00:00,777.647167,11664.707500,0.00,1,False
2093,09/13/2025 00:00:00,,00016,94,0011,12/01/2027 00:00:00,480.369011,45154.687000,0.00,1,False
2094,09/13/2025 00:00:00,,00223,20,0002,12/01/2027 00:00:00,1339.174840,26783.496800,0.00,1,False
2095,09/07/2025 00:00:00,,00201,200,0001,12/01/2027 00:00:00,23.354003,4670.800600,0.00,1,False
2096,09/14/2025 00:00:00,,00016,49,0012,12/09/2027 00:00:00,558.124500,27348.100500,0.00,1,False
2097,09/14/2025 00:00:00,,00142,40,0004,12/09/2027 00:00:00,1687.289338,67491.573520,0.00,1,False
2098,09/14/2025 00:00:00,,00215,500,0005,12/09/2027 00:00:00,50.547460,25273.730000,0.00,1,False
2099,09/14/2025 00:00:00,,00248,500,0004,12/09/2027 00:00:00,42.389756,21194.878000,0.00,1,False
2100,09/14/2025 00:00:00,,00022,15,0012,12/09/2027 00:00:00,652.916750,9793.751250,0.00,1,False
2101,09/15/2025 00:00:00,,00265,1200,0006,12/09/2027 00:00:00,50.250932,60301.118000,0.00,1,False
2102,09/15/2025 00:00:00,,00258,14,0006,12/09/2027 00:00:00,517.246250,7241.447500,0.00,1,False
2103,09/15/2025 00:00:00,,00231,100,0009,12/09/2027 00:00:00,536.710500,53671.050000,0.00,1,False
2104,09/15/2025 00:00:00,,00248,425,0009,12/09/2027 00:00:00,44.906976,19085.464820,0.00,1,False
2105,09/15/2025 00:00:00,,00022,5,0012,12/09/2027 00:00:00,678.250000,3391.250000,0.00,1,False
2106,09/15/2025 00:00:00,,00144,20,0006,12/09/2027 00:00:00,729.886740,14597.734800,0.00,1,False
2107,09/15/2025 00:00:00,,00267,24,0003,12/09/2027 00:00:00,718.683157,17248.395760,0.00,1,False
2108,09/16/2025 00:00:00,,00160,50,0004,12/09/2027 00:00:00,858.526000,42926.300000,0.00,1,False
2109,09/16/2025 00:00:00,,00283,588,0001,12/09/2027 00:00:00,941.959049,553871.920660,0.00,1,False
2110,09/17/2025 00:00:00,,00187,20,0003,12/09/2027 00:00:00,1041.653140,20833.062800,0.00,1,False
2111,09/17/2025 00:00:00,,00022,60,0012,12/09/2027 00:00:00,652.916750,39175.005000,0.00,1,False
2112,09/17/2025 00:00:00,,00215,125,0002,12/09/2027 00:00:00,48.202638,6025.329800,0.00,1,False
2113,09/17/2025 00:00:00,,00263,750,0006,12/09/2027 00:00:00,14.765343,11074.007100,0.00,1,False
2114,09/17/2025 00:00:00,,00258,67,0006,12/09/2027 00:00:00,622.782500,41726.427500,0.00,1,False
2115,09/17/2025 00:00:00,,00208,360,0003,12/09/2027 00:00:00,282.143168,101571.540600,0.00,1,False
2116,09/18/2025 00:00:00,,00147,40,0009,12/10/2027 00:00:00,3399.557275,135982.291000,0.00,1,False
2117,09/18/2025 00:00:00,,00265,100,0006,12/10/2027 00:00:00,52.246858,5224.685800,0.00,1,False
2118,09/18/2025 00:00:00,,00258,20,0006,12/10/2027 00:00:00,508.589000,10171.780000,0.00,1,False
2119,09/18/2025 00:00:00,,00212,36,0008,12/10/2027 00:00:00,1252.828944,45101.842000,0.00,1,False
2120,09/18/2025 00:00:00,,00182,600,0004,12/10/2027 00:00:00,42.552650,25531.590000,0.00,1,False
2121,09/18/2025 00:00:00,,00215,100,0003,12/10/2027 00:00:00,50.203298,5020.329800,0.00,1,False
2122,09/18/2025 00:00:00,,00220,245,0004,12/10/2027 00:00:00,523.353000,128221.485000,0.00,1,False
2123,09/18/2025 00:00:00,,00022,98,0012,12/10/2027 00:00:00,633.928694,62125.012000,0.00,1,False
2124,09/18/2025 00:00:00,,00019,251,0005,12/10/2027 00:00:00,590.533987,148224.030750,0.00,1,False
2125,09/18/2025 00:00:00,,00278,40,0001,12/10/2027 00:00:00,1265.467240,50618.689600,0.00,1,False
2126,09/18/2025 00:00:00,,00280,52,0001,12/10/2027 00:00:00,1343.556078,69864.916080,0.00,1,False
2127,09/18/2025 00:00:00,,00281,20,0001,12/10/2027 00:00:00,620.555190,12411.103800,0.00,1,False
2128,09/20/2025 00:00:00,,00019,50,0004,12/10/2027 00:00:00,600.000000,30000.000000,0.00,1,False
2129,09/20/2025 00:00:00,,00038,46,0007,12/10/2027 00:00:00,696.087043,32020.004000,0.00,1,False
2130,09/20/2025 00:00:00,,00016,40,0012,12/10/2027 00:00:00,532.516250,21300.650000,0.00,1,False
2131,09/20/2025 00:00:00,,00258,20,0006,12/10/2027 00:00:00,560.830500,11216.610000,0.00,1,False
2132,09/20/2025 00:00:00,,00040,10,0004,12/10/2027 00:00:00,2504.801088,25048.010880,0.00,1,False
2133,09/20/2025 00:00:00,,00267,8,0001,12/10/2027 00:00:00,587.500000,4700.000000,0.00,1,False
2134,09/21/2025 00:00:00,,00284,362,0001,12/10/2027 00:00:00,614.917206,222600.028500,0.00,1,False
2135,09/21/2025 00:00:00,,00022,100,0012,12/10/2027 00:00:00,721.250000,72125.000000,0.00,1,False
2136,09/21/2025 00:00:00,,00076,125,0002,12/10/2027 00:00:00,970.616750,121327.093750,0.00,1,False
2137,09/21/2025 00:00:00,,00024,120,0004,12/10/2027 00:00:00,269.555205,32346.624600,0.00,1,False
2138,09/21/2025 00:00:00,,00252,120,0001,12/10/2027 00:00:00,293.734296,35248.115460,0.00,1,False
2139,09/22/2025 00:00:00,,00284,200,0001,12/10/2027 00:00:00,355.000000,71000.000000,0.00,1,False
2140,09/22/2025 00:00:00,,00248,250,0005,12/10/2027 00:00:00,41.027168,10256.792100,0.00,1,False
2141,09/22/2025 00:00:00,,00032,12,0008,12/10/2027 00:00:00,295.111910,3541.342920,0.00,1,False
2142,09/22/2025 00:00:00,,00010,200,0008,12/10/2027 00:00:00,20.642521,4128.504200,0.00,1,False
2143,09/22/2025 00:00:00,,00039,255,0004,12/10/2027 00:00:00,224.985211,57371.228900,0.00,1,False
2144,09/22/2025 00:00:00,,00016,88,0012,12/10/2027 00:00:00,612.828318,53928.892000,0.00,1,False
2145,09/23/2025 00:00:00,,00276,40,0001,12/16/2027 00:00:00,1160.390438,46415.617520,0.00,1,False
2146,09/23/2025 00:00:00,,00285,120,0001,12/16/2027 00:00:00,216.422868,25970.744200,0.00,1,False
2147,09/23/2025 00:00:00,,00077,300,0003,12/16/2027 00:00:00,353.796559,106138.967800,0.00,1,False
2148,09/23/2025 00:00:00,,00195,50,0002,12/16/2027 00:00:00,799.400000,39970.000000,0.00,1,False
2150,09/23/2025 00:00:00,,00194,24,0002,12/16/2027 00:00:00,950.101917,22802.446000,0.00,1,False
2151,09/23/2025 00:00:00,,00228,25,0002,12/16/2027 00:00:00,2712.995750,67824.893750,0.00,1,False
2152,09/24/2025 00:00:00,,00225,80,0002,12/16/2027 00:00:00,682.398661,54591.892880,0.00,1,False
2153,09/24/2025 00:00:00,,00147,6,0008,12/16/2027 00:00:00,4547.776450,27286.658700,0.00,1,False
2154,09/25/2025 00:00:00,,00055,60,0004,12/17/2027 00:00:00,270.926843,16255.610600,0.00,1,False
2155,09/25/2025 00:00:00,,00212,20,0006,12/17/2027 00:00:00,1276.151000,25523.020000,0.00,1,False
2156,09/25/2025 00:00:00,,00265,300,0007,12/17/2027 00:00:00,50.854850,15256.455000,0.00,1,False
2157,09/25/2025 00:00:00,,00248,250,0004,12/17/2027 00:00:00,42.304530,10576.132500,0.00,1,False
2158,09/25/2025 00:00:00,,00233,2500,0006,12/17/2027 00:00:00,22.389578,55973.946100,0.00,1,False
2159,09/25/2025 00:00:00,,00008,1000,0004,12/17/2027 00:00:00,24.525568,24525.568200,0.00,1,False
2160,09/25/2025 00:00:00,,00010,1500,0004,12/17/2027 00:00:00,23.696276,35544.414500,0.00,1,False
2161,09/26/2025 00:00:00,,00220,803,0004,12/17/2027 00:00:00,621.118904,498758.480250,0.00,1,False
2162,09/26/2025 00:00:00,,00022,400,0013,12/17/2027 00:00:00,540.136250,216054.500000,0.00,1,False
2163,09/26/2025 00:00:00,,00212,50,0006,12/17/2027 00:00:00,1122.699250,56134.962500,0.00,1,False
2164,09/26/2025 00:00:00,,00199,17,0004,12/17/2027 00:00:00,3282.689400,55805.719800,0.00,1,False
2165,09/27/2025 00:00:00,,00072,12,0003,12/17/2027 00:00:00,780.011267,9360.135200,0.00,1,False
2166,09/27/2025 00:00:00,,00064,60,0003,12/17/2027 00:00:00,278.856177,16731.370640,0.00,1,False
2167,09/27/2025 00:00:00,,00091,24,0003,12/17/2027 00:00:00,882.780917,21186.742000,0.00,1,False
2168,09/27/2025 00:00:00,,00055,60,0003,12/17/2027 00:00:00,267.626843,16057.610600,0.00,1,False
2169,09/27/2025 00:00:00,,00116,20,0003,12/17/2027 00:00:00,1218.630500,24372.610000,0.00,1,False
2170,09/27/2025 00:00:00,,00223,8,0001,12/17/2027 00:00:00,1204.192700,9633.541600,0.00,1,False
2171,09/27/2025 00:00:00,,00052,44,008,12/17/2027 00:00:00,564.526195,24839.152600,0.00,1,False
2172,09/27/2025 00:00:00,,00266,20,0003,12/17/2027 00:00:00,267.467550,5349.351000,0.00,1,False
2173,09/28/2025 00:00:00,,00213,100,0011,12/17/2027 00:00:00,672.839150,67283.915000,0.00,1,False
2174,09/28/2025 00:00:00,,00268,119,0002,12/17/2027 00:00:00,46.162108,5493.290800,0.00,1,False
2175,09/28/2025 00:00:00,,00016,25,0014,12/17/2027 00:00:00,553.625000,13840.625000,0.00,1,False
2176,09/28/2025 00:00:00,,00267,36,0001,12/17/2027 00:00:00,702.222239,25280.000600,0.00,1,False
2177,09/29/2025 00:00:00,,00016,134,0014,12/17/2027 00:00:00,589.179157,78950.007000,0.00,1,False
2178,09/29/2025 00:00:00,,00032,120,0008,12/17/2027 00:00:00,310.276830,37233.219600,0.00,1,False
2179,09/29/2025 00:00:00,,00049,20,0008,12/17/2027 00:00:00,683.784150,13675.683000,0.00,1,False
2180,09/23/2025 00:00:00,,00192,72,0002,12/17/2027 00:00:00,893.639578,64342.049600,0.00,1,False
2181,09/30/2025 00:00:00,,00127,1000,0004,12/18/2027 00:00:00,57.266000,57266.000000,0.00,1,False
2182,09/30/2025 00:00:00,,00032,60,0008,12/18/2027 00:00:00,310.767130,18646.027800,0.00,1,False
2183,09/30/2025 00:00:00,,00040,4,0008,12/18/2027 00:00:00,672.353000,2689.412000,0.00,1,False
2184,09/30/2025 00:00:00,,00039,45,0008,12/18/2027 00:00:00,148.794120,6695.735400,0.00,1,False
2185,09/30/2025 00:00:00,,00286,48,0001,12/18/2027 00:00:00,11343.330350,544479.856800,0.00,1,False
2186,09/30/2025 00:00:00,,00231,10,0012,12/18/2027 00:00:00,505.000000,5050.000000,0.00,1,False
2187,09/30/2025 00:00:00,,00220,20,0006,12/18/2027 00:00:00,617.900000,12358.000000,0.00,1,False
2188,10/01/2025 00:00:00,,00233,500,0004,12/25/2027 00:00:00,22.210243,11105.121500,0.00,1,False
2189,10/01/2025 00:00:00,,00182,300,0001,12/25/2027 00:00:00,14.253253,4275.975900,0.00,1,False
2190,10/01/2025 00:00:00,,00010,300,0006,12/25/2027 00:00:00,25.829931,7748.979400,0.00,1,False
2191,10/01/2025 00:00:00,,00032,24,0006,12/25/2027 00:00:00,314.767130,7554.411120,0.00,1,False
2192,10/01/2025 00:00:00,,00223,20,0001,12/25/2027 00:00:00,1171.413600,23428.272000,0.00,1,False
2193,10/01/2025 00:00:00,,00090,12,0003,12/25/2027 00:00:00,1022.577950,12270.935400,0.00,1,False
2194,10/01/2025 00:00:00,,00287,20,0001,12/25/2027 00:00:00,741.680900,14833.618000,0.00,1,False
2195,10/04/2025 00:00:00,,00028,88,0006,12/25/2027 00:00:00,1112.118000,97866.384000,0.00,1,False
2196,10/04/2025 00:00:00,,00016,120,0014,12/25/2027 00:00:00,946.994333,113639.320000,0.00,1,False
2197,10/04/2025 00:00:00,,00039,16,0001,12/25/2027 00:00:00,160.356620,2565.705920,0.00,1,False
2198,10/05/2025 00:00:00,,00264,204,0003,01/03/2027 00:00:00,452.659959,92342.631600,0.00,1,False
2199,10/05/2025 00:00:00,,00016,220,0014,01/03/2027 00:00:00,599.925136,131983.530000,0.00,1,False
2200,10/05/2025 00:00:00,,00231,201,0012,01/03/2027 00:00:00,517.399590,103997.317500,0.00,1,False
2201,10/05/2025 00:00:00,,00248,1000,0012,01/03/2027 00:00:00,44.493683,44493.683000,0.00,1,False
2202,10/07/2025 00:00:00,,00157,100,0008,01/03/2027 00:00:00,502.013488,50201.348800,0.00,1,False
2203,10/07/2025 00:00:00,,00210,48,0005,01/03/2027 00:00:00,597.511667,28680.560000,0.00,1,False
2204,10/08/2025 00:00:00,,00022,291,0014,01/03/2027 00:00:00,495.532647,144200.000250,0.00,1,False
2205,10/08/2025 00:00:00,,00212,100,0004,01/04/2027 00:00:00,1337.333000,133733.300000,0.00,1,False
2206,10/08/2025 00:00:00,,00039,615,0008,01/04/2027 00:00:00,178.876089,110008.794850,0.00,1,False
2207,10/08/2025 00:00:00,,00265,800,0006,01/04/2027 00:00:00,49.460630,39568.504000,0.00,1,False
2208,10/08/2025 00:00:00,,00233,1000,0006,01/04/2027 00:00:00,22.210243,22210.243000,0.00,1,False
2209,10/08/2025 00:00:00,,00008,1000,0005,01/04/2027 00:00:00,22.868479,22868.479000,0.00,1,False
2210,10/08/2025 00:00:00,,00010,500,0005,01/04/2027 00:00:00,22.659956,11329.978000,0.00,1,False
2211,10/08/2025 00:00:00,,00182,900,0004,01/04/2027 00:00:00,22.237086,20013.377500,0.00,1,False
2212,10/09/2025 00:00:00,,00231,100,008,01/05/2027 00:00:00,526.000000,52600.000000,0.00,1,False
2213,10/09/2025 00:00:00,,00147,73,0011,01/05/2027 00:00:00,3901.850364,284835.076600,0.00,1,False
2214,10/09/2025 00:00:00,,00047,200,0011,01/05/2027 00:00:00,1588.656179,317731.235800,0.00,1,False
2215,10/11/2025 00:00:00,,00231,234,0012,01/05/2027 00:00:00,519.776585,121627.721000,0.00,1,False
2216,10/11/2025 00:00:00,,00248,1000,0012,01/05/2027 00:00:00,43.058106,43058.105800,0.00,1,False
2217,10/11/2025 00:00:00,,00022,220,0014,01/05/2027 00:00:00,623.939386,137266.665000,0.00,1,False
2218,10/11/2025 00:00:00,,00145,100,0006,01/05/2027 00:00:00,1281.633712,128163.371200,0.00,1,False
2219,10/11/2025 00:00:00,,00216,180,0006,01/05/2027 00:00:00,394.826480,71068.766400,0.00,1,False
2220,10/11/2025 00:00:00,,00129,92,0006,01/05/2027 00:00:00,599.664340,55169.119300,0.00,1,False
2221,10/12/2025 00:00:00,,00274,52,0001,01/05/2027 00:00:00,1734.061952,90171.221500,0.00,1,False
2222,10/12/2025 00:00:00,,00278,40,0001,01/05/2027 00:00:00,1068.962185,42758.487400,0.00,1,False
2223,10/12/2025 00:00:00,,00016,144,0015,01/05/2027 00:00:00,585.368083,84293.004000,0.00,1,False
2224,10/12/2025 00:00:00,,00202,120,0004,01/05/2027 00:00:00,371.925833,44631.100000,0.00,1,False
2225,10/12/2025 00:00:00,,00130,68,0004,01/05/2027 00:00:00,1081.615966,73549.885720,0.00,1,False
2226,10/12/2025 00:00:00,,00144,64,0004,01/05/2027 00:00:00,851.201822,54476.916580,0.00,1,False
2227,10/12/2025 00:00:00,,00131,68,0008,01/05/2027 00:00:00,850.392035,57826.658380,0.00,1,False
2228,10/12/2025 00:00:00,,00253,120,0004,01/05/2027 00:00:00,319.887533,38386.504000,0.00,1,False
2229,10/12/2025 00:00:00,,00116,20,0002,01/05/2027 00:00:00,1000.139635,20002.792700,0.00,1,False
2230,10/12/2025 00:00:00,,00133,28,0002,01/05/2027 00:00:00,1799.922104,50397.818920,0.00,1,False
2231,10/12/2025 00:00:00,,00212,100,0006,01/05/2027 00:00:00,1334.555500,133455.550000,0.00,1,False
2232,10/12/2025 00:00:00,,00265,700,0003,01/05/2027 00:00:00,51.551856,36086.298900,0.00,1,False
2233,10/12/2025 00:00:00,,00258,70,0003,01/05/2027 00:00:00,987.099464,69096.962500,0.00,1,False
2234,10/12/2025 00:00:00,,00125,20,0004,01/05/2027 00:00:00,691.109500,13822.190000,0.00,1,False
2235,10/13/2025 00:00:00,,00266,44,0003,01/05/2027 00:00:00,910.811825,40075.720280,0.00,1,False
2236,10/13/2025 00:00:00,,00052,56,0008,01/05/2027 00:00:00,1022.125891,57239.049900,0.00,1,False
2237,10/13/2025 00:00:00,,00223,20,0001,01/05/2027 00:00:00,903.661585,18073.231700,0.00,1,False
2238,10/13/2025 00:00:00,,00072,20,0006,01/05/2027 00:00:00,482.143385,9642.867700,0.00,1,False
2239,10/13/2025 00:00:00,,00049,20,0009,01/05/2027 00:00:00,686.864035,13737.280700,0.00,1,False
2240,10/13/2025 00:00:00,,00211,64,0001,01/05/2027 00:00:00,844.725935,54062.459840,0.00,1,False
2241,10/13/2025 00:00:00,,00180,20,0001,01/05/2027 00:00:00,1094.502262,21890.045240,0.00,1,False
2242,10/13/2025 00:00:00,,00213,100,0006,01/05/2027 00:00:00,1184.521811,118452.181120,0.00,1,False
2243,10/14/2025 00:00:00,,00209,50,0004,01/05/2027 00:00:00,647.485000,32374.250000,0.00,1,False
2244,10/14/2025 00:00:00,,00041,20,0003,01/05/2027 00:00:00,936.165000,18723.300000,0.00,1,False
2245,10/14/2025 00:00:00,,00046,8,0003,01/05/2027 00:00:00,1063.376435,8507.011480,0.00,1,False
2246,10/14/2025 00:00:00,,00119,8,0001,01/05/2027 00:00:00,1247.333935,9978.671480,0.00,1,False
2247,10/14/2025 00:00:00,,00091,8,0001,01/05/2027 00:00:00,871.814085,6974.512680,0.00,1,False
2248,10/14/2025 00:00:00,,00084,8,0001,01/05/2027 00:00:00,756.839385,6054.715080,0.00,1,False
2249,10/14/2025 00:00:00,,00288,100,0001,01/05/2027 00:00:00,1432.541611,143254.161120,0.00,1,False
2250,10/15/2025 00:00:00,,00158,100,0004,01/05/2027 00:00:00,607.194000,60719.400000,0.00,1,False
2251,10/15/2025 00:00:00,,00073,660,0008,01/05/2027 00:00:00,463.833994,306130.436000,0.00,1,False
2252,10/16/2025 00:00:00,,00197,20,0001,01/05/2027 00:00:00,1102.555835,22051.116700,0.00,1,False
2253,10/16/2025 00:00:00,,00285,225,0001,01/05/2027 00:00:00,212.997957,47924.540250,0.00,1,False
2254,10/16/2025 00:00:00,,00091,12,0001,01/05/2027 00:00:00,847.540342,10170.484100,0.00,1,False
2255,10/16/2025 00:00:00,,00090,12,0004,01/05/2027 00:00:00,1606.060275,19272.723300,0.00,1,False
2256,10/16/2025 00:00:00,,00187,20,0002,01/05/2027 00:00:00,1403.742450,28074.849000,0.00,1,False
2257,10/16/2025 00:00:00,,00049,24,0008,01/05/2027 00:00:00,771.607983,18518.591600,0.00,1,False
2258,10/18/2025 00:00:00,,00141,991,0005,01/17/2027 00:00:00,58.755843,58227.040580,0.00,1,False
2259,10/18/2025 00:00:00,,00142,16,0005,01/17/2027 00:00:00,1203.611413,19257.782600,0.00,1,False
2260,10/18/2025 00:00:00,,00016,30,0014,01/17/2027 00:00:00,552.683750,16580.512500,0.00,1,False
2261,10/18/2025 00:00:00,,00258,40,0006,01/17/2027 00:00:00,492.609500,19704.380000,0.00,1,False
2262,10/19/2025 00:00:00,,00129,31,0003,01/17/2027 00:00:00,2571.916118,79729.399650,0.00,1,False
2263,10/19/2025 00:00:00,,00132,40,0003,01/17/2027 00:00:00,1834.394550,73375.782000,0.00,1,False
2264,10/19/2025 00:00:00,,00210,64,0003,01/17/2027 00:00:00,1039.728700,66542.636800,0.00,1,False
2265,10/19/2025 00:00:00,,00053,168,0003,01/17/2027 00:00:00,764.269529,128397.280800,0.00,1,False
2266,10/19/2025 00:00:00,,00184,240,0003,01/17/2027 00:00:00,311.472953,74753.508800,0.00,1,False
2267,10/20/2025 00:00:00,,00231,50,0009,01/18/2027 00:00:00,525.142750,26257.137500,0.00,1,False
2268,10/20/2025 00:00:00,,00248,500,0009,01/18/2027 00:00:00,42.138421,21069.210600,0.00,1,False
2269,10/20/2025 00:00:00,,00220,50,0003,01/18/2027 00:00:00,536.967500,26848.375000,0.00,1,False
2270,10/20/2025 00:00:00,,00215,500,0004,01/18/2027 00:00:00,52.352380,26176.190000,0.00,1,False
2271,10/21/2025 00:00:00,,00038,20,0007,01/18/2027 00:00:00,663.142750,13262.855000,0.00,1,False
2272,10/21/2025 00:00:00,,00265,300,0006,01/18/2027 00:00:00,51.721047,15516.314000,0.00,1,False
2273,10/21/2025 00:00:00,,00258,10,0006,01/18/2027 00:00:00,492.609500,4926.095000,0.00,1,False
2274,10/22/2025 00:00:00,,00084,40,0003,01/18/2027 00:00:00,899.905850,35996.234000,0.00,1,False
2275,10/22/2025 00:00:00,,00238,44,0003,01/18/2027 00:00:00,794.487664,34957.457200,0.00,1,False
2276,10/22/2025 00:00:00,,00289,20,0001,01/18/2027 00:00:00,3024.736750,60494.735000,0.00,1,False
2277,10/23/2025 00:00:00,,00016,205,0014,01/18/2027 00:00:00,531.946311,109048.993750,0.00,1,False
2278,10/23/2025 00:00:00,,00292,100,0001,01/19/2027 00:00:00,756.028050,75602.805000,0.00,1,False
2279,10/23/2025 00:00:00,,00039,103,0005,01/19/2027 00:00:00,221.776460,22842.975340,0.00,1,False
2280,10/23/2025 00:00:00,,00265,1000,0006,01/19/2027 00:00:00,52.304080,52304.080000,0.00,1,False
2281,10/23/2025 00:00:00,,00258,25,0006,01/19/2027 00:00:00,535.577000,13389.425000,0.00,1,False
2282,10/23/2025 00:00:00,,00263,300,0006,01/19/2027 00:00:00,13.345641,4003.692400,0.00,1,False
2283,10/23/2025 00:00:00,,00215,750,0004,01/19/2027 00:00:00,48.152380,36114.285000,0.00,1,False
2284,10/23/2025 00:00:00,,00233,900,0004,01/19/2027 00:00:00,19.717584,17745.825500,0.00,1,False
2285,10/23/2025 00:00:00,,00020,100,0012,01/19/2027 00:00:00,62.161900,6216.190000,0.00,1,False
2286,10/23/2025 00:00:00,,00022,40,0012,01/19/2027 00:00:00,609.047500,24361.900000,0.00,1,False
2287,10/23/2025 00:00:00,,00008,300,0002,01/19/2027 00:00:00,22.111699,6633.509700,0.00,1,False
2288,10/23/2025 00:00:00,,00013,800,0003,01/19/2027 00:00:00,30.391679,24313.343200,0.00,1,False
2289,10/23/2025 00:00:00,,00032,180,0004,01/20/2027 00:00:00,295.365940,53165.869200,0.00,1,False
2290,10/25/2025 00:00:00,,00258,50,0008,01/20/2027 00:00:00,590.909500,29545.475000,0.00,1,False
2291,10/25/2025 00:00:00,,00231,60,0004,01/20/2027 00:00:00,483.850000,29031.000000,0.00,1,False
2292,10/25/2025 00:00:00,,00215,500,0004,01/20/2027 00:00:00,49.472380,24736.190000,0.00,1,False
2293,10/26/2025 00:00:00,,00077,252,0001,01/20/2027 00:00:00,284.342983,71654.431680,0.00,1,False
2294,10/26/2025 00:00:00,,00197,20,0003,01/20/2027 00:00:00,1021.744250,20434.885000,0.00,1,False
2295,10/26/2025 00:00:00,,00019,5,0004,01/20/2027 00:00:00,780.000000,3900.000000,0.00,1,False
2296,10/26/2025 00:00:00,,00142,100,0005,01/20/2027 00:00:00,1516.637000,151663.700000,0.00,1,False
2297,10/26/2025 00:00:00,,00032,120,0004,01/20/2027 00:00:00,305.906523,36708.782800,0.00,1,False
2298,10/26/2025 00:00:00,,00049,40,0004,01/20/2027 00:00:00,745.515950,29820.638000,0.00,1,False
2299,10/26/2025 00:00:00,,00051,12,0003,01/20/2027 00:00:00,1045.851800,12550.221600,0.00,1,False
2300,10/27/2025 00:00:00,,00218,1404,0003,01/20/2027 00:00:00,48.753682,68450.168960,0.00,1,False
2301,10/28/2025 00:00:00,,00049,8,0005,01/21/2027 00:00:00,797.615950,6380.927600,0.00,1,False
2302,10/29/2025 00:00:00,,00156,1270,0003,01/21/2027 00:00:00,701.417313,890799.987500,0.00,1,False
2303,10/29/2025 00:00:00,,00266,24,0004,01/21/2027 00:00:00,834.927033,20038.248800,0.00,1,False
2304,10/29/2025 00:00:00,,00049,72,0005,01/21/2027 00:00:00,699.227061,50344.348400,0.00,1,False
2305,10/29/2025 00:00:00,,00032,360,0005,01/21/2027 00:00:00,304.389857,109580.348400,0.00,1,False
2306,10/29/2025 00:00:00,,00295,40,0001,01/21/2027 00:00:00,1097.913050,43916.522000,0.00,1,False
2307,10/29/2025 00:00:00,,00138,32,0003,01/21/2027 00:00:00,896.271000,28680.672000,0.00,1,False
2308,10/29/2025 00:00:00,,00228,50,0003,01/21/2027 00:00:00,2401.184250,120059.212500,0.00,1,False
2309,10/29/2025 00:00:00,,00287,12,0001,01/21/2027 00:00:00,730.788767,8769.465200,0.00,1,False
2310,10/29/2025 00:00:00,,00194,40,0003,01/21/2027 00:00:00,899.745900,35989.836000,0.00,1,False
2311,10/29/2025 00:00:00,,00294,20,0001,01/21/2027 00:00:00,789.083750,15781.675000,0.00,1,False
2312,10/29/2025 00:00:00,,00291,24,0001,01/21/2027 00:00:00,1028.355433,24680.530400,0.00,1,False
2313,10/29/2025 00:00:00,,00188,24,0003,01/21/2027 00:00:00,971.811167,23323.468000,0.00,1,False
2314,10/29/2025 00:00:00,,00090,24,0003,01/21/2027 00:00:00,932.274333,22374.584000,0.00,1,False
2315,10/29/2025 00:00:00,,00091,16,0004,01/21/2027 00:00:00,884.258450,14148.135200,0.00,1,False
2316,10/29/2025 00:00:00,,00187,20,0003,01/21/2027 00:00:00,1432.204300,28644.086000,0.00,1,False
2317,10/29/2025 00:00:00,,00052,12,0003,01/20/2027 00:00:00,1263.875400,15166.504800,0.00,1,False
2318,10/29/2025 00:00:00,,00051,12,0003,01/21/2027 00:00:00,1098.768450,13185.221400,0.00,1,False
2319,10/30/2025 00:00:00,,00022,20,0014,01/21/2027 00:00:00,627.809500,12556.190000,0.00,1,False
2320,10/30/2025 00:00:00,,00265,125,0009,01/21/2027 00:00:00,55.068730,6883.591250,0.00,1,False
2321,10/30/2025 00:00:00,,00258,30,0009,01/21/2027 00:00:00,1573.518250,47205.547500,0.00,1,False
2322,10/30/2025 00:00:00,,00212,25,0004,01/21/2027 00:00:00,1186.201250,29655.031250,0.00,1,False
2323,10/30/2025 00:00:00,,00257,300,0001,01/21/2027 00:00:00,26.036731,7811.019300,0.00,1,False
2324,10/30/2025 00:00:00,,00201,468,0004,01/21/2027 00:00:00,27.547716,12892.331030,0.00,1,False
2325,10/30/2025 00:00:00,,00019,50,0005,01/21/2027 00:00:00,730.000000,36500.000000,0.00,1,False
2326,10/30/2025 00:00:00,,00040,16,0004,01/21/2027 00:00:00,967.094675,15473.514800,0.00,1,False
2327,11/02/2025 00:00:00,,00159,500,0003,02/02/2027 00:00:00,55.041590,27520.795000,0.00,1,False
2328,11/02/2025 00:00:00,,00161,500,0003,02/02/2027 00:00:00,57.400440,28700.220000,0.00,1,False
2329,11/02/2025 00:00:00,,00095,50,0003,02/02/2027 00:00:00,2735.097500,136754.875000,0.00,1,False
2330,11/02/2025 00:00:00,,00297,120,0001,02/02/2027 00:00:00,310.933843,37312.061200,0.00,1,False
2331,11/02/2025 00:00:00,,00274,40,0003,02/02/2027 00:00:00,1735.892700,69435.708000,0.00,1,False
2332,11/02/2025 00:00:00,,00278,40,0003,02/02/2027 00:00:00,916.557850,36662.314000,0.00,1,False
2333,11/02/2025 00:00:00,,00276,20,0002,02/02/2027 00:00:00,962.275150,19245.503000,0.00,1,False
2334,11/02/2025 00:00:00,,00281,20,0002,02/02/2027 00:00:00,970.634550,19412.691000,0.00,1,False
2335,11/03/2025 00:00:00,,00296,52,0001,02/03/2027 00:00:00,685.000000,35620.000000,0.00,1,False
2336,11/03/2025 00:00:00,,00264,50,0001,02/05/2027 00:00:00,738.000000,36900.000000,0.00,1,False
2337,11/04/2025 00:00:00,,00264,101,0001,02/05/2027 00:00:00,739.108817,74649.990500,0.00,1,False
2338,11/04/2025 00:00:00,,00019,118,0004,02/05/2027 00:00:00,641.101682,75649.998500,0.00,1,False
2339,11/04/2025 00:00:00,,00220,248,0001,02/11/2027 00:00:00,464.542806,115206.616000,0.00,1,False
2340,11/04/2025 00:00:00,,00263,865,0001,02/11/2027 00:00:00,14.316056,12383.388430,0.00,1,False
2341,11/04/2025 00:00:00,,00215,19,0001,02/11/2027 00:00:00,38.952380,740.095220,0.00,1,False
2342,11/04/2025 00:00:00,,00257,1500,0001,02/11/2027 00:00:00,24.686945,37030.417500,0.00,1,False
2343,11/05/2025 00:00:00,,00265,875,0003,02/11/2027 00:00:00,51.581506,45133.817500,0.00,1,False
2344,11/05/2025 00:00:00,,00258,40,0003,02/11/2027 00:00:00,1618.680500,64747.220000,0.00,1,False
2345,11/05/2025 00:00:00,,00248,250,0009,02/11/2027 00:00:00,41.378210,10344.552500,0.00,1,False
2346,11/05/2025 00:00:00,,00231,90,0009,02/11/2027 00:00:00,513.842000,46245.780000,0.00,1,False
2347,11/05/2025 00:00:00,,00022,5,0014,02/11/2027 00:00:00,609.047500,3045.237500,0.00,1,False
2348,11/05/2025 00:00:00,,00038,5,004,02/11/2027 00:00:00,545.833250,2729.166250,0.00,1,False
2349,11/05/2025 00:00:00,,00246,5,0001,02/11/2027 00:00:00,2143.408750,10717.043750,0.00,1,False
2350,11/05/2025 00:00:00,,00049,40,0006,02/11/2027 00:00:00,752.467750,30098.710000,0.00,1,False
2351,11/05/2025 00:00:00,,00051,40,0001,02/11/2027 00:00:00,1085.262200,43410.488000,0.00,1,False
2352,11/06/2025 00:00:00,,00138,36,0001,02/11/2027 00:00:00,857.999744,30887.990800,0.00,1,False
2353,11/06/2025 00:00:00,,00188,36,0001,02/11/2027 00:00:00,1121.202717,40363.297800,0.00,1,False
2354,11/06/2025 00:00:00,,00287,36,0001,02/11/2027 00:00:00,722.601200,26013.643200,0.00,1,False
2355,11/06/2025 00:00:00,,00294,36,0001,02/11/2027 00:00:00,812.751739,29259.062600,0.00,1,False
2356,11/06/2025 00:00:00,,00194,20,0001,02/11/2027 00:00:00,879.812850,17596.257000,0.00,1,False
2357,11/06/2025 00:00:00,,00295,16,0001,02/11/2027 00:00:00,972.186750,15554.988000,0.00,1,False
2358,11/06/2025 00:00:00,,00298,20,0001,02/11/2027 00:00:00,737.053450,14741.069000,0.00,1,False
2359,11/08/2025 00:00:00,,00077,240,0001,02/11/2027 00:00:00,244.857327,58765.758400,0.00,1,False
2360,11/08/2025 00:00:00,,00264,1,0001,02/11/2027 00:00:00,680.000000,680.000000,0.00,1,False
2361,11/08/2025 00:00:00,,00299,24,0001,02/11/2027 00:00:00,1733.629990,41607.119760,0.00,1,False
2362,11/09/2025 00:00:00,,00231,20,0004,02/11/2027 00:00:00,505.000000,10100.000000,0.00,1,False
2363,11/09/2025 00:00:00,,00139,20,0001,02/11/2027 00:00:00,737.413750,14748.275000,0.00,1,False
2364,11/09/2025 00:00:00,,00300,20,0001,02/11/2027 00:00:00,688.691740,13773.834800,0.00,1,False
2365,11/09/2025 00:00:00,,00221,16,0001,02/11/2027 00:00:00,705.467750,11287.484000,0.00,1,False
2366,11/10/2025 00:00:00,,00147,50,0004,02/11/2027 00:00:00,3810.454442,190522.722110,0.00,1,False
2367,11/10/2025 00:00:00,,00137,50,0004,02/11/2027 00:00:00,3936.285500,196814.275000,0.00,1,False
2368,11/10/2025 00:00:00,,00180,44,0001,02/11/2027 00:00:00,1024.577173,45081.395600,0.00,1,False
2369,11/10/2025 00:00:00,,00266,16,0001,02/11/2027 00:00:00,785.879800,12574.076800,0.00,1,False
2370,11/10/2025 00:00:00,,00072,20,0001,02/11/2027 00:00:00,734.081800,14681.636000,0.00,1,False
2371,11/10/2025 00:00:00,,00294,32,0001,02/11/2027 00:00:00,807.612850,25843.611200,0.00,1,False
2372,11/10/2025 00:00:00,,00291,32,0001,02/11/2027 00:00:00,866.551200,27729.638400,0.00,1,False
2373,11/11/2025 00:00:00,,00022,100,0014,02/11/2027 00:00:00,517.822000,51782.200000,0.00,1,False
2374,11/11/2025 00:00:00,,00159,1544,0001,02/11/2027 00:00:00,55.549982,85769.172240,0.00,1,False
2375,11/12/2025 00:00:00,,00220,70,0001,02/11/2027 00:00:00,369.142750,25839.992500,0.00,1,False
2376,11/12/2025 00:00:00,,00008,400,0001,02/11/2027 00:00:00,23.606296,9442.518400,0.00,1,False
2377,11/12/2025 00:00:00,,00265,500,0001,02/11/2027 00:00:00,52.438690,26219.345000,0.00,1,False
2378,11/12/2025 00:00:00,,00248,500,0001,02/11/2027 00:00:00,42.960401,21480.200600,0.00,1,False
2379,11/12/2025 00:00:00,,00231,6,0001,02/11/2027 00:00:00,537.692250,3226.153500,0.00,1,False
2380,11/12/2025 00:00:00,,00215,500,0001,02/11/2027 00:00:00,49.320000,24660.000000,0.00,1,False
2381,11/12/2025 00:00:00,,00032,120,0001,02/11/2027 00:00:00,297.593550,35711.226000,0.00,1,False
2382,11/12/2025 00:00:00,,00182,1500,0001,02/11/2027 00:00:00,18.533314,27799.971000,0.00,1,False
2383,11/12/2025 00:00:00,,00274,40,0001,02/11/2027 00:00:00,2369.765050,94790.602000,0.00,1,False
2384,11/12/2025 00:00:00,,00208,132,0001,02/11/2027 00:00:00,253.236979,33427.281240,0.00,1,False
2385,11/12/2025 00:00:00,,00022,197,0014,02/11/2027 00:00:00,499.238480,98349.980500,0.00,1,False
2386,11/13/2025 00:00:00,,00073,1800,0001,02/11/2027 00:00:00,405.162559,729292.606000,0.00,1,False
2387,11/15/2025 00:00:00,,00047,200,0004,02/11/2027 00:00:00,1021.283400,204256.680000,0.00,1,False
2388,11/15/2025 00:00:00,,00048,450,0001,02/11/2027 00:00:00,235.289120,105880.104000,0.00,1,False
2389,11/15/2025 00:00:00,,00292,104,0001,02/12/2027 00:00:00,1002.423112,104252.003600,0.00,1,False
2390,11/15/2025 00:00:00,,00170,4,0001,02/12/2027 00:00:00,1010.038025,4040.152100,0.00,1,False
2391,11/15/2025 00:00:00,,00247,4,0001,02/12/2027 00:00:00,1175.804800,4703.219200,0.00,1,False
2392,11/15/2025 00:00:00,,00051,4,0001,02/12/2027 00:00:00,927.470100,3709.880400,0.00,1,False
2393,11/15/2025 00:00:00,,00223,4,0001,02/12/2027 00:00:00,1189.973300,4759.893200,0.00,1,False
2394,11/16/2025 00:00:00,,00301,60,0001,02/12/2027 00:00:00,948.115017,56886.901000,0.00,1,False
2395,11/16/2025 00:00:00,,00040,44,0003,02/12/2027 00:00:00,1700.842955,74837.090000,0.00,1,False
2396,11/17/2025 00:00:00,,00142,110,0003,02/12/2027 00:00:00,1444.719200,158919.112000,0.00,1,False
2397,11/17/2025 00:00:00,,00125,20,0001,02/12/2027 00:00:00,733.503164,14670.063280,0.00,1,False
2398,11/18/2025 00:00:00,,00279,120,0001,02/12/2027 00:00:00,327.049250,39245.910000,0.00,1,False
2399,11/18/2025 00:00:00,,00278,20,0001,02/12/2027 00:00:00,1249.746250,24994.925000,0.00,1,False
2400,11/18/2025 00:00:00,,00281,20,0001,02/12/2027 00:00:00,1062.984650,21259.693000,0.00,1,False
2401,11/18/2025 00:00:00,,00051,48,0003,02/12/2027 00:00:00,1021.017067,49008.819200,0.00,1,False
2402,11/18/2025 00:00:00,,00050,12,0003,02/13/2027 00:00:00,360.445080,4325.340960,0.00,1,False
2403,11/18/2025 00:00:00,,00086,408,0003,02/13/2027 00:00:00,374.751000,152898.408000,0.00,1,False
2404,11/18/2025 00:00:00,,00038,50,0005,02/13/2027 00:00:00,556.035914,27801.795700,0.00,1,False
2405,11/18/2025 00:00:00,,00084,20,0001,02/13/2027 00:00:00,532.132100,10642.642000,0.00,1,False
2406,11/18/2025 00:00:00,,00091,20,0001,02/13/2027 00:00:00,837.368100,16747.362000,0.00,1,False
2407,11/18/2025 00:00:00,,00145,40,0004,02/13/2027 00:00:00,1397.417850,55896.714000,0.00,1,False
2408,11/18/2025 00:00:00,,00129,80,0004,02/13/2027 00:00:00,1077.671950,86213.756000,0.00,1,False
2409,11/18/2025 00:00:00,,00131,40,0004,02/13/2027 00:00:00,958.192800,38327.712000,0.00,1,False
2410,11/18/2025 00:00:00,,00144,40,0004,02/13/2027 00:00:00,549.247050,21969.882000,0.00,1,False
2411,11/18/2025 00:00:00,,00116,40,0001,02/13/2027 00:00:00,992.880100,39715.204000,0.00,1,False
2412,11/18/2025 00:00:00,,00122,60,0001,02/13/2027 00:00:00,456.708250,27402.495000,0.00,1,False
2413,11/18/2025 00:00:00,,00191,10,0001,02/13/2027 00:00:00,826.130088,8261.300880,0.00,1,False
2414,11/19/2025 00:00:00,,00020,400,0014,02/13/2027 00:00:00,53.450000,21380.000000,0.00,1,False
2415,11/19/2025 00:00:00,,00024,120,0003,02/13/2027 00:00:00,280.229017,33627.482000,0.00,1,False
2416,11/19/2025 00:00:00,,00212,86,0003,02/13/2027 00:00:00,1769.251879,152155.661600,0.00,1,False
2417,11/19/2025 00:00:00,,00182,3976,0001,02/13/2027 00:00:00,15.139761,60195.688000,0.00,1,False
2418,11/22/2025 00:00:00,,00231,200,0005,02/13/2027 00:00:00,513.500000,102700.000000,0.00,1,False
2419,11/23/2025 00:00:00,,00016,222,0008,02/13/2027 00:00:00,542.634142,120464.779500,0.00,1,False
2420,11/23/2025 00:00:00,,00022,303,0014,02/13/2027 00:00:00,625.587323,189552.959000,0.00,1,False
2421,11/23/2025 00:00:00,,00020,500,0014,02/13/2027 00:00:00,50.534120,25267.060000,0.00,1,False
2422,11/23/2025 00:00:00,,00231,300,0008,02/13/2027 00:00:00,510.666750,153200.025000,0.00,1,False
2423,11/23/2025 00:00:00,,00010,1000,0004,02/13/2027 00:00:00,21.097252,21097.251500,0.00,1,False
2424,11/23/2025 00:00:00,,00233,1000,0004,02/13/2027 00:00:00,22.591034,22591.033500,0.00,1,False
2425,11/23/2025 00:00:00,,00163,40,0001,02/13/2027 00:00:00,1173.986450,46959.458000,0.00,1,False
2426,11/24/2025 00:00:00,,00156,1205,0003,02/13/2027 00:00:00,523.294635,630570.035000,0.00,1,False
2427,11/25/2025 00:00:00,,00182,3150,0001,02/15/2027 00:00:00,13.912859,43825.506100,0.00,1,False
2428,11/25/2025 00:00:00,,00215,275,0001,02/15/2027 00:00:00,104.265455,28673.000000,0.00,1,False
2429,11/25/2025 00:00:00,,00220,61,0001,02/17/2027 00:00:00,472.950750,28849.995750,0.00,1,False
2430,11/25/2025 00:00:00,,00016,70,0006,02/17/2027 00:00:00,682.154000,47750.780000,0.00,1,False
2431,11/26/2025 00:00:00,,00032,180,0006,02/17/2027 00:00:00,304.760217,54856.839000,0.00,1,False
2432,11/26/2025 00:00:00,,00010,200,0006,02/17/2027 00:00:00,22.003818,4400.763600,0.00,1,False
2433,11/26/2025 00:00:00,,00039,834,0001,02/17/2027 00:00:00,164.674585,137338.604100,0.00,1,False
2434,11/27/2025 00:00:00,,00181,999,0001,02/17/2027 00:00:00,22.136421,22114.285000,0.00,1,False
2435,11/27/2025 00:00:00,,00016,53,0006,02/17/2027 00:00:00,529.251250,28050.316250,0.00,1,False
2436,11/29/2025 00:00:00,,00138,8,0001,02/18/2027 00:00:00,938.426200,7507.409600,0.00,1,False
2437,11/29/2025 00:00:00,,00129,104,0003,02/18/2027 00:00:00,862.038450,89651.998800,0.00,1,False
2438,11/30/2025 00:00:00,,00130,48,0001,02/18/2027 00:00:00,1134.731500,54467.112000,0.00,1,False
2439,11/30/2025 00:00:00,,00145,40,0001,02/18/2027 00:00:00,1249.482600,49979.304000,0.00,1,False
2440,11/30/2025 00:00:00,,00144,40,0001,02/18/2027 00:00:00,360.238000,14409.520000,0.00,1,False
2441,11/30/2025 00:00:00,,00122,180,0001,02/18/2027 00:00:00,477.705980,85987.076400,0.00,1,False
2442,11/30/2025 00:00:00,,00276,20,0001,02/18/2027 00:00:00,945.608450,18912.169000,0.00,1,False
2443,11/30/2025 00:00:00,,00274,20,0001,02/18/2027 00:00:00,1672.675000,33453.500000,0.00,1,False
2444,11/30/2025 00:00:00,,00278,20,0001,02/18/2027 00:00:00,1132.200800,22644.016000,0.00,1,False
2445,11/30/2025 00:00:00,,00209,30,0001,02/18/2027 00:00:00,642.608490,19278.254700,0.00,1,False
2446,11/30/2025 00:00:00,,00052,40,0004,02/18/2027 00:00:00,995.654400,39826.176000,0.00,1,False
2447,11/30/2025 00:00:00,,00247,40,0001,02/18/2027 00:00:00,727.912500,29116.500000,0.00,1,False
2448,11/30/2025 00:00:00,,00131,104,0001,02/18/2027 00:00:00,656.326815,68257.988800,0.00,1,False
2449,11/30/2025 00:00:00,,00248,75,0001,02/18/2027 00:00:00,32.704530,2452.839750,0.00,1,False
2450,11/30/2025 00:00:00,,00182,34,0001,02/18/2027 00:00:00,9.894153,336.401200,0.00,1,False
2451,11/01/2025 00:00:00,,00019,552,0001,02/18/2027 00:00:00,588.550659,324879.964000,0.00,1,False
2452,11/01/2025 00:00:00,,00028,112,0001,02/18/2027 00:00:00,1673.302000,187409.824000,0.00,1,False
2453,11/01/2025 00:00:00,,00078,110,0001,02/18/2027 00:00:00,456.938750,50263.262500,0.00,1,False
2454,12/01/2025 00:00:00,,00273,19,0001,02/26/2027 00:00:00,429.947500,8169.002500,0.00,1,False
2455,12/01/2025 00:00:00,,00147,70,0001,02/26/2027 00:00:00,4544.327750,318102.942500,0.00,1,False
2456,12/01/2025 00:00:00,,00302,51,0001,03/09/2027 00:00:00,335.270533,17098.797200,0.00,1,False
2457,12/01/2025 00:00:00,,00284,50,0001,03/09/2027 00:00:00,626.400000,31320.000000,0.00,1,False
2458,12/02/2025 00:00:00,,00127,1508,0001,03/09/2027 00:00:00,75.128400,113293.627000,0.00,1,False
2459,12/02/2025 00:00:00,,00037,20,0001,03/09/2027 00:00:00,1069.854664,21397.093280,0.00,1,False
2460,12/02/2025 00:00:00,,00284,20,0001,03/09/2027 00:00:00,680.000000,13600.000000,0.00,1,False
2461,12/02/2025 00:00:00,,00022,10,0014,03/09/2027 00:00:00,639.000000,6390.000000,0.00,1,False
2462,12/02/2025 00:00:00,,00032,60,006,03/09/2027 00:00:00,302.938290,18176.297400,0.00,1,False
2463,12/02/2025 00:00:00,,00010,500,006,03/09/2027 00:00:00,22.150412,11075.206100,0.00,1,False
2464,12/02/2025 00:00:00,,00039,75,0001,03/09/2027 00:00:00,142.499997,10687.499750,0.00,1,False
2465,12/03/2025 00:00:00,,00219,100,0001,03/09/2027 00:00:00,807.238827,80723.882700,0.00,1,False
2466,12/03/2025 00:00:00,,00299,100,0001,03/09/2027 00:00:00,1451.350827,145135.082700,0.00,1,False
2467,12/03/2025 00:00:00,,00016,50,0008,03/09/2027 00:00:00,562.750000,28137.500000,0.00,1,False
2468,12/04/2025 00:00:00,,00139,39,0001,03/09/2027 00:00:00,703.530003,27437.670100,0.00,1,False
2469,12/04/2025 00:00:00,,00284,50,0001,03/09/2027 00:00:00,620.000000,31000.000000,0.00,1,False
2470,12/05/2025 00:00:00,,00026,1000,0006,03/09/2027 00:00:00,56.238600,56238.600000,0.00,1,False
2471,12/05/2025 00:00:00,,00028,100,0006,03/09/2027 00:00:00,1405.965000,140596.500000,0.00,1,False
2472,12/05/2025 00:00:00,,00078,100,0006,03/09/2027 00:00:00,475.000000,47500.000000,0.00,1,False
2473,12/06/2025 00:00:00,,00095,50,0001,03/09/2027 00:00:00,1964.000000,98200.000000,0.00,1,False
2474,12/06/2025 00:00:00,,00220,10,0001,03/09/2027 00:00:00,508.245740,5082.457400,0.00,1,False
2475,12/06/2025 00:00:00,,00125,5,0001,03/09/2027 00:00:00,694.304240,3471.521200,0.00,1,False
2476,12/06/2025 00:00:00,,00052,20,0003,03/09/2027 00:00:00,1029.976100,20599.522000,0.00,1,False
2477,12/06/2025 00:00:00,,00261,8,0001,03/09/2027 00:00:00,1070.500000,8564.000000,0.00,1,False
2478,12/10/2025 00:00:00,,00040,20,0001,03/09/2027 00:00:00,1315.785914,26315.718280,0.00,1,False
2479,12/11/2025 00:00:00,,00126,525,0001,03/09/2027 00:00:00,61.750976,32419.262500,0.00,1,False
2480,12/11/2025 00:00:00,,00304,1000,0001,03/09/2027 00:00:00,79.945580,79945.580000,0.00,1,False
2481,12/14/2025 00:00:00,,00247,60,0001,03/09/2027 00:00:00,807.666667,48460.000000,0.00,1,False
2482,12/14/2025 00:00:00,,00220,60,0001,03/09/2027 00:00:00,456.774990,27406.499400,0.00,1,False
2483,12/14/2025 00:00:00,,00273,20,0001,03/09/2027 00:00:00,615.500000,12310.000000,0.00,1,False
2484,12/14/2025 00:00:00,,00274,20,0001,03/09/2027 00:00:00,2816.621250,56332.425000,0.00,1,False
2485,12/14/2025 00:00:00,,00186,40,0001,03/09/2027 00:00:00,576.000000,23040.000000,0.00,1,False
2486,12/14/2025 00:00:00,,00231,100,0006,03/09/2027 00:00:00,519.166750,51916.675000,0.00,1,False
2487,12/14/2025 00:00:00,,00248,500,0006,03/09/2027 00:00:00,44.299381,22149.690600,0.00,1,False
2488,12/15/2025 00:00:00,,00032,180,0006,03/10/2027 00:00:00,149.514300,26912.574000,0.00,1,False
2489,12/15/2025 00:00:00,,00049,64,0006,03/10/2027 00:00:00,730.634000,46760.576000,0.00,1,False
2490,12/15/2025 00:00:00,,00010,700,0006,03/10/2027 00:00:00,22.677426,15874.198500,0.00,1,False
2491,12/15/2025 00:00:00,,00306,84,0001,03/10/2027 00:00:00,1593.090536,133819.605000,0.00,1,False
2492,12/15/2025 00:00:00,,00249,84,0001,03/10/2027 00:00:00,1000.237676,84019.964800,0.00,1,False
2493,12/15/2025 00:00:00,,00260,84,0001,03/10/2027 00:00:00,905.197552,76036.594400,0.00,1,False
2494,12/15/2025 00:00:00,,00051,40,0003,03/10/2027 00:00:00,1115.612500,44624.500000,0.00,1,False
2495,12/15/2025 00:00:00,,00266,40,0001,03/10/2027 00:00:00,858.325000,34333.000000,0.00,1,False
2496,12/15/2025 00:00:00,,00053,40,0003,03/10/2027 00:00:00,996.025850,39841.034000,0.00,1,False
2497,12/15/2025 00:00:00,,00020,500,0012,03/10/2027 00:00:00,45.190290,22595.145000,0.00,1,False
2498,12/15/2025 00:00:00,,00022,50,0012,03/10/2027 00:00:00,437.757250,21887.862500,0.00,1,False
2499,12/15/2025 00:00:00,,00233,500,0003,03/10/2027 00:00:00,21.171972,10585.986100,0.00,1,False
2500,12/15/2025 00:00:00,,00212,50,0005,03/10/2027 00:00:00,1638.990414,81949.520700,0.00,1,False
2501,12/15/2025 00:00:00,,00264,35,0001,03/10/2027 00:00:00,734.145239,25695.083350,0.00,1,False
2502,12/16/2025 00:00:00,,00077,240,0001,03/10/2027 00:00:00,262.038790,62889.309600,0.00,1,False
2503,12/16/2025 00:00:00,,00129,120,0003,03/10/2027 00:00:00,979.630350,117555.642000,0.00,1,False
2504,12/16/2025 00:00:00,,00130,80,0003,03/10/2027 00:00:00,1107.640900,88611.272000,0.00,1,False
2505,12/16/2025 00:00:00,,00131,100,0003,03/10/2027 00:00:00,966.255500,96625.550000,0.00,1,False
2506,12/16/2025 00:00:00,,00145,60,0003,03/10/2027 00:00:00,1376.354583,82581.275000,0.00,1,False
2507,12/16/2025 00:00:00,,00133,20,0001,03/10/2027 00:00:00,1476.391250,29527.825000,0.00,1,False
2508,12/16/2025 00:00:00,,00116,20,0001,03/10/2027 00:00:00,347.020000,6940.400000,0.00,1,False
2509,12/16/2025 00:00:00,,00211,84,0001,03/10/2027 00:00:00,230.690490,19378.001200,0.00,1,False
2510,12/16/2025 00:00:00,,00052,20,0003,03/10/2027 00:00:00,569.080100,11381.602000,0.00,1,False
2511,12/16/2025 00:00:00,,00016,2,0004,03/10/2027 00:00:00,562.750000,1125.500000,0.00,1,False
2512,12/18/2025 00:00:00,,00157,100,0001,03/10/2027 00:00:00,653.011240,65301.124000,0.00,1,False
2513,12/18/2025 00:00:00,,00022,100,0014,03/10/2027 00:00:00,622.000000,62200.000000,0.00,1,False
2514,12/18/2025 00:00:00,,00274,40,0001,03/11/2027 00:00:00,2126.571250,85062.850000,0.00,1,False
2515,12/18/2025 00:00:00,,00276,20,0001,03/11/2027 00:00:00,666.955600,13339.112000,0.00,1,False
2516,12/18/2025 00:00:00,,00138,8,0001,03/11/2027 00:00:00,392.325200,3138.601600,0.00,1,False
2517,12/19/2025 00:00:00,,00014,1050,0006,03/11/2027 00:00:00,63.879851,67073.843500,0.00,1,False
2518,12/19/2025 00:00:00,,00016,100,0006,03/11/2027 00:00:00,538.186750,53818.675000,0.00,1,False
2519,12/19/2025 00:00:00,,00258,30,0003,03/11/2027 00:00:00,1636.145750,49084.372500,0.00,1,False
2520,12/19/2025 00:00:00,,00050,36,0003,03/11/2027 00:00:00,318.637224,11470.940080,0.00,1,False
2521,12/19/2025 00:00:00,,00072,12,0006,03/11/2027 00:00:00,443.711283,5324.535400,0.00,1,False
2522,12/19/2025 00:00:00,,00231,5,0006,03/11/2027 00:00:00,590.000000,2950.000000,0.00,1,False
2523,12/19/2025 00:00:00,,00151,60,0006,03/11/2027 00:00:00,313.079030,18784.741800,0.00,1,False
2524,12/19/2025 00:00:00,,00055,36,0003,03/11/2027 00:00:00,244.202778,8791.300000,0.00,1,False
2525,12/19/2025 00:00:00,,00212,10,0004,03/11/2027 00:00:00,2025.396240,20253.962400,0.00,1,False
2526,12/20/2025 00:00:00,,00048,540,0001,03/11/2027 00:00:00,217.539257,117471.199000,0.00,1,False
2527,12/20/2025 00:00:00,,00208,240,0001,03/11/2027 00:00:00,447.620893,107429.014400,0.00,1,False
2528,12/20/2025 00:00:00,,00303,219,0001,03/11/2027 00:00:00,105.518266,23108.500300,0.00,1,False
2529,12/20/2025 00:00:00,,00308,44,0001,03/11/2027 00:00:00,1506.599327,66290.370400,0.00,1,False
2530,12/20/2025 00:00:00,,00177,40,0001,03/11/2027 00:00:00,5201.293800,208051.752000,0.00,1,False
2531,12/21/2025 00:00:00,,00223,20,0001,03/12/2027 00:00:00,1225.141250,24502.825000,0.00,1,False
2532,12/21/2025 00:00:00,,00309,20,0001,03/12/2027 00:00:00,1409.728900,28194.578000,0.00,1,False
2533,12/21/2025 00:00:00,,00271,12,0001,03/12/2027 00:00:00,931.772550,11181.270600,0.00,1,False
2534,12/21/2025 00:00:00,,00272,20,0001,03/12/2027 00:00:00,917.577250,18351.545000,0.00,1,False
2535,12/21/2025 00:00:00,,00311,12,0001,03/12/2027 00:00:00,1466.625000,17599.500000,0.00,1,False
2536,12/21/2025 00:00:00,,00249,8,0001,03/12/2027 00:00:00,850.315100,6802.520800,0.00,1,False
2537,12/21/2025 00:00:00,,00084,20,0001,03/12/2027 00:00:00,836.625000,16732.500000,0.00,1,False
2538,12/21/2025 00:00:00,,00313,12,0001,03/12/2027 00:00:00,769.699550,9236.394600,0.00,1,False
2539,12/21/2025 00:00:00,,00214,10,0001,03/12/2027 00:00:00,4250.386295,42503.862950,0.00,1,False
2540,12/21/2025 00:00:00,,00312,10,0001,03/12/2027 00:00:00,1389.691740,13896.917400,0.00,1,False
2541,12/22/2025 00:00:00,,00231,500,0006,03/12/2027 00:00:00,510.838000,255419.000000,0.00,1,False
2542,12/22/2025 00:00:00,,00281,20,0001,03/12/2027 00:00:00,1124.580600,22491.612000,0.00,1,False
2543,12/22/2025 00:00:00,,00286,40,0001,03/12/2027 00:00:00,947.124300,37884.972000,0.00,1,False
2544,12/22/2025 00:00:00,,00289,10,0001,03/12/2027 00:00:00,4990.723250,49907.232500,0.00,1,False
2545,12/22/2025 00:00:00,,00051,44,0004,03/12/2027 00:00:00,1197.927259,52708.799400,0.00,1,False
2546,12/22/2025 00:00:00,,00307,40,0001,03/12/2027 00:00:00,3021.562500,120862.500000,0.00,1,False
2547,12/22/2025 00:00:00,,00314,40,0001,03/12/2027 00:00:00,1283.803400,51352.136000,0.00,1,False
2548,12/23/2025 00:00:00,,00032,180,0006,03/12/2027 00:00:00,319.606600,57529.188000,0.00,1,False
2549,12/23/2025 00:00:00,,00010,1300,0006,03/12/2027 00:00:00,24.028821,31237.466800,0.00,1,False
2550,12/23/2025 00:00:00,,00248,250,0006,03/16/2027 00:00:00,43.944892,10986.223100,0.00,1,False
2551,12/23/2025 00:00:00,,00138,72,0001,03/16/2027 00:00:00,1025.542884,73839.087680,0.00,1,False
2552,12/23/2025 00:00:00,,00295,36,0001,03/16/2027 00:00:00,972.344483,35004.401400,0.00,1,False
2553,12/23/2025 00:00:00,,00188,36,0001,03/16/2027 00:00:00,1050.697328,37825.103800,0.00,1,False
2554,12/23/2025 00:00:00,,00287,28,0001,03/16/2027 00:00:00,972.248386,27222.954800,0.00,1,False
2555,12/23/2025 00:00:00,,00194,28,0001,03/16/2027 00:00:00,953.592857,26700.600000,0.00,1,False
2556,12/23/2025 00:00:00,,00296,35,0001,03/16/2027 00:00:00,729.647774,25537.672100,0.00,1,False
2557,12/24/2025 00:00:00,,00238,44,0001,03/16/2027 00:00:00,808.804455,35587.396000,0.00,1,False
2558,12/24/2025 00:00:00,,00032,180,0006,03/16/2027 00:00:00,318.606600,57349.188000,0.00,1,False
2559,12/24/2025 00:00:00,,00022,50,0012,03/16/2027 00:00:00,615.000000,30750.000000,0.00,1,False
2560,12/24/2025 00:00:00,,00159,500,0003,03/16/2027 00:00:00,56.780000,28390.000000,0.00,1,False
2561,12/24/2025 00:00:00,,00161,500,0003,03/16/2027 00:00:00,62.006850,31003.425000,0.00,1,False
2562,12/25/2025 00:00:00,,00292,200,0001,03/16/2027 00:00:00,1105.483900,221096.780000,0.00,1,False
2563,12/25/2025 00:00:00,,00091,20,0001,03/16/2027 00:00:00,855.250000,17105.000000,0.00,1,False
2564,12/25/2025 00:00:00,,00084,24,0001,03/16/2027 00:00:00,152.552567,3661.261600,0.00,1,False
2565,12/25/2025 00:00:00,,00315,100,0001,03/16/2027 00:00:00,722.041740,72204.174000,0.00,1,False
2566,12/27/2025 00:00:00,,00196,25,0001,03/16/2027 00:00:00,2373.500000,59337.500000,0.00,1,False
2567,12/28/2025 00:00:00,,00196,25,0001,03/20/2027 00:00:00,2236.200000,55905.000000,0.00,1,False
2568,12/28/2025 00:00:00,,00278,32,0001,03/20/2027 00:00:00,1315.508750,42096.280000,0.00,1,False
2569,12/28/2025 00:00:00,,00016,10,0008,03/20/2027 00:00:00,562.750000,5627.500000,0.00,1,False
2570,12/28/2025 00:00:00,,00072,24,0006,03/20/2027 00:00:00,773.644700,18567.472800,0.00,1,False
2571,12/28/2025 00:00:00,,00129,48,0001,03/20/2027 00:00:00,1025.439450,49221.093600,0.00,1,False
2572,12/28/2025 00:00:00,,00022,10,0014,03/20/2027 00:00:00,640.000000,6400.000000,0.00,1,False
2573,12/30/2025 00:00:00,,00292,40,0001,03/20/2027 00:00:00,914.400850,36576.034000,0.00,1,False
2574,12/30/2025 00:00:00,,00132,24,0001,03/20/2027 00:00:00,1400.677117,33616.250800,0.00,1,False
2575,12/30/2025 00:00:00,,00210,24,0001,03/20/2027 00:00:00,720.552550,17293.261200,0.00,1,False
2576,12/30/2025 00:00:00,,00316,180,0001,03/20/2027 00:00:00,262.728930,47291.207400,0.00,1,False
2577,12/30/2025 00:00:00,,00032,180,0006,03/20/2027 00:00:00,318.606600,57349.188000,0.00,1,False
2578,12/30/2025 00:00:00,,00180,40,0001,03/20/2027 00:00:00,612.820050,24512.802000,0.00,1,False
2579,12/30/2025 00:00:00,,00209,10,0001,03/20/2027 00:00:00,565.941740,5659.417400,0.00,1,False
2580,01/01/2026 00:00:00,,00073,1200,0001,04/15/2028 00:00:00,381.633333,457960.000000,0.00,1,False
2581,01/01/2026 00:00:00,,00086,240,0001,04/15/2028 00:00:00,352.500000,84600.000000,0.00,1,False
2582,01/03/2026 00:00:00,,00231,97,0001,04/15/2028 00:00:00,552.370260,53579.915250,0.00,1,False
2583,01/03/2026 00:00:00,,00248,625,0001,04/15/2028 00:00:00,44.988841,28118.025750,0.00,1,False
2584,01/03/2026 00:00:00,,00032,60,0001,04/15/2028 00:00:00,318.606600,19116.396000,0.00,1,False
2585,01/03/2026 00:00:00,,00022,35,0001,04/15/2028 00:00:00,628.571500,22000.002500,0.00,1,False
2586,01/04/2026 00:00:00,,00130,124,0001,04/15/2028 00:00:00,946.655313,117385.258800,0.00,1,False
2587,01/04/2026 00:00:00,,00132,84,0001,04/15/2028 00:00:00,1251.105688,105092.877800,0.00,1,False
2588,01/04/2026 00:00:00,,00210,80,0001,04/15/2028 00:00:00,548.177550,43854.204000,0.00,1,False
2589,01/04/2026 00:00:00,,00135,60,0001,04/15/2028 00:00:00,1676.291755,100577.505300,0.00,1,False
2590,01/04/2026 00:00:00,,00216,60,0001,04/15/2028 00:00:00,382.400000,22944.000000,0.00,1,False
2591,01/05/2026 00:00:00,,00284,170,0001,04/15/2028 00:00:00,438.282959,74508.103000,0.00,1,False
2592,01/05/2026 00:00:00,,00262,600,0001,04/15/2028 00:00:00,14.639074,8783.444400,0.00,1,False
2593,01/05/2026 00:00:00,,00022,30,0001,04/15/2028 00:00:00,533.518500,16005.555000,0.00,1,False
2594,01/05/2026 00:00:00,,00231,15,0001,04/15/2028 00:00:00,508.000000,7620.000000,0.00,1,False
2595,01/05/2026 00:00:00,,00248,375,0001,04/15/2028 00:00:00,42.071499,15776.812000,0.00,1,False
2596,01/05/2026 00:00:00,,00186,15,0001,04/15/2028 00:00:00,609.333250,9139.998750,0.00,1,False
2597,01/05/2026 00:00:00,,00010,500,0001,04/15/2028 00:00:00,25.005123,12502.561500,0.00,1,False
2598,01/05/2026 00:00:00,,00276,40,0001,04/15/2028 00:00:00,832.799000,33311.960000,0.00,1,False
2599,01/05/2026 00:00:00,,00278,20,0001,04/15/2028 00:00:00,977.125000,19542.500000,0.00,1,False
2600,01/05/2026 00:00:00,,00273,20,0001,04/15/2028 00:00:00,750.000000,15000.000000,0.00,1,False
2601,01/05/2026 00:00:00,,00228,35,0001,04/15/2028 00:00:00,1752.964286,61353.750000,0.00,1,False
2602,01/06/2026 00:00:00,,00038,10,0001,04/15/2028 00:00:00,603.441740,6034.417400,0.00,1,False
2603,01/06/2026 00:00:00,,00220,46,0001,04/15/2028 00:00:00,637.028805,29303.325040,0.00,1,False
2604,01/06/2026 00:00:00,,00190,60,0001,04/15/2028 00:00:00,349.528333,20971.700000,0.00,1,False
2605,01/07/2026 00:00:00,JELITO,00147,50,0001,04/15/2028 00:00:00,1989.630000,99481.500000,0.00,1,False
2606,01/08/2026 00:00:00,,00258,108,0001,04/15/2028 00:00:00,2171.111037,234479.992000,0.00,1,False
2607,01/08/2026 00:00:00,,00262,450,0001,04/15/2028 00:00:00,13.343528,6004.587650,0.00,1,False
2608,01/08/2026 00:00:00,,00022,100,0001,04/15/2028 00:00:00,523.104250,52310.425000,0.00,1,False
2609,01/08/2026 00:00:00,,00220,204,0001,04/15/2028 00:00:00,457.745887,93380.161000,0.00,1,False
2610,01/08/2026 00:00:00,,00231,100,0001,04/15/2028 00:00:00,525.000000,52500.000000,0.00,1,False
2611,01/08/2026 00:00:00,,00013,1000,0001,04/15/2028 00:00:00,41.930501,41930.501120,0.00,1,False
2612,01/08/2026 00:00:00,,00032,120,0001,04/15/2028 00:00:00,339.494580,40739.349600,0.00,1,False
2613,01/08/2026 00:00:00,,00010,1000,0001,04/15/2028 00:00:00,26.427355,26427.354500,0.00,1,False
2614,01/08/2026 00:00:00,,00008,1599,0001,04/15/2028 00:00:00,26.991240,43158.992000,0.00,1,False
2615,01/08/2026 00:00:00,,00053,92,0001,04/15/2028 00:00:00,985.644609,90679.304000,0.00,1,False
2616,01/08/2026 00:00:00,,00314,40,0001,04/15/2028 00:00:00,1119.930050,44797.202000,0.00,1,False
2617,01/08/2026 00:00:00,,00308,44,0001,04/15/2028 00:00:00,929.422732,40894.600200,0.00,1,False
2618,01/08/2026 00:00:00,,00133,40,0001,04/15/2028 00:00:00,1254.542500,50181.700000,0.00,1,False
2619,01/08/2026 00:00:00,,00285,150,0001,04/15/2028 00:00:00,223.422010,33513.301500,0.00,1,False
2620,01/08/2026 00:00:00,,00281,32,0001,04/16/2028 00:00:00,810.081250,25922.600000,0.00,1,False
2621,01/08/2026 00:00:00,,00294,40,0001,04/16/2028 00:00:00,694.686700,27787.468000,0.00,1,False
2622,01/08/2026 00:00:00,,00064,60,0001,04/16/2028 00:00:00,260.416667,15625.000000,0.00,1,False
2623,01/08/2026 00:00:00,,00063,60,0001,04/16/2028 00:00:00,306.110510,18366.630600,0.00,1,False
2624,01/08/2026 00:00:00,,00052,8,0001,04/16/2028 00:00:00,1007.533000,8060.264000,0.00,1,False
2625,01/08/2026 00:00:00,,00024,60,0001,04/16/2028 00:00:00,323.173267,19390.396000,0.00,1,False
2626,01/08/2026 00:00:00,,00266,40,0001,04/16/2028 00:00:00,694.125000,27765.000000,0.00,1,False
2627,01/08/2026 00:00:00,,00209,15,0001,04/16/2028 00:00:00,637.400639,9561.009580,0.00,1,False
2628,01/11/2026 00:00:00,,00274,20,0001,04/16/2028 00:00:00,2336.625000,46732.500000,0.00,1,False
2629,01/11/2026 00:00:00,,00317,240,0001,04/16/2028 00:00:00,206.800000,49632.000000,0.00,1,False
2630,01/11/2026 00:00:00,,00318,240,0001,04/16/2028 00:00:00,207.739460,49857.470400,0.00,1,False
2631,01/11/2026 00:00:00,,00319,240,0001,04/16/2028 00:00:00,228.125000,54750.000000,0.00,1,False
2632,01/12/2026 00:00:00,,00209,40,0001,04/17/2028 00:00:00,569.261740,22770.469600,0.00,1,False
2633,01/12/2026 00:00:00,,00049,40,0001,04/17/2028 00:00:00,575.033000,23001.320000,0.00,1,False
2634,01/12/2026 00:00:00,,00247,28,0001,04/17/2028 00:00:00,1054.785714,29534.000000,0.00,1,False
2635,01/12/2026 00:00:00,,00231,100,0001,04/17/2028 00:00:00,516.500000,51650.000000,0.00,1,False
2636,01/12/2026 00:00:00,,00022,50,0001,04/17/2028 00:00:00,530.000000,26500.000000,0.00,1,False
2637,01/13/2026 00:00:00,,00022,100,0001,04/17/2028 00:00:00,508.500000,50850.000000,0.00,1,False
2638,01/13/2026 00:00:00,,00047,200,0001,04/17/2028 00:00:00,1477.050000,295410.000000,0.00,1,False
2639,01/13/2026 00:00:00,,00145,20,0001,04/17/2028 00:00:00,809.575000,16191.500000,0.00,1,False
2640,01/13/2026 00:00:00,,00053,20,0001,04/17/2028 00:00:00,877.905050,17558.101000,0.00,1,False
2641,01/13/2026 00:00:00,,00129,20,0001,04/17/2028 00:00:00,771.000000,15420.000000,0.00,1,False
2642,01/14/2026 00:00:00,,00019,200,0001,04/17/2028 00:00:00,590.000000,118000.000000,0.00,1,False
2643,01/17/2026 00:00:00,,00274,60,0001,04/20/2028 00:00:00,1629.858333,97791.500000,0.00,1,False
2644,01/17/2026 00:00:00,,00040,7,0001,04/20/2028 00:00:00,568.084597,3976.592180,0.00,1,False
2645,01/17/2026 00:00:00,,00231,110,0001,04/20/2028 00:00:00,512.727250,56399.997500,0.00,1,False
2646,01/17/2026 00:00:00,,00032,240,0001,04/20/2028 00:00:00,326.916473,78459.953600,0.00,1,False
2647,01/17/2026 00:00:00,,00182,1500,0001,04/20/2028 00:00:00,16.997917,25496.875500,0.00,1,False
2648,01/17/2026 00:00:00,,00051,4,0001,04/20/2028 00:00:00,668.450000,2673.800000,0.00,1,False
2649,01/17/2026 00:00:00,,00121,40,0001,04/20/2028 00:00:00,130.625000,5225.000000,0.00,1,False
2650,01/17/2026 00:00:00,,00064,36,0001,04/20/2028 00:00:00,235.483333,8477.400000,0.00,1,False
2651,01/17/2026 00:00:00,,00215,250,0001,04/20/2028 00:00:00,26.984000,6746.000000,0.00,1,False
2652,01/18/2026 00:00:00,,00278,32,0001,04/28/2028 00:00:00,1249.453150,39982.500800,0.00,1,False
2653,01/18/2026 00:00:00,,00016,20,0001,04/28/2028 00:00:00,565.250000,11305.000000,0.00,1,False
2654,01/18/2026 00:00:00,,00265,225,0001,04/28/2028 00:00:00,50.856944,11442.812500,0.00,1,False
2655,01/18/2026 00:00:00,,00116,40,0001,04/28/2028 00:00:00,877.000000,35080.000000,0.00,1,False
2656,01/18/2026 00:00:00,,00132,40,0001,04/28/2028 00:00:00,1261.260450,50450.418000,0.00,1,False
2657,01/18/2026 00:00:00,,00210,40,0001,04/29/2028 00:00:00,540.815050,21632.602000,0.00,1,False
2658,01/18/2026 00:00:00,,00130,120,0001,04/29/2028 00:00:00,978.885017,117466.202000,0.00,1,False
2659,01/18/2026 00:00:00,,00202,120,0001,04/29/2028 00:00:00,378.377003,45405.240400,0.00,1,False
2660,01/18/2026 00:00:00,,00053,40,0001,04/30/2028 00:00:00,802.077550,32083.102000,0.00,1,False
2661,01/18/2026 00:00:00,,00145,120,0001,04/30/2028 00:00:00,776.972083,93236.650000,0.00,1,False
2662,01/18/2026 00:00:00,,00203,239,0001,04/30/2028 00:00:00,343.002227,81977.532250,0.00,1,False
2663,01/18/2026 00:00:00,,00205,120,0001,04/30/2028 00:00:00,428.996833,51479.620000,0.00,1,False
2664,01/18/2026 00:00:00,,00147,40,0001,04/30/2028 00:00:00,2873.789500,114951.580000,0.00,1,False
2665,01/18/2026 00:00:00,,00213,40,0001,04/30/2028 00:00:00,813.182900,32527.316000,0.00,1,False
2666,01/18/2026 00:00:00,,00022,10,0001,04/30/2028 00:00:00,390.000000,3900.000000,0.00,1,False
2667,01/19/2026 00:00:00,,00147,40,0001,05/01/2028 00:00:00,2778.875000,111155.000000,0.00,1,False
2668,01/19/2026 00:00:00,,00131,48,0001,05/01/2028 00:00:00,749.466667,35974.400000,0.00,1,False
2669,01/19/2026 00:00:00,,00130,8,0001,05/02/2028 00:00:00,913.315000,7306.520000,0.00,1,False
2670,01/19/2026 00:00:00,,00041,50,0001,05/02/2028 00:00:00,632.600000,31630.000000,0.00,1,False
2671,01/19/2026 00:00:00,,00022,50,0001,05/02/2028 00:00:00,515.000000,25750.000000,0.00,1,False
2672,01/19/2026 00:00:00,,00209,6,0001,05/02/2028 00:00:00,513.333250,3079.999500,0.00,1,False
2673,01/19/2026 00:00:00,,00072,12,0001,05/02/2028 00:00:00,322.900000,3874.800000,0.00,1,False
2674,01/19/2026 00:00:00,,00211,8,0001,05/02/2028 00:00:00,730.677550,5845.420400,0.00,1,False
2675,01/19/2026 00:00:00,,00223,12,0001,05/03/2028 00:00:00,697.967500,8375.610000,0.00,1,False
2676,01/19/2026 00:00:00,,00049,12,0001,05/03/2028 00:00:00,629.866333,7558.396000,0.00,1,False
2677,01/19/2026 00:00:00,,00170,12,0001,05/03/2028 00:00:00,873.457690,10481.492280,0.00,1,False
2678,01/19/2026 00:00:00,,00052,12,0001,05/03/2028 00:00:00,1072.283333,12867.400000,0.00,1,False
2679,01/19/2026 00:00:00,,00180,12,0001,05/03/2028 00:00:00,1304.116667,15649.400000,0.00,1,False
2680,01/20/2026 00:00:00,,00016,50,0001,05/03/2028 00:00:00,438.500000,21925.000000,0.00,1,False
2681,01/20/2026 00:00:00,,00119,20,0001,05/03/2028 00:00:00,836.125000,16722.500000,0.00,1,False
2682,01/20/2026 00:00:00,,00054,24,0001,05/03/2028 00:00:00,530.265416,12726.369980,0.00,1,False
2683,01/20/2026 00:00:00,,00246,10,0001,05/03/2028 00:00:00,1950.750000,19507.500000,0.00,1,False
2684,01/20/2026 00:00:00,,00198,20,0001,05/03/2028 00:00:00,730.450000,14609.000000,0.00,1,False
2685,01/20/2026 00:00:00,,00223,20,0001,05/03/2028 00:00:00,704.217500,14084.350000,0.00,1,False
2686,01/20/2026 00:00:00,,00320,300,0001,05/03/2028 00:00:00,110.311520,33093.456000,0.00,1,False
2687,01/20/2026 00:00:00,,00298,48,0001,05/03/2028 00:00:00,631.231733,30299.123200,0.00,1,False
2688,01/20/2026 00:00:00,,00287,48,0001,05/03/2028 00:00:00,559.575000,26859.600000,0.00,1,False
2689,01/20/2026 00:00:00,,00188,60,0001,05/03/2028 00:00:00,879.466667,52768.000000,0.00,1,False
2690,01/20/2026 00:00:00,,00138,40,0001,05/03/2028 00:00:00,696.106544,27844.261760,0.00,1,False
2691,01/21/2026 00:00:00,,00022,20,0001,05/03/2028 00:00:00,643.750000,12875.000000,0.00,1,False
2692,01/21/2026 00:00:00,,00125,12,0001,05/03/2028 00:00:00,605.762500,7269.150000,0.00,1,False
2693,01/21/2026 00:00:00,,00265,75,0001,05/03/2028 00:00:00,50.657167,3799.287500,0.00,1,False
2694,01/21/2026 00:00:00,,00016,10,0001,05/03/2028 00:00:00,438.500000,4385.000000,0.00,1,False
2695,01/21/2026 00:00:00,,00145,120,0001,05/03/2028 00:00:00,806.341683,96761.002000,0.00,1,False
2696,01/21/2026 00:00:00,,00136,80,0001,05/03/2028 00:00:00,678.300000,54264.000000,0.00,1,False
2697,01/21/2026 00:00:00,,00132,40,0001,05/03/2028 00:00:00,1205.435450,48217.418000,0.00,1,False
2698,01/21/2026 00:00:00,,00191,10,0001,05/03/2028 00:00:00,910.000000,9100.000000,0.00,1,False
2699,01/22/2026 00:00:00,,00077,480,0001,05/03/2028 00:00:00,237.637500,114066.000000,0.00,1,False
2700,01/22/2026 00:00:00,,00016,17,0001,05/03/2028 00:00:00,403.823500,6864.999500,0.00,1,False
2701,01/22/2026 00:00:00,,00019,10,0001,05/03/2028 00:00:00,580.000000,5800.000000,0.00,1,False
2702,01/22/2026 00:00:00,,00328,8,0001,05/03/2028 00:00:00,1473.125000,11785.000000,0.00,1,False
2703,01/22/2026 00:00:00,,00327,8,0001,05/03/2028 00:00:00,908.576500,7268.612000,0.00,1,False
2704,01/22/2026 00:00:00,,00329,8,0001,05/03/2028 00:00:00,869.359200,6954.873600,0.00,1,False
2705,01/22/2026 00:00:00,,00326,8,0001,05/03/2028 00:00:00,1082.625000,8661.000000,0.00,1,False
2706,01/22/2026 00:00:00,,00323,10,0001,05/03/2028 00:00:00,760.000000,7600.000000,0.00,1,False
2707,01/22/2026 00:00:00,,00324,10,0001,05/03/2028 00:00:00,710.000000,7100.000000,0.00,1,False
2708,01/22/2026 00:00:00,,00325,10,0001,05/03/2028 00:00:00,685.000000,6850.000000,0.00,1,False
2709,01/24/2026 00:00:00,,00130,120,0001,05/03/2028 00:00:00,809.531650,97143.798000,0.00,1,False
2710,01/24/2026 00:00:00,,00129,160,0001,05/03/2028 00:00:00,717.812500,114850.000000,0.00,1,False
2711,01/24/2026 00:00:00,,00147,30,0001,05/03/2028 00:00:00,1892.833250,56784.997500,0.00,1,False
2712,01/25/2026 00:00:00,,00265,600,0001,05/03/2028 00:00:00,41.238830,24743.298000,0.00,1,False
2713,01/25/2026 00:00:00,,00032,384,0001,05/03/2028 00:00:00,298.799308,114738.934400,0.00,1,False
2714,01/25/2026 00:00:00,,00246,10,0001,05/03/2028 00:00:00,1824.750000,18247.500000,0.00,1,False
2715,01/26/2026 00:00:00,,00280,40,0001,05/03/2028 00:00:00,972.875000,38915.000000,0.00,1,False
2716,01/26/2026 00:00:00,,00145,4,0001,05/03/2028 00:00:00,630.625000,2522.500000,0.00,1,False
2717,01/26/2026 00:00:00,,00129,4,0001,05/03/2028 00:00:00,746.500000,2986.000000,0.00,1,False
2718,01/26/2026 00:00:00,,00130,4,0001,05/03/2028 00:00:00,861.315000,3445.260000,0.00,1,False
2719,01/27/2026 00:00:00,,00292,200,0001,05/03/2028 00:00:00,744.773200,148954.640000,0.00,1,False
2720,01/27/2026 00:00:00,,00053,52,0001,05/03/2028 00:00:00,747.753862,38883.200800,0.00,1,False
2721,01/27/2026 00:00:00,,00131,60,0001,05/03/2028 00:00:00,869.078333,52144.700000,0.00,1,False
2722,01/27/2026 00:00:00,,00260,16,0001,05/03/2028 00:00:00,786.205000,12579.280000,0.00,1,False
2723,01/27/2026 00:00:00,,00163,8,0001,05/03/2028 00:00:00,1305.375000,10443.000000,0.00,1,False
2724,01/27/2026 00:00:00,,00178,40,0001,05/03/2028 00:00:00,210.550000,8422.000000,0.00,1,False
2725,01/27/2026 00:00:00,,00076,10,0001,05/03/2028 00:00:00,1005.000000,10050.000000,0.00,1,False
2726,01/27/2026 00:00:00,,00209,15,0001,05/03/2028 00:00:00,485.941740,7289.126100,0.00,1,False
2727,01/27/2026 00:00:00,,00130,4,0001,05/03/2028 00:00:00,835.865000,3343.460000,0.00,1,False
2728,01/27/2026 00:00:00,,00145,4,0001,05/03/2028 00:00:00,630.625000,2522.500000,0.00,1,False
2729,01/27/2026 00:00:00,,00129,4,0001,05/04/2028 00:00:00,746.500000,2986.000000,0.00,1,False
2730,01/27/2026 00:00:00,,00182,300,0001,05/04/2028 00:00:00,21.219500,6365.850000,0.00,1,False
2731,01/28/2026 00:00:00,,00137,40,0001,05/04/2028 00:00:00,2668.875000,106755.000000,0.00,1,False
2732,01/28/2026 00:00:00,,00157,100,0001,05/04/2028 00:00:00,575.624810,57562.481000,0.00,1,False
2733,01/28/2026 00:00:00,,00160,50,0001,05/04/2028 00:00:00,599.008750,29950.437500,0.00,1,False
2734,01/28/2026 00:00:00,,00086,240,0001,05/04/2028 00:00:00,336.100000,80664.000000,0.00,1,False
2735,01/28/2026 00:00:00,,00294,36,0001,05/04/2028 00:00:00,758.597228,27309.500200,0.00,1,False
2736,01/28/2026 00:00:00,,00296,22,0001,05/04/2028 00:00:00,705.000000,15510.000000,0.00,1,False
2737,01/28/2026 00:00:00,,00228,11,0001,05/04/2028 00:00:00,2011.818182,22130.000000,0.00,1,False
2738,01/29/2026 00:00:00,,00049,44,0001,05/04/2028 00:00:00,615.283000,27072.452000,0.00,1,False
2739,01/29/2026 00:00:00,,00052,44,0001,05/04/2028 00:00:00,985.237545,43350.452000,0.00,1,False
2740,01/29/2026 00:00:00,,00330,60,0001,05/04/2028 00:00:00,767.474983,46048.499000,0.00,1,False
2741,01/31/2026 00:00:00,,00028,100,0001,05/05/2028 00:00:00,1349.778750,134977.875000,0.00,1,False
2742,01/31/2026 00:00:00,,00231,20,0001,05/05/2028 00:00:00,505.000000,10100.000000,0.00,1,False
2743,01/31/2026 00:00:00,,00032,60,0001,05/05/2028 00:00:00,311.271643,18676.298600,0.00,1,False
2744,01/31/2026 00:00:00,,00276,32,0001,05/05/2028 00:00:00,1017.657900,32565.052800,0.00,1,False
2745,01/31/2026 00:00:00,,00278,32,0001,05/05/2028 00:00:00,939.578150,30066.500800,0.00,1,False
2746,01/31/2026 00:00:00,,00285,150,0001,05/05/2028 00:00:00,246.265000,36939.750000,0.00,1,False
2747,01/31/2026 00:00:00,,00273,20,0001,05/05/2028 00:00:00,1167.500000,23350.000000,0.00,1,False
2748,02/01/2026 00:00:00,,00220,10,0001,05/08/2028 00:00:00,488.000000,4880.000000,0.00,1,False
2749,02/01/2026 00:00:00,,00281,32,0001,05/08/2028 00:00:00,923.468750,29551.000000,0.00,1,False
2750,02/01/2026 00:00:00,,00049,8,0001,05/08/2028 00:00:00,619.783000,4958.264000,0.00,1,False
2751,02/01/2026 00:00:00,,00016,17,0001,05/08/2028 00:00:00,513.456000,8728.752000,0.00,1,False
2752,02/01/2026 00:00:00,,00073,1368,0001,05/08/2028 00:00:00,382.815059,523691.000400,0.00,1,False
2753,02/02/2026 00:00:00,JELITO,00147,30,0001,05/09/2028 00:00:00,3424.916750,102747.502500,0.00,1,False
2754,02/02/2026 00:00:00,,00326,16,0001,05/09/2028 00:00:00,1082.625000,17322.000000,0.00,1,False
2755,02/02/2026 00:00:00,,00327,12,0001,05/09/2028 00:00:00,1367.346800,16408.161600,0.00,1,False
2756,02/02/2026 00:00:00,,00328,20,0001,05/09/2028 00:00:00,691.625000,13832.500000,0.00,1,False
2757,02/02/2026 00:00:00,,00329,20,0001,05/09/2028 00:00:00,839.359200,16787.184000,0.00,1,False
2758,02/02/2026 00:00:00,,00032,60,0001,05/09/2028 00:00:00,297.156675,17829.400500,0.00,1,False
2759,02/02/2026 00:00:00,,00258,5,0001,05/09/2028 00:00:00,2138.595750,10692.978750,0.00,1,False
2760,02/02/2026 00:00:00,,00265,250,0001,05/09/2028 00:00:00,65.455830,16363.957500,0.00,1,False
2761,02/02/2026 00:00:00,,00233,100,0001,05/09/2028 00:00:00,23.964063,2396.406300,0.00,1,False
2762,02/02/2026 00:00:00,,00016,30,0001,05/09/2028 00:00:00,515.916667,15477.500000,0.00,1,False
2763,02/02/2026 00:00:00,,00019,1,0001,05/14/2028 00:00:00,600.000000,600.000000,0.00,1,False
2764,02/03/2026 00:00:00,,00258,20,0001,05/14/2028 00:00:00,1761.262500,35225.250000,0.00,1,False
2765,02/03/2026 00:00:00,,00016,25,0001,05/14/2028 00:00:00,526.600000,13165.000000,0.00,1,False
2766,02/03/2026 00:00:00,,00212,25,0001,05/14/2028 00:00:00,1488.814750,37220.368750,0.00,1,False
2767,02/03/2026 00:00:00,,00231,15,0001,05/14/2028 00:00:00,521.666583,7824.998750,0.00,1,False
2768,02/03/2026 00:00:00,,00233,200,0001,05/14/2028 00:00:00,23.436813,4687.362600,0.00,1,False
2769,02/03/2026 00:00:00,,00032,60,0001,05/14/2028 00:00:00,302.928975,18175.738500,0.00,1,False
2770,02/03/2026 00:00:00,,00022,25,0001,05/14/2028 00:00:00,633.800000,15845.000000,0.00,1,False
2771,02/03/2026 00:00:00,,00090,16,0001,05/14/2028 00:00:00,564.500000,9032.000000,0.00,1,False
2772,02/03/2026 00:00:00,,00054,24,0001,05/14/2028 00:00:00,402.358333,9656.600000,0.00,1,False
2773,02/03/2026 00:00:00,,00010,100,0002,05/14/2028 00:00:00,25.422623,2542.262300,0.00,1,False
2774,02/04/2026 00:00:00,,00258,20,0001,05/16/2028 00:00:00,1649.262500,32985.250000,0.00,1,False
2775,02/04/2026 00:00:00,,00016,12,0001,05/16/2028 00:00:00,551.572917,6618.875000,0.00,1,False
2776,02/04/2026 00:00:00,,00231,10,0001,05/16/2028 00:00:00,538.500000,5385.000000,0.00,1,False
2777,02/04/2026 00:00:00,,00049,8,0001,05/16/2028 00:00:00,643.973100,5151.784800,0.00,1,False
2778,02/04/2026 00:00:00,,00010,300,0001,05/16/2028 00:00:00,24.845214,7453.564200,0.00,1,False
2779,02/04/2026 00:00:00,,00032,60,0001,05/16/2028 00:00:00,312.831920,18769.915200,0.00,1,False
2780,02/04/2026 00:00:00,,00076,40,0001,05/16/2028 00:00:00,773.250000,30930.000000,0.00,1,False
2781,02/04/2026 00:00:00,,00052,60,0001,05/16/2028 00:00:00,1080.527200,64831.632000,0.00,1,False
2782,02/04/2026 00:00:00,,00051,60,0001,05/16/2028 00:00:00,756.710000,45402.600000,0.00,1,False
2783,02/04/2026 00:00:00,,00211,40,0001,05/16/2028 00:00:00,813.900050,32556.002000,0.00,1,False
2784,02/04/2026 00:00:00,,00208,240,0001,05/16/2028 00:00:00,181.856530,43645.567200,0.00,1,False
2785,02/05/2026 00:00:00,,00295,8,0001,05/16/2028 00:00:00,1225.600000,9804.800000,0.00,1,False
2786,02/05/2026 00:00:00,,00188,8,0001,05/16/2028 00:00:00,1331.086450,10648.691600,0.00,1,False
2787,02/05/2026 00:00:00,,00287,8,0001,05/16/2028 00:00:00,621.025000,4968.200000,0.00,1,False
2788,02/05/2026 00:00:00,,00291,8,0001,05/17/2028 00:00:00,734.019650,5872.157200,0.00,1,False
2789,02/05/2026 00:00:00,,00231,100,0001,05/17/2028 00:00:00,537.333250,53733.325000,0.00,1,False
2790,02/05/2026 00:00:00,,00248,500,0001,05/17/2028 00:00:00,43.405860,21702.930000,0.00,1,False
2791,02/05/2026 00:00:00,,00258,57,0001,05/17/2028 00:00:00,1728.241039,98509.739250,0.00,1,False
2792,02/07/2026 00:00:00,,00161,500,0001,05/17/2028 00:00:00,59.874350,29937.175000,0.00,1,False
2793,02/07/2026 00:00:00,,00127,1000,0001,05/17/2028 00:00:00,79.283600,79283.600000,0.00,1,False
2794,02/08/2026 00:00:00,,00315,151,0001,05/17/2028 00:00:00,742.068385,112052.326210,0.00,1,False
2795,02/08/2026 00:00:00,,00186,50,0001,05/17/2028 00:00:00,564.600000,28230.000000,0.00,1,False
2796,02/08/2026 00:00:00,,00220,15,0001,05/17/2028 00:00:00,748.666750,11230.001250,0.00,1,False
2797,02/08/2026 00:00:00,,00309,20,0001,05/17/2028 00:00:00,1837.837000,36756.740000,0.00,1,False
2798,02/08/2026 00:00:00,,00269,20,0001,05/17/2028 00:00:00,1001.919650,20038.393000,0.00,1,False
2799,02/09/2026 00:00:00,,00209,40,0001,05/17/2028 00:00:00,635.000000,25400.000000,0.00,1,False
2800,02/09/2026 00:00:00,,00134,16,0001,05/17/2028 00:00:00,817.281011,13076.496180,0.00,1,False
2801,02/10/2026 00:00:00,,00016,50,0001,05/17/2028 00:00:00,597.000000,29850.000000,0.00,1,False
2802,02/10/2026 00:00:00,,00220,101,0001,05/17/2028 00:00:00,662.508960,66913.405000,0.00,1,False
2803,02/10/2026 00:00:00,,00231,50,0001,05/17/2028 00:00:00,530.000000,26500.000000,0.00,1,False
2804,02/10/2026 00:00:00,,00022,100,0001,05/17/2028 00:00:00,641.000000,64100.000000,0.00,1,False
2805,02/10/2026 00:00:00,,00032,240,0001,05/17/2028 00:00:00,298.864202,71727.408450,0.00,1,False
2806,02/10/2026 00:00:00,,00010,1000,0001,05/17/2028 00:00:00,24.215414,24215.414280,0.00,1,False
2807,02/10/2026 00:00:00,,00218,1920,0001,05/17/2028 00:00:00,43.760418,84020.003200,0.00,1,False
2808,02/11/2026 00:00:00,,00197,60,0001,05/17/2028 00:00:00,651.257683,39075.461000,0.00,1,False
2809,02/11/2026 00:00:00,,00211,20,0001,05/17/2028 00:00:00,549.760100,10995.202000,0.00,1,False
2810,02/11/2026 00:00:00,,00052,84,0001,05/17/2028 00:00:00,1525.576438,128148.420800,0.00,1,False
2811,02/11/2026 00:00:00,,00076,26,0001,05/17/2028 00:00:00,1102.834885,28673.707000,0.00,1,False
2812,02/11/2026 00:00:00,,00247,48,0001,05/17/2028 00:00:00,1083.729183,52019.000800,0.00,1,False
2813,02/11/2026 00:00:00,,00139,40,0001,05/17/2028 00:00:00,741.000000,29640.000000,0.00,1,False
2814,02/11/2026 00:00:00,,00304,1000,0001,05/17/2028 00:00:00,59.096400,59096.400000,0.00,1,False
2815,02/12/2026 00:00:00,,00276,32,0001,05/17/2028 00:00:00,1037.575000,33202.400000,0.00,1,False
2816,02/12/2026 00:00:00,,00278,20,0002,05/17/2028 00:00:00,939.750000,18795.000000,0.00,1,False
2817,02/12/2026 00:00:00,,00274,20,0001,05/17/2028 00:00:00,2449.075000,48981.500000,0.00,1,False
2818,02/12/2026 00:00:00,,00289,10,0001,05/17/2028 00:00:00,3074.173000,30741.730000,0.00,1,False
2819,02/12/2026 00:00:00,,00273,10,0001,05/17/2028 00:00:00,1349.900000,13499.000000,0.00,1,False
2820,02/12/2026 00:00:00,,00194,72,0001,05/17/2028 00:00:00,783.561111,56416.400000,0.00,1,False
2821,02/12/2026 00:00:00,,00295,52,0001,05/17/2028 00:00:00,1614.384608,83947.999600,0.00,1,False
2822,02/12/2026 00:00:00,,00188,36,0001,05/17/2028 00:00:00,1736.458356,62512.500800,0.00,1,False
2823,02/12/2026 00:00:00,,00091,24,0001,05/17/2028 00:00:00,722.520850,17340.500400,0.00,1,False
2824,02/12/2026 00:00:00,,00223,40,0001,05/17/2028 00:00:00,718.507700,28740.308000,0.00,1,False
2825,02/12/2026 00:00:00,,00047,100,0001,05/17/2028 00:00:00,1962.004600,196200.460000,0.00,1,False
2826,02/12/2026 00:00:00,,00158,72,0001,05/17/2028 00:00:00,515.000000,37080.000000,0.00,1,False
2827,02/12/2026 00:00:00,,00199,100,0001,05/17/2028 00:00:00,2234.815143,223481.514250,0.00,1,False
2828,02/14/2026 00:00:00,,00145,60,0001,05/17/2028 00:00:00,738.008333,44280.500000,0.00,1,False
2829,02/14/2026 00:00:00,,00129,80,0001,05/17/2028 00:00:00,968.325000,77466.000000,0.00,1,False
2830,02/14/2026 00:00:00,,00116,40,0001,05/17/2028 00:00:00,912.900000,36516.000000,0.00,1,False
2831,02/14/2026 00:00:00,,00133,40,0001,05/17/2028 00:00:00,1052.507700,42100.308000,0.00,1,False
2832,02/14/2026 00:00:00,,00144,80,0002,05/17/2028 00:00:00,750.848050,60067.844000,0.00,1,False
2833,02/14/2026 00:00:00,,00132,80,0002,05/17/2028 00:00:00,1199.898050,95991.844000,0.00,1,False
2834,02/14/2026 00:00:00,,00307,44,0002,05/17/2028 00:00:00,1886.357959,82999.750200,0.00,1,False
2835,02/15/2026 00:00:00,,00016,120,0002,05/17/2028 00:00:00,562.750000,67530.000000,0.00,1,False
2836,02/15/2026 00:00:00,,00040,20,0002,05/18/2028 00:00:00,1588.300000,31766.000000,0.00,1,False
2837,02/15/2026 00:00:00,,00147,55,0002,05/18/2028 00:00:00,1940.736750,106740.521250,0.00,1,False
2838,02/15/2026 00:00:00,,00053,160,0002,05/18/2028 00:00:00,890.812500,142530.000000,0.00,1,False
2839,02/15/2026 00:00:00,,00177,80,0002,05/18/2028 00:00:00,1279.062500,102325.000000,0.00,1,False
2840,02/15/2026 00:00:00,,00049,20,0002,05/18/2028 00:00:00,217.456150,4349.123000,0.00,1,False
2841,02/15/2026 00:00:00,,00210,108,0002,05/18/2028 00:00:00,631.078726,68156.502400,0.00,1,False
2842,02/15/2026 00:00:00,,00191,15,0002,05/18/2028 00:00:00,745.833250,11187.498750,0.00,1,False
2843,02/15/2026 00:00:00,,00220,20,0002,05/18/2028 00:00:00,539.500000,10790.000000,0.00,1,False
2844,02/16/2026 00:00:00,,00159,544,0002,05/18/2028 00:00:00,57.500640,31280.348160,0.00,1,False
2845,02/16/2026 00:00:00,,00158,28,0002,05/18/2028 00:00:00,668.096357,18706.698000,0.00,1,False
2846,02/16/2026 00:00:00,,00032,120,0002,05/18/2028 00:00:00,297.315772,35677.892600,0.00,1,False
2847,02/16/2026 00:00:00,,00131,144,0002,05/18/2028 00:00:00,954.858339,137499.600800,0.00,1,False
2848,02/16/2026 00:00:00,,00197,60,0002,05/18/2028 00:00:00,767.368783,46042.127000,0.00,1,False
2849,02/16/2026 00:00:00,,00208,120,0002,05/18/2028 00:00:00,237.147160,28457.659200,0.00,1,False
2850,02/17/2026 00:00:00,,00199,99,0001,05/18/2028 00:00:00,1344.904646,133145.560000,0.00,1,False
2851,02/17/2026 00:00:00,,00333,120,0001,05/18/2028 00:00:00,475.918337,57110.200400,0.00,1,False
2852,02/17/2026 00:00:00,,00334,120,0001,05/18/2028 00:00:00,409.337310,49120.477200,0.00,1,False
2853,02/17/2026 00:00:00,,00252,120,0001,05/18/2028 00:00:00,380.145837,45617.500400,0.00,1,False
2854,02/17/2026 00:00:00,,00335,120,0001,05/18/2028 00:00:00,562.664527,67519.743200,0.00,1,False
2855,02/17/2026 00:00:00,,00336,120,0001,05/18/2028 00:00:00,405.078597,48609.431600,0.00,1,False
2856,02/17/2026 00:00:00,,00260,40,0001,05/18/2028 00:00:00,1211.730650,48469.226000,0.00,1,False
2857,02/17/2026 00:00:00,,00337,120,0001,05/18/2028 00:00:00,437.562797,52507.535600,0.00,1,False
2858,02/17/2026 00:00:00,,00332,36,0001,05/18/2028 00:00:00,1173.944428,42261.999400,0.00,1,False
2859,02/18/2026 00:00:00,,00016,100,0001,05/18/2028 00:00:00,599.575000,59957.500000,0.00,1,False
2860,02/18/2026 00:00:00,,00125,12,0001,05/18/2028 00:00:00,792.404000,9508.848000,0.00,1,False
2861,02/18/2026 00:00:00,,00306,100,0001,05/18/2028 00:00:00,859.344900,85934.490000,0.00,1,False
2862,02/18/2026 00:00:00,,00231,20,0001,05/18/2028 00:00:00,567.500000,11350.000000,0.00,1,False
2863,02/18/2026 00:00:00,,00211,40,0001,05/18/2028 00:00:00,686.975050,27479.002000,0.00,1,False
2864,02/18/2026 00:00:00,,00178,50,0001,05/18/2028 00:00:00,358.760000,17938.000000,0.00,1,False
2865,02/18/2026 00:00:00,,00040,25,0001,05/18/2028 00:00:00,571.552000,14288.800000,0.00,1,False
2866,02/19/2026 00:00:00,,00022,200,001,05/18/2028 00:00:00,514.500000,102900.000000,0.00,1,False
2867,02/19/2026 00:00:00,,00118,10,0001,05/18/2028 00:00:00,3036.265000,30362.650000,0.00,1,False
2868,02/21/2026 00:00:00,,00156,1205,0001,05/18/2028 00:00:00,457.240601,550974.923750,0.00,1,False
2869,02/21/2026 00:00:00,,00338,200,0001,05/18/2028 00:00:00,439.500000,87900.000000,0.00,1,False
2870,02/21/2026 00:00:00,,00231,100,0001,05/18/2028 00:00:00,542.500000,54250.000000,0.00,1,False
2871,02/21/2026 00:00:00,,00285,150,0001,05/18/2028 00:00:00,361.106670,54166.000500,0.00,1,False
2872,02/21/2026 00:00:00,,00278,20,0001,05/18/2028 00:00:00,937.230000,18744.600000,0.00,1,False
2873,02/21/2026 00:00:00,,00274,32,0001,05/18/2028 00:00:00,1988.625000,63636.000000,0.00,1,False
2874,02/21/2026 00:00:00,,00281,32,0001,05/18/2028 00:00:00,903.211250,28902.760000,0.00,1,False
2875,02/21/2026 00:00:00,,00289,10,0001,05/18/2028 00:00:00,5013.750000,50137.500000,0.00,1,False
2876,02/21/2026 00:00:00,,00040,1,0001,05/19/2028 00:00:00,652.000000,652.000000,0.00,1,False
2877,02/21/2026 00:00:00,,00016,30,0001,05/19/2028 00:00:00,603.583333,18107.500000,0.00,1,False
2878,02/21/2026 00:00:00,,00178,40,0001,05/19/2028 00:00:00,376.200000,15048.000000,0.00,1,False
2879,02/21/2026 00:00:00,,00163,4,0001,05/19/2028 00:00:00,2005.375000,8021.500000,0.00,1,False
2880,02/22/2006 00:00:00,,00040,1,0001,05/19/2028 00:00:00,745.000000,745.000000,0.00,1,False
2881,02/22/2026 00:00:00,,00186,25,0001,05/19/2028 00:00:00,490.320000,12258.000000,0.00,1,False
2882,02/22/2026 00:00:00,,00024,60,0001,05/19/2028 00:00:00,452.636223,27158.173400,0.00,1,False
2883,02/22/2026 00:00:00,,00223,4,0001,05/19/2028 00:00:00,1095.957700,4383.830800,0.00,1,False
2884,02/22/2026 00:00:00,,00196,50,0001,05/19/2028 00:00:00,715.000000,35750.000000,0.00,1,False
2885,02/22/2026 00:00:00,,00016,175,0001,05/20/2028 00:00:00,598.178500,104681.237500,0.00,1,False
2886,02/22/2026 00:00:00,,00212,50,0001,05/20/2028 00:00:00,719.699750,35984.987500,0.00,1,False
2887,02/22/2026 00:00:00,,00264,200,0001,05/20/2028 00:00:00,447.891802,89578.360400,0.00,1,False
2888,02/22/2026 00:00:00,,00032,36,0001,05/20/2028 00:00:00,301.182019,10842.552670,0.00,1,False
2889,02/22/2026 00:00:00,,00022,100,0001,05/20/2028 00:00:00,676.500000,67650.000000,0.00,1,False
2890,02/23/2026 00:00:00,,00220,50,0001,05/20/2028 00:00:00,507.168000,25358.400000,0.00,1,False
2891,02/23/2016 00:00:00,,00186,105,0001,05/20/2028 00:00:00,544.852512,57209.513750,0.00,1,False
2892,02/23/2026 00:00:00,,00022,25,0001,05/20/2028 00:00:00,669.600000,16740.000000,0.00,1,False
2893,02/23/2026 00:00:00,,00016,20,0001,05/20/2028 00:00:00,545.799530,10915.990600,0.00,1,False
2894,02/23/2026 00:00:00,,00032,120,0001,05/20/2028 00:00:00,234.633598,28156.031800,0.00,1,False
2895,02/23/2026 00:00:00,,00147,25,0001,05/20/2028 00:00:00,2922.558750,73063.968750,0.00,1,False
2896,02/23/2026 00:00:00,,00228,41,0001,05/20/2028 00:00:00,2848.886463,116804.345000,0.00,1,False
2897,02/23/2026 00:00:00,,00138,36,0001,05/20/2028 00:00:00,997.708344,35917.500400,0.00,1,False
2898,02/23/2026 00:00:00,,00296,25,0001,05/20/2028 00:00:00,906.000000,22650.000000,0.00,1,False
2899,02/23/2026 00:00:00,,00286,32,0001,05/21/2028 00:00:00,770.668750,24661.400000,0.00,1,False
2900,02/22/2026 00:00:00,,00245,10,0001,05/21/2028 00:00:00,5975.000000,59750.000000,0.00,1,False
2901,02/23/2026 00:00:00,,00286,32,0001,05/22/2028 00:00:00,647.437500,20718.000000,0.00,1,False
2902,02/23/2026 00:00:00,,00054,12,0001,05/22/2028 00:00:00,410.691667,4928.300000,0.00,1,False
2903,02/24/2026 00:00:00,,00150,100,0001,05/22/2028 00:00:00,764.231900,76423.190000,0.00,1,False
2904,02/24/2026 00:00:00,,00147,20,0001,05/22/2028 00:00:00,2861.465000,57229.300000,0.00,1,False
2905,02/24/2026 00:00:00,,00134,40,0001,05/22/2028 00:00:00,1036.125000,41445.000000,0.00,1,False
2906,02/24/2026 00:00:00, Jelito 25 lit,00147,30,0001,05/22/2028 00:00:00,4293.250083,128797.502500,0.00,1,False
2907,02/24/2026 00:00:00,,00297,120,0001,05/22/2028 00:00:00,371.988500,44638.620000,0.00,1,False
2908,02/24/2026 00:00:00,,00247,8,0001,05/22/2028 00:00:00,1093.500000,8748.000000,0.00,1,False
2909,02/24/2026 00:00:00,,00022,35,0001,05/22/2028 00:00:00,710.857250,24880.003750,0.00,1,False
2910,02/24/2026 00:00:00,,00231,50,0001,05/22/2028 00:00:00,592.370000,29618.500000,0.00,1,False
2911,02/24/2026 00:00:00,,00125,20,0001,05/22/2028 00:00:00,514.042000,10280.840000,0.00,1,False
2912,02/24/2026 00:00:00,,00258,5,0001,05/22/2028 00:00:00,1413.223750,7066.118750,0.00,1,False
2913,02/24/2026 00:00:00,,00284,5,0001,05/22/2028 00:00:00,766.000000,3830.000000,0.00,1,False
2914,02/25/2026 00:00:00,,00287,28,0001,05/22/2028 00:00:00,960.183593,26885.140600,0.00,1,False
2915,02/25/2026 00:00:00,,00341,120,0001,05/22/2028 00:00:00,394.525173,47343.020800,0.00,1,False
2916,02/25/2026 00:00:00,,00342,120,0001,05/22/2028 00:00:00,415.071667,49808.600000,0.00,1,False
2917,02/25/2026 00:00:00,,00187,20,0001,05/22/2028 00:00:00,1702.302500,34046.050000,0.00,1,False
2918,02/25/2026 00:00:00,,00248,250,0001,05/22/2028 00:00:00,45.052711,11263.177800,0.00,1,False
2919,02/25/2026 00:00:00,,00258,10,0001,05/22/2028 00:00:00,1910.150000,19101.500000,0.00,1,False
2920,02/25/2026 00:00:00,,00199,151,0001,05/22/2028 00:00:00,1066.088987,160979.437000,0.00,1,False
2921,02/26/2026 00:00:00,,00343,100,0001,05/22/2028 00:00:00,806.000000,80600.000000,0.00,1,False
2922,02/26/2026 00:00:00,,00294,32,0002,05/22/2028 00:00:00,634.187500,20294.000000,0.00,1,False
2923,02/26/2026 00:00:00,,00126,1375,0002,05/22/2028 00:00:00,52.225088,71809.496250,0.00,1,False
2924,02/26/2026 00:00:00,,00248,750,0002,05/22/2028 00:00:00,42.071499,31553.624000,0.00,1,False
2925,02/26/2026 00:00:00,,00220,50,0002,05/22/2028 00:00:00,536.983500,26849.175000,0.00,1,False
2926,02/26/2026 00:00:00,,00040,1,0002,05/22/2028 00:00:00,665.000000,665.000000,0.00,1,False
2927,02/27/2026 00:00:00,,00199,102,0002,05/22/2028 00:00:00,608.823466,62099.993500,0.00,1,False
2928,02/27/2026 00:00:00,,00339,200,0001,05/22/2028 00:00:00,1605.200000,321040.000000,0.00,1,False
2929,02/27/2026 00:00:00,,00340,200,0001,05/22/2028 00:00:00,1105.900000,221180.000000,0.00,1,False
2930,02/28/2026 00:00:00,,00292,200,0002,05/22/2028 00:00:00,908.880000,181776.000000,0.00,1,False
2931,03/01/2026 00:00:00,,00020,125,0001,05/22/2028 00:00:00,55.600000,6950.000000,0.00,1,False
2932,03/01/2026 00:00:00,,00022,45,0001,05/22/2028 00:00:00,731.777778,32930.000000,0.00,1,False
2933,03/01/2026 00:00:00,,00284,47,0001,05/22/2028 00:00:00,801.702197,37680.003250,0.00,1,False
2934,03/01/2026 00:00:00,,00016,74,0001,05/21/2028 00:00:00,392.743885,29063.047500,0.00,1,False
2935,03/01/2026 00:00:00,,00014,1025,0001,05/22/2028 00:00:00,47.240935,48421.958750,0.00,1,False
2936,03/01/2026 00:00:00,,00212,35,0001,05/22/2028 00:00:00,868.023750,30380.831250,0.00,1,False
2937,03/01/2026 00:00:00,,00258,20,0001,05/22/2028 00:00:00,2636.850000,52737.000000,0.00,1,False
2938,03/01/2026 00:00:00,,00052,8,0001,05/22/2028 00:00:00,1530.687500,12245.500000,0.00,1,False
2939,03/01/2026 00:00:00,,00187,16,0001,05/23/2028 00:00:00,1437.347550,22997.560800,0.00,1,False
2940,03/01/2026 00:00:00,,00231,13,0001,05/23/2028 00:00:00,421.076885,5473.999500,0.00,1,False
2941,03/01/2026 00:00:00,,00051,8,0001,05/23/2028 00:00:00,804.650000,6437.200000,0.00,1,False
2942,03/01/2026 00:00:00,,00032,120,0001,05/23/2028 00:00:00,304.793302,36575.196250,0.00,1,False
2943,03/01/2026 00:00:00,,00010,400,0001,05/23/2028 00:00:00,25.097147,10038.858600,0.00,1,False
2944,03/02/2026 00:00:00,,00051,80,0001,05/23/2028 00:00:00,810.925000,64874.000000,0.00,1,False
2945,03/02/2026 00:00:00,,00230,40,0001,05/23/2028 00:00:00,1223.221250,48928.850000,0.00,1,False
2946,03/02/2026 00:00:00,,00180,20,0001,05/23/2028 00:00:00,2198.820000,43976.400000,0.00,1,False
2947,03/02/2026 00:00:00,,00049,20,0001,05/23/2028 00:00:00,698.812500,13976.250000,0.00,1,False
2948,03/02/2026 00:00:00,,00118,5,0001,05/23/2028 00:00:00,2722.750000,13613.750000,0.00,1,False
2949,03/02/2026 00:00:00,,00206,60,0001,05/23/2028 00:00:00,473.416667,28405.000000,0.00,1,False
2950,03/02/2026 00:00:00,,00037,2,0001,05/23/2028 00:00:00,1548.337000,3096.674000,0.00,1,False
2951,03/03/2026 00:00:00,,00278,32,0001,05/23/2028 00:00:00,1292.381150,41356.196800,0.00,1,False
2952,03/03/2026 00:00:00,,00280,32,0001,05/23/2028 00:00:00,971.328150,31082.500800,0.00,1,False
2953,03/03/2026 00:00:00,,00289,10,0001,05/23/2028 00:00:00,4784.600000,47846.000000,0.00,1,False
2954,03/03/2026 00:00:00,,00273,10,0001,05/23/2028 00:00:00,1638.300000,16383.000000,0.00,1,False
2955,03/04/2026 00:00:00,,00028,100,0001,05/26/2028 00:00:00,717.543750,71754.375000,0.00,1,False
2956,03/04/2026 00:00:00,,00026,1000,0001,05/26/2028 00:00:00,28.701750,28701.750000,0.00,1,False
2957,03/04/2026 00:00:00,,00086,240,0001,05/26/2028 00:00:00,409.895833,98375.000000,0.00,1,False
2958,03/04/2026 00:00:00,,00220,11,0001,05/26/2028 00:00:00,355.181795,3906.999750,0.00,1,False
2959,03/04/2026 00:00:00,,00125,20,0001,05/26/2028 00:00:00,747.116250,14942.325000,0.00,1,False
2960,03/04/2026 00:00:00,,00126,425,0001,05/26/2028 00:00:00,79.447003,33764.976250,0.00,1,False
2961,03/04/2026 00:00:00,,00258,10,0001,05/26/2028 00:00:00,2056.733250,20567.332500,0.00,1,False
2962,03/04/2026 00:00:00,,00265,125,0001,05/26/2028 00:00:00,36.349330,4543.666250,0.00,1,False
2963,03/04/2026 00:00:00,,00016,25,0001,05/26/2028 00:00:00,400.600000,10015.000000,0.00,1,False
2964,03/04/2026 00:00:00,,00022,20,0001,05/26/2028 00:00:00,673.531250,13470.625000,0.00,1,False
2965,03/04/2026 00:00:00,,00020,125,0001,05/26/2028 00:00:00,52.221250,6527.656250,0.00,1,False
2966,03/04/2026 00:00:00,,00262,150,0001,05/26/2028 00:00:00,15.111458,2266.718750,0.00,1,False
2967,03/04/2026 00:00:00,,00049,16,0001,05/27/2028 00:00:00,660.187500,10563.000000,0.00,1,False
2968,03/04/2026 00:00:00,,00040,5,0001,05/27/2028 00:00:00,769.648750,3848.243750,0.00,1,False
2969,03/04/2026 00:00:00,,00039,60,0001,05/27/2028 00:00:00,168.845950,10130.757000,0.00,1,False
2970,03/04/2026 00:00:00,,00231,20,0001,05/27/2028 00:00:00,322.000000,6440.000000,0.00,1,False
2971,03/04/2026 00:00:00,,00078,100,0003,05/27/2028 00:00:00,650.500000,65050.000000,0.00,1,False
2972,03/04/2026 00:00:00,,00212,6,0003,05/27/2028 00:00:00,1030.710333,6184.262000,0.00,1,False
2973,03/04/2026 00:00:00,,00215,50,0001,05/27/2028 00:00:00,17.700000,885.000000,0.00,1,False
2974,03/04/2026 00:00:00,,00233,400,0003,05/27/2028 00:00:00,23.014230,9205.691900,0.00,1,False
2975,03/05/2026 00:00:00,,00147,84,0003,05/27/2028 00:00:00,2378.229095,199771.244000,0.00,1,False
2976,03/05/2026 00:00:00,,00040,5,0003,05/27/2028 00:00:00,783.000000,3915.000000,0.00,1,False
2977,03/05/2026 00:00:00,,00040,3,0003,05/27/2028 00:00:00,786.666583,2359.999750,0.00,1,False
2978,03/05/2026 00:00:00,,00199,5,0003,05/27/2028 00:00:00,736.000000,3680.000000,0.00,1,False
2979,03/07/2026 00:00:00,,00145,124,0003,05/27/2028 00:00:00,726.618460,90100.689000,0.00,1,False
2980,03/07/2026 00:00:00,,00136,80,0003,05/27/2028 00:00:00,826.531250,66122.500000,0.00,1,False
2981,03/07/2026 00:00:00,,00135,96,0003,05/27/2028 00:00:00,1025.045817,98404.398400,0.00,1,False
2982,03/07/2026 00:00:00,,00132,80,0003,05/27/2028 00:00:00,1302.583950,104206.716000,0.00,1,False
2983,03/08/2026 00:00:00,,00197,60,0003,05/27/2028 00:00:00,1155.764767,69345.886000,0.00,1,False
2984,03/08/2026 00:00:00,,00022,15,0003,05/27/2028 00:00:00,674.666750,10120.001250,0.00,1,False
2985,03/08/2026 00:00:00,,00231,20,0003,05/27/2028 00:00:00,325.333250,6506.665000,0.00,1,False
2986,03/08/2026 00:00:00,,00248,250,0003,05/27/2028 00:00:00,33.814222,8453.555600,0.00,1,False
2987,03/08/2026 00:00:00,,00016,10,0003,05/28/2028 00:00:00,615.350000,6153.500000,0.00,1,False
2988,03/08/2026 00:00:00,,00130,112,0003,05/28/2028 00:00:00,974.751064,109172.119200,0.00,1,False
2989,03/08/2026 00:00:00,,00129,12,0003,05/28/2028 00:00:00,2818.250000,33819.000000,0.00,1,False
2990,03/08/2026 00:00:00,,00131,20,0003,05/28/2028 00:00:00,970.771000,19415.420000,0.00,1,False
2991,03/08/2026 00:00:00,,00144,24,0003,05/28/2028 00:00:00,835.541667,20053.000000,0.00,1,False
2992,03/09/2026 00:00:00,,00047,200,0003,05/28/2028 00:00:00,1353.536000,270707.200000,0.00,1,False
2993,03/09/2026 00:00:00,,00048,600,0003,05/28/2028 00:00:00,223.250000,133950.000000,0.00,1,False
2994,03/09/2026 00:00:00,,00213,40,0003,05/28/2028 00:00:00,804.331500,32173.260000,0.00,1,False
2995,03/09/2026 00:00:00,,00278,52,0003,05/28/2028 00:00:00,1344.730788,69926.001000,0.00,1,False
2996,03/09/2026 00:00:00,,00274,40,0003,05/28/2028 00:00:00,2963.700000,118548.000000,0.00,1,False
2997,03/09/2026 00:00:00,,00286,40,0003,05/28/2028 00:00:00,831.950000,33278.000000,0.00,1,False
2998,03/09/2026 00:00:00,,00051,24,0003,05/28/2028 00:00:00,1145.166650,27483.999600,0.00,1,False
2999,03/09/2026 00:00:00,,00211,20,0003,05/28/2028 00:00:00,880.060000,17601.200000,0.00,1,False
3000,03/09/2026 00:00:00,,00049,24,0003,05/28/2028 00:00:00,688.062500,16513.500000,0.00,1,False
3001,03/09/2026 00:00:00,,00247,40,0003,05/28/2028 00:00:00,1083.862500,43354.500000,0.00,1,False
3002,03/09/2026 00:00:00,,00180,20,0003,05/28/2028 00:00:00,2163.970000,43279.400000,0.00,1,False
3003,03/09/2026 00:00:00,,00039,300,0003,05/28/2028 00:00:00,162.350003,48705.001000,0.00,1,False
3004,03/10/2026 00:00:00,,00157,200,0003,05/28/2028 00:00:00,678.000000,135600.000000,0.00,1,False
3005,03/10/2026 00:00:00,,00032,132,0003,05/28/2028 00:00:00,369.635619,48791.901730,0.00,1,False
3006,03/10/2026 00:00:00,,00152,99,0003,05/28/2028 00:00:00,198.777175,19678.940350,0.00,1,False
3007,03/10/2026 00:00:00,,00246,10,0003,05/29/2028 00:00:00,2568.338000,25683.380000,0.00,1,False
3008,03/11/2026 00:00:00,,00197,12,0003,05/29/2028 00:00:00,741.114767,8893.377200,0.00,1,False
3009,03/11/2026 00:00:00,,00053,8,0003,05/29/2028 00:00:00,404.000000,3232.000000,0.00,1,False
3010,03/11/2026 00:00:00,,00135,8,0003,05/29/2028 00:00:00,609.750000,4878.000000,0.00,1,False
3011,03/11/2026 00:00:00,,00220,20,0003,05/29/2028 00:00:00,777.500000,15550.000000,0.00,1,False
3012,03/11/2026 00:00:00,,00212,2,0003,05/29/2028 00:00:00,1150.500000,2301.000000,0.00,1,False
3013,03/11/2026 00:00:00,,00039,480,0003,05/29/2028 00:00:00,163.687503,78570.001600,0.00,1,False
3014,03/11/2026 00:00:00,,00147,16,0003,05/29/2028 00:00:00,2248.250000,35972.000000,0.00,1,False
3015,03/11/2026 00:00:00,,00260,40,0003,05/29/2028 00:00:00,294.018000,11760.720000,0.00,1,False
3016,03/11/2026 00:00:00,,00205,120,0003,05/30/2028 00:00:00,341.700000,41004.000000,0.00,1,False
3017,03/11/2026 00:00:00,,00203,120,0003,05/30/2028 00:00:00,382.841670,45941.000400,0.00,1,False
3018,03/12/2026 00:00:00,,00220,10,0003,05/31/2028 00:00:00,555.500000,5555.000000,0.00,1,False
3019,03/12/2026 00:00:00,,00199,400,0003,05/31/2028 00:00:00,1036.776250,414710.500000,0.00,1,False
3020,03/12/2026 00:00:00,,00180,40,0003,05/31/2028 00:00:00,2112.720000,84508.800000,0.00,1,False
3021,03/14/2026 00:00:00,,00233,1000,0003,06/02/2028 00:00:00,20.182322,20182.321500,0.00,1,False
3022,03/14/2026 00:00:00,,00231,200,0003,06/02/2028 00:00:00,287.333250,57466.650000,0.00,1,False
3023,03/14/2026 00:00:00,,00248,1000,0003,06/02/2028 00:00:00,24.623087,24623.086500,0.00,1,False
3024,03/14/2026 00:00:00,,00016,100,0003,06/02/2028 00:00:00,430.040000,43004.000000,0.00,1,False
3025,03/14/2026 00:00:00,,00022,200,0003,06/02/2028 00:00:00,680.425000,136085.000000,0.00,1,False
3026,03/14/2026 00:00:00,,00199,35,0003,06/02/2028 00:00:00,981.428679,34350.003750,0.00,1,False
3027,03/14/2026 00:00:00,,00010,1000,0003,06/02/2028 00:00:00,23.363802,23363.802200,0.00,1,False
3028,03/14/2026 00:00:00,,00032,240,0003,06/02/2028 00:00:00,344.917860,82780.286350,0.00,1,False
3029,03/15/2026 00:00:00,,00274,60,0003,06/02/2028 00:00:00,2335.733333,140144.000000,0.00,1,False
3030,03/15/2026 00:00:00,,00281,60,0003,06/02/2028 00:00:00,1107.500017,66450.001000,0.00,1,False
3031,03/15/2026 00:00:00,,00276,60,0003,06/02/2028 00:00:00,1068.275000,64096.500000,0.00,1,False
3032,03/15/2026 00:00:00,,00273,30,0003,06/02/2028 00:00:00,1062.013417,31860.402500,0.00,1,False
3033,03/15/2026 00:00:00,,00289,30,0003,06/02/2028 00:00:00,4515.322333,135459.670000,0.00,1,False
3034,03/15/2026 00:00:00,,00285,150,0003,06/02/2028 00:00:00,298.362663,44754.399500,0.00,1,False
3035,03/15/2026 00:00:00,,00053,120,0003,06/02/2028 00:00:00,937.033450,112444.014000,0.00,1,False
3036,03/15/2026 00:00:00,,00184,120,0003,06/02/2028 00:00:00,401.083357,48130.002800,0.00,1,False
3037,03/15/2026 00:00:00,,00131,124,0003,06/02/2028 00:00:00,486.626623,60341.701200,0.00,1,False
3038,03/15/2026 00:00:00,,00249,60,0003,06/02/2028 00:00:00,229.000000,13740.000000,0.00,1,False
3039,03/15/2026 00:00:00,,00073,1200,0003,06/02/2028 00:00:00,386.796997,464156.396000,0.00,1,False
3040,03/17/2026 00:00:00,,00048,600,0003,06/09/2028 00:00:00,225.333330,135199.998000,0.00,1,False
3041,03/18/2026 00:00:00,,00077,480,0003,06/09/2028 00:00:00,331.687497,159209.998400,0.00,1,False
3042,03/18/2026 00:00:00,,00327,12,0003,06/09/2028 00:00:00,1190.166667,14282.000000,0.00,1,False
3043,03/18/2026 00:00:00,,00016,20,0003,06/09/2028 00:00:00,585.975000,11719.500000,0.00,1,False
3044,03/26/2026 00:00:00,,00122,24,0003,06/13/2028 00:00:00,534.283333,12822.800000,0.00,1,False
3045,03/26/2026 00:00:00,,00121,50,0003,06/13/2028 00:00:00,276.120000,13806.000000,0.00,1,False
3046,03/26/2026 00:00:00,,00022,35,0003,06/13/2028 00:00:00,663.714250,23229.998750,0.00,1,False
3047,03/26/2026 00:00:00,,00231,30,260326,06/13/2034 00:00:00,355.666750,10670.002500,0.00,1,False
3048,03/26/2026 00:00:00,,00182,300,0003,06/13/2028 00:00:00,25.726500,7717.950100,0.00,1,False
3049,03/26/2026 00:00:00,,00052,16,0003,06/13/2028 00:00:00,1596.812500,25549.000000,0.00,1,False
3050,03/26/2026 00:00:00,,00016,15,0003,06/13/2028 00:00:00,475.166583,7127.498750,0.00,1,False
3051,03/26/2026 00:00:00,,00344,15,0003,06/15/2028 00:00:00,2900.197750,43502.966250,0.00,1,False
3052,03/28/2026 00:00:00,,00209,40,0003,06/15/2028 00:00:00,797.500000,31900.000000,0.00,1,False
3053,03/28/2026 00:00:00,,00131,44,0003,06/15/2028 00:00:00,978.054555,43034.400400,0.00,1,False
3054,03/28/2026 00:00:00,,00084,16,0003,06/15/2028 00:00:00,773.410000,12374.560000,0.00,1,False
3055,03/28/2026 00:00:00,,00313,16,0003,06/15/2028 00:00:00,681.000000,10896.000000,0.00,1,False
3056,03/29/2026 00:00:00,,00022,100,0003,06/15/2028 00:00:00,664.020000,66402.000000,0.00,1,False
3057,03/29/2026 00:00:00,,00231,101,0003,06/15/2028 00:00:00,361.485109,36509.996000,0.00,1,False
3058,03/29/2026 00:00:00,,00220,50,0003,06/15/2028 00:00:00,684.708000,34235.400000,0.00,1,False
3059,03/29/2026 00:00:00,,00182,1500,0003,06/15/2028 00:00:00,13.970166,20955.249500,0.00,1,False
3060,03/29/2026 00:00:00,,00233,2000,0003,06/15/2028 00:00:00,21.447995,42895.990060,0.00,1,False
3061,03/29/2026 00:00:00,,00016,105,0003,06/15/2028 00:00:00,557.306167,58517.147500,0.00,1,False
3062,03/30/2026 00:00:00,,00292,200,0003,06/17/2028 00:00:00,1059.700000,211940.000000,0.00,1,False
3063,03/30/2026 00:00:00,,00349,200,0003,06/17/2028 00:00:00,1325.052000,265010.400000,0.00,1,False
3064,03/30/2026 00:00:00,,00350,40,0003,06/17/2028 00:00:00,1017.100000,40684.000000,0.00,1,False
3065,03/30/2026 00:00:00,,00191,30,0003,06/17/2028 00:00:00,1011.666667,30350.000000,0.00,1,False
3066,03/30/2026 00:00:00,,00265,500,0003,06/17/2028 00:00:00,51.924600,25962.300000,0.00,1,False
3067,03/31/2026 00:00:00,,00144,100,0003,06/18/2028 00:00:00,967.519000,96751.900000,0.00,1,False
3068,04/01/2026 00:00:00,,00269,8,0004,06/19/2028 00:00:00,636.250000,5090.000000,0.00,1,False
3069,04/01/2026 00:00:00,,00346,24,0004,06/19/2028 00:00:00,310.183333,7444.400000,0.00,1,False
3070,04/01/2026 00:00:00,,00348,24,0004,06/19/2028 00:00:00,502.507143,12060.171440,0.00,1,False
3071,04/01/2026 00:00:00,,00309,12,0004,06/19/2028 00:00:00,1591.202383,19094.428600,0.00,1,False
3072,04/01/2026 00:00:00,,00347,24,0004,06/19/2028 00:00:00,344.406667,8265.760000,0.00,1,False
3073,04/01/2026 00:00:00,,00197,8,0004,06/19/2028 00:00:00,1152.453250,9219.626000,0.00,1,False
3074,04/01/2026 00:00:00,,00345,8,0004,06/19/2028 00:00:00,740.000000,5920.000000,0.00,1,False
3075,04/01/2026 00:00:00,,00297,24,0004,06/19/2028 00:00:00,380.551213,9133.229120,0.00,1,False
3076,04/01/2026 00:00:00,,00223,8,0004,06/19/2028 00:00:00,978.089400,7824.715200,0.00,1,False
3077,03/31/2026 00:00:00,,00125,11,0003,06/09/2028 00:00:00,1245.381886,13699.200750,0.00,1,False
3078,03/31/2026 00:00:00,,00016,11,0003,06/19/2028 00:00:00,596.272750,6559.000250,0.00,1,False
3080,04/02/2026 00:00:00,,00020,1250,0004,06/20/2028 00:00:00,53.420000,66775.000000,0.00,1,False
3081,04/02/2026 00:00:00,,00231,205,0004,06/20/2028 00:00:00,362.015152,74213.106250,0.00,1,False
3082,04/02/2026 00:00:00,,00248,775,0004,06/20/2028 00:00:00,37.364617,28957.578050,0.00,1,False
3083,03/31/2026 00:00:00,,00344,21,0003,06/21/2028 00:00:00,3363.079286,70624.665000,0.00,1,False
3084,04/04/2026 00:00:00,,00194,36,0004,06/22/2028 00:00:00,1131.033333,40717.200000,0.00,1,False
3085,04/04/2026 00:00:00,,00188,36,0004,06/22/2028 00:00:00,1026.810844,36965.190400,0.00,1,False
3086,04/04/2026 00:00:00,,00287,36,0004,06/22/2028 00:00:00,734.811100,26453.199600,0.00,1,False
3087,04/04/2026 00:00:00,,00291,24,0004,06/23/2028 00:00:00,1561.270833,37470.500000,0.00,1,False
3088,04/04/2026 00:00:00,,00138,72,0004,06/23/2028 00:00:00,696.694444,50162.000000,0.00,1,False
3089,04/04/2026 00:00:00,,00228,22,0004,06/23/2028 00:00:00,2624.401636,57736.836000,0.00,1,False
3090,04/05/2026 00:00:00,,00051,40,0004,06/23/2028 00:00:00,1425.500000,57020.000000,0.00,1,False
3091,04/05/2026 00:00:00,,00247,40,0004,06/23/2028 00:00:00,598.450000,23938.000000,0.00,1,False
3092,04/05/2026 00:00:00,,00076,30,0004,06/23/2028 00:00:00,926.833333,27805.000000,0.00,1,False
3094,04/05/2026 00:00:00,,00178,100,0004,06/23/2028 00:00:00,237.713600,23771.360000,0.00,1,False
3095,04/05/2026 00:00:00,,00170,8,0004,06/23/2034 00:00:00,712.937500,5703.500000,0.00,1,False
3096,04/05/2026 00:00:00,,00286,40,0004,06/23/2028 00:00:00,712.050000,28482.000000,0.00,1,False
3097,04/05/2026 00:00:00,,00032,72,0004,06/23/2028 00:00:00,292.551688,21063.721520,0.00,1,False
3098,04/05/2026 00:00:00,,00049,4,0004,06/23/2028 00:00:00,747.119550,2988.478200,0.00,1,False
3099,04/05/2026 00:00:00,,00231,20,0004,06/23/2028 00:00:00,400.000000,8000.000000,0.00,1,False
3100,04/06/2026 00:00:00,,00218,1500,0004,06/24/2028 00:00:00,46.553067,69829.600000,0.00,1,False
3101,04/06/2026 00:00:00,,00225,40,0004,06/24/2028 00:00:00,700.560000,28022.400000,0.00,1,False
3102,04/06/2026 00:00:00,,00049,8,0004,06/24/2028 00:00:00,770.062500,6160.500000,0.00,1,False
3103,04/07/2026 00:00:00,,00016,20,0004,06/24/2028 00:00:00,587.750000,11755.000000,0.00,1,False
3104,04/07/2026 00:00:00,,00265,500,0004,06/24/2028 00:00:00,50.824000,25412.000000,0.00,1,False
3105,04/07/2026 00:00:00,,00008,200,0004,06/24/2028 00:00:00,24.837470,4967.494000,0.00,1,False
3106,04/07/2026 00:00:00,,00182,1466,0004,06/24/2028 00:00:00,19.599867,28733.405180,0.00,1,False
3107,04/07/2026 00:00:00,,00262,1500,0004,06/24/2028 00:00:00,13.103333,19654.999500,0.00,1,False
3108,04/07/2026 00:00:00,,00013,1000,0004,06/24/2028 00:00:00,23.175600,23175.600000,0.00,1,False
3109,04/07/2026 00:00:00,,00010,1000,0004,06/24/2028 00:00:00,23.376390,23376.390000,0.00,1,False
3110,04/07/2026 00:00:00,,00351,4,0004,06/24/2028 00:00:00,15436.812500,61747.250000,0.00,1,False
3111,04/07/2026 00:00:00,,00116,20,0004,06/24/2028 00:00:00,1035.750000,20715.000000,0.00,1,False
3112,04/05/2026 00:00:00,,00052,84,0004,06/25/2028 00:00:00,890.276786,74783.250000,0.00,1,False
3113,04/08/2026 00:00:00,,00285,210,0004,06/26/2028 00:00:00,276.904759,58149.999400,0.00,1,False
3114,04/08/2026 00:00:00,,00286,60,0004,06/26/2028 00:00:00,730.066667,43804.000000,0.00,1,False
3115,04/09/2026 00:00:00,,00220,300,0004,06/28/2028 00:00:00,655.823417,196747.025000,0.00,1,False
3116,04/09/2026 00:00:00,,00231,150,0004,06/28/2028 00:00:00,366.666667,55000.000000,0.00,1,False
3117,04/09/2026 00:00:00,,00233,300,0004,06/28/2028 00:00:00,10.761083,3228.325000,0.00,1,False
3118,04/09/2026 00:00:00,,00259,480,0004,06/28/2028 00:00:00,21.703125,10417.500000,0.00,1,False
3119,04/09/2026 00:00:00,,00016,30,0004,06/28/2028 00:00:00,590.737417,17722.122500,0.00,1,False
3120,04/09/2026 00:00:00,,00022,50,0004,06/28/2028 00:00:00,687.314250,34365.712500,0.00,1,False
3121,04/09/2026 00:00:00,,00020,500,0004,06/28/2028 00:00:00,61.948570,30974.285000,0.00,1,False
3122,04/09/2026 00:00:00,,00265,500,0004,06/28/2028 00:00:00,142.362530,71181.265000,0.00,1,False
3123,04/09/2026 00:00:00,,00040,10,0004,06/28/2028 00:00:00,755.983250,7559.832500,0.00,1,False
3124,04/09/2026 00:00:00,,00039,345,0004,06/28/2028 00:00:00,163.265707,56326.668850,0.00,1,False
3125,04/09/2026 00:00:00,,00040,200,0004,06/28/2028 00:00:00,732.400000,146480.000000,0.00,1,False
3126,04/10/2026 00:00:00,,00257,400,0004,06/28/2028 00:00:00,27.598375,11039.350000,0.00,1,False
3127,04/10/2026 00:00:00,,00220,5,0004,06/28/2028 00:00:00,489.600000,2448.000000,0.00,1,False
3128,04/10/2026 00:00:00,,00020,75,0004,06/28/2028 00:00:00,48.653333,3649.000000,0.00,1,False
3129,04/10/2026 00:00:00,,00022,5,0004,06/28/2028 00:00:00,550.000000,2750.000000,0.00,1,False
3130,04/10/2026 00:00:00,,00215,1025,0004,06/28/2028 00:00:00,141.980980,145530.504500,0.00,1,False
3131,04/10/2026 00:00:00,,00258,10,0004,06/28/2028 00:00:00,3771.900000,37719.000000,0.00,1,False
3132,04/10/2026 00:00:00,,00231,20,0004,06/28/2028 00:00:00,372.500000,7450.000000,0.00,1,False
3133,04/10/2026 00:00:00,,00051,8,0004,06/28/2028 00:00:00,872.650950,6981.207600,0.00,1,False
3134,04/10/2026 00:00:00,,00259,425,0004,06/28/2028 00:00:00,23.181629,9852.192470,0.00,1,False
3135,04/10/2026 00:00:00,,00010,500,0004,06/28/2028 00:00:00,25.152983,12576.491600,0.00,1,False
3136,04/10/2026 00:00:00,,00032,48,0004,06/28/2028 00:00:00,295.036667,14161.760000,0.00,1,False
3137,04/10/2026 00:00:00,,00049,8,0004,06/28/2028 00:00:00,783.850000,6270.800000,0.00,1,False
3138,04/10/2026 00:00:00,,00016,35,0004,06/28/2028 00:00:00,593.252643,20763.842500,0.00,1,False
3139,04/10/2026 00:00:00,,00052,16,0004,06/28/2028 00:00:00,963.850000,15421.600000,0.00,1,False
3140,04/11/2026 00:00:00,,00352,12,0004,06/29/2028 00:00:00,3757.491750,45089.901000,0.00,1,False
3141,04/11/2026 00:00:00,,00049,20,0004,06/29/2028 00:00:00,711.450000,14229.000000,0.00,1,False
3142,04/11/2026 00:00:00,,00047,100,0004,06/29/2028 00:00:00,1774.188000,177418.800000,0.00,1,False
3143,04/11/2026 00:00:00,,00137,20,0004,06/29/2028 00:00:00,4968.775000,99375.500000,0.00,1,False
3144,04/11/2026 00:00:00,,00150,80,0004,06/29/2028 00:00:00,716.217500,57297.400000,0.00,1,False
3145,04/11/2026 00:00:00,,00157,80,0004,06/29/2028 00:00:00,547.712500,43817.000000,0.00,1,False
3146,04/11/2026 00:00:00,,00196,20,0004,06/29/2028 00:00:00,716.000000,14320.000000,0.00,1,False
3147,04/12/2026 00:00:00,,00156,227,0004,06/30/2028 00:00:00,715.110061,162329.983750,0.00,1,False
3148,04/12/2026 00:00:00,,00016,57,0004,06/30/2028 00:00:00,551.608829,31441.703250,0.00,1,False
3149,04/13/2026 00:00:00,,00028,100,0004,07/01/2028 00:00:00,1232.043750,123204.375000,0.00,1,False
3150,04/13/2026 00:00:00,,00022,100,0004,07/01/2028 00:00:00,532.300000,53230.000000,0.00,1,False
3151,04/13/2026 00:00:00,,00035,4,0001,07/01/2028 00:00:00,7730.000000,30920.000000,0.00,1,False
3152,04/13/2026 00:00:00,,00231,2,0004,07/01/2028 00:00:00,320.000000,640.000000,0.00,1,False
3153,04/13/2026 00:00:00,,00285,150,0004,07/01/2028 00:00:00,262.000003,39300.000500,0.00,1,False
3154,04/13/2026 00:00:00,,00276,52,0004,07/01/2028 00:00:00,917.645621,47717.572300,0.00,1,False
3155,04/13/2026 00:00:00,,00277,60,0004,07/01/2028 00:00:00,349.133963,20948.037800,0.00,1,False
3156,04/13/2026 00:00:00,,00278,60,0004,07/01/2028 00:00:00,872.024433,52321.466000,0.00,1,False
3157,04/13/2026 00:00:00,,00279,120,0004,07/01/2028 00:00:00,302.857140,36342.856800,0.00,1,False
3158,04/13/2026 00:00:00,,00281,52,0004,07/01/2028 00:00:00,845.404971,43961.058500,0.00,1,False
3159,04/13/2026 00:00:00,,00282,60,0004,07/01/2028 00:00:00,292.185833,17531.150000,0.00,1,False
3160,04/13/2026 00:00:00,,00274,32,0004,07/02/2028 00:00:00,2500.153088,80004.898800,0.00,1,False
3161,04/13/2026 00:00:00,,00275,60,0004,07/02/2028 00:00:00,625.116063,37506.963800,0.00,1,False
3162,04/13/2026 00:00:00,,00286,20,0004,07/02/2028 00:00:00,715.239438,14304.788750,0.00,1,False
3163,04/13/2026 00:00:00,,00273,20,0004,07/02/2028 00:00:00,947.620000,18952.400000,0.00,1,False
3164,04/13/2026 00:00:00,,00280,40,0004,07/02/2028 00:00:00,1456.800438,58272.017500,0.00,1,False
3165,04/13/2026 00:00:00,,00289,30,0004,07/02/2028 00:00:00,5061.286750,151838.602500,0.00,1,False
3166,04/14/2026 00:00:00,,00212,50,0004,07/02/2028 00:00:00,1281.208000,64060.400000,0.00,1,False
3167,04/14/2026 00:00:00,,00220,50,0004,07/02/2028 00:00:00,531.200000,26560.000000,0.00,1,False
3168,04/14/2026 00:00:00,,00283,594,0004,07/02/2028 00:00:00,590.507057,350761.191680,0.00,1,False
3169,04/14/2026 00:00:00,,00208,240,0004,07/02/2028 00:00:00,498.208330,119569.999200,0.00,1,False
3170,04/14/2026 00:00:00,,00139,40,0004,07/02/2028 00:00:00,660.356250,26414.250000,0.00,1,False
3171,04/11/2026 00:00:00,,00032,60,004,07/02/2028 00:00:00,296.356667,17781.400000,0.00,1,False
3172,04/15/2026 00:00:00,,00073,1200,0004,07/12/2028 00:00:00,198.026280,237631.536000,0.00,1,False
3173,04/16/2026 00:00:00,,00127,1000,0004,07/12/2028 00:00:00,88.812230,88812.230000,0.00,1,False
3174,04/16/2026 00:00:00,,00086,240,0004,07/12/2028 00:00:00,175.896300,42215.112000,0.00,1,False
3175,04/18/2026 00:00:00,,00051,120,0004,07/12/2028 00:00:00,987.552567,118506.308000,0.00,1,False
3176,04/18/2026 00:00:00,,00259,540,0004,07/12/2028 00:00:00,23.662292,12777.637600,0.00,1,False
3177,04/18/2026 00:00:00,,00211,60,0004,07/12/2028 00:00:00,846.749454,50804.967250,0.00,1,False
3178,04/18/2026 00:00:00,,00233,100,0004,07/12/2028 00:00:00,9.853800,985.380000,0.00,1,False
3179,04/19/2026 00:00:00,,00199,402,0004,07/12/2028 00:00:00,1118.151101,449496.742500,0.00,1,False
3180,04/19/2026 00:00:00,,00052,44,0004,07/12/2028 00:00:00,872.711333,38399.298650,0.00,1,False
3181,04/19/2026 00:00:00,,00247,40,0004,07/12/2028 00:00:00,1095.092788,43803.711500,0.00,1,False
3182,04/19/2026 00:00:00,,00315,100,0004,07/12/2028 00:00:00,519.600000,51960.000000,0.00,1,False
3183,04/19/2026 00:00:00,,00049,20,0004,07/12/2028 00:00:00,680.552238,13611.044750,0.00,1,False
3184,04/19/2026 00:00:00,,00032,120,0004,07/12/2028 00:00:00,271.029227,32523.507200,0.00,1,False
3185,04/19/2026 00:00:00,,00039,495,0004,07/12/2028 00:00:00,177.070704,87649.998600,0.00,1,False
3186,04/20/2026 00:00:00,,00197,20,0004,07/12/2028 00:00:00,575.042850,11500.857000,0.00,1,False
3187,04/20/2026 00:00:00,,00345,12,0001,07/12/2028 00:00:00,986.406121,11836.873450,0.00,1,False
3188,04/20/2026 00:00:00,,00269,20,0004,07/13/2028 00:00:00,995.690538,19913.810750,0.00,1,False
3189,04/20/2026 00:00:00,,00272,20,0001,07/13/2028 00:00:00,743.929438,14878.588750,0.00,1,False
3190,04/20/2026 00:00:00,,00136,80,0004,07/13/2028 00:00:00,797.785881,63822.870500,0.00,1,False
3191,04/20/2026 00:00:00,,00130,20,0004,07/13/2028 00:00:00,738.249438,14764.988750,0.00,1,False
3192,04/20/2026 00:00:00,,00145,40,0004,07/13/2028 00:00:00,1086.218631,43448.745250,0.00,1,False
3193,04/20/2026 00:00:00,,00203,180,0004,07/13/2028 00:00:00,386.415494,69554.789000,0.00,1,False
3194,04/20/2026 00:00:00,,00212,100,0004,07/13/2028 00:00:00,1354.187750,135418.775000,0.00,1,False
3195,04/20/2026 00:00:00,,00220,100,0004,07/13/2028 00:00:00,533.600000,53360.000000,0.00,1,False
3196,04/20/2026 00:00:00,,00231,100,0004,07/13/2028 00:00:00,599.000000,59900.000000,0.00,1,False
3197,04/20/2026 00:00:00,,00022,50,0004,07/13/2028 00:00:00,662.300000,33115.000000,0.00,1,False
3198,04/20/2026 00:00:00,,00032,120,0004,07/13/2028 00:00:00,289.311020,34717.322400,0.00,1,False
3199,04/20/2026 00:00:00,,00233,400,0004,07/13/2028 00:00:00,22.579550,9031.820000,0.00,1,False
3200,04/20/2026 00:00:00,,00259,1420,0004,07/13/2028 00:00:00,21.420775,30417.500000,0.00,1,False
3201,04/20/2026 00:00:00,,00182,1405,0004,07/13/2028 00:00:00,12.607829,17714.000000,0.00,1,False
3202,04/22/2026 00:00:00,,00039,150,0004,07/13/2028 00:00:00,160.280003,24042.000500,0.00,1,False
3203,04/22/2026 00:00:00,,00118,21,0004,07/13/2028 00:00:00,2241.404071,47069.485500,0.00,1,False
3204,04/22/2026 00:00:00,,00147,29,0004,07/13/2028 00:00:00,1203.034371,34887.996750,0.00,1,False
3205,04/22/2026 00:00:00,,00271,20,0004,07/13/2028 00:00:00,850.489438,17009.788750,0.00,1,False
3206,04/22/2026 00:00:00,,00133,40,0004,07/13/2028 00:00:00,1312.996081,52519.843250,0.00,1,False
3207,04/22/2026 00:00:00,,00129,60,0004,07/13/2028 00:00:00,1085.405417,65124.325000,0.00,1,False
3208,04/22/2026 00:00:00,,00131,40,0004,07/13/2028 00:00:00,611.939438,24477.577500,0.00,1,False
3209,04/22/2026 00:00:00,,00135,20,0004,07/13/2028 00:00:00,648.289438,12965.788750,0.00,1,False
3210,04/22/2026 00:00:00,,00307,8,0004,07/13/2028 00:00:00,2065.564438,16524.515500,0.00,1,False
3211,04/22/2026 00:00:00,,00311,8,0004,07/13/2028 00:00:00,583.114438,4664.915500,0.00,1,False
3212,04/22/2026 00:00:00,,00053,100,0004,07/13/2028 00:00:00,680.564015,68056.401500,0.00,1,False
3213,04/22/2026 00:00:00,,00202,60,0004,07/13/2028 00:00:00,320.606000,19236.360000,0.00,1,False
3214,04/22/2026 00:00:00,,00130,20,0004,07/13/2028 00:00:00,714.269438,14285.388750,0.00,1,False
3215,04/22/2026 00:00:00,,00177,44,0004,07/13/2028 00:00:00,1924.493274,84677.704050,0.00,1,False
3216,04/22/2026 00:00:00,,00253,120,0004,07/13/2028 00:00:00,316.825000,38019.000000,0.00,1,False
3217,04/22/2026 00:00:00,,00356,180,0001,07/14/2028 00:00:00,324.958832,58492.589700,0.00,1,False
3218,04/22/2026 00:00:00,,00204,180,0004,07/14/2028 00:00:00,339.517107,61113.079300,0.00,1,False
3219,04/23/2026 00:00:00,,00053,100,0004,07/14/2028 00:00:00,2681.770000,268177.000000,0.00,1,False
3220,04/23/2026 00:00:00,,00130,40,0004,07/14/2028 00:00:00,957.080000,38283.200000,0.00,1,False
3221,04/23/2026 00:00:00,,00190,220,0004,07/14/2028 00:00:00,684.380303,150563.666600,0.00,1,False
3222,04/23/2026 00:00:00,,00131,40,0004,07/14/2028 00:00:00,963.763650,38550.546000,0.00,1,False
3223,04/23/2026 00:00:00,,00145,40,0004,07/14/2028 00:00:00,1629.000000,65160.000000,0.00,1,False
3224,04/23/2026 00:00:00,,00203,60,0004,07/14/2028 00:00:00,476.058608,28563.516500,0.00,1,False
3225,04/23/2026 00:00:00,,00134,60,0004,07/14/2028 00:00:00,666.083350,39965.001000,0.00,1,False
3226,04/23/2026 00:00:00,,00133,20,0004,07/14/2028 00:00:00,1548.382700,30967.654000,0.00,1,False
3227,04/23/2026 00:00:00,,00253,180,0004,07/14/2028 00:00:00,266.041568,47887.482300,0.00,1,False
3228,04/23/2026 00:00:00,,00136,84,0004,07/15/2028 00:00:00,698.914800,58708.843200,0.00,1,False
3229,04/23/2026 00:00:00,,00216,240,0004,07/15/2028 00:00:00,326.601198,78384.287600,0.00,1,False
3230,04/23/2026 00:00:00,,00129,60,0004,07/15/2028 00:00:00,889.212950,53352.777000,0.00,1,False
3231,04/23/2026 00:00:00,,00306,20,0004,07/15/2028 00:00:00,1469.748050,29394.961000,0.00,1,False
3232,04/25/2026 00:00:00,,00158,94,0004,07/15/2028 00:00:00,446.595729,41979.998500,0.00,1,False
3233,04/25/2026 00:00:00,,00357,4,0001,07/15/2028 00:00:00,954.375000,3817.500000,0.00,1,False
3234,04/25/2026 00:00:00,,00359,12,0001,07/15/2028 00:00:00,1203.500000,14442.000000,0.00,1,False
3235,04/25/2026 00:00:00,,00358,12,0001,07/15/2028 00:00:00,884.250000,10611.000000,0.00,1,False
3236,04/25/2026 00:00:00,,00361,12,0001,07/15/2028 00:00:00,1286.533333,15438.400000,0.00,1,False
3237,04/25/2026 00:00:00,,00360,12,0001,07/15/2028 00:00:00,726.750000,8721.000000,0.00,1,False
3238,04/25/2026 00:00:00,,00362,12,0001,07/15/2028 00:00:00,862.500000,10350.000000,0.00,1,False
3239,04/26/2026 00:00:00,,00274,40,0004,07/15/2028 00:00:00,2550.300000,102012.000000,0.00,1,False
3240,04/26/2026 00:00:00,,00039,420,0004,07/15/2028 00:00:00,99.495235,41787.998600,0.00,1,False
3241,04/27/2026 00:00:00,,00284,95,0001,07/15/2028 00:00:00,341.263250,32420.008750,0.00,1,False
3242,04/27/2026 00:00:00,,00010,500,0004,07/15/2028 00:00:00,35.601355,17800.677500,0.00,1,False
3243,04/27/2026 00:00:00,,00008,1491,0004,07/15/2028 00:00:00,31.772570,47372.901250,0.00,1,False
3244,04/27/2026 00:00:00,,00051,44,0004,07/15/2028 00:00:00,387.181818,17036.000000,0.00,1,False
3245,04/27/2026 00:00:00,,00201,331,0004,07/15/2028 00:00:00,35.543813,11765.002000,0.00,1,False
3246,04/27/2026 00:00:00,,00257,500,0001,07/15/2028 00:00:00,26.619562,13309.781000,0.00,1,False
3247,04/27/2026 00:00:00,,00296,59,0004,07/15/2028 00:00:00,769.915254,45425.000000,0.00,1,False
3248,04/27/2026 00:00:00,,00052,44,0004,07/15/2028 00:00:00,563.478268,24793.043800,0.00,1,False
3249,04/27/2026 00:00:00,,00165,2,0001,07/15/2028 00:00:00,11488.250000,22976.500000,0.00,1,False
3250,04/27/2026 00:00:00,,00199,5,0004,07/15/2028 00:00:00,942.500000,4712.500000,0.00,1,False
3251,04/28/2026 00:00:00,,00188,48,0004,07/17/2028 00:00:00,736.958350,35374.000800,0.00,1,False
3252,04/28/2026 00:00:00,,00294,40,0004,07/17/2028 00:00:00,779.500000,31180.000000,0.00,1,False
3253,04/28/2026 00:00:00,,00138,48,0004,07/17/2028 00:00:00,758.779400,36421.411200,0.00,1,False
3254,04/28/2026 00:00:00,,00295,24,0004,07/17/2028 00:00:00,1003.350000,24080.400000,0.00,1,False
3255,04/28/2026 00:00:00,,00298,24,0004,07/17/2028 00:00:00,701.250000,16830.000000,0.00,1,False
3256,04/28/2026 00:00:00,,00194,40,0004,07/17/2028 00:00:00,443.100000,17724.000000,0.00,1,False
3257,04/28/2026 00:00:00,,00320,161,0004,07/17/2028 00:00:00,331.350312,53347.400240,0.00,1,False
3258,04/28/2026 00:00:00,,00223,44,0004,07/17/2028 00:00:00,830.228195,36530.040600,0.00,1,False
3259,04/29/2026 00:00:00,,00047,100,0004,07/17/2028 00:00:00,1152.500000,115250.000000,0.00,1,False
3260,04/29/2026 00:00:00,,00187,60,0004,07/17/2028 00:00:00,690.833333,41450.000000,0.00,1,False
3261,04/29/2026 00:00:00,,00052,48,0004,07/17/2028 00:00:00,843.528138,40489.350600,0.00,1,False
3262,04/29/2026 00:00:00,,00051,40,0004,07/17/2028 00:00:00,1021.750000,40870.000000,0.00,1,False
3263,04/29/2026 00:00:00,,00247,40,0004,07/17/2028 00:00:00,790.253750,31610.150000,0.00,1,False
3264,04/29/2026 00:00:00,,00209,30,0004,07/19/2028 00:00:00,694.000000,20820.000000,0.00,1,False
3265,04/30/2026 00:00:00,,00206,240,0004,07/19/2028 00:00:00,850.729170,204175.000800,0.00,1,False
3266,04/30/2026 00:00:00,,00147,42,0004,07/19/2028 00:00:00,3766.546500,158194.953000,0.00,1,False
3267,04/30/2026 00:00:00,,00357,16,0004,07/19/2028 00:00:00,726.375000,11622.000000,0.00,1,False
3268,04/30/2026 00:00:00,,00016,30,0004,07/19/2028 00:00:00,380.000000,11400.000000,0.00,1,False
3269,04/30/2026 00:00:00,,00138,40,0004,07/19/2028 00:00:00,1005.335850,40213.434000,0.00,1,False
3270,05/02/2026 00:00:00,,00278,40,0001,07/23/2028 00:00:00,1295.250000,51810.000000,0.00,1,False
3271,05/02/2026 00:00:00,,00244,1100,0001,07/23/2028 00:00:00,26.402182,29042.400000,0.00,1,False
3272,05/03/2026 00:00:00,,00364,24,0001,07/23/2028 00:00:00,1170.650000,28095.600000,0.00,1,False
3273,05/03/2026 00:00:00,,00358,12,0001,07/23/2028 00:00:00,1377.816667,16533.800000,0.00,1,False
3274,05/03/2026 00:00:00,,00367,20,0001,07/23/2028 00:00:00,907.900000,18158.000000,0.00,1,False
3275,05/03/2026 00:00:00,,00362,12,0001,07/23/2028 00:00:00,854.150000,10249.800000,0.00,1,False
3276,05/03/2026 00:00:00,,00360,12,0001,07/23/2028 00:00:00,902.066667,10824.800000,0.00,1,False
3277,05/03/2026 00:00:00,,00365,10,0001,07/23/2028 00:00:00,3827.250000,38272.500000,0.00,1,False
3278,05/03/2026 00:00:00,,00366,10,0001,07/23/2028 00:00:00,606.538500,6065.385000,0.00,1,False
3279,05/03/2026 00:00:00,,00050,12,0001,07/23/2028 00:00:00,412.845957,4954.151480,0.00,1,False
3280,05/03/2026 00:00:00,,00022,4,0001,07/23/2028 00:00:00,541.538500,2166.154000,0.00,1,False
3281,05/03/2026 00:00:00,,00231,150,0001,07/23/2028 00:00:00,458.333250,68749.987500,0.00,1,False
3282,05/03/2026 00:00:00,,00016,36,0001,07/23/2028 00:00:00,515.250000,18549.000000,0.00,1,False
3283,05/04/2026 00:00:00,,00220,10,0001,07/23/2028 00:00:00,619.327750,6193.277500,0.00,1,False
3284,05/05/2026 00:00:00,,00274,52,0001,07/23/2028 00:00:00,2943.669223,153070.799600,0.00,1,False
3285,05/05/2026 00:00:00,,00137,20,0001,07/23/2028 00:00:00,3746.250000,74925.000000,0.00,1,False
3286,05/05/2026 00:00:00,,00368,12,0001,07/23/2028 00:00:00,508.555957,6102.671480,0.00,1,False
3287,05/05/2026 00:00:00,,00055,12,0001,07/23/2028 00:00:00,515.385957,6184.631480,0.00,1,False
3288,05/05/2026 00:00:00,,00063,12,0001,07/23/2028 00:00:00,379.785957,4557.431480,0.00,1,False
3289,05/05/2026 00:00:00,,00119,4,0001,07/23/2028 00:00:00,1123.300000,4493.200000,0.00,1,False
3290,05/05/2026 00:00:00,,00054,12,0001,07/23/2028 00:00:00,396.115957,4753.391480,0.00,1,False
3291,05/05/2026 00:00:00,,00046,8,0001,07/23/2028 00:00:00,1134.175000,9073.400000,0.00,1,False
3292,05/05/2026 00:00:00,,00261,8,0001,07/23/2028 00:00:00,1114.900000,8919.200000,0.00,1,False
3293,05/05/2026 00:00:00,,00231,50,0001,07/23/2028 00:00:00,330.000000,16500.000000,0.00,1,False
3294,05/05/2026 00:00:00,,00052,8,0001,07/23/2028 00:00:00,1053.250000,8426.000000,0.00,1,False
3295,05/05/2026 00:00:00,,00078,200,0001,07/23/2028 00:00:00,441.436000,88287.200000,0.00,1,False
3296,05/05/2026 00:00:00,,00026,1000,0001,07/23/2028 00:00:00,50.030500,50030.500000,0.00,1,False
3297,05/06/2026 00:00:00,,00052,28,0001,07/24/2028 00:00:00,867.200886,24281.624800,0.00,1,False
3298,05/06/2026 00:00:00,,00147,10,0001,07/24/2028 00:00:00,4563.500000,45635.000000,0.00,1,False
3299,05/06/2026 00:00:00,,00228,24,0001,07/24/2028 00:00:00,2111.000083,50664.002000,0.00,1,False
3300,05/07/2026 00:00:00,,00177,48,0001,07/29/2028 00:00:00,2318.816683,111303.200800,0.00,1,False
3301,05/07/2026 00:00:00,,00135,40,0001,07/29/2028 00:00:00,2138.875000,85555.000000,0.00,1,False
3302,05/07/2026 00:00:00,,00356,48,0001,07/29/2028 00:00:00,319.155957,15319.485920,0.00,1,False
3303,05/09/2026 00:00:00,,00138,104,0001,07/29/2028 00:00:00,1009.173081,104954.000400,0.00,1,False
3304,05/09/2026 00:00:00,,00307,44,0001,07/29/2028 00:00:00,3585.936268,157781.195800,0.00,1,False
3305,05/09/2026 00:00:00,,00364,28,0001,07/29/2028 00:00:00,1175.748071,32920.946000,0.00,1,False
3306,05/09/2026 00:00:00,,00016,5,0001,07/29/2028 00:00:00,583.598250,2917.991250,0.00,1,False
3307,05/10/2026 00:00:00,,00184,190,0001,07/29/2028 00:00:00,291.672362,55417.748700,0.00,1,False
3308,05/10/2026 00:00:00,,00205,120,0001,07/29/2028 00:00:00,541.933440,65032.012800,0.00,1,False
3309,05/10/2026 00:00:00,,00040,10,0001,07/29/2028 00:00:00,627.780500,6277.805000,0.00,1,False
3310,05/12/2026 00:00:00,,00194,48,0001,08/02/2028 00:00:00,714.100000,34276.800000,0.00,1,False
3311,05/13/2026 00:00:00,,00016,200,0001,08/02/2028 00:00:00,596.452000,119290.400000,0.00,1,False
3312,05/13/2026 00:00:00,,00231,100,0001,08/02/2028 00:00:00,522.000000,52200.000000,0.00,1,False
3313,05/13/2026 00:00:00,,00212,49,0001,08/02/2028 00:00:00,1462.340750,71654.696750,0.00,1,False
3314,05/13/2026 00:00:00,,00220,50,0001,08/02/2028 00:00:00,618.365250,30918.262500,0.00,1,False
3315,05/13/2026 00:00:00,,00369,1344,0001,08/02/2028 00:00:00,302.679629,406801.421180,0.00,1,False
3316,05/13/2026 00:00:00,,00032,180,0001,08/02/2028 00:00:00,256.244986,46124.097400,0.00,1,False
3317,05/13/2026 00:00:00,,00010,2000,0001,08/02/2028 00:00:00,27.307872,54615.744270,0.00,1,False
3318,05/13/2026 00:00:00,,00259,2400,0001,08/02/2028 00:00:00,24.248719,58196.926400,0.00,1,False
3319,05/13/2026 00:00:00,,00030,750,0001,08/02/2028 00:00:00,33.403943,25052.957500,0.00,1,False
3320,05/13/2026 00:00:00,,00257,1000,0001,08/02/2028 00:00:00,28.784592,28784.592070,0.00,1,False
3321,05/13/2026 00:00:00,,00008,1077,0001,08/02/2028 00:00:00,34.207993,36842.008480,0.00,1,False
3322,05/13/2026 00:00:00,,00233,2000,0001,08/02/2028 00:00:00,25.359835,50719.670400,0.00,1,False
3323,05/13/2026 00:00:00,,00013,381,0001,08/02/2028 00:00:00,26.187348,9977.379700,0.00,1,False
3324,05/13/2026 00:00:00,,00276,40,0001,08/02/2028 00:00:00,933.771850,37350.874000,0.00,1,False
3325,05/13/2026 00:00:00,,00278,20,0001,08/02/2028 00:00:00,1409.976100,28199.522000,0.00,1,False
3326,05/13/2026 00:00:00,,00281,32,0001,08/02/2028 00:00:00,1081.233761,34599.480360,0.00,1,False
3327,05/13/2026 00:00:00,,00280,32,0001,08/02/2028 00:00:00,1845.289560,59049.265920,0.00,1,False
3328,05/13/2026 00:00:00,,00274,100,0001,08/02/2028 00:00:00,2626.855210,262685.521000,0.00,1,False
3329,05/13/2026 00:00:00,,00022,10,0001,08/02/2028 00:00:00,491.526500,4915.265000,0.00,1,False
3330,05/14/2026 00:00:00,,00051,24,0001,08/03/2028 00:00:00,1138.751577,27330.037840,0.00,1,False
3331,05/14/2026 00:00:00,,00226,24,0001,08/03/2028 00:00:00,608.100617,14594.414800,0.00,1,False
3332,05/14/2026 00:00:00,,00260,16,0001,08/03/2028 00:00:00,894.023363,14304.373800,0.00,1,False
3333,05/14/2026 00:00:00,,00330,32,0001,08/03/2028 00:00:00,993.034410,31777.101120,0.00,1,False
3334,05/14/2026 00:00:00,,00220,40,0001,08/03/2028 00:00:00,616.536500,24661.460000,0.00,1,False
3335,05/14/2026 00:00:00,,00022,20,0001,08/03/2028 00:00:00,491.526500,9830.530000,0.00,1,False
3336,05/14/2026 00:00:00,,00028,100,0001,08/03/2028 00:00:00,1651.016250,165101.625000,0.00,1,False
3337,05/14/2026 00:00:00,,00318,240,0001,08/03/2028 00:00:00,266.703650,64008.876000,0.00,1,False
3338,05/14/2026 00:00:00,,00265,960,0001,08/03/2028 00:00:00,59.162662,56796.155400,0.00,1,False
3339,05/14/2026 00:00:00,,00008,400,0001,08/03/2028 00:00:00,34.795693,13918.277180,0.00,1,False
3340,05/16/2026 00:00:00,,00292,80,0001,08/03/2028 00:00:00,1029.421611,82353.728880,0.00,1,False
3341,05/16/2026 00:00:00,,00370,120,0001,08/03/2028 00:00:00,164.042680,19685.121600,0.00,1,False
3342,05/16/2026 00:00:00,,00086,240,0001,08/04/2028 00:00:00,428.254140,102780.993600,0.00,1,False
3343,05/16/2026 00:00:00,,00369,672,0001,08/04/2028 00:00:00,206.001315,138432.884000,0.00,1,False
3344,05/16/2026 00:00:00,,00233,200,0001,08/04/2028 00:00:00,24.301500,4860.299940,0.00,1,False
3345,05/16/2026 00:00:00,,00050,24,0001,08/04/2028 00:00:00,396.735730,9521.657520,0.00,1,False
3346,05/16/2026 00:00:00,,00259,1440,0001,08/04/2028 00:00:00,23.958488,34500.222940,0.00,1,False
3347,05/16/2026 00:00:00,,00020,100,0001,08/04/2028 00:00:00,54.261060,5426.106000,0.00,1,False
3348,05/16/2026 00:00:00,,00016,50,0001,08/04/2028 00:00:00,534.513750,26725.687500,0.00,1,False
3349,05/16/2026 00:00:00,,00258,10,0001,08/04/2028 00:00:00,416.841500,4168.415000,0.00,1,False
3350,05/16/2026 00:00:00,,00030,250,0001,08/04/2028 00:00:00,31.369994,7842.498500,0.00,1,False
3351,05/16/2026 00:00:00,,00010,200,0001,08/04/2028 00:00:00,28.107877,5621.575440,0.00,1,False
3352,05/16/2026 00:00:00,,00032,60,0001,08/04/2028 00:00:00,136.413245,8184.794700,0.00,1,False
3353,05/18/2026 00:00:00,,00220,10,0001,08/04/2028 00:00:00,544.741250,5447.412500,0.00,1,False
3354,05/18/2026 00:00:00,,00243,20,0001,08/04/2028 00:00:00,519.013750,10380.275000,0.00,1,False
3355,05/19/2026 00:00:00,,00259,1144,0001,08/06/2028 00:00:00,24.363520,27871.866420,0.00,1,False
3356,05/19/2026 00:00:00,,00315,100,0001,08/06/2028 00:00:00,734.024000,73402.400000,0.00,1,False
3357,05/19/2026 00:00:00,,00138,80,0001,08/06/2028 00:00:00,821.244241,65699.539300,0.00,1,False
3358,05/19/2026 00:00:00,,00189,56,0001,08/06/2028 00:00:00,1183.558607,66279.282000,0.00,1,False
3359,05/19/2026 00:00:00,,00208,360,0001,08/06/2028 00:00:00,275.234690,99084.488400,0.00,1,False
3360,05/19/2026 00:00:00,,00285,150,0001,08/06/2028 00:00:00,247.232997,37084.949500,0.00,1,False
3361,05/19/2026 00:00:00,,00273,20,0001,08/06/2028 00:00:00,1021.526500,20430.530000,0.00,1,False
3362,05/19/2026 00:00:00,,00371,20,0001,08/06/2028 00:00:00,1928.841050,38576.821000,0.00,1,False
3363,05/19/2026 00:00:00,,00231,2,0001,08/06/2028 00:00:00,505.000000,1010.000000,0.00,1,False
3364,05/19/2026 00:00:00,,00040,2,0001,08/06/2028 00:00:00,744.026500,1488.053000,0.00,1,False
3365,05/19/2026 00:00:00,,00177,92,0001,08/06/2028 00:00:00,814.285560,74914.271500,0.00,1,False
3366,05/19/2026 00:00:00,,00136,44,0001,08/06/2028 00:00:00,840.594923,36986.176600,0.00,1,False
3367,05/19/2026 00:00:00,,00144,84,0001,08/06/2028 00:00:00,977.627688,82120.725800,0.00,1,False
3368,05/19/2026 00:00:00,,00129,44,0001,08/06/2028 00:00:00,1051.943750,46285.525000,0.00,1,False
3369,05/19/2026 00:00:00,,00135,128,0001,08/06/2028 00:00:00,2080.888560,266353.735700,0.00,1,False
3370,05/19/2026 00:00:00,,00130,4,0001,08/06/2028 00:00:00,1168.051100,4672.204400,0.00,1,False
3371,05/20/2026 00:00:00,,00130,116,0001,08/12/2028 00:00:00,1303.754014,151235.465600,0.00,1,False
3372,05/20/2026 00:00:00,,00132,59,0001,08/12/2028 00:00:00,901.515043,53189.387550,0.00,1,False
3373,05/20/2026 00:00:00,,00145,164,0001,08/12/2028 00:00:00,1156.148392,189608.336350,0.00,1,False
3374,05/20/2026 00:00:00,,00133,60,0001,08/12/2028 00:00:00,1869.744996,112184.699750,0.00,1,False
3375,05/20/2026 00:00:00,,00349,80,0001,08/12/2028 00:00:00,1094.714563,87577.165000,0.00,1,False
3376,05/20/2026 00:00:00,,00131,160,0001,08/12/2028 00:00:00,1079.049969,172647.995000,0.00,1,False
3377,05/20/2026 00:00:00,,00260,92,0001,08/12/2028 00:00:00,786.919499,72396.593950,0.00,1,False
3378,05/20/2026 00:00:00,,00314,40,0001,08/12/2028 00:00:00,1224.577763,48983.110500,0.00,1,False
3379,05/21/2026 00:00:00,,00170,16,0001,08/12/2028 00:00:00,885.656968,14170.511480,0.00,1,False
3380,05/21/2026 00:00:00,,00266,12,0001,08/12/2028 00:00:00,807.093118,9685.117410,0.00,1,False
3381,05/21/2026 00:00:00,,00049,12,0001,08/12/2028 00:00:00,1356.787668,16281.452010,0.00,1,False
3382,05/21/2026 00:00:00,,00180,32,0001,08/12/2028 00:00:00,983.680768,31477.784560,0.00,1,False
3383,05/21/2026 00:00:00,,00295,36,0001,08/12/2028 00:00:00,1054.167779,37950.040030,0.00,1,False
3384,05/21/2026 00:00:00,,00047,100,0001,08/12/2028 00:00:00,2254.564368,225456.436750,0.00,1,False
3385,05/21/2026 00:00:00,,00296,11,0001,08/12/2028 00:00:00,644.253773,7086.791500,0.00,1,False
3386,05/23/2026 00:00:00,,00019,200,0001,08/12/2028 00:00:00,373.250000,74650.000000,0.00,1,False
3387,05/23/2026 00:00:00,,00156,200,0001,08/12/2028 00:00:00,290.375000,58075.000000,0.00,1,False
3388,05/23/2026 00:00:00,,00231,70,0001,08/12/2028 00:00:00,517.142750,36199.992500,0.00,1,False
3389,05/23/2026 00:00:00,,00125,22,0001,08/30/2028 00:00:00,652.667000,14358.674000,0.00,1,False
3390,05/23/2026 00:00:00,,00258,5,0001,08/12/2028 00:00:00,508.167000,2540.835000,0.00,1,False
3391,05/23/2026 00:00:00,,00228,24,0001,08/12/2028 00:00:00,2466.787000,59202.888000,0.00,1,False
3392,05/24/2026 00:00:00,,00184,156,0001,08/12/2028 00:00:00,316.044656,49302.966280,0.00,1,False
3393,05/24/2026 00:00:00,,00053,200,0001,08/12/2028 00:00:00,748.737787,149747.557480,0.00,1,False
3394,05/24/2026 00:00:00,,00129,6,0001,08/12/2028 00:00:00,1062.950470,6377.702820,0.00,1,False
3395,05/24/2026 00:00:00,,00307,44,0001,08/12/2028 00:00:00,3331.858246,146601.762840,0.00,1,False
3396,05/24/2026 00:00:00,,00147,130,0001,08/12/2028 00:00:00,2903.970500,377516.165000,0.00,1,False
3397,05/24/2026 00:00:00,,00344,54,0001,08/12/2028 00:00:00,3053.339000,164880.306000,0.00,1,False
3398,05/24/2026 00:00:00,,00139,10,0001,08/12/2028 00:00:00,659.526500,6595.265000,0.00,1,False
3399,05/25/2026 00:00:00,,00281,52,0001,08/12/2028 00:00:00,1034.187083,53777.728340,0.00,1,False
3400,05/25/2026 00:00:00,,00276,52,0001,08/12/2028 00:00:00,811.622433,42204.366540,0.00,1,False
3401,05/25/2026 00:00:00,,00372,20,0001,08/12/2028 00:00:00,646.134338,12922.686750,0.00,1,False
3402,05/25/2026 00:00:00,,00373,5,0001,08/12/2028 00:00:00,4341.959000,21709.795000,0.00,1,False
3403,05/30/2026 00:00:00,,00285,150,0001,08/17/2028 00:00:00,255.497953,38324.693000,0.00,1,False
3404,05/30/2026 00:00:00,,00286,60,0001,08/17/2028 00:00:00,625.635254,37538.115250,0.00,1,False
3405,06/02/2026 00:00:00,,00233,200,0001,08/23/2028 00:00:00,24.887542,4977.508340,0.00,1,False
3406,06/02/2026 00:00:00,,00032,60,0001,08/23/2028 00:00:00,142.130757,8527.845400,0.00,1,False
3407,06/02/2026 00:00:00,,00022,100,0001,08/23/2028 00:00:00,492.084500,49208.450000,0.00,1,False
3408,06/03/2026 00:00:00,,00019,50,0001,08/23/2028 00:00:00,379.000000,18950.000000,0.00,1,False
3409,06/03/2026 00:00:00,,00040,2,0001,08/23/2028 00:00:00,772.975000,1545.950000,0.00,1,False
3410,06/04/2026 00:00:00,,00376,24,0001,08/23/2028 00:00:00,1148.121581,27554.917940,0.00,1,False
3411,06/04/2026 00:00:00,,00197,20,0001,08/23/2028 00:00:00,1199.998097,23999.961940,0.00,1,False
3412,06/04/2026 00:00:00,,00291,28,0001,08/23/2028 00:00:00,1128.883562,31608.739730,0.00,1,False
3413,06/04/2026 00:00:00,,00228,20,0001,08/23/2028 00:00:00,1840.967500,36819.350000,0.00,1,False
3414,06/04/2026 00:00:00,,00296,25,0001,08/23/2028 00:00:00,666.694000,16667.350000,0.00,1,False
3415,06/05/2026 00:00:00,,00156,400,0001,08/23/2028 00:00:00,390.375000,156150.000000,0.00,1,False
3416,06/06/2026 00:00:00,,00231,100,0001,08/24/2028 00:00:00,513.500000,51350.000000,0.00,1,False
3417,06/06/2026 00:00:00,,00220,150,0001,08/24/2028 00:00:00,848.354043,127253.106400,0.00,1,False
3418,06/07/2026 00:00:00,,00285,225,0001,09/04/2028 00:00:00,242.726033,54613.357500,0.00,1,False
3419,06/07/2026 00:00:00,,00274,52,0001,09/04/2028 00:00:00,2291.206016,119142.712850,0.00,1,False
3420,06/07/2026 00:00:00,,00280,48,0001,09/04/2028 00:00:00,2041.849714,98008.786280,0.00,1,False
3421,06/07/2026 00:00:00,,00281,44,0001,09/04/2028 00:00:00,1114.826229,49052.354090,0.00,1,False
3422,06/07/2026 00:00:00,,00278,20,0001,09/04/2028 00:00:00,1477.884098,29557.681950,0.00,1,False
3423,06/07/2026 00:00:00,,00289,10,0001,09/04/2028 00:00:00,2330.412500,23304.125000,0.00,1,False
3424,06/07/2026 00:00:00,,00373,10,0001,09/04/2028 00:00:00,4477.136500,44771.365000,0.00,1,False
3425,06/07/2026 00:00:00,,00352,20,0001,09/04/2028 00:00:00,3827.356750,76547.135000,0.00,1,False
3426,06/07/2026 00:00:00,,00016,34,0001,09/04/2028 00:00:00,593.646250,20183.972500,0.00,1,False
3427,06/07/2026 00:00:00,,00125,19,0001,09/04/2028 00:00:00,721.445250,13707.459750,0.00,1,False
3428,06/07/2026 00:00:00,,00040,10,001,09/04/2028 00:00:00,873.932500,8739.325000,0.00,1,False
3429,06/07/2026 00:00:00,,00231,100,0001,09/04/2028 00:00:00,505.000000,50500.000000,0.00,1,False
3430,06/08/2026 00:00:00,,00231,15,0001,09/06/2028 00:00:00,505.000000,7575.000000,0.00,1,False
3431,06/08/2026 00:00:00,,00135,20,0001,09/06/2028 00:00:00,1875.015278,37500.305550,0.00,1,False
3432,06/08/2026 00:00:00,,00051,40,0001,09/06/2028 00:00:00,1393.862367,55754.494680,0.00,1,False
3433,06/08/2026 00:00:00,,00211,48,0001,09/06/2028 00:00:00,996.037365,47809.793510,0.00,1,False
3434,06/08/2026 00:00:00,,00339,48,0001,09/06/2028 00:00:00,1481.954677,71133.824480,0.00,1,False
3435,06/08/2026 00:00:00,,00340,60,0001,09/06/2028 00:00:00,1085.873309,65152.398530,0.00,1,False
3436,06/08/2026 00:00:00,,00049,44,0001,09/06/2028 00:00:00,739.295582,32529.005600,0.00,1,False
3437,06/08/2026 00:00:00,,00052,148,0001,09/06/2028 00:00:00,1050.595685,155488.161400,0.00,1,False
3438,06/09/2026 00:00:00,,00047,120,0001,09/06/2028 00:00:00,2305.224777,276626.973280,0.00,1,False
3439,06/09/2026 00:00:00,,00010,700,0001,09/06/2028 00:00:00,29.484141,20638.898750,0.00,1,False
3440,06/09/2026 00:00:00,,00032,60,0001,09/06/2028 00:00:00,280.108387,16806.503200,0.00,1,False
3441,06/09/2026 00:00:00,,00233,400,0001,09/06/2028 00:00:00,26.579331,10631.732300,0.00,1,False
3442,06/09/2026 00:00:00,,00248,25,0001,09/06/2028 00:00:00,47.000000,1175.000000,0.00,1,False
3443,06/10/2026 00:00:00,,00201,200,0001,09/06/2028 00:00:00,39.218724,7843.744800,0.00,1,False
3444,06/10/2026 00:00:00,,00022,30,0001,09/06/2028 00:00:00,485.475000,14564.250000,0.00,1,False
3445,06/10/2026 00:00:00,,00024,48,0001,09/06/2028 00:00:00,410.291303,19693.982560,0.00,1,False
3446,06/10/2026 00:00:00,,00052,12,0001,09/06/2028 00:00:00,1077.834398,12934.012770,0.00,1,False
3447,06/10/2026 00:00:00,,00054,24,0001,09/06/2028 00:00:00,409.951090,9838.826160,0.00,1,False
3448,06/10/2026 00:00:00,,00151,60,0001,09/06/2028 00:00:00,431.765767,25905.946000,0.00,1,False
3449,06/10/2026 00:00:00,,00038,5,0001,09/06/2028 00:00:00,504.380000,2521.900000,0.00,1,False
3450,06/10/2026 00:00:00,,00064,60,0001,09/06/2028 00:00:00,364.922757,21895.365400,0.00,1,False
3451,06/10/2026 00:00:00,,00091,8,0001,09/06/2028 00:00:00,917.219550,7337.756400,0.00,1,False
3452,06/10/2026 00:00:00,,00187,12,0001,09/06/2028 00:00:00,1719.018113,20628.217360,0.00,1,False
3453,06/10/2026 00:00:00,,00030,1200,0001,09/06/2028 00:00:00,30.652165,36782.597900,0.00,1,False
3454,06/10/2026 00:00:00,,00220,10,0001,09/06/2028 00:00:00,682.502040,6825.020400,0.00,1,False
3455,06/10/2026 00:00:00,,00016,10,0001,09/06/2028 00:00:00,588.571500,5885.715000,0.00,1,False
3456,06/10/2026 00:00:00,,00212,10,0001,09/06/2028 00:00:00,1679.981000,16799.810000,0.00,1,False
3457,06/10/2026 00:00:00,,00121,75,0001,09/06/2028 00:00:00,260.070482,19505.286160,0.00,1,False
3458,06/11/2026 00:00:00,,00197,100,0001,09/06/2028 00:00:00,1256.723202,125672.320170,0.00,1,False
3459,06/11/2026 00:00:00,,00170,16,0001,09/06/2028 00:00:00,697.720747,11163.531950,0.00,1,False
3460,06/11/2026 00:00:00,,00051,8,0001,09/07/2028 00:00:00,1369.577128,10956.617020,0.00,1,False
3461,06/11/2026 00:00:00,,00231,20,0001,09/07/2028 00:00:00,465.000000,9300.000000,0.00,1,False
3462,06/11/2026 00:00:00,,00022,10,0001,09/07/2028 00:00:00,485.475000,4854.750000,0.00,1,False
3463,06/11/2026 00:00:00,,00220,5,0001,09/07/2028 00:00:00,705.635290,3528.176450,0.00,1,False
3464,06/11/2026 00:00:00,,00357,10,000,09/07/2028 00:00:00,621.086560,6210.865600,0.00,1,False
3465,06/12/2026 00:00:00,,00318,240,0001,09/07/2028 00:00:00,285.890480,68613.715200,0.00,1,False
3466,06/12/2026 00:00:00,,00319,240,0001,09/07/2028 00:00:00,471.030590,113047.341600,0.00,1,False
3467,06/12/2026 00:00:00,,00317,240,0001,09/07/2028 00:00:00,335.458170,80509.960800,0.00,1,False
3468,06/13/2026 00:00:00,,00357,2,0001,09/07/2028 00:00:00,621.086560,1242.173120,0.00,1,False
3469,06/13/2026 00:00:00,,00212,1,0001,09/07/2028 00:00:00,1727.644000,1727.644000,0.00,1,False
3470,06/13/2026 00:00:00,,00377,40,0001,09/07/2028 00:00:00,2141.712750,85668.510000,0.00,1,False
3471,06/13/2026 00:00:00,,00040,1,0001,09/07/2028 00:00:00,1374.952500,1374.952500,0.00,1,False
3472,06/13/2026 00:00:00,,00016,91,0001,09/07/2028 00:00:00,421.890000,38391.990000,0.00,1,False
3473,06/13/2026 00:00:00,,00032,120,0001,09/08/2028 00:00:00,248.838047,29860.565600,0.00,1,False
3474,06/13/2026 00:00:00,,00049,40,0001,09/08/2028 00:00:00,717.069078,28682.763100,0.00,1,False
3475,06/14/2026 00:00:00,,00274,60,0001,09/09/2028 00:00:00,1935.358785,116121.527070,0.00,1,False
3476,06/14/2026 00:00:00,,00371,20,001,09/09/2028 00:00:00,1051.420163,21028.403260,0.00,1,False
3477,06/14/2026 00:00:00,,00372,20,0001,09/09/2028 00:00:00,757.861499,15157.229970,0.00,1,False
3478,06/14/2026 00:00:00,,00285,150,0001,09/09/2028 00:00:00,244.620903,36693.135500,0.00,1,False
3479,06/14/2026 00:00:00,,00375,3,0001,09/09/2028 00:00:00,718.808333,2156.425000,0.00,1,False
3480,06/14/2026 00:00:00,,00231,30,0001,09/09/2028 00:00:00,433.000000,12990.000000,0.00,1,False
3481,06/14/2026 00:00:00,,00074,2,0001,09/09/2028 00:00:00,924.380000,1848.760000,0.00,1,False
3482,06/14/2026 00:00:00,,00052,8,0001,09/09/2028 00:00:00,1204.579866,9636.638930,0.00,1,False
3483,06/14/2026 00:00:00,,00051,12,0001,09/09/2028 00:00:00,1364.271246,16371.254950,0.00,1,False
3484,06/14/2026 00:00:00,,00266,4,0001,09/09/2028 00:00:00,1012.659460,4050.637840,0.00,1,False
3485,06/14/2026 00:00:00,,00163,8,0001,09/09/2028 00:00:00,1702.196444,13617.571550,0.00,1,False
3486,06/14/2026 00:00:00,,00072,4,0001,09/09/2028 00:00:00,802.935355,3211.741420,0.00,1,False
3487,06/14/2026 00:00:00,,00209,2,0001,09/09/2028 00:00:00,905.475000,1810.950000,0.00,1,False
3488,06/14/2026 00:00:00,,00076,2,0001,09/09/2028 00:00:00,1376.081250,2752.162500,0.00,1,False
3489,06/14/2026 00:00:00,,00273,20,0001,09/09/2028 00:00:00,1134.020500,22680.410000,0.00,1,False
3490,06/15/2026 00:00:00,,00357,3,0001,09/09/2028 00:00:00,753.791283,2261.373850,0.00,1,False
3491,06/16/2026 00:00:00,,00026,1860,0001,09/09/2028 00:00:00,61.606150,114587.439000,0.00,1,False
3492,06/16/2026 00:00:00,,00028,100,0001,09/09/2028 00:00:00,1540.153750,154015.375000,0.00,1,False
3493,06/16/2026 00:00:00,,00220,10,0001,09/09/2028 00:00:00,731.906300,7319.063000,0.00,1,False
3494,06/16/2026 00:00:00,,00040,1,0001,09/09/2028 00:00:00,1209.715000,1209.715000,0.00,1,False
3495,06/16/2026 00:00:00,,00022,1,0001,09/09/2028 00:00:00,485.475000,485.475000,0.00,1,False
3496,06/16/2026 00:00:00,,00008,800,0001,09/09/2028 00:00:00,31.403310,25122.647700,0.00,1,False
3497,06/17/2026 00:00:00,,00309,20,0001,09/09/2028 00:00:00,1614.259649,32285.192970,0.00,1,False
3498,06/17/2026 00:00:00,,00206,120,0001,09/09/2028 00:00:00,421.642817,50597.138000,0.00,1,False
3499,06/17/2026 00:00:00,,00378,60,0001,09/09/2028 00:00:00,374.462697,22467.761800,0.00,1,False
3500,06/17/2026 00:00:00,,00226,120,0001,09/09/2028 00:00:00,512.017547,61442.105600,0.00,1,False
3501,06/17/2026 00:00:00,,00292,200,0001,09/09/2028 00:00:00,1060.034193,212006.838600,0.00,1,False
3502,06/17/2026 00:00:00,,00019,50,0001,09/09/2028 00:00:00,379.000000,18950.000000,0.00,1,False
3503,06/17/2026 00:00:00,,00035,17,0001,09/09/2028 00:00:00,5729.014750,97393.250750,0.00,1,False
3504,06/17/2026 00:00:00,,00220,5,0001,09/09/2028 00:00:00,577.666520,2888.332600,0.00,1,False
3505,06/17/2026 00:00:00,,00199,2,0001,09/09/2028 00:00:00,1384.715000,2769.430000,0.00,1,False
3506,06/17/2026 00:00:00,,00022,15,0001,09/09/2028 00:00:00,507.506750,7612.601250,0.00,1,False
3507,06/17/2026 00:00:00,,00212,2,0001,09/09/2028 00:00:00,1721.424500,3442.849000,0.00,1,False
3508,06/18/2026 00:00:00,,00344,22,0001,09/09/2028 00:00:00,3918.533680,86207.740960,0.00,1,False
3509,06/18/2026 00:00:00,,00197,100,0001,09/09/2028 00:00:00,1273.377843,127337.784300,0.00,1,False
3510,06/18/2026 00:00:00,,00051,68,0001,09/09/2028 00:00:00,1355.144045,92149.795070,0.00,1,False
3511,06/20/2026 00:00:00,,00032,60,0001,09/09/2028 00:00:00,292.335877,17540.152600,0.00,1,False
3512,06/20/2026 00:00:00,,00016,30,0001,09/09/2028 00:00:00,590.093500,17702.805000,0.00,1,False
3513,06/20/2026 00:00:00,,00199,70,0001,09/09/2028 00:00:00,982.169643,68751.875000,0.00,1,False
3514,06/21/2026 00:00:00,,00030,1500,0001,09/10/2028 00:00:00,31.122251,46683.376150,0.00,1,False
3515,06/21/2026 00:00:00,,00380,60,0001,09/10/2028 00:00:00,2362.308273,141738.496360,0.00,1,False
3516,06/21/2026 00:00:00,,00264,200,0001,09/10/2028 00:00:00,445.000000,89000.000000,0.00,1,False
3517,06/21/2026 00:00:00,,00180,5,0001,09/10/2028 00:00:00,1376.953342,6884.766710,0.00,1,False
3518,06/22/2026 00:00:00,,00047,200,0001,09/10/2028 00:00:00,1594.723994,318944.798850,0.00,1,False
3519,06/22/2026 00:00:00,,00137,20,0001,09/10/2028 00:00:00,4329.726680,86594.533600,0.00,1,False
3520,06/22/2026 00:00:00,,00048,255,0001,09/10/2028 00:00:00,275.063118,70141.095000,0.00,1,False
3521,06/22/2026 00:00:00,,00180,44,0001,09/10/2028 00:00:00,1376.985787,60587.374630,0.00,1,False
3522,06/23/2026 00:00:00,,00073,1296,0001,09/10/2028 00:00:00,463.886553,601196.972480,0.00,1,False
3523,06/23/2026 00:00:00,,00366,15,0001,09/10/2028 00:00:00,585.914417,8788.716250,0.00,1,False
3524,06/23/2026 00:00:00,,00266,40,0001,09/10/2028 00:00:00,812.109483,32484.379300,0.00,1,False
3525,06/23/2026 00:00:00,,00038,10,0001,09/10/2028 00:00:00,791.071250,7910.712500,0.00,1,False
3526,06/23/2026 00:00:00,,00199,7,0001,09/10/2028 00:00:00,965.883500,6761.184500,0.00,1,False
3527,06/24/2026 00:00:00,,00086,480,0001,09/16/2028 00:00:00,413.642072,198548.194720,0.00,1,False
3528,06/24/2026 00:00:00,,00038,100,0001,09/16/2028 00:00:00,515.230000,51523.000000,0.00,1,False
3529,06/24/2026 00:00:00,,00046,60,0001,09/16/2028 00:00:00,865.612154,51936.729250,0.00,1,False
3530,06/24/2026 00:00:00,,00220,5,0001,09/16/2028 00:00:00,462.369270,2311.846350,0.00,1,False
3531,06/24/2026 00:00:00,,00147,3,0001,09/16/2028 00:00:00,1755.028180,5265.084540,0.00,1,False
3532,06/27/2026 00:00:00,,00357,28,0001,09/16/2028 00:00:00,709.429200,19864.017600,0.00,1,False
3533,06/27/2026 00:00:00,,00040,1,0001,09/16/2028 00:00:00,1431.480500,1431.480500,0.00,1,False
3534,06/27/2026 00:00:00,,00233,200,0001,09/16/2028 00:00:00,32.760455,6552.091000,0.00,1,False
3535,06/27/2026 00:00:00,,00212,1,0001,09/16/2028 00:00:00,1768.924500,1768.924500,0.00,1,False
3536,06/27/2026 00:00:00,,00259,225,0001,09/16/2028 00:00:00,25.630392,5766.838230,0.00,1,False
3537,06/27/2026 00:00:00,,00201,100,0001,09/16/2028 00:00:00,53.511946,5351.194600,0.00,1,False
3538,06/27/2026 00:00:00,,00032,24,0001,09/16/2028 00:00:00,289.709397,6953.025520,0.00,1,False
3539,06/27/2026 00:00:00,,00010,100,0001,09/16/2028 00:00:00,36.562413,3656.241300,0.00,1,False
3540,06/27/2026 00:00:00,,00008,200,0001,09/16/2028 00:00:00,35.351684,7070.336800,0.00,1,False
3541,06/27/2026 00:00:00,,00369,288,0001,09/16/2028 00:00:00,48.686189,14021.622380,0.00,1,False
3542,06/27/2026 00:00:00,,00265,20,0001,09/16/2028 00:00:00,51.616420,1032.328400,0.00,1,False
3543,06/27/2026 00:00:00,,00258,4,0001,09/16/2028 00:00:00,540.410500,2161.642000,0.00,1,False
3544,06/27/2026 00:00:00,,00020,25,0001,09/16/2028 00:00:00,43.100150,1077.503750,0.00,1,False
3545,06/27/2026 00:00:00,,00262,100,0001,09/16/2028 00:00:00,10.810015,1081.001500,0.00,1,False
3546,06/27/2026 00:00:00,,00257,100,0001,09/16/2028 00:00:00,34.330134,3433.013400,0.00,1,False
3547,06/28/2026 00:00:00,,00182,100,0001,09/16/2028 00:00:00,23.380127,2338.012700,0.00,1,False
3548,06/28/2026 00:00:00,,00381,120,0001,09/19/2028 00:00:00,304.444083,36533.290000,0.00,1,False
3549,06/28/2026 00:00:00,,00147,10,0001,09/19/2028 00:00:00,1629.194930,16291.949300,0.00,1,False
3550,06/28/2026 00:00:00,,00382,60,0001,09/19/2028 00:00:00,1363.140125,81788.407480,0.00,1,False
3551,06/28/2026 00:00:00,,00351,4,0001,09/19/2028 00:00:00,3767.884180,15071.536720,0.00,1,False
3552,06/29/2026 00:00:00,,00220,20,0001,09/20/2028 00:00:00,589.712838,11794.256750,0.00,1,False
3553,06/29/2026 00:00:00,,00049,24,0001,09/20/2028 00:00:00,779.577420,18709.858080,0.00,1,False
3554,06/29/2026 00:00:00,,00032,120,0001,09/20/2028 00:00:00,301.038823,36124.658700,0.00,1,False
3555,06/29/2026 00:00:00,,00019,80,0001,09/20/2028 00:00:00,456.875000,36550.000000,0.00,1,False
3556,06/29/2026 00:00:00,,00262,900,0001,09/20/2028 00:00:00,14.557503,13101.752700,0.00,1,False
3557,06/29/2026 00:00:00,,00022,50,0001,09/20/2028 00:00:00,509.388500,25469.425000,0.00,1,False
3558,06/29/2026 00:00:00,,00182,600,0001,09/20/2028 00:00:00,8.148414,4889.048450,0.00,1,False
3559,06/29/2026 00:00:00,,00233,500,0001,09/20/2028 00:00:00,38.282025,19141.012400,0.00,1,False
3560,06/29/2026 00:00:00,,00248,500,0001,09/20/2028 00:00:00,63.329771,31664.885250,0.00,1,False
3561,06/29/2026 00:00:00,,00040,7,0001,09/20/2028 00:00:00,1441.058679,10087.410750,0.00,1,False
3562,06/29/2026 00:00:00,,00016,60,0001,09/20/2028 00:00:00,590.093500,35405.610000,0.00,1,False
3563,06/30/2026 00:00:00,,00019,250,0001,09/20/2028 00:00:00,372.100000,93025.000000,0.00,1,False
3564,06/30/2026 00:00:00,,00362,24,0001,09/20/2028 00:00:00,1045.620769,25094.898460,0.00,1,False
3565,06/30/2026 00:00:00,,00358,20,0001,09/20/2028 00:00:00,1259.880533,25197.610650,0.00,1,False
3566,06/30/2026 00:00:00,,00016,10,0001,09/20/2028 00:00:00,590.093500,5900.935000,0.00,1,False
3567,06/30/2026 00:00:00,,00022,10,0001,09/20/2028 00:00:00,482.503750,4825.037500,0.00,1,False
3568,06/30/2026 00:00:00,,00248,100,0001,09/20/2028 00:00:00,58.697004,5869.700400,0.00,1,False
3569,06/30/2026 00:00:00,,00383,120,0001,09/20/2028 00:00:00,368.975200,44277.024000,0.00,1,False
3570,06/30/2026 00:00:00,,00384,120,0001,09/20/2028 00:00:00,318.480050,38217.606000,0.00,1,False
3571,06/30/2026 00:00:00,,00041,10,0001,09/20/2028 00:00:00,771.614750,7716.147500,0.00,1,False
3572,06/30/2026 00:00:00,,00032,60,0001,09/20/2028 00:00:00,898.522946,53911.376750,0.00,1,False
3573,06/21/2026 00:00:00,,00231,78,0001,09/21/2028 00:00:00,217.948750,17000.002500,0.00,1,False
3574,06/29/2026 00:00:00,,00248,500,0001,09/24/2028 00:00:00,49.697004,24848.502000,0.00,1,False
3575,07/01/2026 00:00:00,,00265,450,001,09/30/2028 00:00:00,63.906944,28758.124840,0.00,1,False
3576,07/01/2026 00:00:00,,00032,60,001,09/30/2028 00:00:00,270.753543,16245.212600,0.00,1,False
3577,07/01/2026 00:00:00,,00020,200,001,09/30/2028 00:00:00,56.297154,11259.430800,0.00,1,False
3578,07/01/2026 00:00:00,,00259,13,001,09/30/2028 00:00:00,107.004828,1391.062761,0.00,1,False
3579,07/01/2026 00:00:00,,00369,23,001,10/01/2028 00:00:00,1583.135293,36412.111740,0.00,1,False
3580,07/04/2026 00:00:00,,00078,200,001,10/01/2028 00:00:00,327.503750,65500.750000,0.00,1,False
3581,07/04/2026 00:00:00,,00010,400,001,10/01/2028 00:00:00,25.452551,10181.020400,0.00,1,False
3582,07/04/2026 00:00:00,,00032,60,001,10/01/2028 00:00:00,259.086877,15545.212600,0.00,1,False
3583,07/04/2026 00:00:00,,00233,200,001,10/01/2028 00:00:00,24.769271,4953.854200,0.00,1,False
3584,07/04/2026 00:00:00,,00259,7,001,10/01/2032 00:00:00,619.964758,4339.753305,0.00,1,False
3585,07/04/2026 00:00:00,,00231,3,001,10/01/2028 00:00:00,355.000000,1065.000000,0.00,1,False
3586,07/04/2026 00:00:00,,00248,25,001,10/01/2028 00:00:00,53.557603,1338.940080,0.00,1,False
3587,07/04/2026 00:00:00,,00369,96,001,10/01/2028 00:00:00,207.490579,19919.095560,0.00,1,False
3588,07/15/2026 00:00:00,,00037,1,001,10/01/2028 00:00:00,1289.624750,1289.624750,0.00,1,False
3589,07/04/2026 00:00:00,,00385,20,001,10/01/2028 00:00:00,191.250400,3825.008000,0.00,1,False
3590,07/05/2026 00:00:00,,00019,85,0001,10/09/2028 00:00:00,525.000000,44625.000000,0.00,1,False
3591,07/05/2026 00:00:00,,00180,12,0001,10/09/2028 00:00:00,1392.667833,16712.014000,0.00,1,False
3592,07/06/2026 00:00:00,,00016,100,0001,10/09/2028 00:00:00,590.100000,59010.000000,0.00,1,False
3593,07/07/2026 00:00:00,,00212,53,0001,10/09/2028 00:00:00,1771.011934,93863.632500,0.00,1,False
3594,07/07/2026 00:00:00,,00263,450,0001,10/09/2028 00:00:00,14.740209,6633.094100,0.00,1,False
3595,07/07/2026 00:00:00,,00258,6,0001,10/09/2028 00:00:00,602.274500,3613.647000,0.00,1,False
3596,07/07/2026 00:00:00,,00010,500,0001,10/09/2028 00:00:00,26.477410,13238.705000,0.00,1,False
3597,07/07/2026 00:00:00,,00032,120,0001,10/09/2028 00:00:00,281.039710,33724.765200,0.00,1,False
3598,07/07/2026 00:00:00,,00049,60,0001,10/09/2028 00:00:00,708.283460,42497.007600,0.00,1,False
3599,07/07/2026 00:00:00,,00022,10,0001,10/09/2028 00:00:00,480.574500,4805.745000,0.00,1,False
3600,07/07/2026 00:00:00,,00020,25,0001,10/09/2028 00:00:00,43.022980,1075.574500,0.00,1,False
3601,07/07/2026 00:00:00,,00122,24,0001,10/09/2028 00:00:00,389.938340,9358.520160,0.00,1,False
3602,07/07/2026 00:00:00,,00259,450,0001,10/09/2028 00:00:00,22.490058,10120.525880,0.00,1,False
3603,07/07/2026 00:00:00,,00392,48,0001,10/09/2028 00:00:00,284.080240,13635.851520,0.00,1,False
3604,07/07/2026 00:00:00,,00152,50,0001,10/09/2028 00:00:00,184.226880,9211.344000,0.00,1,False
3605,07/07/2026 00:00:00,,00052,20,0001,10/09/2028 00:00:00,929.093750,18581.875000,0.00,1,False
3606,07/07/2026 00:00:00,,00090,8,0001,10/09/2028 00:00:00,1788.329250,14306.634000,0.00,1,False
3607,07/07/2026 00:00:00,,00369,288,0001,10/09/2028 00:00:00,196.394249,56561.543720,0.00,1,False
3608,07/07/2026 00:00:00,,00199,2,0001,10/09/2028 00:00:00,1207.266750,2414.533500,0.00,1,False
3609,07/08/2026 00:00:00,,00289,20,0001,10/09/2028 00:00:00,2173.163430,43463.268600,0.00,1,False
3610,07/08/2026 00:00:00,,00286,40,0001,10/09/2028 00:00:00,694.631150,27785.246000,0.00,1,False
3611,07/08/2026 00:00:00,,00278,40,0001,10/09/2028 00:00:00,1384.088500,55363.540000,0.00,1,False
3612,07/08/2026 00:00:00,,00281,24,0001,10/09/2028 00:00:00,1110.739733,26657.753600,0.00,1,False
3613,07/08/2026 00:00:00,,00208,368,0001,10/09/2028 00:00:00,259.301220,95422.848800,0.00,1,False
3614,07/08/2026 00:00:00,,00274,120,0001,10/09/2028 00:00:00,1206.491667,144779.000000,0.00,1,False
3615,07/08/2026 00:00:00,,00273,20,0001,10/09/2028 00:00:00,567.726250,11354.525000,0.00,1,False
3616,07/08/2026 00:00:00,,00285,300,0001,10/09/2028 00:00:00,191.391103,57417.331000,0.00,1,False
3617,07/10/2026 00:00:00,,00295,40,0001,10/09/2028 00:00:00,1078.056950,43122.278000,0.00,1,False
3618,07/10/2026 00:00:00,,00291,32,0001,10/09/2028 00:00:00,837.984250,26815.496000,0.00,1,False
3619,07/10/2026 00:00:00,,00188,32,0001,10/09/2028 00:00:00,1005.055700,32161.782400,0.00,1,False
3620,07/10/2026 00:00:00,,00194,32,0001,10/09/2028 00:00:00,852.266000,27272.512000,0.00,1,False
3621,07/10/2026 00:00:00,,00296,20,0001,10/09/2028 00:00:00,762.503750,15250.075000,0.00,1,False
3622,07/10/2026 00:00:00,,00228,20,0001,10/09/2028 00:00:00,1809.671430,36193.428600,0.00,1,False
3623,07/10/2026 00:00:00,,00220,20,0001,10/09/2028 00:00:00,498.121520,9962.430400,0.00,1,False
3624,07/10/2026 00:00:00,,00020,250,0001,10/09/2028 00:00:00,52.422980,13105.745000,0.00,1,False
3625,07/10/2026 00:00:00,,00022,50,0001,10/09/2028 00:00:00,480.574500,24028.725000,0.00,1,False
3626,07/10/2026 00:00:00,,00369,480,0001,10/09/2028 00:00:00,196.667156,94400.235060,0.00,1,False
3627,07/10/2026 00:00:00,,00049,40,0001,10/09/2028 00:00:00,712.759400,28510.376000,0.00,1,False
3628,07/10/2026 00:00:00,,00032,45,0001,10/09/2028 00:00:00,284.335250,12795.086250,0.00,1,False
3629,07/11/2026 00:00:00,,00296,25,0001,10/09/2028 00:00:00,681.503750,17037.593750,0.00,1,False
3630,07/11/2026 00:00:00,,00220,20,0001,10/09/2028 00:00:00,509.159088,10183.181750,0.00,1,False
3631,07/11/2026 00:00:00,,00231,15,0001,10/09/2028 00:00:00,525.000000,7875.000000,0.00,1,False
3632,07/11/2026 00:00:00,,00357,6,0001,10/09/2028 00:00:00,408.884220,2453.305320,0.00,1,False
3633,07/12/2026 00:00:00,,00294,36,0001,10/09/2028 00:00:00,1030.874633,37111.486800,0.00,1,False
3634,07/12/2026 00:00:00,,00320,300,0001,10/09/2028 00:00:00,212.693730,63808.119000,0.00,1,False
3635,07/12/2026 00:00:00,,00197,108,0001,10/09/2028 00:00:00,712.563024,76956.806600,0.00,1,False
3636,07/12/2026 00:00:00,,00118,5,0001,10/09/2028 00:00:00,1819.671430,9098.357150,0.00,1,False
3637,07/12/2026 00:00:00,,00340,44,0001,10/09/2028 00:00:00,1119.763273,49269.584000,0.00,1,False
3638,07/12/2026 00:00:00,,00209,20,0001,10/09/2028 00:00:00,2683.698000,53673.960000,0.00,1,False
3639,07/13/2026 00:00:00,,00248,500,0001,10/09/2028 00:00:00,58.750000,29375.000000,0.00,1,False
3640,07/13/2026 00:00:00,,00231,200,0001,10/09/2028 00:00:00,525.000000,105000.000000,0.00,1,False
3641,07/13/2026 00:00:00,,00020,500,0001,10/09/2028 00:00:00,54.772980,27386.490000,0.00,1,False
3642,07/14/2026 00:00:00,,00248,250,0001,10/09/2028 00:00:00,58.280000,14570.000000,0.00,1,False
3643,07/14/2026 00:00:00,,00231,20,0001,10/09/2028 00:00:00,525.000000,10500.000000,0.00,1,False
3644,07/14/2026 00:00:00,,00020,250,0001,10/09/2028 00:00:00,52.422980,13105.745000,0.00,1,False
3645,07/14/2026 00:00:00,,00022,5,0001,10/09/2028 00:00:00,480.574500,2402.872500,0.00,1,False
3646,07/15/2026 00:00:00,,00019,100,0001,10/09/2028 00:00:00,108.750088,10875.008750,0.00,1,False
3647,07/13/2026 00:00:00,,00248,500,0001,10/11/2028 00:00:00,31.800000,15900.000000,0.00,1,False
3648,07/13/2026 00:00:00,,00231,200,0001,10/11/2028 00:00:00,100.000000,20000.000000,0.00,1,False
3649,07/15/2026 00:00:00,,00231,100,0001,10/11/2028 00:00:00,498.000000,49800.000000,0.00,1,False
3650,07/15/2026 00:00:00,,00049,20,0001,10/11/2028 00:00:00,568.506895,11370.137900,0.00,1,False
3651,07/15/2026 00:00:00,,00032,120,0001,10/11/2028 00:00:00,248.000000,29760.000000,0.00,1,False
3652,07/15/2026 00:00:00,,00020,500,0001,10/11/2028 00:00:00,54.772980,27386.490000,0.00,1,False
3653,07/15/2026 00:00:00,,00022,1,0001,10/11/2028 00:00:00,480.574500,480.574500,0.00,1,False
3654,07/15/2026 00:00:00,,00369,480,0001,10/11/2028 00:00:00,196.667156,94400.235060,0.00,1,False
3655,07/15/2026 00:00:00,,00380,60,0001,10/11/2028 00:00:00,1819.654600,109179.276000,0.00,1,False
3656,07/15/2026 00:00:00,,00393,12,0001,10/11/2028 00:00:00,702.666667,8432.000000,0.00,1,False
3657,07/15/2026 00:00:00,,00386,20,0001,10/11/2028 00:00:00,2064.694930,41293.898600,0.00,1,False
3658,07/15/2026 00:00:00,,00139,10,0001,10/10/2028 00:00:00,648.000000,6480.000000,0.00,1,False
3659,07/15/2026 00:00:00,,00199,20,0001,10/11/2028 00:00:00,1290.183500,25803.670000,0.00,1,False
3660,07/15/2026 00:00:00,,00243,30,0001,10/11/2028 00:00:00,735.666750,22070.002500,0.00,1,False
3661,07/15/2026 00:00:00,,00074,1,0001,10/11/2028 00:00:00,500.000000,500.000000,0.00,1,False
3662,07/16/2026 00:00:00,,00050,24,0001,10/11/2028 00:00:00,433.732760,10409.586240,0.00,1,False
3663,07/16/2026 00:00:00,,00050,24,0001,10/11/2028 00:00:00,433.732760,10409.586240,0.00,1,False
3664,07/16/2026 00:00:00,,00077,12,0001,10/11/2028 00:00:00,339.413093,4072.957120,0.00,1,False
3665,07/16/2026 00:00:00,,00368,24,0001,10/11/2028 00:00:00,506.315373,12151.568960,0.00,1,False
3666,07/16/2026 00:00:00,,00292,40,0001,10/11/2028 00:00:00,1115.305900,44612.236000,0.00,1,False
3667,07/16/2026 00:00:00,,00147,20,0001,10/11/2028 00:00:00,2140.694930,42813.898600,0.00,1,False
3668,07/16/2026 00:00:00,,00022,200,0001,10/11/2028 00:00:00,468.174500,93634.900000,0.00,1,False
3669,07/17/2026 00:00:00,,00377,20,0001,10/11/2028 00:00:00,1226.342000,24526.840000,0.00,1,False
3670,07/17/2026 00:00:00,,00394,20,0001,10/11/2028 00:00:00,2000.002750,40000.055000,0.00,1,False
3671,07/17/2026 00:00:00,,00220,30,0001,10/12/2028 00:00:00,591.067020,17732.010600,0.00,1,False
3672,07/17/2026 00:00:00,,00369,192,0001,10/12/2028 00:00:00,202.359305,38852.986580,0.00,1,False
3673,07/17/2026 00:00:00,,00259,692,0001,10/12/2028 00:00:00,17.963630,12430.831624,0.00,1,False
3674,07/17/2026 00:00:00,,00201,200,0001,10/12/2028 00:00:00,39.004770,7800.954000,0.00,1,False
3675,07/17/2026 00:00:00,,00051,8,0001,10/12/2028 00:00:00,1389.238500,11113.908000,0.00,1,False
3676,07/17/2026 00:00:00,,00257,200,0001,10/12/2028 00:00:00,29.738607,5947.721400,0.00,1,False
3677,07/17/2026 00:00:00,,00013,400,0001,10/12/2028 00:00:00,40.595500,16238.200000,0.00,1,False
3678,07/17/2026 00:00:00,,00233,400,0001,10/12/2028 00:00:00,25.050096,10020.038400,0.00,1,False
3679,07/17/2026 00:00:00,,00008,400,0001,10/12/2028 00:00:00,31.342250,12536.900000,0.00,1,False
3680,07/17/2026 00:00:00,,00030,900,0001,10/12/2028 00:00:00,31.261739,28135.565000,0.00,1,False
3681,07/17/2026 00:00:00,,00040,4,0001,10/12/2028 00:00:00,1294.477500,5177.910000,0.00,1,False
3682,07/17/2026 00:00:00,,00019,10,0001,10/12/2028 00:00:00,387.500000,3875.000000,0.00,1,False
3683,07/17/2026 00:00:00,,00258,10,0001,10/12/2028 00:00:00,602.274500,6022.745000,0.00,1,False
3684,07/17/2026 00:00:00,,00231,100,0001,10/12/2028 00:00:00,85.000000,8500.000000,0.00,1,False
3685,07/17/2026 00:00:00,,00016,20,0001,10/12/2028 00:00:00,587.600000,11752.000000,0.00,1,False
3686,07/17/2026 00:00:00,,00211,8,0001,10/12/2028 00:00:00,681.912150,5455.297200,0.00,1,False
3687,07/17/2026 00:00:00,,00247,8,0001,10/12/2028 00:00:00,1194.709650,9557.677200,0.00,1,False
3688,07/17/2026 00:00:00,,00052,12,0001,10/12/2028 00:00:00,962.010417,11544.125000,0.00,1,False
3689,07/17/2026 00:00:00,,00266,8,0001,10/12/2028 00:00:00,1215.898000,9727.184000,0.00,1,False
3690,07/17/2026 00:00:00,,00340,8,0001,10/12/2028 00:00:00,1080.161000,8641.288000,0.00,1,False
3691,07/17/2026 00:00:00,,00179,8,0001,10/12/2028 00:00:00,1865.500000,14924.000000,0.00,1,False
3692,07/17/2026 00:00:00,,00180,12,0001,10/12/2028 00:00:00,1378.342517,16540.110200,0.00,1,False
3693,07/18/2026 00:00:00,,00199,4,0001,10/12/2028 00:00:00,1455.183500,5820.734000,0.00,1,False
3694,07/18/2026 00:00:00,,00163,4,001,10/12/2028 00:00:00,1642.587050,6570.348200,0.00,1,False
3695,07/18/2026 00:00:00,,00209,4,0001,10/12/2028 00:00:00,2528.698000,10114.792000,0.00,1,False
3696,07/19/2026 00:00:00,,00016,20,0001,10/12/2028 00:00:00,590.487750,11809.755000,0.00,1,False
3697,07/19/2026 00:00:00,,00008,600,0001,10/12/2028 00:00:00,32.202083,19321.250000,0.00,1,False
3698,07/19/2026 00:00:00,,00262,300,0001,10/12/2028 00:00:00,13.152298,3945.689400,0.00,1,False
3699,07/19/2026 00:00:00,,00022,4,0001,10/12/2028 00:00:00,325.574500,1302.298000,0.00,1,False
3700,07/19/2026 00:00:00,,00201,200,0001,10/12/2028 00:00:00,35.253523,7050.704580,0.00,1,False
3701,07/19/2026 00:00:00,,00010,100,0001,10/12/2028 00:00:00,26.378551,2637.855100,0.00,1,False
3702,07/19/2026 00:00:00,,00032,24,0001,10/12/2028 00:00:00,286.985510,6887.652240,0.00,1,False
3703,07/19/2026 00:00:00,,00013,100,0001,10/12/2028 00:00:00,40.008000,4000.800000,0.00,1,False
3704,07/19/2026 00:00:00,,00052,60,0001,10/12/2028 00:00:00,984.593750,59075.625000,0.00,1,False
3705,07/19/2026 00:00:00,,00257,100,0001,10/12/2028 00:00:00,58.508049,5850.804900,0.00,1,False
3706,07/19/2026 00:00:00,,00211,20,0001,10/12/2028 00:00:00,713.638548,14272.770950,0.00,1,False
3707,07/19/2026 00:00:00,,00247,40,0001,10/12/2028 00:00:00,1216.428180,48657.127200,0.00,1,False
3708,07/19/2026 00:00:00,,00390,20,0001,10/12/2028 00:00:00,2066.918130,41338.362600,0.00,1,False
3709,07/19/2026 00:00:00,,00391,40,0001,10/12/2028 00:00:00,1049.453096,41978.123850,0.00,1,False
3710,07/19/2026 00:00:00,,00388,60,0001,10/12/2028 00:00:00,529.456667,31767.400000,0.00,1,False
3711,07/19/2026 00:00:00,,00389,60,0001,10/12/2028 00:00:00,523.656667,31419.400000,0.00,1,False
3712,07/19/2026 00:00:00,,00395,60,0001,10/12/2028 00:00:00,358.615877,21516.952600,0.00,1,False
3713,07/20/2026 00:00:00,,00047,100,0001,10/12/2028 00:00:00,846.431488,84643.148820,0.00,1,False
3714,07/20/2026 00:00:00,,00150,20,0001,10/12/2028 00:00:00,1313.779037,26275.580740,0.00,1,False
3715,07/20/2026 00:00:00,,00137,20,0001,10/12/2028 00:00:00,4075.967680,81519.353600,0.00,1,False
3716,07/20/2026 00:00:00,,00138,24,0001,10/12/2028 00:00:00,737.678150,17704.275590,0.00,1,False
3717,07/20/2026 00:00:00,,00365,10,0001,10/12/2028 00:00:00,2508.226680,25082.266800,0.00,1,False
3718,07/20/2026 00:00:00,,00364,12,0001,10/12/2028 00:00:00,841.835103,10102.021240,0.00,1,False
3719,07/20/2026 00:00:00,,00360,12,0001,10/12/2028 00:00:00,898.769403,10785.232840,0.00,1,False
3720,07/20/2026 00:00:00,,00376,12,0001,10/12/2028 00:00:00,1285.522403,15426.268840,0.00,1,False
3721,07/21/2026 00:00:00,,00147,25,0001,10/12/2028 00:00:00,1471.194930,36779.873250,0.00,1,False
3722,07/21/2026 00:00:00,,00019,40,0001,10/12/2028 00:00:00,387.500000,15500.000000,0.00,1,False
3723,07/21/2026 00:00:00,,00191,20,0001,10/12/2028 00:00:00,985.858250,19717.165000,0.00,1,False
3724,07/21/2026 00:00:00,,00343,50,0001,10/12/2028 00:00:00,378.000000,18900.000000,0.00,1,False
3725,07/22/2026 00:00:00,,00125,40,0001,10/12/2028 00:00:00,633.266675,25330.667000,0.00,1,False
3726,07/22/2026 00:00:00,,00126,2000,0001,10/12/2028 00:00:00,56.958691,113917.382250,0.00,1,False
3727,07/22/2026 00:00:00,,00265,500,0001,10/12/2028 00:00:00,58.877320,29438.659800,0.00,1,False
3728,07/22/2026 00:00:00,,00262,100,0001,10/12/2028 00:00:00,22.388505,2238.850450,0.00,1,False
3729,07/22/2026 00:00:00,,00022,62,0001,10/12/2028 00:00:00,327.295000,20292.290000,0.00,1,False
3730,07/22/2026 00:00:00,,00220,70,0001,10/12/2028 00:00:00,297.425270,20819.768900,0.00,1,False
3731,07/22/2026 00:00:00,,00369,480,0001,10/12/2028 00:00:00,150.000000,72000.000000,0.00,1,False
3732,07/22/2026 00:00:00,,00019,40,0001,10/12/2028 00:00:00,387.500000,15500.000000,0.00,1,False
3733,07/22/2026 00:00:00,,00231,8,0001,10/12/2028 00:00:00,250.000000,2000.000000,0.00,1,False
3734,07/23/2026 00:00:00,,00032,120,0001,10/12/2028 00:00:00,286.814835,34417.780140,0.00,1,False
3735,07/23/2026 00:00:00,,00248,25,0001,10/12/2028 00:00:00,40.000000,1000.000000,0.00,1,False
3736,07/23/2026 00:00:00,,00231,15,0001,10/12/2028 00:00:00,250.000000,3750.000000,0.00,1,False
3737,07/23/2026 00:00:00,,00030,900,0001,10/12/2028 00:00:00,28.279669,25451.702100,0.00,1,False
3738,07/23/2026 00:00:00,,00040,13,0001,10/12/2028 00:00:00,1053.229500,13691.983500,0.00,1,False
3739,07/23/2026 00:00:00,,00122,48,0001,10/13/2028 00:00:00,429.938530,20637.049440,0.00,1,False
3741,07/23/2026 00:00:00,,00393,40,0001,10/13/2028 00:00:00,527.983290,21119.331600,0.00,1,False
3742,07/22/2026 00:00:00,,00020,325,0001,10/13/2028 00:00:00,43.099480,14007.331000,0.00,1,False
3743,07/23/2026 00:00:00,,00022,12,0001,10/13/2028 00:00:00,327.487000,3929.844000,0.00,1,False
3744,07/23/2026 00:00:00,,00262,1000,0001,10/13/2028 00:00:00,10.809948,10809.948000,0.00,1,False
3745,07/23/2026 00:00:00,,00019,25,0001,10/13/2028 00:00:00,146.000000,3650.000000,0.00,1,False
3746,07/23/2026 00:00:00,,00396,20,0001,10/13/2028 00:00:00,1300.264350,26005.287000,0.00,1,False
3747,07/25/2026 00:00:00,,00137,40,0001,10/13/2028 00:00:00,1693.642900,67745.716000,0.00,1,False
3748,07/25/2026 00:00:00,,00357,10,0001,10/13/2028 00:00:00,253.884220,2538.842200,0.00,1,False
3749,07/25/2026 00:00:00,,00397,80,0001,10/13/2028 00:00:00,497.495570,39799.645600,0.00,1,False
3750,07/26/2026 00:00:00,,00220,100,0001,10/13/2028 00:00:00,457.425270,45742.527000,0.00,1,False
3751,07/26/2026 00:00:00,,00040,30,0001,10/13/2028 00:00:00,165.000000,4950.000000,0.00,1,False
3752,07/27/2026 00:00:00,,00032,120,0001,10/14/2028 00:00:00,282.236270,33868.352400,0.00,1,False
3753,07/27/2026 00:00:00,,00010,500,0001,10/14/2028 00:00:00,15.423627,7711.813500,0.00,1,False
3754,07/27/2026 00:00:00,,00261,20,0001,10/14/2028 00:00:00,1169.198770,23383.975400,0.00,1,False
3755,07/23/2026 00:00:00,,00260,8,0001,10/15/2028 00:00:00,932.779674,7462.237390,0.00,1,False
3756,07/28/2026 00:00:00,,00399,24,0001,10/16/2028 00:00:00,697.748633,16745.967200,0.00,1,False
3757,07/28/2026 00:00:00,,00400,24,0001,10/16/2028 00:00:00,471.611283,11318.670800,0.00,1,False
3758,07/28/2026 00:00:00,,00401,24,0001,10/16/2028 00:00:00,571.276023,13710.624560,0.00,1,False
3759,07/28/2026 00:00:00,,00402,24,280726,10/16/2028 00:00:00,488.228613,11717.486720,0.00,1,False
3760,07/28/2026 00:00:00,,00403,24,280726,10/16/2028 00:00:00,508.894133,12213.459200,0.00,1,False
3761,07/28/2026 00:00:00,,00404,24,0001,10/16/2028 00:00:00,341.473797,8195.371120,0.00,1,False
3762,07/28/2026 00:00:00,,00357,4,0001,10/16/2028 00:00:00,630.163220,2520.652880,0.00,1,False
3763,07/28/2026 00:00:00,,00380,60,0001,10/16/2028 00:00:00,740.737770,44444.266200,0.00,1,False
3764,07/28/2026 00:00:00,,00220,17,0001,10/16/2028 00:00:00,457.601020,7779.217340,0.00,1,False
3765,07/28/2026 00:00:00,,00022,7,0001,10/16/2028 00:00:00,345.603750,2419.226250,0.00,1,False
3766,07/28/2026 00:00:00,,00212,2,0001,10/16/2028 00:00:00,1604.313750,3208.627500,0.00,1,False
3767,07/28/2026 00:00:00,,00231,2,0001,10/16/2028 00:00:00,425.000000,850.000000,0.00,1,False
3768,07/29/2026 00:00:00,,00052,20,0001,10/16/2028 00:00:00,927.736373,18554.727450,0.00,1,False
3769,07/29/2026 00:00:00,,00178,50,0001,10/16/2028 00:00:00,371.206676,18560.333820,0.00,1,False
3770,07/29/2026 00:00:00,,00265,500,0001,10/16/2028 00:00:00,62.995781,31497.890250,0.00,1,False
3771,07/29/2026 00:00:00,,00258,2,0001,10/16/2034 00:00:00,2651.646500,5303.293000,0.00,1,False
3772,07/29/2026 00:00:00,,00019,50,0001,10/16/2028 00:00:00,525.000000,26250.000000,0.00,1,False
3773,07/29/2026 00:00:00,,00220,10,0001,10/16/2028 00:00:00,466.431074,4664.310740,0.00,1,False
3774,07/29/2026 00:00:00,,00258,30,0001,10/19/2028 00:00:00,2663.313167,79899.395000,0.00,1,False
3775,07/29/2026 00:00:00,,00199,50,0001,10/19/2028 00:00:00,337.531000,16876.550000,0.00,1,False
3776,07/29/2026 00:00:00,,00049,32,0001,10/19/2028 00:00:00,692.048743,22145.559760,0.00,1,False
3777,07/29/2026 00:00:00,,00032,180,0001,10/19/2028 00:00:00,293.969603,52914.528600,0.00,1,False
3778,07/30/2026 00:00:00,,00220,5,0001,10/19/2028 00:00:00,457.408270,2287.041350,0.00,1,False
3779,08/01/2026 00:00:00,,00201,400,0001,10/19/2028 00:00:00,31.251064,12500.425600,0.00,1,False
3780,08/01/2026 00:00:00,,00257,400,0001,10/19/2028 00:00:00,26.646575,10658.630000,0.00,1,False
3781,08/01/2026 00:00:00,,00010,800,0001,10/19/2028 00:00:00,12.649268,10119.414710,0.00,1,False
3782,08/01/2026 00:00:00,,00013,800,0001,10/19/2028 00:00:00,31.046485,24837.187760,0.00,1,False
3783,08/01/2026 00:00:00,,00233,800,0001,10/19/2028 00:00:00,23.946831,19157.464560,0.00,1,False
3785,08/01/2026 00:00:00,,00212,8,0001,10/19/2028 00:00:00,1422.985000,11383.880000,0.00,1,False
3786,08/01/2026 00:00:00,,00263,1200,0001,10/19/2028 00:00:00,14.639137,17566.964120,0.00,1,False
3787,08/01/2026 00:00:00,,00265,250,0001,10/19/2028 00:00:00,68.064860,17016.215000,0.00,1,False
3788,08/01/2026 00:00:00,,00258,10,0001,10/19/2028 00:00:00,2651.621500,26516.215000,0.00,1,False
3789,08/01/2026 00:00:00,,00248,500,0001,10/19/2028 00:00:00,55.400000,27700.000000,0.00,1,False
3790,08/01/2026 00:00:00,,00357,4,0001,10/19/2028 00:00:00,465.536220,1862.144880,0.00,1,False
3791,08/01/2026 00:00:00,,00022,2,0001,10/19/2028 00:00:00,338.533750,677.067500,0.00,1,False
3792,08/01/2026 00:00:00,,00212,2,0001,10/19/2028 00:00:00,1422.985000,2845.970000,0.00,1,False
3793,08/01/2026 00:00:00,,00008,800,0001,10/19/2028 00:00:00,30.308026,24246.420560,0.00,1,False
3794,08/02/2026 00:00:00,,00258,20,0001,10/27/2028 00:00:00,2651.621500,53032.430000,0.00,1,False
3795,08/02/2026 00:00:00,,00292,240,0001,10/27/2028 00:00:00,986.507785,236761.868400,0.00,1,False
3796,08/03/2026 00:00:00,,00407,20,0001,10/27/2028 00:00:00,704.833848,14096.676950,0.00,1,False
3797,08/03/2026 00:00:00,,00199,2,0001,10/27/2028 00:00:00,1052.381500,2104.763000,0.00,1,False
3798,08/03/2026 00:00:00,,00380,40,0001,10/27/2028 00:00:00,1159.055860,46362.234400,0.00,1,False
3799,08/03/2026 00:00:00,,00391,60,0001,09/27/2028 00:00:00,873.323825,52399.429500,0.00,1,False
3801,08/03/2026 00:00:00,,00405,120,0001,10/27/2028 00:00:00,313.430280,37611.633600,0.00,1,False
3802,08/03/2026 00:00:00,,00406,120,0001,10/27/2028 00:00:00,422.383630,50686.035600,0.00,1,False
3803,08/03/2026 00:00:00,,00409,10,0001,10/27/2028 00:00:00,688.227000,6882.270000,0.00,1,False
3804,08/03/2026 00:00:00,,00408,10,0001,10/27/2028 00:00:00,661.000000,6610.000000,0.00,1,False
3805,08/03/2026 00:00:00,,00247,52,0001,10/27/2028 00:00:00,1429.434225,74330.579700,0.00,1,False
3806,08/04/2026 00:00:00,,00266,44,0001,10/27/2028 00:00:00,895.001786,39380.078600,0.00,1,False
3807,08/04/2026 00:00:00,,00049,24,0001,10/27/2028 00:00:00,591.414170,14193.940080,0.00,1,False
3808,08/04/2026 00:00:00,,00265,500,0001,10/27/2028 00:00:00,49.188080,24594.040000,0.00,1,False
3809,08/04/2026 00:00:00,,00258,93,0001,10/27/2034 00:00:00,2599.702000,241772.286000,0.00,1,False
3810,08/04/2026 00:00:00,,00008,950,0001,10/27/2028 00:00:00,20.591471,19561.897450,0.00,1,False
3811,08/04/2026 00:00:00,,00032,360,0001,10/27/2028 00:00:00,273.838730,98581.942800,0.00,1,False
3812,08/04/2026 00:00:00,,00231,100,0001,10/27/2028 00:00:00,525.000000,52500.000000,0.00,1,False
3813,08/04/2026 00:00:00,,00248,425,0001,10/27/2028 00:00:00,47.000000,19975.000000,0.00,1,False
3814,08/04/2026 00:00:00,,00013,325,0001,10/27/2028 00:00:00,41.268455,13412.247840,0.00,1,False
3815,08/03/2026 00:00:00,,00395,120,0001,10/27/2028 00:00:00,423.871977,50864.637200,0.00,1,False
3816,08/05/2026 00:00:00,,00377,10,0001,10/27/2028 00:00:00,2170.897250,21708.972500,0.00,1,False
3817,08/05/2026 00:00:00,,00220,25,0001,10/27/2028 00:00:00,394.769370,9869.234250,0.00,1,False
3818,08/05/2026 00:00:00,,00180,16,0001,10/27/2028 00:00:00,1617.406725,25878.507600,0.00,1,False
3819,08/05/2026 00:00:00,,00052,44,0001,10/27/2028 00:00:00,1111.114125,48889.021500,0.00,1,False
3820,08/05/2026 00:00:00,,00170,20,0001,10/27/2028 00:00:00,833.758650,16675.173000,0.00,1,False
3821,08/05/2026 00:00:00,,00267,12,0001,10/27/2028 00:00:00,629.998300,7559.979600,0.00,1,False
3822,08/05/2026 00:00:00,,00199,12,0001,10/27/2028 00:00:00,1242.381500,14908.578000,0.00,1,False
3823,08/05/2026 00:00:00,,00138,36,0001,10/27/2028 00:00:00,759.151050,27329.437800,0.00,1,False
3824,08/05/2026 00:00:00,,00188,36,0001,10/27/2028 00:00:00,587.969400,21166.898400,0.00,1,False
3825,08/05/2026 00:00:00,,00287,36,0001,10/27/2028 00:00:00,606.241800,21824.704800,0.00,1,False
3826,08/05/2026 00:00:00,,00022,2,0001,10/27/2028 00:00:00,523.988750,1047.977500,0.00,1,False
3827,08/06/2026 00:00:00,,00022,26,0001,10/27/2028 00:00:00,326.802750,8496.871500,0.00,1,False
3828,08/06/2026 00:00:00,,00231,20,0001,10/27/2028 00:00:00,525.000000,10500.000000,0.00,1,False
3829,08/06/2026 00:00:00,,00220,2,0001,10/27/2028 00:00:00,204.769370,409.538740,0.00,1,False
3830,08/06/2026 00:00:00,,00010,100,0001,10/27/2028 00:00:00,149.047156,14904.715600,0.00,1,False
3831,08/06/2026 00:00:00,,00008,200,0001,10/27/2028 00:00:00,30.050479,6010.095740,0.00,1,False
3832,08/06/2026 00:00:00,,00263,150,0001,10/27/2028 00:00:00,12.890262,1933.539360,0.00,1,False
3833,08/08/2026 00:00:00,,00231,101,0001,10/28/2028 00:00:00,525.000000,53025.000000,0.00,1,False
3834,08/08/2026 00:00:00,,00220,50,0001,10/28/2028 00:00:00,372.769370,18638.468500,0.00,1,False
3835,08/08/2026 00:00:00,,00022,51,0001,10/28/2028 00:00:00,480.873250,24524.535750,0.00,1,False
3836,08/08/2026 00:00:00,,00047,100,0001,10/28/2028 00:00:00,1549.845610,154984.561000,0.00,1,False
3837,08/08/2026 00:00:00,,00150,20,0001,10/28/2028 00:00:00,776.818760,15536.375200,0.00,1,False
3838,08/08/2026 00:00:00,,00158,20,0001,10/28/2028 00:00:00,619.036250,12380.725000,0.00,1,False
3839,08/08/2026 00:00:00,,00196,20,0001,10/28/2028 00:00:00,552.904000,11058.080000,0.00,1,False
3840,08/08/2026 00:00:00,,00186,5,0001,10/28/2028 00:00:00,270.000000,1350.000000,0.00,1,False
3841,08/08/2026 00:00:00,,00212,3,0001,10/28/2028 00:00:00,1561.251750,4683.755250,0.00,1,False
3842,08/08/2026 00:00:00,,00041,10,0001,10/28/2028 00:00:00,1217.621000,12176.210000,0.00,1,False
3843,08/04/2026 00:00:00,,00010,1600,0001,10/29/2028 00:00:00,11.896534,19034.453920,0.00,1,False
3844,08/09/2026 00:00:00,,00281,40,090826,10/29/2034 00:00:00,1108.806560,44352.262400,0.00,1,False
3845,08/09/2026 00:00:00,,00278,40,0001,10/29/2028 00:00:00,712.619810,28504.792400,0.00,1,False
3846,08/09/2026 00:00:00,,00286,40,0001,10/29/2028 00:00:00,659.394810,26375.792400,0.00,1,False
3847,08/09/2026 00:00:00,,00276,32,0001,10/29/2028 00:00:00,1056.851760,33819.256320,0.00,1,False
3848,08/09/2026 00:00:00,,00280,44,0001,10/29/2028 00:00:00,1819.023910,80037.052040,0.00,1,False
3849,08/09/2026 00:00:00,,00371,20,0001,10/29/2028 00:00:00,1911.953060,38239.061200,0.00,1,False
3850,08/09/2026 00:00:00,,00274,88,0001,10/29/2028 00:00:00,2163.208260,190362.326880,0.00,1,False
3851,08/09/2026 00:00:00,,00275,60,0001,10/29/2028 00:00:00,370.758467,22245.508000,0.00,1,False
3852,08/09/2026 00:00:00,,00273,20,0001,10/29/2028 00:00:00,818.564250,16371.285000,0.00,1,False
3853,08/06/2026 00:00:00,,00037,20,0001,10/29/2028 00:00:00,1384.220250,27684.405000,0.00,1,False
3854,08/10/2026 00:00:00,,00411,8,0001,10/30/2028 00:00:00,1184.311710,9474.493680,0.00,1,False
3855,08/10/2026 00:00:00,,00412,8,0001,10/30/2028 00:00:00,878.783760,7030.270080,0.00,1,False
3856,08/10/2026 00:00:00,,00413,8,0001,10/30/2028 00:00:00,991.711160,7933.689280,0.00,1,False
3857,08/10/2026 00:00:00,,00414,8,0001,10/30/2028 00:00:00,1567.815610,12542.524880,0.00,1,False
3858,08/10/2026 00:00:00,,00302,5,0001,10/30/2028 00:00:00,698.194000,3490.970000,0.00,1,False
3859,08/10/2026 00:00:00,,00199,1,0001,10/30/2028 00:00:00,1220.381500,1220.381500,0.00,1,False
3860,08/10/2026 00:00:00,,00022,3,0001,10/30/2028 00:00:00,480.843500,1442.530500,0.00,1,False
3861,08/10/2026 00:00:00,,00231,6,0001,10/30/2028 00:00:00,525.000000,3150.000000,0.00,1,False
3862,08/10/2026 00:00:00,,00343,5,0001,10/30/2028 00:00:00,884.906000,4424.530000,0.00,1,False
3863,08/11/2026 00:00:00,,00028,100,0001,10/30/2028 00:00:00,1317.405750,131740.575000,0.00,1,False
3864,08/11/2026 00:00:00,,00026,1600,0001,10/30/2028 00:00:00,52.696230,84313.968000,0.00,1,False
3865,08/12/2026 00:00:00,,00231,50,0001,10/30/2028 00:00:00,525.000000,26250.000000,0.00,1,False
3866,08/12/2026 00:00:00,,00199,20,0001,10/30/2028 00:00:00,495.904000,9918.080000,0.00,1,False
3867,08/12/2026 00:00:00,,00141,1000,0001,10/30/2028 00:00:00,65.886830,65886.830000,0.00,1,False
3868,08/03/2026 00:00:00,,00393,60,0001,10/30/2028 00:00:00,628.752460,37725.147600,0.00,1,False
3869,08/13/2026 00:00:00,,00228,28,0001,11/01/2028 00:00:00,2043.993829,57231.827200,0.00,1,False
3870,08/13/2026 00:00:00,,00364,12,0001,11/01/2028 00:00:00,1126.728393,13520.740710,0.00,1,False
3871,08/13/2026 00:00:00,,00226,60,0001,11/01/2028 00:00:00,571.907487,34314.449200,0.00,1,False
3872,08/13/2026 00:00:00,,00349,44,0001,11/01/2028 00:00:00,1102.973693,48530.842470,0.00,1,False
3873,08/13/2026 00:00:00,,00404,24,0001,11/01/2028 00:00:00,340.400907,8169.621760,0.00,1,False
3874,08/13/2026 00:00:00,,00415,4,0001,11/01/2028 00:00:00,2306.717150,9226.868600,0.00,1,False
3875,08/13/2026 00:00:00,,00040,50,0001,11/01/2028 00:00:00,553.862000,27693.100000,0.00,1,False
3876,08/13/2026 00:00:00,,00402,24,0001,11/01/2028 00:00:00,351.858617,8444.606800,0.00,1,False
3877,08/13/2026 00:00:00,,00400,24,0001,11/01/2028 00:00:00,103.110723,2474.657360,0.00,1,False
3878,08/13/2026 00:00:00,,00399,24,0001,11/01/2028 00:00:00,290.007763,6960.186320,0.00,1,False
3879,08/13/2026 00:00:00,,00403,24,0001,11/01/2028 00:00:00,97.240283,2333.766800,0.00,1,False
3880,08/13/2026 00:00:00,,00401,24,0001,11/01/2028 00:00:00,413.779157,9930.699760,0.00,1,False
3881,08/13/2026 00:00:00,,00063,12,0001,11/02/2028 00:00:00,341.518790,4098.225480,0.00,1,False
3882,08/13/2026 00:00:00,,00055,12,0001,11/02/2028 00:00:00,498.829153,5985.949840,0.00,1,False
3883,08/13/2026 00:00:00,,00041,5,0001,11/02/2028 00:00:00,1234.287670,6171.438350,0.00,1,False
3884,08/16/2026 00:00:00,,00183,40,0001,11/03/2028 00:00:00,886.895743,35475.829700,0.00,1,False
3885,08/16/2026 00:00:00,,00260,40,0001,11/03/2028 00:00:00,865.109443,34604.377700,0.00,1,False
3886,08/16/2026 00:00:00,,00129,44,0001,11/03/2028 00:00:00,1076.506893,47366.303270,0.00,1,False
3887,08/16/2026 00:00:00,,00144,44,0001,11/03/2028 00:00:00,901.837293,39680.840870,0.00,1,False
3888,08/16/2026 00:00:00,,00147,28,0001,11/03/2028 00:00:00,1883.279543,52731.827200,0.00,1,False
3889,08/16/2026 00:00:00,,00268,120,0001,11/03/2028 00:00:00,355.066404,42607.968480,0.00,1,False
3890,08/17/2026 00:00:00,,00263,1500,0001,11/05/2028 00:00:00,13.578042,20367.062550,0.00,1,False
3891,08/17/2026 00:00:00,,00265,500,0001,11/05/2028 00:00:00,53.298940,26649.470000,0.00,1,False
3892,08/17/2026 00:00:00,,00258,20,0001,11/05/2028 00:00:00,2648.473500,52969.470000,0.00,1,False
3893,08/17/2026 00:00:00,,00020,200,0001,11/05/2028 00:00:00,43.220230,8644.046000,0.00,1,False
3894,08/17/2026 00:00:00,,00022,10,0001,11/05/2028 00:00:00,485.505750,4855.057500,0.00,1,False
3895,08/17/2026 00:00:00,,00231,10,0001,11/11/2028 00:00:00,525.000000,5250.000000,0.00,1,False
3896,08/17/2026 00:00:00,,00248,1250,0001,11/05/2028 00:00:00,56.081487,70101.858500,0.00,1,False
3897,08/17/2026 00:00:00,,00016,20,0001,11/05/2028 00:00:00,579.868250,11597.365000,0.00,1,False
3898,08/18/2026 00:00:00,,00212,15,0001,11/05/2028 00:00:00,1582.895500,23743.432500,0.00,1,False
3899,08/18/2026 00:00:00,,00016,25,0001,11/05/2028 00:00:00,588.868250,14721.706250,0.00,1,False
3900,08/18/2026 00:00:00,,00032,312,0001,11/05/2028 00:00:00,301.395062,94035.259400,0.00,1,False
3901,08/18/2026 00:00:00,,00231,35,0001,11/05/2028 00:00:00,525.000000,18375.000000,0.00,1,False
3902,08/18/2026 00:00:00,,00055,24,0001,11/05/2028 00:00:00,477.963300,11471.119200,0.00,1,False
3903,08/18/2026 00:00:00,,00220,10,0001,11/05/2028 00:00:00,622.825870,6228.258700,0.00,1,False
3904,08/18/2026 00:00:00,,00150,40,0001,11/05/2024 00:00:00,707.376884,28295.075360,0.00,1,False
3905,08/18/2026 00:00:00,,00020,200,0001,11/05/2028 00:00:00,43.252470,8650.494000,0.00,1,False
3906,08/18/2026 00:00:00,,00022,15,0001,11/05/2028 00:00:00,486.311750,7294.676250,0.00,1,False
3907,08/18/2026 00:00:00,,00050,24,0001,11/05/2028 00:00:00,311.241643,7469.799440,0.00,1,False
3908,08/19/2026 00:00:00,,00147,30,0001,11/08/2028 00:00:00,1920.251530,57607.545900,0.00,1,False
3909,08/19/2026 00:00:00,,00344,20,0001,11/08/2028 00:00:00,2753.034150,55060.683000,0.00,1,False
3910,08/19/2026 00:00:00,,00343,10,0001,11/08/2028 00:00:00,694.906000,6949.060000,0.00,1,False
3911,08/19/2026 00:00:00,,00347,24,0001,11/08/2028 00:00:00,335.461554,8051.077300,0.00,1,False
3912,08/19/2026 00:00:00,,00346,12,0001,11/08/2028 00:00:00,381.375914,4576.510970,0.00,1,False
3913,08/19/2026 00:00:00,,00198,20,0001,11/08/2028 00:00:00,934.696893,18693.937850,0.00,1,False
3914,08/19/2026 00:00:00,,00016,100,0001,11/08/2028 00:00:00,432.963750,43296.375000,0.00,1,False
3915,08/19/2026 00:00:00,,00417,49,0001,11/08/2028 00:00:00,1272.490500,62352.034500,0.00,1,False
3916,08/19/2026 00:00:00,,00010,1000,0001,11/08/2028 00:00:00,23.438783,23438.783000,0.00,1,False
3917,08/19/2026 00:00:00,,00257,1000,0001,11/08/2028 00:00:00,24.606436,24606.436000,0.00,1,False
3918,08/19/2026 00:00:00,,00231,10,0001,11/08/2028 00:00:00,525.000000,5250.000000,0.00,1,False
3919,08/19/2026 00:00:00,,00032,300,0001,11/08/2028 00:00:00,283.015530,84904.659000,0.00,1,False
3920,08/19/2026 00:00:00,,00201,1000,0001,11/08/2028 00:00:00,38.929173,38929.173000,0.00,1,False
3921,08/19/2026 00:00:00,,00272,20,0001,11/08/2028 00:00:00,769.467793,15389.355850,0.00,1,False
3922,08/20/2026 00:00:00,,00285,225,0001,11/09/2028 00:00:00,147.502920,33188.157000,0.00,1,False
3923,08/20/2026 00:00:00,,00274,32,0001,11/09/2028 00:00:00,2508.187930,80262.013760,0.00,1,False
3924,08/20/2026 00:00:00,,00289,20,0001,11/09/2028 00:00:00,2235.717900,44714.358000,0.00,1,False
3925,08/20/2026 00:00:00,,00118,10,0001,11/09/2028 00:00:00,2101.896900,21018.969000,0.00,1,False
3926,08/20/2026 00:00:00,,00208,46,0001,10/09/2028 00:00:00,158.061010,7270.806460,0.00,1,False
3927,08/20/2026 00:00:00,,00019,120,0001,11/09/2028 00:00:00,525.000000,63000.000000,0.00,1,False
3928,08/20/2026 00:00:00,,00010,1000,0001,11/09/2028 00:00:00,14.906553,14906.553000,0.00,1,False
3929,08/20/2026 00:00:00,,00213,20,0001,11/09/2028 00:00:00,711.142480,14222.849600,0.00,1,False
3930,08/20/2026 00:00:00,,00147,35,0001,11/09/2028 00:00:00,1892.251530,66228.803550,0.00,1,False
3931,08/20/2026 00:00:00,,00271,12,0001,11/09/2028 00:00:00,1219.611880,14635.342560,0.00,1,False
3932,08/20/2026 00:00:00,,00191,99,0001,11/11/2028 00:00:00,520.006500,51480.643500,0.00,1,False
3933,08/20/2026 00:00:00,,00378,120,0001,11/09/2028 00:00:00,350.031030,42003.723600,0.00,1,False
3934,08/22/2026 00:00:00,,00016,105,0001,11/09/2028 00:00:00,432.963750,45461.193750,0.00,1,False
3935,08/22/2026 00:00:00,,00032,12,0001,11/09/2028 00:00:00,297.201708,3566.420500,0.00,1,False
3936,08/22/2026 00:00:00,,00010,500,0001,11/09/2028 00:00:00,23.438783,11719.391500,0.00,1,False
3937,08/22/2026 00:00:00,,00233,700,0001,11/09/2028 00:00:00,22.346575,15642.602500,0.00,1,False
3938,08/22/2026 00:00:00,,00231,30,0001,11/09/2028 00:00:00,525.000000,15750.000000,0.00,1,False
3939,08/22/2026 00:00:00,,00248,75,0001,11/09/2028 00:00:00,47.000000,3525.000000,0.00,1,False
3940,08/22/2026 00:00:00,,00265,25,0001,11/09/2028 00:00:00,51.150000,1278.750000,0.00,1,False
3941,08/22/2026 00:00:00,,00186,1,0001,11/09/2028 00:00:00,212.500000,212.500000,0.00,1,False
3942,08/22/2026 00:00:00,,00220,10,0001,11/09/2028 00:00:00,622.825870,6228.258700,0.00,1,False
3943,08/22/2026 00:00:00,,00020,125,0001,11/09/2028 00:00:00,43.255410,5406.926250,0.00,1,False
3944,08/23/2026 00:00:00,,00016,35,0001,11/10/2028 00:00:00,382.322000,13381.270000,0.00,1,False
3945,08/23/2026 00:00:00,,00022,30,0001,11/10/2028 00:00:00,486.432250,14592.967500,0.00,1,False
3946,08/23/2026 00:00:00,,00231,50,0001,11/10/2028 00:00:00,525.000000,26250.000000,0.00,1,False
3947,08/23/2026 00:00:00,,00248,150,0001,11/10/2028 00:00:00,56.028760,8404.314000,0.00,1,False
3948,08/23/2026 00:00:00,,00220,30,0001,11/10/2028 00:00:00,636.662993,19099.889800,0.00,1,False
3949,08/23/2026 00:00:00,,00212,10,0001,11/10/2028 00:00:00,1595.195000,15951.950000,0.00,1,False
3950,08/23/2026 00:00:00,,00049,20,0001,11/10/2028 00:00:00,702.603290,14052.065800,0.00,1,False
3951,08/23/2026 00:00:00,,00010,200,0001,11/10/2028 00:00:00,27.145947,5429.189400,0.00,1,False
3952,08/23/2026 00:00:00,,00032,72,0001,11/10/2028 00:00:00,291.023348,20953.681080,0.00,1,False
3953,08/23/2026 00:00:00,,00008,200,0001,11/10/2028 00:00:00,31.725488,6345.097600,0.00,1,False
3954,08/23/2026 00:00:00,,00233,500,0001,11/10/2028 00:00:00,26.097241,13048.620500,0.00,1,False
3955,08/23/2026 00:00:00,,00257,1000,0001,11/10/2028 00:00:00,25.541142,25541.142000,0.00,1,False
3956,08/23/2026 00:00:00,,00013,490,230826,11/10/2034 00:00:00,45.922868,22502.205400,0.00,1,False
3957,08/23/2026 00:00:00,,00047,100,0001,11/10/2028 00:00:00,1722.474620,172247.462000,0.00,1,False
3958,08/23/2026 00:00:00,,00048,202,0001,11/10/2028 00:00:00,207.588978,41932.973560,0.00,1,False
3959,08/23/2026 00:00:00,,00150,20,0001,11/10/2028 00:00:00,765.183620,15303.672400,0.00,1,False
3960,08/23/2026 00:00:00,,00420,20,0001,11/10/2034 00:00:00,1133.653970,22673.079400,0.00,1,False
3961,08/23/2026 00:00:00,,00421,300,0001,11/10/2028 00:00:00,101.304207,30391.262000,0.00,1,False
3962,08/23/2026 00:00:00,,00422,50,0001,11/10/2028 00:00:00,226.696320,11334.816000,0.00,1,False
3963,08/23/2026 00:00:00,,00423,60,0001,11/10/2028 00:00:00,150.207697,9012.461800,0.00,1,False
3964,08/23/2026 00:00:00,,00393,8,0001,11/10/2028 00:00:00,1398.194820,11185.558560,0.00,1,False
3965,08/24/2026 00:00:00,,00425,5,0001,11/11/2028 00:00:00,2158.767808,10793.839040,0.00,1,False
3966,08/24/2026 00:00:00,,00424,20,0001,11/11/2028 00:00:00,2351.586000,47031.720000,0.00,1,False
3967,08/24/2026 00:00:00,,00419,20,0001,11/11/2028 00:00:00,743.723320,14874.466400,0.00,1,False
3968,08/24/2026 00:00:00,,00078,100,0001,11/11/2028 00:00:00,318.313055,31831.305520,0.00,1,False
3969,08/24/2026 00:00:00,,00086,480,0001,11/11/2028 00:00:00,489.451313,234936.630400,0.00,1,False
3970,08/24/2026 00:00:00,,00137,19,0001,11/11/2028 00:00:00,3961.343861,75265.533350,0.00,1,False
3971,08/24/2026 00:00:00,,00073,612,0001,11/11/2028 00:00:00,403.780908,247113.915440,0.00,1,False
3972,08/25/2026 00:00:00,,00016,85,0001,11/14/2028 00:00:00,587.150250,49907.771250,0.00,1,False
3973,08/25/2026 00:00:00,,00231,30,0001,11/14/2028 00:00:00,709.587750,21287.632500,0.00,1,False
3974,08/25/2026 00:00:00,,00052,48,0001,11/14/2028 00:00:00,965.302220,46334.506560,0.00,1,False
3975,08/25/2026 00:00:00,,00076,44,0001,11/14/2028 00:00:00,955.110591,42024.866000,0.00,1,False
3976,08/25/2026 00:00:00,,00209,29,0001,11/14/2034 00:00:00,466.275862,13522.000000,0.00,1,False
3978,08/25/2026 00:00:00,,00360,12,0001,11/14/2028 00:00:00,863.245270,10358.943240,0.00,1,False
3979,08/25/2026 00:00:00,,00032,60,0001,11/14/2028 00:00:00,296.883683,17813.021000,0.00,1,False
3980,08/25/2026 00:00:00,,00244,1195,0001,11/14/2028 00:00:00,23.546346,28137.883775,0.00,1,False
3981,08/25/2026 00:00:00,,00127,990,0001,11/14/2028 00:00:00,79.482445,78687.621000,0.00,1,False
3982,08/25/2026 00:00:00,,00178,50,0001,11/14/2028 00:00:00,242.958430,12147.921500,0.00,1,False
3983,08/27/2026 00:00:00,,00022,110,0001,11/15/2028 00:00:00,382.966227,42126.285000,0.00,1,False
3984,08/27/2026 00:00:00,,00020,150,0001,11/15/2028 00:00:00,52.036500,7805.475000,0.00,1,False
3985,08/27/2026 00:00:00,,00231,60,0001,11/15/2028 00:00:00,709.587750,42575.265000,0.00,1,False
3986,08/27/2026 00:00:00,,00212,20,0001,11/15/2028 00:00:00,1574.381500,31487.630000,0.00,1,False
3987,08/27/2026 00:00:00,,00032,48,0001,11/15/2028 00:00:00,283.257578,13596.363760,0.00,1,False
3988,08/27/2026 00:00:00,,00010,100,0001,11/15/2028 00:00:00,24.130998,2413.099800,0.00,1,False
3989,08/27/2026 00:00:00,,00233,100,0001,11/15/2028 00:00:00,24.428302,2442.830200,0.00,1,False
3990,08/27/2026 00:00:00,,00016,10,0001,11/15/2028 00:00:00,587.150250,5871.502500,0.00,1,False
3991,08/27/2026 00:00:00,,00199,2,0001,11/15/2028 00:00:00,495.500000,991.000000,0.00,1,False
3992,08/25/2026 00:00:00,,00294,20,250826,11/15/2034 00:00:00,592.836120,11856.722400,0.00,1,False
3993,08/25/2026 00:00:00,,00266,20,0001,11/15/2028 00:00:00,813.103820,16262.076400,0.00,1,False
3994,08/29/2026 00:00:00,,00265,250,0001,11/17/2028 00:00:00,51.109310,12777.327500,0.00,1,False
3995,08/29/2026 00:00:00,,00258,15,0001,11/17/2028 00:00:00,2596.399417,38945.991250,0.00,1,False
3996,08/29/2026 00:00:00,,00010,600,290826,11/17/2034 00:00:00,24.676783,14806.069800,0.00,1,False
3997,08/29/2026 00:00:00,,00032,120,0001,11/17/2028 00:00:00,296.133683,35536.042000,0.00,1,False
3998,08/29/2026 00:00:00,,00233,1000,0001,11/17/2028 00:00:00,24.226192,24226.192000,0.00,1,False
3999,09/29/2026 00:00:00,,00020,375,0001,11/20/2028 00:00:00,44.567390,16712.771250,0.00,1,False
4000,08/30/2026 00:00:00,,00199,144,0001,11/20/2028 00:00:00,487.549278,70207.096000,0.00,1,False
4001,08/30/2026 00:00:00,,00040,128,0001,11/20/2028 00:00:00,360.317750,46120.672000,0.00,1,False
4002,08/30/2026 00:00:00,,00365,10,0001,11/20/2028 00:00:00,2708.187900,27081.879000,0.00,1,False
4003,08/30/2026 00:00:00,,00170,12,0001,11/20/2028 00:00:00,878.065620,10536.787440,0.00,1,False
4004,08/30/2026 00:00:00,,00178,50,0001,11/20/2028 00:00:00,326.100220,16305.011000,0.00,1,False
4005,08/30/2026 00:00:00,,00013,996,0001,11/20/2028 00:00:00,39.166414,39009.748376,0.00,1,False
4006,08/30/2026 00:00:00,,00072,16,0001,11/20/2028 00:00:00,780.153070,12482.449120,0.00,1,False
4007,08/30/2026 00:00:00,,00257,200,0001,11/20/2028 00:00:00,26.462271,5292.454200,0.00,1,False
4008,08/30/2026 00:00:00,,00032,24,0001,11/20/2028 00:00:00,338.603910,8126.493840,0.00,1,False
4009,08/30/2026 00:00:00,,00233,200,0001,11/20/2028 00:00:00,24.226192,4845.238400,0.00,1,False
4010,08/30/2026 00:00:00,,00215,50,0001,11/20/2028 00:00:00,128.486920,6424.346000,0.00,1,False
4011,08/30/2026 00:00:00,,00258,3,0001,11/20/2028 00:00:00,2577.733000,7733.199000,0.00,1,False
4012,08/30/2026 00:00:00,,00022,18,0001,11/20/2028 00:00:00,216.982000,3905.676000,0.00,1,False
4013,08/30/2026 00:00:00,,00212,20,0001,11/20/2028 00:00:00,1574.085000,31481.700000,0.00,1,False
4014,08/30/2026 00:00:00,,00040,2,0001,11/20/2028 00:00:00,293.000000,586.000000,0.00,1,False
4015,08/30/2026 00:00:00,,00016,20,0001,11/20/2028 00:00:00,470.603750,9412.075000,0.00,1,False
4016,08/31/2026 00:00:00,,00401,20,0001,11/20/2028 00:00:00,559.793370,11195.867400,0.00,1,False
4017,08/31/2026 00:00:00,,00208,156,0001,11/20/2028 00:00:00,194.796090,30388.190040,0.00,1,False
4018,08/31/2026 00:00:00,,00152,144,0001,11/20/2028 00:00:00,145.353380,20930.886720,0.00,1,False
4019,08/31/2026 00:00:00,,00286,60,0001,11/20/2028 00:00:00,749.257920,44955.475200,0.00,1,False
4020,08/31/2026 00:00:00,,00285,210,0001,11/20/2028 00:00:00,75.223140,15796.859400,0.00,1,False
4021,08/31/2026 00:00:00,,00220,16,0001,11/20/2028 00:00:00,619.511370,9912.181920,0.00,1,False
4022,08/31/2026 00:00:00,,00231,10,0001,11/20/2028 00:00:00,709.587750,7095.877500,0.00,1,False
4023,08/31/2026 00:00:00,,00369,47,0001,11/20/2028 00:00:00,59.425657,2793.005888,0.00,1,False
4024,08/31/2026 00:00:00,,00040,3,0001,11/20/2028 00:00:00,293.000000,879.000000,0.00,1,False
4025,08/31/2026 00:00:00,,00032,120,0001,11/20/2028 00:00:00,276.550350,33186.042000,0.00,1,False
4026,08/31/2026 00:00:00,,00258,4,0001,11/01/2028 00:00:00,2577.733000,10310.932000,0.00,1,False
4027,08/29/2026 00:00:00,,00259,1800,0001,11/20/2028 00:00:00,24.531761,44157.169320,0.00,1,False
4028,08/30/2026 00:00:00,,00259,500,0001,11/20/2028 00:00:00,24.136971,12068.485550,0.00,1,False
4029,08/31/2026 00:00:00,,00259,2700,0001,11/20/2028 00:00:00,24.136971,65169.821970,0.00,1,False
4030,09/03/2026 00:00:00,,00019,200,0001,11/26/2028 00:00:00,586.381884,117276.376800,0.00,1,False
4031,09/03/2026 00:00:00,,00369,9600,0001,11/26/2028 00:00:00,160.915805,1544791.729280,0.00,1,False
4032,09/05/2026 00:00:00,,00343,2,0001,11/27/2028 00:00:00,757.910500,1515.821000,0.00,1,False
4033,09/05/2026 00:00:00,,00376,12,0001,11/27/2028 00:00:00,1274.808020,15297.696240,0.00,1,False
4034,09/05/2026 00:00:00,,00052,40,0001,11/27/2028 00:00:00,962.412050,38496.482000,0.00,1,False
4035,09/05/2026 00:00:00,,00295,60,0001,11/27/2028 00:00:00,1088.947770,65336.866200,0.00,1,False
4036,09/05/2026 00:00:00,,00138,40,0001,11/27/2028 00:00:00,820.059820,32802.392800,0.00,1,False
4037,09/05/2026 00:00:00,,00291,40,0001,11/27/2028 00:00:00,786.213470,31448.538800,0.00,1,False
4038,09/05/2026 00:00:00,,00294,24,0001,11/27/2028 00:00:00,849.003670,20376.088080,0.00,1,False
4039,09/05/2026 00:00:00,,00298,24,0001,11/27/2028 00:00:00,722.166753,17332.002080,0.00,1,False
4040,09/05/2026 00:00:00,,00188,24,0001,11/27/2028 00:00:00,947.417620,22738.022880,0.00,1,False
4041,09/05/2026 00:00:00,,00194,24,0001,11/27/2028 00:00:00,1425.478870,34211.492880,0.00,1,False
4042,09/07/2026 00:00:00,,00228,30,0001,11/27/2028 00:00:00,2174.397650,65231.929500,0.00,1,False
4043,09/07/2026 00:00:00,,00137,15,0001,11/07/2028 00:00:00,3920.684900,58810.273500,0.00,1,False
