ProductionID,ProductionDate,Remarks,ProductID,Quantity,BatchNo,ExpiryDate,Cost,TTLValue,Expense,UserNo,IsPosted
1,07/03/2023 00:00:00,,03003,260,001,07/02/2025 00:00:00,21.440000,5574.400000,0.00,1,False
2,07/04/2023 00:00:00,,03018,300,001,07/03/2025 00:00:00,65.835000,19750.500000,0.00,1,False
3,07/04/2023 00:00:00,,03001,125,003,06/03/2025 00:00:00,143.400000,17925.000000,0.00,1,False
4,07/04/2023 00:00:00,,03019,1,040723,09/28/2031 00:00:00,53.085000,53.085000,0.00,1,False
5,07/04/2023 00:00:00,,03001,1000,004,09/28/2024 00:00:00,79.170000,79170.000000,0.00,1,False
6,07/05/2023 00:00:00,,03005,360,001,07/04/2025 00:00:00,47.953889,17263.400000,0.00,1,False
7,07/05/2023 00:00:00,,03014,125,003,07/04/2025 00:00:00,19.000000,2375.000000,0.00,1,False
8,07/06/2023 00:00:00,,03012,300,001,09/28/2025 00:00:00,67.458333,20237.500000,0.00,1,False
9,07/13/2023 00:00:00,,03010,40,001,07/12/2025 00:00:00,237.400000,9496.000000,0.00,1,False
10,07/11/2023 00:00:00,,03014,2500,009,07/10/2025 00:00:00,19.000000,47500.000000,0.00,1,False
11,07/11/2023 00:00:00,,03011,100,001,07/10/2025 00:00:00,74.125000,7412.500000,0.00,1,False
12,07/13/2023 00:00:00,,03019,1500,0013,07/12/2025 00:00:00,39.780000,59670.000000,0.00,1,False
13,07/13/2023 00:00:00,,03022,500,0013,07/12/2025 00:00:00,49.000000,24500.000000,0.00,1,False
14,07/13/2023 00:00:00,,03045,125,0013,07/12/2025 00:00:00,16.720000,2090.000000,0.00,1,False
15,07/13/2023 00:00:00,,03014,50,0013,07/12/2025 00:00:00,19.000000,950.000000,0.00,1,False
16,07/13/2023 00:00:00,,03023,125,0013,07/12/2025 00:00:00,37.940000,4742.500000,0.00,1,False
17,07/13/2023 00:00:00,,03001,1400,0013,07/12/2025 00:00:00,18.120536,25368.750000,0.00,1,False
18,07/13/2023 00:00:00,,03011,60,002,07/12/2025 00:00:00,54.058333,3243.500000,0.00,1,False
19,07/13/2023 00:00:00,,03010,40,002,07/12/2025 00:00:00,229.150000,9166.000000,0.00,1,False
20,07/16/2023 00:00:00,,03005,240,002,07/15/2025 00:00:00,48.159375,11558.250000,0.00,1,False
21,07/17/2023 00:00:00,,03003,190,002,07/16/2025 00:00:00,22.750000,4322.500000,0.00,1,False
22,07/18/2023 00:00:00,,03018,100,002,07/17/2025 00:00:00,62.595000,6259.500000,0.00,1,False
23,07/18/2023 00:00:00,,03019,200,002,07/17/2025 00:00:00,41.335000,8267.000000,0.00,1,False
24,07/18/2023 00:00:00,,03001,320,002,07/17/2025 00:00:00,21.712500,6948.000000,0.00,1,False
25,07/22/2023 00:00:00,,03016,975,002,07/21/2025 00:00:00,12.051282,11750.000000,0.00,1,False
26,07/22/2023 00:00:00,,03014,250,002,07/21/2025 00:00:00,19.000000,4750.000000,0.00,1,False
27,07/06/2023 00:00:00,,03016,500,001,07/05/2025 00:00:00,14.800000,7400.000000,0.00,1,False
28,07/24/2023 00:00:00,,03014,50,002,07/23/2025 00:00:00,19.000000,950.000000,0.00,1,False
29,07/24/2023 00:00:00,,03045,125,002,07/23/2025 00:00:00,19.000000,2375.000000,0.00,1,False
30,07/25/2023 00:00:00,,03053,2500,001,07/24/2025 00:00:00,31.776000,79440.000000,0.00,1,False
31,07/27/2023 00:00:00,,03012,100,002,07/26/2025 00:00:00,75.275000,7527.500000,0.00,1,False
32,07/27/2023 00:00:00,,03005,24,002,07/26/2025 00:00:00,28.652500,687.660000,0.00,1,False
33,07/27/2023 00:00:00,,03018,20,002,07/26/2025 00:00:00,47.085000,941.700000,0.00,1,False
34,07/27/2023 00:00:00,,03003,20,002,07/26/2025 00:00:00,15.902500,318.050000,0.00,1,False
35,07/27/2023 00:00:00,,03002,425,002,07/26/2025 00:00:00,17.000000,7225.000000,0.00,1,False
36,07/27/2023 00:00:00,,03014,200,002,07/26/2025 00:00:00,19.000000,3800.000000,0.00,1,False
37,07/30/2023 00:00:00,,03001,100,002,07/29/2025 00:00:00,20.300000,2030.000000,0.00,1,False
38,07/30/2023 00:00:00,,03003,600,001,07/29/2025 00:00:00,43.997300,26398.380000,0.00,1,False
39,07/31/2023 00:00:00,,03011,540,001,07/30/2025 00:00:00,115.168519,62191.000000,0.00,1,False
40,08/01/2023 00:00:00,,03010,324,002,07/31/2026 00:00:00,130.122222,42159.600000,0.00,1,False
41,08/01/2023 00:00:00,,03026,84,001,07/31/2026 00:00:00,119.675000,10052.700000,0.00,1,False
42,08/01/2023 00:00:00,,03003,60,002,07/31/2025 00:00:00,40.847300,2450.838000,0.00,1,False
43,08/02/2023 00:00:00,,03003,500,002,08/01/2025 00:00:00,12.947300,6473.650000,0.00,1,False
44,08/02/2023 00:00:00,,03054,252,001,08/01/2025 00:00:00,84.077381,21187.500000,0.00,1,False
46,08/03/2023 00:00:00,,03020,500,002,08/02/2025 00:00:00,24.621000,12310.500000,0.00,1,False
47,08/06/2023 00:00:00,,03020,500,002,08/05/2025 00:00:00,23.805000,11902.500000,0.00,1,False
49,08/07/2023 00:00:00,,03005,120,003,11/01/2025 00:00:00,51.985833,6238.300000,0.00,1,False
51,08/08/2023 00:00:00,,03002,1000,001,11/01/2025 00:00:00,17.000000,17000.000000,0.00,1,False
53,08/03/2023 00:00:00,,03055,2500,001,11/01/2025 00:00:00,18.091680,45229.200000,0.00,1,False
54,08/09/2023 00:00:00,,03021,3960,001,11/02/2025 00:00:00,23.325329,92368.301554,0.00,1,False
55,08/10/2023 00:00:00,,03001,980,0002,11/02/2025 00:00:00,17.063265,16722.000000,0.00,1,False
56,08/10/2023 00:00:00,,03018,100,0002,11/02/2025 00:00:00,52.636564,5263.656371,0.00,1,False
57,08/12/2023 00:00:00,,03002,3750,0003,11/02/2025 00:00:00,17.000000,63750.000000,0.00,1,False
59,08/15/2023 00:00:00,,03044,2500,001,11/12/2025 00:00:00,24.091354,60228.384610,0.00,1,False
60,08/13/2023 00:00:00,,03055,7425,002,11/13/2025 00:00:00,11.677010,86701.800000,0.00,1,False
61,08/15/2023 00:00:00,,03011,20,004,11/13/2025 00:00:00,57.062500,1141.250000,0.00,1,False
62,08/13/2023 00:00:00,,03001,1000,004,11/14/2025 00:00:00,16.324000,16324.000000,0.00,1,False
63,08/15/2023 00:00:00,,03001,800,004,11/14/2025 00:00:00,16.325000,13060.000000,0.00,1,False
64,08/16/2023 00:00:00,,03001,700,004,11/14/2025 00:00:00,13.885086,9719.560000,0.00,1,False
65,08/16/2023 00:00:00,,03056,300,001,11/14/2025 00:00:00,159.190909,47757.272760,0.00,1,False
66,08/17/2023 00:00:00,,03011,580,002,11/14/2025 00:00:00,177.223259,102789.490481,0.00,1,False
67,08/25/2023 00:00:00,,03021,524,001,11/15/2025 00:00:00,60.834202,31877.121985,0.00,1,False
68,08/26/2023 00:00:00,,03058,884,001,11/15/2025 00:00:00,151.113200,133584.068928,0.00,1,False
69,08/28/2023 00:00:00,,03039,250,001,11/15/2025 00:00:00,301.473067,75368.266666,0.00,1,False
70,08/19/2023 00:00:00,,03001,1390,0003,11/16/2025 00:00:00,15.834655,22010.170000,0.00,1,False
71,08/20/2023 00:00:00,,03012,137,0003,11/17/2025 00:00:00,33.408723,4576.995000,0.00,1,False
72,08/20/2023 00:00:00,,03011,360,0003,11/17/2025 00:00:00,123.264840,44375.342367,0.00,1,False
73,08/19/2023 00:00:00,,03039,114,001,11/17/2025 00:00:00,346.461696,39496.633333,0.00,1,False
74,08/21/2023 00:00:00,,03019,995,001,05/10/2025 00:00:00,26.647653,26514.415000,0.00,1,False
75,08/22/2023 00:00:00,,03006,768,001,12/10/2025 00:00:00,33.867083,26009.920000,0.00,1,False
77,08/23/2023 00:00:00,,03002,300,0005,11/17/2025 00:00:00,17.000000,5100.000000,0.00,1,False
78,08/26/2023 00:00:00,,03019,250,0002,10/12/2025 00:00:00,11.000000,2750.000000,0.00,1,False
79,08/27/2023 00:00:00,,03023,250,0004,10/12/2025 00:00:00,11.600000,2900.000000,0.00,1,False
80,08/29/2023 00:00:00,,03003,160,0003,11/23/2025 00:00:00,20.919800,3347.168000,0.00,1,False
81,08/30/2023 00:00:00,,03003,380,0003,11/23/2025 00:00:00,19.824800,7533.424000,0.00,1,False
82,08/31/2023 00:00:00,,03018,150,0003,12/25/2024 00:00:00,126.616121,18992.418167,0.00,1,False
84,08/31/2023 00:00:00,,03059,100,0001,12/20/2025 00:00:00,237.452273,23745.227280,0.00,1,False
85,08/31/2023 00:00:00,,03034,60,0001,12/20/2025 00:00:00,434.151029,26049.061741,0.00,1,False
86,09/03/2023 00:00:00,Named Calco Best,03005,70,0003,11/20/2025 00:00:00,20.952090,1466.646270,0.00,1,False
87,09/03/2023 00:00:00,,03011,298,0003,05/20/2025 00:00:00,320.509247,95511.755626,0.00,1,False
88,09/03/2023 00:00:00,,03003,296,0003,05/20/2025 00:00:00,43.537705,12887.160800,0.00,1,False
89,09/03/2023 00:00:00,,03029,300,0003,10/20/2025 00:00:00,87.978788,26393.636380,0.00,1,False
90,09/03/2023 00:00:00,,03026,24,0001,11/23/2025 00:00:00,260.425000,6250.200000,0.00,1,False
91,09/03/2023 00:00:00,,03010,36,0001,11/23/2025 00:00:00,144.723333,5210.040000,0.00,1,False
92,09/03/2023 00:00:00,,03009,264,0001,11/23/2025 00:00:00,55.362303,14615.648000,0.00,1,False
94,09/04/2023 00:00:00,,03020,330,0001,11/23/2025 00:00:00,32.783096,10818.421702,0.00,1,False
95,09/05/2023 00:00:00,Named Calco Best,03005,47,0001,11/23/2025 00:00:00,28.609232,1344.633924,0.00,1,False
96,09/05/2023 00:00:00,Named Scour Best,03018,57,0001,11/23/2025 00:00:00,64.126884,3655.232392,0.00,1,False
97,09/05/2023 00:00:00,,03019,300,0001,11/23/2025 00:00:00,11.000000,3300.000000,0.00,1,False
98,09/05/2023 00:00:00,,03023,75,0003,11/23/2025 00:00:00,11.000000,825.000000,0.00,1,False
99,09/04/2023 00:00:00,,03060,249,0001,11/23/2025 00:00:00,184.100000,45840.900000,0.00,1,False
100,09/06/2023 00:00:00,,03006,480,0002,11/26/2025 00:00:00,44.880000,21542.400000,0.00,1,False
101,09/06/2023 00:00:00,,03061,1000,0001,11/26/2025 00:00:00,14.174208,14174.207890,0.00,1,False
102,09/06/2023 00:00:00,,03009,20,0001,11/26/2025 00:00:00,97.769500,1955.390000,0.00,1,False
103,09/06/2023 00:00:00,MILZAN PLUS ,03012,6,0001,11/26/2025 00:00:00,28.735000,172.410000,0.00,1,False
104,09/07/2023 00:00:00,,03034,100,0001,11/26/2025 00:00:00,163.097087,16309.708698,0.00,1,False
105,09/07/2023 00:00:00,,03010,160,0002,11/26/2025 00:00:00,267.758750,42841.400000,0.00,1,False
106,09/07/2023 00:00:00,,03006,168,0002,11/26/2025 00:00:00,45.783637,7691.651048,0.00,1,False
107,09/09/2023 00:00:00,,03003,104,0002,11/29/2025 00:00:00,22.540762,2344.239200,0.00,1,False
108,09/09/2023 00:00:00,,03018,100,0002,11/29/2025 00:00:00,68.251884,6825.188407,0.00,1,False
109,09/09/2023 00:00:00,,03001,480,0003,11/29/2025 00:00:00,17.557669,8427.681250,0.00,1,False
110,09/09/2023 00:00:00,,03021,1000,0003,12/14/2025 00:00:00,61.648496,61648.496313,0.00,1,False
111,09/10/2023 00:00:00,,03021,1000,0002,12/14/2025 00:00:00,55.681934,55681.934433,0.00,1,False
112,09/10/2023 00:00:00,,03005,70,0003,12/14/2025 00:00:00,42.007447,2940.521270,0.00,1,False
113,09/10/2023 00:00:00,,03003,168,0003,12/14/2025 00:00:00,15.771050,2649.536400,0.00,1,False
114,09/10/2023 00:00:00,,03009,24,0001,12/14/2025 00:00:00,87.053750,2089.290000,0.00,1,False
115,09/11/2023 00:00:00,,03021,2000,0002,12/14/2025 00:00:00,52.731523,105463.046782,0.00,1,False
116,09/11/2023 00:00:00,,03062,1225,0001,12/14/2025 00:00:00,11.000000,13475.000000,0.00,1,False
117,09/12/2023 00:00:00,,03021,2000,0001,12/14/2025 00:00:00,54.050088,108100.175532,0.00,1,False
118,09/13/2023 00:00:00,,03021,750,0001,12/14/2025 00:00:00,53.413454,40060.090825,0.00,1,False
119,09/14/2023 00:00:00,,03021,500,0001,12/14/2025 00:00:00,51.250088,25625.043883,0.00,1,False
120,09/14/2023 00:00:00,,03055,50,0002,12/14/2025 00:00:00,11.000000,550.000000,0.00,1,False
121,09/14/2023 00:00:00,,03020,1265,0002,12/14/2025 00:00:00,87.574874,110782.216215,0.00,1,False
122,09/14/2023 00:00:00,,03001,200,0003,12/14/2025 00:00:00,13.675000,2735.000000,0.00,1,False
123,09/14/2023 00:00:00,,03022,250,0001,12/14/2025 00:00:00,16.658000,4164.500000,0.00,1,False
124,09/16/2023 00:00:00,,03001,1000,0003,12/14/2025 00:00:00,13.675000,13675.000000,0.00,1,False
125,09/16/2023 00:00:00,,03053,2250,0002,12/14/2025 00:00:00,24.814330,55832.241867,0.00,1,False
126,09/17/2023 00:00:00,,03053,3075,0001,12/14/2025 00:00:00,18.969159,58330.163225,0.00,1,False
127,09/17/2023 00:00:00,,03011,140,0002,12/14/2025 00:00:00,122.392816,17134.994254,0.00,1,False
128,09/18/2023 00:00:00,,03003,180,0003,12/14/2025 00:00:00,22.614800,4070.664000,0.00,1,False
129,09/18/2023 00:00:00,,03011,120,0004,12/14/2025 00:00:00,177.955673,21354.680789,0.00,1,False
130,09/18/2023 00:00:00,,03010,12,0003,12/18/2025 00:00:00,233.035000,2796.420000,0.00,1,False
131,09/18/2023 00:00:00,,03009,12,0003,12/18/2025 00:00:00,50.457000,605.484000,0.00,1,False
132,09/19/2023 00:00:00,,03026,300,0002,12/18/2025 00:00:00,108.925000,32677.500000,0.00,1,False
133,09/19/2023 00:00:00,,03003,480,0003,12/18/2025 00:00:00,37.768133,18128.704000,0.00,1,False
134,09/19/2023 00:00:00,,03001,800,0005,12/18/2025 00:00:00,13.675000,10940.000000,0.00,1,False
135,09/20/2023 00:00:00,,03003,240,0004,12/18/2025 00:00:00,33.684800,8084.352000,0.00,1,False
136,09/21/2023 00:00:00,,03006,60,0001,12/17/2025 00:00:00,45.646732,2738.803946,0.00,1,False
137,09/21/2023 00:00:00,,03045,250,0001,12/18/2025 00:00:00,19.000000,4750.000000,0.00,1,False
138,09/23/2023 00:00:00,,03012,120,0001,12/18/2025 00:00:00,29.010000,3481.200000,0.00,1,False
139,09/24/2023 00:00:00,,03001,570,0005,12/18/2025 00:00:00,13.675000,7794.750000,0.00,1,False
140,09/25/2023 00:00:00,,03003,24,0004,12/18/2025 00:00:00,33.684800,808.435200,0.00,1,False
141,09/25/2023 00:00:00,,03009,36,0002,12/18/2025 00:00:00,84.515333,3042.552000,0.00,1,False
142,09/25/2023 00:00:00,,03010,76,0002,12/18/2025 00:00:00,212.121842,16121.260000,0.00,1,False
143,09/25/2023 00:00:00,,03027,90,0001,12/18/2025 00:00:00,61.972122,5577.491000,0.00,1,False
144,09/25/2023 00:00:00,,03035,100,0001,12/18/2025 00:00:00,56.074442,5607.444239,0.00,1,False
145,09/26/2023 00:00:00,,03002,2500,0002,12/18/2026 00:00:00,17.000000,42500.000000,0.00,1,False
146,09/26/2023 00:00:00,,03023,2500,0002,12/18/2026 00:00:00,19.220000,48050.000000,0.00,1,False
147,09/26/2023 00:00:00,Bento Filler used,03045,250,0001,12/19/2026 00:00:00,19.000000,4750.000000,0.00,1,False
148,09/26/2023 00:00:00,,03020,15,0002,12/19/2025 00:00:00,612.728399,9190.925986,0.00,1,False
149,09/26/2023 00:00:00,,03011,15,0003,12/19/2025 00:00:00,61.935673,929.035099,0.00,1,False
150,09/26/2023 00:00:00,,03014,25,0003,12/19/2025 00:00:00,19.000000,475.000000,0.00,1,False
151,09/27/2023 00:00:00,,03023,1500,0001,12/19/2025 00:00:00,19.433333,29150.000000,0.00,1,False
152,09/27/2023 00:00:00,,03014,1750,0003,12/19/2025 00:00:00,19.000000,33250.000000,0.00,1,False
153,09/27/2023 00:00:00,,03002,2075,0003,12/19/2025 00:00:00,17.000000,35275.000000,0.00,1,False
154,09/27/2023 00:00:00,,03001,475,0004,12/19/2025 00:00:00,13.990789,6645.625000,0.00,1,False
155,09/28/2023 00:00:00,,03003,36,0004,12/19/2025 00:00:00,59.421606,2139.177800,0.00,1,False
156,09/28/2023 00:00:00,,03045,1250,0004,12/19/2025 00:00:00,19.760000,24700.000000,0.00,1,False
157,09/28/2023 00:00:00,,03014,550,0004,12/19/2025 00:00:00,19.000000,10450.000000,0.00,1,False
158,09/30/2023 00:00:00,,03014,2500,0004,12/19/2025 00:00:00,20.634000,51585.000000,0.00,1,False
159,09/30/2023 00:00:00,,03066,104,0001,09/30/2025 00:00:00,168.525000,17526.600000,0.00,1,False
160,10/01/2023 00:00:00,,03063,300,0001,12/25/2025 00:00:00,28.440833,8532.250000,0.00,1,False
161,10/01/2023 00:00:00,,03065,120,0001,12/25/2025 00:00:00,163.154333,19578.520000,0.00,1,False
162,10/01/2023 00:00:00,,03011,300,0004,12/25/2025 00:00:00,143.470057,43041.016973,0.00,1,False
163,10/01/2023 00:00:00,,03064,300,0001,12/25/2025 00:00:00,122.363686,36709.105919,0.00,1,False
164,10/01/2023 00:00:00,,03001,800,0005,12/25/2025 00:00:00,16.075000,12860.000000,0.00,1,False
165,10/02/2023 00:00:00,,03001,1000,0006,12/25/2025 00:00:00,16.675000,16675.000000,0.00,1,False
166,10/02/2023 00:00:00,,03003,60,0003,12/25/2025 00:00:00,33.741050,2024.463000,0.00,1,False
167,10/03/2023 00:00:00,,03005,68,0003,12/25/2025 00:00:00,42.361585,2880.587805,0.00,1,False
168,10/03/2023 00:00:00,,03001,1000,0005,12/25/2025 00:00:00,16.225000,16225.000000,0.00,1,False
169,10/04/2023 00:00:00,,03044,7300,0001,12/25/2025 00:00:00,17.756849,129625.000000,0.00,1,False
170,10/04/2023 00:00:00,From H.P.I Return of 5 Kg Packet=225 Pcs,03044,1125,0001,12/25/2025 00:00:00,90.321680,101611.890000,0.00,1,False
171,10/04/2023 00:00:00,,03014,2500,0004,12/25/2025 00:00:00,13.000000,32500.000000,0.00,1,False
172,10/05/2023 00:00:00,,03014,6375,0004,12/26/2025 00:00:00,13.000000,82875.000000,0.00,1,False
173,10/05/2023 00:00:00,,03023,250,0004,12/26/2025 00:00:00,22.032168,5508.042000,0.00,1,False
174,10/05/2023 00:00:00,,03002,2125,0004,12/26/2025 00:00:00,90.321680,191933.570000,0.00,1,False
175,10/05/2023 00:00:00,,03022,625,0003,12/26/2025 00:00:00,30.650000,19156.250000,0.00,1,False
176,10/05/2023 00:00:00,,03045,1000,0003,12/26/2025 00:00:00,17.516084,17516.084000,0.00,1,False
177,10/05/2023 00:00:00,,03035,40,0002,12/26/2025 00:00:00,55.299442,2211.977696,0.00,1,False
178,10/05/2023 00:00:00,,03027,40,0002,12/26/2025 00:00:00,56.049900,2241.996000,0.00,1,False
179,10/06/2023 00:00:00,,03003,84,0004,12/26/2025 00:00:00,39.907717,3352.248200,0.00,1,False
180,10/06/2023 00:00:00,,03020,1000,0002,12/26/2025 00:00:00,31.052336,31052.336070,0.00,1,False
181,10/07/2023 00:00:00,,03029,100,0002,12/26/2025 00:00:00,53.805455,5380.545460,0.00,1,False
182,10/07/2023 00:00:00,,03014,1500,0004,12/26/2025 00:00:00,13.000000,19500.000000,0.00,1,False
183,10/07/2023 00:00:00,,03001,1000,0005,12/26/2025 00:00:00,16.457180,16457.180000,0.00,1,False
184,10/07/2023 00:00:00,,03023,1250,0003,12/26/2025 00:00:00,13.752000,17190.000000,0.00,1,False
185,10/08/2023 00:00:00,,03001,1000,0005,12/26/2025 00:00:00,16.315000,16315.000000,0.00,1,False
186,10/08/2023 00:00:00,,03002,2475,0005,12/26/2025 00:00:00,23.665610,58572.384750,0.00,1,False
187,10/08/2023 00:00:00,,03045,200,0003,12/26/2025 00:00:00,21.425432,4285.086400,0.00,1,False
188,10/09/2023 00:00:00,,03011,100,0003,12/27/2025 00:00:00,72.151923,7215.192324,0.00,1,False
189,10/09/2023 00:00:00,,03001,1300,0005,12/28/2025 00:00:00,17.746154,23070.000000,0.00,1,False
190,10/09/2023 00:00:00,,03034,40,0001,12/28/2025 00:00:00,60.499000,2419.960000,0.00,1,False
191,10/10/2023 00:00:00,,03001,1000,0005,12/28/2025 00:00:00,14.725000,14725.000000,0.00,1,False
192,10/11/2023 00:00:00,,03001,800,0001,12/31/2025 00:00:00,11.687500,9350.000000,0.00,1,False
193,10/12/2023 00:00:00,White Bran,03001,750,0001,01/03/2025 00:00:00,11.746667,8810.000000,0.00,1,False
194,10/12/2023 00:00:00,With Vitamin ,03001,194,0001,01/03/2025 00:00:00,69.541333,13491.018672,0.00,1,False
195,10/12/2023 00:00:00,Label Use Bio Ambrox 1 Lit,03026,36,0001,01/03/2025 00:00:00,127.450000,4588.200000,0.00,1,False
196,10/12/2023 00:00:00,,03039,252,0002,01/03/2025 00:00:00,177.182143,44649.899999,0.00,1,False
197,10/14/2023 00:00:00,AD3 Minerals..,03001,800,0001,01/08/2025 00:00:00,12.137500,9710.000000,0.00,1,False
198,10/14/2023 00:00:00,,03019,325,0001,01/08/2025 00:00:00,37.217827,12095.793850,0.00,1,False
199,10/15/2023 00:00:00,,03003,320,0005,10/14/2025 00:00:00,33.667613,10773.636000,0.00,1,False
200,10/15/2023 00:00:00,,03067,300,0001,10/14/2025 00:00:00,30.678750,9203.625000,0.00,1,False
201,10/15/2023 00:00:00,,03011,98,0003,10/14/2025 00:00:00,57.012331,5587.208478,0.00,1,False
202,10/15/2023 00:00:00,,03069,300,0001,10/15/2025 00:00:00,98.245673,29473.701973,0.00,1,False
203,10/15/2023 00:00:00,,03068,300,0001,10/15/2025 00:00:00,41.373340,12412.001973,0.00,1,False
204,10/15/2023 00:00:00,,03009,20,0002,10/14/2025 00:00:00,97.653750,1953.075000,0.00,1,False
205,10/15/2023 00:00:00,,03025,205,0001,10/14/2025 00:00:00,57.000000,11685.000000,0.00,1,False
206,10/17/2023 00:00:00,,03020,1000,0004,10/16/2025 00:00:00,30.665132,30665.132430,0.00,1,False
207,10/17/2023 00:00:00,,03003,100,0004,10/16/2025 00:00:00,35.841050,3584.105000,0.00,1,False
208,10/18/2023 00:00:00,,03029,20,0001,10/17/2025 00:00:00,75.898182,1517.963640,0.00,1,False
209,10/18/2023 00:00:00,,03027,20,0001,10/17/2025 00:00:00,62.799900,1255.998000,0.00,1,False
210,10/19/2023 00:00:00,,03001,940,0005,10/18/2025 00:00:00,17.521277,16470.000000,0.00,1,False
211,10/19/2023 00:00:00,,03070,300,0001,10/18/2025 00:00:00,100.610673,30183.201973,0.00,1,False
214,10/19/2023 00:00:00,,03071,12,0001,10/18/2025 00:00:00,62.170673,746.048079,0.00,1,False
215,10/19/2023 00:00:00,,03072,12,0001,10/18/2025 00:00:00,326.432917,3917.195000,0.00,1,False
216,10/21/2023 00:00:00,,03003,264,0003,10/20/2025 00:00:00,32.887523,8682.306000,0.00,1,False
217,10/21/2023 00:00:00,,03001,750,0005,10/20/2025 00:00:00,14.459400,10844.550000,0.00,1,False
218,10/22/2023 00:00:00,,03055,5525,0002,10/21/2025 00:00:00,15.560551,85972.044250,0.00,1,False
219,10/25/2023 00:00:00,,03020,120,0001,10/24/2025 00:00:00,101.378096,12165.371528,0.00,1,False
221,10/25/2023 00:00:00,,03019,100,0005,10/24/2025 00:00:00,7.598685,759.868500,0.00,1,False
222,10/25/2023 00:00:00,,03052,300,0001,10/24/2025 00:00:00,136.800000,41040.000000,0.00,1,False
223,10/26/2023 00:00:00,,03054,58,0001,10/25/2025 00:00:00,499.584483,28975.900000,0.00,1,False
224,10/26/2023 00:00:00,,03018,107,0002,10/25/2025 00:00:00,138.450130,14814.163932,0.00,1,False
225,10/26/2023 00:00:00,Vitamin+Minerals,03001,500,0001,10/25/2025 00:00:00,48.589992,24294.996145,0.00,1,False
226,10/26/2023 00:00:00,,03002,250,0005,10/25/2025 00:00:00,16.000000,4000.000000,0.00,1,False
227,10/26/2023 00:00:00,,03001,200,0005,10/25/2025 00:00:00,13.351000,2670.200000,0.00,1,False
228,10/28/2023 00:00:00,,03011,200,0003,10/27/2025 00:00:00,52.441923,10488.384649,0.00,1,False
229,10/28/2023 00:00:00,Vitamin+Minerals,03001,500,0002,10/27/2025 00:00:00,49.269992,24634.996145,0.00,1,False
230,10/28/2023 00:00:00,,03001,200,0005,10/27/2025 00:00:00,14.125000,2825.000000,0.00,1,False
231,10/29/2023 00:00:00,,03074,300,0001,10/28/2025 00:00:00,125.185833,37555.750000,0.00,1,False
233,10/31/2023 00:00:00,Vitamin+Minerals,03001,700,0001,10/30/2025 00:00:00,38.815180,27170.626083,0.00,1,False
234,10/19/2023 00:00:00,,03020,12,0001,10/18/2025 00:00:00,12.618096,151.417153,0.00,1,False
235,11/01/2023 00:00:00,,03020,180,0001,10/30/2025 00:00:00,42.769763,7698.557293,0.00,1,False
236,11/01/2023 00:00:00,,03071,300,0001,10/30/2025 00:00:00,52.270673,15681.201973,0.00,1,False
237,11/02/2023 00:00:00,,03072,96,0001,11/01/2025 00:00:00,308.047818,29572.590500,0.00,1,False
238,11/04/2023 00:00:00,,03006,480,0001,11/03/2025 00:00:00,51.941149,24931.751566,0.00,1,False
239,11/04/2023 00:00:00,,03011,60,0002,11/03/2025 00:00:00,15.055923,903.355395,0.00,1,False
240,11/05/2023 00:00:00,,03006,234,0001,11/04/2025 00:00:00,47.693399,11160.255389,0.00,1,False
241,11/09/2023 00:00:00,,03014,8500,0005,03/06/2025 00:00:00,19.223529,163400.000000,0.00,1,False
242,11/11/2023 00:00:00,,03001,900,0004,03/06/2025 00:00:00,13.958333,12562.500000,0.00,1,False
243,11/13/2023 00:00:00,,03001,1948,0005,03/06/2025 00:00:00,14.078029,27424.000000,0.00,1,False
244,11/13/2023 00:00:00,,03010,160,0001,03/06/2025 00:00:00,129.192500,20670.800000,0.00,1,False
245,11/13/2023 00:00:00,,03029,40,0001,03/06/2025 00:00:00,192.759091,7710.363640,0.00,1,False
246,11/13/2023 00:00:00,,03003,220,0002,03/06/2025 00:00:00,37.537650,8258.283000,0.00,1,False
247,11/13/2023 00:00:00,,03011,120,0003,03/06/2025 00:00:00,27.055923,3246.710789,0.00,1,False
248,11/14/2023 00:00:00,,03009,100,0001,03/06/2025 00:00:00,89.655750,8965.575000,0.00,1,False
249,11/14/2023 00:00:00,,03026,36,0002,03/06/2025 00:00:00,112.700000,4057.200000,0.00,1,False
250,11/14/2023 00:00:00,,03052,600,0001,03/06/2025 00:00:00,96.831667,58099.000000,0.00,1,False
251,11/14/2023 00:00:00,,03072,168,0001,03/06/2025 00:00:00,270.894301,45510.242500,0.00,1,False
252,11/14/2023 00:00:00,,03084,240,0001,03/06/2025 00:00:00,36.458333,8750.000000,0.00,1,False
253,11/14/2023 00:00:00,,03001,25,0005,03/06/2025 00:00:00,13.351000,333.775000,0.00,1,False
254,11/15/2023 00:00:00,,03011,440,0002,03/06/2025 00:00:00,18.203628,8009.596227,0.00,1,False
255,11/15/2023 00:00:00,,03011,24,0001,03/06/2025 00:00:00,14.166923,340.006158,0.00,1,False
256,11/16/2023 00:00:00,,03014,1000,0003,03/06/2025 00:00:00,19.000000,19000.000000,0.00,1,False
257,11/16/2023 00:00:00,,03022,1500,0001,03/06/2025 00:00:00,19.000000,28500.000000,0.00,1,False
258,11/16/2023 00:00:00,,03055,6975,0002,03/06/2025 00:00:00,19.000000,132525.000000,0.00,1,False
259,11/16/2023 00:00:00,,03002,1250,0002,03/06/2025 00:00:00,18.000000,22500.000000,0.00,1,False
260,11/16/2023 00:00:00,,03001,2000,0005,03/06/2025 00:00:00,11.702663,23405.326000,0.00,1,False
261,11/17/2023 00:00:00,,03001,2000,0003,03/06/2025 00:00:00,14.800000,29600.000000,0.00,1,False
262,11/18/2023 00:00:00,,03001,1775,0003,03/06/2025 00:00:00,14.379225,25523.125000,0.00,1,False
263,11/19/2023 00:00:00,,03001,1300,0004,03/06/2025 00:00:00,10.384615,13500.000000,0.00,1,False
264,11/19/2023 00:00:00,,03014,1250,0004,03/06/2025 00:00:00,19.000000,23750.000000,0.00,1,False
265,11/25/2023 00:00:00,,03014,525,0004,03/06/2025 00:00:00,19.000000,9975.000000,0.00,1,False
266,11/25/2023 00:00:00,,03011,300,0003,03/06/2025 00:00:00,25.991923,7797.576973,0.00,1,False
267,11/25/2023 00:00:00,,03001,500,0005,03/06/2025 00:00:00,10.000000,5000.000000,0.00,1,False
268,11/26/2023 00:00:00,,03001,1400,0005,11/07/2025 00:00:00,10.357143,14500.000000,0.00,1,False
269,11/29/2023 00:00:00,,03026,180,0002,11/07/2025 00:00:00,8.733333,1572.000000,0.00,1,False
270,11/29/2023 00:00:00,,03013,199,0001,11/07/2025 00:00:00,323.394975,64355.600000,0.00,1,False
271,12/04/2023 00:00:00,,03003,295,0002,12/07/2025 00:00:00,19.089487,5631.398750,0.00,1,False
272,12/04/2023 00:00:00,,03005,296,0002,12/07/2025 00:00:00,36.559515,10821.616486,0.00,1,False
273,12/04/2023 00:00:00,,03001,300,0005,12/07/2025 00:00:00,14.350333,4305.100000,0.00,1,False
274,12/05/2023 00:00:00,,03003,396,0004,12/07/2025 00:00:00,22.922270,9077.219000,0.00,1,False
275,12/05/2023 00:00:00,,03019,250,0003,12/04/2025 00:00:00,40.836000,10209.000000,0.00,1,False
276,12/05/2023 00:00:00,,03021,2975,0002.,12/04/2025 00:00:00,39.309891,116946.924753,0.00,1,False
277,12/06/2023 00:00:00,,03009,348,0003,12/05/2025 00:00:00,99.976853,34791.945000,0.00,1,False
278,12/06/2023 00:00:00,,03010,136,0001,12/05/2025 00:00:00,102.890588,13993.120000,0.00,1,False
279,12/07/2023 00:00:00,,03011,48,0004,12/06/2025 00:00:00,48.726923,2338.892316,0.00,1,False
280,12/07/2023 00:00:00,,03001,1000,0005,12/07/2025 00:00:00,14.425000,14425.000000,0.00,1,False
281,12/08/2023 00:00:00,Vitamin,03001,150,0002,12/08/2025 00:00:00,58.419515,8762.927295,0.00,1,False
282,12/09/2023 00:00:00,,03001,2995,0005,12/08/2025 00:00:00,14.441694,43252.875000,0.00,1,False
283,12/09/2023 00:00:00,,03002,7400,0004,12/08/2025 00:00:00,17.000000,125800.000000,0.00,1,False
284,12/11/2023 00:00:00,,03019,650,0004,12/08/2025 00:00:00,41.566769,27018.400000,0.00,1,False
285,12/12/2023 00:00:00,,03001,1700,0005,12/08/2025 00:00:00,14.425000,24522.500000,0.00,1,False
286,12/12/2023 00:00:00,,03003,18,0004,12/08/2025 00:00:00,12.395250,223.114500,0.00,1,False
287,12/16/2023 00:00:00,,03019,2250,0004,12/08/2025 00:00:00,39.102667,87981.000000,0.00,1,False
288,12/18/2023 00:00:00,,03002,4250,0005,12/11/2025 00:00:00,17.529412,74500.000000,0.00,1,False
289,12/19/2023 00:00:00,,03014,2475,0005,12/11/2025 00:00:00,19.000000,47025.000000,0.00,1,False
290,12/19/2023 00:00:00,,03003,83,0004,12/11/2025 00:00:00,12.395250,1028.805750,0.00,1,False
291,12/19/2023 00:00:00,,03006,410,0004,12/11/2025 00:00:00,50.436976,20679.160296,0.00,1,False
292,12/20/2023 00:00:00,Vitamin+Minerals ,03088,1000,0002,12/11/2025 00:00:00,16.199726,16199.725765,0.00,1,False
293,12/21/2023 00:00:00,,03001,925,0005,12/11/2025 00:00:00,14.425000,13343.125000,0.00,1,False
294,12/24/2023 00:00:00,,03087,400,0001,12/14/2025 00:00:00,23.040199,9216.079644,0.00,1,False
295,12/24/2023 00:00:00,,03001,3550,0005,12/14/2025 00:00:00,16.958299,60201.961500,0.00,1,False
296,12/24/2023 00:00:00,,03014,200,0005,12/14/2025 00:00:00,16.625000,3325.000000,0.00,1,False
298,12/25/2023 00:00:00,,03085,140,0001,12/14/2025 00:00:00,11.553500,1617.490000,0.00,1,False
299,12/26/2023 00:00:00,,03052,600,0002,12/14/2025 00:00:00,102.583333,61550.000000,0.00,1,False
300,12/28/2023 00:00:00,,03087,50,0001,12/17/2025 00:00:00,21.738385,1086.919268,0.00,1,False
301,12/28/2023 00:00:00,,03001,725,0005,12/17/2025 00:00:00,16.283526,11805.556250,0.00,1,False
302,12/28/2023 00:00:00,,03012,10,0002,12/17/2025 00:00:00,34.862500,348.625000,0.00,1,False
303,12/28/2023 00:00:00,,03029,280,0001,12/17/2025 00:00:00,53.447133,14965.197288,0.00,1,False
304,01/01/2024 00:00:00,,03001,750,0006,12/31/2025 00:00:00,12.480000,9360.000000,0.00,1,False
305,01/01/2024 00:00:00,,03019,725,0002,12/31/2025 00:00:00,19.000000,13775.000000,0.00,1,False
306,01/06/2024 00:00:00,,03014,3750,0004,12/31/2025 00:00:00,19.000000,71250.000000,0.00,1,False
307,01/06/2024 00:00:00,,03023,1250,0003,12/31/2025 00:00:00,18.840000,23550.000000,0.00,1,False
308,01/06/2024 00:00:00,,03002,425,0003,12/31/2025 00:00:00,17.000000,7225.000000,0.00,1,False
309,01/07/2024 00:00:00,,03023,1250,0004,12/31/2025 00:00:00,7.740000,9675.000000,0.00,1,False
310,01/07/2024 00:00:00,,03002,1850,0004,12/31/2025 00:00:00,16.770270,31025.000000,0.00,1,False
311,01/08/2024 00:00:00,,03069,340,0001,12/31/2025 00:00:00,129.212306,43932.183983,0.00,1,False
312,01/08/2024 00:00:00,,03068,340,0001,12/31/2025 00:00:00,111.127589,37783.380115,0.00,1,False
313,01/08/2024 00:00:00,,03067,300,0001,12/31/2025 00:00:00,34.865417,10459.625000,0.00,1,False
314,01/08/2024 00:00:00,,03003,300,0003,12/31/2025 00:00:00,60.903583,18271.075000,0.00,1,False
315,01/08/2024 00:00:00,,03087,300,0002,12/31/2025 00:00:00,18.569375,5570.812608,0.00,1,False
316,01/13/2024 00:00:00,,03001,1277,0005,12/31/2025 00:00:00,8.234424,10515.360000,0.00,1,False
317,01/17/2024 00:00:00,,03020,1000,0002,12/31/2025 00:00:00,95.996430,95996.430396,0.00,1,False
318,01/17/2024 00:00:00,,03002,750,0005,12/31/2025 00:00:00,17.000000,12750.000000,0.00,1,False
319,01/17/2024 00:00:00,,03003,146,0003,12/31/2025 00:00:00,40.795250,5956.106500,0.00,1,False
320,01/17/2024 00:00:00,,03014,1500,0005,12/31/2025 00:00:00,19.000000,28500.000000,0.00,1,False
321,01/17/2024 00:00:00,,03009,500,0002,12/31/2025 00:00:00,100.434401,50217.200560,0.00,1,False
322,01/17/2024 00:00:00,,03022,250,0003,12/31/2025 00:00:00,37.600000,9400.000000,0.00,1,False
323,01/21/2024 00:00:00,,03083,500,0001,01/20/2026 00:00:00,43.170000,21585.000000,0.00,1,False
324,01/21/2024 00:00:00,,03082,300,0001,01/20/2026 00:00:00,103.512667,31053.800000,0.00,1,False
325,01/21/2024 00:00:00,,03081,300,0001,01/20/2026 00:00:00,95.832000,28749.600000,0.00,1,False
326,01/21/2024 00:00:00,,03079,300,0001,01/20/2026 00:00:00,56.080000,16824.000000,0.00,1,False
327,01/21/2024 00:00:00,,03019,775,0005,01/20/2026 00:00:00,10.967742,8500.000000,0.00,1,False
328,01/27/2024 00:00:00,,03001,660,0005,01/25/2026 00:00:00,11.740606,7748.800000,0.00,1,False
329,01/27/2024 00:00:00,,03011,200,0004,01/25/2026 00:00:00,71.117878,14223.575560,0.00,1,False
330,01/28/2024 00:00:00,,03001,1220,0005,01/27/2026 00:00:00,11.940620,14567.556000,0.00,1,False
331,01/31/2024 00:00:00,,03061,2420,0002,01/30/2026 00:00:00,11.075373,26802.401500,0.00,1,False
332,02/01/2024 00:00:00,,03001,580,0005,01/31/2026 00:00:00,11.233245,6515.282000,0.00,1,False
333,02/03/2024 00:00:00,,03002,850,0004,02/02/2026 00:00:00,17.000000,14450.000000,0.00,1,False
334,02/03/2024 00:00:00,,03019,225,0003,02/02/2026 00:00:00,33.617648,7563.970800,0.00,1,False
335,02/05/2024 00:00:00,,03001,850,0005,02/04/2026 00:00:00,11.696058,9941.649500,0.00,1,False
336,02/05/2024 00:00:00,,03019,250,0004,02/04/2026 00:00:00,44.141178,11035.294400,0.00,1,False
337,02/06/2024 00:00:00,,03087,120,0001,02/05/2026 00:00:00,14.024209,1682.905120,0.00,1,False
338,02/11/2024 00:00:00,,03002,1850,0004,02/10/2026 00:00:00,18.378378,34000.000000,0.00,1,False
339,02/11/2024 00:00:00,,03014,250,0005,02/10/2026 00:00:00,19.760000,4940.000000,0.00,1,False
340,02/11/2024 00:00:00,,03001,750,0005,02/10/2026 00:00:00,14.805470,11104.102500,0.00,1,False
341,02/11/2024 00:00:00,,03009,300,0002,02/10/2026 00:00:00,138.923885,41677.165440,0.00,1,False
342,02/11/2024 00:00:00,,03027,60,0001,02/10/2026 00:00:00,137.346667,8240.800000,0.00,1,False
343,02/11/2024 00:00:00,,03003,120,0005,02/10/2026 00:00:00,33.295250,3995.430000,0.00,1,False
344,02/11/2024 00:00:00,,03035,60,0001,02/10/2026 00:00:00,123.743333,7424.600000,0.00,1,False
345,02/13/2024 00:00:00,,03072,504,0002,02/12/2026 00:00:00,232.182540,117020.000000,0.00,1,False
346,02/13/2024 00:00:00,,03077,610,0001,02/12/2026 00:00:00,123.523279,75349.200000,0.00,1,False
347,02/13/2024 00:00:00,,03002,6875,0003,02/12/2026 00:00:00,16.814545,115600.000000,0.00,1,False
348,02/14/2024 00:00:00,,03001,2925,0005,02/13/2026 00:00:00,5.810552,16995.863380,0.00,1,False
349,02/14/2024 00:00:00,,03014,1625,0005,02/13/2026 00:00:00,19.000000,30875.000000,0.00,1,False
350,02/17/2024 00:00:00,,03001,1675,0005,02/16/2026 00:00:00,14.715427,24648.340000,0.00,1,False
351,02/15/2024 00:00:00,,03003,120,0005,02/14/2026 00:00:00,33.295250,3995.430000,0.00,1,False
352,02/17/2024 00:00:00,,03019,240,0001,02/16/2026 00:00:00,35.517648,8524.235520,0.00,1,False
353,02/19/2024 00:00:00,,03011,400,0005,02/18/2026 00:00:00,98.459398,39383.759179,0.00,1,False
354,02/19/2024 00:00:00,,03006,92,0002,02/18/2026 00:00:00,287.330609,26434.416050,0.00,1,False
355,02/20/2024 00:00:00,,03014,2500,0005,02/19/2026 00:00:00,19.304000,48260.000000,0.00,1,False
356,02/20/2024 00:00:00,,03001,1400,0005,02/19/2026 00:00:00,10.358571,14502.000000,0.00,1,False
357,02/21/2024 00:00:00,,03053,2500,0003,02/20/2026 00:00:00,55.645153,139112.882644,0.00,1,False
358,02/22/2024 00:00:00,,03001,1350,0005,02/21/2026 00:00:00,12.272593,16568.000000,0.00,1,False
359,02/22/2024 00:00:00,,03027,40,0002,02/21/2026 00:00:00,55.430000,2217.200000,0.00,1,False
360,02/21/2024 00:00:00,,03092,40,0001,02/20/2026 00:00:00,182.140000,7285.600000,0.00,1,False
361,02/24/2024 00:00:00,,03019,275,0005,02/23/2026 00:00:00,33.617648,9244.853200,0.00,1,False
362,02/24/2024 00:00:00,,03001,1500,0008,02/23/2026 00:00:00,11.244933,16867.400000,0.00,1,False
363,02/27/2024 00:00:00,,03091,200,0001,02/26/2026 00:00:00,116.538619,23307.723777,0.00,1,False
364,02/27/2024 00:00:00,,03011,80,0003,02/26/2026 00:00:00,71.631250,5730.500000,0.00,1,False
365,02/27/2024 00:00:00,,03090,240,0001,02/26/2026 00:00:00,146.118000,35068.320000,0.00,1,False
366,02/27/2024 00:00:00,,03093,60,0001,02/26/2026 00:00:00,228.277487,13696.649247,0.00,1,False
367,02/27/2024 00:00:00,,03089,160,0001,02/26/2026 00:00:00,191.837500,30694.000000,0.00,1,False
368,02/27/2024 00:00:00,,03096,100,0001,02/26/2026 00:00:00,90.785000,9078.500000,0.00,1,False
369,02/27/2024 00:00:00,,03094,40,0001,02/26/2026 00:00:00,310.568182,12422.727280,0.00,1,False
370,02/27/2024 00:00:00,,03092,40,0001,02/26/2026 00:00:00,154.250000,6170.000000,0.00,1,False
371,02/27/2024 00:00:00,,03095,60,0001,02/26/2026 00:00:00,61.010000,3660.600000,0.00,1,False
372,02/28/2024 00:00:00,,03011,300,0005,02/22/2026 00:00:00,43.164583,12949.375000,0.00,1,False
373,02/28/2024 00:00:00,,03003,60,0005,02/27/2026 00:00:00,33.795250,2027.715000,0.00,1,False
374,02/28/2024 00:00:00,,03087,50,0003,02/27/2026 00:00:00,18.106686,905.334295,0.00,1,False
375,02/29/2024 00:00:00,,03003,360,0004,02/28/2026 00:00:00,33.801500,12168.540000,0.00,1,False
376,02/24/2024 00:00:00,,03002,1650,0005,02/23/2026 00:00:00,16.484848,27200.000000,0.00,1,False
377,03/01/2024 00:00:00,,03020,1000,0005,02/28/2026 00:00:00,128.699064,128699.064400,0.00,1,False
378,03/02/2024 00:00:00,,03021,2508,0005,03/01/2026 00:00:00,52.883607,132632.086976,0.00,1,False
379,03/02/2024 00:00:00,,03039,228,0002,05/24/2026 00:00:00,175.750000,40071.000000,0.00,1,False
380,03/02/2024 00:00:00,,03052,600,0004,05/24/2026 00:00:00,53.818333,32291.000000,0.00,1,False
381,03/03/2024 00:00:00,,03097,875,0001,03/01/2026 00:00:00,34.393074,30093.939700,0.00,1,False
382,03/04/2024 00:00:00,,03096,60,0001,05/24/2026 00:00:00,89.785000,5387.100000,0.00,1,False
383,03/05/2024 00:00:00,,03026,60,0002,05/24/2026 00:00:00,126.730000,7603.800000,0.00,1,False
384,03/05/2024 00:00:00,,03054,40,0001,05/24/2026 00:00:00,63.300000,2532.000000,0.00,1,False
385,03/05/2024 00:00:00,,03034,60,0002,05/24/2026 00:00:00,0.108000,6.480000,0.00,1,False
386,03/05/2024 00:00:00,,03011,60,0004,05/24/2026 00:00:00,71.632842,4297.970508,0.00,1,False
387,03/05/2024 00:00:00,,03087,500,0002,05/24/2026 00:00:00,15.811158,7905.578950,0.00,1,False
388,03/05/2024 00:00:00,,03099,150,0001,05/24/2026 00:00:00,8.035158,1205.273685,0.00,1,False
389,03/05/2024 00:00:00,,03098,50,0001,05/24/2026 00:00:00,475.000000,23750.000000,0.00,1,False
390,03/05/2024 00:00:00,,03014,75,0005,05/24/2026 00:00:00,19.000000,1425.000000,0.00,1,False
391,02/29/2024 00:00:00,,03021,50,0005,05/24/2026 00:00:00,33.608355,1680.417754,0.00,1,False
392,03/07/2024 00:00:00,,03021,2500,0005,05/24/2026 00:00:00,41.604594,104011.484020,0.00,1,False
393,03/07/2024 00:00:00,,03088,1020,0003,05/24/2026 00:00:00,27.543639,28094.512182,0.00,1,False
394,03/02/2024 00:00:00,,03055,2450,0003,05/24/2026 00:00:00,8.142857,19950.000000,0.00,1,False
395,03/09/2024 00:00:00,,03011,400,0005,03/08/2026 00:00:00,112.271663,44908.665360,0.00,1,False
396,03/09/2024 00:00:00,,03027,60,0002,03/08/2026 00:00:00,52.430000,3145.800000,0.00,1,False
397,03/09/2024 00:00:00,,03003,228,0005,03/08/2026 00:00:00,38.435663,8763.331255,0.00,1,False
398,03/09/2024 00:00:00,,03029,60,0005,03/08/2026 00:00:00,62.345455,3740.727276,0.00,1,False
399,03/10/2024 00:00:00,,03001,1000,0005,03/09/2026 00:00:00,11.945852,11945.852000,0.00,1,False
400,03/11/2024 00:00:00,,03001,250,0005,03/10/2026 00:00:00,11.945852,2986.463000,0.00,1,False
401,03/11/2024 00:00:00,,03054,60,0001,03/10/2026 00:00:00,70.800000,4248.000000,0.00,1,False
402,03/12/2024 00:00:00,,03001,1250,0005,03/11/2026 00:00:00,12.399159,15498.949000,0.00,1,False
403,03/14/2024 00:00:00,,03001,950,0006,03/13/2026 00:00:00,13.083087,12428.932880,0.00,1,False
404,03/15/2024 00:00:00,,03100,2014,0001,03/14/2026 00:00:00,17.110987,34461.527000,0.00,1,False
405,03/17/2024 00:00:00,,03093,40,0001,03/16/2026 00:00:00,222.620000,8904.800000,0.00,1,False
406,03/17/2024 00:00:00,,03101,40,0001,03/16/2026 00:00:00,71.875000,2875.000000,0.00,1,False
407,03/17/2024 00:00:00,,03094,40,0001,03/16/2026 00:00:00,310.568182,12422.727280,0.00,1,False
408,03/17/2024 00:00:00,,03089,40,0001,03/16/2026 00:00:00,192.600000,7704.000000,0.00,1,False
409,03/17/2024 00:00:00,,03009,60,0003,03/16/2026 00:00:00,152.787331,9167.239882,0.00,1,False
410,03/19/2024 00:00:00,,03014,250,0005,03/18/2026 00:00:00,21.280000,5320.000000,0.00,1,False
411,03/20/2024 00:00:00,,03001,1500,0006,03/19/2026 00:00:00,3.013333,4520.000000,0.00,1,False
412,03/26/2024 00:00:00,,03052,768,0003,03/25/2026 00:00:00,141.333333,108544.000000,0.00,1,False
413,03/28/2024 00:00:00,,03060,240,0003,06/20/2026 00:00:00,150.626996,36150.479000,0.00,1,False
414,03/28/2024 00:00:00,,03002,4800,0005,06/20/2026 00:00:00,17.000000,81600.000000,0.00,1,False
415,03/28/2024 00:00:00,,03014,2000,0005,06/20/2026 00:00:00,19.950000,39900.000000,0.00,1,False
416,03/30/2024 00:00:00,,03055,5000,0005,06/20/2026 00:00:00,19.190000,95950.000000,0.00,1,False
417,03/31/2024 00:00:00,,03002,1250,0005,06/20/2026 00:00:00,17.000000,21250.000000,0.00,1,False
418,03/31/2024 00:00:00,,03022,1250,0003,06/20/2026 00:00:00,42.280000,52850.000000,0.00,1,False
419,03/31/2024 00:00:00,,03014,500,0005,06/20/2026 00:00:00,19.000000,9500.000000,0.00,1,False
420,03/31/2024 00:00:00,,03001,700,0006,06/20/2026 00:00:00,11.680000,8176.000000,0.00,1,False
421,03/14/2024 00:00:00,,03001,25,0005,06/20/2026 00:00:00,9.580000,239.500000,0.00,1,False
422,03/14/2024 00:00:00,,03002,50,0003,06/20/2026 00:00:00,17.000000,850.000000,0.00,1,False
423,04/01/2024 00:00:00,,03019,300,0003,06/20/2026 00:00:00,17.198039,5159.411840,0.00,1,False
424,04/03/2024 00:00:00,,03021,2500,0005,06/20/2026 00:00:00,45.600651,114001.626800,0.00,1,False
425,04/02/2024 00:00:00,,03013,262,0003,07/02/2026 00:00:00,383.507634,100479.000000,0.00,1,False
426,04/02/2024 00:00:00,,03097,500,0003,07/02/2026 00:00:00,59.146060,29573.029940,0.00,1,False
427,04/02/2024 00:00:00,,03002,75,0003,07/02/2026 00:00:00,17.000000,1275.000000,0.00,1,False
428,04/02/2024 00:00:00,,03001,125,0007,07/02/2026 00:00:00,11.930118,1491.264774,0.00,1,False
429,04/03/2024 00:00:00,,03021,2500,0005,07/02/2026 00:00:00,45.240177,113100.442000,0.00,1,False
430,04/04/2024 00:00:00,,03026,88,0001,07/02/2026 00:00:00,135.772727,11948.000000,0.00,1,False
431,04/04/2024 00:00:00,,03054,60,0001,07/02/2026 00:00:00,71.125000,4267.500000,0.00,1,False
432,04/04/2024 00:00:00,,03094,40,0001,07/02/2026 00:00:00,301.659091,12066.363640,0.00,1,False
433,04/04/2024 00:00:00,,03096,60,0001,07/02/2026 00:00:00,228.083333,13685.000000,0.00,1,False
434,04/04/2024 00:00:00,,03009,640,0004,07/02/2026 00:00:00,73.205625,46851.600000,0.00,1,False
435,04/06/2024 00:00:00,,03002,3875,0005,07/02/2026 00:00:00,16.458065,63775.000000,0.00,1,False
436,04/07/2024 00:00:00,,03001,225,0007,07/02/2026 00:00:00,10.568889,2378.000000,0.00,1,False
437,04/07/2024 00:00:00,,03014,75,0005,07/02/2026 00:00:00,25.333333,1900.000000,0.00,1,False
438,04/07/2024 00:00:00,,03052,996,0003,07/02/2026 00:00:00,97.570281,97180.000000,0.00,1,False
439,04/08/2024 00:00:00,,03074,240,0001,07/02/2026 00:00:00,54.041667,12970.000000,0.00,1,False
440,04/08/2024 00:00:00,,03003,32,0005,07/02/2026 00:00:00,66.672750,2133.528000,0.00,1,False
441,04/08/2024 00:00:00,,03093,60,0001,07/02/2026 00:00:00,208.935000,12536.100000,0.00,1,False
442,04/08/2024 00:00:00,,03101,40,0001,07/02/2026 00:00:00,60.175000,2407.000000,0.00,1,False
443,04/08/2024 00:00:00,,03095,40,0001,07/02/2026 00:00:00,58.135000,2325.400000,0.00,1,False
444,04/08/2024 00:00:00,,03094,40,0001,07/02/2026 00:00:00,305.159091,12206.363640,0.00,1,False
445,04/08/2024 00:00:00,,03092,40,0001,07/02/2026 00:00:00,146.750000,5870.000000,0.00,1,False
446,04/08/2024 00:00:00,,03103,200,0001,07/03/2026 00:00:00,143.500000,28700.000000,0.00,1,False
447,04/08/2024 00:00:00,,03019,300,0005,07/03/2026 00:00:00,11.083333,3325.000000,0.00,1,False
448,04/16/2024 00:00:00,,03104,250,0001,07/05/2026 00:00:00,48.500000,12125.000000,0.00,1,False
449,04/16/2024 00:00:00,,03089,100,0002,07/05/2026 00:00:00,102.560000,10256.000000,0.00,1,False
450,04/17/2024 00:00:00,,03097,750,0003,07/05/2026 00:00:00,21.431122,16073.341600,0.00,1,False
451,04/18/2024 00:00:00,,03026,240,0001,07/11/2026 00:00:00,50.725000,12174.000000,0.00,1,False
452,04/18/2024 00:00:00,,03089,20,0001,07/11/2026 00:00:00,120.460000,2409.200000,0.00,1,False
453,04/18/2024 00:00:00,,03102,20,0001,07/11/2026 00:00:00,141.765000,2835.300000,0.00,1,False
454,04/18/2024 00:00:00,,03091,20,0001,07/11/2026 00:00:00,165.387500,3307.750000,0.00,1,False
455,04/18/2024 00:00:00,,03094,20,0001,07/11/2026 00:00:00,298.031818,5960.636364,0.00,1,False
456,04/18/2024 00:00:00,,03093,20,0001,07/11/2026 00:00:00,208.935000,4178.700000,0.00,1,False
457,04/18/2024 00:00:00,,03096,20,0001,07/11/2026 00:00:00,93.610000,1872.200000,0.00,1,False
458,04/20/2024 00:00:00,,03106,500,0001,07/11/2026 00:00:00,76.703350,38351.675000,0.00,1,False
459,04/22/2024 00:00:00,,03002,625,0006,07/11/2026 00:00:00,17.000000,10625.000000,0.00,1,False
460,04/22/2024 00:00:00,,03026,36,0001,07/11/2026 00:00:00,21.925000,789.300000,0.00,1,False
461,04/23/2024 00:00:00,,03108,100,0001,07/11/2026 00:00:00,106.625000,10662.500000,0.00,1,False
462,04/23/2024 00:00:00,,03109,120,0001,07/11/2026 00:00:00,162.508333,19501.000000,0.00,1,False
463,04/23/2024 00:00:00,,03107,60,0001,07/11/2026 00:00:00,122.296364,7337.781818,0.00,1,False
464,04/23/2024 00:00:00,,03035,100,0001,07/11/2026 00:00:00,34.350000,3435.000000,0.00,1,False
465,04/23/2024 00:00:00,,03010,100,0003,07/11/2026 00:00:00,82.640000,8264.000000,0.00,1,False
466,04/23/2024 00:00:00,,03027,80,0003,07/11/2026 00:00:00,48.275000,3862.000000,0.00,1,False
467,04/23/2024 00:00:00,,03022,625,0002,07/11/2026 00:00:00,15.200000,9500.000000,0.00,1,False
468,04/23/2024 00:00:00,,03045,500,0002,07/11/2026 00:00:00,21.000000,10500.000000,0.00,1,False
469,04/23/2024 00:00:00,,03023,800,0005,07/11/2026 00:00:00,19.625000,15700.000000,0.00,1,False
470,04/23/2024 00:00:00,,03087,500,0002,07/11/2026 00:00:00,6.864500,3432.250000,0.00,1,False
471,04/23/2024 00:00:00,,03001,875,0008,07/11/2026 00:00:00,10.971429,9600.000000,0.00,1,False
472,04/24/2024 00:00:00,,03089,40,0001,07/17/2026 00:00:00,88.660000,3546.400000,0.00,1,False
473,04/24/2024 00:00:00,,03102,40,0001,07/17/2026 00:00:00,141.765000,5670.600000,0.00,1,False
474,04/24/2024 00:00:00,,03091,40,0001,07/17/2026 00:00:00,94.512500,3780.500000,0.00,1,False
475,04/24/2024 00:00:00,,03090,40,0001,07/17/2026 00:00:00,167.470500,6698.820000,0.00,1,False
476,04/24/2024 00:00:00,,03029,40,0003,07/17/2026 00:00:00,36.885591,1475.423638,0.00,1,False
477,04/24/2024 00:00:00,,03093,20,0001,07/17/2026 00:00:00,189.570000,3791.400000,0.00,1,False
478,04/24/2024 00:00:00,,03094,40,0001,07/17/2026 00:00:00,296.250000,11850.000000,0.00,1,False
479,04/24/2024 00:00:00,,03026,24,0001,07/17/2026 00:00:00,21.925000,526.200000,0.00,1,False
480,04/24/2024 00:00:00,,03009,24,0001,07/17/2026 00:00:00,59.339708,1424.153000,0.00,1,False
481,04/24/2024 00:00:00,,03011,24,0001,07/17/2026 00:00:00,109.416050,2625.985200,0.00,1,False
482,04/24/2024 00:00:00,,03010,24,0001,07/18/2026 00:00:00,82.640000,1983.360000,0.00,1,False
483,04/25/2024 00:00:00,,03029,100,0002,07/17/2026 00:00:00,25.260000,2526.000000,0.00,1,False
484,04/25/2024 00:00:00,,03011,120,0003,07/17/2026 00:00:00,109.416050,13129.926000,0.00,1,False
485,04/25/2024 00:00:00,,03010,100,0003,07/17/2026 00:00:00,82.640000,8264.000000,0.00,1,False
486,04/25/2024 00:00:00,,03009,80,0003,07/17/2026 00:00:00,43.115750,3449.260000,0.00,1,False
487,04/25/2024 00:00:00,,03023,125,0004,07/17/2026 00:00:00,33.273334,4159.166750,0.00,1,False
488,04/25/2024 00:00:00,,03002,1000,0005,07/17/2026 00:00:00,17.000000,17000.000000,0.00,1,False
489,04/25/2024 00:00:00,,03019,250,0004,07/17/2026 00:00:00,53.000002,13250.000400,0.00,1,False
490,04/27/2024 00:00:00,,03095,20,0001,07/17/2026 00:00:00,58.551000,1171.020000,0.00,1,False
491,04/27/2024 00:00:00,,03027,20,0002,07/17/2026 00:00:00,48.275000,965.500000,0.00,1,False
492,04/27/2024 00:00:00,,03026,12,0001,07/17/2026 00:00:00,111.925000,1343.100000,0.00,1,False
493,04/27/2024 00:00:00,,03010,12,0001,07/17/2026 00:00:00,82.900000,994.800000,0.00,1,False
494,04/27/2024 00:00:00,,03019,250,0003,07/17/2026 00:00:00,64.800002,16200.000500,0.00,1,False
495,04/28/2024 00:00:00,,03025,500,0001,07/17/2026 00:00:00,104.850000,52425.000000,0.00,1,False
496,04/29/2024 00:00:00,,03020,500,0003,07/17/2026 00:00:00,278.090500,139045.250168,0.00,1,False
497,04/30/2024 00:00:00,,03113,1250,0001,07/24/2026 00:00:00,17.680000,22100.000000,0.00,1,False
498,04/30/2024 00:00:00,,03112,1250,0001,07/24/2026 00:00:00,19.760000,24700.000000,0.00,1,False
499,04/30/2024 00:00:00,,03114,50,0001,07/24/2026 00:00:00,20.586250,1029.312500,0.00,1,False
500,04/30/2024 00:00:00,,03106,50,0001,07/23/2026 00:00:00,35.993550,1799.677500,0.00,1,False
501,04/30/2024 00:00:00,,03053,2500,0005,07/24/2026 00:00:00,13.225000,33062.500000,0.00,1,False
502,04/30/2024 00:00:00,,03023,750,0008,07/24/2026 00:00:00,27.955556,20966.667000,0.00,1,False
503,04/28/2024 00:00:00,,03019,225,0009,07/24/2026 00:00:00,48.611113,10937.500350,0.00,1,False
504,05/01/2024 00:00:00,,03110,700,0001,07/25/2026 00:00:00,14.708221,10295.754938,0.00,1,False
505,05/01/2024 00:00:00,,03014,250,0010,07/25/2026 00:00:00,19.000000,4750.000000,0.00,1,False
506,05/02/2024 00:00:00,,03111,700,0001,07/25/2026 00:00:00,21.682228,15177.559600,0.00,1,False
507,05/02/2024 00:00:00,,03019,250,0005,07/25/2026 00:00:00,46.866664,11716.666000,0.00,1,False
508,05/05/2024 00:00:00,,03001,500,0010,07/25/2026 00:00:00,16.972728,8486.364000,0.00,1,False
509,05/05/2024 00:00:00,,03091,60,0002,07/25/2026 00:00:00,90.732242,5443.934516,0.00,1,False
510,05/05/2024 00:00:00,,03089,60,0002,07/25/2026 00:00:00,162.037381,9722.242858,0.00,1,False
511,05/05/2024 00:00:00,,03019,250,0006,07/25/2026 00:00:00,14.930000,3732.500000,0.00,1,False
512,05/05/2024 00:00:00,,03060,360,0003,07/25/2026 00:00:00,233.630503,84106.980960,0.00,1,False
513,05/06/2024 00:00:00,,03014,1300,0010,07/25/2026 00:00:00,19.730769,25650.000000,0.00,1,False
514,05/06/2024 00:00:00,,03002,1200,0006,07/25/2026 00:00:00,35.416667,42500.000000,0.00,1,False
515,05/06/2024 00:00:00,,03087,75,0003,07/25/2026 00:00:00,20.557228,1541.792100,0.00,1,False
516,05/06/2024 00:00:00,,03029,20,0002,07/25/2026 00:00:00,25.760000,515.200000,0.00,1,False
517,05/06/2024 00:00:00,,03026,24,0004,07/25/2026 00:00:00,107.646726,2583.521429,0.00,1,False
518,05/06/2024 00:00:00,,03014,125,009,07/25/2026 00:00:00,30.400000,3800.000000,0.00,1,False
519,05/08/2024 00:00:00,,03021,4925,0005,07/25/2026 00:00:00,52.630135,259203.413700,0.00,1,False
520,05/09/2024 00:00:00,,03096,80,0001,08/04/2026 00:00:00,76.043036,6083.442858,0.00,1,False
521,05/09/2024 00:00:00,,03089,60,0003,08/04/2026 00:00:00,107.037381,6422.242858,0.00,1,False
522,05/09/2024 00:00:00,,03091,80,0002,08/04/2026 00:00:00,79.569048,6365.523807,0.00,1,False
523,05/09/2024 00:00:00,,03102,60,0001,08/04/2026 00:00:00,142.025000,8521.500000,0.00,1,False
524,05/09/2024 00:00:00,,03094,60,0001,08/04/2026 00:00:00,289.832589,17389.955358,0.00,1,False
525,05/09/2024 00:00:00,,03090,40,0001,08/04/2026 00:00:00,115.460631,4618.425238,0.00,1,False
526,05/09/2024 00:00:00,,03029,40,0003,08/04/2026 00:00:00,25.260000,1010.400000,0.00,1,False
527,05/09/2024 00:00:00,,03001,500,011,08/04/2026 00:00:00,7.556664,3778.332160,0.00,1,False
528,05/09/2024 00:00:00,,03014,125,0009,08/04/2026 00:00:00,19.000000,2375.000000,0.00,1,False
529,05/11/2024 00:00:00,,03003,250,0003,08/04/2026 00:00:00,22.136192,5534.047958,0.00,1,False
530,05/11/2024 00:00:00,,03005,190,0001,08/04/2026 00:00:00,21.643146,4112.197726,0.00,1,False
531,05/12/2024 00:00:00,,03029,40,0002,08/04/2026 00:00:00,25.260000,1010.400000,0.00,1,False
532,05/12/2024 00:00:00,,03091,20,0001,08/04/2026 00:00:00,67.372381,1347.447619,0.00,1,False
533,05/12/2024 00:00:00,,03089,20,0001,08/04/2026 00:00:00,107.037381,2140.747619,0.00,1,False
534,05/13/2024 00:00:00,,03018,250,0001,08/04/2026 00:00:00,47.335000,11833.750000,0.00,1,False
535,05/13/2024 00:00:00,,03014,2450,0010,08/04/2026 00:00:00,19.387755,47500.000000,0.00,1,False
536,05/14/2024 00:00:00,,03001,950,0012,08/04/2026 00:00:00,5.580000,5301.000000,0.00,1,False
537,05/15/2024 00:00:00,,03091,60,0003,08/04/2026 00:00:00,67.372381,4042.342858,0.00,1,False
538,05/15/2024 00:00:00,,03090,40,0002,08/04/2026 00:00:00,99.101000,3964.040000,0.00,1,False
539,05/16/2024 00:00:00,,03011,420,0001,08/04/2026 00:00:00,57.535418,24164.875568,0.00,1,False
540,05/16/2024 00:00:00,,03006,432,0002,08/04/2026 00:00:00,41.732364,18028.381460,0.00,1,False
541,05/16/2024 00:00:00,,03018,50,0001,08/04/2026 00:00:00,47.335000,2366.750000,0.00,1,False
542,05/16/2024 00:00:00,,03014,75,0010,08/05/2026 00:00:00,19.000000,1425.000000,0.00,1,False
543,05/18/2024 00:00:00,,03020,1000,0004,08/05/2026 00:00:00,102.615740,102615.739540,0.00,1,False
544,05/18/2024 00:00:00,,03054,80,0003,08/05/2026 00:00:00,39.125000,3130.000000,0.00,1,False
545,05/18/2024 00:00:00,,03026,140,0002,08/05/2026 00:00:00,91.875000,12862.500000,0.00,1,False
546,05/19/2024 00:00:00,,03018,80,0001,08/09/2026 00:00:00,58.335000,4666.800000,0.00,1,False
547,05/19/2024 00:00:00,,03005,60,0001,08/09/2026 00:00:00,15.064199,903.851914,0.00,1,False
548,05/20/2024 00:00:00,,03014,1425,0012,08/09/2026 00:00:00,19.200000,27360.000000,0.00,1,False
549,05/20/2024 00:00:00,,03002,1250,0011,08/09/2026 00:00:00,17.000000,21250.000000,0.00,1,False
550,05/20/2024 00:00:00,,03116,240,0001,08/09/2026 00:00:00,207.750000,49860.000000,0.00,1,False
551,05/20/2024 00:00:00,,03009,440,0007,08/09/2026 00:00:00,28.965942,12745.014586,0.00,1,False
552,05/20/2024 00:00:00,,03029,60,0005,08/09/2026 00:00:00,25.260000,1515.600000,0.00,1,False
553,05/20/2024 00:00:00,,03016,25,0008,08/09/2026 00:00:00,3.956570,98.914260,0.00,1,False
554,05/21/2024 00:00:00,,03014,750,0008,08/09/2026 00:00:00,19.000000,14250.000000,0.00,1,False
555,05/21/2024 00:00:00,,03019,245,0006,08/09/2026 00:00:00,47.694923,11685.256100,0.00,1,False
556,05/22/2024 00:00:00,,03014,1000,007,08/09/2026 00:00:00,19.000000,19000.000000,0.00,1,False
557,05/23/2024 00:00:00,,03055,7475,0005,08/17/2026 00:00:00,19.063545,142500.000000,0.00,1,False
558,05/23/2024 00:00:00,,03117,25,0001,08/17/2026 00:00:00,165.549997,4138.749933,0.00,1,False
559,05/25/2024 00:00:00,,03101,60,0001,08/17/2026 00:00:00,50.125000,3007.500000,0.00,1,False
560,05/25/2024 00:00:00,,03014,670,0012,08/17/2026 00:00:00,19.850746,13300.000000,0.00,1,False
561,05/26/2024 00:00:00,,03087,1250,0004,08/18/2026 00:00:00,20.487200,25609.000000,0.00,1,False
562,05/26/2024 00:00:00,,03100,1000,0002,08/19/2026 00:00:00,20.294816,20294.816000,0.00,1,False
563,05/26/2024 00:00:00,,03014,300,0013,08/19/2026 00:00:00,20.583333,6175.000000,0.00,1,False
564,05/26/2024 00:00:00,,03118,375,0001,08/19/2026 00:00:00,238.610931,89479.099151,0.00,1,False
565,05/27/2024 00:00:00,,03087,500,0003,08/19/2026 00:00:00,20.294769,10147.384551,0.00,1,False
566,05/27/2024 00:00:00,,03117,250,0001,08/19/2026 00:00:00,207.619997,51904.999150,0.00,1,False
567,05/27/2024 00:00:00,,03019,150,0012,08/19/2026 00:00:00,54.170939,8125.640800,0.00,1,False
568,05/28/2024 00:00:00,,03014,1500,0012,08/19/2026 00:00:00,6.333333,9500.000000,0.00,1,False
569,05/28/2024 00:00:00,,03019,100,0009,08/19/2026 00:00:00,48.810255,4881.025500,0.00,1,False
570,05/28/2024 00:00:00,,03001,500,0013,08/19/2026 00:00:00,15.680000,7840.000000,0.00,1,False
571,05/29/2024 00:00:00,,03111,630,0001,08/19/2026 00:00:00,23.284985,14669.540338,0.00,1,False
572,05/29/2024 00:00:00,,03110,525,0001,08/19/2026 00:00:00,17.482476,9178.300000,0.00,1,False
573,05/29/2024 00:00:00,,03001,250,0013,08/19/2026 00:00:00,20.316000,5079.000000,0.00,1,False
574,05/29/2024 00:00:00,,03019,250,009,08/19/2026 00:00:00,31.128204,7782.051000,0.00,1,False
575,05/30/2024 00:00:00,,03114,90,0001,08/19/2026 00:00:00,30.636250,2757.262500,0.00,1,False
576,05/30/2024 00:00:00,,03106,100,0001,08/19/2026 00:00:00,13.793550,1379.355000,0.00,1,False
577,05/30/2024 00:00:00,,03001,250,0013,08/19/2026 00:00:00,21.340000,5335.000000,0.00,1,False
578,06/01/2024 00:00:00,,03117,275,0001,09/13/2026 00:00:00,166.981815,45919.999200,0.00,1,False
579,06/01/2024 00:00:00,,03101,300,0001,09/13/2026 00:00:00,67.425000,20227.500000,0.00,1,False
580,06/02/2024 00:00:00,,03001,500,0012,09/13/2026 00:00:00,21.385622,10692.811000,0.00,1,False
581,06/02/2024 00:00:00,Named : BRONOKILL ,03026,60,0002,09/13/2026 00:00:00,110.375000,6622.500000,0.00,1,False
582,06/04/2024 00:00:00,,03052,1000,0002,09/13/2026 00:00:00,83.380000,83380.000000,0.00,1,False
583,06/05/2024 00:00:00,,03117,225,0001,09/13/2026 00:00:00,179.574080,40404.168000,0.00,1,False
584,06/06/2024 00:00:00,,03006,60,0001,09/13/2026 00:00:00,32.949425,1976.965493,0.00,1,False
585,06/06/2024 00:00:00,,03091,140,0001,09/13/2026 00:00:00,84.540878,11835.722858,0.00,1,False
586,06/06/2024 00:00:00,,03089,40,0001,09/13/2026 00:00:00,50.460000,2018.400000,0.00,1,False
587,06/06/2024 00:00:00,,03096,40,0001,09/13/2026 00:00:00,61.213163,2448.526536,0.00,1,False
588,06/06/2024 00:00:00,,03094,40,0001,09/13/2026 00:00:00,250.625000,10025.000000,0.00,1,False
589,06/06/2024 00:00:00,,03102,80,0001,09/13/2026 00:00:00,142.025000,11362.000000,0.00,1,False
590,06/06/2024 00:00:00,,03120,240,0001,09/19/2026 00:00:00,13.625000,3270.000000,0.00,1,False
591,06/06/2024 00:00:00,,03121,120,0001,09/19/2026 00:00:00,47.502000,5700.240000,0.00,1,False
592,06/08/2024 00:00:00,,03019,450,0005,09/20/2026 00:00:00,17.813390,8016.025500,0.00,1,False
593,06/08/2024 00:00:00,,03001,150,0012,09/20/2026 00:00:00,18.945622,2841.843300,0.00,1,False
594,06/09/2024 00:00:00,,03122,375,0001,09/20/2026 00:00:00,29.237284,10963.981624,0.00,1,False
595,06/09/2024 00:00:00,,03084,80,0002,09/20/2026 00:00:00,32.050000,2564.000000,0.00,1,False
596,06/10/2024 00:00:00,,03002,2500,0008,09/20/2026 00:00:00,17.000000,42500.000000,0.00,1,False
597,06/11/2024 00:00:00,,03002,3275,0013,09/20/2026 00:00:00,17.129771,56100.000000,0.00,1,False
598,06/11/2024 00:00:00,,03001,2500,0013,09/20/2026 00:00:00,16.787580,41968.950320,0.00,1,False
599,06/11/2024 00:00:00,,03014,3850,0009,09/20/2026 00:00:00,19.000000,73150.000000,0.00,1,False
600,06/11/2024 00:00:00,,03097,1250,0003,09/20/2026 00:00:00,26.389438,32986.797500,0.00,1,False
601,06/11/2024 00:00:00,,03123,979,0001,09/20/2026 00:00:00,105.572445,103355.423650,0.00,1,False
602,06/12/2024 00:00:00,,03029,160,0003,09/20/2026 00:00:00,41.209438,6593.510080,0.00,1,False
603,06/12/2024 00:00:00,,03124,200,0001,09/20/2026 00:00:00,85.460000,17092.000000,0.00,1,False
604,06/12/2024 00:00:00,,03125,240,0001,09/20/2026 00:00:00,111.032209,26647.730240,0.00,1,False
605,06/12/2024 00:00:00,,03045,100,0004,09/22/2026 00:00:00,18.600000,1860.000000,0.00,1,False
606,06/13/2024 00:00:00,,03096,60,0002,09/22/2026 00:00:00,74.213163,4452.789804,0.00,1,False
607,06/13/2024 00:00:00,,03052,12,0003,09/22/2026 00:00:00,42.700000,512.400000,0.00,1,False
608,06/13/2024 00:00:00,,03019,250,0009,09/22/2026 00:00:00,34.833332,8708.333000,0.00,1,False
609,06/22/2024 00:00:00,,03001,250,0013,09/22/2026 00:00:00,16.720000,4180.000000,0.00,1,False
610,06/23/2024 00:00:00,,03005,100,0002,09/22/2026 00:00:00,15.072500,1507.250000,0.00,1,False
611,06/23/2024 00:00:00,,03003,100,0004,09/22/2026 00:00:00,26.347300,2634.730000,0.00,1,False
612,06/24/2024 00:00:00,,03001,500,0014,09/22/2026 00:00:00,16.220000,8110.000000,0.00,1,False
613,06/25/2024 00:00:00,,03087,500,0002,09/22/2026 00:00:00,10.044500,5022.250000,0.00,1,False
614,06/25/2024 00:00:00,,03088,1011,0002,09/22/2026 00:00:00,27.392000,27693.312000,0.00,1,False
615,06/26/2024 00:00:00,,03084,100,0001,09/22/2026 00:00:00,32.050000,3205.000000,0.00,1,False
616,06/29/2024 00:00:00,,03029,125,0003,06/22/2026 00:00:00,31.709438,3963.679750,0.00,1,False
617,06/30/2024 00:00:00,,03002,2500,0010,06/22/2026 00:00:00,17.136000,42840.000000,0.00,1,False
618,06/30/2024 00:00:00,,03014,1250,0009,05/22/2026 00:00:00,19.304000,24130.000000,0.00,1,False
619,06/30/2024 00:00:00,,03001,1000,0014,06/22/2026 00:00:00,6.441141,6441.141000,0.00,1,False
620,07/01/2024 00:00:00,,03002,2500,0002,07/01/2026 00:00:00,17.068000,42670.000000,0.00,1,False
621,07/01/2024 00:00:00,,03002,425,0002,07/01/2026 00:00:00,17.200000,7310.000000,0.00,1,False
622,07/01/2024 00:00:00,,03014,575,0014,07/01/2026 00:00:00,19.826087,11400.000000,0.00,1,False
623,07/01/2024 00:00:00,,03087,250,0001,07/01/2026 00:00:00,14.655071,3663.767625,0.00,1,False
624,07/02/2024 00:00:00,,03014,2875,0014,10/18/2026 00:00:00,19.033043,54720.000000,0.00,1,False
625,07/02/2024 00:00:00,,03022,125,0001,10/18/2026 00:00:00,48.866666,6108.333250,0.00,1,False
626,07/05/2024 00:00:00,,03003,470,0001,10/18/2026 00:00:00,36.022300,16930.481000,0.00,1,False
627,07/06/2024 00:00:00,,03019,375,0001,10/18/2026 00:00:00,41.244445,15466.667000,0.00,1,False
628,07/06/2024 00:00:00,,03005,320,0001,10/18/2026 00:00:00,30.647813,9807.300000,0.00,1,False
629,07/06/2024 00:00:00,,03052,1200,0002,10/18/2026 00:00:00,107.800000,129360.000000,0.00,1,False
630,07/07/2024 00:00:00,,03097,850,0002,10/18/2026 00:00:00,182.967973,155522.777000,0.00,1,False
631,07/07/2024 00:00:00,,03020,1000,0005,10/18/2026 00:00:00,67.572289,67572.288600,0.00,1,False
632,07/07/2024 00:00:00,,03028,200,0001,10/18/2026 00:00:00,175.950000,35190.000000,0.00,1,False
633,07/08/2024 00:00:00,,03023,875,0005,10/18/2026 00:00:00,19.409524,16983.333500,0.00,1,False
634,07/08/2024 00:00:00,,03019,75,0002,10/18/2026 00:00:00,44.800001,3360.000100,0.00,1,False
635,07/08/2024 00:00:00,,03117,425,0001,10/18/2026 00:00:00,207.738502,88288.863500,0.00,1,False
636,07/08/2024 00:00:00,,03114,150,0001,10/18/2026 00:00:00,24.042500,3606.375000,0.00,1,False
637,07/09/2024 00:00:00,,03128,240,0001,10/18/2026 00:00:00,358.725000,86094.000000,0.00,1,False
638,07/09/2024 00:00:00,,03034,100,0001,10/18/2026 00:00:00,43.602000,4360.200000,0.00,1,False
639,07/10/2024 00:00:00,,03101,300,0001,10/18/2026 00:00:00,72.225000,21667.500000,0.00,1,False
640,07/10/2024 00:00:00,,03023,375,0002,10/18/2026 00:00:00,21.888889,8208.333400,0.00,1,False
641,07/10/2024 00:00:00,,03001,250,0006,10/18/2026 00:00:00,10.523390,2630.847590,0.00,1,False
642,07/10/2024 00:00:00,,03011,100,0005,10/18/2026 00:00:00,124.022300,12402.230000,0.00,1,False
643,07/10/2024 00:00:00,,03026,24,0007,10/18/2026 00:00:00,125.375000,3009.000000,0.00,1,False
644,07/10/2024 00:00:00,,03035,40,0002,10/18/2026 00:00:00,54.750000,2190.000000,0.00,1,False
645,07/10/2024 00:00:00,,03027,60,0003,10/18/2026 00:00:00,52.625000,3157.500000,0.00,1,False
646,07/11/2024 00:00:00,,03018,370,0001,10/20/2026 00:00:00,105.423784,39006.800000,0.00,1,False
647,07/13/2024 00:00:00,,03018,126,0001,10/20/2026 00:00:00,70.857222,8928.010000,0.00,1,False
648,07/13/2024 00:00:00,,03014,1250,0015,10/20/2026 00:00:00,19.152000,23940.000000,0.00,1,False
649,07/13/2024 00:00:00,,03093,60,0001,10/20/2026 00:00:00,232.420000,13945.200000,0.00,1,False
650,07/14/2024 00:00:00,,03002,2475,0001,10/20/2026 00:00:00,17.171717,42500.000000,0.00,1,False
651,07/14/2024 00:00:00,,03096,80,0001,10/20/2026 00:00:00,68.613163,5489.053072,0.00,1,False
652,07/14/2024 00:00:00,,03091,200,0001,10/20/2026 00:00:00,85.049400,17009.879916,0.00,1,False
653,07/14/2024 00:00:00,,03034,40,0001,10/20/2026 00:00:00,43.602000,1744.080000,0.00,1,False
654,07/14/2024 00:00:00,,03027,40,0001,10/20/2026 00:00:00,51.625000,2065.000000,0.00,1,False
655,07/14/2024 00:00:00,,03029,125,0004,10/20/2026 00:00:00,62.542435,7817.804400,0.00,1,False
656,07/14/2024 00:00:00,,03089,40,0001,10/20/2026 00:00:00,118.460000,4738.400000,0.00,1,False
657,07/14/2024 00:00:00,,03090,40,0001,10/20/2026 00:00:00,125.222139,5008.885544,0.00,1,False
658,07/14/2024 00:00:00,,03094,40,0001,10/20/2026 00:00:00,251.375000,10055.000000,0.00,1,False
659,07/14/2024 00:00:00,,03102,40,0001,10/20/2026 00:00:00,82.825000,3313.000000,0.00,1,False
660,07/14/2024 00:00:00,,03060,240,0001,10/20/2026 00:00:00,52.026667,12486.400000,0.00,1,False
661,07/15/2024 00:00:00,,03012,140,0001,10/21/2026 00:00:00,85.224455,11931.423650,0.00,1,False
662,07/18/2024 00:00:00,,03012,250,0001,10/21/2026 00:00:00,43.576617,10894.154190,0.00,1,False
663,07/20/2024 00:00:00,,03086,36,0001,10/21/2026 00:00:00,50.000000,1800.000000,0.00,1,False
664,07/21/2024 00:00:00,,03112,1250,0001,10/21/2026 00:00:00,19.760000,24700.000000,0.00,1,False
665,07/21/2024 00:00:00,,03110,1075,0001,10/21/2026 00:00:00,16.067729,17272.808589,0.00,1,False
666,07/22/2024 00:00:00,,03097,1250,0001,10/21/2026 00:00:00,119.366757,149208.446000,0.00,1,False
667,07/23/2024 00:00:00,,03111,1250,0001,10/21/2026 00:00:00,28.846952,36058.690146,0.00,1,False
668,07/24/2024 00:00:00,,03010,100,0001,10/21/2026 00:00:00,192.700000,19270.000000,0.00,1,False
669,07/24/2024 00:00:00,,03011,300,0001,10/21/2026 00:00:00,65.304047,19591.214095,0.00,1,False
670,07/24/2024 00:00:00,,03129,40,0001,10/21/2026 00:00:00,267.911838,10716.473520,0.00,1,False
671,07/24/2024 00:00:00,,03130,40,0001,10/21/2026 00:00:00,182.420928,7296.837128,0.00,1,False
672,07/24/2024 00:00:00,,03119,40,0001,10/22/2026 00:00:00,138.688000,5547.520000,0.00,1,False
673,07/24/2024 00:00:00,,03005,104,0001,10/22/2026 00:00:00,36.341731,3779.540000,0.00,1,False
674,07/27/2024 00:00:00,,03013,300,0001,10/22/2026 00:00:00,263.651756,79095.526830,0.00,1,False
675,07/28/2024 00:00:00,,03009,600,0001,10/22/2026 00:00:00,74.659716,44795.829400,0.00,1,False
676,07/28/2024 00:00:00,,03090,100,0001,10/22/2026 00:00:00,121.519043,12151.904279,0.00,1,False
677,07/28/2024 00:00:00,,03003,120,0001,10/22/2026 00:00:00,34.090514,4090.861638,0.00,1,False
678,07/29/2024 00:00:00,,03014,1000,0016,10/22/2026 00:00:00,19.380000,19380.000000,0.00,1,False
679,07/30/2024 00:00:00,,03091,135,0001,10/22/2026 00:00:00,65.919943,8899.192264,0.00,1,False
680,07/30/2024 00:00:00,,03011,120,0001,10/22/2026 00:00:00,73.089047,8770.685638,0.00,1,False
681,07/30/2024 00:00:00,,03119,100,0001,10/22/2026 00:00:00,8.688000,868.800000,0.00,1,False
682,07/30/2024 00:00:00,,03084,60,0001,10/22/2026 00:00:00,15.144571,908.674255,0.00,1,False
683,07/30/2024 00:00:00,,03034,60,0001,10/22/2026 00:00:00,43.602000,2616.120000,0.00,1,False
684,07/31/2024 00:00:00,,03108,40,0001,10/22/2026 00:00:00,118.575000,4743.000000,0.00,1,False
685,07/31/2024 00:00:00,,03109,60,0001,10/22/2026 00:00:00,139.330878,8359.852654,0.00,1,False
686,07/31/2024 00:00:00,,03043,205,0001,10/23/2026 00:00:00,213.682878,43804.990000,0.00,1,False
687,08/01/2024 00:00:00,,03093,100,0001,10/23/2026 00:00:00,212.474571,21247.457092,0.00,1,False
688,08/01/2024 00:00:00,,03118,212,0001,10/23/2026 00:00:00,87.345862,18517.322792,0.00,1,False
689,08/03/2024 00:00:00,,03117,250,0001,10/23/2026 00:00:00,157.443117,39360.779300,0.00,1,False
690,08/04/2024 00:00:00,,03114,130,0001,08/03/2026 00:00:00,27.389785,3560.672110,0.00,1,False
691,08/04/2024 00:00:00,,03111,200,0001,08/03/2026 00:00:00,21.857783,4371.556551,0.00,1,False
692,08/04/2024 00:00:00,,03110,460,0001,08/03/2026 00:00:00,18.065352,8310.061900,0.00,1,False
693,08/04/2024 00:00:00,,03131,80,0001,08/03/2026 00:00:00,86.879571,6950.365674,0.00,1,False
694,08/04/2024 00:00:00,,03091,100,0001,08/03/2026 00:00:00,77.019943,7701.994270,0.00,1,False
695,08/04/2024 00:00:00,,03034,220,0001,08/03/2026 00:00:00,49.191058,10822.032819,0.00,1,False
696,08/04/2024 00:00:00,,03027,20,0001,08/03/2026 00:00:00,52.172285,1043.445709,0.00,1,False
697,08/04/2024 00:00:00,,03035,60,0001,08/03/2026 00:00:00,54.297285,3257.837128,0.00,1,False
698,08/05/2024 00:00:00,,03001,750,0001,08/04/2026 00:00:00,10.198790,7649.092850,0.00,1,False
699,08/05/2024 00:00:00,,03014,1175,0015,08/04/2026 00:00:00,19.000000,22325.000000,0.00,1,False
700,08/07/2024 00:00:00,,03019,375,0001,08/06/2026 00:00:00,31.534715,11825.518100,0.00,1,False
701,08/07/2024 00:00:00,,03117,425,0001,08/06/2026 00:00:00,114.741911,48765.312100,0.00,1,False
702,08/10/2024 00:00:00,,03002,1225,0001,08/09/2026 00:00:00,17.346939,21250.000000,0.00,1,False
703,08/10/2024 00:00:00,,03104,50,0001,08/09/2026 00:00:00,31.372775,1568.638725,0.00,1,False
704,08/10/2024 00:00:00,,03103,100,0001,08/09/2026 00:00:00,141.353000,14135.300000,0.00,1,False
705,08/15/2024 00:00:00,,03117,750,001,08/14/2026 00:00:00,122.900550,92175.412343,0.00,1,False
707,08/18/2024 00:00:00,,03014,1575,0015,08/17/2026 00:00:00,19.180952,30210.000000,0.00,1,False
708,08/18/2024 00:00:00,,03002,250,0001,08/17/2026 00:00:00,17.680000,4420.000000,0.00,1,False
709,08/15/2024 00:00:00,,03025,460,0001,08/14/2026 00:00:00,43.450000,19987.000000,0.00,1,False
711,08/19/2024 00:00:00,,03112,1250,0001,08/18/2026 00:00:00,19.228000,24035.000000,0.00,1,False
712,08/19/2024 00:00:00,,03106,500,0001,08/18/2026 00:00:00,31.665514,15832.756825,0.00,1,False
713,08/19/2024 00:00:00,,03019,450,0001,08/18/2026 00:00:00,34.383572,15472.607400,0.00,1,False
714,08/19/2024 00:00:00,,03106,130,0001,08/18/2026 00:00:00,34.065514,4428.516775,0.00,1,False
715,08/20/2024 00:00:00,,03002,1200,0001,08/19/2026 00:00:00,18.416667,22100.000000,0.00,1,False
716,08/20/2024 00:00:00,,03019,275,0001,08/19/2026 00:00:00,27.992663,7697.982300,0.00,1,False
717,08/21/2024 00:00:00,,03087,250,0001,08/20/2026 00:00:00,24.105982,6026.495500,0.00,1,False
718,08/21/2024 00:00:00,,03021,2500,0005,08/20/2026 00:00:00,47.165990,117914.976183,0.00,1,False
719,08/24/2024 00:00:00,,03104,150,0001,08/23/2026 00:00:00,46.346318,6951.947675,0.00,1,False
720,08/24/2024 00:00:00,,03113,1025,0001,08/23/2026 00:00:00,26.048780,26700.000000,0.00,1,False
721,08/24/2024 00:00:00,,03002,1000,0001,08/23/2026 00:00:00,17.595000,17595.000000,0.00,1,False
722,08/24/2024 00:00:00,,03133,250,0001,08/23/2026 00:00:00,55.147008,13786.752118,0.00,1,False
723,08/26/2024 00:00:00,,03019,150,0001,08/25/2026 00:00:00,35.016905,5252.535800,0.00,1,False
724,08/26/2024 00:00:00,,03134,350,001,08/25/2026 00:00:00,30.428571,10650.000000,0.00,1,False
725,08/26/2024 00:00:00,,03001,2500,0001,08/25/2026 00:00:00,13.558677,33896.693000,0.00,1,False
726,08/27/2024 00:00:00,,03135,260,0001,08/26/2026 00:00:00,304.806954,79249.808164,0.00,1,False
727,08/31/2024 00:00:00,,03117,625,0001,08/30/2026 00:00:00,153.006694,95629.183600,0.00,1,False
728,08/31/2024 00:00:00,,03090,100,0001,08/30/2026 00:00:00,121.520197,12152.019745,0.00,1,False
729,08/31/2024 00:00:00,,03089,100,0001,08/30/2026 00:00:00,119.554571,11955.457092,0.00,1,False
730,08/19/2024 00:00:00,,03014,250,0015,08/18/2026 00:00:00,19.000000,4750.000000,0.00,1,False
731,09/01/2024 00:00:00,,03053,2525,0001,08/31/2026 00:00:00,57.025743,143990.000000,0.00,1,False
732,09/01/2024 00:00:00,,03011,300,0001,08/31/2026 00:00:00,347.214811,104164.443228,0.00,1,False
733,09/02/2024 00:00:00,,03002,750,0001,09/01/2026 00:00:00,12.466667,9350.000000,0.00,1,False
734,09/02/2024 00:00:00,,03113,75,0001,09/01/2026 00:00:00,32.000000,2400.000000,0.00,1,False
735,09/03/2024 00:00:00,,03021,1008,0005,09/02/2026 00:00:00,72.485190,73065.071920,0.00,1,False
736,09/03/2024 00:00:00,,03088,823,0005,09/02/2026 00:00:00,30.795085,25344.355279,0.00,1,False
737,09/04/2024 00:00:00,,03070,200,0001,09/03/2026 00:00:00,32.744536,6548.907134,0.00,1,False
738,09/04/2024 00:00:00,,03074,200,0001,09/03/2026 00:00:00,169.868214,33973.642730,0.00,1,False
739,09/04/2024 00:00:00,,03107,144,0001,09/03/2026 00:00:00,221.407663,31882.703502,0.00,1,False
740,09/04/2024 00:00:00,,03023,750,0001,09/03/2026 00:00:00,19.102725,14327.044050,0.00,1,False
741,09/04/2024 00:00:00,,03091,125,0001,09/03/2026 00:00:00,98.385424,12298.177976,0.00,1,False
742,09/04/2024 00:00:00,,03003,120,0001,09/03/2026 00:00:00,33.494803,4019.376330,0.00,1,False
743,09/04/2024 00:00:00,,03117,1075,0003,09/03/2026 00:00:00,136.264969,146484.841700,0.00,1,False
744,09/05/2024 00:00:00,,03055,5025,0005,09/04/2026 00:00:00,19.094527,95950.000000,0.00,1,False
745,09/05/2024 00:00:00,,03117,150,0003,09/04/2026 00:00:00,45.609841,6841.476100,0.00,1,False
746,09/07/2024 00:00:00,,03134,2575,001,09/06/2026 00:00:00,30.058252,77400.000000,0.00,1,False
747,09/07/2024 00:00:00,,03014,75,0015,09/06/2026 00:00:00,20.266667,1520.000000,0.00,1,False
748,09/08/2024 00:00:00,,03089,240,0001,09/07/2026 00:00:00,119.694571,28726.697021,0.00,1,False
749,09/08/2024 00:00:00,,03094,240,0001,09/07/2026 00:00:00,299.302320,71832.556914,0.00,1,False
750,09/08/2024 00:00:00,,03102,160,0001,09/07/2026 00:00:00,169.325000,27092.000000,0.00,1,False
751,09/08/2024 00:00:00,,03101,80,0001,09/07/2026 00:00:00,70.828149,5666.251930,0.00,1,False
752,09/08/2024 00:00:00,,03093,160,0001,09/07/2026 00:00:00,231.854571,37096.731347,0.00,1,False
753,09/08/2024 00:00:00,,03090,240,0001,09/07/2026 00:00:00,130.852818,31404.676429,0.00,1,False
754,09/08/2024 00:00:00,,03091,80,0001,09/07/2026 00:00:00,88.884044,7110.723511,0.00,1,False
755,09/08/2024 00:00:00,,03084,80,0001,09/07/2026 00:00:00,101.144571,8091.565674,0.00,1,False
756,09/08/2024 00:00:00,,03029,80,0001,09/07/2026 00:00:00,39.459648,3156.771800,0.00,1,False
757,09/08/2024 00:00:00,,03096,160,0001,09/07/2026 00:00:00,56.138393,8982.142846,0.00,1,False
758,09/08/2024 00:00:00,,03020,1000,0001,09/07/2026 00:00:00,107.139965,107139.964750,0.00,1,False
759,09/08/2024 00:00:00,,03011,100,0001,09/07/2026 00:00:00,107.394803,10739.480275,0.00,1,False
760,09/09/2024 00:00:00,,03087,1000,0001,09/08/2026 00:00:00,65.332589,65332.588994,0.00,1,False
761,09/10/2024 00:00:00,,03087,1050,0001,09/09/2026 00:00:00,21.935746,23032.533024,0.00,1,False
762,09/11/2024 00:00:00,,03087,1000,0001,09/12/2026 00:00:00,52.753838,52753.838134,0.00,1,False
763,09/12/2024 00:00:00,,03111,996,0001,09/11/2026 00:00:00,22.644164,22553.586929,0.00,1,False
764,09/14/2024 00:00:00,,03134,1250,001,09/13/2026 00:00:00,30.120000,37650.000000,0.00,1,False
765,09/14/2024 00:00:00,,03111,1250,0001,09/13/2026 00:00:00,22.983883,28729.853818,0.00,1,False
766,09/14/2024 00:00:00,,03020,1000,0001,09/13/2026 00:00:00,10.171636,10171.635650,0.00,1,False
767,09/14/2024 00:00:00,,03091,60,0001,09/13/2026 00:00:00,92.618026,5557.081544,0.00,1,False
768,09/15/2024 00:00:00,,03002,5000,0001,09/14/2026 00:00:00,17.068000,85340.000000,0.00,1,False
769,09/15/2024 00:00:00,,03134,500,001,09/14/2026 00:00:00,30.000000,15000.000000,0.00,1,False
770,09/15/2024 00:00:00,,03003,200,001,09/14/2026 00:00:00,33.494803,6698.960550,0.00,1,False
771,09/16/2024 00:00:00,,03113,1250,001,09/15/2026 00:00:00,17.068000,21335.000000,0.00,1,False
772,09/16/2024 00:00:00,,03110,850,001,09/15/2026 00:00:00,16.408166,13946.940700,0.00,1,False
773,09/16/2024 00:00:00,,03002,2550,0001,09/15/2026 00:00:00,17.013333,43384.000000,0.00,1,False
774,09/16/2024 00:00:00,,03014,2500,0001,09/15/2026 00:00:00,19.228000,48070.000000,0.00,1,False
775,09/18/2024 00:00:00,,03014,2750,0016,09/16/2026 00:00:00,20.727273,57000.000000,0.00,1,False
776,09/18/2024 00:00:00,,03019,50,002,09/16/2026 00:00:00,32.983145,1649.157250,0.00,1,False
777,09/18/2024 00:00:00,,03136,750,0001,09/16/2026 00:00:00,27.296870,20472.652760,0.00,1,False
778,09/19/2024 00:00:00,,03001,3250,0015,09/18/2026 00:00:00,14.687422,47734.120600,0.00,1,False
779,09/19/2024 00:00:00,,03011,200,001,09/18/2026 00:00:00,93.564502,18712.900364,0.00,1,False
780,09/21/2024 00:00:00,,03002,571,0002,09/19/2026 00:00:00,17.119089,9775.000000,0.00,1,False
782,09/21/2024 00:00:00,,03027,60,001,09/19/2026 00:00:00,86.243659,5174.619545,0.00,1,False
783,09/21/2024 00:00:00,,03070,60,001,09/19/2026 00:00:00,165.105099,9906.305960,0.00,1,False
784,09/22/2024 00:00:00,,03014,250,0018,09/21/2026 00:00:00,20.520000,5130.000000,0.00,1,False
785,09/22/2024 00:00:00,,03001,750,0018,09/21/2026 00:00:00,14.276289,10707.216400,0.00,1,False
786,09/23/2024 00:00:00,,03001,1250,0018,09/22/2026 00:00:00,15.944114,19930.142000,0.00,1,False
787,09/25/2024 00:00:00,,03001,2300,0015,09/24/2026 00:00:00,45.001982,103504.557740,0.00,1,False
788,09/25/2024 00:00:00,,03134,600,0015,09/24/2026 00:00:00,30.000000,18000.000000,0.00,1,False
789,09/26/2024 00:00:00,,03112,1250,0001,09/25/2026 00:00:00,19.304000,24130.000000,0.00,1,False
790,09/26/2024 00:00:00,,03106,380,002,09/25/2026 00:00:00,150.877635,57333.501360,0.00,1,False
791,09/27/2024 00:00:00,,03134,2650,0015,09/26/2026 00:00:00,34.075472,90300.000000,0.00,1,False
792,09/28/2024 00:00:00,,03087,125,0001,09/27/2026 00:00:00,19.080000,2385.000000,0.00,1,False
793,09/28/2024 00:00:00,,03023,125,0001,09/27/2026 00:00:00,18.440213,2305.026600,0.00,1,False
794,09/28/2024 00:00:00,,03019,850,0001,09/27/2026 00:00:00,27.927152,23738.079450,0.00,1,False
795,09/29/2024 00:00:00,,03137,300,0001,09/28/2026 00:00:00,76.477305,22943.191373,0.00,1,False
796,09/29/2024 00:00:00,,03138,200,0002,09/28/2026 00:00:00,61.973943,12394.788692,0.00,1,False
797,09/29/2024 00:00:00,,03074,200,0015,09/28/2026 00:00:00,95.314552,19062.910492,0.00,1,False
798,09/29/2024 00:00:00,,03075,200,0001,09/28/2026 00:00:00,220.818840,44163.767992,0.00,1,False
800,09/29/2024 00:00:00,,03140,1500,0001,09/28/2026 00:00:00,19.316667,28975.000000,0.00,1,False
801,10/01/2024 00:00:00,,03001,500,0015,09/30/2026 00:00:00,100.386072,50193.036220,0.00,1,False
802,10/02/2024 00:00:00,,03019,525,0001,10/01/2026 00:00:00,35.426002,18598.651125,0.00,1,False
803,10/02/2024 00:00:00,,03143,40,001,10/01/2026 00:00:00,80.904281,3236.171231,0.00,1,False
804,10/02/2024 00:00:00,,03054,24,0001,10/01/2026 00:00:00,100.952659,2422.863812,0.00,1,False
805,10/03/2024 00:00:00,,03001,275,0001,10/02/2026 00:00:00,101.309091,27860.000000,0.00,1,False
806,10/03/2024 00:00:00,,03014,2975,0015,10/02/2026 00:00:00,19.159664,57000.000000,0.00,1,False
807,10/03/2024 00:00:00,,03019,75,0001,10/02/2026 00:00:00,33.616478,2521.235875,0.00,1,False
808,10/02/2024 00:00:00,,03142,100,001,10/01/2026 00:00:00,109.717532,10971.753176,0.00,1,False
809,10/05/2024 00:00:00,,03014,625,0001,10/04/2026 00:00:00,19.304000,12065.000000,0.00,1,False
810,10/05/2024 00:00:00,,03019,100,0001,10/04/2026 00:00:00,34.883145,3488.314500,0.00,1,False
811,10/06/2024 00:00:00,,03113,1250,0002,10/05/2026 00:00:00,17.068000,21335.000000,0.00,1,False
812,10/06/2024 00:00:00,,03106,152,0002,10/05/2026 00:00:00,29.047525,4415.223784,0.00,1,False
813,10/06/2024 00:00:00,,03114,184,0002,10/05/2026 00:00:00,21.246552,3909.365636,0.00,1,False
814,10/07/2024 00:00:00,,03145,60,001,10/06/2026 00:00:00,60.776977,3646.618647,0.00,1,False
815,10/07/2024 00:00:00,,03044,2500,0001,10/06/2026 00:00:00,16.910000,42275.000000,0.00,1,False
816,10/07/2024 00:00:00,,03124,100,001,10/06/2026 00:00:00,85.700000,8570.000000,0.00,1,False
817,10/08/2024 00:00:00,,03014,1775,0001,10/07/2026 00:00:00,19.160563,34010.000000,0.00,1,False
818,10/08/2024 00:00:00,,03112,3000,0002,10/07/2026 00:00:00,19.190000,57570.000000,0.00,1,False
819,10/09/2024 00:00:00,,03019,750,0001,10/08/2026 00:00:00,31.782531,23836.898590,0.00,1,False
820,10/10/2024 00:00:00,,03141,500,002,10/09/2026 00:00:00,24.111891,12055.945600,0.00,1,False
821,10/10/2024 00:00:00,,03014,375,0001,10/09/2026 00:00:00,20.266667,7600.000000,0.00,1,False
822,10/10/2024 00:00:00,,03100,1000,005,10/09/2026 00:00:00,93.611342,93611.341534,0.00,1,False
823,10/10/2024 00:00:00,,03019,25,0001,10/09/2026 00:00:00,32.771543,819.288570,0.00,1,False
824,10/12/2024 00:00:00,,03014,750,005,10/11/2026 00:00:00,19.633333,14725.000000,0.00,1,False
825,10/12/2024 00:00:00,,03011,400,0001,10/11/2026 00:00:00,109.936891,43974.756513,0.00,1,False
826,10/12/2024 00:00:00,,03125,120,0001,10/11/2026 00:00:00,97.871129,11744.535475,0.00,1,False
827,10/13/2024 00:00:00,,03090,48,0001,10/12/2026 00:00:00,86.563401,4155.043261,0.00,1,False
828,10/13/2024 00:00:00,,03102,48,0001,10/12/2026 00:00:00,134.441708,6453.201998,0.00,1,False
829,10/13/2024 00:00:00,,03101,48,0001,10/12/2026 00:00:00,87.955301,4221.854435,0.00,1,False
830,10/13/2024 00:00:00,,03093,60,0001,10/12/2026 00:00:00,109.457367,6567.441998,0.00,1,False
831,10/14/2024 00:00:00,,03014,750,0001,10/13/2026 00:00:00,20.266667,15200.000000,0.00,1,False
832,10/14/2024 00:00:00,,03084,60,0001,10/13/2026 00:00:00,95.442004,5726.520248,0.00,1,False
833,10/14/2024 00:00:00,,03094,48,0001,10/13/2026 00:00:00,179.436292,8612.941998,0.00,1,False
834,10/14/2024 00:00:00,,03091,168,0001,10/13/2026 00:00:00,31.485639,5289.587422,0.00,1,False
835,10/14/2024 00:00:00,,03117,350,005,10/13/2026 00:00:00,42.857385,15000.084800,0.00,1,False
836,10/15/2024 00:00:00,,03020,1000,0002,10/14/2026 00:00:00,79.247832,79247.831985,0.00,1,False
837,10/15/2024 00:00:00,,03104,75,0002,10/14/2026 00:00:00,28.954212,2171.565878,0.00,1,False
838,10/15/2024 00:00:00,,03009,500,00001,10/14/2026 00:00:00,42.675476,21337.738155,0.00,1,False
839,10/15/2024 00:00:00,,03035,60,0002,10/14/2026 00:00:00,57.693547,3461.612834,0.00,1,False
840,10/16/2024 00:00:00,,03002,725,0001,10/15/2026 00:00:00,17.351724,12580.000000,0.00,1,False
841,10/16/2024 00:00:00,,03104,175,005,10/15/2026 00:00:00,38.418832,6723.295558,0.00,1,False
842,10/16/2024 00:00:00,,03034,40,0001,10/15/2026 00:00:00,68.108840,2724.353598,0.00,1,False
843,10/16/2024 00:00:00,,03127,100,0001,10/15/2026 00:00:00,61.385951,6138.595106,0.00,1,False
844,10/16/2024 00:00:00,,03025,180,0001,10/15/2026 00:00:00,61.133062,11003.951191,0.00,1,False
845,10/16/2024 00:00:00,,03101,100,0001,10/15/2026 00:00:00,83.518308,8351.830756,0.00,1,False
846,10/16/2024 00:00:00,,03003,120,0005,10/15/2026 00:00:00,27.768633,3332.236019,0.00,1,False
847,10/17/2024 00:00:00,,03014,2375,0001,10/16/2026 00:00:00,19.120000,45410.000000,0.00,1,False
848,10/17/2024 00:00:00,,03102,120,005,10/16/2026 00:00:00,120.552958,14466.354995,0.00,1,False
849,10/17/2024 00:00:00,,03093,120,0002,10/16/2026 00:00:00,150.173792,18020.854995,0.00,1,False
850,10/17/2024 00:00:00,,03003,60,0001,10/16/2026 00:00:00,27.935300,1676.118010,0.00,1,False
851,10/17/2024 00:00:00,,03019,200,0001,10/16/2026 00:00:00,37.772031,7554.406175,0.00,1,False
852,10/20/2024 00:00:00,,03113,2500,0001,10/19/2026 00:00:00,17.680000,44200.000000,0.00,1,False
853,10/20/2024 00:00:00,,03019,375,0001,10/19/2026 00:00:00,35.626361,13359.885400,0.00,1,False
854,10/21/2024 00:00:00,,03014,750,0001,10/21/2026 00:00:00,19.760000,14820.000000,0.00,1,False
855,10/21/2024 00:00:00,,03001,700,0001,10/21/2026 00:00:00,21.830514,15281.360080,0.00,1,False
856,10/21/2024 00:00:00,,03003,200,0001,10/21/2026 00:00:00,27.649515,5529.903032,0.00,1,False
857,10/21/2024 00:00:00,,03034,200,0001,10/20/2026 00:00:00,45.483840,9096.767992,0.00,1,False
859,10/21/2024 00:00:00,,03137,200,0001,10/21/2026 00:00:00,97.001593,19400.318602,0.00,1,False
860,10/21/2024 00:00:00,,03055,4700,0005,10/20/2026 00:00:00,19.202128,90250.000000,0.00,1,False
861,10/22/2024 00:00:00,,03014,275,0001,10/21/2026 00:00:00,17.203636,4731.000000,0.00,1,False
862,10/22/2024 00:00:00,,03005,40,0001,10/21/2026 00:00:00,23.833421,953.336852,0.00,1,False
863,10/22/2024 00:00:00,,03110,1000,0001,10/21/2026 00:00:00,17.872356,17872.355680,0.00,1,False
864,10/22/2024 00:00:00,,03019,550,0001,10/21/2026 00:00:00,25.239268,13881.597510,0.00,1,False
865,10/22/2024 00:00:00,,03097,875,0001,10/21/2026 00:00:00,107.780777,94308.179478,0.00,1,False
866,10/22/2024 00:00:00,,03104,125,0001,10/21/2026 00:00:00,41.732761,5216.595158,0.00,1,False
867,10/22/2024 00:00:00,,03003,20,0001,10/21/2026 00:00:00,27.662015,553.240303,0.00,1,False
868,10/23/2024 00:00:00,,03002,3525,0001,10/22/2026 00:00:00,16.869787,59466.000000,0.00,1,False
869,10/23/2024 00:00:00,,03001,400,0001,10/22/2026 00:00:00,17.950709,7180.283434,0.00,1,False
870,10/23/2024 00:00:00,,03024,150,0001,10/22/2026 00:00:00,51.670819,7750.622800,0.00,1,False
871,10/23/2024 00:00:00,,03146,300,0001,10/22/2026 00:00:00,267.082537,80124.760975,0.00,1,False
872,10/24/2024 00:00:00,,03060,240,0006,10/23/2026 00:00:00,49.938196,11985.166990,0.00,1,False
873,10/24/2024 00:00:00,,03112,5025,0001,10/23/2026 00:00:00,19.037811,95665.000000,0.00,1,False
874,10/24/2024 00:00:00,,03014,1275,0001,10/23/2026 00:00:00,19.372549,24700.000000,0.00,1,False
876,10/24/2024 00:00:00,,03147,1700,0001,10/23/2026 00:00:00,19.111765,32490.000000,0.00,1,False
877,10/26/2024 00:00:00,,03055,300,0001,10/25/2026 00:00:00,19.633333,5890.000000,0.00,1,False
878,10/26/2024 00:00:00,,03021,1450,0002,10/25/2026 00:00:00,34.260674,49677.976814,0.00,1,False
879,10/26/2024 00:00:00,,03088,158,0001,10/25/2026 00:00:00,31.491003,4975.578483,0.00,1,False
880,10/27/2024 00:00:00,,03148,160,0001,10/26/2026 00:00:00,37.044134,5927.061494,0.00,1,False
881,10/27/2024 00:00:00,,03149,200,0001,10/26/2026 00:00:00,40.108840,8021.767992,0.00,1,False
882,10/27/2024 00:00:00,,03091,200,0001,10/26/2026 00:00:00,68.439395,13687.879092,0.00,1,False
883,10/27/2024 00:00:00,,03101,160,0001,10/26/2026 00:00:00,80.036815,12805.890394,0.00,1,False
884,10/27/2024 00:00:00,,03104,25,0001,10/26/2026 00:00:00,31.846768,796.169204,0.00,1,False
885,10/27/2024 00:00:00,,03093,60,0001,10/26/2026 00:00:00,111.927958,6715.677498,0.00,1,False
886,10/27/2024 00:00:00,,03150,40,0001,10/26/2026 00:00:00,60.885951,2435.438042,0.00,1,False
887,10/27/2024 00:00:00,,03096,40,0001,10/26/2026 00:00:00,115.235112,4609.404485,0.00,1,False
888,10/27/2024 00:00:00,,03034,80,0001,10/26/2026 00:00:00,40.858840,3268.707197,0.00,1,False
889,10/28/2024 00:00:00,,03111,2500,0001,10/27/2026 00:00:00,26.610601,66526.501440,0.00,1,False
890,10/28/2024 00:00:00,,03052,1200,0001,10/27/2026 00:00:00,95.442004,114530.404950,0.00,1,False
891,10/29/2024 00:00:00,,03151,250,004,10/28/2026 00:00:00,46.884691,11721.172812,0.00,1,False
892,10/29/2024 00:00:00,,03021,975,0001,10/28/2026 00:00:00,49.332752,48099.433526,0.00,1,False
893,10/29/2024 00:00:00,,03054,264,001,10/28/2026 00:00:00,89.065298,23513.238765,0.00,1,False
894,10/30/2024 00:00:00,,03140,400,0001,10/29/2026 00:00:00,19.950000,7980.000000,0.00,1,False
895,10/30/2024 00:00:00,,03104,240,0001,10/29/2026 00:00:00,46.499148,11159.795550,0.00,1,False
896,11/01/2024 00:00:00,,03002,9775,0001,10/31/2026 00:00:00,17.026087,166430.000000,0.00,1,False
897,11/02/2024 00:00:00,,03014,5750,0001,11/01/2026 00:00:00,19.363478,111340.000000,0.00,1,False
898,11/02/2024 00:00:00,,03005,24,0001,11/01/2026 00:00:00,25.005446,600.130713,0.00,1,False
899,11/02/2024 00:00:00,,03088,220,0001,11/01/2026 00:00:00,37.114597,8165.211272,0.00,1,False
900,11/03/2024 00:00:00,,03014,3000,0001,11/02/2026 00:00:00,19.063333,57190.000000,0.00,1,False
901,11/04/2024 00:00:00,,03151,5000,0001,11/03/2026 00:00:00,40.378475,201892.376740,0.00,1,False
902,11/04/2024 00:00:00,,03003,740,0001,11/03/2026 00:00:00,24.946826,18460.651391,0.00,1,False
903,11/04/2024 00:00:00,,03019,1250,0001,11/03/2026 00:00:00,32.197600,40247.000000,0.00,1,False
904,11/05/2024 00:00:00,,03014,250,0001,11/04/2026 00:00:00,19.760000,4940.000000,0.00,1,False
905,11/05/2024 00:00:00,,03023,775,0001,11/04/2026 00:00:00,18.536246,14365.591000,0.00,1,False
906,11/05/2024 00:00:00,,03104,500,0002,11/04/2026 00:00:00,69.179013,34589.506500,0.00,1,False
907,11/05/2024 00:00:00,,03001,250,0002,11/04/2026 00:00:00,18.341597,4585.399315,0.00,1,False
908,11/05/2024 00:00:00,,03014,550,0001,11/04/2026 00:00:00,19.863636,10925.000000,0.00,1,False
909,11/05/2024 00:00:00,,03001,500,0001,11/04/2026 00:00:00,16.353011,8176.505480,0.00,1,False
910,11/05/2024 00:00:00,,03019,25,0001,11/04/2026 00:00:00,41.719452,1042.986310,0.00,1,False
911,11/06/2024 00:00:00,,03014,2000,0001,11/05/2026 00:00:00,19.000000,38000.000000,0.00,1,False
912,11/06/2024 00:00:00,,03002,1000,0001,11/05/2026 00:00:00,17.425000,17425.000000,0.00,1,False
913,11/06/2024 00:00:00,,03001,820,0001,11/25/2026 00:00:00,16.725571,13714.968300,0.00,1,False
914,11/07/2024 00:00:00,,03143,160,0002,11/06/2026 00:00:00,102.268173,16362.907668,0.00,1,False
915,11/07/2024 00:00:00,,03102,120,0002,11/06/2026 00:00:00,108.117524,12974.102915,0.00,1,False
916,11/07/2024 00:00:00,,03092,80,0002,11/06/2026 00:00:00,190.881181,15270.494467,0.00,1,False
917,11/07/2024 00:00:00,,03084,120,0002,11/06/2026 00:00:00,93.794507,11255.340820,0.00,1,False
918,11/07/2024 00:00:00,,03104,100,0002,11/06/2026 00:00:00,66.699069,6669.906940,0.00,1,False
919,11/09/2024 00:00:00,,03001,1000,002,11/08/2026 00:00:00,20.091711,20091.711350,0.00,1,False
920,11/10/2024 00:00:00,,03009,136,0001,11/09/2026 00:00:00,58.159428,7909.682170,0.00,1,False
921,11/10/2024 00:00:00,,03107,60,0001,11/09/2026 00:00:00,176.655461,10599.327660,0.00,1,False
922,11/10/2024 00:00:00,,03011,40,0001,11/09/2026 00:00:00,98.510048,3940.401936,0.00,1,False
923,11/10/2024 00:00:00,,03035,60,0001,11/09/2026 00:00:00,61.370485,3682.229102,0.00,1,False
924,11/10/2024 00:00:00,,03125,180,0001,11/09/2026 00:00:00,62.396878,11231.437961,0.00,1,False
925,11/10/2024 00:00:00,,03022,250,0001,11/09/2026 00:00:00,32.040457,8010.114250,0.00,1,False
926,11/10/2024 00:00:00,,03153,2575,0001,11/09/2026 00:00:00,17.281705,44500.391000,0.00,1,False
927,11/10/2024 00:00:00,,03092,24,0001,11/09/2026 00:00:00,198.479249,4763.501967,0.00,1,False
928,11/07/2024 00:00:00,,03054,60,0001,11/06/2026 00:00:00,53.199981,3191.998842,0.00,1,False
929,11/07/2024 00:00:00,,03054,120,0001,11/06/2026 00:00:00,93.794507,11255.340820,0.00,1,False
930,11/11/2024 00:00:00,,03043,450,0001,11/10/2026 00:00:00,43.261303,19467.586375,0.00,1,False
931,11/07/2024 00:00:00,,03152,100,0001,11/06/2026 00:00:00,66.699069,6669.906940,0.00,1,False
932,11/12/2024 00:00:00,,03054,120,0001,10/11/2026 00:00:00,94.770346,11372.441523,0.00,1,False
933,11/12/2024 00:00:00,,03011,200,0001,10/11/2026 00:00:00,98.072047,19614.409319,0.00,1,False
934,11/12/2024 00:00:00,,03005,336,0001,10/11/2026 00:00:00,28.380783,9535.943008,0.00,1,False
935,11/14/2024 00:00:00,,03002,5000,0001,10/13/2026 00:00:00,16.978311,84891.556750,0.00,1,False
936,11/14/2024 00:00:00,,03014,500,0001,10/13/2026 00:00:00,19.570000,9785.000000,0.00,1,False
937,11/15/2024 00:00:00,,03002,5725,0001,10/14/2026 00:00:00,16.976163,97188.535500,0.00,1,False
938,11/15/2024 00:00:00,,03014,2500,0001,10/14/2026 00:00:00,19.000000,47500.000000,0.00,1,False
939,11/16/2024 00:00:00,,03014,3750,0001,10/15/2026 00:00:00,19.253333,72200.000000,0.00,1,False
940,11/16/2024 00:00:00,,03153,1300,0001,10/15/2026 00:00:00,17.930635,23309.825800,0.00,1,False
941,11/16/2024 00:00:00,,03003,400,0001,10/15/2026 00:00:00,27.956783,11182.713095,0.00,1,False
942,11/16/2024 00:00:00,,03010,250,0001,10/15/2026 00:00:00,125.541765,31385.441143,0.00,1,False
943,11/16/2024 00:00:00,,03086,48,0001,10/15/2026 00:00:00,91.666668,4400.000040,0.00,1,False
944,11/16/2024 00:00:00,,03142,100,0002,10/15/2026 00:00:00,111.386866,11138.686587,0.00,1,False
945,11/17/2024 00:00:00,,03102,104,0002,10/16/2026 00:00:00,109.030964,11339.220256,0.00,1,False
946,11/17/2024 00:00:00,,03091,144,0002,10/16/2026 00:00:00,52.820756,7606.188848,0.00,1,False
947,11/17/2024 00:00:00,,03090,24,0002,10/16/2026 00:00:00,50.222529,1205.340695,0.00,1,False
948,11/17/2024 00:00:00,,03084,100,0002,10/16/2026 00:00:00,93.452955,9345.295506,0.00,1,False
949,11/17/2024 00:00:00,,03089,224,0002,10/16/2026 00:00:00,95.650672,21425.750576,0.00,1,False
950,11/17/2024 00:00:00,,03136,250,0002,10/16/2026 00:00:00,41.980675,10495.168750,0.00,1,False
951,11/17/2024 00:00:00,,03014,25,0001,10/16/2026 00:00:00,22.800000,570.000000,0.00,1,False
952,11/17/2024 00:00:00,,03014,2050,0002,10/16/2026 00:00:00,19.092683,39140.000000,0.00,1,False
953,11/17/2024 00:00:00,,03101,160,0002,10/16/2026 00:00:00,88.182250,14109.160067,0.00,1,False
954,11/17/2024 00:00:00,,03092,80,0002,10/16/2026 00:00:00,212.148161,16971.852851,0.00,1,False
955,11/17/2024 00:00:00,,03131,160,0002,10/16/2026 00:00:00,41.307674,6609.227858,0.00,1,False
956,11/17/2024 00:00:00,,03150,20,0001,10/16/2026 00:00:00,59.914973,1198.299450,0.00,1,False
957,11/18/2024 00:00:00,,03053,2500,0002,10/17/2026 00:00:00,20.940387,52350.966668,0.00,1,False
958,11/18/2024 00:00:00,,03106,200,002,10/17/2026 00:00:00,122.403596,24480.719294,0.00,1,False
959,11/18/2024 00:00:00,,03013,300,0001,10/17/2026 00:00:00,198.765216,59629.564760,0.00,1,False
960,11/18/2024 00:00:00,,03101,24,0001,10/17/2026 00:00:00,70.299185,1687.180445,0.00,1,False
961,11/18/2024 00:00:00,,03018,40,0001,10/17/2026 00:00:00,89.340044,3573.601778,0.00,1,False
962,11/18/2024 00:00:00,,03089,84,0001,10/17/2026 00:00:00,90.702313,7618.994287,0.00,1,False
963,11/19/2024 00:00:00,,03018,260,0004,10/18/2026 00:00:00,84.319962,21923.190085,0.00,1,False
964,11/19/2024 00:00:00,,03001,500,0001,10/18/2026 00:00:00,16.587035,8293.517280,0.00,1,False
965,11/20/2024 00:00:00,,03153,775,0001,10/19/2026 00:00:00,17.208943,13336.931210,0.00,1,False
966,11/21/2024 00:00:00,,03001,30,002,10/20/2026 00:00:00,47.528532,1425.855965,0.00,1,False
967,11/21/2024 00:00:00,,03088,975,002,10/20/2026 00:00:00,46.847515,45676.327134,0.00,1,False
968,11/21/2024 00:00:00,,03087,125,0002,10/20/2026 00:00:00,75.268372,9408.546471,0.00,1,False
969,11/21/2024 00:00:00,,03019,1000,0002,10/20/2026 00:00:00,40.203000,40202.999700,0.00,1,False
970,11/21/2024 00:00:00,,03002,250,001,10/20/2026 00:00:00,17.300577,4325.144250,0.00,1,False
971,11/21/2024 00:00:00,,03088,753,0001,10/20/2026 00:00:00,46.404432,34942.537472,0.00,1,False
972,11/21/2024 00:00:00,,03003,58,001,10/20/2026 00:00:00,30.297057,1757.229299,0.00,1,False
973,11/21/2024 00:00:00,,03094,60,0001,10/20/2026 00:00:00,249.676295,14980.577670,0.00,1,False
974,11/23/2024 00:00:00,,03154,180,0001,10/22/2026 00:00:00,77.483111,13946.959958,0.00,1,False
975,11/23/2024 00:00:00,,03101,36,001,10/22/2026 00:00:00,58.112090,2092.035233,0.00,1,False
976,11/23/2024 00:00:00,,03087,1250,0001,10/22/2026 00:00:00,43.366769,54208.460935,0.00,1,False
977,11/24/2024 00:00:00,,03092,48,002,10/23/2026 00:00:00,95.715242,4594.331599,0.00,1,False
978,11/24/2024 00:00:00,,03093,104,002,10/23/2026 00:00:00,59.576268,6195.931829,0.00,1,False
979,11/24/2024 00:00:00,,03091,80,001,10/23/2026 00:00:00,86.161041,6892.883302,0.00,1,False
980,11/25/2024 00:00:00,,03002,3900,001,10/24/2026 00:00:00,17.026586,66403.685250,0.00,1,False
981,11/25/2024 00:00:00,,03113,300,001,10/24/2026 00:00:00,21.546053,6463.816000,0.00,1,False
982,11/25/2024 00:00:00,,03005,168,001,10/24/2026 00:00:00,27.789265,4668.596504,0.00,1,False
983,11/26/2024 00:00:00,,03001,1275,0002,10/25/2026 00:00:00,18.940828,24149.555495,0.00,1,False
984,11/27/2024 00:00:00,,03052,1200,002,10/26/2026 00:00:00,83.656165,100387.397700,0.00,1,False
985,11/27/2024 00:00:00,,03060,240,0001,10/26/2026 00:00:00,75.662867,18159.088005,0.00,1,False
986,11/29/2024 00:00:00,,03005,65,0002,10/28/2026 00:00:00,24.596046,1598.742981,0.00,1,False
987,11/29/2024 00:00:00,,03003,50,002,10/28/2026 00:00:00,55.992265,2799.613269,0.00,1,False
988,11/29/2024 00:00:00,,03018,50,0001,10/28/2026 00:00:00,76.770699,3838.534969,0.00,1,False
989,11/29/2024 00:00:00,,03001,750,002,10/28/2026 00:00:00,18.429358,13822.018350,0.00,1,False
990,11/30/2024 00:00:00,,03043,315,001,10/29/2026 00:00:00,20.380952,6420.000000,0.00,1,False
991,12/01/2024 00:00:00,,03002,1250,001,11/30/2026 00:00:00,17.068000,21335.000000,0.00,1,False
992,12/01/2024 00:00:00,,03014,125,0002,11/30/2026 00:00:00,19.760000,2470.000000,0.00,1,False
994,12/01/2024 00:00:00,,03001,500,0002,11/30/2026 00:00:00,18.030795,9015.397430,0.00,1,False
995,12/01/2024 00:00:00,,03153,125,001,11/30/2026 00:00:00,20.280000,2535.000000,0.00,1,False
996,11/28/2024 00:00:00,,03135,40,0002,10/27/2026 00:00:00,116.004399,4640.175942,0.00,1,False
997,11/30/2024 00:00:00,,03022,50,001,10/29/2026 00:00:00,17.100000,855.000000,0.00,1,False
998,12/01/2024 00:00:00,,03019,275,001,10/30/2026 00:00:00,32.014545,8804.000000,0.00,1,False
999,12/02/2024 00:00:00,,03021,855,001,11/01/2026 00:00:00,37.499801,32062.329706,0.00,1,False
1000,12/03/2024 00:00:00,,03113,3750,001,11/02/2026 00:00:00,21.412000,80295.000000,0.00,1,False
1001,12/03/2024 00:00:00,,03001,1025,0001,11/02/2026 00:00:00,16.957221,17381.151840,0.00,1,False
1002,12/03/2024 00:00:00,,03002,875,001,11/02/2026 00:00:00,17.285907,15125.168750,0.00,1,False
1003,12/03/2024 00:00:00,,03087,50,0002,11/02/2026 00:00:00,23.849514,1192.475719,0.00,1,False
1004,12/03/2024 00:00:00,,03151,75,0005,11/02/2026 00:00:00,38.320753,2874.056453,0.00,1,False
1005,12/04/2024 00:00:00,,03001,1025,001,11/03/2026 00:00:00,15.074294,15451.151840,0.00,1,False
1006,12/04/2024 00:00:00,,03014,125,001,11/03/2026 00:00:00,19.760000,2470.000000,0.00,1,False
1007,12/05/2024 00:00:00,,03134,1250,001,11/04/2026 00:00:00,25.100000,31375.000000,0.00,1,False
1008,12/05/2024 00:00:00,,03014,2750,0001,11/04/2026 00:00:00,19.034545,52345.000000,0.00,1,False
1009,12/05/2024 00:00:00,,03002,1250,0002,11/04/2026 00:00:00,17.064707,21330.883600,0.00,1,False
1010,12/05/2024 00:00:00,,03151,250,005,11/04/2026 00:00:00,31.354201,7838.550171,0.00,1,False
1011,12/05/2024 00:00:00,,03104,250,0003,11/04/2026 00:00:00,69.599069,17399.767350,0.00,1,False
1012,12/05/2024 00:00:00,,03087,275,001,11/04/2026 00:00:00,27.365200,7525.430000,0.00,1,False
1013,12/05/2024 00:00:00,,03001,500,0002,11/04/2026 00:00:00,20.023015,10011.507600,0.00,1,False
1014,12/07/2024 00:00:00,,03094,12,001,11/06/2026 00:00:00,211.172411,2534.068932,0.00,1,False
1015,12/07/2024 00:00:00,,03090,47,0001,11/06/2026 00:00:00,106.542840,5007.513474,0.00,1,False
1016,12/07/2024 00:00:00,,03090,160,0001,11/06/2026 00:00:00,94.334766,15093.562616,0.00,1,False
1017,12/07/2024 00:00:00,,03102,46,002,11/06/2026 00:00:00,81.671359,3756.882519,0.00,1,False
1018,12/07/2024 00:00:00,,03091,46,001,11/06/2026 00:00:00,119.908851,5515.807166,0.00,1,False
1019,12/07/2024 00:00:00,,03089,12,0005,11/06/2026 00:00:00,30.677679,368.132144,0.00,1,False
1020,12/07/2024 00:00:00,,03092,24,0003,11/06/2026 00:00:00,32.907213,789.773118,0.00,1,False
1021,12/07/2024 00:00:00,,03101,12,001,11/16/2026 00:00:00,36.771243,441.254917,0.00,1,False
1022,12/07/2024 00:00:00,,03093,36,0001,11/06/2026 00:00:00,144.940459,5217.856515,0.00,1,False
1023,12/07/2024 00:00:00,,03053,50,0005,11/06/2026 00:00:00,21.297048,1064.852400,0.00,1,False
1024,12/08/2024 00:00:00,,03146,150,001,11/07/2026 00:00:00,137.819714,20672.957061,0.00,1,False
1025,12/08/2024 00:00:00,,03143,200,007,11/07/2026 00:00:00,91.911013,18382.202586,0.00,1,False
1026,12/10/2024 00:00:00,,03102,50,001,11/09/2026 00:00:00,98.301762,4915.088080,0.00,1,False
1027,12/10/2024 00:00:00,,03089,50,0001,11/09/2026 00:00:00,32.226429,1611.321444,0.00,1,False
1029,12/11/2024 00:00:00,,03009,340,0002,11/10/2026 00:00:00,39.340374,13375.727111,0.00,1,False
1030,12/11/2024 00:00:00,,03027,60,001,11/10/2026 00:00:00,101.198521,6071.911237,0.00,1,False
1031,12/11/2024 00:00:00,,03002,725,0005,11/10/2026 00:00:00,17.231158,12492.589200,0.00,1,False
1032,12/14/2024 00:00:00,,03134,250,005,11/13/2026 00:00:00,25.500000,6375.000000,0.00,1,False
1033,12/14/2024 00:00:00,,03001,350,003,11/13/2026 00:00:00,16.632278,5821.297450,0.00,1,False
1034,12/14/2024 00:00:00,,03023,25,0004,11/13/2026 00:00:00,22.800000,570.000000,0.00,1,False
1035,12/11/2024 00:00:00,,03135,60,0001,11/10/2026 00:00:00,122.778287,7366.697236,0.00,1,False
1036,12/11/2024 00:00:00,,03092,20,001,11/10/2026 00:00:00,166.222217,3324.444347,0.00,1,False
1037,12/14/2024 00:00:00,,03150,120,0001,11/13/2026 00:00:00,54.450000,6534.000000,0.00,1,False
1038,12/15/2024 00:00:00,,03102,160,0001,11/14/2026 00:00:00,89.710154,14353.624657,0.00,1,False
1039,12/15/2024 00:00:00,,03094,239,001,11/14/2026 00:00:00,167.080021,39932.125040,0.00,1,False
1040,12/15/2024 00:00:00,,03092,100,0003,11/14/2026 00:00:00,42.142767,4214.276736,0.00,1,False
1041,12/15/2024 00:00:00,,03090,280,002,11/14/2026 00:00:00,74.499869,20859.963376,0.00,1,False
1042,12/15/2024 00:00:00,,03011,200,0015,11/14/2026 00:00:00,42.585596,8517.119119,0.00,1,False
1043,12/10/2024 00:00:00,,03061,660,001,11/09/2026 00:00:00,11.539394,7616.000000,0.00,1,False
1044,12/15/2024 00:00:00,,03010,100,001,11/14/2026 00:00:00,79.460244,7946.024354,0.00,1,False
1045,12/15/2024 00:00:00,,03002,2500,001,11/14/2026 00:00:00,27.199652,67999.130800,0.00,1,False
1046,12/16/2024 00:00:00,,03113,7500,001,11/15/2026 00:00:00,21.600000,162000.000000,0.00,1,False
1047,12/16/2024 00:00:00,,03002,1250,0001,11/15/2026 00:00:00,17.136000,21420.000000,0.00,1,False
1048,12/16/2024 00:00:00,,03134,1250,001,11/15/2026 00:00:00,25.200000,31500.000000,0.00,1,False
1049,12/16/2024 00:00:00,,03001,150,002,11/15/2026 00:00:00,20.568059,3085.208853,0.00,1,False
1050,12/16/2024 00:00:00,,03089,320,0002,11/15/2026 00:00:00,108.543750,34734.000000,0.00,1,False
1051,12/16/2024 00:00:00,,03092,120,001,11/15/2026 00:00:00,38.294801,4595.376073,0.00,1,False
1052,12/17/2024 00:00:00,,03002,825,001,11/16/2026 00:00:00,20.606061,17000.000000,0.00,1,False
1053,12/17/2024 00:00:00,,03043,45,002,11/16/2026 00:00:00,22.222222,1000.000000,0.00,1,False
1054,12/17/2024 00:00:00,,03001,750,001,11/16/2026 00:00:00,16.410127,12307.594900,0.00,1,False
1055,12/17/2024 00:00:00,,03003,60,002,11/16/2026 00:00:00,28.729167,1723.750000,0.00,1,False
1056,12/17/2024 00:00:00,,03006,80,0001,11/16/2026 00:00:00,49.516667,3961.333350,0.00,1,False
1057,12/19/2024 00:00:00,,03104,625,0002,11/18/2026 00:00:00,66.511616,41569.759750,0.00,1,False
1058,12/19/2024 00:00:00,,03150,60,0002,11/18/2026 00:00:00,17.160333,1029.620000,0.00,1,False
1059,12/22/2024 00:00:00,,03155,1092,001,11/21/2026 00:00:00,16.448161,17961.392350,0.00,1,False
1060,12/22/2024 00:00:00,,03091,100,002,11/21/2026 00:00:00,70.225794,7022.579434,0.00,1,False
1061,12/23/2024 00:00:00,,03098,2525,0001,11/22/2026 00:00:00,19.037624,48070.000000,0.00,1,False
1062,12/23/2024 00:00:00,,03156,1250,001,11/22/2026 00:00:00,20.624000,25780.000000,0.00,1,False
1063,12/23/2024 00:00:00,,03157,2500,002,11/22/2026 00:00:00,18.879840,47199.600000,0.00,1,False
1064,12/26/2024 00:00:00,,03043,45,003,11/25/2026 00:00:00,15.888889,715.000000,0.00,1,False
1065,12/26/2024 00:00:00,,03153,200,005,11/25/2026 00:00:00,17.300000,3460.000000,0.00,1,False
1066,12/26/2024 00:00:00,,03014,25,001,11/25/2026 00:00:00,19.000000,475.000000,0.00,1,False
1067,12/26/2024 00:00:00,,03134,250,001,11/25/2026 00:00:00,25.500000,6375.000000,0.00,1,False
1068,12/26/2024 00:00:00,,03151,100,0005,11/25/2026 00:00:00,13.982139,1398.213924,0.00,1,False
1069,12/26/2024 00:00:00,,03023,75,001,11/25/2026 00:00:00,21.100000,1582.500000,0.00,1,False
1070,12/26/2024 00:00:00,,03014,50,002,11/25/2026 00:00:00,20.900000,1045.000000,0.00,1,False
1071,12/29/2024 00:00:00,,03019,850,005,11/28/2026 00:00:00,37.503529,31878.000000,0.00,1,False
1072,12/29/2024 00:00:00,,03014,25,001,11/28/2026 00:00:00,22.800000,570.000000,0.00,1,False
1073,12/29/2024 00:00:00,,03002,25,002,11/28/2026 00:00:00,20.400000,510.000000,0.00,1,False
1074,12/29/2024 00:00:00,,03001,575,001,11/28/2026 00:00:00,16.256654,9347.575920,0.00,1,False
1075,12/29/2024 00:00:00,,03003,100,0001,11/28/2026 00:00:00,11.420528,1142.052780,0.00,1,False
1076,12/29/2024 00:00:00,,03054,100,001,11/28/2026 00:00:00,98.726422,9872.642224,0.00,1,False
1077,12/29/2024 00:00:00,,03029,100,002,11/28/2026 00:00:00,24.880898,2488.089755,0.00,1,False
1078,12/30/2024 00:00:00,,03151,425,001,11/29/2026 00:00:00,16.375428,6959.556940,0.00,1,False
1079,12/30/2024 00:00:00,,03023,250,0002,11/29/2026 00:00:00,17.200000,4300.000000,0.00,1,False
1080,12/30/2024 00:00:00,,03096,100,002,11/29/2026 00:00:00,37.260616,3726.061588,0.00,1,False
1081,12/30/2024 00:00:00,,03150,300,001,11/29/2026 00:00:00,0.891333,267.400000,0.00,1,False
1082,12/31/2024 00:00:00,,03158,200,001,11/30/2026 00:00:00,4.262500,852.500000,0.00,1,False
1083,12/31/2024 00:00:00,,03150,240,0005,11/30/2026 00:00:00,17.260417,4142.500000,0.00,1,False
1084,12/31/2024 00:00:00,,03006,120,005,11/30/2026 00:00:00,21.798611,2615.833350,0.00,1,False
1085,04/01/2025 00:00:00,,03088,800,002,03/01/2027 00:00:00,15.282872,12226.297450,0.00,1,False
1086,01/04/2025 00:00:00,,03091,340,005,01/03/2027 00:00:00,104.793648,35629.840381,0.00,1,False
1087,01/04/2025 00:00:00,,03019,250,005,01/03/2027 00:00:00,38.560000,9640.000000,0.00,1,False
1088,01/05/2025 00:00:00,,03052,1200,002,01/04/2027 00:00:00,112.916667,135500.000000,0.00,1,False
1089,01/05/2025 00:00:00,,03020,1000,003,01/04/2027 00:00:00,85.805251,85805.251472,0.00,1,False
1090,01/05/2025 00:00:00,,03097,1250,005,01/04/2027 00:00:00,101.165208,126456.510463,0.00,1,False
1091,01/07/2025 00:00:00,,03002,1250,002,01/06/2027 00:00:00,17.680000,22100.000000,0.00,1,False
1092,01/07/2025 00:00:00,,03001,425,002,01/06/2027 00:00:00,23.664929,10057.594900,0.00,1,False
1093,01/09/2025 00:00:00,,03014,625,004,01/08/2027 00:00:00,19.912000,12445.000000,0.00,1,False
1094,01/09/2025 00:00:00,,03002,125,005,01/08/2027 00:00:00,19.040000,2380.000000,0.00,1,False
1095,01/09/2025 00:00:00,,03134,125,005,01/08/2027 00:00:00,30.000000,3750.000000,0.00,1,False
1096,01/09/2025 00:00:00,,03043,150,003,01/08/2027 00:00:00,29.413333,4412.000000,0.00,1,False
1097,01/09/2025 00:00:00,,03011,500,005,01/08/2027 00:00:00,148.590000,74295.000000,0.00,1,False
1098,01/09/2025 00:00:00,,03089,100,002,01/08/2027 00:00:00,87.600000,8760.000000,0.00,1,False
1099,01/10/2025 00:00:00,,03002,10000,002,01/09/2027 00:00:00,17.170000,171700.000000,0.00,1,False
1100,01/10/2025 00:00:00,,03014,5000,002,01/09/2027 00:00:00,19.380000,96900.000000,0.00,1,False
1101,01/10/2025 00:00:00,,03001,1250,001,01/09/2027 00:00:00,15.702729,19628.411330,0.00,1,False
1102,01/11/2025 00:00:00,,03112,2500,006,01/10/2027 00:00:00,19.190000,47975.000000,0.00,1,False
1103,01/11/2025 00:00:00,,03010,100,001,01/10/2027 00:00:00,61.660244,6166.024354,0.00,1,False
1104,01/11/2025 00:00:00,,03003,100,001,01/10/2027 00:00:00,25.331386,2533.138637,0.00,1,False
1105,01/12/2025 00:00:00,,03159,60,001,01/11/2027 00:00:00,20.040000,1202.400000,0.00,1,False
1106,01/12/2025 00:00:00,,03054,100,0001,01/11/2027 00:00:00,91.800000,9180.000000,0.00,1,False
1107,01/12/2025 00:00:00,,03104,850,001,01/11/2027 00:00:00,22.560595,19176.506143,0.00,1,False
1108,01/12/2025 00:00:00,,03102,520,005,01/11/2027 00:00:00,60.792551,31612.126675,0.00,1,False
1109,01/12/2025 00:00:00,,03090,400,002,01/11/2027 00:00:00,88.871875,35548.750070,0.00,1,False
1110,01/12/2025 00:00:00,,03150,200,001,01/11/2027 00:00:00,64.800000,12960.000000,0.00,1,False
1111,01/12/2025 00:00:00,,03089,140,003,01/11/2027 00:00:00,92.535714,12955.000000,0.00,1,False
1112,01/12/2025 00:00:00,,03091,100,006,01/11/2027 00:00:00,85.540208,8554.020848,0.00,1,False
1113,01/12/2025 00:00:00,,03136,250,001,01/11/2027 00:00:00,25.634965,6408.741332,0.00,1,False
1114,01/12/2025 00:00:00,,03002,900,001,01/11/2027 00:00:00,17.000000,15300.000000,0.00,1,False
1115,01/12/2025 00:00:00,,03134,525,002,01/11/2027 00:00:00,26.190476,13750.000000,0.00,1,False
1116,01/12/2025 00:00:00,,03001,625,0002,01/11/2027 00:00:00,18.856537,11785.335410,0.00,1,False
1117,01/13/2025 00:00:00,,03002,1025,005,01/12/2027 00:00:00,4.710244,4828.000000,0.00,1,False
1118,01/13/2025 00:00:00,,03096,200,001,01/12/2027 00:00:00,90.079167,18015.833420,0.00,1,False
1119,01/13/2025 00:00:00,,03014,1000,002,01/12/2027 00:00:00,19.950000,19950.000000,0.00,1,False
1120,01/13/2025 00:00:00,,03003,60,0001,01/12/2027 00:00:00,30.351206,1821.072382,0.00,1,False
1121,01/13/2025 00:00:00,,03043,103,002,01/12/2027 00:00:00,13.689320,1410.000000,0.00,1,False
1122,01/13/2025 00:00:00,,03143,100,0005,01/12/2027 00:00:00,114.264875,11426.487524,0.00,1,False
1123,01/13/2025 00:00:00,,03160,100,0003,01/12/2027 00:00:00,211.671951,21167.195138,0.00,1,False
1124,01/13/2025 00:00:00,,03001,500,001,01/12/2027 00:00:00,18.936152,9468.075920,0.00,1,False
1125,01/14/2025 00:00:00,,03014,750,008,01/13/2027 00:00:00,13.933333,10450.000000,0.00,1,False
1126,01/14/2025 00:00:00,,03055,2500,001,01/13/2027 00:00:00,19.076000,47690.000000,0.00,1,False
1127,01/14/2025 00:00:00,,03001,525,002,01/13/2027 00:00:00,18.663460,9798.316430,0.00,1,False
1128,01/14/2025 00:00:00,,03106,300,002,01/13/2027 00:00:00,35.741667,10722.500000,0.00,1,False
1129,01/14/2025 00:00:00,,03142,140,0005,01/13/2027 00:00:00,145.375000,20352.500000,0.00,1,False
1130,01/15/2025 00:00:00,,03009,100,003,01/14/2027 00:00:00,80.272465,8027.246475,0.00,1,False
1131,01/15/2025 00:00:00,,03003,60,002,01/14/2027 00:00:00,34.362500,2061.750000,0.00,1,False
1132,01/16/2025 00:00:00,,03084,80,0001,01/15/2027 00:00:00,100.312500,8025.000000,0.00,1,False
1133,01/18/2025 00:00:00,,03014,1250,001,01/17/2027 00:00:00,19.000000,23750.000000,0.00,1,False
1134,01/18/2025 00:00:00,,03060,240,001,01/17/2027 00:00:00,94.916667,22780.000000,0.00,1,False
1135,01/18/2025 00:00:00,,03043,150,0002,01/17/2027 00:00:00,8.200000,1230.000000,0.00,1,False
1136,01/19/2025 00:00:00,,03014,4250,001,01/18/2027 00:00:00,19.000000,80750.000000,0.00,1,False
1137,01/19/2025 00:00:00,,03002,1800,002,01/18/2027 00:00:00,17.141667,30855.000000,0.00,1,False
1138,01/19/2025 00:00:00,,03161,360,001,01/18/2027 00:00:00,81.250000,29250.000000,0.00,1,False
1139,01/20/2025 00:00:00,,03002,625,001,01/19/2027 00:00:00,17.272000,10795.000000,0.00,1,False
1140,01/20/2025 00:00:00,,03157,50,002,01/19/2027 00:00:00,26.160000,1308.000000,0.00,1,False
1141,01/20/2025 00:00:00,,03134,1100,0001,01/19/2027 00:00:00,25.000000,27500.000000,0.00,1,False
1142,01/21/2025 00:00:00,,03091,250,001,01/20/2027 00:00:00,102.125000,25531.250002,0.00,1,False
1143,01/21/2025 00:00:00,,03002,1325,001,01/20/2027 00:00:00,17.064151,22610.000000,0.00,1,False
1144,01/21/2025 00:00:00,,03014,1500,002,01/20/2027 00:00:00,17.733333,26600.000000,0.00,1,False
1145,01/21/2025 00:00:00,,03021,1500,001,01/20/2027 00:00:00,42.345690,63518.534320,0.00,1,False
1146,01/21/2025 00:00:00,,03014,50,001,01/20/2027 00:00:00,20.900000,1045.000000,0.00,1,False
1147,01/22/2025 00:00:00,,03002,1000,001,01/21/2027 00:00:00,17.170000,17170.000000,0.00,1,False
1148,01/22/2025 00:00:00,,03001,250,002,01/21/2027 00:00:00,18.080730,4520.182560,0.00,1,False
1149,01/23/2025 00:00:00,,03134,2500,001,01/22/2027 00:00:00,32.881221,82203.052200,0.00,1,False
1150,01/23/2025 00:00:00,,03055,2500,003,01/22/2027 00:00:00,19.000000,47500.000000,0.00,1,False
1151,01/23/2025 00:00:00,,03143,100,001,01/22/2027 00:00:00,89.197366,8919.736576,0.00,1,False
1152,01/24/2025 00:00:00,,03019,175,002,01/23/2027 00:00:00,38.057143,6660.000000,0.00,1,False
1153,01/24/2025 00:00:00,,03155,1998,001,01/23/2027 00:00:00,17.320219,34605.796900,0.00,1,False
1154,01/24/2025 00:00:00,,03014,497,002,01/23/2027 00:00:00,15.674044,7790.000000,0.00,1,False
1155,01/24/2025 00:00:00,,03043,79,002,01/23/2027 00:00:00,17.113924,1352.000000,0.00,1,False
1156,01/25/2025 00:00:00,,03093,160,002,01/24/2027 00:00:00,171.851169,27496.187038,0.00,1,False
1157,01/25/2025 00:00:00,,03094,160,001,01/24/2027 00:00:00,192.982777,30877.244393,0.00,1,False
1158,01/25/2025 00:00:00,,03101,159,003,01/24/2027 00:00:00,77.920663,12389.385447,0.00,1,False
1159,01/25/2025 00:00:00,,03010,124,005,01/24/2027 00:00:00,96.580983,11976.041913,0.00,1,False
1160,01/25/2025 00:00:00,,03104,375,008,01/24/2027 00:00:00,48.872562,18327.210885,0.00,1,False
1161,01/25/2025 00:00:00,,03134,500,001,01/24/2027 00:00:00,32.750220,16375.110000,0.00,1,False
1162,01/25/2025 00:00:00,,03022,250,002,01/24/2027 00:00:00,5.393061,1348.265306,0.00,1,False
1163,01/25/2025 00:00:00,,03009,536,004,01/24/2027 00:00:00,64.201416,34411.959098,0.00,1,False
1164,01/25/2025 00:00:00,,03107,60,0001,01/24/2027 00:00:00,139.708938,8382.536305,0.00,1,False
1165,01/25/2025 00:00:00,,03035,36,002,01/24/2027 00:00:00,38.401221,1382.443953,0.00,1,False
1166,01/25/2025 00:00:00,,03092,60,002,01/24/2027 00:00:00,198.956490,11937.389390,0.00,1,False
1167,01/25/2025 00:00:00,,03088,200,002,01/24/2027 00:00:00,52.841713,10568.342666,0.00,1,False
1168,01/25/2025 00:00:00,,03087,50,001,01/24/2027 00:00:00,115.381458,5769.072897,0.00,1,False
1169,01/25/2025 00:00:00,,03005,20,003,01/24/2027 00:00:00,60.002012,1200.040237,0.00,1,False
1170,01/26/2025 00:00:00,,03002,2500,001,01/25/2027 00:00:00,17.034000,42585.000000,0.00,1,False
1171,01/26/2025 00:00:00,,03001,1500,002,01/25/2027 00:00:00,14.999870,22499.804350,0.00,1,False
1172,01/26/2025 00:00:00,,03146,75,003,01/25/2027 00:00:00,137.281218,10296.091386,0.00,1,False
1173,01/26/2025 00:00:00,,03020,1000,005,01/25/2027 00:00:00,92.621210,92621.210470,0.00,1,False
1174,01/27/2025 00:00:00,,03001,1000,005,01/26/2027 00:00:00,20.002200,20002.199800,0.00,1,False
1175,01/28/2025 00:00:00,,03091,160,001,01/27/2027 00:00:00,78.274850,12523.975944,0.00,1,False
1176,01/28/2025 00:00:00,,03028,220,002,01/27/2027 00:00:00,119.777867,26351.130698,0.00,1,False
1177,01/28/2025 00:00:00,,03151,125,001,01/27/2027 00:00:00,58.535678,7316.959726,0.00,1,False
1178,01/28/2025 00:00:00,,03013,311,005,01/27/2027 00:00:00,135.941142,42277.695073,0.00,1,False
1179,01/28/2025 00:00:00,,03135,160,003,01/27/2027 00:00:00,88.739858,14198.377339,0.00,1,False
1180,01/28/2025 00:00:00,,03108,94,002,01/27/2027 00:00:00,184.083515,17303.850431,0.00,1,False
1181,01/28/2025 00:00:00,,03010,1,001,01/27/2027 00:00:00,81.708025,81.708025,0.00,1,False
1182,01/29/2025 00:00:00,,03019,25,001,01/28/2027 00:00:00,37.208236,930.205900,0.00,1,False
1183,01/29/2025 00:00:00,,03144,125,002,01/28/2027 00:00:00,39.488236,4936.029500,0.00,1,False
1184,01/30/2025 00:00:00,,03021,2020,002,01/29/2027 00:00:00,47.866054,96689.429335,0.00,1,False
1185,01/30/2025 00:00:00,,03084,80,004,01/29/2027 00:00:00,87.935581,7034.846470,0.00,1,False
1186,01/30/2025 00:00:00,,03153,500,002,01/29/2027 00:00:00,23.526313,11763.156710,0.00,1,False
1187,01/30/2025 00:00:00,,03151,175,002,01/29/2027 00:00:00,55.305694,9678.496391,0.00,1,False
1188,01/30/2025 00:00:00,,03019,325,002,01/29/2027 00:00:00,37.619910,12226.470800,0.00,1,False
1189,02/01/2025 00:00:00,,03060,240,008,01/30/2027 00:00:00,88.917272,21340.145220,0.00,1,False
1190,02/01/2025 00:00:00,,03054,24,004,01/30/2027 00:00:00,94.042272,2257.014522,0.00,1,False
1191,02/01/2025 00:00:00,,03028,40,002,01/30/2027 00:00:00,144.410581,5776.423235,0.00,1,False
1192,02/01/2025 00:00:00,,03001,525,002,01/30/2027 00:00:00,17.697741,9291.313900,0.00,1,False
1193,02/01/2025 00:00:00,,03098,125,001,01/30/2027 00:00:00,18.240000,2280.000000,0.00,1,False
1194,02/02/2025 00:00:00,,03014,375,005,02/01/2027 00:00:00,19.000000,7125.000000,0.00,1,False
1195,02/02/2025 00:00:00,,03019,250,003,02/01/2027 00:00:00,33.441177,8360.294280,0.00,1,False
1196,02/02/2025 00:00:00,,03054,48,0001,02/01/2027 00:00:00,90.954772,4365.829044,0.00,1,False
1197,02/02/2025 00:00:00,,03093,60,002,02/01/2027 00:00:00,179.184672,10751.080324,0.00,1,False
1198,02/03/2025 00:00:00,,03091,100,0002,02/02/2027 00:00:00,77.641716,7764.171559,0.00,1,False
1199,02/03/2025 00:00:00,,03102,200,006,02/02/2027 00:00:00,83.048411,16609.682104,0.00,1,False
1200,02/03/2025 00:00:00,,03010,24,002,02/02/2027 00:00:00,87.058662,2089.407889,0.00,1,False
1201,02/03/2025 00:00:00,,03001,1050,001,02/02/2027 00:00:00,16.918544,17764.470850,0.00,1,False
1202,02/03/2025 00:00:00,,03153,475,002,02/02/2027 00:00:00,23.390801,11110.630442,0.00,1,False
1203,02/04/2025 00:00:00,,03001,1350,002,02/03/2027 00:00:00,9.644052,13019.470850,0.00,1,False
1204,02/04/2025 00:00:00,,03002,275,002,02/03/2027 00:00:00,17.000000,4675.000000,0.00,1,False
1205,02/05/2025 00:00:00,,03001,1125,003,02/04/2027 00:00:00,14.259359,16041.778400,0.00,1,False
1206,02/05/2025 00:00:00,,03014,125,002,02/04/2027 00:00:00,19.000000,2375.000000,0.00,1,False
1207,02/05/2025 00:00:00,,03153,125,005,02/04/2027 00:00:00,27.202101,3400.262684,0.00,1,False
1208,02/06/2025 00:00:00,,03104,750,001,01/05/2027 00:00:00,16.816385,12612.288500,0.00,1,False
1209,02/08/2025 00:00:00,,03014,1625,002,02/07/2027 00:00:00,19.000000,30875.000000,0.00,1,False
1210,02/08/2025 00:00:00,,03002,1750,003,02/07/2027 00:00:00,17.000000,29750.000000,0.00,1,False
1211,02/08/2025 00:00:00,,03001,275,002,02/07/2027 00:00:00,16.105176,4428.923350,0.00,1,False
1212,02/08/2025 00:00:00,,03151,500,0001,02/07/2027 00:00:00,52.136368,26068.184010,0.00,1,False
1213,02/08/2025 00:00:00,,03011,200,0002,02/07/2027 00:00:00,98.240500,19648.100057,0.00,1,False
1214,02/08/2025 00:00:00,,03122,200,001,02/07/2027 00:00:00,85.909020,17181.804028,0.00,1,False
1215,02/09/2025 00:00:00,,03100,1000,001,02/08/2027 00:00:00,38.141638,38141.638379,0.00,1,False
1216,02/09/2025 00:00:00,,03019,275,002,02/08/2027 00:00:00,36.992727,10173.000000,0.00,1,False
1217,02/09/2025 00:00:00,,03001,1250,001,02/08/2027 00:00:00,12.915134,16143.917600,0.00,1,False
1218,02/09/2025 00:00:00,,03001,150,001,02/08/2027 00:00:00,32.848407,4927.261000,0.00,1,False
1219,02/09/2025 00:00:00,,03001,250,003,02/08/2027 00:00:00,20.030675,5007.668700,0.00,1,False
1220,02/10/2025 00:00:00,,03147,1425,002,02/09/2027 00:00:00,17.333333,24700.000000,0.00,1,False
1221,02/10/2025 00:00:00,,03001,1000,005,02/09/2027 00:00:00,16.670337,16670.337400,0.00,1,False
1222,02/11/2025 00:00:00,,03131,160,001,02/10/2027 00:00:00,55.344580,8855.132724,0.00,1,False
1223,02/11/2025 00:00:00,,03092,200,002,02/10/2027 00:00:00,152.936311,30587.262152,0.00,1,False
1224,02/11/2025 00:00:00,,03094,200,002,02/10/2027 00:00:00,194.843811,38968.762152,0.00,1,False
1225,02/11/2025 00:00:00,,03090,200,0001,02/10/2027 00:00:00,90.379769,18075.953812,0.00,1,False
1226,02/11/2025 00:00:00,,03093,95,0005,02/10/2027 00:00:00,169.627224,16114.586233,0.00,1,False
1227,02/11/2025 00:00:00,,03091,100,004,02/10/2027 00:00:00,76.726500,7672.649986,0.00,1,False
1228,02/11/2025 00:00:00,,03001,500,0002,02/10/2027 00:00:00,17.760675,8880.337400,0.00,1,False
1229,02/13/2025 00:00:00,,03134,3000,001,02/12/2027 00:00:00,32.859387,98578.162200,0.00,1,False
1230,02/13/2025 00:00:00,,03001,500,001,02/12/2027 00:00:00,21.898002,10949.000850,0.00,1,False
1231,02/13/2025 00:00:00,,03027,192,003,02/12/2027 00:00:00,97.545714,18728.777019,0.00,1,False
1232,02/15/2025 00:00:00,,03014,6750,002,02/14/2027 00:00:00,19.112593,129010.000000,0.00,1,False
1233,02/15/2025 00:00:00,,03002,1250,001,02/14/2027 00:00:00,17.136000,21420.000000,0.00,1,False
1234,02/15/2025 00:00:00,,03151,250,0001,02/14/2027 00:00:00,48.983444,12245.860937,0.00,1,False
1235,02/15/2025 00:00:00,,03100,1010,002,02/14/2027 00:00:00,21.186800,21398.667800,0.00,1,False
1236,02/15/2025 00:00:00,,03088,1005,0005,02/14/2027 00:00:00,21.292207,21398.667800,0.00,1,False
1237,02/15/2025 00:00:00,,03003,120,003,02/14/2027 00:00:00,31.111282,3733.353801,0.00,1,False
1238,02/15/2025 00:00:00,,03106,200,001,02/14/2027 00:00:00,106.085049,21217.009864,0.00,1,False
1239,02/16/2025 00:00:00,,03020,480,001,02/15/2027 00:00:00,90.119967,43257.584395,0.00,1,False
1240,02/16/2025 00:00:00,,03002,1250,001,02/15/2027 00:00:00,17.136000,21420.000000,0.00,1,False
1241,02/16/2025 00:00:00,,03014,750,002,02/15/2027 00:00:00,19.126667,14345.000000,0.00,1,False
1242,02/16/2025 00:00:00,,03001,1000,002,02/15/2027 00:00:00,18.423668,18423.667800,0.00,1,False
1243,02/16/2025 00:00:00,,03054,100,0001,02/15/2027 00:00:00,90.018811,9001.881076,0.00,1,False
1244,02/16/2025 00:00:00,,03150,695,0005,02/15/2027 00:00:00,45.307432,31488.665415,0.00,1,False
1245,02/17/2025 00:00:00,,03021,2500,001,02/16/2027 00:00:00,44.895068,112237.669975,0.00,1,False
1246,02/17/2025 00:00:00,,03055,2500,0002,02/16/2027 00:00:00,18.946800,47367.000000,0.00,1,False
1247,02/17/2025 00:00:00,,03021,1054,0006,02/16/2027 00:00:00,11.289375,11899.000850,0.00,1,False
1248,02/17/2025 00:00:00,,03001,500,0005,02/16/2027 00:00:00,16.130000,8065.000000,0.00,1,False
1249,02/17/2025 00:00:00,,03054,100,0001,02/16/2027 00:00:00,90.018811,9001.881076,0.00,1,False
1250,02/18/2025 00:00:00,,03001,1025,006,02/17/2027 00:00:00,17.304878,17737.500000,0.00,1,False
1251,02/19/2025 00:00:00,,03002,100,001,02/18/2027 00:00:00,17.000000,1700.000000,0.00,1,False
1252,02/19/2025 00:00:00,,03162,175,0001,02/18/2027 00:00:00,20.849962,3648.743387,0.00,1,False
1253,02/22/2025 00:00:00,,03001,900,0001,02/21/2027 00:00:00,53.972222,48575.000000,0.00,1,False
1254,02/22/2025 00:00:00,,03087,25,001,02/21/2027 00:00:00,17.369577,434.239420,0.00,1,False
1255,02/22/2025 00:00:00,,03052,240,001,02/21/2027 00:00:00,89.290428,21429.702690,0.00,1,False
1256,02/22/2025 00:00:00,,03060,240,002,02/21/2027 00:00:00,89.290428,21429.702690,0.00,1,False
1257,02/23/2025 00:00:00,,03102,300,001,02/22/2027 00:00:00,56.627076,16988.122818,0.00,1,False
1258,02/23/2025 00:00:00,,03090,319,002,02/22/2027 00:00:00,78.734602,25116.338113,0.00,1,False
1259,02/23/2025 00:00:00,,03003,180,0001,02/22/2027 00:00:00,24.472100,4404.978089,0.00,1,False
1260,02/23/2025 00:00:00,,03075,240,003,02/22/2027 00:00:00,37.478970,8994.952690,0.00,1,False
1261,02/23/2025 00:00:00,,03070,240,003,02/22/2027 00:00:00,28.512223,6842.933458,0.00,1,False
1262,02/23/2025 00:00:00,,03087,400,001,02/22/2027 00:00:00,14.944250,5977.700000,0.00,1,False
1263,02/23/2025 00:00:00,,03151,500,0002,02/22/2027 00:00:00,18.130000,9065.000000,0.00,1,False
1264,02/24/2025 00:00:00,,03001,1000,0001,02/23/2027 00:00:00,16.788750,16788.750000,0.00,1,False
1265,02/24/2025 00:00:00,,03011,200,004,02/23/2027 00:00:00,85.325918,17065.183672,0.00,1,False
1266,02/24/2025 00:00:00,,03119,200,001,02/23/2027 00:00:00,83.577311,16715.462152,0.00,1,False
1267,02/24/2025 00:00:00,,03120,200,001,02/23/2027 00:00:00,35.161311,7032.262152,0.00,1,False
1268,02/26/2025 00:00:00,,03019,1300,0001,02/25/2027 00:00:00,39.153846,50900.000000,0.00,1,False
1269,02/26/2025 00:00:00,,03034,300,005,02/25/2027 00:00:00,17.085492,5125.647537,0.00,1,False
1270,02/26/2025 00:00:00,,03011,300,001,02/25/2027 00:00:00,47.931738,14379.521428,0.00,1,False
1271,03/01/2025 00:00:00,,03104,625,001,03/01/2027 00:00:00,87.176000,54485.000000,0.00,1,False
1272,03/01/2025 00:00:00,,03162,375,002,03/01/2027 00:00:00,92.466667,34675.000000,0.00,1,False
1273,03/02/2025 00:00:00,,03001,2275,001,03/01/2027 00:00:00,15.261538,34720.000000,0.00,1,False
1274,03/02/2025 00:00:00,,03054,100,006,03/01/2027 00:00:00,87.718811,8771.881076,0.00,1,False
1275,03/03/2025 00:00:00,,03097,1250,0002,03/02/2027 00:00:00,83.354000,104192.500000,0.00,1,False
1276,03/03/2025 00:00:00,,03152,125,001,03/02/2027 00:00:00,133.800000,16725.000000,0.00,1,False
1277,03/03/2025 00:00:00,,03011,100,002,03/02/2027 00:00:00,53.431556,5343.155558,0.00,1,False
1278,03/03/2025 00:00:00,,03026,100,002,03/02/2027 00:00:00,87.718811,8771.881076,0.00,1,False
1279,03/04/2025 00:00:00,,03014,2500,001,03/03/2027 00:00:00,19.380000,48450.000000,0.00,1,False
1280,03/04/2025 00:00:00,,03024,50,0005,03/03/2027 00:00:00,97.898350,4894.917500,0.00,1,False
1281,03/05/2025 00:00:00,,03024,175,0001,03/04/2027 00:00:00,55.617431,9733.050338,0.00,1,False
1282,03/06/2025 00:00:00,,03052,1392,001,03/05/2027 00:00:00,67.768321,94333.502400,0.00,1,False
1283,03/06/2025 00:00:00,,03020,1000,002,03/05/2027 00:00:00,158.937875,158937.875460,0.00,1,False
1284,03/08/2025 00:00:00,,03112,5000,001,03/07/2027 00:00:00,19.190000,95950.000000,0.00,1,False
1285,03/08/2025 00:00:00,,03111,1250,005,03/07/2027 00:00:00,17.788000,22235.000000,0.00,1,False
1286,03/08/2025 00:00:00,,03163,6500,001,03/07/2027 00:00:00,17.052308,110840.000000,0.00,1,False
1287,03/09/2025 00:00:00,,03155,1996,001,03/08/2027 00:00:00,17.334669,34600.000000,0.00,1,False
1288,03/09/2025 00:00:00,,03146,150,005,03/08/2027 00:00:00,159.915994,23987.399155,0.00,1,False
1289,03/09/2025 00:00:00,,03054,120,002,03/08/2027 00:00:00,12.332095,1479.851345,0.00,1,False
1290,03/10/2025 00:00:00,,03001,1675,001,03/09/2027 00:00:00,20.805970,34850.000000,0.00,1,False
1291,03/10/2025 00:00:00,,03014,1500,002,03/09/2027 00:00:00,19.126667,28690.000000,0.00,1,False
1292,03/10/2025 00:00:00,,03163,750,005,03/09/2027 00:00:00,17.226667,12920.000000,0.00,1,False
1293,03/11/2025 00:00:00,,03163,1000,002,03/10/2027 00:00:00,17.170000,17170.000000,0.00,1,False
1294,03/12/2025 00:00:00,,03001,500,002,03/11/2027 00:00:00,17.230000,8615.000000,0.00,1,False
1295,03/13/2025 00:00:00,,03021,2500,0001,03/12/2027 00:00:00,74.669809,186674.523340,0.00,1,False
1296,03/14/2025 00:00:00,,03087,2040,001,03/13/2027 00:00:00,32.250980,65792.000000,0.00,1,False
1297,03/16/2025 00:00:00,,03011,40,002,03/15/2027 00:00:00,18.016132,720.645288,0.00,1,False
1298,03/16/2025 00:00:00,,03010,24,001,03/15/2027 00:00:00,68.272013,1638.528305,0.00,1,False
1299,03/16/2025 00:00:00,,03164,995,003,03/15/2027 00:00:00,19.859296,19760.000000,0.00,1,False
1300,03/17/2025 00:00:00,,03014,2500,001,03/16/2027 00:00:00,19.152000,47880.000000,0.00,1,False
1301,03/17/2025 00:00:00,,03001,2500,001,03/16/2027 00:00:00,16.820000,42050.000000,0.00,1,False
1302,03/17/2025 00:00:00,,03163,750,002,03/16/2027 00:00:00,22.666667,17000.000000,0.00,1,False
1303,03/17/2025 00:00:00,,03001,100,005,03/16/2027 00:00:00,13.250000,1325.000000,0.00,1,False
1304,03/19/2025 00:00:00,,03157,1225,001,03/18/2027 00:00:00,25.509281,31248.869000,0.00,1,False
1305,03/19/2025 00:00:00,,03001,5000,002,03/18/2027 00:00:00,10.920000,54600.000000,0.00,1,False
1306,03/19/2025 00:00:00,,03014,13750,001,03/18/2027 00:00:00,19.207273,264100.000000,0.00,1,False
1307,03/19/2025 00:00:00,,03163,6000,005,03/18/2027 00:00:00,17.056667,102340.000000,0.00,1,False
1308,03/19/2025 00:00:00,,03019,25,001,03/18/2027 00:00:00,59.800000,1495.000000,0.00,1,False
1309,03/19/2025 00:00:00,,02279,12,001,03/18/2027 00:00:00,34.963820,419.565836,0.00,1,False
1310,03/19/2025 00:00:00,,03012,10,002,03/18/2027 00:00:00,174.121415,1741.214153,0.00,1,False
1311,03/19/2025 00:00:00,,03018,10,002,03/18/2027 00:00:00,81.386415,813.864153,0.00,1,False
1312,03/19/2025 00:00:00,,03003,10,002,03/18/2027 00:00:00,85.016132,850.161322,0.00,1,False
1313,03/19/2025 00:00:00,,03043,7,001,03/18/2027 00:00:00,253.605053,1775.235368,0.00,1,False
1314,03/19/2025 00:00:00,,03014,25,001,03/18/2027 00:00:00,22.800000,570.000000,0.00,1,False
1315,03/19/2025 00:00:00,,03001,20,002,03/18/2027 00:00:00,18.175000,363.500000,0.00,1,False
1316,03/20/2025 00:00:00,,03113,10100,002,03/19/2027 00:00:00,38.840197,392285.988000,0.00,1,False
1317,03/20/2025 00:00:00,,03110,875,001,03/19/2027 00:00:00,11.774766,10302.920000,0.00,1,False
1318,03/20/2025 00:00:00,,03104,975,002,03/19/2027 00:00:00,22.466667,21905.000000,0.00,1,False
1319,03/20/2025 00:00:00,,03090,360,003,03/19/2027 00:00:00,53.803928,19369.413923,0.00,1,False
1320,03/20/2025 00:00:00,,03091,300,002,03/19/2027 00:00:00,69.340531,20802.159339,0.00,1,False
1321,03/20/2025 00:00:00,,03089,300,001,03/19/2027 00:00:00,93.305655,27991.696432,0.00,1,False
1322,03/21/2025 00:00:00,,03052,1356,001,03/20/2027 00:00:00,93.330156,126555.691980,0.00,1,False
1323,03/21/2025 00:00:00,,03020,1000,0002,03/20/2027 00:00:00,43.789321,43789.321440,0.00,1,False
1324,03/21/2025 00:00:00,,03013,312,001,03/20/2027 00:00:00,154.526505,48212.269695,0.00,1,False
1325,03/22/2025 00:00:00,,03060,240,005,03/21/2027 00:00:00,78.283121,18787.949110,0.00,1,False
1326,03/22/2025 00:00:00,,03052,444,002,03/21/2027 00:00:00,91.816472,40766.513487,0.00,1,False
1327,03/22/2025 00:00:00,,03027,100,002,03/21/2027 00:00:00,29.911741,2991.174108,0.00,1,False
1328,03/22/2025 00:00:00,,03070,300,002,03/21/2027 00:00:00,5.011161,1503.348216,0.00,1,False
1329,03/22/2025 00:00:00,,03023,625,002,03/21/2027 00:00:00,15.000000,9375.000000,0.00,1,False
1330,03/23/2025 00:00:00,,03003,150,002,03/22/2027 00:00:00,24.812500,3721.875000,0.00,1,False
1331,03/23/2025 00:00:00,,03011,36,0005,03/22/2027 00:00:00,24.812500,893.250000,0.00,1,False
1332,03/23/2025 00:00:00,,03011,40,002,03/22/2027 00:00:00,25.150000,1006.000000,0.00,1,False
1333,03/23/2025 00:00:00,,03166,36,001,03/22/2027 00:00:00,40.716741,1465.802679,0.00,1,False
1334,03/23/2025 00:00:00,,03027,40,002,03/22/2027 00:00:00,45.166741,1806.669643,0.00,1,False
1335,03/23/2025 00:00:00,,03035,40,001,03/22/2027 00:00:00,38.161161,1526.446429,0.00,1,False
1336,03/23/2025 00:00:00,,03018,30,002,03/22/2027 00:00:00,25.480580,764.417411,0.00,1,False
1337,03/23/2025 00:00:00,,03010,50,001,03/22/2027 00:00:00,81.000000,4050.000000,0.00,1,False
1338,03/23/2025 00:00:00,,03014,50,001,03/22/2027 00:00:00,19.190000,959.500000,0.00,1,False
1339,03/23/2025 00:00:00,,03153,150,002,03/22/2027 00:00:00,17.800000,2670.000000,0.00,1,False
1340,03/23/2025 00:00:00,,03009,400,001,03/22/2027 00:00:00,60.925000,24370.000000,0.00,1,False
1341,03/23/2025 00:00:00,,03151,375,001,03/22/2027 00:00:00,30.005000,11251.875000,0.00,1,False
1342,03/23/2025 00:00:00,,03014,250,0002,03/22/2027 00:00:00,19.000000,4750.000000,0.00,1,False
1343,03/23/2025 00:00:00,,03087,125,001,03/22/2027 00:00:00,14.239000,1779.875000,0.00,1,False
1344,03/23/2025 00:00:00,,03054,120,002,03/22/2027 00:00:00,49.377902,5925.348216,0.00,1,False
1345,03/25/2025 00:00:00,,03061,1000,001,03/23/2027 00:00:00,11.250000,11250.000000,0.00,1,False
1346,03/25/2025 00:00:00,,03168,450,001,03/24/2027 00:00:00,12.277778,5525.000000,0.00,1,False
1347,03/25/2025 00:00:00,,03167,1000,001,03/24/2027 00:00:00,17.170000,17170.000000,0.00,1,False
1348,03/25/2025 00:00:00,,03169,1000,002,03/24/2027 00:00:00,19.000000,19000.000000,0.00,1,False
1349,03/25/2025 00:00:00,,03163,1050,002,03/24/2027 00:00:00,14.571429,15300.000000,0.00,1,False
1350,03/25/2025 00:00:00,,03014,1000,0002,03/24/2027 00:00:00,18.050000,18050.000000,0.00,1,False
1351,03/25/2025 00:00:00,,03153,250,001,03/24/2027 00:00:00,16.320000,4080.000000,0.00,1,False
1352,03/25/2025 00:00:00,,03043,255,002,03/24/2027 00:00:00,18.243613,4652.121360,0.00,1,False
1353,03/25/2025 00:00:00,,03014,100,001,03/24/2027 00:00:00,19.000000,1900.000000,0.00,1,False
1354,03/25/2025 00:00:00,,03012,40,002,03/24/2027 00:00:00,75.983426,3039.337054,0.00,1,False
1355,03/25/2025 00:00:00,,03018,40,002,03/24/2027 00:00:00,72.658426,2906.337054,0.00,1,False
1356,03/27/2025 00:00:00,,03156,250,001,03/26/2027 00:00:00,17.400000,4350.000000,0.00,1,False
1357,03/27/2025 00:00:00,,03097,1250,001,03/26/2027 00:00:00,90.280000,112850.000000,0.00,1,False
1358,03/27/2025 00:00:00,,03101,80,001,03/26/2027 00:00:00,39.893164,3191.453126,0.00,1,False
1359,03/28/2025 00:00:00,,03001,2250,002,03/27/2027 00:00:00,5.924500,13330.125000,0.00,1,False
1360,04/05/2025 00:00:00,,03023,125,001,04/04/2027 00:00:00,19.760000,2470.000000,0.00,1,False
1361,04/06/2025 00:00:00,,03090,500,002,04/05/2027 00:00:00,33.355898,16677.948800,0.00,1,False
1362,04/06/2025 00:00:00,,03095,240,0001,04/05/2027 00:00:00,18.793123,4510.349400,0.00,1,False
1363,04/06/2025 00:00:00,,03091,220,002,04/05/2027 00:00:00,44.084350,9698.557070,0.00,1,False
1364,04/06/2025 00:00:00,,03101,240,001,04/05/2027 00:00:00,70.727018,16974.484400,0.00,1,False
1365,04/06/2025 00:00:00,,03143,100,0002,04/05/2027 00:00:00,35.038898,3503.889760,0.00,1,False
1366,04/06/2025 00:00:00,,03150,500,001,06/24/2033 00:00:00,65.291787,32645.893580,0.00,1,False
1367,04/07/2025 00:00:00,,03023,1250,001,04/06/2027 00:00:00,19.076000,23845.000000,0.00,1,False
1368,04/07/2025 00:00:00,,03022,1250,002,04/06/2027 00:00:00,20.280000,25350.000000,0.00,1,False
1369,04/07/2025 00:00:00,,03147,1000,002,04/06/2027 00:00:00,19.000000,19000.000000,0.00,1,False
1370,04/07/2025 00:00:00,,03127,80,001,04/06/2027 00:00:00,50.670894,4053.671486,0.00,1,False
1371,04/07/2025 00:00:00,,03029,100,001,04/06/2027 00:00:00,29.645894,2964.589358,0.00,1,False
1372,04/07/2025 00:00:00,,03034,100,002,04/06/2027 00:00:00,12.291787,1229.178716,0.00,1,False
1373,04/07/2025 00:00:00,,03119,100,001,04/06/2027 00:00:00,159.209787,15920.978716,0.00,1,False
1374,04/07/2025 00:00:00,,03170,100,0001,04/06/2027 00:00:00,16.534287,1653.428716,0.00,1,False
1375,04/07/2025 00:00:00,,03010,100,005,04/06/2027 00:00:00,48.886787,4888.678716,0.00,1,False
1376,04/08/2025 00:00:00,,03150,100,001,04/07/2027 00:00:00,41.795894,4179.589358,0.00,1,False
1377,04/09/2025 00:00:00,,03001,2500,001,04/08/2027 00:00:00,8.322000,20805.000000,0.00,1,False
1378,04/09/2025 00:00:00,,03014,1000,001,04/08/2027 00:00:00,19.000000,19000.000000,0.00,1,False
1379,04/09/2025 00:00:00,,03011,340,0002,04/08/2027 00:00:00,105.533152,35881.271528,0.00,1,False
1380,04/09/2025 00:00:00,,03122,200,001,04/08/2027 00:00:00,54.751787,10950.357432,0.00,1,False
1381,04/09/2025 00:00:00,,03026,36,003,04/08/2027 00:00:00,85.254964,3069.178716,0.00,1,False
1382,04/09/2025 00:00:00,,03009,36,001,04/08/2027 00:00:00,74.658112,2687.692019,0.00,1,False
1383,04/09/2025 00:00:00,,03107,36,001,04/08/2027 00:00:00,137.213667,4939.692019,0.00,1,False
1384,04/09/2025 00:00:00,,03092,60,0002,04/08/2027 00:00:00,24.942500,1496.550000,0.00,1,False
1385,04/09/2025 00:00:00,,03035,60,001,04/08/2027 00:00:00,31.699778,1901.986698,0.00,1,False
1386,04/09/2025 00:00:00,,03027,60,0002,04/08/2027 00:00:00,32.474778,1948.486698,0.00,1,False
1387,04/09/2025 00:00:00,,03003,60,0002,04/08/2027 00:00:00,16.570612,994.236698,0.00,1,False
1388,04/10/2025 00:00:00,,03102,1040,001,04/09/2027 00:00:00,54.102285,56266.376518,0.00,1,False
1389,04/10/2025 00:00:00,,03054,200,0001,04/09/2027 00:00:00,73.591787,14718.357432,0.00,1,False
1390,04/10/2025 00:00:00,,03104,1250,005,04/09/2027 00:00:00,78.056163,97570.204000,0.00,1,False
1391,04/12/2025 00:00:00,,03001,1375,002,04/11/2027 00:00:00,15.054545,20700.000000,0.00,1,False
1392,04/12/2025 00:00:00,,03088,998,001,04/11/2027 00:00:00,72.479960,72335.000000,0.00,1,False
1393,04/12/2025 00:00:00,,03087,1050,005,04/11/2027 00:00:00,50.247619,52760.000000,0.00,1,False
1394,04/13/2025 00:00:00,,03108,60,0001,04/12/2027 00:00:00,198.310769,11898.646145,0.00,1,False
1395,04/13/2025 00:00:00,,03109,100,002,04/12/2027 00:00:00,113.695712,11369.571232,0.00,1,False
1396,04/13/2025 00:00:00,,03146,277,001,04/12/2027 00:00:00,114.627883,31751.923690,0.00,1,False
1397,04/13/2025 00:00:00,,03150,20,001,04/12/2027 00:00:00,58.795894,1175.917872,0.00,1,False
1398,04/14/2027 00:00:00,,03134,775,001,04/13/2027 00:00:00,26.174787,20285.460000,0.00,1,False
1399,04/14/2025 00:00:00,,03150,100,002,04/13/2027 00:00:00,58.323076,5832.307638,0.00,1,False
1400,04/14/2025 00:00:00,,03054,120,001,04/13/2027 00:00:00,62.908112,7548.973395,0.00,1,False
1401,04/14/2025 00:00:00,,03003,100,002,04/13/2027 00:00:00,16.191787,1619.178716,0.00,1,False
1402,04/15/2025 00:00:00,,03014,1000,001,04/14/2027 00:00:00,19.380000,19380.000000,0.00,1,False
1403,04/15/2025 00:00:00,,03150,830,002,04/14/2027 00:00:00,18.399904,15271.920185,0.00,1,False
1404,04/17/2025 00:00:00,,03055,2500,001,04/16/2027 00:00:00,19.152000,47880.000000,0.00,1,False
1405,04/17/2025 00:00:00,,03060,240,0002,04/16/2027 00:00:00,67.697914,16247.499360,0.00,1,False
1406,04/17/2025 00:00:00,,03001,1000,001,04/16/2027 00:00:00,16.005000,16005.000000,0.00,1,False
1407,04/17/2025 00:00:00,,03171,1000,002,04/16/2027 00:00:00,16.155000,16155.000000,0.00,1,False
1408,04/17/2025 00:00:00,,03142,100,001,04/16/2027 00:00:00,127.550000,12755.000000,0.00,1,False
1409,04/18/2025 00:00:00,,03163,2500,002,04/17/2027 00:00:00,17.136000,42840.000000,0.00,1,False
1410,04/19/2025 00:00:00,,03163,2500,005,04/18/2027 00:00:00,17.136000,42840.000000,0.00,1,False
1411,04/19/2025 00:00:00,,03110,1000,001,04/18/2027 00:00:00,13.855000,13855.000000,0.00,1,False
1412,04/19/2025 00:00:00,,03111,1000,006,04/18/2027 00:00:00,26.070000,26070.000000,0.00,1,False
1413,04/19/2025 00:00:00,,03112,2000,005,04/18/2027 00:00:00,19.475000,38950.000000,0.00,1,False
1414,04/20/2025 00:00:00,,03164,1000,001,04/19/2027 00:00:00,19.950000,19950.000000,0.00,1,False
1415,04/20/2025 00:00:00,,03171,1000,001,07/09/2033 00:00:00,4.575000,4575.000000,0.00,1,False
1416,04/20/2025 00:00:00,,03019,200,001,04/19/2027 00:00:00,73.468232,14693.646400,0.00,1,False
1417,04/20/2025 00:00:00,,03104,300,001,04/19/2027 00:00:00,27.920000,8376.000000,0.00,1,False
1418,04/20/2025 00:00:00,,03010,84,004,04/19/2027 00:00:00,65.191664,5476.099776,0.00,1,False
1419,04/20/2025 00:00:00,,03172,20,005,04/19/2027 00:00:00,53.058792,1061.175836,0.00,1,False
1420,04/22/2025 00:00:00,,03014,625,002,04/21/2027 00:00:00,19.304000,12065.000000,0.00,1,False
1421,04/22/2025 00:00:00,,03163,250,005,04/21/2027 00:00:00,17.680000,4420.000000,0.00,1,False
1422,04/22/2025 00:00:00,,03013,291,001,04/21/2027 00:00:00,190.893779,55550.089710,0.00,1,False
1423,04/22/2025 00:00:00,,03127,80,003,04/21/2027 00:00:00,48.859371,3908.749680,0.00,1,False
1424,04/22/2025 00:00:00,,03173,2500,001,04/21/2027 00:00:00,8.040000,20100.000000,0.00,1,False
1425,04/23/2025 00:00:00,,03060,240,005,04/22/2027 00:00:00,66.669732,16000.735720,0.00,1,False
1426,04/23/2025 00:00:00,,03104,625,001,04/22/2027 00:00:00,34.080000,21300.000000,0.00,1,False
1427,04/23/2025 00:00:00,,03011,100,002,04/22/2027 00:00:00,81.593048,8159.304760,0.00,1,False
1428,04/24/2025 00:00:00,,03001,250,005,04/23/2027 00:00:00,16.530000,4132.500000,0.00,1,False
1429,04/24/2025 00:00:00,,03163,500,004,04/23/2027 00:00:00,17.357000,8678.500000,0.00,1,False
1430,04/24/2025 00:00:00,,03142,100,002,04/23/2027 00:00:00,127.550000,12755.000000,0.00,1,False
1431,04/26/2025 00:00:00,,03174,128,001,04/25/2027 00:00:00,19.123843,2447.851953,0.00,1,False
1432,04/26/2025 00:00:00,,03151,250,005,04/25/2027 00:00:00,33.521000,8380.250000,0.00,1,False
1433,04/26/2025 00:00:00,,03054,140,0003,04/25/2027 00:00:00,70.532336,9874.527028,0.00,1,False
1434,04/27/2025 00:00:00,,03052,1750,002,04/26/2027 00:00:00,75.476108,132083.189009,0.00,1,False
1435,04/27/2025 00:00:00,,03114,150,001,04/26/2027 00:00:00,18.467982,2770.197343,0.00,1,False
1436,04/27/2025 00:00:00,,03020,1000,005,04/26/2027 00:00:00,95.267629,95267.629250,0.00,1,False
1437,04/27/2025 00:00:00,,03106,400,006,04/26/2027 00:00:00,79.866231,31946.492240,0.00,1,False
1438,04/27/2025 00:00:00,,03091,36,002,04/26/2027 00:00:00,105.015883,3780.571785,0.00,1,False
1439,04/28/2025 00:00:00,,03044,1550,002,04/27/2027 00:00:00,58.834784,91193.915180,0.00,1,False
1440,04/28/2025 00:00:00,,03165,240,002,04/27/2027 00:00:00,17.487715,4197.051560,0.00,1,False
1441,04/29/2025 00:00:00,,03141,625,002,04/28/2027 00:00:00,124.343497,77714.685750,0.00,1,False
1442,04/29/2025 00:00:00,,03175,250,002,04/28/2027 00:00:00,118.300000,29575.000000,0.00,1,False
1443,05/03/2025 00:00:00,,03141,750,001,05/02/2027 00:00:00,70.717270,53037.952620,0.00,1,False
1444,05/05/2025 00:00:00,,03001,2500,001,05/04/2027 00:00:00,12.754180,31885.450665,0.00,1,False
1445,05/05/2025 00:00:00,,03014,1250,002,05/04/2027 00:00:00,19.076000,23845.000000,0.00,1,False
1446,05/05/2025 00:00:00,,03014,750,004,05/04/2027 00:00:00,20.266667,15200.000000,0.00,1,False
1447,05/05/2025 00:00:00,,03141,400,002,05/04/2027 00:00:00,127.088161,50835.264550,0.00,1,False
1448,05/05/2025 00:00:00,,03153,1000,002,05/04/2027 00:00:00,28.544129,28544.128700,0.00,1,False
1449,05/05/2025 00:00:00,,03054,60,005,05/04/2027 00:00:00,32.194164,1931.649865,0.00,1,False
1450,05/06/2025 00:00:00,,03155,1984,002,05/05/2027 00:00:00,13.572883,26928.600570,0.00,1,False
1451,05/06/2025 00:00:00,,03150,700,003,05/05/2027 00:00:00,46.572742,32600.919128,0.00,1,False
1452,05/06/2025 00:00:00,,03090,800,005,05/05/2027 00:00:00,56.246115,44996.891840,0.00,1,False
1453,05/06/2025 00:00:00,,03001,625,002,05/05/2027 00:00:00,12.695728,7934.830171,0.00,1,False
1454,05/07/2025 00:00:00,,03134,2500,001,05/06/2027 00:00:00,31.906608,79766.519900,0.00,1,False
1455,05/07/2025 00:00:00,,03113,9650,005,05/06/2027 00:00:00,31.986836,308672.965680,0.00,1,False
1456,05/07/2025 00:00:00,,03163,625,002,05/06/2027 00:00:00,17.272000,10795.000000,0.00,1,False
1457,05/07/2025 00:00:00,,03011,300,0001,05/06/2027 00:00:00,175.807458,52742.237339,0.00,1,False
1458,05/07/2025 00:00:00,,03010,100,003,05/06/2027 00:00:00,55.380268,5538.026786,0.00,1,False
1459,05/07/2025 00:00:00,,03119,100,002,05/06/2027 00:00:00,87.352080,8735.208050,0.00,1,False
1460,05/07/2025 00:00:00,,03122,100,004,05/06/2027 00:00:00,46.904442,4690.444179,0.00,1,False
1461,05/08/2025 00:00:00,,03098,250,002,05/06/2027 00:00:00,19.798000,4949.500000,0.00,1,False
1462,05/08/2025 00:00:00,,03019,25,001,05/07/2027 00:00:00,42.436422,1060.910550,0.00,1,False
1463,05/08/2025 00:00:00,,03172,250,005,05/07/2027 00:00:00,151.655353,37913.838160,0.00,1,False
1464,05/08/2025 00:00:00,,03163,1000,001,05/07/2027 00:00:00,17.170000,17170.000000,0.00,1,False
1465,05/08/2025 00:00:00,,03134,1500,006,05/07/2027 00:00:00,32.000000,48000.000000,0.00,1,False
1466,05/08/2025 00:00:00,,03165,60,004,05/07/2027 00:00:00,19.881583,1192.894990,0.00,1,False
1467,05/08/2025 00:00:00,,03014,750,001,05/07/2027 00:00:00,20.279333,15209.500000,0.00,1,False
1468,05/10/2025 00:00:00,,03014,2500,002,05/09/2027 00:00:00,19.076000,47690.000000,0.00,1,False
1469,05/10/2025 00:00:00,,03113,8275,001,05/09/2027 00:00:00,25.800022,213495.179600,0.00,1,False
1470,05/10/2025 00:00:00,,03104,1250,005,05/09/2027 00:00:00,69.187379,86484.224262,0.00,1,False
1471,05/08/2025 00:00:00,,03176,200,001,05/07/2027 00:00:00,62.626398,12525.279568,0.00,1,False
1472,05/11/2025 00:00:00,,03028,300,005,05/10/2027 00:00:00,114.009027,34202.708084,0.00,1,False
1473,05/11/2025 00:00:00,,03054,300,001,05/10/2027 00:00:00,74.009027,22202.708084,0.00,1,False
1474,05/11/2025 00:00:00,,03096,100,002,05/10/2027 00:00:00,78.172457,7817.245698,0.00,1,False
1475,05/11/2025 00:00:00,,03093,160,004,05/10/2027 00:00:00,156.636020,25061.763158,0.00,1,False
1476,05/11/2025 00:00:00,,03089,117,002,05/10/2027 00:00:00,6.879933,804.952126,0.00,1,False
1477,05/11/2025 00:00:00,,03092,120,005,05/10/2027 00:00:00,151.367488,18164.098547,0.00,1,False
1478,05/11/2025 00:00:00,,03150,60,001,05/10/2027 00:00:00,54.002232,3240.133947,0.00,1,False
1479,05/11/2025 00:00:00,,03091,132,001,05/10/2027 00:00:00,4.798170,633.358379,0.00,1,False
1480,05/11/2025 00:00:00,,03094,60,0002,05/10/2027 00:00:00,273.211363,16392.681767,0.00,1,False
1481,05/12/2025 00:00:00,,03003,127,0004,05/11/2027 00:00:00,34.005685,4318.721961,0.00,1,False
1482,05/14/2025 00:00:00,,03034,12,0001,04/30/2027 00:00:00,15.454783,185.457398,0.00,1,False
1483,05/14/2025 00:00:00,,03026,12,0002,04/30/2027 00:00:00,85.981339,1031.776063,0.00,1,False
1484,05/14/2025 00:00:00,,03163,1250,002,05/13/2027 00:00:00,16.147374,20184.217200,0.00,1,False
1485,05/14/2025 00:00:00,,03014,2500,001,05/13/2027 00:00:00,16.151285,40378.212000,0.00,1,False
1486,05/14/2025 00:00:00,,03001,1750,005,05/13/2027 00:00:00,13.169572,23046.750475,0.00,1,False
1487,05/14/2025 00:00:00,,03014,125,005,05/13/2027 00:00:00,16.664024,2083.003000,0.00,1,False
1488,05/14/2025 00:00:00,,03163,125,001,05/13/2027 00:00:00,16.659989,2082.498600,0.00,1,False
1489,05/14/2025 00:00:00,,03019,625,002,05/13/2027 00:00:00,40.947972,25592.482500,0.00,1,False
1490,05/14/2025 00:00:00,,03043,75,001,05/13/2027 00:00:00,24.703436,1852.757700,0.00,1,False
1491,05/14/2025 00:00:00,,03165,60,002,05/13/2027 00:00:00,19.881583,1192.894990,0.00,1,False
1492,05/14/2025 00:00:00,,03003,50,002,05/13/2027 00:00:00,30.212682,1510.634090,0.00,1,False
1493,05/14/2025 00:00:00,,03018,100,001,05/13/2027 00:00:00,79.299536,7929.953617,0.00,1,False
1494,05/14/2025 00:00:00,,03011,320,005,05/13/2027 00:00:00,127.060206,40659.265968,0.00,1,False
1495,05/14/2025 00:00:00,,03150,420,002,05/13/2027 00:00:00,69.791126,29312.272885,0.00,1,False
1496,05/15/2025 00:00:00,,03001,2060,002,05/14/2027 00:00:00,13.149141,27087.230551,0.00,1,False
1497,05/15/2025 00:00:00,,03150,260,005,05/14/2027 00:00:00,64.346644,16730.127395,0.00,1,False
1498,05/15/2025 00:00:00,,03142,160,004,05/14/2027 00:00:00,118.844504,19015.120680,0.00,1,False
1499,05/15/2025 00:00:00,,03013,300,001,05/14/2027 00:00:00,203.404817,61021.445020,0.00,1,False
1500,05/15/2025 00:00:00,,03134,25,001,05/14/2027 00:00:00,38.400000,960.000000,0.00,1,False
1501,05/17/2025 00:00:00,,03021,3533,002,05/16/2027 00:00:00,29.281882,103452.889959,0.00,1,False
1502,05/17/2025 00:00:00,,03055,2500,001,05/16/2027 00:00:00,16.183331,40458.327500,0.00,1,False
1503,05/17/2025 00:00:00,,03084,60,006,05/16/2027 00:00:00,115.648005,6938.880315,0.00,1,False
1504,05/17/2025 00:00:00,,03104,200,001,05/16/2027 00:00:00,73.656405,14731.281057,0.00,1,False
1505,05/17/2025 00:00:00,,03177,140,001,05/16/2027 00:00:00,70.710544,9899.476178,0.00,1,False
1506,05/14/2025 00:00:00,,03157,1550,001,05/13/2027 00:00:00,25.078282,38871.337000,0.00,1,False
1507,05/18/2025 00:00:00,,03001,1020,005,05/17/2027 00:00:00,15.175271,15478.776330,0.00,1,False
1508,05/18/2025 00:00:00,,03153,475,001,05/17/2027 00:00:00,24.672531,11719.452006,0.00,1,False
1509,05/18/2025 00:00:00,,03001,675,004,05/17/2027 00:00:00,15.098835,10191.713355,0.00,1,False
1510,05/18/2025 00:00:00,,03014,775,001,05/17/2027 00:00:00,16.539974,12818.480000,0.00,1,False
1511,05/18/2025 00:00:00,,03119,360,006,05/17/2027 00:00:00,97.630942,35147.139010,0.00,1,False
1512,05/18/2025 00:00:00,,03120,100,001,05/17/2027 00:00:00,118.491921,11849.192108,0.00,1,False
1513,05/19/2025 00:00:00,,03005,36,001,05/18/2027 00:00:00,1.463819,52.697493,0.00,1,False
1514,05/20/2025 00:00:00,,03060,240,002,05/19/2027 00:00:00,83.027813,19926.675108,0.00,1,False
1515,05/20/2025 00:00:00,,03089,25,002,05/19/2027 00:00:00,103.626255,2590.656378,0.00,1,False
1516,05/20/2025 00:00:00,,03052,960,005,05/19/2027 00:00:00,84.661438,81274.980788,0.00,1,False
1517,05/20/2025 00:00:00,,03013,600,0001,05/19/2027 00:00:00,172.847403,103708.441825,0.00,1,False
1518,05/20/2025 00:00:00,,03150,60,001,05/19/2027 00:00:00,31.936914,1916.214816,0.00,1,False
1519,05/21/2025 00:00:00,,03127,100,002,05/20/2027 00:00:00,67.521940,6752.194028,0.00,1,False
1520,05/22/2025 00:00:00,,03054,200,0001,05/21/2027 00:00:00,85.556858,17111.371628,0.00,1,False
1521,05/22/2025 00:00:00,,03178,200,002,05/21/2027 00:00:00,169.096328,33819.265526,0.00,1,False
1522,05/22/2025 00:00:00,,03084,300,005,05/21/2027 00:00:00,81.473525,24442.057442,0.00,1,False
1523,05/22/2025 00:00:00,,03091,315,006,05/21/2027 00:00:00,79.409440,25013.973538,0.00,1,False
1524,05/24/2025 00:00:00,,03001,2225,001,05/23/2027 00:00:00,17.230866,38338.677344,0.00,1,False
1525,05/24/2025 00:00:00,,03026,60,003,05/23/2027 00:00:00,77.579445,4654.766701,0.00,1,False
1526,05/24/2025 00:00:00,,03043,90,003,05/23/2027 00:00:00,29.337183,2640.346500,0.00,1,False
1527,05/24/2025 00:00:00,,03003,20,001,05/23/2027 00:00:00,25.185704,503.714083,0.00,1,False
1528,05/24/2025 00:00:00,,03165,48,002,05/23/2027 00:00:00,17.847866,856.697551,0.00,1,False
1529,05/24/2025 00:00:00,,03019,15,001,05/23/2027 00:00:00,60.596709,908.950640,0.00,1,False
1530,05/24/2025 00:00:00,,03150,500,002,05/23/2027 00:00:00,69.357462,34678.730770,0.00,1,False
1531,05/24/2025 00:00:00,,03101,36,0002,05/23/2027 00:00:00,37.372277,1345.401964,0.00,1,False
1532,05/24/2025 00:00:00,,03118,25,001,05/23/2027 00:00:00,1450.000000,36250.000000,0.00,1,False
1533,05/25/2025 00:00:00,,03019,225,001,05/24/2027 00:00:00,61.037518,13733.441500,0.00,1,False
1534,05/25/2025 00:00:00,,03001,280,001,05/24/2027 00:00:00,16.619945,4653.584668,0.00,1,False
1535,05/25/2025 00:00:00,,03014,500,002,05/24/2027 00:00:00,16.664024,8332.012000,0.00,1,False
1536,05/25/2025 00:00:00,,03018,50,005,05/24/2027 00:00:00,87.455871,4372.793554,0.00,1,False
1537,05/25/2025 00:00:00,,03176,300,0002,05/24/2027 00:00:00,90.606858,27182.057442,0.00,1,False
1538,05/25/2025 00:00:00,,03010,120,005,05/24/2027 00:00:00,60.463955,7255.674548,0.00,1,False
1539,05/25/2025 00:00:00,,03177,180,0004,05/24/2027 00:00:00,106.597535,19187.556232,0.00,1,False
1540,05/25/2025 00:00:00,,03120,100,002,05/24/2027 00:00:00,118.491921,11849.192108,0.00,1,False
1541,05/25/2025 00:00:00,,03019,30,002,05/24/2027 00:00:00,77.444122,2323.323660,0.00,1,False
1542,05/25/2025 00:00:00,,03003,100,003,05/24/2027 00:00:00,31.185704,3118.570414,0.00,1,False
1543,05/26/2025 00:00:00,,03021,5000,005,05/25/2027 00:00:00,72.974541,364872.706158,0.00,1,False
1544,05/26/2025 00:00:00,,03112,2500,003,05/25/2027 00:00:00,16.664024,41660.060000,0.00,1,False
1545,05/26/2025 00:00:00,,03157,4750,0001,05/25/2027 00:00:00,18.107573,86010.972500,0.00,1,False
1546,05/26/2025 00:00:00,,03096,60,0002,05/25/2027 00:00:00,94.629708,5677.782507,0.00,1,False
1547,05/26/2025 00:00:00,,03090,180,0004,05/25/2027 00:00:00,94.239417,16963.095071,0.00,1,False
1548,05/26/2025 00:00:00,,03028,200,0003,05/25/2027 00:00:00,144.006858,28801.371628,0.00,1,False
1549,05/26/2025 00:00:00,,03089,210,001,05/25/2027 00:00:00,79.967370,16793.147691,0.00,1,False
1550,05/26/2025 00:00:00,,03091,160,002,05/25/2027 00:00:00,91.806194,14688.991095,0.00,1,False
1551,05/26/2025 00:00:00,,03102,420,0002,05/25/2027 00:00:00,53.154593,22324.929065,0.00,1,False
1552,05/26/2025 00:00:00,,03092,120,001,05/25/2027 00:00:00,154.570976,18548.517120,0.00,1,False
1553,05/26/2025 00:00:00,,03094,120,0002,05/25/2027 00:00:00,211.407190,25368.862812,0.00,1,False
1554,05/26/2025 00:00:00,,03102,120,001,05/25/2027 00:00:00,55.837294,6700.475247,0.00,1,False
1555,05/26/2025 00:00:00,,03101,120,0001,05/25/2027 00:00:00,43.739359,5248.723128,0.00,1,False
1556,05/26/2025 00:00:00,,03148,120,002,05/25/2027 00:00:00,7.810934,937.312092,0.00,1,False
1557,05/27/2025 00:00:00,,03134,1800,002,05/26/2027 00:00:00,32.888889,59200.000000,0.00,1,False
1559,05/27/2025 00:00:00,,03010,50,003,05/26/2027 00:00:00,55.364800,2768.239983,0.00,1,False
1560,05/27/2025 00:00:00,,03014,25,001,05/26/2027 00:00:00,19.227720,480.693000,0.00,1,False
1561,05/27/2025 00:00:00,,03153,25,0001,05/26/2027 00:00:00,16.499996,412.499900,0.00,1,False
1562,05/27/2025 00:00:00,,03163,25,001,05/26/2027 00:00:00,19.223064,480.576600,0.00,1,False
1563,05/27/2025 00:00:00,,03043,15,0002,05/26/2027 00:00:00,25.344360,380.165400,0.00,1,False
1564,05/27/2025 00:00:00,,03018,10,001,05/26/2027 00:00:00,133.311390,1333.113896,0.00,1,False
1565,05/27/2025 00:00:00,,03165,12,003,05/26/2027 00:00:00,55.834338,670.012052,0.00,1,False
1566,05/27/2025 00:00:00,,03001,25,001,05/26/2027 00:00:00,16.380046,409.501158,0.00,1,False
1567,05/27/2025 00:00:00,,03151,25,002,05/26/2027 00:00:00,44.340577,1108.514435,0.00,1,False
1568,05/28/2025 00:00:00,,03014,2525,002,05/27/2027 00:00:00,16.086558,40618.558500,0.00,1,False
1569,05/28/2025 00:00:00,,03157,1250,005,05/27/2027 00:00:00,20.556550,25695.688000,0.00,1,False
1570,05/28/2025 00:00:00,,03003,36,0005,05/27/2027 00:00:00,36.056732,1298.042358,0.00,1,False
1571,05/28/2025 00:00:00,,03014,25,001,05/27/2027 00:00:00,19.227720,480.693000,0.00,1,False
1572,05/28/2025 00:00:00,,03153,25,006,05/27/2027 00:00:00,20.819996,520.499900,0.00,1,False
1573,05/28/2025 00:00:00,,03104,1350,001,05/27/2027 00:00:00,75.709291,102207.542455,0.00,1,False
1574,05/28/2025 00:00:00,,03094,40,005,05/27/2027 00:00:00,58.582235,2343.289386,0.00,1,False
1575,05/28/2025 00:00:00,,03097,1250,003,05/27/2027 00:00:00,105.612414,132015.517665,0.00,1,False
1576,05/28/2025 00:00:00,,03175,400,002,05/27/2027 00:00:00,75.381771,30152.708200,0.00,1,False
1577,05/28/2025 00:00:00,,03163,1250,002,05/27/2027 00:00:00,16.211451,20264.313300,0.00,1,False
1578,05/27/2025 00:00:00,,03003,194,001,05/26/2027 00:00:00,25.995122,5043.053574,0.00,1,False
1579,05/15/2025 00:00:00,,03009,100,002,05/14/2027 00:00:00,88.108471,8810.847056,0.00,1,False
1580,05/29/2025 00:00:00,,03150,919,005,05/28/2027 00:00:00,44.371298,40777.222930,0.00,1,False
1581,05/29/2025 00:00:00,,03034,24,001,05/28/2027 00:00:00,85.678883,2056.293196,0.00,1,False
1582,05/31/2025 00:00:00,,03054,60,0002,05/30/2027 00:00:00,77.579445,4654.766701,0.00,1,False
1583,05/31/2025 00:00:00,,03034,36,001,05/30/2027 00:00:00,27.644667,995.207998,0.00,1,False
1584,05/31/2025 00:00:00,,03143,60,005,05/30/2027 00:00:00,104.794973,6287.698357,0.00,1,False
1585,05/31/2025 00:00:00,,03151,250,003,05/30/2027 00:00:00,35.722555,8930.638704,0.00,1,False
1586,05/31/2025 00:00:00,,03001,500,001,05/30/2027 00:00:00,13.723646,6861.823169,0.00,1,False
1588,06/02/2025 00:00:00,,03176,260,0002,06/01/2027 00:00:00,76.632163,19924.362266,0.00,1,False
1589,06/02/2025 00:00:00,,03029,100,0001,06/01/2027 00:00:00,71.816563,7181.656255,0.00,1,False
1590,06/04/2025 00:00:00,,03104,1250,002,06/03/2027 00:00:00,59.841077,74801.345986,0.00,1,False
1591,06/04/2025 00:00:00,,03054,100,005,06/03/2027 00:00:00,76.806858,7680.685814,0.00,1,False
1592,06/10/2025 00:00:00,,03054,200,001,06/09/2027 00:00:00,86.806858,17361.371628,0.00,1,False
1593,06/10/2025 00:00:00,,03143,100,0003,06/09/2027 00:00:00,92.307635,9230.763493,0.00,1,False
1594,06/02/2025 00:00:00,,03121,80,002,06/01/2027 00:00:00,28.821720,2305.737570,0.00,1,False
1595,06/12/2025 00:00:00,,03127,300,002,06/11/2027 00:00:00,38.809705,11642.911417,0.00,1,False
1596,06/12/2025 00:00:00,,03179,420,005,06/11/2027 00:00:00,128.162356,53828.189365,0.00,1,False
1597,06/12/2025 00:00:00,,03142,100,006,06/11/2027 00:00:00,98.785503,9878.550275,0.00,1,False
1598,06/14/2025 00:00:00,,03113,10000,005,06/13/2027 00:00:00,32.160000,321600.000000,0.00,1,False
1599,06/14/2025 00:00:00,,03163,3750,001,06/13/2027 00:00:00,16.104656,60392.459400,0.00,1,False
1600,06/14/2025 00:00:00,,03118,50,001,06/13/2027 00:00:00,1450.000000,72500.000000,0.00,1,False
1601,06/15/2025 00:00:00,,03155,1996,005,06/14/2027 00:00:00,218.754039,436633.061211,0.00,1,False
1602,06/15/2025 00:00:00,,03163,1250,002,06/14/2027 00:00:00,16.275528,20344.409400,0.00,1,False
1603,06/15/2025 00:00:00,,03045,250,001,06/14/2027 00:00:00,16.023100,4005.775000,0.00,1,False
1604,06/15/2025 00:00:00,,03023,125,005,06/14/2027 00:00:00,16.022324,2002.790500,0.00,1,False
1605,06/15/2025 00:00:00,,03009,80,0001,06/14/2027 00:00:00,124.671293,9973.703463,0.00,1,False
1606,06/15/2025 00:00:00,,03011,60,0002,06/14/2027 00:00:00,115.700557,6942.033437,0.00,1,False
1607,06/15/2025 00:00:00,,03166,24,002,06/14/2027 00:00:00,124.519011,2988.456266,0.00,1,False
1608,06/15/2025 00:00:00,,03003,60,0001,06/14/2027 00:00:00,33.991095,2039.465696,0.00,1,False
1609,06/15/2025 00:00:00,,03107,60,004,06/14/2027 00:00:00,157.064709,9423.882526,0.00,1,False
1610,06/15/2025 00:00:00,,03035,96,004,06/14/2027 00:00:00,56.676102,5440.905777,0.00,1,False
1611,06/15/2025 00:00:00,,03109,100,0001,06/14/2027 00:00:00,98.191649,9819.164865,0.00,1,False
1612,06/16/2025 00:00:00,,03134,3000,001,06/15/2027 00:00:00,32.533333,97600.000000,0.00,1,False
1613,06/16/2025 00:00:00,,03091,236,0003,06/15/2027 00:00:00,80.016037,18883.784667,0.00,1,False
1614,06/16/2025 00:00:00,,03089,420,001,06/15/2027 00:00:00,67.853528,28498.481770,0.00,1,False
1615,06/16/2025 00:00:00,,03146,297,005,06/15/2027 00:00:00,158.640388,47116.195100,0.00,1,False
1616,06/17/2025 00:00:00,,03093,215,001,06/16/2027 00:00:00,173.780263,37362.756554,0.00,1,False
1617,06/17/2025 00:00:00,,03094,190,0003,06/16/2027 00:00:00,236.650766,44963.645553,0.00,1,False
1618,06/17/2025 00:00:00,,03091,420,0005,06/16/2027 00:00:00,79.669144,33461.040438,0.00,1,False
1619,06/17/2025 00:00:00,,03089,120,005,06/16/2027 00:00:00,88.866960,10664.035232,0.00,1,False
1620,06/17/2025 00:00:00,,03149,60,002,06/16/2027 00:00:00,29.408277,1764.496616,0.00,1,False
1621,06/17/2025 00:00:00,,03096,200,006,06/16/2027 00:00:00,68.013795,13602.759020,0.00,1,False
1622,06/17/2025 00:00:00,,03102,440,0002,06/16/2027 00:00:00,191.724483,84358.772320,0.00,1,False
1623,06/18/2025 00:00:00,,03148,200,002,06/17/2027 00:00:00,34.077523,6815.504556,0.00,1,False
1624,06/18/2025 00:00:00,,03094,120,001,06/17/2027 00:00:00,203.969705,24476.364642,0.00,1,False
1625,06/18/2025 00:00:00,,03028,200,005,06/17/2027 00:00:00,89.302873,17860.574556,0.00,1,False
1626,06/18/2025 00:00:00,,03104,1250,001,06/17/2027 00:00:00,72.896579,91120.723980,0.00,1,False
1627,06/18/2025 00:00:00,,03150,60,003,06/17/2027 00:00:00,78.644943,4718.696608,0.00,1,False
1628,06/18/2025 00:00:00,,03001,1000,005,06/17/2027 00:00:00,16.280046,16280.046338,0.00,1,False
1629,06/18/2025 00:00:00,,03003,100,003,06/17/2027 00:00:00,25.074707,2507.470680,0.00,1,False
1630,06/18/2025 00:00:00,,03119,100,0002,06/17/2027 00:00:00,164.603148,16460.314793,0.00,1,False
1631,06/18/2025 00:00:00,,03100,400,001,06/17/2027 00:00:00,95.306602,38122.640615,0.00,1,False
1632,06/19/2025 00:00:00,,03163,2500,001,06/18/2027 00:00:00,16.129179,40322.948400,0.00,1,False
1633,06/19/2025 00:00:00,,03151,1500,005,06/18/2027 00:00:00,70.052737,105079.106182,0.00,1,False
1634,06/19/2025 00:00:00,,03003,24,003,06/18/2027 00:00:00,27.555919,661.342047,0.00,1,False
1635,06/19/2025 00:00:00,,03018,20,001,06/18/2027 00:00:00,107.630965,2152.619302,0.00,1,False
1636,06/19/2025 00:00:00,,03157,500,0001,06/18/2027 00:00:00,21.127741,10563.870400,0.00,1,False
1637,06/19/2025 00:00:00,,03100,600,001,06/18/2027 00:00:00,182.136778,109282.067072,0.00,1,False
1638,06/19/2025 00:00:00,,03054,100,001,06/18/2027 00:00:00,84.787398,8478.739770,0.00,1,False
1639,06/15/2025 00:00:00,,03092,36,0002,06/14/2027 00:00:00,176.381420,6349.731116,0.00,1,False
1640,06/22/2025 00:00:00,,03157,17500,0001,06/21/2027 00:00:00,21.687600,379533.007000,0.00,1,False
1641,06/22/2025 00:00:00,,03014,7500,001,06/21/2027 00:00:00,14.587226,109404.193600,0.00,1,False
1642,06/22/2025 00:00:00,,03019,506,002,06/21/2027 00:00:00,100.969128,51090.379000,0.00,1,False
1643,06/22/2025 00:00:00,,03003,240,001,06/21/2027 00:00:00,24.353686,5844.884648,0.00,1,False
1644,06/22/2025 00:00:00,,03165,24,0002,06/21/2027 00:00:00,20.735048,497.641158,0.00,1,False
1645,06/22/2025 00:00:00,,03028,120,002,06/21/2027 00:00:00,99.741960,11969.035232,0.00,1,False
1646,06/23/2025 00:00:00,,03013,445,0002,06/22/2027 00:00:00,201.610479,89716.662955,0.00,1,False
1647,06/23/2025 00:00:00,,03106,100,002,06/22/2027 00:00:00,22.404182,2240.418188,0.00,1,False
1648,06/23/2025 00:00:00,,03114,120,001,06/22/2027 00:00:00,20.008960,2401.075217,0.00,1,False
1649,06/23/2025 00:00:00,,03150,560,0001,06/22/2027 00:00:00,70.750403,39620.225526,0.00,1,False
1650,06/23/2025 00:00:00,,03157,875,003,06/22/2027 00:00:00,19.319681,16904.721000,0.00,1,False
1651,06/23/2025 00:00:00,,03163,1000,002,06/22/2027 00:00:00,16.001170,16001.170000,0.00,1,False
1652,06/25/2025 00:00:00,,03181,116,001,06/24/2027 00:00:00,114.724714,13308.066874,0.00,1,False
1653,06/25/2025 00:00:00,,03180,114,002,06/24/2027 00:00:00,22.795547,2598.692324,0.00,1,False
1654,06/26/2025 00:00:00,,03157,750,005,06/25/2027 00:00:00,20.903309,15677.481500,0.00,1,False
1655,06/26/2025 00:00:00,,03146,252,0001,06/25/2027 00:00:00,109.156967,27507.555793,0.00,1,False
1656,06/26/2025 00:00:00,,03142,100,003,06/25/2027 00:00:00,98.528733,9852.873300,0.00,1,False
1657,06/28/2025 00:00:00,,03157,13750,001,06/27/2027 00:00:00,21.641029,297564.145686,0.00,1,False
1658,06/28/2025 00:00:00,,03014,5025,001,06/27/2027 00:00:00,14.264155,71677.377000,0.00,1,False
1659,06/28/2025 00:00:00,,03002,2500,005,06/27/2027 00:00:00,32.128000,80320.000000,0.00,1,False
1660,06/28/2025 00:00:00,,03165,120,0002,06/27/2027 00:00:00,20.657142,2478.857033,0.00,1,False
1661,06/28/2025 00:00:00,,03179,100,003,06/27/2027 00:00:00,110.655280,11065.527950,0.00,1,False
1662,06/28/2025 00:00:00,,03043,30,0002,06/27/2027 00:00:00,25.204847,756.145400,0.00,1,False
1663,06/28/2025 00:00:00,,03182,25,001,06/27/2027 00:00:00,26.021649,650.541220,0.00,1,False
1664,06/29/2025 00:00:00,,03163,1250,005,06/28/2027 00:00:00,16.064080,20080.100400,0.00,1,False
1665,06/29/2025 00:00:00,,03134,50,001,06/28/2027 00:00:00,35.200000,1760.000000,0.00,1,False
1666,06/29/2025 00:00:00,,03088,1000,001,06/28/2027 00:00:00,36.730795,36730.794950,0.00,1,False
1667,06/29/2025 00:00:00,,03119,200,005,06/28/2027 00:00:00,13.797285,2759.456906,0.00,1,False
1668,06/29/2025 00:00:00,,03179,200,003,06/28/2027 00:00:00,110.583375,22116.675062,0.00,1,False
1669,06/30/2025 00:00:00,,03019,400,001,06/29/2027 00:00:00,43.172785,17269.114000,0.00,1,False
1670,07/03/2025 00:00:00,,03014,2500,001,07/02/2027 00:00:00,14.250314,35625.785400,0.00,1,False
1671,07/07/2025 00:00:00,,03014,5000,001,07/06/2027 00:00:00,14.236121,71180.603100,0.00,1,False
1672,07/07/2025 00:00:00,,03163,2750,002,07/06/2027 00:00:00,16.058262,44160.220800,0.00,1,False
1673,05/05/2025 00:00:00,,03141,125,001,05/04/2027 00:00:00,17.314797,2164.349583,0.00,1,False
1674,07/07/2025 00:00:00,,03182,750,001,07/06/2027 00:00:00,37.064346,27798.259730,0.00,1,False
1675,07/07/2025 00:00:00,,03179,150,0001,07/06/2027 00:00:00,101.897434,15284.615080,0.00,1,False
1676,07/07/2025 00:00:00,,03012,200,001,07/06/2027 00:00:00,97.142326,19428.465279,0.00,1,False
1677,07/07/2025 00:00:00,,03165,360,0002,07/06/2027 00:00:00,18.244759,6568.113176,0.00,1,False
1678,07/07/2025 00:00:00,,03010,136,001,07/06/2027 00:00:00,49.053615,6671.291613,0.00,1,False
1679,07/07/2025 00:00:00,,03018,200,002,07/06/2027 00:00:00,80.746088,16149.217535,0.00,1,False
1680,07/07/2025 00:00:00,,03003,200,003,07/06/2027 00:00:00,40.805641,8161.128168,0.00,1,False
1681,07/08/2025 00:00:00,,03054,120,001,07/07/2027 00:00:00,82.409805,9889.176547,0.00,1,False
1682,07/08/2025 00:00:00,,03134,1175,002,07/07/2027 00:00:00,32.136170,37760.000000,0.00,1,False
1683,07/08/2025 00:00:00,,03121,220,001,07/07/2027 00:00:00,50.611921,11134.622691,0.00,1,False
1684,07/08/2025 00:00:00,,03003,100,003,07/07/2027 00:00:00,40.805641,4080.564084,0.00,1,False
1685,07/08/2025 00:00:00,,03010,58,004,07/07/2027 00:00:00,56.466883,3275.079193,0.00,1,False
1686,07/08/2025 00:00:00,,03182,500,001,07/07/2027 00:00:00,41.693030,20846.514998,0.00,1,False
1687,07/08/2025 00:00:00,,03001,500,001,07/07/2027 00:00:00,16.960455,8480.227619,0.00,1,False
1688,07/08/2025 00:00:00,,03163,1000,002,07/07/2027 00:00:00,16.160010,16160.010100,0.00,1,False
1689,07/09/2025 00:00:00,,03179,40,001,07/08/2027 00:00:00,84.742328,3389.693101,0.00,1,False
1690,07/09/2025 00:00:00,,03010,29,001,07/08/2027 00:00:00,56.845411,1648.516925,0.00,1,False
1691,07/09/2025 00:00:00,,03029,90,001,07/08/2027 00:00:00,62.425644,5618.307996,0.00,1,False
1692,07/09/2025 00:00:00,,03090,60,001,07/08/2027 00:00:00,84.161267,5049.676010,0.00,1,False
1693,07/09/2025 00:00:00,,03091,60,001,07/08/2027 00:00:00,78.604194,4716.251642,0.00,1,False
1694,07/09/2025 00:00:00,,03027,60,002,07/08/2027 00:00:00,401.706678,24102.400664,0.00,1,False
1695,07/09/2025 00:00:00,,03177,12,003,07/08/2027 00:00:00,70.105747,841.268962,0.00,1,False
1696,07/10/2025 00:00:00,,03142,200,003,07/09/2027 00:00:00,136.884724,27376.944740,0.00,1,False
1697,07/10/2025 00:00:00,,03183,100,001,07/09/2027 00:00:00,89.445624,8944.562448,0.00,1,False
1698,07/10/2025 00:00:00,,03143,60,0002,07/09/2027 00:00:00,77.924248,4675.454886,0.00,1,False
1699,07/10/2025 00:00:00,,03160,60,0001,07/09/2027 00:00:00,186.167522,11170.051300,0.00,1,False
1700,07/10/2025 00:00:00,,03054,100,002,07/09/2027 00:00:00,80.494115,8049.411492,0.00,1,False
1701,07/10/2025 00:00:00,,03070,120,003,07/09/2027 00:00:00,114.039250,13684.710025,0.00,1,False
1702,07/10/2025 00:00:00,,03107,120,005,07/09/2027 00:00:00,251.907028,30228.843317,0.00,1,False
1703,07/10/2025 00:00:00,,03034,100,003,07/09/2027 00:00:00,41.618134,4161.813404,0.00,1,False
1704,07/10/2025 00:00:00,,03162,350,001,07/09/2027 00:00:00,55.828133,19539.846447,0.00,1,False
1705,07/10/2025 00:00:00,,03182,25,001,07/09/2027 00:00:00,20.067386,501.684648,0.00,1,False
1706,07/12/2025 00:00:00,,03011,200,0001,07/11/2027 00:00:00,103.221211,20644.242239,0.00,1,False
1707,07/12/2025 00:00:00,,03122,100,003,07/11/2027 00:00:00,81.970941,8197.094105,0.00,1,False
1708,07/12/2025 00:00:00,,03010,100,005,07/11/2027 00:00:00,55.242326,5524.232640,0.00,1,False
1709,07/12/2025 00:00:00,,03003,120,001,07/11/2027 00:00:00,36.195585,4343.470177,0.00,1,False
1710,07/12/2025 00:00:00,,03014,450,001,07/11/2027 00:00:00,14.351246,6458.060700,0.00,1,False
1711,07/12/2025 00:00:00,,03182,30,001,07/11/2027 00:00:00,20.067386,602.021578,0.00,1,False
1712,07/12/2025 00:00:00,,03179,10,002,07/11/2027 00:00:00,146.903870,1469.038700,0.00,1,False
1713,07/12/2025 00:00:00,,03010,7,001,07/11/2027 00:00:00,62.599633,438.197432,0.00,1,False
1714,07/12/2025 00:00:00,,03012,10,0002,07/11/2027 00:00:00,387.407341,3874.073414,0.00,1,False
1715,07/12/2025 00:00:00,,03163,750,005,07/11/2027 00:00:00,16.106677,12080.007550,0.00,1,False
1716,07/12/2025 00:00:00,,03165,24,004,07/11/2027 00:00:00,28.461763,683.082308,0.00,1,False
1717,07/12/2025 00:00:00,,03142,200,001,07/11/2027 00:00:00,136.884724,27376.944740,0.00,1,False
1718,07/12/2025 00:00:00,,03020,600,001,07/11/2027 00:00:00,88.554099,53132.459268,0.00,1,False
1719,07/12/2025 00:00:00,,03182,250,004,07/11/2027 00:00:00,47.297103,11824.275797,0.00,1,False
1720,07/13/2025 00:00:00,,03184,2500,003,07/12/2027 00:00:00,10.040000,25100.000000,0.00,1,False
1721,07/13/2025 00:00:00,,03014,3100,002,07/12/2027 00:00:00,14.285111,44283.844800,0.00,1,False
1722,07/13/2025 00:00:00,,03163,5500,0001,07/12/2027 00:00:00,16.145465,88800.055500,0.00,1,False
1723,07/13/2025 00:00:00,,03157,2250,004,07/12/2027 00:00:00,19.268995,43355.239500,0.00,1,False
1724,07/13/2025 00:00:00,,03182,250,003,07/12/2027 00:00:00,47.954420,11988.605011,0.00,1,False
1725,07/13/2025 00:00:00,,03018,100,004,07/12/2027 00:00:00,72.932939,7293.293927,0.00,1,False
1726,07/13/2025 00:00:00,,03003,190,002,07/12/2027 00:00:00,38.962858,7402.943027,0.00,1,False
1727,07/13/2025 00:00:00,,03012,90,005,07/12/2027 00:00:00,96.975660,8727.809376,0.00,1,False
1728,07/13/2025 00:00:00,,03010,7,005,07/12/2027 00:00:00,62.599633,438.197432,0.00,1,False
1729,07/14/2025 00:00:00,,03112,5000,005,07/13/2027 00:00:00,14.066813,70334.065400,0.00,1,False
1730,07/14/2025 00:00:00,,03097,500,001,07/13/2027 00:00:00,115.391000,57695.499985,0.00,1,False
1731,07/14/2025 00:00:00,,03163,125,001,07/13/2027 00:00:00,16.640010,2080.001300,0.00,1,False
1732,07/14/2025 00:00:00,,03003,170,005,07/13/2027 00:00:00,45.112227,7669.078562,0.00,1,False
1733,07/14/2025 00:00:00,,03182,660,0001,07/13/2027 00:00:00,67.006589,44224.349001,0.00,1,False
1734,07/14/2025 00:00:00,,03010,22,001,07/13/2027 00:00:00,75.243161,1655.349532,0.00,1,False
1735,07/14/2025 00:00:00,,03014,600,001,07/13/2027 00:00:00,14.244283,8546.569700,0.00,1,False
1736,07/14/2025 00:00:00,,03157,500,002,07/13/2027 00:00:00,21.396681,10698.340400,0.00,1,False
1737,07/14/2025 00:00:00,,03001,150,005,07/13/2027 00:00:00,17.200488,2580.073163,0.00,1,False
1738,07/14/2025 00:00:00,,03009,460,005,07/13/2027 00:00:00,74.120070,34095.232427,0.00,1,False
1739,07/14/2025 00:00:00,,03176,200,0001,07/13/2027 00:00:00,77.720054,15544.010896,0.00,1,False
1740,07/14/2025 00:00:00,,03029,100,0002,07/13/2027 00:00:00,30.600475,3060.047497,0.00,1,False
1741,07/14/2025 00:00:00,,03011,100,001,07/13/2027 00:00:00,83.675391,8367.539133,0.00,1,False
1742,07/14/2025 00:00:00,,03119,100,001,07/13/2027 00:00:00,78.074741,7807.474116,0.00,1,False
1743,07/14/2025 00:00:00,,03003,100,005,07/13/2027 00:00:00,40.805641,4080.564084,0.00,1,False
1744,07/16/2025 00:00:00,,03090,60,0001,07/15/2027 00:00:00,57.641267,3458.476010,0.00,1,False
1745,07/16/2025 00:00:00,,03092,47,001,07/15/2027 00:00:00,38.585930,1813.538702,0.00,1,False
1746,07/16/2025 00:00:00,,03104,100,005,07/15/2027 00:00:00,20.742089,2074.208855,0.00,1,False
1747,07/16/2025 00:00:00,,03054,60,001,07/15/2027 00:00:00,82.409805,4944.588274,0.00,1,False
1748,07/16/2025 00:00:00,,03172,50,002,07/15/2027 00:00:00,21.517905,1075.895256,0.00,1,False
1749,07/16/2025 00:00:00,,03129,200,002,07/15/2027 00:00:00,85.540158,17108.031538,0.00,1,False
1750,07/16/2025 00:00:00,,03011,120,001,07/15/2027 00:00:00,125.998766,15119.851873,0.00,1,False
1751,07/18/2025 00:00:00,,03163,10000,005,07/17/2027 00:00:00,16.032010,160320.100200,0.00,1,False
1752,07/07/2025 00:00:00,,03177,100,001,07/06/2027 00:00:00,70.105747,7010.574685,0.00,1,False
1753,07/07/2025 00:00:00,,03127,200,002,07/06/2027 00:00:00,60.757290,12151.457930,0.00,1,False
1754,07/13/2025 00:00:00,,03010,22,001,07/12/2027 00:00:00,55.391573,1218.614612,0.00,1,False
1755,07/19/2025 00:00:00,,03093,120,001,07/18/2027 00:00:00,188.586322,22630.358581,0.00,1,False
1756,07/19/2025 00:00:00,,03102,240,002,07/18/2027 00:00:00,56.500980,13560.235264,0.00,1,False
1757,07/19/2025 00:00:00,,03094,120,004,07/18/2027 00:00:00,261.149464,31337.935644,0.00,1,False
1758,07/19/2025 00:00:00,,03095,120,0001,07/18/2027 00:00:00,70.888449,8506.613841,0.00,1,False
1759,07/19/2025 00:00:00,,03091,180,001,07/18/2027 00:00:00,78.992150,14218.587062,0.00,1,False
1760,07/19/2025 00:00:00,,03101,340,0002,07/18/2027 00:00:00,99.213920,33732.732772,0.00,1,False
1761,07/19/2025 00:00:00,,03089,144,002,07/18/2027 00:00:00,84.049150,12103.077545,0.00,1,False
1762,07/20/2025 00:00:00,,03104,1950,001,07/19/2027 00:00:00,58.398040,113876.177240,0.00,1,False
1763,07/20/2025 00:00:00,,03028,119,002,07/19/2027 00:00:00,102.984904,12255.203542,0.00,1,False
1764,07/20/2025 00:00:00,,03090,240,0001,07/19/2027 00:00:00,79.901722,19176.413247,0.00,1,False
1765,07/20/2025 00:00:00,,03150,180,0003,07/19/2027 00:00:00,60.230193,10841.434663,0.00,1,False
1766,07/20/2025 00:00:00,,03092,320,004,07/19/2027 00:00:00,285.359303,91314.976839,0.00,1,False
1767,07/20/2025 00:00:00,,03120,100,005,07/19/2027 00:00:00,96.589507,9658.950705,0.00,1,False
1768,07/20/2025 00:00:00,,03003,120,001,07/19/2027 00:00:00,61.079374,7329.524830,0.00,1,False
1769,07/20/2025 00:00:00,,03011,120,006,07/19/2027 00:00:00,102.920654,12350.478528,0.00,1,False
1770,07/20/2025 00:00:00,,03129,100,005,07/19/2027 00:00:00,112.602991,11260.299120,0.00,1,False
1771,07/21/2025 00:00:00,,03055,2500,001,07/20/2027 00:00:00,14.122534,35306.334000,0.00,1,False
1772,07/21/2025 00:00:00,,03060,502,004,07/20/2027 00:00:00,82.545056,41437.618127,0.00,1,False
1773,07/21/2025 00:00:00,,03021,1010,002,07/20/2027 00:00:00,61.106548,61717.613221,0.00,1,False
1774,07/22/2025 00:00:00,,03182,450,001,07/21/2027 00:00:00,33.744511,15185.030086,0.00,1,False
1775,07/22/2025 00:00:00,,03014,150,001,07/21/2027 00:00:00,14.944480,2241.672000,0.00,1,False
1776,07/22/2025 00:00:00,,03163,750,005,07/21/2027 00:00:00,16.213333,12160.000000,0.00,1,False
1777,07/22/2025 00:00:00,,03001,1750,002,07/21/2027 00:00:00,16.692057,29211.100510,0.00,1,False
1778,07/23/2025 00:00:00,,03157,7500,005,07/22/2027 00:00:00,20.398348,152987.609868,0.00,1,False
1779,07/23/2025 00:00:00,,03163,1250,004,07/22/2027 00:00:00,16.256000,20320.000000,0.00,1,False
1780,07/23/2025 00:00:00,,03001,375,005,07/22/2027 00:00:00,7.520488,2820.182908,0.00,1,False
1781,07/23/2025 00:00:00,,03014,30,001,07/22/2027 00:00:00,14.010450,420.313500,0.00,1,False
1782,07/23/2025 00:00:00,,03165,180,002,07/22/2027 00:00:00,20.346325,3662.338430,0.00,1,False
1783,07/23/2025 00:00:00,,03043,105,002,07/22/2027 00:00:00,34.570943,3629.948996,0.00,1,False
1784,07/23/2025 00:00:00,,03091,120,004,07/22/2027 00:00:00,82.044358,9845.322967,0.00,1,False
1785,07/23/2025 00:00:00,,03163,1000,002,07/22/2027 00:00:00,16.160000,16160.000000,0.00,1,False
1786,07/23/2025 00:00:00,,03153,450,005,07/22/2027 00:00:00,16.379806,7370.912600,0.00,1,False
1787,07/23/2025 00:00:00,,03182,200,001,07/22/2027 00:00:00,9.600700,1920.139957,0.00,1,False
1788,07/26/2025 00:00:00,,03020,1000,002,07/25/2027 00:00:00,88.517205,88517.204880,0.00,1,False
1789,07/26/2025 00:00:00,,03052,1198,0001,07/25/2027 00:00:00,71.324996,85447.344866,0.00,1,False
1790,07/26/2025 00:00:00,,03097,1100,002,07/25/2027 00:00:00,43.720916,48093.007205,0.00,1,False
1791,07/26/2025 00:00:00,,03087,250,001,07/25/2027 00:00:00,9.600700,2400.174946,0.00,1,False
1792,07/27/2025 00:00:00,,03014,125,005,07/26/2027 00:00:00,14.570868,1821.358500,0.00,1,False
1793,07/27/2025 00:00:00,,03163,1750,0001,07/26/2027 00:00:00,16.091429,28160.000000,0.00,1,False
1794,07/27/2025 00:00:00,,03029,100,002,07/26/2027 00:00:00,39.650246,3965.024567,0.00,1,False
1795,07/27/2025 00:00:00,,03097,150,0003,07/26/2027 00:00:00,39.650246,5947.536851,0.00,1,False
1796,07/29/2025 00:00:00,,03014,1800,005,07/28/2027 00:00:00,14.127204,25428.966750,0.00,1,False
1797,08/02/2025 00:00:00,,03157,17550,0001,08/01/2027 00:00:00,4.044292,70977.320560,0.00,1,False
1798,08/02/2025 00:00:00,,03163,1250,0001,08/01/2027 00:00:00,16.000000,20000.000000,0.00,1,False
1799,08/02/2025 00:00:00,,03053,1875,0001,08/01/2027 00:00:00,32.695107,61303.324710,0.00,1,False
1800,08/02/2025 00:00:00,,03001,875,0005,08/01/2027 00:00:00,7.900488,6912.926786,0.00,1,False
1801,08/02/2025 00:00:00,,03147,1875,0001,08/01/2027 00:00:00,4.168946,7816.773700,0.00,1,False
1802,08/02/2025 00:00:00,,03165,150,0001,08/01/2027 00:00:00,17.061003,2559.150496,0.00,1,False
1803,08/02/2025 00:00:00,,03012,110,0001,08/01/2027 00:00:00,138.603603,15246.396347,0.00,1,False
1804,08/02/2025 00:00:00,,03010,8,0001,08/01/2027 00:00:00,82.680033,661.440260,0.00,1,False
1805,08/02/2025 00:00:00,,03010,30,0001,08/01/2027 00:00:00,81.240033,2437.200976,0.00,1,False
1806,08/02/2025 00:00:00,,03003,30,0003,08/01/2027 00:00:00,47.658063,1429.741892,0.00,1,False
1807,08/02/2025 00:00:00,,03110,1250,0002,08/01/2027 00:00:00,7.900488,9875.609694,0.00,1,False
1808,08/03/2025 00:00:00,,03119,100,0001,10/28/2027 00:00:00,227.458099,22745.809916,0.00,1,False
1809,08/03/2025 00:00:00,,03010,129,0003,10/28/2027 00:00:00,111.944996,14440.904475,0.00,1,False
1810,08/03/2025 00:00:00,,03120,180,0001,10/28/2027 00:00:00,47.991090,8638.396171,0.00,1,False
1811,08/03/2025 00:00:00,,03142,40,0001,10/29/2027 00:00:00,121.967919,4878.716742,0.00,1,False
1812,08/03/2025 00:00:00,,03146,238,0001,10/29/2027 00:00:00,208.282993,49571.352356,0.00,1,False
1813,08/04/2025 00:00:00,,03014,60,0002,10/29/2027 00:00:00,41.996230,2519.773800,0.00,1,False
1814,08/05/2025 00:00:00,,03113,3775,0001,11/02/2027 00:00:00,16.000000,60400.000000,0.00,1,False
1815,08/06/2025 00:00:00,,03184,4725,0001,11/02/2027 00:00:00,10.052910,47500.000000,0.00,1,False
1816,08/07/2025 00:00:00,,03001,1750,009,11/02/2027 00:00:00,17.015401,29776.951020,0.00,1,False
1817,08/07/2025 00:00:00,,03003,60,0008,11/02/2027 00:00:00,88.877813,5332.668770,0.00,1,False
1818,08/07/2025 00:00:00,,03104,250,0001,11/02/2027 00:00:00,98.542897,24635.724250,0.00,1,False
1819,08/08/2025 00:00:00,,03014,15,0001,11/02/2027 00:00:00,61.987590,929.813855,0.00,1,False
1820,08/08/2025 00:00:00,,03003,320,0005,11/02/2027 00:00:00,58.785579,18811.385261,0.00,1,False
1821,08/08/2025 00:00:00,,03043,30,0001,11/02/2027 00:00:00,241.164277,7234.928307,0.00,1,False
1822,08/10/2025 00:00:00,,03102,640,0004,11/02/2027 00:00:00,240.000007,153600.004251,0.00,1,False
1823,08/10/2025 00:00:00,,03094,120,0004,11/02/2027 00:00:00,457.973949,54956.873895,0.00,1,False
1824,08/10/2025 00:00:00,,03091,280,0004,11/02/2027 00:00:00,168.287424,47120.478849,0.00,1,False
1825,08/10/2025 00:00:00,,03101,280,0004,11/02/2027 00:00:00,66.285945,18560.064586,0.00,1,False
1826,08/10/2025 00:00:00,,03089,476,0004,11/02/2027 00:00:00,131.354274,62524.634611,0.00,1,False
1827,08/10/2025 00:00:00,,03090,479,0004,11/02/2027 00:00:00,147.232586,70524.408762,0.00,1,False
1828,08/10/2025 00:00:00,,03092,240,0004,11/02/2027 00:00:00,185.321054,44477.052866,0.00,1,False
1829,08/10/2025 00:00:00,,03093,180,0004,11/02/2027 00:00:00,243.797102,43883.478318,0.00,1,False
1830,08/10/2025 00:00:00,,03148,120,0004,11/02/2027 00:00:00,12.230005,1467.600580,0.00,1,False
1831,08/10/2025 00:00:00,,03104,1450,0004,11/02/2027 00:00:00,133.487827,193557.348900,0.00,1,False
1832,08/11/2025 00:00:00,,03142,100,0001,11/02/2027 00:00:00,169.682946,16968.294570,0.00,1,False
1833,08/11/2025 00:00:00,,03010,12,0001,11/02/2027 00:00:00,81.240033,974.880390,0.00,1,False
1834,08/12/2025 00:00:00,,03131,120,0001,11/02/2027 00:00:00,93.174561,11180.947376,0.00,1,False
1835,08/12/2025 00:00:00,,03136,125,0001,11/02/2027 00:00:00,28.845379,3605.672375,0.00,1,False
1836,08/12/2025 00:00:00,,03086,440,0001,11/02/2027 00:00:00,3.219484,1416.572985,0.00,1,False
1837,08/12/2025 00:00:00,,03028,20,0001,11/02/2027 00:00:00,112.685644,2253.712872,0.00,1,False
1838,08/12/2025 00:00:00,,03175,525,0001,11/02/2027 00:00:00,37.171657,19515.119700,0.00,1,False
1839,08/12/2025 00:00:00,,03172,125,0001,11/02/2027 00:00:00,81.259395,10157.424434,0.00,1,False
1840,08/13/2025 00:00:00,,03185,60,0001,11/02/2027 00:00:00,88.274897,5296.493836,0.00,1,False
1841,08/13/2025 00:00:00,,03188,60,0001,11/02/2027 00:00:00,58.930762,3535.845718,0.00,1,False
1842,08/13/2025 00:00:00,,03143,60,0001,11/02/2027 00:00:00,76.906868,4614.412093,0.00,1,False
1843,08/13/2025 00:00:00,,03187,100,0001,11/02/2027 00:00:00,62.459049,6245.904909,0.00,1,False
1844,08/13/2025 00:00:00,,03186,20,0001,11/02/2027 00:00:00,72.769017,1455.380331,0.00,1,False
1845,08/13/2025 00:00:00,,03034,40,0001,11/02/2027 00:00:00,322.235646,12889.425842,0.00,1,False
1846,08/13/2025 00:00:00,,03160,20,0001,11/02/2027 00:00:00,144.701781,2894.035616,0.00,1,False
1847,08/13/2025 00:00:00,,03144,1925,0002,11/02/2027 00:00:00,102.973769,198224.504960,0.00,1,False
1848,08/13/2025 00:00:00,,03176,40,0001,11/02/2027 00:00:00,127.252894,5090.115769,0.00,1,False
1849,08/16/2025 00:00:00,,03151,2525,0004,11/07/2027 00:00:00,51.710579,130569.211684,0.00,1,False
1850,08/16/2025 00:00:00,,03163,500,0004,11/07/2027 00:00:00,16.912000,8456.000000,0.00,1,False
1851,08/16/2025 00:00:00,,03019,500,0003,11/07/2027 00:00:00,65.220195,32610.097680,0.00,1,False
1852,08/16/2025 00:00:00,,03182,1000,0004,11/07/2027 00:00:00,19.057455,19057.454643,0.00,1,False
1853,08/17/2025 00:00:00,,03150,1000,0003,11/09/2027 00:00:00,26.135894,26135.893780,0.00,1,False
1854,08/17/2025 00:00:00,,03019,850,0005,11/09/2027 00:00:00,70.064097,59554.482500,0.00,1,False
1855,08/17/2025 00:00:00,,03101,500,0003,11/09/2027 00:00:00,44.444058,22222.029135,0.00,1,False
1856,08/17/2025 00:00:00,,03010,100,0003,11/09/2027 00:00:00,87.181443,8718.144294,0.00,1,False
1857,08/18/2025 00:00:00,,03113,16075,0004,11/09/2027 00:00:00,30.186625,485250.000000,0.00,1,False
1858,08/18/2025 00:00:00,,03151,500,0005,11/09/2027 00:00:00,49.286817,24643.408254,0.00,1,False
1859,08/18/2025 00:00:00,,03182,500,0004,11/09/2027 00:00:00,17.557455,8778.727321,0.00,1,False
1860,08/18/2025 00:00:00,,03012,47,0004,11/09/2027 00:00:00,10.321785,485.123894,0.00,1,False
1861,08/18/2025 00:00:00,,03010,29,0003,11/09/2027 00:00:00,81.240033,2355.960943,0.00,1,False
1862,08/19/2025 00:00:00,,03163,2200,0008,11/09/2027 00:00:00,20.909091,46000.000000,0.00,1,False
1863,08/19/2025 00:00:00,,03023,500,0004,11/09/2027 00:00:00,21.800000,10900.000000,0.00,1,False
1864,08/19/2025 00:00:00,,03014,500,0009,11/09/2027 00:00:00,20.585000,10292.500000,0.00,1,False
1865,08/19/2025 00:00:00,,03153,250,0001,11/09/2027 00:00:00,24.000000,6000.000000,0.00,1,False
1866,08/19/2025 00:00:00,,03003,220,0005,11/09/2027 00:00:00,25.246403,5554.208638,0.00,1,False
1867,08/19/2025 00:00:00,,03043,120,0003,11/09/2027 00:00:00,153.934634,18472.156139,0.00,1,False
1868,08/19/2025 00:00:00,,03012,100,0002,11/09/2027 00:00:00,47.121785,4712.178498,0.00,1,False
1869,08/19/2025 00:00:00,,03102,100,0004,11/09/2027 00:00:00,140.031564,14003.156406,0.00,1,False
1870,08/21/2025 00:00:00,,03019,400,0005,11/09/2027 00:00:00,24.046919,9618.767565,0.00,1,False
1871,08/21/2025 00:00:00,,03001,750,012,11/09/2027 00:00:00,30.502168,22876.625850,0.00,1,False
1872,08/23/2025 00:00:00,,03014,2500,0012,11/12/2027 00:00:00,19.760000,49400.000000,0.00,1,False
1873,08/24/2025 00:00:00,,03003,134,0006,11/12/2027 00:00:00,25.308903,3391.392989,0.00,1,False
1874,08/24/2025 00:00:00,,03009,40,0005,11/12/2027 00:00:00,103.392163,4135.686514,0.00,1,False
1875,08/24/2025 00:00:00,,03011,20,0004,11/12/2027 00:00:00,93.708903,1874.178058,0.00,1,False
1876,08/24/2025 00:00:00,,03134,750,0004,11/12/2027 00:00:00,19.733333,14800.000000,0.00,1,False
1877,08/24/2025 00:00:00,,03151,500,0009,11/12/2027 00:00:00,42.942352,21471.175756,0.00,1,False
1878,08/24/2025 00:00:00,,03182,100,0005,11/12/2027 00:00:00,18.205846,1820.584599,0.00,1,False
1879,08/24/2025 00:00:00,,03019,375,0008,11/12/2027 00:00:00,19.800178,7425.066800,0.00,1,False
1880,08/24/2025 00:00:00,,03087,250,0004,11/12/2027 00:00:00,18.205846,4551.461498,0.00,1,False
1881,08/24/2025 00:00:00,,03001,500,0015,11/12/2027 00:00:00,17.000488,8500.243878,0.00,1,False
1882,08/25/2025 00:00:00,,03014,860,0011,11/17/2027 00:00:00,19.883721,17100.000000,0.00,1,False
1883,08/25/2025 00:00:00,,03157,375,0004,11/17/2027 00:00:00,14.933333,5600.000000,0.00,1,False
1884,08/25/2025 00:00:00,,03001,2750,0013,11/17/2027 00:00:00,16.891855,46452.601360,0.00,1,False
1885,08/25/2025 00:00:00,,03108,97,0005,11/17/2027 00:00:00,82.450748,7997.722537,0.00,1,False
1886,08/25/2025 00:00:00,,03010,60,0007,11/17/2027 00:00:00,86.074434,5164.466067,0.00,1,False
1887,08/25/2025 00:00:00,,03107,60,0004,11/17/2027 00:00:00,113.711443,6822.686606,0.00,1,False
1888,08/25/2025 00:00:00,,03182,575,0008,11/17/2027 00:00:00,12.053672,6930.861446,0.00,1,False
1889,08/25/2025 00:00:00,,03043,210,0005,11/17/2027 00:00:00,212.513543,44627.844092,0.00,1,False
1890,08/25/2025 00:00:00,,03100,780,0005,11/17/2027 00:00:00,7.705846,6010.559875,0.00,1,False
1891,08/25/2025 00:00:00,,03003,196,0012,11/17/2027 00:00:00,25.308903,4960.544968,0.00,1,False
1892,08/25/2025 00:00:00,,03060,240,0004,11/17/2027 00:00:00,151.766362,36423.926799,0.00,1,False
1893,08/26/2025 00:00:00,,03177,120,0001,11/17/2027 00:00:00,40.576632,4869.195882,0.00,1,False
1894,08/26/2025 00:00:00,,03010,100,0007,11/17/2027 00:00:00,82.690353,8269.035310,0.00,1,False
1895,08/26/2025 00:00:00,,03003,100,0012,11/17/2027 00:00:00,25.308903,2530.890290,0.00,1,False
1896,08/26/2025 00:00:00,,03120,100,0001,11/17/2027 00:00:00,55.311090,5531.108984,0.00,1,False
1897,08/26/2025 00:00:00,,03130,100,0001,11/17/2027 00:00:00,209.270055,20927.005538,0.00,1,False
1898,08/26/2025 00:00:00,,03086,340,0001,11/17/2027 00:00:00,7.795061,2650.320580,0.00,1,False
1899,08/27/2025 00:00:00,,03020,1000,0006,11/17/2027 00:00:00,183.473369,183473.369460,0.00,1,False
1900,08/27/2025 00:00:00,,03106,520,0004,11/17/2027 00:00:00,93.104201,48414.184745,0.00,1,False
1901,08/27/2025 00:00:00,,03013,150,0003,11/17/2027 00:00:00,244.195276,36629.291472,0.00,1,False
1902,08/30/2025 00:00:00,,03087,625,0004,11/17/2027 00:00:00,20.305846,12691.153746,0.00,1,False
1903,08/30/2025 00:00:00,,03113,525,0004,11/17/2027 00:00:00,90.000000,47250.000000,0.00,1,False
1904,08/30/2025 00:00:00,,03163,125,0005,11/17/2027 00:00:00,20.000000,2500.000000,0.00,1,False
1905,08/30/2025 00:00:00,,03001,25,0008,11/17/2027 00:00:00,15.800488,395.012194,0.00,1,False
1906,08/30/2025 00:00:00,,03014,25,0008,11/17/2027 00:00:00,19.000000,475.000000,0.00,1,False
1907,08/31/2025 00:00:00,,03146,168,0003,11/19/2027 00:00:00,164.593529,27651.712810,0.00,1,False
1908,09/01/2025 00:00:00,,03055,4725,0006,11/27/2027 00:00:00,19.926715,94153.730000,0.00,1,False
1909,09/01/2025 00:00:00,,03021,3500,0006,11/27/2027 00:00:00,43.456833,152098.914376,0.00,1,False
1910,09/01/2025 00:00:00,,03193,100,0001,11/27/2027 00:00:00,211.923730,21192.372997,0.00,1,False
1911,09/01/2025 00:00:00,,03191,160,0001,11/27/2027 00:00:00,70.168460,11226.953616,0.00,1,False
1912,09/01/2025 00:00:00,,03190,160,0001,11/27/2027 00:00:00,57.559659,9209.545392,0.00,1,False
1913,09/01/2025 00:00:00,,03192,184,0001,11/27/2027 00:00:00,127.940147,23540.987079,0.00,1,False
1914,09/01/2025 00:00:00,,03194,220,0001,11/27/2027 00:00:00,89.986211,19796.966409,0.00,1,False
1915,09/01/2025 00:00:00,,03189,1000,0001,11/27/2027 00:00:00,66.620000,66620.000000,0.00,1,False
1916,09/02/2025 00:00:00,,03155,2008,0001,12/01/2027 00:00:00,19.928057,40015.537850,0.00,1,False
1917,09/02/2025 00:00:00,,03001,325,0012,12/01/2027 00:00:00,18.961612,6162.523820,0.00,1,False
1918,09/02/2025 00:00:00,,03163,375,0008,12/01/2027 00:00:00,21.333333,8000.000000,0.00,1,False
1919,09/03/2025 00:00:00,,03091,475,0003,12/01/2028 00:00:00,57.117163,27130.652349,0.00,1,False
1920,09/03/2025 00:00:00,,03094,560,0003,12/01/2028 00:00:00,99.212727,55559.127140,0.00,1,False
1921,09/03/2025 00:00:00,,03095,100,0001,12/01/2028 00:00:00,33.826416,3382.641588,0.00,1,False
1922,09/03/2025 00:00:00,,03003,608,0009,12/01/2028 00:00:00,24.701863,15018.732877,0.00,1,False
1923,09/03/2025 00:00:00,,03165,40,0004,12/01/2028 00:00:00,16.865936,674.637421,0.00,1,False
1924,09/03/2025 00:00:00,,03153,125,0001,12/01/2028 00:00:00,20.247223,2530.902850,0.00,1,False
1925,09/03/2025 00:00:00,,03182,120,0001,12/01/2028 00:00:00,19.153502,2298.420239,0.00,1,False
1926,09/03/2025 00:00:00,,03043,150,0001,12/01/2028 00:00:00,82.506187,12375.928067,0.00,1,False
1927,09/03/2025 00:00:00,,03163,5725,0009,12/01/2028 00:00:00,20.262009,116000.000000,0.00,1,False
1928,09/03/2025 00:00:00,,03029,100,0003,12/01/2028 00:00:00,40.768378,4076.837767,0.00,1,False
1929,09/04/2025 00:00:00,,03087,2475,0004,12/01/2028 00:00:00,18.779204,46478.528834,0.00,1,False
1930,09/04/2025 00:00:00,,03093,60,0001,12/01/2028 00:00:00,210.859972,12651.598345,0.00,1,False
1931,09/04/2025 00:00:00,,03014,72,0005,12/01/2028 00:00:00,19.000000,1368.000000,0.00,1,False
1932,09/07/2025 00:00:00,,03113,36200,0004,12/01/2027 00:00:00,20.552486,744000.000000,0.00,1,False
1933,09/07/2025 00:00:00,,03002,750,0008,12/01/2027 00:00:00,21.333333,16000.000000,0.00,1,False
1934,09/09/2025 00:00:00,,03002,20075,0007,12/01/2027 00:00:00,20.099626,403500.000000,0.00,1,False
1935,09/09/2025 00:00:00,,03003,904,0011,12/01/2027 00:00:00,12.806950,11577.482400,0.00,1,False
1936,09/09/2025 00:00:00,,03114,220,0002,12/01/2027 00:00:00,19.949474,4388.884267,0.00,1,False
1937,09/09/2025 00:00:00,,03106,210,0003,12/01/2027 00:00:00,9.862300,2071.083000,0.00,1,False
1938,09/09/2025 00:00:00,,03165,240,0004,12/01/2027 00:00:00,10.783028,2587.926690,0.00,1,False
1939,09/09/2025 00:00:00,,03001,1000,0012,12/01/2027 00:00:00,18.118909,18118.908925,0.00,1,False
1940,09/10/2025 00:00:00,,03143,60,0001,12/01/2027 00:00:00,81.757445,4905.446718,0.00,1,False
1941,09/10/2025 00:00:00,,03084,60,0001,12/01/2027 00:00:00,32.786223,1967.173403,0.00,1,False
1942,09/10/2025 00:00:00,,03172,125,0001,12/01/2027 00:00:00,35.309395,4413.674434,0.00,1,False
1943,09/10/2025 00:00:00,,03119,200,0004,12/01/2027 00:00:00,94.608099,18921.619831,0.00,1,False
1944,09/10/2025 00:00:00,,03029,100,0005,12/01/2028 00:00:00,36.268378,3626.837767,0.00,1,False
1945,09/10/2025 00:00:00,,03011,240,0009,12/01/2027 00:00:00,101.468318,24352.396357,0.00,1,False
1946,09/10/2025 00:00:00,,03175,1275,0003,12/01/2027 00:00:00,40.068715,51087.611600,0.00,1,False
1947,09/10/2025 00:00:00,,03097,1000,0011,12/01/2027 00:00:00,91.808378,91808.377670,0.00,1,False
1948,09/11/2025 00:00:00,,03135,60,0001,12/01/2027 00:00:00,159.627331,9577.639840,0.00,1,False
1949,09/11/2025 00:00:00,,03035,60,0001,12/01/2027 00:00:00,34.043150,2042.588978,0.00,1,False
1950,09/11/2025 00:00:00,,03003,498,0012,12/01/2027 00:00:00,18.577953,9251.820817,0.00,1,False
1951,09/11/2025 00:00:00,,03014,1225,0012,12/01/2027 00:00:00,19.387755,23750.000000,0.00,1,False
1952,09/11/2025 00:00:00,,03018,150,0004,12/01/2027 00:00:00,35.863916,5379.587439,0.00,1,False
1953,09/11/2025 00:00:00,,03023,375,0008,12/01/2027 00:00:00,21.239215,7964.705800,0.00,1,False
1954,09/13/2025 00:00:00,,03001,2350,0011,12/01/2027 00:00:00,16.342421,38404.689580,0.00,1,False
1955,09/13/2025 00:00:00,,03160,100,0002,12/01/2027 00:00:00,120.431665,12043.166480,0.00,1,False
1956,09/07/2025 00:00:00,,03010,20,0001,12/01/2027 00:00:00,48.240033,964.800650,0.00,1,False
1957,09/14/2025 00:00:00,,03001,1225,0012,12/09/2027 00:00:00,16.924978,20733.097500,0.00,1,False
1958,09/14/2025 00:00:00,,03100,800,0004,12/09/2027 00:00:00,18.289846,14631.876795,0.00,1,False
1959,09/14/2025 00:00:00,,03153,500,0005,12/09/2027 00:00:00,18.987456,9493.728000,0.00,1,False
1960,09/14/2025 00:00:00,,03163,500,0004,12/09/2027 00:00:00,18.384320,9192.160000,0.00,1,False
1961,09/14/2025 00:00:00,,03014,375,0012,12/09/2027 00:00:00,20.266667,7600.000000,0.00,1,False
1962,09/15/2025 00:00:00,,03182,1550,0006,12/09/2027 00:00:00,18.289846,28349.261290,0.00,1,False
1963,09/15/2025 00:00:00,,03163,2925,0009,12/09/2027 00:00:00,18.108417,52967.118720,0.00,1,False
1964,09/15/2025 00:00:00,,03014,125,0012,12/09/2027 00:00:00,21.280000,2660.000000,0.00,1,False
1965,09/15/2025 00:00:00,,03101,100,0006,12/09/2027 00:00:00,29.574046,2957.404608,0.00,1,False
1966,09/15/2025 00:00:00,,03086,120,0003,12/09/2027 00:00:00,20.000000,2400.000000,0.00,1,False
1967,09/16/2025 00:00:00,,03111,1250,0004,12/09/2027 00:00:00,26.421036,33026.294953,0.00,1,False
1968,09/16/2025 00:00:00,,03195,588,0001,12/09/2027 00:00:00,649.347287,381816.204720,0.00,1,False
1969,09/17/2025 00:00:00,,03135,100,0003,12/09/2027 00:00:00,87.927331,8792.733066,0.00,1,False
1970,09/17/2025 00:00:00,,03014,1500,0012,12/09/2027 00:00:00,20.266667,30400.000000,0.00,1,False
1971,09/17/2025 00:00:00,,03153,125,0002,12/09/2027 00:00:00,17.880000,2235.000000,0.00,1,False
1972,09/17/2025 00:00:00,,03182,1750,0006,12/09/2027 00:00:00,24.911304,43594.781712,0.00,1,False
1973,09/17/2025 00:00:00,,03146,360,0003,12/09/2027 00:00:00,166.706663,60014.398696,0.00,1,False
1974,09/18/2025 00:00:00,,03104,1000,0009,12/10/2027 00:00:00,75.488872,75488.872090,0.00,1,False
1975,09/18/2025 00:00:00,,03182,600,0006,12/10/2027 00:00:00,20.343563,12206.137616,0.00,1,False
1976,09/18/2025 00:00:00,,03151,900,0008,12/10/2027 00:00:00,42.335378,38101.839804,0.00,1,False
1977,09/18/2025 00:00:00,,03043,60,0004,12/10/2027 00:00:00,313.187666,18791.259954,0.00,1,False
1978,09/18/2025 00:00:00,,03153,100,0003,12/10/2027 00:00:00,17.800000,1780.000000,0.00,1,False
1979,09/18/2025 00:00:00,,03157,6125,0004,12/10/2027 00:00:00,20.934122,128221.500000,0.00,1,False
1980,09/18/2025 00:00:00,,03014,2450,0012,12/10/2027 00:00:00,19.387755,47500.000000,0.00,1,False
1981,09/18/2025 00:00:00,,03002,6275,0005,12/10/2027 00:00:00,20.318725,127500.000000,0.00,1,False
1982,09/18/2025 00:00:00,,03192,200,0001,12/10/2027 00:00:00,102.190147,20438.029434,0.00,1,False
1983,09/18/2025 00:00:00,,03193,260,0001,12/10/2027 00:00:00,190.615609,49560.058427,0.00,1,False
1984,09/18/2025 00:00:00,,03194,100,0001,12/10/2027 00:00:00,57.707743,5770.774256,0.00,1,False
1985,09/20/2025 00:00:00,,03002,1250,0004,12/10/2027 00:00:00,20.800000,26000.000000,0.00,1,False
1986,09/20/2025 00:00:00,,03023,1150,0007,12/10/2027 00:00:00,19.886957,22870.000000,0.00,1,False
1987,09/20/2025 00:00:00,,03001,1000,0012,12/10/2027 00:00:00,15.700650,15700.650340,0.00,1,False
1988,09/20/2025 00:00:00,,03182,500,0006,12/10/2027 00:00:00,22.433219,11216.609677,0.00,1,False
1989,09/20/2025 00:00:00,,03019,250,0004,12/10/2027 00:00:00,92.066842,23016.710500,0.00,1,False
1990,09/20/2025 00:00:00,,03086,40,0001,12/10/2027 00:00:00,7.500000,300.000000,0.00,1,False
1991,09/21/2025 00:00:00,,03196,9050,0001,12/10/2027 00:00:00,21.325967,193000.000000,0.00,1,False
1992,09/21/2025 00:00:00,,03014,2500,0012,12/10/2027 00:00:00,23.000000,57500.000000,0.00,1,False
1993,09/21/2025 00:00:00,,03053,3125,0002,12/10/2027 00:00:00,25.864672,80827.099738,0.00,1,False
1994,09/21/2025 00:00:00,,03011,120,0004,12/10/2027 00:00:00,55.317110,6638.053205,0.00,1,False
1995,09/21/2025 00:00:00,,03177,120,0001,12/10/2027 00:00:00,83.870013,10064.401598,0.00,1,False
1996,09/22/2025 00:00:00,,03196,5000,0001,12/10/2027 00:00:00,11.000000,55000.000000,0.00,1,False
1997,09/22/2025 00:00:00,,03163,250,0005,12/10/2027 00:00:00,17.000000,4250.000000,0.00,1,False
1998,09/22/2025 00:00:00,,03003,32,0008,12/10/2027 00:00:00,25.111910,803.581121,0.00,1,False
1999,09/22/2025 00:00:00,,03019,255,0004,12/10/2027 00:00:00,80.906782,20631.229400,0.00,1,False
2000,09/22/2025 00:00:00,,03001,2200,0012,12/10/2027 00:00:00,18.785863,41328.898700,0.00,1,False
2001,09/23/2025 00:00:00,,03191,200,0001,12/16/2027 00:00:00,83.094133,16618.826580,0.00,1,False
2002,09/23/2025 00:00:00,,03197,120,0001,12/16/2027 00:00:00,103.486356,12418.362736,0.00,1,False
2003,09/23/2025 00:00:00,,03054,300,0003,12/16/2027 00:00:00,63.636860,19091.058093,0.00,1,False
2004,09/23/2025 00:00:00,,03140,1250,0002,12/16/2027 00:00:00,19.760000,24700.000000,0.00,1,False
2006,09/23/2025 00:00:00,,03075,120,0002,12/16/2027 00:00:00,65.887046,7906.445505,0.00,1,False
2007,09/23/2025 00:00:00,,03162,625,0002,12/16/2027 00:00:00,24.559826,15349.890963,0.00,1,False
2008,09/24/2025 00:00:00,,03155,2000,0002,12/16/2027 00:00:00,19.635140,39270.279072,0.00,1,False
2009,09/24/2025 00:00:00,,03104,150,0008,12/16/2027 00:00:00,42.919826,6437.973831,0.00,1,False
2010,09/25/2025 00:00:00,,03027,60,0004,12/17/2027 00:00:00,50.293507,3017.610401,0.00,1,False
2011,09/25/2025 00:00:00,,03151,500,0006,12/17/2027 00:00:00,43.106043,21553.021633,0.00,1,False
2012,09/25/2025 00:00:00,,03182,300,0007,12/17/2027 00:00:00,21.034851,6310.455191,0.00,1,False
2013,09/25/2025 00:00:00,,03163,250,0004,12/17/2027 00:00:00,20.400000,5100.000000,0.00,1,False
2014,09/25/2025 00:00:00,,03165,250,0006,12/17/2027 00:00:00,15.158253,3789.563335,0.00,1,False
2015,09/25/2025 00:00:00,,03018,100,0004,12/17/2027 00:00:00,35.853767,3585.376670,0.00,1,False
2016,09/25/2025 00:00:00,,03003,150,0004,12/17/2027 00:00:00,24.861910,3729.286506,0.00,1,False
2017,09/26/2025 00:00:00,,03157,20075,0004,12/17/2027 00:00:00,19.161071,384658.500000,0.00,1,False
2018,09/26/2025 00:00:00,,03014,10000,0013,12/17/2027 00:00:00,15.804200,158042.000000,0.00,1,False
2019,09/26/2025 00:00:00,,03151,1250,0006,12/17/2027 00:00:00,37.371974,46714.967443,0.00,1,False
2020,09/26/2025 00:00:00,,03144,425,0004,12/17/2027 00:00:00,79.435040,33759.892000,0.00,1,False
2021,09/27/2025 00:00:00,,03029,60,0003,12/17/2027 00:00:00,32.268922,1936.135313,0.00,1,False
2022,09/27/2025 00:00:00,,03035,180,0003,12/17/2027 00:00:00,34.022851,6124.113092,0.00,1,False
2023,09/27/2025 00:00:00,,03027,60,0002,12/17/2027 00:00:00,50.293507,3017.610401,0.00,1,False
2024,09/27/2025 00:00:00,,03084,100,0003,12/17/2027 00:00:00,97.246095,9724.609486,0.00,1,False
2025,09/27/2025 00:00:00,,03160,40,0001,12/17/2027 00:00:00,120.438543,4817.541724,0.00,1,False
2026,09/27/2025 00:00:00,,03011,220,008,12/17/2027 00:00:00,72.014330,15843.152509,0.00,1,False
2027,09/27/2025 00:00:00,,03120,100,0004,12/17/2027 00:00:00,50.293507,5029.350668,0.00,1,False
2028,09/28/2025 00:00:00,,03104,500,0011,12/17/2027 00:00:00,22.919826,11459.912770,0.00,1,False
2029,09/28/2025 00:00:00,,03131,120,0002,12/17/2027 00:00:00,32.569093,3908.291139,0.00,1,False
2030,09/28/2025 00:00:00,,03001,625,0014,12/17/2027 00:00:00,16.545000,10340.625000,0.00,1,False
2031,09/28/2025 00:00:00,,03086,180,0001,12/17/2027 00:00:00,6.666667,1200.000000,0.00,1,False
2032,09/29/2025 00:00:00,,03001,3350,0014,12/17/2027 00:00:00,17.716418,59350.000000,0.00,1,False
2033,09/29/2025 00:00:00,,03003,220,0008,12/17/2027 00:00:00,24.276832,5340.902983,0.00,1,False
2034,09/23/2025 00:00:00,,03137,360,0002,12/07/2027 00:00:00,45.613135,16420.728630,0.00,1,False
2035,09/30/2025 00:00:00,,03088,1000,0004,12/18/2027 00:00:00,16.000000,16000.000000,0.00,1,False
2036,09/30/2025 00:00:00,,03003,60,0008,12/18/2027 00:00:00,24.767129,1486.027763,0.00,1,False
2037,09/30/2025 00:00:00,,03019,145,0004,12/18/2027 00:00:00,25.294116,3667.646820,0.00,1,False
2038,09/30/2025 00:00:00,,03198,240,0001,12/18/2027 00:00:00,26.666067,6399.856128,0.00,1,False
2039,09/30/2025 00:00:00,,03163,250,0012,12/18/2027 00:00:00,17.000000,4250.000000,0.00,1,False
2040,09/30/2025 00:00:00,,03157,500,0006,12/18/2027 00:00:00,18.556000,9278.000000,0.00,1,False
2041,10/01/2025 00:00:00,,03165,50,0004,12/25/2027 00:00:00,3.919297,195.964861,0.00,1,False
2042,10/01/2025 00:00:00,,03043,30,0001,12/25/2027 00:00:00,26.732533,801.975990,0.00,1,False
2043,10/01/2025 00:00:00,,03003,54,0006,12/25/2027 00:00:00,24.767129,1337.424987,0.00,1,False
2044,10/01/2025 00:00:00,,03160,100,0001,12/25/2027 00:00:00,113.882719,11388.271858,0.00,1,False
2045,10/01/2025 00:00:00,,03027,60,0003,12/25/2027 00:00:00,47.015594,2820.935665,0.00,1,False
2046,10/01/2025 00:00:00,,03199,100,0001,12/25/2027 00:00:00,25.936180,2593.617954,0.00,1,False
2047,10/04/2025 00:00:00,,03021,2200,0006,12/25/2027 00:00:00,44.484716,97866.374389,0.00,1,False
2048,10/04/2025 00:00:00,,03001,3000,0014,12/25/2027 00:00:00,32.046442,96139.327475,0.00,1,False
2049,10/04/2025 00:00:00,,03019,16,0001,12/25/2027 00:00:00,25.294116,404.705856,0.00,1,False
2050,10/05/2025 00:00:00,,03184,5100,0003,01/03/2027 00:00:00,10.196078,52000.000000,0.00,1,False
2051,10/05/2025 00:00:00,,03001,5500,0014,01/03/2027 00:00:00,18.142458,99783.517700,0.00,1,False
2052,10/05/2025 00:00:00,,03163,6025,0012,01/03/2027 00:00:00,17.352697,104550.000000,0.00,1,False
2053,10/07/2025 00:00:00,,03112,2500,0008,01/03/2027 00:00:00,14.560000,36400.000000,0.00,1,False
2054,10/07/2025 00:00:00,,03148,240,0005,01/03/2027 00:00:00,0.144000,34.560000,0.00,1,False
2055,10/08/2025 00:00:00,,03014,7275,0014,01/03/2027 00:00:00,14.048110,102200.000000,0.00,1,False
2056,10/08/2025 00:00:00,,03151,2500,0004,01/03/2027 00:00:00,46.143316,115358.290315,0.00,1,False
2057,10/08/2025 00:00:00,,03019,615,0008,01/04/2027 00:00:00,39.957392,24573.796200,0.00,1,False
2058,10/08/2025 00:00:00,,03182,800,0006,01/04/2027 00:00:00,17.066881,13653.505133,0.00,1,False
2059,10/08/2025 00:00:00,,03165,100,0006,01/04/2027 00:00:00,3.919297,391.929721,0.00,1,False
2060,10/08/2025 00:00:00,,03018,100,0005,01/04/2027 00:00:00,32.958986,3295.898605,0.00,1,False
2061,10/08/2025 00:00:00,,03003,50,0005,01/04/2027 00:00:00,27.154925,1357.746230,0.00,1,False
2062,10/08/2025 00:00:00,,03043,90,0004,01/04/2027 00:00:00,108.259753,9743.377747,0.00,1,False
2063,10/09/2025 00:00:00,,03163,2500,008,01/04/2027 00:00:00,17.680000,44200.000000,0.00,1,False
2064,10/09/2025 00:00:00,,03104,1825,0011,01/05/2027 00:00:00,98.124777,179077.717750,0.00,1,False
2065,10/09/2025 00:00:00,,03020,1000,0008,01/05/2027 00:00:00,255.710810,255710.809592,0.00,1,False
2066,10/11/2025 00:00:00,,03163,6850,0012,01/05/2027 00:00:00,17.372263,119000.000000,0.00,1,False
2067,10/11/2025 00:00:00,,03014,5500,0014,01/05/2027 00:00:00,19.103025,105066.640000,0.00,1,False
2068,10/11/2025 00:00:00,,03102,500,0006,01/05/2027 00:00:00,127.465290,63732.645059,0.00,1,False
2069,10/11/2025 00:00:00,,03089,640,0006,01/05/2027 00:00:00,108.826482,69648.948173,0.00,1,False
2070,10/12/2025 00:00:00,,03190,260,0001,01/05/2027 00:00:00,207.714841,54005.858695,0.00,1,False
2071,10/12/2025 00:00:00,,03192,200,0001,01/05/2027 00:00:00,75.574559,15114.911836,0.00,1,False
2072,10/12/2025 00:00:00,,03001,3600,0015,01/05/2027 00:00:00,17.581392,63293.011800,0.00,1,False
2073,10/12/2025 00:00:00,,03090,460,0004,01/05/2027 00:00:00,88.592501,40752.550675,0.00,1,False
2074,10/12/2025 00:00:00,,03101,320,0004,01/05/2027 00:00:00,53.383868,17082.837773,0.00,1,False
2075,10/12/2025 00:00:00,,03091,340,0008,01/05/2027 00:00:00,53.860530,18312.580330,0.00,1,False
2076,10/12/2025 00:00:00,,03148,120,0004,01/05/2027 00:00:00,36.554199,4386.503937,0.00,1,False
2077,10/12/2025 00:00:00,,03084,100,0002,01/05/2027 00:00:00,89.810047,8981.004684,0.00,1,False
2078,10/12/2025 00:00:00,,03093,140,0003,01/05/2027 00:00:00,226.163989,31662.958462,0.00,1,False
2079,10/12/2025 00:00:00,,03151,2500,0006,01/05/2027 00:00:00,47.442222,118605.553970,0.00,1,False
2080,10/12/2025 00:00:00,,03182,2450,0003,01/05/2027 00:00:00,18.912545,46335.734469,0.00,1,False
2081,10/12/2025 00:00:00,,03087,500,0004,01/05/2027 00:00:00,19.704381,9852.190708,0.00,1,False
2082,10/13/2025 00:00:00,,03120,220,0003,01/05/2027 00:00:00,47.015594,10343.430772,0.00,1,False
2083,10/13/2025 00:00:00,,03011,280,0008,01/05/2027 00:00:00,113.120310,31673.686852,0.00,1,False
2084,10/13/2025 00:00:00,,03160,100,0001,01/05/2027 00:00:00,135.714435,13571.443468,0.00,1,False
2085,10/13/2025 00:00:00,,03029,100,0006,01/05/2027 00:00:00,48.610796,4861.079550,0.00,1,False
2086,10/13/2025 00:00:00,,03003,100,0009,01/05/2027 00:00:00,27.154925,2715.492460,0.00,1,False
2087,10/13/2025 00:00:00,,03149,320,0001,01/05/2027 00:00:00,37.977308,12152.738500,0.00,1,False
2088,10/13/2025 00:00:00,,03119,100,0004,01/05/2027 00:00:00,78.638996,7863.899605,0.00,1,False
2089,10/13/2025 00:00:00,,03104,500,0006,01/05/2027 00:00:00,82.180339,41090.169695,0.00,1,False
2090,10/14/2025 00:00:00,,03147,1250,0004,01/05/2027 00:00:00,17.115402,21394.252900,0.00,1,False
2091,10/14/2025 00:00:00,,03022,500,0003,01/05/2027 00:00:00,26.106601,13053.300255,0.00,1,False
2092,10/14/2025 00:00:00,,03009,40,0003,01/05/2027 00:00:00,69.957407,2798.296288,0.00,1,False
2093,10/14/2025 00:00:00,,03026,40,0001,01/05/2027 00:00:00,106.748907,4269.956268,0.00,1,False
2094,10/14/2025 00:00:00,,03035,40,0001,01/05/2027 00:00:00,39.144938,1565.797530,0.00,1,False
2095,10/14/2025 00:00:00,,03034,40,0001,01/05/2027 00:00:00,16.150000,646.000000,0.00,1,False
2096,10/14/2025 00:00:00,,03200,500,0001,01/05/2027 00:00:00,152.264303,76132.151520,0.00,1,False
2097,10/15/2025 00:00:00,,03110,2500,0004,01/05/2027 00:00:00,16.367763,40919.407080,0.00,1,False
2098,10/15/2025 00:00:00,,03052,660,0008,01/05/2027 00:00:00,160.144596,105695.433623,0.00,1,False
2099,10/16/2025 00:00:00,,03142,100,0001,01/05/2027 00:00:00,102.293290,10229.329046,0.00,1,False
2100,10/16/2025 00:00:00,,03197,225,0001,01/05/2027 00:00:00,114.648747,25795.968171,0.00,1,False
2101,10/16/2025 00:00:00,,03035,60,0001,01/05/2027 00:00:00,39.144938,2348.696295,0.00,1,False
2102,10/16/2025 00:00:00,,03027,60,0004,01/05/2027 00:00:00,151.182261,9070.935665,0.00,1,False
2103,10/16/2025 00:00:00,,03135,100,0002,01/05/2027 00:00:00,160.948492,16094.849174,0.00,1,False
2104,10/16/2025 00:00:00,,03003,120,0008,01/05/2027 00:00:00,27.154925,3258.590952,0.00,1,False
2105,10/18/2025 00:00:00,,03100,1311,0005,01/17/2027 00:00:00,19.704381,25832.444036,0.00,1,False
2106,10/18/2025 00:00:00,,03001,750,0014,01/17/2027 00:00:00,16.507352,12380.513828,0.00,1,False
2107,10/18/2025 00:00:00,,03182,1000,0006,01/17/2027 00:00:00,19.704381,19704.381416,0.00,1,False
2108,10/19/2025 00:00:00,,03089,155,0003,01/17/2027 00:00:00,85.609034,13269.400295,0.00,1,False
2109,10/19/2025 00:00:00,,03092,200,0003,01/17/2027 00:00:00,187.328914,37465.782795,0.00,1,False
2110,10/19/2025 00:00:00,,03148,320,0003,01/17/2027 00:00:00,70.239491,22476.637105,0.00,1,False
2111,10/19/2025 00:00:00,,03150,1080,0003,01/17/2027 00:00:00,28.139624,30390.794420,0.00,1,False
2112,10/20/2025 00:00:00,,03163,1750,0009,01/18/2027 00:00:00,17.485714,30600.000000,0.00,1,False
2113,10/20/2025 00:00:00,,03157,1250,0003,01/18/2027 00:00:00,15.318704,19148.380000,0.00,1,False
2114,10/20/2025 00:00:00,,03153,500,0004,01/18/2027 00:00:00,17.752380,8876.190000,0.00,1,False
2115,10/21/2025 00:00:00,,03023,500,0007,01/18/2027 00:00:00,18.585710,9292.855000,0.00,1,False
2116,10/21/2025 00:00:00,,03182,550,0006,01/18/2027 00:00:00,19.704381,10837.409779,0.00,1,False
2117,10/22/2025 00:00:00,,03034,200,0003,01/18/2027 00:00:00,57.081173,11416.234563,0.00,1,False
2118,10/22/2025 00:00:00,,03170,220,0003,01/18/2027 00:00:00,19.370257,4261.456635,0.00,1,False
2119,10/22/2025 00:00:00,,03201,500,0001,01/18/2027 00:00:00,67.239473,33619.736500,0.00,1,False
2120,10/23/2025 00:00:00,,03001,5125,0014,01/18/2027 00:00:00,16.633954,85249.011800,0.00,1,False
2121,10/23/2025 00:00:00,,03202,500,0001,01/19/2027 00:00:00,44.557612,22278.806145,0.00,1,False
2122,10/23/2025 00:00:00,,03019,103,0005,01/19/2027 00:00:00,65.465783,6742.975700,0.00,1,False
2123,10/23/2025 00:00:00,,03182,1655,0006,01/19/2027 00:00:00,21.423082,35455.201040,0.00,1,False
2124,10/23/2025 00:00:00,,03153,750,0004,01/19/2027 00:00:00,17.752380,13314.285000,0.00,1,False
2125,10/23/2025 00:00:00,,03165,90,0004,01/19/2027 00:00:00,3.919297,352.736749,0.00,1,False
2126,10/23/2025 00:00:00,,03014,1100,0012,01/19/2027 00:00:00,18.761900,20638.090000,0.00,1,False
2127,10/23/2025 00:00:00,,03018,30,0002,01/19/2027 00:00:00,32.958986,988.769582,0.00,1,False
2128,10/23/2025 00:00:00,,03012,80,0003,01/19/2027 00:00:00,27.619490,2209.559209,0.00,1,False
2129,10/23/2025 00:00:00,,03003,180,0004,01/20/2027 00:00:00,16.115939,2900.868939,0.00,1,False
2130,10/25/2025 00:00:00,,03182,1250,0008,01/20/2027 00:00:00,20.036381,25045.476770,0.00,1,False
2131,10/25/2025 00:00:00,,03163,1500,0004,01/20/2027 00:00:00,16.154000,24231.000000,0.00,1,False
2132,10/25/2025 00:00:00,,03153,500,0004,01/20/2027 00:00:00,16.952380,8476.190000,0.00,1,False
2133,10/26/2025 00:00:00,,03054,252,0001,01/20/2027 00:00:00,53.985835,13604.430536,0.00,1,False
2134,10/26/2025 00:00:00,,03142,100,0003,01/20/2027 00:00:00,93.948846,9394.884601,0.00,1,False
2135,10/26/2025 00:00:00,,03002,125,0003,01/20/2027 00:00:00,28.000000,3500.000000,0.00,1,False
2136,10/26/2025 00:00:00,,03100,2000,0005,01/20/2027 00:00:00,20.181852,40363.703540,0.00,1,False
2137,10/26/2025 00:00:00,,03003,320,0004,01/20/2027 00:00:00,24.123191,7719.421072,0.00,1,False
2138,10/26/2025 00:00:00,,03010,60,0003,01/20/2027 00:00:00,91.770357,5506.221439,0.00,1,False
2139,10/27/2025 00:00:00,,03155,1404,0003,01/20/2027 00:00:00,12.158235,17070.161885,0.00,1,False
2140,10/28/2025 00:00:00,,03003,40,0005,01/21/2027 00:00:00,24.123191,964.927634,0.00,1,False
2141,10/29/2025 00:00:00,,03113,31750,0003,01/21/2027 00:00:00,25.196850,800000.000000,0.00,1,False
2142,10/29/2025 00:00:00,,03120,120,0004,01/21/2027 00:00:00,53.118737,6374.248383,0.00,1,False
2143,10/29/2025 00:00:00,,03003,720,0005,01/21/2027 00:00:00,24.123191,17368.697412,0.00,1,False
2144,10/29/2025 00:00:00,,03206,200,0001,01/21/2027 00:00:00,97.182611,19436.522115,0.00,1,False
2145,10/29/2025 00:00:00,,03054,160,0003,01/21/2027 00:00:00,53.985835,8637.733674,0.00,1,False
2146,10/29/2025 00:00:00,,03162,1250,0003,01/21/2027 00:00:00,42.687373,53359.216352,0.00,1,False
2147,10/29/2025 00:00:00,,03199,60,0001,01/21/2027 00:00:00,22.424417,1345.465004,0.00,1,False
2148,10/29/2025 00:00:00,,03075,200,0003,01/21/2027 00:00:00,55.469184,11093.836776,0.00,1,False
2149,10/29/2025 00:00:00,,03204,100,0001,01/21/2027 00:00:00,33.816753,3381.675270,0.00,1,False
2150,10/29/2025 00:00:00,,03205,120,0001,01/21/2027 00:00:00,45.604417,5472.530009,0.00,1,False
2151,10/29/2025 00:00:00,,03070,120,0003,01/21/2027 00:00:00,66.628904,7995.468478,0.00,1,False
2152,10/29/2025 00:00:00,,03027,120,0003,01/21/2027 00:00:00,71.888203,8626.584341,0.00,1,False
2153,10/29/2025 00:00:00,,03035,80,0004,01/21/2027 00:00:00,38.851691,3108.135257,0.00,1,False
2154,10/29/2025 00:00:00,,03135,100,0003,01/21/2027 00:00:00,176.040864,17604.086444,0.00,1,False
2155,10/29/2025 00:00:00,,03011,60,0003,01/21/2027 00:00:00,111.125084,6667.505069,0.00,1,False
2156,10/29/2025 00:00:00,,03010,60,0003,01/21/2027 00:00:00,104.103691,6246.221439,0.00,1,False
2157,10/30/2025 00:00:00,,03014,500,0014,01/21/2027 00:00:00,19.512376,9756.188000,0.00,1,False
2158,10/30/2025 00:00:00,,03182,875,0009,01/21/2027 00:00:00,19.340726,16923.135314,0.00,1,False
2159,10/30/2025 00:00:00,,03151,625,0004,01/21/2027 00:00:00,40.848053,25530.032929,0.00,1,False
2160,10/30/2025 00:00:00,,03179,30,0001,01/21/2027 00:00:00,80.067310,2402.019302,0.00,1,False
2161,10/30/2025 00:00:00,,03010,47,0003,01/21/2027 00:00:00,81.264490,3819.431036,0.00,1,False
2162,10/30/2025 00:00:00,,03002,1250,0005,01/21/2027 00:00:00,26.000000,32500.000000,0.00,1,False
2163,10/30/2025 00:00:00,,03019,400,0004,01/21/2027 00:00:00,29.886698,11954.679334,0.00,1,False
2164,11/02/2025 00:00:00,,03110,500,0003,02/02/2027 00:00:00,16.121594,8060.796965,0.00,1,False
2165,11/02/2025 00:00:00,,03111,500,0003,02/02/2027 00:00:00,18.480440,9240.219814,0.00,1,False
2166,11/02/2025 00:00:00,,03044,1250,0003,02/02/2027 00:00:00,102.683898,128354.872540,0.00,1,False
2167,11/02/2025 00:00:00,,03160,120,0001,02/02/2027 00:00:00,117.600508,14112.060985,0.00,1,False
2168,11/02/2025 00:00:00,,03190,200,0003,02/02/2027 00:00:00,222.698536,44539.707130,0.00,1,False
2169,11/02/2025 00:00:00,,03192,200,0003,02/02/2027 00:00:00,60.911568,12182.313576,0.00,1,False
2170,11/02/2025 00:00:00,,03191,100,0002,02/02/2027 00:00:00,68.455025,6845.502526,0.00,1,False
2171,11/02/2025 00:00:00,,03194,100,0002,02/02/2027 00:00:00,81.646908,8164.690810,0.00,1,False
2172,11/03/2025 00:00:00,,03207,1300,0001,02/03/2027 00:00:00,19.000000,24700.000000,0.00,1,False
2173,11/03/2025 00:00:00,,03184,1250,0001,02/05/2027 00:00:00,26.000000,32500.000000,0.00,1,False
2174,11/04/2025 00:00:00,,03184,2525,0001,02/05/2027 00:00:00,26.237624,66250.000000,0.00,1,False
2175,11/04/2025 00:00:00,,03002,2950,0004,02/05/2027 00:00:00,22.389831,66050.000000,0.00,1,False
2176,11/04/2025 00:00:00,,03157,6200,0001,02/11/2027 00:00:00,14.652682,90846.630000,0.00,1,False
2177,11/04/2025 00:00:00,,03182,87,0001,02/11/2027 00:00:00,20.153889,1753.388341,0.00,1,False
2178,11/04/2025 00:00:00,,03153,19,0001,02/11/2027 00:00:00,16.952380,322.095220,0.00,1,False
2179,11/04/2025 00:00:00,,03179,150,0001,02/11/2027 00:00:00,54.549452,8182.417842,0.00,1,False
2180,11/05/2025 00:00:00,,03182,1875,0003,02/11/2027 00:00:00,21.147222,39651.041830,0.00,1,False
2181,11/05/2025 00:00:00,,03163,2500,0009,02/11/2027 00:00:00,17.353680,43384.200000,0.00,1,False
2182,11/05/2025 00:00:00,,03014,125,00014,02/11/2027 00:00:00,18.761900,2345.237500,0.00,1,False
2183,11/05/2025 00:00:00,,03023,125,0004,02/11/2027 00:00:00,14.833330,1854.166250,0.00,1,False
2184,11/05/2025 00:00:00,,03172,125,0001,02/11/2027 00:00:00,35.736346,4467.043239,0.00,1,False
2185,11/05/2025 00:00:00,,03003,200,0006,02/11/2027 00:00:00,27.593551,5518.710256,0.00,1,False
2186,11/05/2025 00:00:00,,03010,200,0001,02/11/2027 00:00:00,101.402440,20280.488076,0.00,1,False
2187,11/06/2025 00:00:00,,03054,180,0001,02/11/2027 00:00:00,53.940660,9709.318820,0.00,1,False
2188,11/06/2025 00:00:00,,03070,180,0001,02/11/2027 00:00:00,68.107206,12259.297114,0.00,1,False
2189,11/06/2025 00:00:00,,03199,180,0001,02/11/2027 00:00:00,24.120236,4341.642467,0.00,1,False
2190,11/06/2025 00:00:00,,03204,180,0001,02/11/2027 00:00:00,39.772574,7159.063253,0.00,1,False
2191,11/06/2025 00:00:00,,03075,100,0001,02/11/2027 00:00:00,55.462569,5546.256908,0.00,1,False
2192,11/06/2025 00:00:00,,03206,80,0001,02/11/2027 00:00:00,73.937351,5914.988042,0.00,1,False
2193,11/06/2025 00:00:00,,03208,100,0001,02/11/2027 00:00:00,26.910692,2691.069185,0.00,1,False
2194,11/08/2025 00:00:00,,03054,240,0001,02/11/2027 00:00:00,46.940660,11265.758426,0.00,1,False
2195,11/08/2025 00:00:00,,03184,25,0001,02/11/2027 00:00:00,24.000000,600.000000,0.00,1,False
2196,11/08/2025 00:00:00,,03209,600,0001,02/11/2027 00:00:00,60.782525,36469.515055,0.00,1,False
2197,11/09/2025 00:00:00,,03163,500,0004,02/11/2027 00:00:00,17.000000,8500.000000,0.00,1,False
2198,11/09/2025 00:00:00,,03098,500,0001,02/11/2027 00:00:00,16.596550,8298.275180,0.00,1,False
2199,11/09/2025 00:00:00,,03210,500,0001,02/11/2027 00:00:00,18.360000,9180.000000,0.00,1,False
2200,11/09/2025 00:00:00,,03158,80,0001,02/11/2027 00:00:00,20.593551,1647.484102,0.00,1,False
2201,11/10/2025 00:00:00,,03104,1250,0004,02/11/2027 00:00:00,100.934060,126167.575240,0.00,1,False
2202,11/10/2025 00:00:00,,03097,1250,0004,02/11/2027 00:00:00,103.695416,129619.270580,0.00,1,False
2203,11/10/2025 00:00:00,,03119,220,0001,02/11/2027 00:00:00,84.869979,18671.395460,0.00,1,False
2204,11/10/2025 00:00:00,,03120,80,0001,02/11/2027 00:00:00,46.675961,3734.076874,0.00,1,False
2205,11/10/2025 00:00:00,,03029,100,0001,02/11/2027 00:00:00,36.316355,3631.635461,0.00,1,False
2206,11/10/2025 00:00:00,,03204,160,0001,02/11/2027 00:00:00,39.772574,6363.611780,0.00,1,False
2207,11/10/2025 00:00:00,,03205,160,0001,02/11/2027 00:00:00,51.560238,8249.638027,0.00,1,False
2208,11/11/2025 00:00:00,,03014,2500,0014,02/11/2027 00:00:00,15.504880,38762.200000,0.00,1,False
2209,11/11/2025 00:00:00,,03110,1544,0001,02/11/2027 00:00:00,18.042209,27857.170087,0.00,1,False
2210,11/12/2025 00:00:00,,03157,1750,0001,02/11/2027 00:00:00,14.765714,25840.000000,0.00,1,False
2211,11/12/2025 00:00:00,,03018,40,0001,02/11/2027 00:00:00,32.293955,1291.758204,0.00,1,False
2212,11/12/2025 00:00:00,,03182,500,0001,02/11/2027 00:00:00,21.758687,10879.343588,0.00,1,False
2213,11/12/2025 00:00:00,,03163,650,0001,02/11/2027 00:00:00,18.307692,11900.000000,0.00,1,False
2214,11/12/2025 00:00:00,,03153,500,0001,02/11/2027 00:00:00,16.800000,8400.000000,0.00,1,False
2215,11/12/2025 00:00:00,,03003,120,0001,02/11/2027 00:00:00,27.593551,3311.226154,0.00,1,False
2216,11/12/2025 00:00:00,,03043,150,0001,02/11/2027 00:00:00,70.133138,10519.970664,0.00,1,False
2217,11/12/2025 00:00:00,,03190,200,0001,02/11/2027 00:00:00,350.753012,70150.602410,0.00,1,False
2218,11/12/2025 00:00:00,,03146,132,0001,02/11/2027 00:00:00,219.146068,28927.280917,0.00,1,False
2219,11/12/2025 00:00:00,,03014,4925,0014,02/11/2027 00:00:00,14.284264,70350.000000,0.00,1,False
2220,11/13/2025 00:00:00,,03052,1800,0001,02/11/2027 00:00:00,79.223670,142602.606520,0.00,1,False
2221,11/15/2025 00:00:00,,03020,1000,0004,02/11/2027 00:00:00,82.646675,82646.675063,0.00,1,False
2222,11/15/2025 00:00:00,,03013,450,0001,02/11/2027 00:00:00,137.289123,61780.105140,0.00,1,False
2223,11/15/2025 00:00:00,,03202,520,0001,02/12/2027 00:00:00,72.776927,37844.002248,0.00,1,False
2224,11/15/2025 00:00:00,,03122,20,0001,02/12/2027 00:00:00,80.504237,1610.084735,0.00,1,False
2225,11/15/2025 00:00:00,,03176,20,0001,02/12/2027 00:00:00,127.160958,2543.219170,0.00,1,False
2226,11/15/2025 00:00:00,,03010,20,0001,02/12/2027 00:00:00,81.294016,1625.880312,0.00,1,False
2227,11/15/2025 00:00:00,,03160,20,0001,02/12/2027 00:00:00,137.994660,2759.893195,0.00,1,False
2228,11/16/2025 00:00:00,,03211,300,0001,02/12/2027 00:00:00,67.169668,20150.900382,0.00,1,False
2229,11/16/2025 00:00:00,,03019,1100,0003,02/12/2027 00:00:00,59.672727,65640.000000,0.00,1,False
2230,11/17/2025 00:00:00,,03100,2200,0003,02/12/2027 00:00:00,22.235960,48919.111787,0.00,1,False
2231,11/17/2025 00:00:00,,03087,500,0001,02/12/2027 00:00:00,20.158687,10079.343588,0.00,1,False
2232,11/18/2025 00:00:00,,03192,220,0001,02/12/2027 00:00:00,127.549247,28060.834316,0.00,1,False
2233,11/18/2025 00:00:00,,03194,100,0001,02/12/2027 00:00:00,90.196927,9019.692653,0.00,1,False
2234,11/18/2025 00:00:00,,03010,252,0003,02/12/2027 00:00:00,85.445084,21532.161116,0.00,1,False
2235,11/18/2025 00:00:00,,03060,408,0003,02/13/2027 00:00:00,104.750997,42738.406691,0.00,1,False
2236,11/18/2025 00:00:00,,03023,1250,0005,02/13/2027 00:00:00,13.700000,17125.000000,0.00,1,False
2237,11/18/2025 00:00:00,,03034,100,0001,02/13/2027 00:00:00,6.426415,642.641511,0.00,1,False
2238,11/18/2025 00:00:00,,03035,100,0001,02/13/2027 00:00:00,38.833621,3883.362057,0.00,1,False
2239,11/18/2025 00:00:00,,03102,200,0004,02/13/2027 00:00:00,147.753572,29550.714400,0.00,1,False
2240,11/18/2025 00:00:00,,03089,400,0004,02/13/2027 00:00:00,91.469392,36587.756792,0.00,1,False
2241,11/18/2025 00:00:00,,03091,200,0004,02/13/2027 00:00:00,75.238559,15047.711804,0.00,1,False
2242,11/18/2025 00:00:00,,03101,200,0004,02/13/2027 00:00:00,51.749412,10349.882494,0.00,1,False
2243,11/18/2025 00:00:00,,03084,200,0001,02/13/2027 00:00:00,70.176024,14035.204720,0.00,1,False
2244,11/18/2025 00:00:00,,03092,60,0001,02/13/2027 00:00:00,186.708254,11202.495267,0.00,1,False
2245,11/18/2025 00:00:00,,03136,250,0001,02/13/2027 00:00:00,15.120000,3780.000000,0.00,1,False
2246,11/19/2025 00:00:00,,03014,400,0014,02/13/2027 00:00:00,19.950000,7980.000000,0.00,1,False
2247,11/19/2025 00:00:00,,03011,120,0003,02/13/2027 00:00:00,58.562348,7027.481800,0.00,1,False
2248,11/19/2025 00:00:00,,03151,2150,0004,02/13/2027 00:00:00,63.916701,137420.907525,0.00,1,False
2249,11/19/2025 00:00:00,,03043,400,0001,02/13/2027 00:00:00,37.724217,15089.686734,0.00,1,False
2250,11/22/2025 00:00:00,,03163,5000,0005,02/13/2027 00:00:00,17.340000,86700.000000,0.00,1,False
2251,11/23/2025 00:00:00,,03001,5550,0008,02/13/2027 00:00:00,16.029693,88964.798534,0.00,1,False
2252,11/23/2025 00:00:00,,03014,8075,0014,02/13/2027 00:00:00,19.294118,155800.000000,0.00,1,False
2253,11/23/2025 00:00:00,,03163,7500,0008,02/13/2027 00:00:00,17.226667,129200.000000,0.00,1,False
2254,11/23/2025 00:00:00,,03003,100,0004,02/13/2027 00:00:00,20.593551,2059.355128,0.00,1,False
2255,11/23/2025 00:00:00,,03165,100,0004,02/13/2027 00:00:00,36.544622,3654.462206,0.00,1,False
2256,11/23/2025 00:00:00,,03116,200,0001,02/13/2027 00:00:00,98.697289,19739.457708,0.00,1,False
2257,11/24/2025 00:00:00,,03113,30125,0003,02/13/2027 00:00:00,18.141079,546500.000000,0.00,1,False
2258,11/25/2025 00:00:00,,03043,315,0001,02/15/2027 00:00:00,28.334940,8925.506139,0.00,1,False
2259,11/25/2025 00:00:00,,03153,275,0001,02/15/2027 00:00:00,17.800000,4895.000000,0.00,1,False
2260,11/25/2025 00:00:00,,03157,1525,0001,02/17/2027 00:00:00,18.918033,28850.000000,0.00,1,False
2261,11/25/2025 00:00:00,,03001,1750,0006,02/17/2027 00:00:00,21.286160,37250.779900,0.00,1,False
2262,11/26/2025 00:00:00,,03003,200,0006,02/17/2027 00:00:00,20.593551,4118.710256,0.00,1,False
2263,11/26/2025 00:00:00,,03019,834,0001,02/17/2027 00:00:00,35.843645,29893.600000,0.00,1,False
2264,11/27/2025 00:00:00,,03179,250,0001,02/17/2027 00:00:00,36.457135,9114.283823,0.00,1,False
2265,11/27/2025 00:00:00,,03001,1325,0006,02/17/2027 00:00:00,15.570047,20630.311960,0.00,1,False
2266,11/29/2025 00:00:00,,03054,40,0001,02/18/2027 00:00:00,54.445195,2177.807798,0.00,1,False
2267,11/29/2025 00:00:00,,03089,520,0003,02/18/2027 00:00:00,49.407692,25692.000000,0.00,1,False
2268,11/30/2025 00:00:00,,03090,240,0001,02/18/2027 00:00:00,110.546302,26531.112460,0.00,1,False
2269,11/30/2025 00:00:00,,03102,200,0001,02/18/2027 00:00:00,144.096516,28819.303120,0.00,1,False
2270,11/30/2025 00:00:00,,03101,200,0001,02/18/2027 00:00:00,61.647596,12329.519150,0.00,1,False
2271,11/30/2025 00:00:00,,03092,180,0001,02/18/2027 00:00:00,192.705984,34687.077038,0.00,1,False
2272,11/30/2025 00:00:00,,03191,100,0001,02/18/2027 00:00:00,78.721692,7872.169176,0.00,1,False
2273,11/30/2025 00:00:00,,03190,100,0001,02/18/2027 00:00:00,224.135000,22413.500000,0.00,1,False
2274,11/30/2025 00:00:00,,03192,100,0001,02/18/2027 00:00:00,116.040156,11604.015598,0.00,1,False
2275,11/30/2025 00:00:00,,03147,750,0001,02/18/2027 00:00:00,20.266667,15200.000000,0.00,1,False
2276,11/30/2025 00:00:00,,03011,200,0004,02/18/2027 00:00:00,76.230879,15246.175781,0.00,1,False
2277,11/30/2025 00:00:00,,03176,200,0001,02/18/2027 00:00:00,32.982500,6596.500000,0.00,1,False
2278,11/30/2025 00:00:00,,03091,520,0001,02/18/2027 00:00:00,62.988436,32753.986470,0.00,1,False
2279,11/30/2025 00:00:00,,03163,75,0001,02/18/2027 00:00:00,17.000000,1275.000000,0.00,1,False
2280,11/30/2025 00:00:00,,03043,4,0001,02/18/2027 00:00:00,3.350299,13.401197,0.00,1,False
2281,11/01/2025 00:00:00,,03002,13800,0001,02/18/2027 00:00:00,20.434783,282000.000000,0.00,1,False
2282,11/01/2025 00:00:00,,03021,2800,0001,02/18/2027 00:00:00,66.932083,187409.832965,0.00,1,False
2283,11/01/2025 00:00:00,,03055,2750,0001,02/18/2027 00:00:00,18.277545,50263.250000,0.00,1,False
2284,12/01/2025 00:00:00,,03189,475,0001,02/26/2027 00:00:00,17.197895,8169.000000,0.00,1,False
2285,12/01/2025 00:00:00,,03104,1750,0001,02/26/2027 00:00:00,128.773109,225352.941600,0.00,1,False
2286,12/01/2025 00:00:00,,03213,1275,0001,03/06/2027 00:00:00,4.527059,5772.000000,0.00,1,False
2287,12/01/2025 00:00:00,,03184,1250,0001,03/09/2027 00:00:00,21.600000,27000.000000,0.00,1,False
2288,12/02/2025 00:00:00,,03088,2008,0001,03/09/2027 00:00:00,36.812749,73920.000000,0.00,1,False
2289,12/02/2025 00:00:00,,03184,500,0001,03/09/2027 00:00:00,24.000000,12000.000000,0.00,1,False
2290,12/02/2025 00:00:00,,03014,250,0014,03/09/2027 00:00:00,19.960000,4990.000000,0.00,1,False
2291,12/02/2025 00:00:00,,03003,110,006,03/09/2027 00:00:00,32.938288,3623.211719,0.00,1,False
2292,12/02/2025 00:00:00,,03019,75,0001,03/09/2027 00:00:00,2.533333,190.000000,0.00,1,False
2293,12/03/2025 00:00:00,,03156,2500,0001,03/09/2027 00:00:00,24.600000,61500.000000,0.00,1,False
2294,12/03/2025 00:00:00,,03209,2500,0001,03/09/2027 00:00:00,50.584484,126461.210835,0.00,1,False
2295,12/03/2025 00:00:00,,03001,1250,0008,03/09/2027 00:00:00,16.910000,21137.500000,0.00,1,False
2296,12/04/2025 00:00:00,,03098,975,0001,03/09/2027 00:00:00,19.487179,19000.000000,0.00,1,False
2297,12/04/2025 00:00:00,,03196,1250,0001,03/09/2027 00:00:00,21.600000,27000.000000,0.00,1,False
2298,12/05/2025 00:00:00,,03021,3500,0006,03/09/2027 00:00:00,56.238597,196835.089813,0.00,1,False
2299,12/05/2025 00:00:00,,03055,2500,0006,03/09/2027 00:00:00,19.000000,47500.000000,0.00,1,False
2300,12/06/2025 00:00:00,,03044,1250,0001,03/09/2027 00:00:00,72.400000,90500.000000,0.00,1,False
2301,12/06/2025 00:00:00,,03157,250,0001,03/09/2027 00:00:00,14.892160,3723.040000,0.00,1,False
2302,12/06/2025 00:00:00,,03087,125,0001,03/09/2027 00:00:00,20.094500,2511.812500,0.00,1,False
2303,12/06/2025 00:00:00,,03011,100,0003,03/09/2027 00:00:00,88.095217,8809.521710,0.00,1,False
2304,12/06/2025 00:00:00,,03107,40,0001,03/09/2027 00:00:00,104.100000,4164.000000,0.00,1,False
2305,12/10/2025 00:00:00,,03019,500,0001,03/09/2027 00:00:00,44.650000,22325.000000,0.00,1,False
2306,12/11/2025 00:00:00,,03087,525,0001,03/09/2027 00:00:00,21.560500,11319.262500,0.00,1,False
2307,12/11/2025 00:00:00,,03209,1000,0001,03/09/2027 00:00:00,40.527583,40527.583094,0.00,1,False
2308,12/14/2025 00:00:00,,03176,300,0001,03/09/2027 00:00:00,33.000000,9900.000000,0.00,1,False
2309,12/14/2025 00:00:00,,03157,1500,0001,03/09/2027 00:00:00,11.233333,16850.000000,0.00,1,False
2310,12/14/2025 00:00:00,,03189,500,0001,03/09/2027 00:00:00,20.620000,10310.000000,0.00,1,False
2311,12/14/2025 00:00:00,,03190,100,0001,03/09/2027 00:00:00,440.924250,44092.425000,0.00,1,False
2312,12/14/2025 00:00:00,,03134,1000,0001,03/09/2027 00:00:00,20.000000,20000.000000,0.00,1,False
2313,12/14/2025 00:00:00,,03163,3000,0006,03/09/2027 00:00:00,17.566667,52700.000000,0.00,1,False
2314,12/15/2025 00:00:00,,03003,570,0006,03/10/2027 00:00:00,33.514295,19103.147865,0.00,1,False
2315,12/15/2025 00:00:00,,03214,420,0001,03/10/2027 00:00:00,188.675253,79243.606260,0.00,1,False
2316,12/15/2025 00:00:00,,03177,420,0001,03/10/2027 00:00:00,82.009443,34443.966090,0.00,1,False
2317,12/15/2025 00:00:00,,03183,420,0001,03/10/2027 00:00:00,58.763317,24680.593020,0.00,1,False
2318,12/15/2025 00:00:00,,03010,200,0003,03/10/2027 00:00:00,89.842500,17968.500000,0.00,1,False
2319,12/15/2025 00:00:00,,03120,200,0001,03/10/2027 00:00:00,51.425000,10285.000000,0.00,1,False
2320,12/15/2025 00:00:00,,03150,200,0003,03/10/2027 00:00:00,69.555165,13911.032900,0.00,1,False
2321,12/15/2025 00:00:00,,03014,1750,0012,03/10/2027 00:00:00,11.910286,20843.000000,0.00,1,False
2322,12/15/2025 00:00:00,,03165,50,0003,03/10/2027 00:00:00,24.157494,1207.874710,0.00,1,False
2323,12/15/2025 00:00:00,,03151,1250,0005,03/10/2027 00:00:00,58.578182,73222.727070,0.00,1,False
2324,12/15/2025 00:00:00,,03184,875,0001,03/10/2027 00:00:00,20.571429,18000.000000,0.00,1,False
2325,12/16/2025 00:00:00,,03054,240,0001,03/10/2027 00:00:00,55.788785,13389.308292,0.00,1,False
2326,12/16/2025 00:00:00,,03089,600,0003,03/10/2027 00:00:00,76.166072,45699.643040,0.00,1,False
2327,12/16/2025 00:00:00,,03090,400,0003,03/10/2027 00:00:00,101.088178,40435.271245,0.00,1,False
2328,12/16/2025 00:00:00,,03091,500,0003,03/10/2027 00:00:00,71.651103,35825.551270,0.00,1,False
2329,12/16/2025 00:00:00,,03102,300,0003,03/10/2027 00:00:00,158.204250,47461.275000,0.00,1,False
2330,12/16/2025 00:00:00,,03093,100,0001,03/10/2027 00:00:00,219.878249,21987.824920,0.00,1,False
2331,12/16/2025 00:00:00,,03084,100,0001,03/10/2027 00:00:00,57.404000,5740.400000,0.00,1,False
2332,12/16/2025 00:00:00,,03121,420,0001,03/10/2027 00:00:00,27.242857,11442.000000,0.00,1,False
2333,12/16/2025 00:00:00,,03011,100,0003,03/10/2027 00:00:00,95.916023,9591.602325,0.00,1,False
2334,12/16/2025 00:00:00,,03001,50,0004,03/10/2027 00:00:00,16.910000,845.500000,0.00,1,False
2335,12/18/2025 00:00:00,,03112,2500,0001,03/10/2027 00:00:00,19.000000,47500.000000,0.00,1,False
2336,12/18/2025 00:00:00,,03014,2500,0014,03/10/2027 00:00:00,19.000000,47500.000000,0.00,1,False
2337,12/18/2025 00:00:00,,03190,200,0001,03/11/2027 00:00:00,414.914250,82982.850000,0.00,1,False
2338,12/18/2025 00:00:00,,03191,100,0001,03/11/2027 00:00:00,90.991123,9099.112260,0.00,1,False
2339,12/18/2025 00:00:00,,03054,40,0001,03/11/2027 00:00:00,54.625000,2185.000000,0.00,1,False
2340,12/19/2025 00:00:00,,03001,3550,0006,03/11/2027 00:00:00,15.927465,56542.500000,0.00,1,False
2341,12/19/2025 00:00:00,,03182,750,0002,03/11/2027 00:00:00,21.845833,16384.375000,0.00,1,False
2342,12/19/2025 00:00:00,,03010,36,0003,03/11/2027 00:00:00,109.192778,3930.940000,0.00,1,False
2343,12/19/2025 00:00:00,,03029,60,0006,03/11/2027 00:00:00,74.875592,4492.535500,0.00,1,False
2344,12/19/2025 00:00:00,,03163,125,0006,03/11/2027 00:00:00,20.400000,2550.000000,0.00,1,False
2345,12/19/2025 00:00:00,,03107,60,0004,03/11/2027 00:00:00,108.079025,6484.741518,0.00,1,False
2346,12/19/2025 00:00:00,,03027,36,0003,03/11/2027 00:00:00,51.425000,1851.300000,0.00,1,False
2347,12/19/2025 00:00:00,,03151,250,0004,03/11/2027 00:00:00,74.578182,18644.545414,0.00,1,False
2348,12/20/2025 00:00:00,,03013,540,0001,03/11/2027 00:00:00,112.631852,60821.200000,0.00,1,False
2349,12/20/2025 00:00:00,,03146,240,0001,03/11/2027 00:00:00,314.287558,75429.013960,0.00,1,False
2350,12/20/2025 00:00:00,,03141,219,0001,03/11/2027 00:00:00,64.513699,14128.500000,0.00,1,False
2351,12/20/2025 00:00:00,,03216,220,0001,03/11/2027 00:00:00,183.065324,40274.371176,0.00,1,False
2352,12/20/2025 00:00:00,,03028,200,0001,03/11/2027 00:00:00,730.008759,146001.751800,0.00,1,False
2353,12/21/2025 00:00:00,,03160,100,0001,03/12/2027 00:00:00,126.908249,12690.824920,0.00,1,False
2354,12/21/2025 00:00:00,,03217,100,0001,03/12/2027 00:00:00,164.945779,16494.577940,0.00,1,False
2355,12/21/2025 00:00:00,,03187,60,0001,03/12/2027 00:00:00,61.354513,3681.270759,0.00,1,False
2356,12/21/2025 00:00:00,,03188,100,0001,03/12/2027 00:00:00,60.515446,6051.544605,0.00,1,False
2357,12/21/2025 00:00:00,,03218,60,0001,03/12/2027 00:00:00,178.325000,10699.500000,0.00,1,False
2358,12/21/2025 00:00:00,,03177,40,0001,03/12/2027 00:00:00,74.063015,2962.520580,0.00,1,False
2359,12/21/2025 00:00:00,,03034,100,0001,03/12/2027 00:00:00,50.325000,5032.500000,0.00,1,False
2360,12/21/2025 00:00:00,,03220,60,0001,03/12/2027 00:00:00,37.939906,2276.394379,0.00,1,False
2361,12/21/2025 00:00:00,,03152,250,0001,03/12/2027 00:00:00,117.258925,29314.731250,0.00,1,False
2362,12/21/2025 00:00:00,,03219,250,0001,03/12/2027 00:00:00,48.550000,12137.500000,0.00,1,False
2363,12/22/2025 00:00:00,,03163,12500,0006,03/12/2027 00:00:00,17.136000,214200.000000,0.00,1,False
2364,12/22/2025 00:00:00,,03194,100,0001,03/12/2027 00:00:00,90.916123,9091.612260,0.00,1,False
2365,12/22/2025 00:00:00,,03198,200,0001,03/12/2027 00:00:00,30.174856,6034.971232,0.00,1,False
2366,12/22/2025 00:00:00,,03201,250,0001,03/12/2027 00:00:00,148.028925,37007.231250,0.00,1,False
2367,12/22/2025 00:00:00,,03010,220,0004,03/12/2027 00:00:00,84.767273,18648.800000,0.00,1,False
2368,12/22/2025 00:00:00,,03215,200,0001,03/12/2027 00:00:00,469.762500,93952.500000,0.00,1,False
2369,12/22/2025 00:00:00,,03221,200,0001,03/12/2027 00:00:00,134.560678,26912.135650,0.00,1,False
2370,12/23/2025 00:00:00,,03003,310,0006,03/12/2027 00:00:00,33.606603,10418.046837,0.00,1,False
2371,12/23/2025 00:00:00,,03163,250,0006,03/16/2027 00:00:00,17.000000,4250.000000,0.00,1,False
2372,12/23/2025 00:00:00,,03054,360,0001,03/16/2027 00:00:00,55.825000,20097.000000,0.00,1,False
2373,12/23/2025 00:00:00,,03206,180,0001,03/16/2027 00:00:00,75.802230,13644.401445,0.00,1,False
2374,12/23/2025 00:00:00,,03070,180,0001,03/16/2027 00:00:00,92.583910,16665.103725,0.00,1,False
2375,12/23/2025 00:00:00,,03199,140,0001,03/16/2027 00:00:00,66.906816,9366.954260,0.00,1,False
2376,12/23/2025 00:00:00,,03075,140,0001,03/16/2027 00:00:00,53.890000,7544.600000,0.00,1,False
2377,12/23/2025 00:00:00,,03207,875,0001,03/16/2027 00:00:00,19.542857,17100.000000,0.00,1,False
2378,12/24/2025 00:00:00,,03170,220,0001,03/16/2027 00:00:00,26.451803,5819.396594,0.00,1,False
2379,12/24/2025 00:00:00,,03003,180,0004,03/16/2027 00:00:00,33.606603,6049.188486,0.00,1,False
2380,12/24/2025 00:00:00,,03014,1250,0012,03/16/2027 00:00:00,19.000000,23750.000000,0.00,1,False
2381,12/24/2025 00:00:00,,03110,500,0003,03/16/2027 00:00:00,18.460000,9230.000000,0.00,1,False
2382,12/24/2025 00:00:00,,03111,500,0003,03/16/2027 00:00:00,24.286846,12143.422849,0.00,1,False
2383,12/25/2025 00:00:00,,03202,1000,0001,03/16/2027 00:00:00,104.280782,104280.782428,0.00,1,False
2384,12/25/2025 00:00:00,,03035,100,0001,03/16/2027 00:00:00,48.650000,4865.000000,0.00,1,False
2385,12/25/2025 00:00:00,,03034,120,0001,03/16/2027 00:00:00,6.777179,813.261489,0.00,1,False
2386,12/25/2025 00:00:00,,03222,2500,0001,03/16/2027 00:00:00,21.844000,54610.000000,0.00,1,False
2387,12/27/2025 00:00:00,,03141,625,0001,03/16/2027 00:00:00,78.620000,49137.500000,0.00,1,False
2388,12/28/2025 00:00:00,,03141,625,0001,03/20/2027 00:00:00,78.728000,49205.000000,0.00,1,False
2389,12/28/2025 00:00:00,,03192,160,0001,03/20/2027 00:00:00,146.639250,23462.280000,0.00,1,False
2390,12/28/2025 00:00:00,,03001,250,0008,03/20/2027 00:00:00,16.910000,4227.500000,0.00,1,False
2391,12/28/2025 00:00:00,,03029,120,0006,03/20/2027 00:00:00,44.228937,5307.472404,0.00,1,False
2392,12/28/2025 00:00:00,,03089,240,0001,03/20/2027 00:00:00,94.587893,22701.094200,0.00,1,False
2393,12/28/2025 00:00:00,,03014,250,0014,03/20/2027 00:00:00,20.000000,5000.000000,0.00,1,False
2394,12/30/2025 00:00:00,,03202,200,0001,03/20/2027 00:00:00,63.580170,12716.034000,0.00,1,False
2395,12/30/2025 00:00:00,,03092,120,0001,03/20/2027 00:00:00,151.802088,18216.250530,0.00,1,False
2396,12/30/2025 00:00:00,,03148,120,0001,03/20/2027 00:00:00,4.110512,493.261489,0.00,1,False
2397,12/30/2025 00:00:00,,03211,180,0001,03/20/2027 00:00:00,62.728925,11291.206500,0.00,1,False
2398,12/30/2025 00:00:00,,03003,180,0006,03/20/2027 00:00:00,33.606603,6049.188486,0.00,1,False
2399,12/30/2025 00:00:00,,03119,200,0001,03/20/2027 00:00:00,62.564010,12512.802028,0.00,1,False
2400,12/30/2025 00:00:00,,03147,250,0001,03/20/2027 00:00:00,17.200000,4300.000000,0.00,1,False
2401,01/01/2026 00:00:00,,03052,1200,0001,04/15/2028 00:00:00,80.625000,96750.000000,0.00,1,False
2402,01/01/2026 00:00:00,,03060,240,0001,04/15/2028 00:00:00,102.500000,24600.000000,0.00,1,False
2403,01/03/2026 00:00:00,,03163,3050,0001,04/15/2028 00:00:00,18.672131,56950.000000,0.00,1,False
2404,01/03/2026 00:00:00,,03003,60,0001,04/15/2028 00:00:00,33.606603,2016.396162,0.00,1,False
2405,01/03/2026 00:00:00,,03014,875,0001,04/15/2028 00:00:00,19.542857,17100.000000,0.00,1,False
2406,01/04/2026 00:00:00,,03090,620,0001,04/15/2028 00:00:00,77.040742,47765.260000,0.00,1,False
2407,01/04/2026 00:00:00,,03092,420,0001,04/15/2028 00:00:00,151.802088,63756.876855,0.00,1,False
2408,01/04/2026 00:00:00,,03148,400,0001,04/15/2028 00:00:00,11.235512,4494.204962,0.00,1,False
2409,01/04/2026 00:00:00,,03094,300,0001,04/15/2028 00:00:00,229.138354,68741.506240,0.00,1,False
2410,01/04/2026 00:00:00,,03089,60,0001,04/15/2028 00:00:00,96.400000,5784.000000,0.00,1,False
2411,01/05/2026 00:00:00,,03196,4250,0001,04/15/2028 00:00:00,10.352941,44000.000000,0.00,1,False
2412,01/05/2026 00:00:00,,03014,810,0001,04/15/2028 00:00:00,15.740741,12750.000000,0.00,1,False
2413,01/05/2026 00:00:00,,03163,750,0001,04/15/2028 00:00:00,17.000000,12750.000000,0.00,1,False
2414,01/05/2026 00:00:00,,03134,375,0001,04/15/2028 00:00:00,21.333333,8000.000000,0.00,1,False
2415,01/05/2026 00:00:00,,03003,50,0001,04/15/2028 00:00:00,33.606603,1680.330135,0.00,1,False
2416,01/05/2026 00:00:00,,03191,200,0001,04/15/2028 00:00:00,54.159800,10831.960000,0.00,1,False
2417,01/05/2026 00:00:00,,03192,100,0001,04/15/2028 00:00:00,59.025000,5902.500000,0.00,1,False
2418,01/05/2026 00:00:00,,03189,500,0001,04/15/2028 00:00:00,18.700000,9350.000000,0.00,1,False
2419,01/05/2026 00:00:00,,03162,875,0001,04/15/2028 00:00:00,16.690004,14603.753900,0.00,1,False
2420,01/06/2026 00:00:00,,03023,250,0001,04/15/2028 00:00:00,15.500000,3875.000000,0.00,1,False
2421,01/06/2026 00:00:00,,03157,1150,0001,04/15/2028 00:00:00,18.608696,21400.000000,0.00,1,False
2422,01/06/2026 00:00:00,,03091,60,0001,04/15/2028 00:00:00,66.195000,3971.700000,0.00,1,False
2423,01/07/2026 00:00:00,JELITO ,03104,1250,0001,04/15/2028 00:00:00,29.585202,36981.502340,0.00,1,False
2424,01/08/2026 00:00:00,,03182,2700,0001,04/15/2028 00:00:00,38.362963,103580.000000,0.00,1,False
2425,01/08/2026 00:00:00,,03014,2545,0001,04/15/2028 00:00:00,15.324165,39000.000000,0.00,1,False
2426,01/08/2026 00:00:00,,03157,5100,0001,04/15/2028 00:00:00,14.791373,75436.000000,0.00,1,False
2427,01/08/2026 00:00:00,,03163,2500,0001,04/15/2028 00:00:00,17.680000,44200.000000,0.00,1,False
2428,01/08/2026 00:00:00,,03012,100,0001,04/15/2028 00:00:00,157.270000,15727.000000,0.00,1,False
2429,01/08/2026 00:00:00,,03003,220,0001,04/15/2028 00:00:00,53.494581,11768.807800,0.00,1,False
2430,01/08/2026 00:00:00,,03018,160,0001,04/15/2028 00:00:00,66.025000,10564.000000,0.00,1,False
2431,01/08/2026 00:00:00,,03150,460,0001,04/15/2028 00:00:00,52.172397,23999.302700,0.00,1,False
2432,01/08/2026 00:00:00,,03221,200,0001,04/15/2028 00:00:00,120.556009,24111.201800,0.00,1,False
2433,01/08/2026 00:00:00,,03216,220,0001,04/15/2028 00:00:00,81.020913,17824.600900,0.00,1,False
2434,01/08/2026 00:00:00,,03093,200,0001,04/15/2028 00:00:00,162.408500,32481.700000,0.00,1,False
2435,01/08/2026 00:00:00,,03197,150,0001,04/15/2028 00:00:00,131.422008,19713.301170,0.00,1,False
2436,01/08/2026 00:00:00,,03194,160,0001,04/16/2028 00:00:00,73.516250,11762.600000,0.00,1,False
2437,01/08/2026 00:00:00,,03204,200,0001,04/16/2028 00:00:00,38.437336,7687.467192,0.00,1,False
2438,01/08/2026 00:00:00,,03035,60,0001,04/16/2028 00:00:00,48.750000,2925.000000,0.00,1,False
2439,01/08/2026 00:00:00,,03034,60,0001,04/16/2028 00:00:00,0.110512,6.630744,0.00,1,False
2440,01/08/2026 00:00:00,,03011,100,0001,04/16/2028 00:00:00,105.506603,10550.660270,0.00,1,False
2441,01/08/2026 00:00:00,,03120,200,0001,04/16/2028 00:00:00,44.275000,8855.000000,0.00,1,False
2442,01/08/2026 00:00:00,,03147,375,0001,04/16/2028 00:00:00,17.200000,6450.000000,0.00,1,False
2443,01/11/2026 00:00:00,,03190,100,0001,04/16/2028 00:00:00,354.925000,35492.500000,0.00,1,False
2444,01/11/2026 00:00:00,,03223,240,0001,04/16/2028 00:00:00,56.800002,13632.000390,0.00,1,False
2445,01/11/2026 00:00:00,,03224,240,0001,04/16/2028 00:00:00,57.739463,13857.471000,0.00,1,False
2446,01/11/2026 00:00:00,,03225,240,0001,04/16/2028 00:00:00,78.125000,18750.000000,0.00,1,False
2447,01/12/2026 00:00:00,,03147,1000,0001,04/17/2028 00:00:00,15.732800,15732.800000,0.00,1,False
2448,01/12/2026 00:00:00,,03003,200,0001,04/17/2028 00:00:00,26.606603,5321.320540,0.00,1,False
2449,01/12/2026 00:00:00,,03176,140,0001,04/17/2028 00:00:00,108.500000,15190.000000,0.00,1,False
2450,01/12/2026 00:00:00,,03163,2500,0001,04/17/2028 00:00:00,17.340000,43350.000000,0.00,1,False
2451,01/12/2026 00:00:00,,03014,1250,0001,04/17/2028 00:00:00,15.600000,19500.000000,0.00,1,False
2452,01/13/2026 00:00:00,,03014,2500,0001,04/17/2028 00:00:00,15.300000,38250.000000,0.00,1,False
2453,01/13/2026 00:00:00,,03020,1000,0001,04/17/2028 00:00:00,197.430001,197430.000780,0.00,1,False
2454,01/13/2026 00:00:00,,03102,100,0001,04/17/2028 00:00:00,53.515000,5351.500000,0.00,1,False
2455,01/13/2026 00:00:00,,03150,100,0001,04/17/2028 00:00:00,75.181009,7518.100900,0.00,1,False
2456,01/13/2026 00:00:00,,03089,100,0001,04/17/2028 00:00:00,65.800000,6580.000000,0.00,1,False
2457,01/14/2026 00:00:00,,03002,5000,0001,04/17/2028 00:00:00,20.400000,102000.000000,0.00,1,False
2458,01/17/2026 00:00:00,,03190,300,0001,04/20/2028 00:00:00,226.905000,68071.500000,0.00,1,False
2459,01/17/2026 00:00:00,,03019,175,0001,04/20/2028 00:00:00,15.000000,2625.000000,0.00,1,False
2460,01/17/2026 00:00:00,,03163,2750,0001,04/20/2028 00:00:00,17.309091,47600.000000,0.00,1,False
2461,01/17/2026 00:00:00,,03003,240,0001,04/20/2028 00:00:00,43.583141,10459.953800,0.00,1,False
2462,01/17/2026 00:00:00,,03043,150,0001,04/20/2028 00:00:00,58.339167,8750.875000,0.00,1,False
2463,01/17/2026 00:00:00,,03010,20,0001,04/20/2028 00:00:00,45.290000,905.800000,0.00,1,False
2464,01/17/2026 00:00:00,,03109,40,0001,04/20/2028 00:00:00,120.225000,4809.000000,0.00,1,False
2465,01/17/2026 00:00:00,,03035,36,0001,04/20/2028 00:00:00,37.150000,1337.400000,0.00,1,False
2466,01/17/2026 00:00:00,,03153,250,0001,04/20/2028 00:00:00,17.000000,4250.000000,0.00,1,False
2467,01/18/2026 00:00:00,,03192,160,0001,04/28/2028 00:00:00,138.890625,22222.500000,0.00,1,False
2468,01/18/2026 00:00:00,,03001,500,0001,04/28/2028 00:00:00,17.010000,8505.000000,0.00,1,False
2469,01/18/2026 00:00:00,,03182,225,0001,04/28/2028 00:00:00,20.112500,4525.312500,0.00,1,False
2470,01/18/2026 00:00:00,,03084,200,0001,04/28/2028 00:00:00,74.200000,14840.000000,0.00,1,False
2471,01/18/2026 00:00:00,,03092,200,0001,04/28/2028 00:00:00,151.052088,30210.417550,0.00,1,False
2472,01/18/2026 00:00:00,,03148,200,0001,04/29/2028 00:00:00,5.923012,1184.602481,0.00,1,False
2473,01/18/2026 00:00:00,,03090,720,0001,04/29/2028 00:00:00,95.043667,68431.440000,0.00,1,False
2474,01/18/2026 00:00:00,,03150,200,0001,04/30/2028 00:00:00,56.715505,11343.100900,0.00,1,False
2475,01/18/2026 00:00:00,,03102,839,0001,04/30/2028 00:00:00,57.127753,47930.185000,0.00,1,False
2476,01/18/2026 00:00:00,,03093,120,0001,04/30/2028 00:00:00,144.163500,17299.620000,0.00,1,False
2477,01/18/2026 00:00:00,,03104,1200,0001,04/30/2028 00:00:00,61.576576,73891.891603,0.00,1,False
2478,01/18/2026 00:00:00,,03014,250,0001,04/30/2028 00:00:00,15.600000,3900.000000,0.00,1,False
2479,01/19/2026 00:00:00,,03104,1000,0001,05/01/2028 00:00:00,57.030000,57030.000000,0.00,1,False
2480,01/19/2026 00:00:00,,03091,240,0001,05/01/2028 00:00:00,45.710000,10970.400000,0.00,1,False
2481,01/19/2026 00:00:00,,03090,40,0001,05/02/2028 00:00:00,94.263000,3770.520000,0.00,1,False
2482,01/19/2026 00:00:00,,03022,1250,0001,05/02/2028 00:00:00,17.480000,21850.000000,0.00,1,False
2483,01/19/2026 00:00:00,,03014,1250,0001,05/02/2028 00:00:00,15.000000,18750.000000,0.00,1,False
2484,01/19/2026 00:00:00,,03147,150,0001,05/02/2028 00:00:00,11.333333,1700.000000,0.00,1,False
2485,01/19/2026 00:00:00,,03029,60,0001,05/02/2028 00:00:00,37.380000,2242.800000,0.00,1,False
2486,01/19/2026 00:00:00,,03149,40,0001,05/02/2028 00:00:00,41.735512,1669.420496,0.00,1,False
2487,01/19/2026 00:00:00,,03160,60,0001,05/02/2028 00:00:00,51.193500,3071.610000,0.00,1,False
2488,01/19/2026 00:00:00,,03003,60,0001,05/03/2028 00:00:00,34.106603,2046.396162,0.00,1,False
2489,01/19/2026 00:00:00,,03122,60,0001,05/03/2028 00:00:00,60.487500,3629.250000,0.00,1,False
2490,01/19/2026 00:00:00,,03011,60,0001,05/03/2028 00:00:00,117.590003,7055.400162,0.00,1,False
2491,01/19/2026 00:00:00,,03119,60,0001,05/03/2028 00:00:00,139.090000,8345.400000,0.00,1,False
2492,01/20/2026 00:00:00,,03001,1250,0001,05/03/2028 00:00:00,11.940000,14925.000000,0.00,1,False
2493,01/20/2026 00:00:00,,03026,124,0001,05/03/2028 00:00:00,66.025000,8187.100000,0.00,1,False
2494,01/20/2026 00:00:00,,03172,250,0001,05/03/2028 00:00:00,23.530000,5882.500000,0.00,1,False
2495,01/20/2026 00:00:00,,03143,100,0001,05/03/2028 00:00:00,42.810000,4281.000000,0.00,1,False
2496,01/20/2026 00:00:00,,03160,100,0001,05/03/2028 00:00:00,52.443500,5244.350000,0.00,1,False
2497,01/20/2026 00:00:00,,03226,300,0001,05/03/2028 00:00:00,99.911523,29973.456980,0.00,1,False
2498,01/20/2026 00:00:00,,03208,240,0001,05/03/2028 00:00:00,26.229684,6295.124042,0.00,1,False
2499,01/20/2026 00:00:00,,03199,240,0001,05/03/2028 00:00:00,12.815000,3075.600000,0.00,1,False
2500,01/20/2026 00:00:00,,03070,300,0001,05/03/2028 00:00:00,81.600000,24480.000000,0.00,1,False
2501,01/20/2026 00:00:00,,03054,200,0001,05/03/2028 00:00:00,56.325000,11265.000000,0.00,1,False
2502,01/21/2026 00:00:00,,03014,500,0001,05/03/2028 00:00:00,20.150000,10075.000000,0.00,1,False
2503,01/21/2026 00:00:00,,03087,300,0001,05/03/2028 00:00:00,14.830500,4449.150000,0.00,1,False
2504,01/21/2026 00:00:00,,03182,75,0001,05/03/2028 00:00:00,16.630500,1247.287500,0.00,1,False
2505,01/21/2026 00:00:00,,03001,250,0001,05/03/2028 00:00:00,11.940000,2985.000000,0.00,1,False
2506,01/21/2026 00:00:00,,03102,600,0001,05/03/2028 00:00:00,58.041667,34825.000000,0.00,1,False
2507,01/21/2026 00:00:00,,03095,400,0001,05/03/2028 00:00:00,34.220000,13688.000000,0.00,1,False
2508,01/21/2026 00:00:00,,03092,200,0001,05/03/2028 00:00:00,135.987088,27197.417550,0.00,1,False
2509,01/21/2026 00:00:00,,03136,250,0001,05/03/2028 00:00:00,20.000000,5000.000000,0.00,1,False
2510,01/22/2026 00:00:00,,03054,480,0001,05/03/2028 00:00:00,48.825000,23436.000000,0.00,1,False
2511,01/22/2026 00:00:00,,03001,425,0001,05/03/2028 00:00:00,10.552941,4485.000000,0.00,1,False
2512,01/22/2026 00:00:00,,03002,250,0001,05/03/2028 00:00:00,20.000000,5000.000000,0.00,1,False
2513,01/22/2026 00:00:00,,03234,40,0001,05/03/2028 00:00:00,186.225000,7449.000000,0.00,1,False
2514,01/22/2026 00:00:00,,03233,40,0001,05/03/2028 00:00:00,73.315303,2932.612108,0.00,1,False
2515,01/22/2026 00:00:00,,03235,40,0001,05/03/2028 00:00:00,60.271835,2410.873404,0.00,1,False
2516,01/22/2026 00:00:00,,03232,40,0001,05/03/2028 00:00:00,118.125000,4725.000000,0.00,1,False
2517,01/22/2026 00:00:00,,03229,250,0001,05/03/2028 00:00:00,20.000000,5000.000000,0.00,1,False
2518,01/22/2026 00:00:00,,03230,250,0001,05/03/2028 00:00:00,18.000000,4500.000000,0.00,1,False
2519,01/22/2026 00:00:00,,03231,250,0001,05/03/2028 00:00:00,17.000000,4250.000000,0.00,1,False
2520,01/24/2026 00:00:00,,03090,600,0001,05/03/2028 00:00:00,66.306333,39783.800000,0.00,1,False
2521,01/24/2026 00:00:00,,03089,800,0001,05/03/2028 00:00:00,51.125000,40900.000000,0.00,1,False
2522,01/24/2026 00:00:00,,03104,750,0001,05/03/2028 00:00:00,20.513333,15385.000000,0.00,1,False
2523,01/25/2026 00:00:00,,03182,600,0001,05/03/2028 00:00:00,18.663833,11198.300000,0.00,1,False
2524,01/25/2026 00:00:00,,03003,384,0001,05/03/2028 00:00:00,19.606603,7528.935437,0.00,1,False
2525,01/25/2026 00:00:00,,03172,250,0001,05/03/2028 00:00:00,22.990000,5747.500000,0.00,1,False
2526,01/26/2026 00:00:00,,03193,200,0001,05/03/2028 00:00:00,82.175000,16435.000000,0.00,1,False
2527,01/26/2026 00:00:00,,03102,20,0001,05/03/2028 00:00:00,48.125000,962.500000,0.00,1,False
2528,01/26/2026 00:00:00,,03089,20,0001,05/03/2028 00:00:00,71.300000,1426.000000,0.00,1,False
2529,01/26/2026 00:00:00,,03090,20,0001,05/03/2028 00:00:00,94.263000,1885.260000,0.00,1,False
2530,01/27/2026 00:00:00,,03202,1000,0001,05/03/2028 00:00:00,50.554640,50554.640000,0.00,1,False
2531,01/27/2026 00:00:00,,03150,260,0001,05/03/2028 00:00:00,48.043084,12491.201800,0.00,1,False
2532,01/27/2026 00:00:00,,03091,300,0001,05/03/2028 00:00:00,74.749000,22424.700000,0.00,1,False
2533,01/27/2026 00:00:00,,03183,80,0001,05/03/2028 00:00:00,56.341000,4507.280000,0.00,1,False
2534,01/27/2026 00:00:00,,03116,40,0001,05/03/2028 00:00:00,132.675000,5307.000000,0.00,1,False
2535,01/27/2026 00:00:00,,03129,40,0001,05/03/2028 00:00:00,110.550000,4422.000000,0.00,1,False
2536,01/27/2026 00:00:00,,03053,250,0001,05/03/2028 00:00:00,27.400000,6850.000000,0.00,1,False
2537,01/27/2026 00:00:00,,03147,375,0001,05/03/2028 00:00:00,14.000000,5250.000000,0.00,1,False
2538,01/27/2026 00:00:00,,03090,20,0001,05/03/2028 00:00:00,89.173000,1783.460000,0.00,1,False
2539,01/27/2026 00:00:00,,03102,20,0001,05/03/2028 00:00:00,48.125000,962.500000,0.00,1,False
2540,01/27/2026 00:00:00,,03089,20,0001,05/04/2028 00:00:00,71.300000,1426.000000,0.00,1,False
2541,01/27/2026 00:00:00,,03043,30,0001,05/04/2028 00:00:00,117.195000,3515.850000,0.00,1,False
2542,01/28/2026 00:00:00,,03097,1000,0001,05/04/2028 00:00:00,52.780000,52780.000000,0.00,1,False
2543,01/28/2026 00:00:00,,03112,2500,0001,05/04/2028 00:00:00,15.586880,38967.200000,0.00,1,False
2544,01/28/2026 00:00:00,,03111,1250,0001,05/04/2028 00:00:00,15.880346,19850.432123,0.00,1,False
2545,01/28/2026 00:00:00,,03060,240,0001,05/04/2028 00:00:00,86.100000,20664.000000,0.00,1,False
2546,01/28/2026 00:00:00,,03204,180,0001,05/04/2028 00:00:00,45.763889,8237.500000,0.00,1,False
2547,01/28/2026 00:00:00,,03207,550,0001,05/04/2028 00:00:00,19.000000,10450.000000,0.00,1,False
2548,01/28/2026 00:00:00,,03162,275,0001,05/04/2028 00:00:00,27.200000,7480.000000,0.00,1,False
2549,01/29/2026 00:00:00,,03003,220,0001,05/04/2028 00:00:00,34.656603,7624.452594,0.00,1,False
2550,01/29/2026 00:00:00,,03011,220,0001,05/04/2028 00:00:00,100.056603,22012.452594,0.00,1,False
2551,01/29/2026 00:00:00,,03236,300,0001,05/04/2028 00:00:00,54.428333,16328.500000,0.00,1,False
2552,01/31/2026 00:00:00,,03021,2500,0001,05/05/2028 00:00:00,53.991147,134977.866644,0.00,1,False
2553,01/31/2026 00:00:00,,03163,500,0001,05/05/2028 00:00:00,17.000000,8500.000000,0.00,1,False
2554,01/31/2026 00:00:00,,03003,60,0001,05/05/2028 00:00:00,56.938309,3416.298540,0.00,1,False
2555,01/31/2026 00:00:00,,03191,160,0001,05/05/2028 00:00:00,89.131580,14261.052758,0.00,1,False
2556,01/31/2026 00:00:00,,03192,160,0001,05/05/2028 00:00:00,73.515625,11762.500000,0.00,1,False
2557,01/31/2026 00:00:00,,03197,150,0001,05/05/2028 00:00:00,94.265000,14139.750000,0.00,1,False
2558,01/31/2026 00:00:00,,03189,500,0001,05/05/2028 00:00:00,35.400000,17700.000000,0.00,1,False
2559,02/01/2026 00:00:00,,03157,250,0001,05/08/2028 00:00:00,12.800000,3200.000000,0.00,1,False
2560,02/01/2026 00:00:00,,03194,160,0001,05/08/2028 00:00:00,80.293750,12847.000000,0.00,1,False
2561,02/01/2026 00:00:00,,03003,40,0001,05/08/2028 00:00:00,35.556603,1422.264108,0.00,1,False
2562,02/01/2026 00:00:00,,03001,425,0001,05/08/2028 00:00:00,14.938235,6348.750000,0.00,1,False
2563,02/01/2026 00:00:00,,03052,1368,0001,05/08/2028 00:00:00,88.911550,121631.000000,0.00,1,False
2564,02/02/2026 00:00:00,JELITO,03104,750,0001,05/09/2028 00:00:00,86.996667,65247.500000,0.00,1,False
2565,02/02/2026 00:00:00,,03232,80,0001,05/09/2028 00:00:00,118.125000,9450.000000,0.00,1,False
2566,02/02/2026 00:00:00,,03233,60,0001,05/09/2028 00:00:00,185.069363,11104.161800,0.00,1,False
2567,02/02/2026 00:00:00,,03234,100,0001,05/09/2028 00:00:00,39.525000,3952.500000,0.00,1,False
2568,02/02/2026 00:00:00,,03235,100,0001,05/09/2028 00:00:00,69.071835,6907.183510,0.00,1,False
2569,02/02/2026 00:00:00,,03003,60,0001,05/09/2028 00:00:00,40.009303,2400.558180,0.00,1,False
2570,02/02/2026 00:00:00,,03182,375,0001,05/09/2028 00:00:00,33.943833,12728.937500,0.00,1,False
2571,02/02/2026 00:00:00,,03165,10,0001,05/09/2028 00:00:00,24.257500,242.575000,0.00,1,False
2572,02/02/2026 00:00:00,,03001,750,0001,05/09/2028 00:00:00,14.850000,11137.500000,0.00,1,False
2573,02/02/2026 00:00:00,,03002,25,0001,05/14/2028 00:00:00,20.800000,520.000000,0.00,1,False
2574,02/03/2026 00:00:00,,03182,500,0001,05/14/2028 00:00:00,18.310500,9155.250000,0.00,1,False
2575,02/03/2026 00:00:00,,03001,625,0001,05/14/2028 00:00:00,15.240000,9525.000000,0.00,1,False
2576,02/03/2026 00:00:00,,03151,625,0001,05/14/2028 00:00:00,53.368593,33355.370316,0.00,1,False
2577,02/03/2026 00:00:00,,03163,375,0001,05/14/2028 00:00:00,17.453333,6545.000000,0.00,1,False
2578,02/03/2026 00:00:00,,03165,20,0001,05/14/2028 00:00:00,24.257500,485.150000,0.00,1,False
2579,02/03/2026 00:00:00,,03003,70,0001,05/14/2028 00:00:00,37.781603,2644.712189,0.00,1,False
2580,02/03/2026 00:00:00,,03014,625,0001,05/14/2028 00:00:00,19.304000,12065.000000,0.00,1,False
2581,02/03/2026 00:00:00,,03027,80,0001,05/14/2028 00:00:00,9.625000,770.000000,0.00,1,False
2582,02/03/2026 00:00:00,,03026,24,0001,05/14/2028 00:00:00,109.025000,2616.600000,0.00,1,False
2583,02/04/2026 00:00:00,,03182,500,0001,05/16/2028 00:00:00,15.810500,7905.250000,0.00,1,False
2584,02/04/2026 00:00:00,,03001,300,0001,05/16/2028 00:00:00,15.996250,4798.875000,0.00,1,False
2585,02/04/2026 00:00:00,,03163,250,0001,05/16/2028 00:00:00,18.020000,4505.000000,0.00,1,False
2586,02/04/2026 00:00:00,,03003,130,0001,05/16/2028 00:00:00,40.394619,5251.300414,0.00,1,False
2587,02/04/2026 00:00:00,,03053,1000,0001,05/16/2028 00:00:00,18.310000,18310.000000,0.00,1,False
2588,02/04/2026 00:00:00,,03011,300,0001,05/16/2028 00:00:00,117.745436,35323.630810,0.00,1,False
2589,02/04/2026 00:00:00,,03010,300,0001,05/16/2028 00:00:00,46.082000,13824.600000,0.00,1,False
2590,02/04/2026 00:00:00,,03121,200,0001,05/16/2028 00:00:00,57.440012,11488.002481,0.00,1,False
2591,02/04/2026 00:00:00,,03146,240,0001,05/16/2028 00:00:00,71.856533,17245.567914,0.00,1,False
2592,02/05/2026 00:00:00,,03206,40,0001,05/16/2028 00:00:00,144.720000,5788.800000,0.00,1,False
2593,02/05/2026 00:00:00,,03070,40,0001,05/16/2028 00:00:00,177.817288,7112.691500,0.00,1,False
2594,02/05/2026 00:00:00,,03199,40,0001,05/16/2028 00:00:00,26.055000,1042.200000,0.00,1,False
2595,02/05/2026 00:00:00,,03205,40,0001,05/17/2028 00:00:00,46.403925,1856.157000,0.00,1,False
2596,02/05/2026 00:00:00,,03163,3000,0002,05/17/2028 00:00:00,18.133333,54400.000000,0.00,1,False
2597,02/05/2026 00:00:00,,03182,1425,0001,05/17/2028 00:00:00,28.077005,40009.732000,0.00,1,False
2598,02/07/2026 00:00:00,,03111,500,0001,05/17/2028 00:00:00,21.194346,10597.172849,0.00,1,False
2599,02/07/2026 00:00:00,,03088,1000,0001,05/17/2028 00:00:00,41.823600,41823.600000,0.00,1,False
2600,02/08/2026 00:00:00,,03222,3775,0001,05/17/2028 00:00:00,21.131126,79770.000000,0.00,1,False
2601,02/08/2026 00:00:00,,03134,1250,0001,05/17/2028 00:00:00,19.240000,24050.000000,0.00,1,False
2602,02/08/2026 00:00:00,,03157,375,0001,05/17/2028 00:00:00,21.226667,7960.000000,0.00,1,False
2603,02/08/2026 00:00:00,,03217,100,0001,05/17/2028 00:00:00,262.467404,26246.740360,0.00,1,False
2604,02/08/2026 00:00:00,,03185,100,0001,05/17/2028 00:00:00,94.003925,9400.392500,0.00,1,False
2605,02/09/2026 00:00:00,,03147,1000,0001,05/17/2028 00:00:00,19.100000,19100.000000,0.00,1,False
2606,02/09/2026 00:00:00,,03096,80,0001,05/17/2028 00:00:00,61.403925,4912.314000,0.00,1,False
2607,02/10/2026 00:00:00,,03001,1250,0001,05/17/2028 00:00:00,17.944000,22430.000000,0.00,1,False
2608,02/10/2026 00:00:00,,03157,2525,0001,05/17/2028 00:00:00,18.916198,47763.400000,0.00,1,False
2609,02/10/2026 00:00:00,,03163,1250,0001,05/17/2028 00:00:00,17.680000,22100.000000,0.00,1,False
2610,02/10/2026 00:00:00,,03014,2500,0001,05/17/2028 00:00:00,19.760000,49400.000000,0.00,1,False
2611,02/10/2026 00:00:00,,03003,340,0001,05/17/2028 00:00:00,36.310525,12345.578330,0.00,1,False
2612,02/10/2026 00:00:00,,03155,1920,0001,05/17/2028 00:00:00,10.973958,21070.000000,0.00,1,False
2613,02/11/2026 00:00:00,,03142,300,0001,05/17/2028 00:00:00,28.924869,8677.460634,0.00,1,False
2614,02/11/2026 00:00:00,,03149,100,0001,05/17/2028 00:00:00,17.652019,1765.201914,0.00,1,False
2615,02/11/2026 00:00:00,,03011,420,0001,05/17/2028 00:00:00,207.696239,87232.420290,0.00,1,False
2616,02/11/2026 00:00:00,,03053,650,0001,05/17/2028 00:00:00,33.928782,22053.708399,0.00,1,False
2617,02/11/2026 00:00:00,,03176,240,0001,05/17/2028 00:00:00,124.229167,29815.000000,0.00,1,False
2618,02/11/2026 00:00:00,,03098,1000,0001,05/17/2028 00:00:00,20.900000,20900.000000,0.00,1,False
2619,02/11/2026 00:00:00,,03047,1000,0001,05/17/2028 00:00:00,20.000000,20000.000000,0.00,1,False
2620,02/12/2026 00:00:00,,03191,160,0001,05/17/2028 00:00:00,92.940000,14870.400000,0.00,1,False
2621,02/12/2026 00:00:00,,03192,100,0001,05/17/2028 00:00:00,75.550000,7555.000000,0.00,1,False
2622,02/12/2026 00:00:00,,03190,100,0001,05/17/2028 00:00:00,367.535000,36753.500000,0.00,1,False
2623,02/12/2026 00:00:00,,03201,250,0001,05/17/2028 00:00:00,68.366922,17091.730450,0.00,1,False
2624,02/12/2026 00:00:00,,03189,250,0001,05/17/2028 00:00:00,40.876000,10219.000000,0.00,1,False
2625,02/12/2026 00:00:00,,03075,360,0001,05/17/2028 00:00:00,59.590000,21452.400000,0.00,1,False
2626,02/12/2026 00:00:00,,03206,260,0001,05/17/2028 00:00:00,225.338462,58588.000000,0.00,1,False
2627,02/12/2026 00:00:00,,03070,180,0001,05/17/2028 00:00:00,254.880556,45878.500000,0.00,1,False
2628,02/12/2026 00:00:00,,03035,120,0001,05/17/2028 00:00:00,42.854167,5142.500000,0.00,1,False
2629,02/12/2026 00:00:00,,03160,200,0001,05/17/2028 00:00:00,50.361544,10072.308839,0.00,1,False
2630,02/12/2026 00:00:00,,03020,500,0001,05/17/2028 00:00:00,291.852916,145926.458000,0.00,1,False
2631,02/12/2026 00:00:00,,03110,1800,0001,05/17/2028 00:00:00,12.600000,22680.000000,0.00,1,False
2632,02/12/2026 00:00:00,,03144,2500,0001,05/17/2028 00:00:00,35.360000,88400.000000,0.00,1,False
2633,02/14/2026 00:00:00,,03102,300,0001,05/17/2028 00:00:00,55.215000,16564.500000,0.00,1,False
2634,02/14/2026 00:00:00,,03089,400,0001,05/17/2028 00:00:00,102.275000,40910.000000,0.00,1,False
2635,02/14/2026 00:00:00,,03084,200,0001,05/17/2028 00:00:00,88.200000,17640.000000,0.00,1,False
2636,02/14/2026 00:00:00,,03093,200,0001,05/17/2028 00:00:00,119.111544,23822.308839,0.00,1,False
2637,02/14/2026 00:00:00,,03101,400,0002,05/17/2028 00:00:00,61.769609,24707.843600,0.00,1,False
2638,02/14/2026 00:00:00,,03092,400,0002,05/17/2028 00:00:00,151.579609,60631.843600,0.00,1,False
2639,02/14/2026 00:00:00,,03215,220,0002,05/17/2028 00:00:00,277.053409,60951.750000,0.00,1,False
2640,02/15/2026 00:00:00,,03001,3000,0002,05/17/2028 00:00:00,16.910000,50730.000000,0.00,1,False
2641,02/15/2026 00:00:00,,03019,500,0002,05/17/2028 00:00:00,48.300000,24150.000000,0.00,1,False
2642,02/15/2026 00:00:00,,03104,1375,0002,05/18/2028 00:00:00,27.629466,37990.515400,0.00,1,False
2643,02/15/2026 00:00:00,,03150,800,0002,05/18/2028 00:00:00,84.562500,67650.000000,0.00,1,False
2644,02/15/2026 00:00:00,,03028,400,0002,05/18/2028 00:00:00,174.562500,69825.000000,0.00,1,False
2645,02/15/2026 00:00:00,,03003,100,0002,05/18/2028 00:00:00,33.091225,3309.122508,0.00,1,False
2646,02/15/2026 00:00:00,,03148,540,0002,05/18/2028 00:00:00,37.430556,20212.500000,0.00,1,False
2647,02/15/2026 00:00:00,,03136,375,0002,05/18/2028 00:00:00,24.233333,9087.500000,0.00,1,False
2648,02/15/2026 00:00:00,,03157,500,0002,05/18/2028 00:00:00,14.780000,7390.000000,0.00,1,False
2649,02/16/2026 00:00:00,,03110,1244,0002,05/18/2028 00:00:00,18.438135,22937.040000,0.00,1,False
2650,02/16/2026 00:00:00,,03003,120,0002,05/18/2028 00:00:00,39.351726,4722.207156,0.00,1,False
2651,02/16/2026 00:00:00,,03091,720,0002,05/18/2028 00:00:00,106.318889,76549.600000,0.00,1,False
2652,02/16/2026 00:00:00,,03142,300,0002,05/18/2028 00:00:00,83.307086,24992.125702,0.00,1,False
2653,02/16/2026 00:00:00,,03146,120,0002,05/18/2028 00:00:00,147.147161,17657.659350,0.00,1,False
2654,02/17/2026 00:00:00,,03144,2475,0001,05/18/2028 00:00:00,40.290909,99720.000000,0.00,1,False
2655,02/17/2026 00:00:00,,03216,120,0001,05/18/2028 00:00:00,179.751667,21570.200000,0.00,1,False
2656,02/17/2026 00:00:00,,03214,120,0001,05/18/2028 00:00:00,122.337305,14680.476540,0.00,1,False
2657,02/17/2026 00:00:00,,03177,120,0001,05/18/2028 00:00:00,94.979167,11397.500000,0.00,1,False
2658,02/17/2026 00:00:00,,03215,120,0001,05/18/2028 00:00:00,278.997858,33479.742978,0.00,1,False
2659,02/17/2026 00:00:00,,03221,120,0001,05/18/2028 00:00:00,119.911928,14389.431350,0.00,1,False
2660,02/17/2026 00:00:00,,03183,320,0001,05/18/2028 00:00:00,152.396125,48766.760000,0.00,1,False
2661,02/17/2026 00:00:00,,03238,180,0001,05/18/2028 00:00:00,138.233333,24882.000000,0.00,1,False
2662,02/18/2026 00:00:00,,03001,2500,0001,05/18/2028 00:00:00,17.823000,44557.500000,0.00,1,False
2663,02/18/2026 00:00:00,,03087,300,0001,05/18/2028 00:00:00,22.296163,6688.848969,0.00,1,False
2664,02/18/2026 00:00:00,,03214,500,0001,05/18/2028 00:00:00,78.768976,39384.488010,0.00,1,False
2665,02/18/2026 00:00:00,,03163,500,0001,05/18/2028 00:00:00,18.700000,9350.000000,0.00,1,False
2666,02/18/2026 00:00:00,,03149,200,0001,05/18/2028 00:00:00,43.495012,8699.002481,0.00,1,False
2667,02/18/2026 00:00:00,,03129,50,0001,05/18/2028 00:00:00,307.560000,15378.000000,0.00,1,False
2668,02/18/2026 00:00:00,,03019,625,180226,05/18/2034 00:00:00,14.894080,9308.800000,0.00,1,False
2669,02/19/2026 00:00:00,,03014,5000,0001,05/18/2028 00:00:00,14.560000,72800.000000,0.00,1,False
2670,02/19/2026 00:00:00,,03029,250,0001,05/18/2028 00:00:00,70.250602,17562.650450,0.00,1,False
2671,02/21/2026 00:00:00,,03113,30125,0001,05/18/2028 00:00:00,15.049793,453375.000000,0.00,1,False
2672,02/21/2026 00:00:00,,03239,5000,0001,05/18/2028 00:00:00,10.300000,51500.000000,0.00,1,False
2673,02/21/2026 00:00:00,,03163,2500,0001,05/18/2028 00:00:00,18.020000,45050.000000,0.00,1,False
2674,02/21/2026 00:00:00,,03197,150,0001,05/18/2028 00:00:00,237.106667,35566.000000,0.00,1,False
2675,02/21/2026 00:00:00,,03192,100,0001,05/18/2028 00:00:00,71.146000,7114.600000,0.00,1,False
2676,02/21/2026 00:00:00,,03190,160,0001,05/18/2028 00:00:00,282.150000,45144.000000,0.00,1,False
2677,02/21/2026 00:00:00,,03194,160,0001,05/18/2028 00:00:00,70.942250,11350.760000,0.00,1,False
2678,02/21/2026 00:00:00,,03201,250,0001,05/18/2028 00:00:00,146.230000,36557.500000,0.00,1,False
2679,02/21/2026 00:00:00,,03019,25,0001,05/19/2028 00:00:00,18.880000,472.000000,0.00,1,False
2680,02/21/2026 00:00:00,,03001,750,0001,05/19/2028 00:00:00,17.610000,13207.500000,0.00,1,False
2681,02/21/2026 00:00:00,,03129,40,0001,05/19/2028 00:00:00,320.800000,12832.000000,0.00,1,False
2682,02/21/2026 00:00:00,,03116,20,0001,05/19/2028 00:00:00,248.675000,4973.500000,0.00,1,False
2683,02/22/2026 00:00:00,,03019,25,0001,05/19/2028 00:00:00,22.600000,565.000000,0.00,1,False
2684,02/22/2026 00:00:00,,03134,625,0001,05/19/2028 00:00:00,15.600000,9750.000000,0.00,1,False
2685,02/22/2026 00:00:00,,03011,60,0001,05/19/2028 00:00:00,153.302888,9198.173308,0.00,1,False
2686,02/22/2026 00:00:00,,03160,20,0001,02/22/2028 00:00:00,118.791544,2375.830884,0.00,1,False
2687,02/22/2026 00:00:00,,03141,1250,0001,05/19/2028 00:00:00,20.520000,25650.000000,0.00,1,False
2688,02/22/2026 00:00:00,,03001,4375,0001,05/20/2028 00:00:00,17.847143,78081.250000,0.00,1,False
2689,02/22/2026 00:00:00,,03099,1250,0001,05/20/2028 00:00:00,22.627993,28284.991074,0.00,1,False
2690,02/22/2026 00:00:00,,03184,5000,0001,05/20/2028 00:00:00,10.366000,51830.000000,0.00,1,False
2691,02/22/2026 00:00:00,,03003,36,0001,05/20/2028 00:00:00,35.448722,1276.153985,0.00,1,False
2692,02/22/2026 00:00:00,,03014,2500,0001,05/20/2028 00:00:00,20.900000,52250.000000,0.00,1,False
2693,02/23/2026 00:00:00,,03157,1250,0001,05/20/2028 00:00:00,13.182720,16478.400000,0.00,1,False
2694,02/23/2026 00:00:00,,03134,2625,0001,05/20/2028 00:00:00,18.261905,47937.500000,0.00,1,False
2695,02/23/2026 00:00:00,,03014,625,0001,05/20/2028 00:00:00,20.064000,12540.000000,0.00,1,False
2696,02/23/2026 00:00:00,,03001,500,0001,05/20/2028 00:00:00,12.759600,6379.800000,0.00,1,False
2697,02/23/2026 00:00:00,,03003,120,0001,05/20/2028 00:00:00,35.652888,4278.346616,0.00,1,False
2698,02/23/2026 00:00:00,,03104,625,0001,05/20/2028 00:00:00,63.782353,39863.970325,0.00,1,False
2699,02/23/2026 00:00:00,,03162,1025,0001,05/20/2028 00:00:00,60.101800,61604.344845,0.00,1,False
2700,02/23/2026 00:00:00,,03054,180,0001,05/20/2028 00:00:00,95.652778,17217.500000,0.00,1,False
2701,02/23/2026 00:00:00,,03207,625,0001,05/20/2028 00:00:00,25.872000,16170.000000,0.00,1,False
2702,02/23/2026 00:00:00,,03026,12,0001,05/21/2028 00:00:00,109.025000,1308.300000,0.00,1,False
2703,02/23/2026 00:00:00,,03198,160,0001,05/21/2028 00:00:00,33.558750,5369.400000,0.00,1,False
2704,02/22/2026 00:00:00,,03175,250,0001,05/21/2028 00:00:00,209.000000,52250.000000,0.00,1,False
2705,02/23/2026 00:00:00,,03198,160,0001,05/22/2028 00:00:00,34.912500,5586.000000,0.00,1,False
2706,02/24/2026 00:00:00,,03106,500,0001,05/22/2028 00:00:00,47.694378,23847.188889,0.00,1,False
2707,02/24/2026 00:00:00,,03104,500,0001,05/22/2028 00:00:00,75.658600,37829.300000,0.00,1,False
2708,02/24/2026 00:00:00,,03096,200,0001,05/22/2028 00:00:00,100.025000,20005.000000,0.00,1,False
2709,02/24/2026 00:00:00,Jelito 25 lit,03104,750,0001,05/22/2028 00:00:00,133.596667,100197.500000,0.00,1,False
2710,02/24/2026 00:00:00,,03160,120,0001,05/22/2028 00:00:00,85.238500,10228.620000,0.00,1,False
2711,02/24/2026 00:00:00,,03176,40,0001,05/22/2028 00:00:00,123.500000,4940.000000,0.00,1,False
2712,02/24/2026 00:00:00,,03014,875,0001,05/22/2028 00:00:00,21.714286,19000.000000,0.00,1,False
2713,02/24/2026 00:00:00,,03163,1250,0001,05/22/2028 00:00:00,19.726800,24658.500000,0.00,1,False
2714,02/24/2026 00:00:00,,03087,500,0001,05/22/2028 00:00:00,12.401680,6200.840000,0.00,1,False
2715,02/24/2026 00:00:00,,03182,125,0001,05/22/2028 00:00:00,15.728947,1966.118351,0.00,1,False
2716,02/24/2026 00:00:00,,03196,125,0001,05/22/2028 00:00:00,21.680000,2710.000000,0.00,1,False
2717,02/25/2026 00:00:00,,03199,140,0001,05/22/2028 00:00:00,98.065286,13729.140000,0.00,1,False
2718,02/25/2026 00:00:00,,03242,120,0002,05/22/2028 00:00:00,109.691835,13163.020212,0.00,1,False
2719,02/25/2026 00:00:00,,03243,120,0001,05/22/2028 00:00:00,130.655000,15678.600000,0.00,1,False
2720,02/25/2026 00:00:00,,03135,100,0001,05/22/2028 00:00:00,233.060500,23306.050000,0.00,1,False
2721,02/25/2026 00:00:00,,03163,250,0001,05/22/2028 00:00:00,20.400000,5100.000000,0.00,1,False
2722,02/25/2026 00:00:00,,03182,250,0001,05/22/2028 00:00:00,7.906000,1976.500000,0.00,1,False
2723,02/25/2026 00:00:00,,03144,2550,0001,05/22/2028 00:00:00,33.225490,84725.000000,0.00,1,False
2724,02/26/2026 00:00:00,,03244,2500,0001,05/22/2028 00:00:00,24.680000,61700.000000,0.00,1,False
2725,02/26/2026 00:00:00,,03204,160,0002,05/22/2028 00:00:00,38.437500,6150.000000,0.00,1,False
2726,02/26/2026 00:00:00,,03087,1375,0002,05/22/2028 00:00:00,12.603273,17329.500000,0.00,1,False
2727,02/26/2026 00:00:00,,03163,750,0002,05/22/2028 00:00:00,17.000000,12750.000000,0.00,1,False
2728,02/26/2026 00:00:00,,03157,1250,0002,05/22/2028 00:00:00,15.655344,19569.179964,0.00,1,False
2729,02/26/2026 00:00:00,,03019,25,0002,05/22/2028 00:00:00,25.000000,625.000000,0.00,1,False
2730,02/27/2026 00:00:00,,03144,2550,0002,05/22/2028 00:00:00,16.431373,41900.000000,0.00,1,False
2731,02/27/2026 00:00:00,,03240,1000,0001,05/22/2028 00:00:00,221.600000,221600.000000,0.00,1,False
2732,02/27/2026 00:00:00,,03241,1000,0001,05/22/2028 00:00:00,122.364000,122364.000000,0.00,1,False
2733,02/28/2026 00:00:00,,03202,1000,0002,05/22/2028 00:00:00,82.960000,82960.000000,0.00,1,False
2734,03/01/2026 00:00:00,,03014,1250,0001,05/22/2028 00:00:00,22.800000,28500.000000,0.00,1,False
2735,03/01/2026 00:00:00,,03196,1175,0001,05/22/2028 00:00:00,23.829787,28000.000000,0.00,1,False
2736,03/01/2026 00:00:00,,03001,2875,0001,05/22/2028 00:00:00,9.504348,27325.000000,0.00,1,False
2737,03/01/2026 00:00:00,,03151,875,0001,05/22/2028 00:00:00,28.640947,25060.828457,0.00,1,False
2738,03/01/2026 00:00:00,,03182,500,0001,05/22/2028 00:00:00,37.724000,18862.000000,0.00,1,False
2739,03/01/2026 00:00:00,,03011,40,0001,05/22/2028 00:00:00,208.362500,8334.500000,0.00,1,False
2740,03/01/2026 00:00:00,,03135,40,0001,05/22/2028 00:00:00,187.025000,7481.000000,0.00,1,False
2741,03/01/2026 00:00:00,,03135,40,0001,05/23/2028 00:00:00,179.114000,7164.560000,0.00,1,False
2742,03/01/2026 00:00:00,,03163,325,0001,05/23/2028 00:00:00,12.658462,4114.000000,0.00,1,False
2743,03/01/2026 00:00:00,,03010,40,0001,05/23/2028 00:00:00,60.530000,2421.200000,0.00,1,False
2744,03/01/2026 00:00:00,,03003,160,0001,05/23/2034 00:00:00,41.550000,6648.000000,0.00,1,False
2745,03/02/2026 00:00:00,,03010,400,0001,05/23/2028 00:00:00,60.180000,24072.000000,0.00,1,False
2746,03/02/2026 00:00:00,,03120,200,0001,05/23/2028 00:00:00,140.294253,28058.850530,0.00,1,False
2747,03/02/2026 00:00:00,,03119,100,0001,05/23/2028 00:00:00,339.564000,33956.400000,0.00,1,False
2748,03/02/2026 00:00:00,,03003,100,0001,05/23/2028 00:00:00,39.962500,3996.250000,0.00,1,False
2749,03/02/2026 00:00:00,,03029,125,0001,05/23/2034 00:00:00,65.710000,8213.750000,0.00,1,False
2750,03/02/2026 00:00:00,,03094,60,0001,05/23/2028 00:00:00,122.250000,7335.000000,0.00,1,False
2751,03/02/2026 00:00:00,,03088,50,0001,05/23/2028 00:00:00,53.544684,2677.234176,0.00,1,False
2752,03/03/2026 00:00:00,,03192,160,0001,05/23/2028 00:00:00,152.601225,24416.196000,0.00,1,False
2753,03/03/2026 00:00:00,,03193,160,0001,05/23/2028 00:00:00,85.953125,13752.500000,0.00,1,False
2754,03/03/2026 00:00:00,,03201,250,0001,05/23/2028 00:00:00,151.064000,37766.000000,0.00,1,False
2755,03/03/2026 00:00:00,,03189,250,0001,05/23/2028 00:00:00,33.532000,8383.000000,0.00,1,False
2756,03/04/2026 00:00:00,,03021,3500,0001,05/26/2028 00:00:00,28.701747,100456.113828,0.00,1,False
2757,03/04/2026 00:00:00,,03060,240,0001,05/26/2028 00:00:00,118.687500,28485.000000,0.00,1,False
2758,03/04/2026 00:00:00,,03157,275,0001,05/26/2028 00:00:00,7.589091,2087.000000,0.00,1,False
2759,03/04/2026 00:00:00,,03087,925,0001,05/26/2028 00:00:00,21.564649,19947.300000,0.00,1,False
2760,03/04/2026 00:00:00,,03182,375,0001,05/26/2028 00:00:00,12.269333,4601.000000,0.00,1,False
2761,03/04/2026 00:00:00,,03001,625,0001,05/26/2028 00:00:00,9.304000,5815.000000,0.00,1,False
2762,03/04/2026 00:00:00,,03014,640,0001,05/26/2028 00:00:00,20.781250,13300.000000,0.00,1,False
2763,03/04/2026 00:00:00,,03003,80,0001,05/27/2028 00:00:00,36.162500,2893.000000,0.00,1,False
2764,03/04/2026 00:00:00,,03019,185,0001,05/27/2028 00:00:00,22.945946,4245.000000,0.00,1,False
2765,03/04/2026 00:00:00,,03163,500,0001,05/27/2028 00:00:00,8.880000,4440.000000,0.00,1,False
2766,03/04/2026 00:00:00,,03055,2500,0003,05/27/2028 00:00:00,20.140000,50350.000000,0.00,1,False
2767,03/04/2026 00:00:00,,03151,150,0003,05/27/2028 00:00:00,34.695080,5204.262021,0.00,1,False
2768,03/04/2026 00:00:00,,03153,50,0001,05/27/2028 00:00:00,10.900000,545.000000,0.00,1,False
2769,03/04/2026 00:00:00,,03165,50,0003,05/07/2028 00:00:00,20.820300,1041.015000,0.00,1,False
2770,03/05/2026 00:00:00,,03104,2100,0003,05/27/2028 00:00:00,57.319643,120371.250000,0.00,1,False
2771,03/05/2026 00:00:00,,03019,200,0003,05/27/2028 00:00:00,23.575000,4715.000000,0.00,1,False
2772,03/05/2026 00:00:00,,03144,125,0003,05/27/2028 00:00:00,21.600000,2700.000000,0.00,1,False
2773,03/07/2026 00:00:00,,03102,620,0003,05/27/2028 00:00:00,55.855954,34630.691500,0.00,1,False
2774,03/07/2026 00:00:00,,03095,400,0003,05/27/2028 00:00:00,63.626250,25450.500000,0.00,1,False
2775,03/07/2026 00:00:00,,03094,480,0003,05/27/2028 00:00:00,102.925833,49404.400000,0.00,1,False
2776,03/07/2026 00:00:00,,03092,400,0003,05/27/2028 00:00:00,157.646794,63058.717438,0.00,1,False
2777,03/08/2026 00:00:00,,03142,300,0003,05/27/2028 00:00:00,126.659615,37997.884420,0.00,1,False
2778,03/08/2026 00:00:00,,03014,375,0003,05/27/2028 00:00:00,20.266667,7600.000000,0.00,1,False
2779,03/08/2026 00:00:00,,03163,750,0003,05/27/2028 00:00:00,8.533333,6400.000000,0.00,1,False
2780,03/08/2026 00:00:00,,03001,250,0003,05/28/2028 00:00:00,16.774000,4193.500000,0.00,1,False
2781,03/08/2026 00:00:00,,03090,560,0003,05/28/2028 00:00:00,103.718071,58082.120000,0.00,1,False
2782,03/08/2026 00:00:00,,03089,60,0003,05/28/2028 00:00:00,108.650000,6519.000000,0.00,1,False
2783,03/08/2026 00:00:00,,03091,100,0003,05/28/2028 00:00:00,101.854200,10185.420000,0.00,1,False
2784,03/08/2026 00:00:00,,03101,120,0003,05/28/2028 00:00:00,61.725000,7407.000000,0.00,1,False
2785,03/09/2026 00:00:00,,03020,1000,0003,05/28/2028 00:00:00,170.250200,170250.200000,0.00,1,False
2786,03/09/2026 00:00:00,,03013,600,0003,05/28/2028 00:00:00,131.750000,79050.000000,0.00,1,False
2787,03/09/2026 00:00:00,,03104,200,0003,05/28/2028 00:00:00,55.526300,11105.260000,0.00,1,False
2788,03/09/2026 00:00:00,,03192,260,0003,05/28/2028 00:00:00,137.153846,35660.000000,0.00,1,False
2789,03/09/2026 00:00:00,,03190,200,0003,05/28/2028 00:00:00,469.000000,93800.000000,0.00,1,False
2790,03/09/2026 00:00:00,,03198,200,0003,05/28/2028 00:00:00,53.640000,10728.000000,0.00,1,False
2791,03/09/2026 00:00:00,,03010,120,0003,05/28/2028 00:00:00,125.383333,15046.000000,0.00,1,False
2792,03/09/2026 00:00:00,,03121,100,0003,05/28/2028 00:00:00,21.252000,2125.200000,0.00,1,False
2793,03/09/2026 00:00:00,,03003,120,0003,05/28/2028 00:00:00,33.962500,4075.500000,0.00,1,False
2794,03/09/2026 00:00:00,,03176,200,0003,05/28/2028 00:00:00,110.632500,22126.500000,0.00,1,False
2795,03/09/2026 00:00:00,,03119,100,0003,05/28/2028 00:00:00,335.494000,33549.400000,0.00,1,False
2796,03/09/2026 00:00:00,,03019,300,0003,05/28/2028 00:00:00,22.266667,6680.000000,0.00,1,False
2797,03/10/2026 00:00:00,,03112,5000,0003,05/28/2028 00:00:00,19.950000,99750.000000,0.00,1,False
2798,03/10/2026 00:00:00,,03003,132,0003,05/28/2028 00:00:00,106.051136,13998.750000,0.00,1,False
2799,03/10/2026 00:00:00,,03108,99,0003,05/28/2028 00:00:00,133.524646,13218.940000,0.00,1,False
2800,03/10/2026 00:00:00,,03172,250,0003,05/29/2028 00:00:00,63.133520,15783.380000,0.00,1,False
2801,03/11/2026 00:00:00,,03142,60,0003,05/29/2028 00:00:00,124.489615,7469.376884,0.00,1,False
2802,03/11/2026 00:00:00,,03150,40,0003,05/29/2028 00:00:00,70.400000,2816.000000,0.00,1,False
2803,03/11/2026 00:00:00,,03094,40,0003,05/29/2028 00:00:00,116.750000,4670.000000,0.00,1,False
2804,03/11/2026 00:00:00,,03157,500,0003,05/29/2028 00:00:00,23.220000,11610.000000,0.00,1,False
2805,03/11/2026 00:00:00,,03151,50,0003,05/29/2028 00:00:00,40.420000,2021.000000,0.00,1,False
2806,03/11/2026 00:00:00,,03019,480,0003,05/29/2028 00:00:00,21.979167,10550.000000,0.00,1,False
2807,03/11/2026 00:00:00,,03104,400,0003,05/29/2028 00:00:00,52.780000,21112.000000,0.00,1,False
2808,03/11/2026 00:00:00,,03183,200,0003,05/29/2028 00:00:00,46.803600,9360.720000,0.00,1,False
2809,03/11/2026 00:00:00,,03093,120,0003,05/30/2028 00:00:00,81.450000,9774.000000,0.00,1,False
2810,03/11/2026 00:00:00,,03102,120,0003,05/30/2028 00:00:00,122.591667,14711.000000,0.00,1,False
2811,03/12/2026 00:00:00,,03157,250,0003,05/31/2028 00:00:00,14.140000,3535.000000,0.00,1,False
2812,03/12/2026 00:00:00,,03144,10000,0003,05/31/2028 00:00:00,27.161050,271610.500000,0.00,1,False
2813,03/12/2026 00:00:00,,03119,200,0003,05/31/2028 00:00:00,331.744000,66348.800000,0.00,1,False
2814,03/14/2026 00:00:00,,03165,100,0003,06/02/2028 00:00:00,12.457500,1245.750000,0.00,1,False
2815,03/14/2026 00:00:00,,03163,6000,0003,06/02/2028 00:00:00,8.133333,48800.000000,0.00,1,False
2816,03/14/2026 00:00:00,,03001,2500,0003,06/02/2028 00:00:00,11.321600,28304.000000,0.00,1,False
2817,03/14/2026 00:00:00,,03014,5000,0003,06/02/2028 00:00:00,19.762000,98810.000000,0.00,1,False
2818,03/14/2026 00:00:00,,03144,875,0003,06/02/2028 00:00:00,30.114286,26350.000000,0.00,1,False
2819,03/14/2026 00:00:00,,03003,340,0003,06/02/2028 00:00:00,26.546691,9025.875000,0.00,1,False
2820,03/15/2026 00:00:00,,03190,300,0003,06/02/2028 00:00:00,354.120000,106236.000000,0.00,1,False
2821,03/15/2026 00:00:00,,03194,300,0003,06/02/2028 00:00:00,99.246667,29774.000000,0.00,1,False
2822,03/15/2026 00:00:00,,03191,300,0003,06/02/2028 00:00:00,98.495000,29548.500000,0.00,1,False
2823,03/15/2026 00:00:00,,03189,750,0003,06/02/2028 00:00:00,28.853867,21640.400000,0.00,1,False
2824,03/15/2026 00:00:00,,03201,750,0003,06/02/2028 00:00:00,141.199556,105899.666640,0.00,1,False
2825,03/15/2026 00:00:00,,03197,150,0003,06/02/2028 00:00:00,247.949333,37192.400000,0.00,1,False
2826,03/15/2026 00:00:00,,03150,720,0003,06/02/2028 00:00:00,112.916694,81300.020000,0.00,1,False
2827,03/15/2026 00:00:00,,03091,620,0003,06/02/2028 00:00:00,73.867258,45797.700000,0.00,1,False
2828,03/15/2026 00:00:00,,03177,300,0003,06/02/2028 00:00:00,35.400000,10620.000000,0.00,1,False
2829,03/15/2026 00:00:00,,03052,1200,0003,06/02/2028 00:00:00,87.280333,104736.400000,0.00,1,False
2830,03/17/2026 00:00:00,,03013,600,0003,06/09/2028 00:00:00,123.833333,74300.000000,0.00,1,False
2831,03/18/2026 00:00:00,,03054,480,0003,06/09/2028 00:00:00,65.208333,31300.000000,0.00,1,False
2832,03/18/2026 00:00:00,,03233,60,0003,06/09/2028 00:00:00,214.300000,12858.000000,0.00,1,False
2833,03/18/2026 00:00:00,,03001,500,0003,06/09/2028 00:00:00,16.999000,8499.500000,0.00,1,False
2834,03/26/2026 00:00:00,,03092,24,0003,06/13/2028 00:00:00,159.700000,3832.800000,0.00,1,False
2835,03/26/2026 00:00:00,,03109,50,0003,06/13/2028 00:00:00,269.000000,13450.000000,0.00,1,False
2836,03/26/2026 00:00:00,,03014,875,0003,06/13/2028 00:00:00,20.628571,18050.000000,0.00,1,False
2837,03/26/2026 00:00:00,,03163,750,0003,06/13/2028 00:00:00,10.706667,8030.000000,0.00,1,False
2838,03/26/2026 00:00:00,,03043,30,0003,06/13/2028 00:00:00,142.481667,4274.450000,0.00,1,False
2839,03/26/2026 00:00:00,,03011,80,0003,06/13/2028 00:00:00,301.087500,24087.000000,0.00,1,False
2840,03/26/2026 00:00:00,,03001,375,0003,06/13/2028 00:00:00,13.033333,4887.500000,0.00,1,False
2841,03/26/2026 00:00:00,,03245,375,0003,06/14/2028 00:00:00,80.007911,30002.966560,0.00,1,False
2842,03/28/2026 00:00:00,,03147,1000,0003,06/15/2028 00:00:00,19.600000,19600.000000,0.00,1,False
2843,03/28/2026 00:00:00,,03091,220,0003,06/15/2028 00:00:00,46.701818,10274.400000,0.00,1,False
2844,03/28/2026 00:00:00,,03034,80,0003,06/15/2028 00:00:00,40.182000,3214.560000,0.00,1,False
2845,03/28/2026 00:00:00,,03220,80,0003,06/15/2028 00:00:00,21.700000,1736.000000,0.00,1,False
2846,03/29/2026 00:00:00,,03014,2500,0003,06/15/2028 00:00:00,20.960800,52402.000000,0.00,1,False
2847,03/29/2026 00:00:00,,03163,2525,0003,06/15/2028 00:00:00,10.815842,27310.000000,0.00,1,False
2848,03/29/2026 00:00:00,,03046,1250,0003,06/15/2028 00:00:00,19.108320,23885.400000,0.00,1,False
2849,03/29/2026 00:00:00,,03043,150,0003,06/15/2028 00:00:00,29.668333,4450.250000,0.00,1,False
2850,03/29/2026 00:00:00,,03165,200,0003,06/15/2028 00:00:00,21.770000,4354.000000,0.00,1,False
2851,03/29/2026 00:00:00,,03001,2625,0003,06/15/2028 00:00:00,16.425581,43117.150000,0.00,1,False
2852,03/30/2026 00:00:00,,03202,1000,0003,06/17/2028 00:00:00,107.224000,107224.000000,0.00,1,False
2853,03/30/2026 00:00:00,,03248,1000,0003,06/17/2028 00:00:00,151.076400,151076.400000,0.00,1,False
2854,03/30/2026 00:00:00,,03247,200,0003,06/16/2028 00:00:00,89.370000,17874.000000,0.00,1,False
2855,03/30/2026 00:00:00,,03136,750,0003,06/17/2028 00:00:00,28.520000,21390.000000,0.00,1,False
2856,03/30/2026 00:00:00,,03182,500,0003,06/17/2028 00:00:00,22.549600,11274.800000,0.00,1,False
2857,03/31/2026 00:00:00,,03101,500,0003,06/18/2028 00:00:00,85.283800,42641.900000,0.00,1,False
2858,04/01/2026 00:00:00,,03185,64,0004,06/19/2028 00:00:00,26.850000,1718.400000,0.00,1,False
2859,04/01/2026 00:00:00,,03217,84,0004,06/19/2028 00:00:00,219.173810,18410.600000,0.00,1,False
2860,04/01/2026 00:00:00,,03188,24,0004,06/19/2028 00:00:00,53.990000,1295.760000,0.00,1,False
2861,04/01/2026 00:00:00,,03142,40,0004,06/19/2028 00:00:00,132.090653,5283.626130,0.00,1,False
2862,04/01/2026 00:00:00,,03246,40,0004,06/19/2028 00:00:00,47.600000,1904.000000,0.00,1,False
2863,04/01/2026 00:00:00,,03160,64,0004,06/19/2028 00:00:00,97.217875,6221.944000,0.00,1,False
2864,03/31/2026 00:00:00,,03087,275,0003,06/19/2028 00:00:00,41.960727,11539.200000,0.00,1,False
2865,03/31/2026 00:00:00,,03001,275,0003,06/19/2028 00:00:00,18.250909,5019.000000,0.00,1,False
2867,04/02/2026 00:00:00,,03014,1250,0004,06/20/2028 00:00:00,20.140000,25175.000000,0.00,1,False
2868,04/02/2026 00:00:00,,03163,5900,0004,06/20/2028 00:00:00,10.550847,62250.000000,0.00,1,False
2869,03/31/2026 00:00:00,,03245,525,0003,06/21/2028 00:00:00,95.094603,49924.666500,0.00,1,False
2870,04/04/2026 00:00:00,,03075,180,0004,06/22/2028 00:00:00,135.640000,24415.200000,0.00,1,False
2871,04/04/2026 00:00:00,,03070,180,0004,06/22/2028 00:00:00,111.473278,20065.190000,0.00,1,False
2872,04/04/2026 00:00:00,,03199,180,0004,06/22/2028 00:00:00,58.562222,10541.200000,0.00,1,False
2873,04/04/2026 00:00:00,,03205,120,0004,06/23/2028 00:00:00,206.187500,24742.500000,0.00,1,False
2874,04/04/2026 00:00:00,,03054,360,0004,06/23/2028 00:00:00,26.250000,9450.000000,0.00,1,False
2875,04/04/2026 00:00:00,,03162,550,0004,06/23/2028 00:00:00,64.721515,35596.833280,0.00,1,False
2876,04/05/2026 00:00:00,,03010,200,0004,06/23/2028 00:00:00,165.300000,33060.000000,0.00,1,False
2877,04/05/2026 00:00:00,,03176,200,0004,06/23/2028 00:00:00,30.250000,6050.000000,0.00,1,False
2878,04/05/2026 00:00:00,,03053,750,0004,06/23/2028 00:00:00,22.700000,17025.000000,0.00,1,False
2880,04/05/2026 00:00:00,,03129,100,0004,06/23/2028 00:00:00,209.393600,20939.360000,0.00,1,False
2881,04/05/2026 00:00:00,,03122,40,0004,06/23/2028 00:00:00,54.187500,2167.500000,0.00,1,False
2882,04/05/2026 00:00:00,,03198,200,0004,06/23/2028 00:00:00,29.020000,5804.000000,0.00,1,False
2883,04/05/2026 00:00:00,,03003,92,0004,06/23/2028 00:00:00,31.023913,2854.200000,0.00,1,False
2884,04/05/2026 00:00:00,,03163,500,0004,06/23/2028 00:00:00,11.200000,5600.000000,0.00,1,False
2885,04/06/2026 00:00:00,,03155,2500,0004,06/24/2028 00:00:00,17.622400,44056.000000,0.00,1,False
2886,04/06/2026 00:00:00,,03003,40,0004,06/24/2028 00:00:00,35.612500,1424.500000,0.00,1,False
2887,04/07/2026 00:00:00,,03001,500,0004,06/24/2028 00:00:00,17.630000,8815.000000,0.00,1,False
2888,04/07/2026 00:00:00,,03182,500,0004,06/24/2028 00:00:00,19.513000,9756.500000,0.00,1,False
2889,04/07/2026 00:00:00,,03018,20,0004,06/24/2028 00:00:00,27.550000,551.000000,0.00,1,False
2890,04/07/2026 00:00:00,,03043,147,0004,06/24/2028 00:00:00,86.961939,12783.405000,0.00,1,False
2891,04/07/2026 00:00:00,,03014,150,0004,06/24/2028 00:00:00,19.633333,2945.000000,0.00,1,False
2892,04/07/2026 00:00:00,,03012,100,0004,06/24/2028 00:00:00,12.875000,1287.500000,0.00,1,False
2893,04/07/2026 00:00:00,,03003,100,0004,06/24/2028 00:00:00,35.612500,3561.250000,0.00,1,False
2894,04/07/2026 00:00:00,,03249,100,0004,06/24/2028 00:00:00,579.472500,57947.250000,0.00,1,False
2895,04/07/2026 00:00:00,,03084,100,0004,06/24/2028 00:00:00,100.750000,10075.000000,0.00,1,False
2896,04/05/2026 00:00:00,,03011,420,0004,06/25/2028 00:00:00,65.612500,27557.250000,0.00,1,False
2897,04/08/2026 00:00:00,,03197,210,0004,06/26/2028 00:00:00,170.357143,35775.000000,0.00,1,False
2898,04/08/2026 00:00:00,,03198,300,0004,06/26/2028 00:00:00,35.620000,10686.000000,0.00,1,False
2899,04/09/2026 00:00:00,,03157,7500,0004,06/28/2028 00:00:00,15.806267,118547.000000,0.00,1,False
2900,04/09/2026 00:00:00,,03163,3750,0004,06/28/2028 00:00:00,10.400000,39000.000000,0.00,1,False
2901,04/09/2026 00:00:00,,03165,30,0004,06/28/2028 00:00:00,14.167500,425.025000,0.00,1,False
2902,04/09/2026 00:00:00,,03010,15,0004,06/28/2028 00:00:00,55.300000,829.500000,0.00,1,False
2903,04/09/2026 00:00:00,,03001,750,0004,06/28/2028 00:00:00,17.842833,13382.125000,0.00,1,False
2904,04/09/2026 00:00:00,,03014,1750,0004,06/28/2028 00:00:00,20.628571,36100.000000,0.00,1,False
2905,04/09/2026 00:00:00,,03040,500,0004,06/28/2028 00:00:00,111.682528,55841.264150,0.00,1,False
2906,04/09/2026 00:00:00,,03019,595,0004,06/28/2028 00:00:00,22.319328,13280.000000,0.00,1,False
2907,04/09/2026 00:00:00,,03019,5000,0004,06/28/2028 00:00:00,21.426000,107130.000000,0.00,1,False
2908,04/10/2026 00:00:00,,03179,40,0004,06/28/2028 00:00:00,78.680000,3147.200000,0.00,1,False
2909,04/10/2026 00:00:00,,03157,125,0004,06/28/2028 00:00:00,11.344000,1418.000000,0.00,1,False
2910,04/10/2026 00:00:00,,03014,200,0004,06/28/2028 00:00:00,15.400000,3080.000000,0.00,1,False
2911,04/10/2026 00:00:00,,03004,1025,0004,06/28/2028 00:00:00,98.660976,101127.500000,0.00,1,False
2912,04/10/2026 00:00:00,,03182,250,0004,06/28/2028 00:00:00,83.876000,20969.000000,0.00,1,False
2913,04/10/2026 00:00:00,,03163,500,0004,06/28/2028 00:00:00,10.500000,5250.000000,0.00,1,False
2914,04/10/2026 00:00:00,,03010,53,0004,06/28/2028 00:00:00,56.130189,2974.900000,0.00,1,False
2915,04/10/2026 00:00:00,,03003,138,0004,06/28/2028 00:00:00,38.370000,5295.060000,0.00,1,False
2916,04/10/2026 00:00:00,,03001,875,0004,06/28/2028 00:00:00,17.615817,15413.840000,0.00,1,False
2917,04/10/2026 00:00:00,,03011,80,0004,06/28/2028 00:00:00,86.370000,6909.600000,0.00,1,False
2918,04/11/2026 00:00:00,,03084,300,0004,06/29/2028 00:00:00,109.499667,32849.900000,0.00,1,False
2919,04/11/2026 00:00:00,,03003,160,0004,06/29/2028 00:00:00,42.690000,6830.400000,0.00,1,False
2920,04/11/2026 00:00:00,,03020,500,0004,06/29/2028 00:00:00,263.681600,131840.800000,0.00,1,False
2921,04/11/2026 00:00:00,,03097,500,0004,06/29/2028 00:00:00,157.431000,78715.499900,0.00,1,False
2922,04/11/2026 00:00:00,,03106,400,0004,06/29/2028 00:00:00,42.348500,16939.400000,0.00,1,False
2923,04/11/2026 00:00:00,,03112,2000,0004,06/29/2028 00:00:00,15.106000,30212.000000,0.00,1,False
2924,04/11/2026 00:00:00,,03141,500,0004,06/29/2028 00:00:00,21.200000,10600.000000,0.00,1,False
2925,04/12/2026 00:00:00,,03113,5675,0004,06/30/2028 00:00:00,25.644053,145530.000000,0.00,1,False
2926,04/12/2026 00:00:00,,03001,1425,0004,06/30/2028 00:00:00,15.959088,22741.700000,0.00,1,False
2927,04/13/2026 00:00:00,,03021,2500,0004,07/01/2028 00:00:00,49.281752,123204.380000,0.00,1,False
2928,04/13/2026 00:00:00,,03014,2500,0004,07/01/2028 00:00:00,14.560000,36400.000000,0.00,1,False
2929,04/13/2026 00:00:00,,03024,100,0001,07/01/2028 00:00:00,309.200000,30920.000000,0.00,1,False
2930,04/13/2026 00:00:00,,03163,50,0004,07/01/2028 00:00:00,8.800000,440.000000,0.00,1,False
2931,04/13/2026 00:00:00,,03197,150,0004,07/01/2028 00:00:00,152.266667,22840.000000,0.00,1,False
2932,04/13/2026 00:00:00,,03191,320,0004,07/01/2028 00:00:00,68.800625,22016.200000,0.00,1,False
2933,04/13/2026 00:00:00,,03192,420,0004,07/01/2030 00:00:00,63.607143,26715.000000,0.00,1,False
2934,04/13/2026 00:00:00,,03194,320,0004,07/01/2028 00:00:00,54.352500,17392.800000,0.00,1,False
2935,04/13/2026 00:00:00,,03190,220,0004,07/01/2028 00:00:00,387.282727,85202.200000,0.00,1,False
2936,04/13/2026 00:00:00,,03198,100,0004,07/02/2028 00:00:00,28.700000,2870.000000,0.00,1,False
2937,04/13/2026 00:00:00,,03189,500,0004,07/02/2028 00:00:00,16.904800,8452.400000,0.00,1,False
2938,04/13/2026 00:00:00,,03193,200,0004,07/02/2028 00:00:00,180.712200,36142.440000,0.00,1,False
2939,04/13/2026 00:00:00,,03201,750,0004,07/02/2028 00:00:00,158.131467,118598.599920,0.00,1,False
2940,04/14/2026 00:00:00,,03151,1250,0004,07/02/2028 00:00:00,45.008320,56260.400000,0.00,1,False
2941,04/14/2026 00:00:00,,03046,1250,0004,07/02/2028 00:00:00,13.344000,16680.000000,0.00,1,False
2942,04/14/2026 00:00:00,,03195,594,0004,07/02/2028 00:00:00,346.306721,205706.192302,0.00,1,False
2943,04/14/2026 00:00:00,,03146,240,0004,07/02/2028 00:00:00,370.083333,88820.000000,0.00,1,False
2944,04/14/2026 00:00:00,,03098,1000,0004,07/02/2028 00:00:00,14.264250,14264.250000,0.00,1,False
2945,04/15/2026 00:00:00,,03052,1200,0004,07/12/2028 00:00:00,85.363782,102436.538440,0.00,1,False
2946,04/16/2026 00:00:00,,03088,1000,0004,07/12/2028 00:00:00,45.692232,45692.231729,0.00,1,False
2947,04/16/2026 00:00:00,,03060,240,0004,07/12/2028 00:00:00,89.771301,21545.112175,0.00,1,False
2948,04/18/2026 00:00:00,,03010,616,0004,07/12/2028 00:00:00,65.446104,40314.800000,0.00,1,False
2949,04/18/2026 00:00:00,,03121,300,0004,07/12/2028 00:00:00,75.268667,22580.600000,0.00,1,False
2950,04/18/2026 00:00:00,,03165,10,0004,07/12/2028 00:00:00,14.178000,141.780000,0.00,1,False
2951,04/19/2026 00:00:00,,03144,10050,0004,07/12/2028 00:00:00,36.964851,371496.750000,0.00,1,False
2952,04/19/2026 00:00:00,,03011,220,0004,07/12/2028 00:00:00,54.703467,12034.762796,0.00,1,False
2953,04/19/2026 00:00:00,,03176,200,0004,07/12/2028 00:00:00,118.270673,23654.134610,0.00,1,False
2954,04/19/2026 00:00:00,,03222,2500,0004,07/12/2028 00:00:00,14.184000,35460.000000,0.00,1,False
2955,04/19/2026 00:00:00,,03003,220,0004,07/12/2028 00:00:00,17.362558,3819.762796,0.00,1,False
2956,04/19/2026 00:00:00,,03019,495,0004,07/12/2028 00:00:00,49.828283,24665.000000,0.00,1,False
2957,04/20/2026 00:00:00,,03142,100,0004,07/12/2028 00:00:00,26.010262,2601.026226,0.00,1,False
2958,04/20/2026 00:00:00,,03246,60,0001,07/12/2028 00:00:00,89.866667,5392.000000,0.00,1,False
2959,04/20/2026 00:00:00,,03185,100,0004,07/12/2028 00:00:00,93.690224,9369.022435,0.00,1,False
2960,04/20/2026 00:00:00,,03188,100,0001,07/13/2028 00:00:00,46.538000,4653.800000,0.00,1,False
2961,04/20/2026 00:00:00,,03095,400,0004,07/13/2028 00:00:00,46.934500,18773.800000,0.00,1,False
2962,04/20/2026 00:00:00,,03090,100,0004,07/13/2028 00:00:00,40.902000,4090.200000,0.00,1,False
2963,04/20/2026 00:00:00,,03102,380,0004,07/13/2028 00:00:00,125.471053,47679.000000,0.00,1,False
2964,04/20/2026 00:00:00,,03151,2500,0004,07/13/2028 00:00:00,47.579506,118948.764000,0.00,1,False
2965,04/20/2026 00:00:00,,03157,2500,0004,07/13/2028 00:00:00,13.544000,33860.000000,0.00,1,False
2966,04/20/2026 00:00:00,,03163,2500,0004,07/13/2028 00:00:00,19.760000,49400.000000,0.00,1,False
2967,04/20/2026 00:00:00,,03014,1250,0004,07/13/2028 00:00:00,19.760000,24700.000000,0.00,1,False
2968,04/20/2026 00:00:00,,03003,120,0004,07/13/2028 00:00:00,29.811015,3577.321800,0.00,1,False
2969,04/20/2026 00:00:00,,03165,40,0004,07/13/2028 00:00:00,15.738000,629.520000,0.00,1,False
2970,04/20/2026 00:00:00,,03010,43,0004,07/13/2028 00:00:00,69.500000,2988.500000,0.00,1,False
2971,04/20/2026 00:00:00,,03043,140,0004,07/13/2028 00:00:00,12.650000,1771.000000,0.00,1,False
2972,04/22/2026 00:00:00,,03019,150,0004,07/13/2028 00:00:00,20.266667,3040.000000,0.00,1,False
2973,04/22/2026 00:00:00,,03029,525,0004,07/13/2028 00:00:00,45.199017,23729.483945,0.00,1,False
2974,04/22/2026 00:00:00,,03104,725,0004,07/13/2028 00:00:00,7.211034,5228.000000,0.00,1,False
2975,04/22/2026 00:00:00,,03187,100,0004,07/13/2028 00:00:00,69.350000,6935.000000,0.00,1,False
2976,04/22/2026 00:00:00,,03093,200,0004,07/13/2028 00:00:00,139.376544,27875.308839,0.00,1,False
2977,04/22/2026 00:00:00,,03089,300,0004,07/13/2028 00:00:00,106.416667,31925.000000,0.00,1,False
2978,04/22/2026 00:00:00,,03091,200,0004,07/13/2028 00:00:00,19.690000,3938.000000,0.00,1,False
2979,04/22/2026 00:00:00,,03094,100,0004,07/13/2028 00:00:00,28.910000,2891.000000,0.00,1,False
2980,04/22/2026 00:00:00,,03215,40,0004,07/13/2028 00:00:00,324.365000,12974.600000,0.00,1,False
2981,04/22/2026 00:00:00,,03218,40,0004,07/13/2028 00:00:00,15.875000,635.000000,0.00,1,False
2982,04/22/2026 00:00:00,,03150,500,0004,07/13/2028 00:00:00,45.375000,22687.500000,0.00,1,False
2983,04/22/2026 00:00:00,,03090,160,0004,07/13/2028 00:00:00,36.106000,5776.960000,0.00,1,False
2984,04/22/2026 00:00:00,,03028,220,0004,07/13/2028 00:00:00,294.359091,64759.000000,0.00,1,False
2985,04/22/2026 00:00:00,,03096,180,0004,07/13/2028 00:00:00,81.066889,14592.040000,0.00,1,False
2986,04/22/2026 00:00:00,,03095,120,0004,07/13/2028 00:00:00,32.325000,3879.000000,0.00,1,False
2987,04/22/2026 00:00:00,,03101,180,0004,07/14/2028 00:00:00,36.569609,6582.529620,0.00,1,False
2988,04/23/2026 00:00:00,,03150,500,0004,07/14/2028 00:00:00,35.090000,17545.000000,0.00,1,False
2989,04/23/2026 00:00:00,,03090,200,0004,07/14/2028 00:00:00,82.456000,16491.200000,0.00,1,False
2990,04/23/2026 00:00:00,,03091,440,0004,07/14/2028 00:00:00,61.952727,27259.200000,0.00,1,False
2991,04/23/2026 00:00:00,,03102,260,0004,07/14/2028 00:00:00,195.000000,50700.000000,0.00,1,False
2992,04/23/2026 00:00:00,,03096,300,0004,07/14/2028 00:00:00,67.816667,20345.000000,0.00,1,False
2993,04/23/2026 00:00:00,,03093,100,0004,07/14/2028 00:00:00,184.076544,18407.654419,0.00,1,False
2994,04/23/2026 00:00:00,,03095,600,0004,07/14/2028 00:00:00,32.982958,19789.775000,0.00,1,False
2995,04/23/2026 00:00:00,,03089,540,0004,07/15/2028 00:00:00,71.042593,38363.000000,0.00,1,False
2996,04/23/2026 00:00:00,,03214,100,0004,07/15/2028 00:00:00,205.149609,20514.960900,0.00,1,False
2997,04/25/2026 00:00:00,,03110,2350,0004,07/15/2028 00:00:00,9.608511,22580.000000,0.00,1,False
2998,04/25/2026 00:00:00,,03253,100,0001,07/15/2028 00:00:00,24.075000,2407.500000,0.00,1,False
2999,04/25/2026 00:00:00,,03255,60,0001,07/15/2028 00:00:00,135.900000,8154.000000,0.00,1,False
3000,04/25/2026 00:00:00,,03254,60,0001,07/15/2028 00:00:00,72.050000,4323.000000,0.00,1,False
3001,04/25/2026 00:00:00,,03257,60,0001,07/15/2028 00:00:00,141.840000,8510.400000,0.00,1,False
3002,04/25/2026 00:00:00,,03256,60,0001,07/15/2028 00:00:00,40.550000,2433.000000,0.00,1,False
3003,04/25/2026 00:00:00,,03258,60,0001,07/15/2028 00:00:00,67.700000,4062.000000,0.00,1,False
3004,04/26/2026 00:00:00,,03190,200,0004,07/15/2028 00:00:00,379.260000,75852.000000,0.00,1,False
3005,04/26/2026 00:00:00,,03019,420,0004,07/15/2028 00:00:00,38.333333,16100.000000,0.00,1,False
3006,04/27/2026 00:00:00,,03184,2375,0001,07/15/2028 00:00:00,13.650526,32420.000000,0.00,1,False
3007,04/27/2026 00:00:00,,03003,50,0004,07/15/2028 00:00:00,22.998922,1149.946090,0.00,1,False
3008,04/27/2026 00:00:00,,03018,150,0004,07/15/2028 00:00:00,28.250000,4237.500000,0.00,1,False
3009,04/27/2026 00:00:00,,03010,253,0004,07/15/2028 00:00:00,55.000000,13915.000000,0.00,1,False
3010,04/27/2026 00:00:00,,03179,50,0001,07/15/2028 00:00:00,32.528922,1626.446090,0.00,1,False
3011,04/27/2026 00:00:00,,03207,1475,0004,07/15/2028 00:00:00,19.000000,28025.000000,0.00,1,False
3012,04/27/2026 00:00:00,,03011,220,0004,07/15/2028 00:00:00,90.259289,19857.043600,0.00,1,False
3013,04/27/2026 00:00:00,,03118,50,0001,07/15/2028 00:00:00,447.530000,22376.500000,0.00,1,False
3014,04/27/2026 00:00:00,,03144,125,0004,07/15/2028 00:00:00,27.500000,3437.500000,0.00,1,False
3015,04/28/2026 00:00:00,,03070,240,0004,07/17/2028 00:00:00,30.591667,7342.000000,0.00,1,False
3016,04/28/2026 00:00:00,,03204,200,0004,07/17/2028 00:00:00,49.100000,9820.000000,0.00,1,False
3017,04/28/2026 00:00:00,,03054,240,0004,07/17/2028 00:00:00,44.955882,10789.411766,0.00,1,False
3018,04/28/2026 00:00:00,,03206,120,0004,07/17/2028 00:00:00,93.870000,11264.400000,0.00,1,False
3019,04/28/2026 00:00:00,,03208,120,0004,07/17/2028 00:00:00,33.450000,4014.000000,0.00,1,False
3020,04/28/2026 00:00:00,,03075,200,0004,07/17/2028 00:00:00,52.470000,10494.000000,0.00,1,False
3021,04/28/2026 00:00:00,,03226,161,0004,07/17/2028 00:00:00,228.865839,36847.400000,0.00,1,False
3022,04/28/2026 00:00:00,,03160,220,0004,07/17/2028 00:00:00,143.354726,31538.039723,0.00,1,False
3023,04/29/2026 00:00:00,,03020,500,0004,07/17/2028 00:00:00,183.850000,91925.000000,0.00,1,False
3024,04/29/2026 00:00:00,,03135,300,0004,07/17/2028 00:00:00,108.850000,32655.000000,0.00,1,False
3025,04/29/2026 00:00:00,,03011,240,0004,07/17/2028 00:00:00,46.892899,11254.295650,0.00,1,False
3026,04/29/2026 00:00:00,,03010,200,0004,07/17/2028 00:00:00,85.700000,17140.000000,0.00,1,False
3027,04/29/2026 00:00:00,,03176,200,0004,07/17/2028 00:00:00,135.400747,27080.149440,0.00,1,False
3028,04/29/2026 00:00:00,,03147,750,0004,07/19/2028 00:00:00,19.560000,14670.000000,0.00,1,False
3029,04/30/2026 00:00:00,,03094,240,0004,07/19/2028 00:00:00,389.979167,93595.000000,0.00,1,False
3030,04/30/2026 00:00:00,,03104,1050,0004,07/19/2028 00:00:00,109.861863,115354.956500,0.00,1,False
3031,04/30/2026 00:00:00,,03253,400,0004,07/19/2028 00:00:00,17.955000,7182.000000,0.00,1,False
3032,04/30/2026 00:00:00,,03001,750,0004,07/19/2028 00:00:00,9.200000,6900.000000,0.00,1,False
3033,04/30/2026 00:00:00,,03054,200,0004,07/19/2028 00:00:00,100.417165,20083.432960,0.00,1,False
3034,05/02/2026 00:00:00,,03192,200,0001,07/23/2028 00:00:00,146.250000,29250.000000,0.00,1,False
3035,05/02/2026 00:00:00,,03174,110,0001,07/23/2028 00:00:00,13.860000,1524.600000,0.00,1,False
3036,05/03/2026 00:00:00,,03260,120,0001,07/23/2028 00:00:00,133.330000,15999.600000,0.00,1,False
3037,05/03/2026 00:00:00,,03254,60,0001,07/23/2028 00:00:00,173.430000,10405.800000,0.00,1,False
3038,05/03/2026 00:00:00,,03263,100,0001,07/23/2028 00:00:00,78.380000,7838.000000,0.00,1,False
3039,05/03/2026 00:00:00,,03258,60,0001,07/23/2028 00:00:00,66.030000,3961.800000,0.00,1,False
3040,05/03/2026 00:00:00,,03256,60,0001,07/23/2028 00:00:00,78.280000,4696.800000,0.00,1,False
3041,05/03/2026 00:00:00,,03261,250,0001,07/23/2028 00:00:00,109.490000,27372.500000,0.00,1,False
3042,05/03/2026 00:00:00,,03262,250,0001,07/23/2028 00:00:00,19.461540,4865.385000,0.00,1,False
3043,05/03/2026 00:00:00,,03010,12,0001,07/23/2028 00:00:00,128.590000,1543.080000,0.00,1,False
3044,05/03/2026 00:00:00,,03014,100,0001,07/23/2028 00:00:00,15.461540,1546.154000,0.00,1,False
3045,05/03/2026 00:00:00,,03163,3750,0001,07/23/2028 00:00:00,15.133333,56750.000000,0.00,1,False
3046,05/03/2026 00:00:00,,03001,900,0001,07/23/2028 00:00:00,14.410000,12969.000000,0.00,1,False
3047,05/04/2026 00:00:00,,03046,250,0001,07/23/2028 00:00:00,16.773112,4193.278050,0.00,1,False
3048,05/05/2026 00:00:00,,03190,260,0001,07/23/2028 00:00:00,475.318461,123582.799985,0.00,1,False
3049,05/05/2026 00:00:00,,03097,500,0001,07/23/2028 00:00:00,105.170000,52585.000000,0.00,1,False
3050,05/05/2026 00:00:00,,03135,12,0001,07/23/2028 00:00:00,224.300000,2691.600000,0.00,1,False
3051,05/05/2026 00:00:00,,03027,12,0001,07/23/2028 00:00:00,231.130000,2773.560000,0.00,1,False
3052,05/05/2026 00:00:00,,03034,12,0001,07/23/2028 00:00:00,95.530000,1146.360000,0.00,1,False
3053,05/05/2026 00:00:00,,03026,32,0001,07/23/2028 00:00:00,111.860000,3579.520000,0.00,1,False
3054,05/05/2026 00:00:00,,03009,40,0001,07/23/2028 00:00:00,126.035000,5041.400000,0.00,1,False
3055,05/05/2026 00:00:00,,03107,40,0001,07/23/2028 00:00:00,122.180000,4887.200000,0.00,1,False
3056,05/05/2026 00:00:00,,03163,1250,0001,07/23/2028 00:00:00,10.000000,12500.000000,0.00,1,False
3057,05/05/2026 00:00:00,,03011,40,0001,07/23/2028 00:00:00,121.850000,4874.000000,0.00,1,False
3058,05/05/2026 00:00:00,,03055,5000,0001,07/23/2028 00:00:00,17.657444,88287.222000,0.00,1,False
3059,05/05/2026 00:00:00,,03021,1000,0001,07/23/2028 00:00:00,50.030500,50030.500000,0.00,1,False
3060,05/06/2026 00:00:00,,03011,140,0001,07/24/2028 00:00:00,83.097321,11633.625000,0.00,1,False
3061,05/06/2026 00:00:00,,03104,250,0001,07/24/2028 00:00:00,142.540000,35635.000000,0.00,1,False
3062,05/06/2026 00:00:00,,03162,600,0001,07/24/2028 00:00:00,61.306667,36784.000000,0.00,1,False
3063,05/07/2026 00:00:00,,03028,240,0001,07/29/2028 00:00:00,364.296667,87431.199992,0.00,1,False
3064,05/07/2026 00:00:00,,03094,200,0001,07/29/2028 00:00:00,333.475000,66695.000000,0.00,1,False
3065,05/07/2026 00:00:00,,03096,48,0001,07/29/2028 00:00:00,84.900000,4075.200000,0.00,1,False
3066,05/09/2026 00:00:00,,03054,520,0001,07/29/2028 00:00:00,96.580769,50222.000000,0.00,1,False
3067,05/09/2026 00:00:00,,03215,220,0001,07/29/2028 00:00:00,627.550887,138061.195050,0.00,1,False
3068,05/09/2026 00:00:00,,03260,140,0001,07/29/2028 00:00:00,132.063902,18488.946308,0.00,1,False
3069,05/09/2026 00:00:00,,03001,125,0001,07/29/2028 00:00:00,17.143929,2142.991070,0.00,1,False
3070,05/10/2026 00:00:00,,03025,190,0001,07/29/2028 00:00:00,36.280435,6893.282623,0.00,1,False
3071,05/10/2026 00:00:00,,03093,120,0001,07/29/2028 00:00:00,279.969149,33596.297848,0.00,1,False
3072,05/10/2026 00:00:00,,03019,250,0001,07/29/2028 00:00:00,17.311220,4327.805000,0.00,1,False
3073,05/12/2026 00:00:00,,03075,240,0001,08/02/2028 00:00:00,44.170000,10600.800000,0.00,1,False
3074,05/13/2026 00:00:00,,03001,5000,0001,08/02/2028 00:00:00,17.348081,86740.403750,0.00,1,False
3075,05/13/2026 00:00:00,,03163,2500,0001,08/02/2028 00:00:00,17.680000,44200.000000,0.00,1,False
3076,05/13/2026 00:00:00,,03151,1225,0001,08/02/2028 00:00:00,52.293628,64059.694607,0.00,1,False
3077,05/13/2026 00:00:00,,03046,1250,0001,08/02/2028 00:00:00,16.734611,20918.263250,0.00,1,False
3078,05/13/2026 00:00:00,,03264,161,0001,08/02/2028 00:00:00,439.760375,70801.420453,0.00,1,False
3079,05/13/2026 00:00:00,,03003,380,0001,08/02/2028 00:00:00,33.290278,12650.305659,0.00,1,False
3080,05/13/2026 00:00:00,,03010,80,0001,08/02/2028 00:00:00,125.586584,10046.926695,0.00,1,False
3081,05/13/2026 00:00:00,,03118,75,0001,08/02/2028 00:00:00,144.306102,10822.957680,0.00,1,False
3082,05/13/2026 00:00:00,,03179,100,0001,08/02/2028 00:00:00,49.307528,4930.752805,0.00,1,False
3083,05/13/2026 00:00:00,,03018,108,0001,08/02/2028 00:00:00,103.768875,11207.038525,0.00,1,False
3084,05/13/2026 00:00:00,,03165,200,0001,08/02/2028 00:00:00,11.809857,2361.971382,0.00,1,False
3085,05/13/2026 00:00:00,,03012,38,0001,08/02/2028 00:00:00,116.773149,4437.379651,0.00,1,False
3086,05/13/2026 00:00:00,,03191,200,0001,08/02/2028 00:00:00,73.004366,14600.873141,0.00,1,False
3087,05/13/2026 00:00:00,,03192,100,0001,08/02/2028 00:00:00,168.245219,16824.521852,0.00,1,False
3088,05/13/2026 00:00:00,,03194,160,0001,08/02/2028 00:00:00,93.750051,15000.008202,0.00,1,False
3089,05/13/2026 00:00:00,,03193,160,0001,08/02/2028 00:00:00,247.915011,39666.401717,0.00,1,False
3090,05/13/2026 00:00:00,,03190,500,0001,08/02/2028 00:00:00,410.240643,205120.321478,0.00,1,False
3091,05/13/2026 00:00:00,,03014,250,0001,08/02/2028 00:00:00,13.461060,3365.265000,0.00,1,False
3092,05/14/2026 00:00:00,,03010,120,0001,08/03/2028 00:00:00,125.586584,15070.390042,0.00,1,False
3093,05/14/2026 00:00:00,,03028,24,0001,08/03/2028 00:00:00,390.284802,9366.835243,0.00,1,False
3094,05/14/2026 00:00:00,,03183,80,0001,08/03/2028 00:00:00,67.266673,5381.333867,0.00,1,False
3095,05/14/2026 00:00:00,,03236,160,0001,08/03/2028 00:00:00,93.776475,15004.235944,0.00,1,False
3096,05/14/2026 00:00:00,,03046,1000,0001,08/03/2028 00:00:00,16.661458,16661.457600,0.00,1,False
3097,05/14/2026 00:00:00,,03014,500,0001,08/03/2028 00:00:00,13.461060,6730.530000,0.00,1,False
3098,05/14/2026 00:00:00,,03021,2500,0001,08/03/2028 00:00:00,66.040652,165101.630475,0.00,1,False
3099,05/14/2026 00:00:00,,03224,240,0001,08/03/2028 00:00:00,64.304498,15433.079518,0.00,1,False
3100,05/14/2026 00:00:00,,03182,960,0001,08/03/2028 00:00:00,17.759155,17048.788882,0.00,1,False
3101,05/14/2026 00:00:00,,03018,40,0001,08/03/2028 00:00:00,90.326330,3613.053208,0.00,1,False
3102,05/16/2026 00:00:00,,03202,400,0001,08/03/2028 00:00:00,104.770877,41908.350838,0.00,1,False
3103,05/16/2026 00:00:00,,03247,120,0001,08/03/2028 00:00:00,104.042682,12485.121790,0.00,1,False
3104,05/16/2026 00:00:00,,03060,240,0001,08/04/2028 00:00:00,95.754137,22980.992930,0.00,1,False
3105,05/16/2026 00:00:00,,03264,80,0001,08/04/2028 00:00:00,470.411052,37632.884195,0.00,1,False
3106,05/16/2026 00:00:00,,03165,20,0001,08/04/2028 00:00:00,11.787911,235.758220,0.00,1,False
3107,05/16/2026 00:00:00,,03010,67,0001,08/04/2028 00:00:00,125.586584,8414.301107,0.00,1,False
3108,05/16/2026 00:00:00,,03014,100,0001,08/04/2028 00:00:00,13.461060,1346.106000,0.00,1,False
3109,05/16/2026 00:00:00,,03001,1250,0001,08/04/2028 00:00:00,14.560554,18200.692338,0.00,1,False
3110,05/16/2026 00:00:00,,03182,250,0001,08/04/2028 00:00:00,16.673662,4168.415520,0.00,1,False
3111,05/16/2026 00:00:00,,03118,25,0001,08/04/2028 00:00:00,121.499938,3037.498438,0.00,1,False
3112,05/16/2026 00:00:00,,03003,80,0001,08/04/2028 00:00:00,33.290278,2663.222244,0.00,1,False
3113,05/18/2026 00:00:00,,03046,250,0001,08/04/2028 00:00:00,13.789645,3447.411230,0.00,1,False
3114,05/18/2026 00:00:00,,03173,500,0001,08/04/2028 00:00:00,14.560554,7280.276935,0.00,1,False
3115,05/19/2026 00:00:00,,03010,34,0001,08/06/2028 00:00:00,125.643132,4271.866491,0.00,1,False
3116,05/19/2026 00:00:00,,03222,2500,0001,08/06/2028 00:00:00,20.780963,51952.407200,0.00,1,False
3117,05/19/2026 00:00:00,,03054,400,0001,08/06/2028 00:00:00,57.091013,22836.405060,0.00,1,False
3118,05/19/2026 00:00:00,,03074,280,0001,08/06/2028 00:00:00,115.476600,32333.448114,0.00,1,False
3119,05/19/2026 00:00:00,,03146,360,0001,08/06/2028 00:00:00,152.734689,54984.488126,0.00,1,False
3120,05/19/2026 00:00:00,,03197,150,0001,08/06/2028 00:00:00,132.566333,19884.949923,0.00,1,False
3121,05/19/2026 00:00:00,,03189,500,0001,08/06/2028 00:00:00,27.461060,13730.530000,0.00,1,False
3122,05/19/2026 00:00:00,,03265,100,0001,08/06/2028 00:00:00,274.875422,27487.542162,0.00,1,False
3123,05/19/2026 00:00:00,,03163,50,0001,08/06/2028 00:00:00,17.000000,850.000000,0.00,1,False
3124,05/19/2026 00:00:00,,03019,50,0001,08/06/2028 00:00:00,21.961060,1098.053000,0.00,1,False
3125,05/19/2026 00:00:00,,03028,460,0001,08/06/2028 00:00:00,59.631950,27430.697175,0.00,1,False
3126,05/19/2026 00:00:00,,03095,220,0001,08/06/2028 00:00:00,60.060275,13213.260488,0.00,1,False
3127,05/19/2026 00:00:00,,03101,420,0001,08/06/2028 00:00:00,94.405127,39650.153498,0.00,1,False
3128,05/19/2026 00:00:00,,03089,220,0001,08/06/2028 00:00:00,113.788691,25033.511967,0.00,1,False
3129,05/19/2026 00:00:00,,03094,640,0001,08/06/2028 00:00:00,315.455629,201891.602408,0.00,1,False
3130,05/19/2026 00:00:00,,03090,20,0001,08/06/2028 00:00:00,137.517430,2750.348592,0.00,1,False
3131,05/20/2026 00:00:00,,03090,580,0001,08/12/2028 00:00:00,161.330839,93571.886476,0.00,1,False
3132,05/20/2026 00:00:00,,03092,295,0001,08/12/2028 00:00:00,82.568127,24357.597609,0.00,1,False
3133,05/20/2026 00:00:00,,03102,820,0001,08/12/2028 00:00:00,132.424352,108587.969048,0.00,1,False
3134,05/20/2026 00:00:00,,03093,300,0001,08/12/2028 00:00:00,269.788759,80936.627608,0.00,1,False
3135,05/20/2026 00:00:00,,03248,400,0001,08/12/2028 00:00:00,106.936521,42774.608494,0.00,1,False
3136,05/20/2026 00:00:00,,03091,800,0001,08/12/2028 00:00:00,115.396550,92317.240344,0.00,1,False
3137,05/20/2026 00:00:00,,03183,460,0001,08/12/2028 00:00:00,57.812290,26593.653455,0.00,1,False
3138,05/20/2026 00:00:00,,03221,200,0001,08/12/2028 00:00:00,142.109160,28421.832059,0.00,1,False
3139,05/21/2026 00:00:00,,03122,80,0001,08/12/2028 00:00:00,75.306698,6024.535802,0.00,1,False
3140,05/21/2026 00:00:00,,03120,60,0001,08/12/2028 00:00:00,55.593927,3335.635643,0.00,1,False
3141,05/21/2026 00:00:00,,03003,60,0001,08/12/2028 00:00:00,181.532839,10891.970359,0.00,1,False
3142,05/21/2026 00:00:00,,03119,160,0001,08/12/2028 00:00:00,98.911460,15825.833523,0.00,1,False
3143,05/21/2026 00:00:00,,03206,180,0001,08/12/2028 00:00:00,106.786635,19221.594223,0.00,1,False
3144,05/21/2026 00:00:00,,03020,500,0001,08/12/2028 00:00:00,343.808182,171904.090870,0.00,1,False
3145,05/21/2026 00:00:00,,03207,275,0001,08/12/2028 00:00:00,13.461060,3701.791500,0.00,1,False
3146,05/23/2026 00:00:00,,03002,5000,0001,08/12/2028 00:00:00,11.730000,58650.000000,0.00,1,False
3147,05/23/2026 00:00:00,,03113,5000,0001,08/12/2028 00:00:00,11.615000,58075.000000,0.00,1,False
3148,05/23/2026 00:00:00,,03163,1750,0001,08/12/2028 00:00:00,17.485714,30600.000000,0.00,1,False
3149,05/23/2026 00:00:00,,03087,550,0001,08/12/2028 00:00:00,19.906682,10948.675212,0.00,1,False
3150,05/23/2026 00:00:00,,03182,125,0001,08/12/2028 00:00:00,20.326682,2540.835275,0.00,1,False
3151,05/23/2026 00:00:00,,03162,600,0001,08/12/2028 00:00:00,52.131479,31278.887544,0.00,1,False
3152,05/24/2026 00:00:00,,03025,1156,0001,08/12/2028 00:00:00,54.153632,62601.598562,0.00,1,False
3153,05/24/2026 00:00:00,,03089,30,0001,08/12/2028 00:00:00,114.968423,3449.052696,0.00,1,False
3154,05/24/2026 00:00:00,,03215,220,0001,08/12/2028 00:00:00,563.946459,124068.221006,0.00,1,False
3155,05/24/2026 00:00:00,,03104,3250,0001,08/12/2028 00:00:00,69.918822,227236.170150,0.00,1,False
3156,05/24/2026 00:00:00,,03245,1350,0001,08/12/2028 00:00:00,79.493556,107316.300687,0.00,1,False
3157,05/24/2026 00:00:00,,03098,250,0001,08/12/2028 00:00:00,13.461060,3365.265000,0.00,1,False
3158,05/25/2026 00:00:00,,03194,260,0001,08/12/2028 00:00:00,91.596643,23815.127257,0.00,1,False
3159,05/25/2026 00:00:00,,03191,260,0001,08/12/2028 00:00:00,47.083709,12241.764336,0.00,1,False
3160,05/25/2026 00:00:00,,03266,100,0001,08/12/2028 00:00:00,18.700360,1870.036040,0.00,1,False
3161,05/25/2026 00:00:00,,03267,125,0001,08/12/2028 00:00:00,126.718360,15839.794995,0.00,1,False
3162,05/30/2026 00:00:00,,03197,150,0001,08/17/2028 00:00:00,140.164615,21024.692183,0.00,1,False
3163,05/30/2026 00:00:00,,03198,300,0001,08/17/2028 00:00:00,14.067205,4220.161548,0.00,1,False
3164,06/02/2026 00:00:00,,03165,20,0001,08/23/2028 00:00:00,11.648333,232.966664,0.00,1,False
3165,06/02/2026 00:00:00,,03003,60,0001,08/23/2028 00:00:00,34.714089,2082.845359,0.00,1,False
3166,06/02/2026 00:00:00,,03014,2500,0001,08/23/2028 00:00:00,13.483380,33708.450000,0.00,1,False
3167,06/03/2026 00:00:00,,03134,1250,0001,08/23/2028 00:00:00,11.960000,14950.000000,0.00,1,False
3168,06/03/2026 00:00:00,,03019,50,0001,08/23/2028 00:00:00,23.119000,1155.950000,0.00,1,False
3169,06/04/2026 00:00:00,,03269,120,0001,08/23/2028 00:00:00,120.504194,14460.503310,0.00,1,False
3170,06/04/2026 00:00:00,,03142,100,0001,08/23/2028 00:00:00,123.209059,12320.905882,0.00,1,False
3171,06/04/2026 00:00:00,,03205,140,0001,08/23/2028 00:00:00,109.696965,15357.575164,0.00,1,False
3172,06/04/2026 00:00:00,,03162,500,0001,08/23/2028 00:00:00,27.038698,13519.349145,0.00,1,False
3173,06/04/2026 00:00:00,,03207,625,0001,08/23/2028 00:00:00,13.747760,8592.350000,0.00,1,False
3174,06/05/2026 00:00:00,,03113,10000,0001,08/23/2028 00:00:00,11.615000,116150.000000,0.00,1,False
3175,06/06/2026 00:00:00,,03163,2500,0001,08/24/2028 00:00:00,17.340000,43350.000000,0.00,1,False
3176,06/06/2026 00:00:00,,03046,3750,0001,08/24/2028 00:00:00,21.887276,82077.285000,0.00,1,False
3177,06/07/2026 00:00:00,,03197,225,0001,09/04/2028 00:00:00,134.392703,30238.358196,0.00,1,False
3178,06/07/2026 00:00:00,,03190,260,0001,09/04/2028 00:00:00,336.468142,87481.716986,0.00,1,False
3179,06/07/2026 00:00:00,,03193,240,0001,09/04/2028 00:00:00,264.905572,63577.337230,0.00,1,False
3180,06/07/2026 00:00:00,,03194,220,0001,09/04/2028 00:00:00,90.876020,19992.724363,0.00,1,False
3181,06/07/2026 00:00:00,,03192,100,0001,09/04/2028 00:00:00,173.137770,17313.777018,0.00,1,False
3182,06/07/2026 00:00:00,,03201,250,0001,09/04/2028 00:00:00,46.256500,11564.124980,0.00,1,False
3183,06/07/2026 00:00:00,,03267,250,0001,09/04/2028 00:00:00,129.245463,32311.365630,0.00,1,False
3184,06/07/2026 00:00:00,,03084,500,0001,09/04/2028 00:00:00,110.454270,55227.135235,0.00,1,False
3185,06/07/2026 00:00:00,,03001,850,0001,09/04/2028 00:00:00,17.545848,14913.970790,0.00,1,False
3186,06/07/2026 00:00:00,,03087,475,0001,09/04/2028 00:00:00,22.657812,10762.460636,0.00,1,False
3187,06/07/2026 00:00:00,,03019,250,0001,09/04/2028 00:00:00,27.157301,6789.325200,0.00,1,False
3188,06/07/2026 00:00:00,,03163,2500,0001,09/04/2028 00:00:00,17.000000,42500.000000,0.00,1,False
3189,06/08/2026 00:00:00,,03163,375,0001,09/06/2028 00:00:00,17.000000,6375.000000,0.00,1,False
3190,06/08/2026 00:00:00,,03094,100,0001,09/06/2028 00:00:00,269.623939,26962.393920,0.00,1,False
3191,06/08/2026 00:00:00,,03010,200,0001,09/06/2028 00:00:00,164.259135,32851.826967,0.00,1,False
3192,06/08/2026 00:00:00,,03121,240,0001,09/06/2028 00:00:00,88.189099,21165.383856,0.00,1,False
3193,06/08/2026 00:00:00,,03240,240,0001,09/06/2028 00:00:00,161.751476,38820.354325,0.00,1,False
3194,06/08/2026 00:00:00,,03241,300,0001,09/06/2028 00:00:00,90.954726,27286.417815,0.00,1,False
3195,06/08/2026 00:00:00,,03003,220,0001,09/06/2028 00:00:00,34.691720,7632.178413,0.00,1,False
3196,06/08/2026 00:00:00,,03011,740,0001,09/06/2028 00:00:00,97.276850,71984.868822,0.00,1,False
3197,06/09/2026 00:00:00,,03020,600,0001,09/06/2028 00:00:00,347.324639,208394.783170,0.00,1,False
3198,06/09/2026 00:00:00,,03003,130,0001,09/06/2028 00:00:00,34.691720,4509.923608,0.00,1,False
3199,06/09/2026 00:00:00,,03165,40,0001,09/06/2028 00:00:00,38.723099,1548.923962,0.00,1,False
3200,06/09/2026 00:00:00,,03163,25,0001,09/06/2028 00:00:00,17.000000,425.000000,0.00,1,False
3201,06/10/2026 00:00:00,,03010,20,0001,09/06/2028 00:00:00,164.259135,3285.182697,0.00,1,False
3202,06/10/2026 00:00:00,,03014,750,0001,09/06/2028 00:00:00,13.219000,9914.250000,0.00,1,False
3203,06/10/2026 00:00:00,,03011,108,0001,09/06/2028 00:00:00,111.957965,12091.460231,0.00,1,False
3204,06/10/2026 00:00:00,,03026,24,0001,09/06/2028 00:00:00,111.201088,2668.826118,0.00,1,False
3205,06/10/2026 00:00:00,,03107,60,0001,09/06/2028 00:00:00,138.349095,8300.945724,0.00,1,False
3206,06/10/2026 00:00:00,,03023,125,0001,09/06/2028 00:00:00,13.975200,1746.900000,0.00,1,False
3207,06/10/2026 00:00:00,,03035,100,0001,09/06/2028 00:00:00,71.506094,7150.609395,0.00,1,False
3208,06/10/2026 00:00:00,,03135,60,0001,09/06/2028 00:00:00,224.304352,13458.261110,0.00,1,False
3209,06/10/2026 00:00:00,,03118,120,0001,09/06/2028 00:00:00,109.986501,13198.380139,0.00,1,False
3210,06/10/2026 00:00:00,,03046,250,0001,09/06/2028 00:00:00,19.493626,4873.406500,0.00,1,False
3211,06/10/2026 00:00:00,,03001,250,0001,09/06/2028 00:00:00,17.342860,4335.714978,0.00,1,False
3212,06/10/2026 00:00:00,,03151,250,0001,09/06/2028 00:00:00,60.999244,15249.810999,0.00,1,False
3213,06/10/2026 00:00:00,,03109,75,0001,09/06/2028 00:00:00,163.621319,12271.598896,0.00,1,False
3214,06/11/2026 00:00:00,,03142,500,0001,09/06/2028 00:00:00,130.438096,65219.048145,0.00,1,False
3215,06/11/2026 00:00:00,,03122,80,0001,09/06/2028 00:00:00,24.959412,1996.752970,0.00,1,False
3216,06/11/2026 00:00:00,,03010,40,0001,09/07/2028 00:00:00,164.260074,6570.402973,0.00,1,False
3217,06/11/2026 00:00:00,,03163,500,0001,09/07/2028 00:00:00,17.000000,8500.000000,0.00,1,False
3218,06/11/2026 00:00:00,,03014,250,0001,09/07/2028 00:00:00,13.219000,3304.750000,0.00,1,False
3219,06/11/2026 00:00:00,,03046,125,0001,09/07/2028 00:00:00,20.418956,2552.369500,0.00,1,False
3220,06/11/2026 00:00:00,,03253,250,0001,09/07/2028 00:00:00,16.809500,4202.375000,0.00,1,False
3221,06/12/2026 00:00:00,,03224,240,0001,09/07/2028 00:00:00,81.727557,19614.613742,0.00,1,False
3222,06/12/2026 00:00:00,,03225,240,0001,09/07/2028 00:00:00,271.367667,65128.240043,0.00,1,False
3223,06/12/2026 00:00:00,,03223,240,0001,09/07/2028 00:00:00,135.795252,32590.860492,0.00,1,False
3224,06/13/2026 00:00:00,,03253,50,0001,09/07/2028 00:00:00,16.809500,840.475000,0.00,1,False
3225,06/13/2026 00:00:00,,03151,25,0001,09/07/2028 00:00:00,62.905761,1572.644013,0.00,1,False
3226,06/13/2026 00:00:00,,03270,1000,0001,09/07/2028 00:00:00,71.618508,71618.508000,0.00,1,False
3227,06/13/2026 00:00:00,,03019,25,0001,09/07/2028 00:00:00,47.198104,1179.952600,0.00,1,False
3228,06/13/2026 00:00:00,,03001,2275,0001,09/07/2028 00:00:00,10.675598,24286.985525,0.00,1,False
3229,06/13/2026 00:00:00,,03003,320,0001,09/08/2028 00:00:00,33.758464,10802.708531,0.00,1,False
3230,06/14/2026 00:00:00,,03190,300,0001,09/09/2028 00:00:00,264.476926,79343.077944,0.00,1,False
3231,06/14/2026 00:00:00,,03265,100,0001,09/09/2028 00:00:00,84.241372,8424.137201,0.00,1,False
3232,06/14/2026 00:00:00,,03266,100,0001,09/09/2028 00:00:00,21.586134,2158.613389,0.00,1,False
3233,06/14/2026 00:00:00,,03197,150,0001,09/09/2028 00:00:00,152.787572,22918.135806,0.00,1,False
3234,06/14/2026 00:00:00,,03268,75,0001,09/09/2028 00:00:00,13.219000,991.425000,0.00,1,False
3235,06/14/2026 00:00:00,,03163,750,0001,09/09/2028 00:00:00,17.000000,12750.000000,0.00,1,False
3236,06/14/2026 00:00:00,,03045,50,0001,09/09/2028 00:00:00,13.975200,698.760000,0.00,1,False
3237,06/14/2026 00:00:00,,03011,40,0001,09/09/2028 00:00:00,129.358045,5174.321788,0.00,1,False
3238,06/14/2026 00:00:00,,03010,60,0001,09/09/2028 00:00:00,156.010074,9360.604460,0.00,1,False
3239,06/14/2026 00:00:00,,03120,20,0001,09/09/2028 00:00:00,55.680134,1113.602675,0.00,1,False
3240,06/14/2026 00:00:00,,03116,40,0001,09/09/2028 00:00:00,211.163829,8446.553164,0.00,1,False
3241,06/14/2026 00:00:00,,03029,20,0001,09/09/2028 00:00:00,25.170377,503.407549,0.00,1,False
3242,06/14/2026 00:00:00,,03147,50,0001,09/09/2028 00:00:00,13.219000,660.950000,0.00,1,False
3243,06/14/2026 00:00:00,,03053,50,0001,09/09/2028 00:00:00,35.843252,1792.162589,0.00,1,False
3244,06/14/2026 00:00:00,,03189,500,0001,09/09/2028 00:00:00,23.360815,11680.407400,0.00,1,False
3245,06/15/2026 00:00:00,,03253,75,0001,09/09/2028 00:00:00,20.776167,1558.212500,0.00,1,False
3246,06/16/2026 00:00:00,,03021,4360,0001,09/09/2028 00:00:00,61.606153,268602.827420,0.00,1,False
3247,06/16/2026 00:00:00,,03046,250,0001,09/09/2028 00:00:00,19.893626,4973.406500,0.00,1,False
3248,06/16/2026 00:00:00,,03019,25,0001,09/09/2028 00:00:00,40.588604,1014.715100,0.00,1,False
3249,06/16/2026 00:00:00,,03014,25,0001,09/09/2028 00:00:00,13.219000,330.475000,0.00,1,False
3250,06/16/2026 00:00:00,,03018,80,0001,09/09/2028 00:00:00,65.190737,5215.258974,0.00,1,False
3251,06/17/2026 00:00:00,,03217,100,0001,09/09/2028 00:00:00,206.458418,20645.841825,0.00,1,False
3252,06/17/2026 00:00:00,,03094,120,001,09/09/2028 00:00:00,161.515399,19381.847885,0.00,1,False
3253,06/17/2026 00:00:00,,03236,60,0001,09/09/2028 00:00:00,87.085275,5225.116529,0.00,1,False
3254,06/17/2026 00:00:00,,03028,120,0001,09/09/2028 00:00:00,274.390127,32926.815229,0.00,1,False
3255,06/17/2026 00:00:00,,03202,1000,0001,09/09/2028 00:00:00,89.957943,89957.943060,0.00,1,False
3256,06/17/2026 00:00:00,,03002,1250,0001,09/09/2028 00:00:00,11.960000,14950.000000,0.00,1,False
3257,06/17/2026 00:00:00,,03024,425,0001,09/09/2028 00:00:00,226.360594,96203.252340,0.00,1,False
3258,06/17/2026 00:00:00,,03046,125,0001,09/09/2028 00:00:00,15.140650,1892.581190,0.00,1,False
3259,06/17/2026 00:00:00,,03144,50,0001,09/09/2028 00:00:00,47.588604,2379.430200,0.00,1,False
3260,06/17/2026 00:00:00,,03014,375,0001,09/09/2028 00:00:00,14.100267,5287.600000,0.00,1,False
3261,06/17/2026 00:00:00,,03151,50,0001,09/09/2028 00:00:00,61.056978,3052.848891,0.00,1,False
3262,06/18/2026 00:00:00,,03245,550,0001,09/09/2028 00:00:00,111.123552,61117.953623,0.00,1,False
3263,06/18/2026 00:00:00,,03142,500,0001,09/09/2028 00:00:00,132.626674,66313.336785,0.00,1,False
3264,06/18/2026 00:00:00,,03010,340,0001,09/09/2028 00:00:00,164.263489,55849.586199,0.00,1,False
3265,06/20/2026 00:00:00,,03003,60,0001,09/09/2028 00:00:00,34.708464,2082.507850,0.00,1,False
3266,06/20/2026 00:00:00,,03001,750,0001,09/09/2028 00:00:00,17.403738,13052.803811,0.00,1,False
3267,06/20/2026 00:00:00,,03144,1750,0001,09/09/2028 00:00:00,31.372502,54901.878000,0.00,1,False
3268,06/21/2026 00:00:00,,03118,150,0001,09/10/2028 00:00:00,112.120773,16818.115896,0.00,1,False
3269,06/21/2026 00:00:00,,03271,300,0001,09/03/2028 00:00:00,359.973988,107992.196446,0.00,1,False
3270,06/21/2026 00:00:00,,03184,5000,0001,09/10/2028 00:00:00,10.000000,50000.000000,0.00,1,False
3271,06/21/2026 00:00:00,,03119,25,0001,09/10/2028 00:00:00,170.027676,4250.691896,0.00,1,False
3272,06/22/2026 00:00:00,,03020,1000,0001,09/10/2028 00:00:00,209.078658,209078.658350,0.00,1,False
3273,06/22/2026 00:00:00,,03097,500,0001,09/10/2028 00:00:00,126.611272,63305.635900,0.00,1,False
3274,06/22/2026 00:00:00,,03013,255,0001,09/10/2028 00:00:00,159.768999,40741.094714,0.00,1,False
3275,06/22/2026 00:00:00,,03119,220,0001,09/10/2028 00:00:00,164.864586,36270.208883,0.00,1,False
3276,06/23/2026 00:00:00,,03052,1296,0001,09/10/2028 00:00:00,71.166900,92232.302090,0.00,1,False
3277,06/23/2026 00:00:00,,03262,375,0001,09/10/2028 00:00:00,17.089907,6408.715275,0.00,1,False
3278,06/23/2026 00:00:00,,03120,200,0001,09/10/2028 00:00:00,52.798420,10559.684016,0.00,1,False
3279,06/23/2026 00:00:00,,03023,250,0001,09/10/2028 00:00:00,25.442852,6360.713000,0.00,1,False
3280,06/23/2026 00:00:00,,03144,175,0001,09/10/2028 00:00:00,30.835344,5396.185200,0.00,1,False
3281,06/24/2026 00:00:00,,03060,480,0001,09/16/2028 00:00:00,61.518476,29528.868355,0.00,1,False
3282,06/24/2026 00:00:00,,03023,2500,0001,09/16/2028 00:00:00,13.975200,34938.000000,0.00,1,False
3283,06/24/2026 00:00:00,,03009,300,0001,09/16/2028 00:00:00,48.166666,14449.999847,0.00,1,False
3284,06/24/2026 00:00:00,,03046,125,0001,09/16/2028 00:00:00,10.528760,1316.095000,0.00,1,False
3285,06/24/2026 00:00:00,,03104,75,0001,09/16/2028 00:00:00,25.983333,1948.749979,0.00,1,False
3286,06/27/2026 00:00:00,,03253,700,0001,09/16/2028 00:00:00,19.692932,13785.052500,0.00,1,False
3287,06/27/2026 00:00:00,,03019,25,0001,09/16/2028 00:00:00,49.459224,1236.480600,0.00,1,False
3288,06/27/2026 00:00:00,,03165,20,0001,09/16/2028 00:00:00,19.062395,381.247901,0.00,1,False
3289,06/27/2026 00:00:00,,03151,25,0001,09/16/2028 00:00:00,62.956978,1573.924446,0.00,1,False
3290,06/27/2026 00:00:00,,03010,17,0001,09/16/2028 00:00:00,158.463259,2693.875398,0.00,1,False
3291,06/27/2026 00:00:00,,03003,34,0001,09/16/2028 00:00:00,27.081982,920.787392,0.00,1,False
3292,06/27/2026 00:00:00,,03018,20,0001,09/16/2028 00:00:00,79.738736,1594.774720,0.00,1,False
3293,06/27/2026 00:00:00,,03264,29,0001,09/16/2028 00:00:00,483.504220,14021.622380,0.00,1,False
3294,06/27/2026 00:00:00,,03182,120,0001,09/16/2028 00:00:00,21.616419,2593.970284,0.00,1,False
3295,06/27/2026 00:00:00,,03014,35,0001,09/16/2028 00:00:00,13.100150,458.505250,0.00,1,False
3296,06/27/2026 00:00:00,,03179,10,0001,09/16/2028 00:00:00,91.459193,914.591929,0.00,1,False
3297,06/28/2026 00:00:00,,03043,10,0001,09/16/2028 00:00:00,233.801273,2338.012729,0.00,1,False
3298,06/28/2026 00:00:00,,03104,370,0001,09/19/2028 00:00:00,20.150000,7455.499896,0.00,1,False
3299,06/28/2026 00:00:00,,03272,300,0001,09/19/2028 00:00:00,145.346308,43603.892322,0.00,1,False
3300,06/28/2026 00:00:00,,03249,100,0001,09/19/2028 00:00:00,100.597569,10059.756875,0.00,1,False
3301,06/29/2026 00:00:00,,03046,500,0001,09/20/2028 00:00:00,13.631002,6815.500750,0.00,1,False
3302,06/29/2026 00:00:00,,03003,240,0001,09/20/2028 00:00:00,23.935509,5744.522174,0.00,1,False
3303,06/29/2026 00:00:00,,03002,2000,0001,09/20/2028 00:00:00,12.075000,24150.000000,0.00,1,False
3304,06/29/2026 00:00:00,,03014,1340,0001,09/20/2028 00:00:00,14.175535,18995.217500,0.00,1,False
3305,06/29/2026 00:00:00,,03043,60,0001,09/20/2028 00:00:00,62.101186,3726.071145,0.00,1,False
3306,06/29/2026 00:00:00,,03165,50,0001,09/20/2028 00:00:00,17.141964,857.098212,0.00,1,False
3307,06/29/2026 00:00:00,,03163,500,0001,09/20/2028 00:00:00,18.700000,9350.000000,0.00,1,False
3308,06/29/2026 00:00:00,,03019,175,0001,09/20/2028 00:00:00,46.499489,8137.410500,0.00,1,False
3309,06/29/2026 00:00:00,,03001,1500,0001,09/20/2028 00:00:00,17.403738,26105.607623,0.00,1,False
3310,06/30/2026 00:00:00,,03002,6250,0001,09/20/2028 00:00:00,11.684000,73025.000000,0.00,1,False
3311,06/30/2026 00:00:00,,03258,120,001,09/20/2028 00:00:00,73.818852,8858.262191,0.00,1,False
3312,06/30/2026 00:00:00,,03254,100,0001,09/20/2028 00:00:00,116.286972,11628.697174,0.00,1,False
3313,06/30/2026 00:00:00,,03001,250,0001,09/20/2028 00:00:00,17.403738,4350.934604,0.00,1,False
3314,06/30/2026 00:00:00,,03014,250,0001,09/20/2028 00:00:00,13.100150,3275.037500,0.00,1,False
3315,06/30/2026 00:00:00,,03163,100,0001,09/20/2028 00:00:00,17.000000,1700.000000,0.00,1,False
3316,06/30/2026 00:00:00,,03273,120,0001,09/20/2028 00:00:00,138.875197,16665.023630,0.00,1,False
3317,06/30/2026 00:00:00,,03274,120,0001,09/20/2028 00:00:00,88.380050,10605.606042,0.00,1,False
3318,06/30/2026 00:00:00,,03022,250,0001,09/20/2028 00:00:00,17.944594,4486.148612,0.00,1,False
3319,06/30/2026 00:00:00,,03003,60,0001,09/20/2028 00:00:00,27.085250,1625.115028,0.00,1,False
3320,06/21/2026 00:00:00,,03163,1950,0001,09/21/2028 00:00:00,8.717949,17000.000000,0.00,1,False
3321,06/09/2026 00:00:00,,03163,500,0001,09/24/2028 00:00:00,6.800000,3400.000000,0.00,1,False
3322,07/01/2026 00:00:00,,03182,450,001,09/30/2028 00:00:00,21.283338,9577.502138,0.00,1,False
3323,07/01/2026 00:00:00,,03003,60,001,09/30/2028 00:00:00,27.085250,1625.115028,0.00,1,False
3324,07/01/2026 00:00:00,,03014,200,001,09/30/2028 00:00:00,13.100150,2620.030000,0.00,1,False
3325,07/01/2026 00:00:00,,03010,13,001,09/30/2028 00:00:00,164.263489,2135.425355,0.00,1,False
3326,07/01/2026 00:00:00,,03264,23,001,10/01/2028 00:00:00,330.961377,7612.111670,0.00,1,False
3327,07/04/2026 00:00:00,,03055,5000,001,10/01/2028 00:00:00,13.100150,65500.750000,0.00,1,False
3328,07/04/2026 00:00:00,,03003,100,001,10/01/2028 00:00:00,27.085250,2708.525046,0.00,1,False
3329,07/04/2026 00:00:00,,03165,20,001,10/01/2028 00:00:00,20.252453,405.049053,0.00,1,False
3330,07/04/2026 00:00:00,,03010,7,001,10/01/2028 00:00:00,167.704885,1173.934194,0.00,1,False
3331,07/04/2026 00:00:00,,03163,100,001,10/01/2028 00:00:00,14.200000,1420.000000,0.00,1,False
3332,07/04/2026 00:00:00,,03264,11,001,10/01/2028 00:00:00,501.735957,5519.095529,0.00,1,False
3333,07/04/2026 00:00:00,,03088,25,001,10/01/2028 00:00:00,45.384989,1134.624736,0.00,1,False
3334,07/04/2026 00:00:00,,03253,100,001,10/01/2028 00:00:00,8.250075,825.007500,0.00,1,False
3335,07/05/2026 00:00:00,,03196,2125,001,10/01/2028 00:00:00,11.500000,24437.500000,0.00,1,False
3336,07/05/2026 00:00:00,,03119,60,050726,10/01/2028 00:00:00,164.866901,9892.014033,0.00,1,False
3338,07/07/2026 00:00:00,,03151,1325,070726,10/01/2028 00:00:00,62.980098,83448.629925,0.00,1,False
3339,07/07/2026 00:00:00,,03182,195,001,10/01/2028 00:00:00,21.300090,4153.517564,0.00,1,False
3340,07/07/2026 00:00:00,,03003,230,001,10/01/2028 00:00:00,34.335250,7897.107606,0.00,1,False
3341,07/07/2026 00:00:00,,03014,275,001,10/01/2028 00:00:00,13.100150,3602.541250,0.00,1,False
3342,07/07/2026 00:00:00,,03092,24,001,10/01/2028 00:00:00,159.938338,3838.520105,0.00,1,False
3343,07/07/2026 00:00:00,,03010,13,001,10/01/2028 00:00:00,167.564655,2178.340520,0.00,1,False
3344,07/07/2026 00:00:00,,03179,48,001,10/01/2028 00:00:00,95.109199,4565.241528,0.00,1,False
3347,07/07/2026 00:00:00,,03027,40,001,10/01/2028 00:00:00,215.040853,8601.634132,0.00,1,False
3348,07/07/2026 00:00:00,,03264,35,001,10/01/2028 00:00:00,305.000000,10675.000000,0.00,1,False
3349,07/07/2026 00:00:00,,03144,50,001,10/01/2028 00:00:00,40.529179,2026.458950,0.00,1,False
3350,07/08/2026 00:00:00,,03201,500,001,10/02/2028 00:00:00,39.988740,19994.370100,0.00,1,False
3351,07/08/2026 00:00:00,,03198,200,001,10/02/2028 00:00:00,16.176232,3235.246396,0.00,1,False
3352,07/08/2026 00:00:00,,03192,200,001,10/02/2028 00:00:00,151.717704,30343.540860,0.00,1,False
3353,07/08/2026 00:00:00,,03194,120,001,10/02/2028 00:00:00,107.106277,12852.753263,0.00,1,False
3354,07/08/2026 00:00:00,,03146,368,001,10/02/2028 00:00:00,156.040345,57422.847113,0.00,1,False
3355,07/08/2026 00:00:00,,03190,600,001,10/02/2028 00:00:00,121.590000,72954.000000,0.00,1,False
3356,07/08/2026 00:00:00,,03189,500,001,10/02/2028 00:00:00,16.709054,8354.527200,0.00,1,False
3357,07/08/2026 00:00:00,,03197,300,001,10/02/2028 00:00:00,83.957769,25187.330832,0.00,1,False
3358,07/10/2026 00:00:00,,03206,200,001,10/02/2028 00:00:00,103.861394,20772.278700,0.00,1,False
3359,07/10/2026 00:00:00,,03205,160,001,10/02/2028 00:00:00,55.346851,8855.496080,0.00,1,False
3360,07/10/2026 00:00:00,,03070,160,001,10/02/2028 00:00:00,85.823639,13731.782208,0.00,1,False
3361,07/10/2026 00:00:00,,03075,160,001,10/02/2028 00:00:00,58.203197,9312.511441,0.00,1,False
3362,07/10/2026 00:00:00,,03207,500,001,10/02/2028 00:00:00,13.100150,6550.075000,0.00,1,False
3363,07/10/2026 00:00:00,,03162,500,001,10/02/2034 00:00:00,26.169055,13084.527575,0.00,1,False
3364,07/10/2026 00:00:00,,03014,1500,001,10/02/2028 00:00:00,13.100150,19650.225000,0.00,1,False
3365,07/10/2026 00:00:00,,03264,57,001,10/02/2028 00:00:00,420.000000,23940.000000,0.00,1,False
3366,07/10/2026 00:00:00,,03003,245,110,10/02/2028 00:00:00,34.335250,8412.136363,0.00,1,False
3367,07/10/2026 00:00:00,,03046,500,001,10/02/2028 00:00:00,16.531002,8265.500750,0.00,1,False
3368,07/11/2026 00:00:00,,03207,625,001,10/02/2028 00:00:00,13.100150,8187.593750,0.00,1,False
3369,07/11/2026 00:00:00,,03046,500,001,10/02/2028 00:00:00,16.531002,8265.500750,0.00,1,False
3370,07/11/2026 00:00:00,,03253,150,001,10/02/2028 00:00:00,8.250075,1237.511250,0.00,1,False
3371,07/11/2026 00:00:00,,03163,375,001,10/02/2028 00:00:00,17.000000,6375.000000,0.00,1,False
3372,07/12/2026 00:00:00,,03204,180,001,10/02/2028 00:00:00,95.508255,17191.485960,0.00,1,False
3373,07/12/2026 00:00:00,,03226,300,001,10/02/2028 00:00:00,96.693727,29008.118160,0.00,1,False
3374,07/12/2026 00:00:00,,03142,540,001,10/02/2028 00:00:00,30.697788,16576.805736,0.00,1,False
3375,07/12/2026 00:00:00,,03029,125,001,10/02/2028 00:00:00,26.569055,3321.131894,0.00,1,False
3376,07/12/2026 00:00:00,,03241,220,001,10/02/2028 00:00:00,110.603639,24332.800536,0.00,1,False
3377,07/12/2026 00:00:00,,03147,500,001,10/02/2028 00:00:00,95.547910,47773.955000,0.00,1,False
3380,07/13/2026 00:00:00,,03014,500,001,10/06/2034 00:00:00,13.000000,6500.000000,0.00,1,False
3381,07/14/2026 00:00:00,,03014,375,001,10/06/2028 00:00:00,13.000000,4875.000000,0.00,1,False
3384,07/15/2026 00:00:00,,03002,1500,001,10/06/2028 00:00:00,17.000000,25500.000000,0.00,1,False
3385,07/15/2026 00:00:00,,03002,1500,001,10/06/2028 00:00:00,7.666667,11500.000000,0.00,1,False
3387,07/15/2026 00:00:00,,03003,220,001,10/06/2028 00:00:00,34.485509,7586.811993,0.00,1,False
3388,07/15/2026 00:00:00,,03014,525,001,10/06/2028 00:00:00,13.000000,6825.000000,0.00,1,False
3389,07/15/2026 00:00:00,,03264,57,001,10/06/2028 00:00:00,420.000000,23940.000000,0.00,1,False
3390,07/15/2026 00:00:00,,03271,300,001,10/06/2028 00:00:00,241.280916,72384.274920,0.00,1,False
3392,07/15/2026 00:00:00,,03275,500,001,10/06/2028 00:00:00,32.050000,16025.000000,0.00,1,False
3393,07/15/2026 00:00:00,,03098,250,001,10/06/2028 00:00:00,13.000000,3250.000000,0.00,1,False
3394,07/15/2026 00:00:00,,03144,500,001,10/06/2028 00:00:00,43.979104,21989.552000,0.00,1,False
3395,07/15/2026 00:00:00,,03173,750,001,10/06/2028 00:00:00,17.626667,13220.000000,0.00,1,False
3396,07/15/2026 00:00:00,,03045,25,001,10/06/2028 00:00:00,13.800000,345.000000,0.00,1,False
3397,07/16/2026 00:00:00,,03010,24,001,10/06/2028 00:00:00,163.097704,3914.344903,0.00,1,False
3398,07/16/2026 00:00:00,,03054,12,001,10/06/2034 00:00:00,56.079757,672.957084,0.00,1,False
3399,07/16/2026 00:00:00,,03135,24,001,10/06/2034 00:00:00,222.982036,5351.568859,0.00,1,False
3400,07/16/2026 00:00:00,,03202,200,001,10/06/2028 00:00:00,97.961177,19592.235432,0.00,1,False
3401,07/16/2026 00:00:00,,03104,500,001,10/06/2028 00:00:00,41.010000,20505.000000,0.00,1,False
3402,07/16/2026 00:00:00,,03014,5000,001,10/06/2028 00:00:00,13.000000,65000.000000,0.00,1,False
3403,07/17/2026 00:00:00,,03270,500,001,10/06/2028 00:00:00,37.253679,18626.839250,0.00,1,False
3406,07/17/2026 00:00:00,,03264,23,170726,10/06/2034 00:00:00,420.000000,9660.000000,0.00,1,False
3407,07/17/2026 00:00:00,,03010,81,170726,10/06/2028 00:00:00,163.097704,13210.914048,0.00,1,False
3408,07/17/2026 00:00:00,,03179,20,001,10/06/2028 00:00:00,109.371199,2187.423970,0.00,1,False
3409,07/17/2026 00:00:00,,03012,40,001,10/06/2028 00:00:00,47.560000,1902.400000,0.00,1,False
3410,07/17/2026 00:00:00,,03165,40,001,10/06/2028 00:00:00,23.875964,955.038572,0.00,1,False
3412,07/17/2026 00:00:00,,03118,90,001,10/06/2028 00:00:00,112.728499,10145.564902,0.00,1,False
3413,07/17/2026 00:00:00,,03019,100,001,10/06/2028 00:00:00,43.979104,4397.910400,0.00,1,False
3415,07/17/2026 00:00:00,,03182,250,001,10/06/2028 00:00:00,21.283863,5320.965737,0.00,1,False
3416,07/17/2026 00:00:00,,03022,500,001,10/06/2028 00:00:00,44.389552,22194.776000,0.00,1,False
3417,07/17/2026 00:00:00,,03121,40,001,10/06/2028 00:00:00,64.882430,2595.297208,0.00,1,False
3418,07/17/2026 00:00:00,,03176,40,001,10/06/2028 00:00:00,129.191934,5167.677361,0.00,1,False
3422,07/17/2026 00:00:00,,03241,40,001,10/06/2028 00:00:00,109.326782,4373.071293,0.00,1,False
3423,07/17/2026 00:00:00,,03130,40,001,10/06/2028 00:00:00,258.350000,10334.000000,0.00,1,False
3424,07/17/2026 00:00:00,,03119,60,001,10/06/2028 00:00:00,161.335167,9680.110020,0.00,1,False
3425,07/17/2026 00:00:00,,03112,2500,001,10/06/2028 00:00:00,13.025258,32563.144575,0.00,1,False
3426,07/17/2026 00:00:00,,03112,2500,001,10/06/2028 00:00:00,13.100150,32750.375000,0.00,1,False
3427,07/18/2026 00:00:00,,03144,100,001,10/07/2028 00:00:00,47.529179,4752.917900,0.00,1,False
3428,07/18/2026 00:00:00,,03116,20,001,10/07/2028 00:00:00,210.517405,4210.348100,0.00,1,False
3429,07/18/2026 00:00:00,,03147,100,001,10/07/2028 00:00:00,86.547910,8654.791000,0.00,1,False
3430,07/19/2026 00:00:00,,03022,500,001,10/07/2028 00:00:00,29.980120,14990.060000,0.00,1,False
3431,07/19/2026 00:00:00,,03014,130,001,10/07/2028 00:00:00,13.100150,1703.019500,0.00,1,False
3432,07/19/2026 00:00:00,,03010,20,001,10/07/2028 00:00:00,160.297704,3205.954086,0.00,1,False
3433,07/19/2026 00:00:00,,03003,34,001,10/07/2028 00:00:00,34.485509,1172.507308,0.00,1,False
3434,07/19/2026 00:00:00,,03012,10,001,10/07/2028 00:00:00,117.660000,1176.600000,0.00,1,False
3435,07/19/2026 00:00:00,,03179,10,001,10/07/2028 00:00:00,72.671199,726.711985,0.00,1,False
3436,07/19/2026 00:00:00,,03121,100,001,10/07/2028 00:00:00,11.332430,1133.243019,0.00,1,False
3437,07/19/2026 00:00:00,,03176,200,001,10/07/2028 00:00:00,129.191934,25838.386804,0.00,1,False
3438,07/19/2026 00:00:00,,03018,60,001,10/07/2028 00:00:00,86.797500,5207.850000,0.00,1,False
3439,07/06/2026 00:00:00,,03001,2500,0001,10/09/2028 00:00:00,17.404000,43510.000000,0.00,1,False
3440,07/07/2026 00:00:00,,03108,50,0001,10/09/2028 00:00:00,123.626875,6181.343737,0.00,1,False
3441,07/07/2026 00:00:00,,03011,100,0001,10/09/2028 00:00:00,82.068750,8206.875000,0.00,1,False
3442,07/13/2026 00:00:00,,03163,5500,0001,10/09/2028 00:00:00,17.000000,93500.000000,0.00,1,False
3443,07/14/2026 00:00:00,,03163,750,0001,10/09/2028 00:00:00,17.000000,12750.000000,0.00,1,False
3444,07/15/2026 00:00:00,,03163,2500,0001,10/11/2028 00:00:00,17.000000,42500.000000,0.00,1,False
3445,07/15/2026 00:00:00,,03281,60,0001,10/11/2028 00:00:00,10.200000,612.000000,0.00,1,False
3446,07/17/2026 00:00:00,,03282,500,0001,10/11/2028 00:00:00,68.200108,34100.053830,0.00,1,False
3447,07/17/2026 00:00:00,,03046,750,0001,10/12/2028 00:00:00,15.676667,11757.500000,0.00,1,False
3448,07/17/2026 00:00:00,,03018,40,0001,10/12/2028 00:00:00,87.357500,3494.300000,0.00,1,False
3449,07/17/2026 00:00:00,,03002,250,0001,10/12/2028 00:00:00,11.500000,2875.000000,0.00,1,False
3450,07/17/2026 00:00:00,,03163,2500,0001,10/12/2028 00:00:00,3.400000,8500.000000,0.00,1,False
3451,07/17/2026 00:00:00,,03001,500,0001,10/12/2028 00:00:00,17.304000,8652.000000,0.00,1,False
3452,07/17/2026 00:00:00,,03011,60,0001,10/12/2028 00:00:00,82.068750,4924.125000,0.00,1,False
3453,07/17/2026 00:00:00,,03120,40,0001,10/12/2028 00:00:00,55.429604,2217.184172,0.00,1,False
3454,07/19/2026 00:00:00,,03001,500,0001,10/12/2028 00:00:00,17.419509,8709.754400,0.00,1,False
3455,07/19/2026 00:00:00,,03003,34,0001,10/12/2028 00:00:00,34.485509,1172.507308,0.00,1,False
3456,07/19/2026 00:00:00,,03011,300,0001,10/12/2028 00:00:00,74.818750,22445.625000,0.00,1,False
3457,07/19/2026 00:00:00,,03279,100,0001,10/12/2028 00:00:00,273.639916,27363.991640,0.00,1,False
3458,07/19/2026 00:00:00,,03280,200,0001,10/12/2028 00:00:00,76.797704,15359.540860,0.00,1,False
3459,07/19/2026 00:00:00,,03277,60,0001,10/12/2028 00:00:00,252.790000,15167.400000,0.00,1,False
3460,07/19/2026 00:00:00,,03278,60,0001,10/12/2028 00:00:00,246.990000,14819.400000,0.00,1,False
3461,07/19/2026 00:00:00,,03276,60,0001,10/12/2028 00:00:00,81.949214,4916.952848,0.00,1,False
3462,07/20/2026 00:00:00,,03020,500,0001,10/12/2028 00:00:00,54.344594,27172.297244,0.00,1,False
3463,07/20/2026 00:00:00,,03106,100,0001,10/12/2028 00:00:00,148.863960,14886.396046,0.00,1,False
3464,07/20/2026 00:00:00,,03097,500,0001,10/12/2028 00:00:00,116.820907,58410.453700,0.00,1,False
3465,07/20/2026 00:00:00,,03054,120,0001,10/12/2028 00:00:00,46.029757,5523.570840,0.00,1,False
3466,07/20/2026 00:00:00,,03261,250,0001,10/12/2028 00:00:00,56.111272,14027.818055,0.00,1,False
3467,07/20/2026 00:00:00,,03260,60,0001,10/12/2028 00:00:00,51.597932,3095.875946,0.00,1,False
3468,07/20/2026 00:00:00,,03256,60,0001,10/12/2028 00:00:00,62.984789,3779.087341,0.00,1,False
3469,07/20/2026 00:00:00,,03269,60,0001,10/12/2028 00:00:00,140.335393,8420.123580,0.00,1,False
3470,07/21/2026 00:00:00,,03104,625,0001,10/12/2028 00:00:00,14.310000,8943.750000,0.00,1,False
3471,07/21/2026 00:00:00,,03002,1000,0001,10/12/2028 00:00:00,11.500000,11500.000000,0.00,1,False
3472,07/21/2026 00:00:00,,03136,500,0001,10/12/2028 00:00:00,33.834328,16917.164000,0.00,1,False
3473,07/21/2026 00:00:00,,03244,1250,0001,10/12/2028 00:00:00,15.120000,18900.000000,0.00,1,False
3474,07/22/2026 00:00:00,,03087,2950,0001,10/12/2028 00:00:00,21.063863,62138.395691,0.00,1,False
3475,07/22/2026 00:00:00,,03182,500,001,10/12/2028 00:00:00,19.613863,9806.931473,0.00,1,False
3476,07/22/2026 00:00:00,,03014,1625,0001,10/12/2028 00:00:00,13.091799,21274.173425,0.00,1,False
3477,07/22/2026 00:00:00,,03046,1750,0001,10/12/2028 00:00:00,10.131002,17729.252625,0.00,1,False
3478,07/22/2026 00:00:00,,03264,57,0001,10/12/2028 00:00:00,420.000000,23940.000000,0.00,1,False
3479,07/22/2026 00:00:00,,03002,1000,0001,10/12/2028 00:00:00,11.500000,11500.000000,0.00,1,False
3480,07/22/2026 00:00:00,,03163,200,0001,10/12/2028 00:00:00,10.000000,2000.000000,0.00,1,False
3481,07/23/2026 00:00:00,,03014,750,0001,10/12/2028 00:00:00,13.100150,9825.112500,0.00,1,False
3482,07/23/2026 00:00:00,,03003,120,0001,10/12/2028 00:00:00,27.235509,3268.261087,0.00,1,False
3483,07/23/2026 00:00:00,,03163,400,0001,10/12/2028 00:00:00,10.000000,4000.000000,0.00,1,False
3484,07/23/2026 00:00:00,,03118,90,0001,10/12/2028 00:00:00,112.796691,10151.702197,0.00,1,False
3485,07/23/2026 00:00:00,,03019,325,0001,10/12/2028 00:00:00,40.529179,13171.983175,0.00,1,False
3486,07/23/2026 00:00:00,,03092,48,0001,10/13/2028 00:00:00,159.938527,7677.049294,0.00,1,False
3487,07/23/2026 00:00:00,,03183,40,0001,10/13/2028 00:00:00,65.961939,2638.477577,0.00,1,False
3488,07/23/2026 00:00:00,,03281,200,0001,10/13/2028 00:00:00,1.600000,320.000000,0.00,1,False
3489,07/23/2026 00:00:00,,03002,625,0001,10/13/2028 00:00:00,1.840000,1150.000000,0.00,1,False
3490,07/23/2026 00:00:00,,03283,100,0001,10/13/2028 00:00:00,164.054357,16405.435670,0.00,1,False
3491,07/25/2026 00:00:00,,03097,1000,0001,10/13/2028 00:00:00,21.361272,21361.272220,0.00,1,False
3492,07/25/2026 00:00:00,,03253,250,0001,10/13/2028 00:00:00,8.250075,2062.518750,0.00,1,False
3493,07/25/2026 00:00:00,,03284,400,0001,10/13/2028 00:00:00,3.500000,1400.000000,0.00,1,False
3494,07/26/2026 00:00:00,,03046,2500,0001,10/13/2028 00:00:00,16.531002,41327.503750,0.00,1,False
3495,07/26/2026 00:00:00,,03019,750,0001,10/13/2028 00:00:00,5.000000,3750.000000,0.00,1,False
3496,07/27/2026 00:00:00,,03003,170,0001,10/14/2028 00:00:00,34.236268,5820.165494,0.00,1,False
3497,07/27/2026 00:00:00,,03107,100,0001,10/14/2028 00:00:00,137.840635,13784.063550,0.00,1,False
3498,07/28/2026 00:00:00,,03286,24,0001,10/16/2028 00:00:00,255.415298,6129.967148,0.00,1,False
3499,07/28/2026 00:00:00,,03287,24,0001,10/16/2028 00:00:00,29.277948,702.670752,0.00,1,False
3500,07/28/2026 00:00:00,,03288,24,0001,10/16/2028 00:00:00,128.942693,3094.624622,0.00,1,False
3501,07/28/2026 00:00:00,,03289,24,0001,10/06/2028 00:00:00,45.895281,1101.486735,0.00,1,False
3502,07/28/2026 00:00:00,,03290,24,0001,10/16/2028 00:00:00,66.560799,1597.459178,0.00,1,False
3503,07/28/2026 00:00:00,,03291,24,0001,10/16/2028 00:00:00,46.807125,1123.370999,0.00,1,False
3504,07/28/2026 00:00:00,,03253,100,0001,10/16/2028 00:00:00,17.101235,1710.123500,0.00,1,False
3505,07/28/2026 00:00:00,,03271,300,0001,10/16/2028 00:00:00,44.148437,13244.530962,0.00,1,False
3506,07/28/2026 00:00:00,,03046,425,0001,10/16/2028 00:00:00,16.538025,7028.660498,0.00,1,False
3507,07/28/2026 00:00:00,,03014,175,0001,10/16/2028 00:00:00,14.196826,2484.444600,0.00,1,False
3508,07/28/2026 00:00:00,,03151,50,0001,10/16/2028 00:00:00,62.572552,3128.627581,0.00,1,False
3509,07/28/2026 00:00:00,,03163,50,0001,10/16/2028 00:00:00,17.000000,850.000000,0.00,1,False
3510,07/29/2026 00:00:00,,03011,100,0001,10/16/2028 00:00:00,81.818240,8181.823955,0.00,1,False
3511,07/29/2026 00:00:00,,03129,50,0001,10/16/2028 00:00:00,317.822736,15891.136800,0.00,1,False
3512,07/29/2026 00:00:00,,03182,550,001,10/16/2028 00:00:00,21.265857,11696.221540,0.00,1,False
3513,07/29/2026 00:00:00,,03002,1250,0001,10/16/2028 00:00:00,17.000000,21250.000000,0.00,1,False
3514,07/29/2026 00:00:00,,03046,250,0001,10/16/2028 00:00:00,16.538025,4134.506175,0.00,1,False
3515,07/29/2026 00:00:00,,03182,750,0001,10/19/2028 00:00:00,21.265857,15949.393010,0.00,1,False
3516,07/29/2026 00:00:00,,03144,1250,0001,10/19/2028 00:00:00,11.901235,14876.543750,0.00,1,False
3517,07/29/2026 00:00:00,,03003,340,0001,10/19/2028 00:00:00,34.236268,11640.330987,0.00,1,False
3518,07/30/2026 00:00:00,,03046,125,0001,10/19/2028 00:00:00,16.530323,2066.290388,0.00,1,False
3519,08/01/2026 00:00:00,,03010,40,0001,10/19/2028 00:00:00,92.460643,3698.425714,0.00,1,False
3520,08/01/2026 00:00:00,,03179,40,0001,10/19/2028 00:00:00,46.415754,1856.630178,0.00,1,False
3521,08/01/2026 00:00:00,,03003,80,0001,10/19/2028 00:00:00,34.189625,2735.169987,0.00,1,False
3522,08/01/2026 00:00:00,,03012,80,0001,10/19/2028 00:00:00,99.460867,7956.869324,0.00,1,False
3523,08/01/2026 00:00:00,,03165,80,0001,10/19/2028 00:00:00,23.826833,1906.146679,0.00,1,False
3524,08/01/2026 00:00:00,,03018,80,0001,10/19/2028 00:00:00,86.951280,6956.102364,0.00,1,False
3525,08/01/2026 00:00:00,,03151,200,0001,10/19/2028 00:00:00,55.319398,11063.879680,0.00,1,False
3526,08/01/2026 00:00:00,,03182,620,0001,10/19/2028 00:00:00,21.264856,13184.210486,0.00,1,False
3527,08/01/2026 00:00:00,,03163,500,0001,10/19/2028 00:00:00,17.000000,8500.000000,0.00,1,False
3528,08/01/2026 00:00:00,,03253,100,0001,10/19/2028 00:00:00,16.716155,1671.615500,0.00,1,False
3529,08/01/2026 00:00:00,,03014,50,0001,10/19/2028 00:00:00,13.032310,651.615500,0.00,1,False
3530,08/01/2026 00:00:00,,03151,50,0001,10/19/2028 00:00:00,55.319398,2765.969920,0.00,1,False
3531,08/02/2026 00:00:00,,03182,500,0001,10/27/2028 00:00:00,21.264856,10632.427811,0.00,1,False
3532,08/02/2026 00:00:00,,03202,1200,0001,10/27/2028 00:00:00,89.561198,107473.437354,0.00,1,False
3533,08/03/2026 00:00:00,,03294,100,0001,10/27/2028 00:00:00,29.277948,2927.794800,0.00,1,False
3534,08/03/2026 00:00:00,,03144,50,0001,10/27/2028 00:00:00,40.495259,2024.762950,0.00,1,False
3535,08/03/2026 00:00:00,,03271,200,0001,10/27/2028 00:00:00,80.847937,16169.587308,0.00,1,False
3536,08/03/2026 00:00:00,,03280,300,0001,10/27/2028 00:00:00,11.960636,3588.190692,0.00,1,False
3537,08/03/2026 00:00:00,,03281,300,0001,10/27/2028 00:00:00,10.000643,3000.192852,0.00,1,False
3538,08/03/2026 00:00:00,,03276,120,0001,10/27/2028 00:00:00,134.205311,16104.637361,0.00,1,False
3539,08/03/2026 00:00:00,,03292,120,0001,10/27/2028 00:00:00,43.430281,5211.633677,0.00,1,False
3540,08/03/2026 00:00:00,,03293,120,0001,10/27/2028 00:00:00,152.383634,18286.036061,0.00,1,False
3541,08/03/2026 00:00:00,,03296,250,0001,10/27/2028 00:00:00,21.929079,5482.269750,0.00,1,False
3542,08/03/2026 00:00:00,,03295,250,0001,10/27/2028 00:00:00,20.840000,5210.000000,0.00,1,False
3543,08/03/2026 00:00:00,,03176,260,0001,10/27/2028 00:00:00,131.182721,34107.507556,0.00,1,False
3544,08/04/2026 00:00:00,,03120,220,0001,10/27/2028 00:00:00,50.980083,11215.618176,0.00,1,False
3545,08/04/2026 00:00:00,,03003,120,0001,10/27/2028 00:00:00,34.086009,4090.321081,0.00,1,False
3546,08/04/2026 00:00:00,,03182,2825,0001,10/27/2028 00:00:00,19.188082,54206.332952,0.00,1,False
3547,08/04/2026 00:00:00,,03018,95,0001,10/27/2028 00:00:00,85.914706,8161.897113,0.00,1,False
3548,08/04/2026 00:00:00,,03003,520,0001,10/27/2028 00:00:00,23.935509,12446.464711,0.00,1,False
3549,08/04/2026 00:00:00,,03163,2925,0001,10/27/2028 00:00:00,17.000000,49725.000000,0.00,1,False
3550,08/04/2026 00:00:00,,03012,32,0001,10/27/2028 00:00:00,99.210867,3174.747730,0.00,1,False
3551,08/05/2026 00:00:00,,03270,250,0001,10/27/2028 00:00:00,71.635887,17908.971750,0.00,1,False
3552,08/05/2026 00:00:00,,03046,625,0001,10/27/2028 00:00:00,6.530323,4081.451938,0.00,1,False
3553,08/05/2026 00:00:00,,03119,80,0001,10/27/2028 00:00:00,168.777221,13502.177664,0.00,1,False
3554,08/05/2026 00:00:00,,03086,60,0001,10/27/2028 00:00:00,30.000000,1800.000000,0.00,1,False
3556,08/05/2026 00:00:00,,03144,300,0001,10/27/2028 00:00:00,40.495259,12148.577700,0.00,1,False
3557,08/05/2026 00:00:00,,03054,180,0001,10/27/2028 00:00:00,55.830552,10049.499279,0.00,1,False
3558,08/05/2026 00:00:00,,03070,180,0001,10/27/2028 00:00:00,21.594215,3886.958641,0.00,1,False
3559,08/05/2026 00:00:00,,03199,180,0001,10/27/2028 00:00:00,25.248699,4544.765899,0.00,1,False
3560,08/05/2026 00:00:00,,03011,220,0001,10/27/2028 00:00:00,71.518697,15734.113340,0.00,1,False
3561,08/05/2026 00:00:00,,03122,100,0001,10/27/2028 00:00:00,70.752070,7075.206980,0.00,1,False
3562,08/05/2026 00:00:00,,03014,50,0001,10/27/2028 00:00:00,13.032310,651.615500,0.00,1,False
3563,08/06/2026 00:00:00,,03088,500,0001,10/10/2034 00:00:00,37.469595,18734.797520,0.00,1,False
3564,08/05/2026 00:00:00,,03014,650,0001,10/27/2028 00:00:00,13.032310,8471.001500,0.00,1,False
3565,08/06/2026 00:00:00,,03163,500,0001,09/27/2028 00:00:00,17.000000,8500.000000,0.00,1,False
3566,08/05/2026 00:00:00,,03046,50,0001,10/27/2028 00:00:00,6.530323,326.516155,0.00,1,False
3567,08/05/2026 00:00:00,,03003,10,0001,09/27/2028 00:00:00,34.086009,340.860090,0.00,1,False
3568,08/06/2026 00:00:00,,03018,20,0001,10/27/2028 00:00:00,85.913310,1718.266209,0.00,1,False
3569,08/06/2026 00:00:00,,03012,10,0001,10/27/2028 00:00:00,111.809471,1118.094706,0.00,1,False
3570,08/06/2026 00:00:00,,03182,15,0001,10/27/2028 00:00:00,13.248104,198.721555,0.00,1,False
3571,08/08/2026 00:00:00,,03163,2525,080826,10/28/2034 00:00:00,17.000000,42925.000000,0.00,1,False
3572,08/08/2026 00:00:00,,03046,1250,0001,10/28/2028 00:00:00,6.530323,8162.903875,0.00,1,False
3573,08/08/2026 00:00:00,,03014,1275,0001,10/28/2028 00:00:00,13.032310,16616.195250,0.00,1,False
3574,08/08/2026 00:00:00,,03020,500,0001,10/28/2028 00:00:00,204.619333,102309.666500,0.00,1,False
3575,08/08/2026 00:00:00,,03106,100,0001,10/28/2028 00:00:00,25.313960,2531.396046,0.00,1,False
3576,08/08/2026 00:00:00,,03110,500,0001,10/28/2028 00:00:00,17.361453,8680.726648,0.00,1,False
3577,08/08/2026 00:00:00,,03141,500,0001,10/28/2028 00:00:00,11.516155,5758.077500,0.00,1,False
3578,08/08/2026 00:00:00,,03134,125,0001,10/28/2028 00:00:00,10.800000,1350.000000,0.00,1,False
3579,08/08/2026 00:00:00,,03151,75,0001,10/28/2028 00:00:00,54.130072,4059.755394,0.00,1,False
3580,08/08/2026 00:00:00,,03022,250,0001,10/28/2028 00:00:00,44.415400,11103.850000,0.00,1,False
3581,08/09/2026 00:00:00,,03194,200,0001,10/29/2028 00:00:00,106.011462,21202.292322,0.00,1,False
3582,08/09/2026 00:00:00,,03192,200,0001,10/29/2028 00:00:00,26.774107,5354.821465,0.00,1,False
3583,08/09/2026 00:00:00,,03198,200,0001,10/29/2028 00:00:00,16.129107,3225.821384,0.00,1,False
3584,08/09/2026 00:00:00,,03191,160,0001,10/29/2028 00:00:00,91.620496,14659.279361,0.00,1,False
3585,08/09/2026 00:00:00,,03193,220,0001,10/29/2028 00:00:00,248.054931,54572.084763,0.00,1,False
3586,08/09/2026 00:00:00,,03265,100,0001,10/29/2028 00:00:00,266.640763,26664.076322,0.00,1,False
3587,08/09/2026 00:00:00,,03190,500,0001,10/29/2028 00:00:00,316.891801,158445.900650,0.00,1,False
3588,08/09/2026 00:00:00,,03189,500,0001,10/29/2028 00:00:00,23.142571,11571.285600,0.00,1,False
3589,08/06/2026 00:00:00,,03088,500,0001,10/29/2028 00:00:00,45.268005,22634.002275,0.00,1,False
3590,08/10/2026 00:00:00,,03297,40,0001,10/30/2028 00:00:00,129.112494,5164.499779,0.00,1,False
3591,08/10/2026 00:00:00,,03298,40,0001,10/30/2028 00:00:00,68.006899,2720.275973,0.00,1,False
3592,08/10/2026 00:00:00,,03299,40,0001,10/30/2028 00:00:00,90.592378,3623.695125,0.00,1,False
3593,08/10/2026 00:00:00,,03300,40,0001,10/30/2028 00:00:00,205.813272,8232.530869,0.00,1,False
3594,08/10/2026 00:00:00,,03213,125,0001,10/30/2028 00:00:00,15.607764,1950.970463,0.00,1,False
3595,08/10/2026 00:00:00,,03144,25,0001,10/30/2028 00:00:00,40.495259,1012.381475,0.00,1,False
3596,08/10/2026 00:00:00,,03014,75,0001,10/30/2028 00:00:00,13.032310,977.423250,0.00,1,False
3597,08/10/2026 00:00:00,,03163,150,0001,10/30/2034 00:00:00,17.000000,2550.000000,0.00,1,False
3598,08/10/2026 00:00:00,,03244,125,0001,10/30/2028 00:00:00,21.076237,2634.529594,0.00,1,False
3599,08/11/2026 00:00:00,,03021,4100,0001,10/30/2028 00:00:00,52.696229,216054.538689,0.00,1,False
3600,08/12/2026 00:00:00,,03163,1250,0001,10/30/2028 00:00:00,17.000000,21250.000000,0.00,1,False
3601,08/12/2026 00:00:00,,03144,500,0001,10/30/2028 00:00:00,11.516155,5758.077500,0.00,1,False
3602,08/12/2026 00:00:00,,03100,1000,0001,10/30/2028 00:00:00,21.136829,21136.828504,0.00,1,False
3603,08/13/2026 00:00:00,,03162,700,0001,11/01/2028 00:00:00,36.832449,25782.714118,0.00,1,False
3604,08/13/2026 00:00:00,,03260,60,0001,11/01/2028 00:00:00,117.679119,7060.747130,0.00,1,False
3605,08/13/2026 00:00:00,,03028,60,0001,11/01/2028 00:00:00,327.240823,19634.449387,0.00,1,False
3606,08/13/2026 00:00:00,,03248,220,0001,11/01/2028 00:00:00,104.928178,23084.199147,0.00,1,False
3607,08/13/2026 00:00:00,,03291,124,0001,11/01/2028 00:00:00,45.734235,5671.045170,0.00,1,False
3608,08/13/2026 00:00:00,,03019,1250,0001,11/01/2028 00:00:00,13.834483,17293.104150,0.00,1,False
3609,08/13/2026 00:00:00,,03289,24,0001,11/01/2028 00:00:00,57.191952,1372.606855,0.00,1,False
3610,08/13/2026 00:00:00,,03287,24,0001,11/01/2028 00:00:00,29.277393,702.657429,0.00,1,False
3611,08/13/2026 00:00:00,,03286,24,0001,11/01/2028 00:00:00,216.174434,5188.186407,0.00,1,False
3612,08/13/2026 00:00:00,,03290,24,0001,11/01/2028 00:00:00,23.406946,561.766702,0.00,1,False
3613,08/13/2026 00:00:00,,03288,24,0001,11/01/2028 00:00:00,129.112494,3098.699867,0.00,1,False
3614,08/15/2026 00:00:00,,03034,12,0001,11/02/2028 00:00:00,43.986272,527.835260,0.00,1,False
3615,08/15/2026 00:00:00,,03027,12,0001,11/02/2028 00:00:00,207.963295,2495.559540,0.00,1,False
3616,08/15/2026 00:00:00,,03022,125,0001,11/02/2028 00:00:00,30.090206,3761.275716,0.00,1,False
3617,08/16/2026 00:00:00,,03131,320,0001,11/03/2028 00:00:00,68.027380,21768.761458,0.00,1,False
3618,08/16/2026 00:00:00,,03183,200,0001,11/03/2028 00:00:00,65.670119,13134.023800,0.00,1,False
3619,08/16/2026 00:00:00,,03089,220,0001,11/03/2028 00:00:00,111.949607,24628.913483,0.00,1,False
3620,08/16/2026 00:00:00,,03101,220,0001,11/03/2028 00:00:00,73.015687,16063.451234,0.00,1,False
3621,08/16/2026 00:00:00,,03104,700,0001,11/03/2028 00:00:00,30.832449,21582.714118,0.00,1,False
3622,08/17/2026 00:00:00,,03182,1150,0001,11/05/2028 00:00:00,21.138944,24309.785030,0.00,1,False
3623,08/17/2026 00:00:00,,03014,450,0001,11/05/2028 00:00:00,13.257520,5965.884000,0.00,1,False
3624,08/17/2026 00:00:00,,03163,1500,0001,11/05/2028 00:00:00,17.000000,25500.000000,0.00,1,False
3625,08/17/2026 00:00:00,,03001,500,0001,11/05/2028 00:00:00,17.304726,8652.363068,0.00,1,False
3626,08/18/2026 00:00:00,,03151,375,0001,11/05/2028 00:00:00,54.675821,20503.432999,0.00,1,False
3627,08/18/2026 00:00:00,,03001,625,0001,11/05/2028 00:00:00,17.304726,10815.453834,0.00,1,False
3628,08/19/2026 00:00:00,,03003,312,0001,11/05/2028 00:00:00,35.079528,10944.812864,0.00,1,False
3629,08/18/2026 00:00:00,,03163,875,0001,11/05/2028 00:00:00,17.000000,14875.000000,0.00,1,False
3630,08/18/2026 00:00:00,,03027,24,0001,11/05/2028 00:00:00,207.963295,4991.119080,0.00,1,False
3631,08/18/2026 00:00:00,,03046,250,0001,11/05/2028 00:00:00,16.532575,4133.143800,0.00,1,False
3632,08/18/2026 00:00:00,,03106,200,0001,11/05/2028 00:00:00,36.393980,7278.795962,0.00,1,False
3633,08/18/2026 00:00:00,,03014,575,0001,11/05/2028 00:00:00,13.257520,7623.074000,0.00,1,False
3634,08/18/2026 00:00:00,,03010,24,0001,11/05/2028 00:00:00,23.908307,573.799379,0.00,1,False
3636,08/19/2026 00:00:00,,03245,500,0001,11/08/2028 00:00:00,64.336922,32168.460895,0.00,1,False
3637,08/19/2026 00:00:00,,03104,750,0001,11/08/2028 00:00:00,32.291428,24218.570805,0.00,1,False
3638,08/19/2026 00:00:00,,03244,250,0001,11/08/2028 00:00:00,21.076237,5269.059188,0.00,1,False
3639,08/19/2026 00:00:00,,03188,124,0001,11/08/2028 00:00:00,46.541791,5771.182077,0.00,1,False
3640,08/19/2026 00:00:00,,03185,12,0001,11/08/2028 00:00:00,92.456151,1109.473808,0.00,1,False
3641,08/19/2026 00:00:00,,03143,100,0001,11/08/2028 00:00:00,77.587614,7758.761357,0.00,1,False
3642,08/19/2026 00:00:00,,03001,2500,0001,11/08/2028 00:00:00,17.318548,43296.370538,0.00,1,False
3643,08/19/2026 00:00:00,,03302,1225,0001,11/08/2028 00:00:00,39.379619,48240.032712,0.00,1,False
3644,08/19/2026 00:00:00,,03003,400,0001,11/08/2028 00:00:00,35.015528,14006.211364,0.00,1,False
3646,08/19/2026 00:00:00,,03179,100,0001,10/08/2028 00:00:00,46.692059,4669.205867,0.00,1,False
3647,08/19/2026 00:00:00,,03163,250,0001,11/08/2028 00:00:00,17.000000,4250.000000,0.00,1,False
3648,08/19/2026 00:00:00,,03010,100,0001,11/08/2028 00:00:00,163.919427,16391.942661,0.00,1,False
3649,08/20/2026 00:00:00,,03197,225,0001,11/09/2028 00:00:00,114.502918,25763.156660,0.00,1,False
3650,08/20/2026 00:00:00,,03190,160,0001,11/09/2028 00:00:00,380.323333,60851.733322,0.00,1,False
3651,08/20/2026 00:00:00,,03029,250,0001,11/09/2028 00:00:00,38.291428,9572.856935,0.00,1,False
3652,08/20/2026 00:00:00,,03146,46,0001,11/09/2028 00:00:00,158.061012,7270.806540,0.00,1,False
3653,08/20/2026 00:00:00,,03002,3000,0001,11/09/2028 00:00:00,17.000000,51000.000000,0.00,1,False
3654,08/20/2026 00:00:00,,03003,100,0001,11/09/2028 00:00:00,34.065528,3406.552841,0.00,1,False
3655,08/20/2026 00:00:00,,03104,975,0001,11/09/2028 00:00:00,31.171427,30392.141130,0.00,1,False
3656,08/20/2026 00:00:00,,03187,60,0001,11/09/2028 00:00:00,85.464323,5127.859362,0.00,1,False
3657,08/20/2026 00:00:00,,03136,2475,0001,11/09/2028 00:00:00,9.280264,22968.653400,0.00,1,False
3658,08/20/2026 00:00:00,,03236,120,0001,11/09/2028 00:00:00,80.031027,9603.723215,0.00,1,False
3659,08/20/2026 00:00:00,,03201,500,0001,11/09/2028 00:00:00,43.644269,21822.134450,0.00,1,False
3660,08/22/2026 00:00:00,,03001,2625,0001,11/09/2028 00:00:00,17.318548,45461.189064,0.00,1,False
3661,08/22/2026 00:00:00,,03003,62,0001,11/09/2028 00:00:00,35.015528,2170.962761,0.00,1,False
3662,08/22/2026 00:00:00,,03165,70,0001,11/09/2028 00:00:00,24.026850,1681.879524,0.00,1,False
3663,08/22/2026 00:00:00,,03163,825,0001,11/09/2028 00:00:00,17.000000,14025.000000,0.00,1,False
3664,08/22/2026 00:00:00,,03182,25,0001,11/09/2028 00:00:00,21.150001,528.750029,0.00,1,False
3665,08/22/2026 00:00:00,,03134,25,0001,11/09/2028 00:00:00,8.500000,212.500000,0.00,1,False
3666,08/22/2026 00:00:00,,03046,250,0001,11/08/2028 00:00:00,16.532575,4133.143800,0.00,1,False
3667,08/22/2026 00:00:00,,03014,125,0001,11/08/2028 00:00:00,13.257520,1657.190000,0.00,1,False
3668,08/23/2026 00:00:00,,03001,875,0001,11/10/2028 00:00:00,15.292882,13381.271833,0.00,1,False
3669,08/23/2026 00:00:00,,03014,750,0001,11/10/2028 00:00:00,13.257520,9943.140000,0.00,1,False
3670,08/23/2026 00:00:00,,03163,1400,0001,11/10/2028 00:00:00,17.000000,23800.000000,0.00,1,False
3671,08/23/2026 00:00:00,,03046,750,0001,11/10/2028 00:00:00,16.532575,12399.431400,0.00,1,False
3672,08/23/2026 00:00:00,,03151,250,0001,11/10/2028 00:00:00,54.687795,13671.948722,0.00,1,False
3673,08/23/2026 00:00:00,,03003,192,0001,11/10/2028 00:00:00,28.837166,5536.735826,0.00,1,False
3674,08/23/2026 00:00:00,,03018,20,0001,11/10/2028 00:00:00,86.882584,1737.651687,0.00,1,False
3675,08/23/2026 00:00:00,,03165,50,0001,11/10/2028 00:00:00,24.026850,1201.342517,0.00,1,False
3676,08/23/2026 00:00:00,,03179,100,0001,11/10/2028 00:00:00,24.289118,2428.911810,0.00,1,False
3677,08/23/2026 00:00:00,,03012,50,0001,11/10/2028 00:00:00,92.982214,4649.110714,0.00,1,False
3678,08/23/2026 00:00:00,,03020,500,0001,11/10/2028 00:00:00,230.655879,115327.939650,0.00,1,False
3679,08/23/2026 00:00:00,,03013,202,0001,11/10/2028 00:00:00,105.608783,21332.974065,0.00,1,False
3680,08/23/2026 00:00:00,,03106,100,0001,11/10/2028 00:00:00,35.797683,3579.768316,0.00,1,False
3681,08/23/2026 00:00:00,,03304,100,0001,11/10/2028 00:00:00,109.491751,10949.175066,0.00,1,False
3682,08/23/2026 00:00:00,,03305,300,0001,11/10/2028 00:00:00,49.608783,14882.634750,0.00,1,False
3683,08/23/2026 00:00:00,,03306,50,0001,11/10/2028 00:00:00,160.067558,8003.377876,0.00,1,False
3684,08/23/2026 00:00:00,,03307,60,0001,11/10/2028 00:00:00,96.041033,5762.461980,0.00,1,False
3685,08/23/2026 00:00:00,,03281,40,0001,11/10/2028 00:00:00,72.399922,2895.996898,0.00,1,False
3686,08/24/2026 00:00:00,,03309,125,0001,11/11/2028 00:00:00,40.791572,5098.946506,0.00,1,False
3687,08/24/2026 00:00:00,,03308,500,0001,11/11/2028 00:00:00,89.933444,44966.722235,0.00,1,False
3688,08/24/2026 00:00:00,,03303,100,0001,11/11/2028 00:00:00,40.791572,4079.157205,0.00,1,False
3689,08/24/2026 00:00:00,,03055,2401,0001,11/11/2028 00:00:00,13.257520,31831.305520,0.00,1,False
3690,08/24/2026 00:00:00,,03060,480,0001,11/11/2028 00:00:00,122.117980,58616.630160,0.00,1,False
3691,08/24/2026 00:00:00,,03097,475,0001,11/11/2028 00:00:00,111.721943,53067.923110,0.00,1,False
3692,08/24/2026 00:00:00,,03052,612,0001,10/11/2028 00:00:00,27.228619,16663.914565,0.00,1,False
3693,08/25/2026 00:00:00,,03001,2125,0001,11/14/2028 00:00:00,17.286008,36732.766862,0.00,1,False
3694,08/25/2026 00:00:00,,03163,750,0001,11/14/2028 00:00:00,24.383510,18287.632500,0.00,1,False
3695,08/25/2026 00:00:00,,03011,240,0001,11/14/2028 00:00:00,81.821398,19637.135556,0.00,1,False
3696,08/25/2026 00:00:00,,03053,1100,0001,11/14/2028 00:00:00,37.568060,41324.865947,0.00,1,False
3697,08/25/2026 00:00:00,,03147,725,0001,11/14/2028 00:00:00,10.000000,7250.000000,0.00,1,False
3699,08/25/2026 00:00:00,,03121,100,0001,11/14/2028 00:00:00,11.328184,1132.818434,0.00,1,False
3700,08/25/2026 00:00:00,,03256,60,0001,11/14/2028 00:00:00,65.410005,3924.600282,0.00,1,False
3701,08/25/2026 00:00:00,,03174,120,0001,11/14/2028 00:00:00,25.568151,3068.178126,0.00,1,False
3702,08/25/2026 00:00:00,,03003,60,0001,11/14/2028 00:00:00,28.550353,1713.021187,0.00,1,False
3703,08/25/2026 00:00:00,,03088,990,0001,11/14/2028 00:00:00,45.370884,44917.175467,0.00,1,False
3704,08/25/2026 00:00:00,,03129,50,0001,11/14/2028 00:00:00,202.958431,10147.921550,0.00,1,False
3705,08/27/2026 00:00:00,,03014,2900,0001,11/15/2028 00:00:00,13.000000,37700.000000,0.00,1,False
3706,08/27/2026 00:00:00,,03163,1500,0001,11/15/2028 00:00:00,24.383510,36575.265000,0.00,1,False
3707,08/27/2026 00:00:00,,03151,500,0001,11/15/2028 00:00:00,54.655255,27327.627304,0.00,1,False
3708,08/27/2026 00:00:00,,03003,58,0001,11/15/2028 00:00:00,21.071400,1222.141180,0.00,1,False
3709,08/27/2026 00:00:00,,03165,10,0001,11/15/2028 00:00:00,23.977836,239.778356,0.00,1,False
3710,08/27/2026 00:00:00,,03001,250,0001,11/15/2028 00:00:00,17.286008,4321.501984,0.00,1,False
3711,08/27/2026 00:00:00,,03144,50,0001,11/15/2028 00:00:00,11.500000,575.000000,0.00,1,False
3712,08/25/2026 00:00:00,,03120,100,0001,11/15/2028 00:00:00,50.981715,5098.171470,0.00,1,False
3713,08/29/2026 00:00:00,,03182,625,0001,11/17/2028 00:00:00,21.109306,13193.316451,0.00,1,False
3714,08/29/2026 00:00:00,,03003,180,0001,11/17/2028 00:00:00,28.550353,5139.063560,0.00,1,False
3715,08/29/2026 00:00:00,,03165,100,0001,11/17/2028 00:00:00,23.977836,2397.783555,0.00,1,False
3716,08/29/2026 00:00:00,,03014,375,0001,11/20/2028 00:00:00,14.941710,5603.141250,0.00,1,False
3717,08/30/2026 00:00:00,,03144,3600,0001,11/20/2028 00:00:00,12.470855,44895.078000,0.00,1,False
3718,08/30/2026 00:00:00,,03019,3200,0001,11/20/2028 00:00:00,6.867714,21976.684000,0.00,1,False
3719,08/30/2026 00:00:00,,03261,250,0001,11/20/2028 00:00:00,62.543066,15635.766555,0.00,1,False
3720,08/30/2026 00:00:00,,03122,60,0001,11/20/2028 00:00:00,60.374080,3622.444818,0.00,1,False
3721,08/30/2026 00:00:00,,03129,50,0001,11/20/2028 00:00:00,286.100221,14305.011060,0.00,1,False
3722,08/30/2026 00:00:00,,03012,100,0001,11/20/2028 00:00:00,55.714064,5571.406422,0.00,1,False
3723,08/30/2026 00:00:00,,03029,80,0001,11/20/2028 00:00:00,40.791572,3263.325764,0.00,1,False
3724,08/30/2026 00:00:00,,03179,20,0001,11/20/2028 00:00:00,46.405227,928.104544,0.00,1,False
3725,08/30/2026 00:00:00,,03003,24,0001,11/20/2028 00:00:00,34.174159,820.179809,0.00,1,False
3726,08/30/2026 00:00:00,,03165,20,0001,11/20/2028 00:00:00,23.977836,479.556711,0.00,1,False
3727,08/30/2026 00:00:00,,03004,50,0001,11/20/2028 00:00:00,93.486918,4674.345913,0.00,1,False
3728,08/30/2026 00:00:00,,03182,75,0001,11/20/2028 00:00:00,21.109306,1583.197974,0.00,1,False
3730,08/30/2026 00:00:00,,03014,450,0001,11/20/2028 00:00:00,0.001660,0.747086,0.00,1,False
3731,08/30/2026 00:00:00,,03151,500,0001,11/20/2028 00:00:00,54.643398,27321.698764,0.00,1,False
3732,08/30/2026 00:00:00,,03001,500,0001,11/20/2028 00:00:00,17.274151,8637.075428,0.00,1,False
3733,08/30/2026 00:00:00,,03019,500,300826,11/20/2034 00:00:00,5.000000,2500.000000,0.00,1,False
3734,08/31/2026 00:00:00,,03288,20,0001,11/20/2028 00:00:00,124.649567,2492.991344,0.00,1,False
3735,08/31/2026 00:00:00,,03146,156,0001,11/20/2028 00:00:00,161.796091,25240.190251,0.00,1,False
3736,08/31/2026 00:00:00,,03108,144,0001,11/20/2028 00:00:00,105.353379,15170.886568,0.00,1,False
3737,08/31/2026 00:00:00,,03198,300,0001,11/19/2028 00:00:00,28.869731,8660.919366,0.00,1,False
3738,08/31/2026 00:00:00,,03197,210,0001,11/20/2028 00:00:00,42.223135,8866.858442,0.00,1,False
3739,08/31/2026 00:00:00,,03046,400,0001,11/20/2028 00:00:00,16.400000,6560.000000,0.00,1,False
3740,08/31/2026 00:00:00,,03163,250,0001,11/20/2028 00:00:00,24.383510,6095.877500,0.00,1,False
3741,08/31/2026 00:00:00,,03182,100,0001,11/20/2028 00:00:00,21.109306,2110.930632,0.00,1,False
3742,08/31/2026 00:00:00,,03264,5,0001,11/20/2028 00:00:00,501.688903,2508.444515,0.00,1,False
3743,08/31/2026 00:00:00,,03019,1,310826,11/20/2034 00:00:00,5.000000,5.000000,0.00,1,False
3744,08/31/2026 00:00:00,,03003,120,0001,11/20/2028 00:00:00,28.550353,3426.042373,0.00,1,False
3745,08/29/2026 00:00:00,,03010,54,001,11/20/2028 00:00:00,157.173366,8487.361754,0.00,1,False
3746,08/30/2026 00:00:00,,03010,15,0001,11/20/2028 00:00:00,157.173366,2357.600487,0.00,1,False
3747,08/31/2026 00:00:00,,03010,81,0001,11/20/2028 00:00:00,157.173366,12731.042632,0.00,1,False
3748,09/03/2026 00:00:00,,03002,5000,0001,11/26/2028 00:00:00,19.520180,97600.900000,0.00,1,False
3749,09/03/2026 00:00:00,,03264,1152,0001,11/26/2028 00:00:00,203.156678,234036.493240,0.00,1,False
3750,09/05/2026 00:00:00,,03264,390,0001,11/27/2028 00:00:00,93.802630,36583.025553,0.00,1,False
3751,09/05/2026 00:00:00,,03244,50,0001,11/27/2028 00:00:00,23.596417,1179.820838,0.00,1,False
3752,09/05/2026 00:00:00,,03269,60,0001,11/27/2028 00:00:00,139.722555,8383.353329,0.00,1,False
3753,09/05/2026 00:00:00,,03011,200,0001,11/27/2028 00:00:00,81.821398,16364.279630,0.00,1,False
3754,09/05/2026 00:00:00,,03206,300,0001,11/27/2028 00:00:00,102.550509,30765.152610,0.00,1,False
3755,09/05/2026 00:00:00,,03054,200,0001,11/27/2028 00:00:00,48.772918,9754.583642,0.00,1,False
3756,09/05/2026 00:00:00,,03205,200,0001,11/27/2028 00:00:00,42.003654,8400.730860,0.00,1,False
3757,09/05/2026 00:00:00,,03204,120,0001,11/27/2028 00:00:00,54.561694,6547.403338,0.00,1,False
3758,09/05/2026 00:00:00,,03208,120,0001,11/27/2028 00:00:00,25.527644,3063.317312,0.00,1,False
3759,09/05/2026 00:00:00,,03070,120,0001,11/27/2028 00:00:00,74.244477,8909.337210,0.00,1,False
3760,09/05/2026 00:00:00,,03075,120,0001,11/27/2028 00:00:00,169.856726,20382.807080,0.00,1,False
3761,09/07/2026 00:00:00,,03162,750,0001,11/27/2028 00:00:00,40.791459,30593.594100,0.00,1,False
3762,09/07/2026 00:00:00,,03097,375,0001,11/27/2028 00:00:00,111.042951,41641.106520,0.00,1,False
