SerialNo,PurchaseId,ProductId,Quantity,Bonus,Price,DiscRatio1,DiscRatio2,STValue,STRatio,TTLValue,TTLSalestax,IsDeleted
2,1,01043,3000.000,0.000,12.5000,0.00,0.00,0.00,0.00,37500.00,0.00,False
3,2,01016,10000.000,0.000,10.0000,0.00,0.00,0.00,0.00,100000.00,0.00,False
4,3,01179,10.000,0.000,2000.0000,0.00,0.00,0.00,0.00,20000.00,0.00,False
5,4,02001,50.000,0.000,166.0000,0.00,0.00,0.00,0.00,8300.00,0.00,False
6,5,02023,500.000,0.000,23.0000,0.00,0.00,0.00,0.00,11500.00,0.00,False
7,6,02016,2070.000,0.000,1.0000,0.00,0.00,0.00,0.00,2070.00,0.00,False
8,7,02012,5370.000,0.000,21.0000,0.00,0.00,0.00,0.00,112770.00,0.00,False
9,8,02007,51.000,0.000,158.0000,0.00,0.00,0.00,0.00,8058.00,0.00,False
15,9,01014,290.000,0.000,300.0000,0.00,0.00,0.00,0.00,87000.00,0.00,False
13,9,01020,140.000,0.000,543.0000,0.00,0.00,0.00,0.00,76020.00,0.00,False
11,9,01021,120.000,0.000,300.0000,0.00,0.00,0.00,0.00,36000.00,0.00,False
12,9,01038,140.000,0.000,540.0000,0.00,0.00,0.00,0.00,75600.00,0.00,False
14,9,01041,25.000,0.000,550.0000,0.00,0.00,0.00,0.00,13750.00,0.00,False
18,9,01044,250.000,0.000,128.0000,0.00,0.00,0.00,0.00,32000.00,0.00,False
10,9,01047,500.000,0.000,80.0000,0.00,0.00,0.00,0.00,40000.00,0.00,False
17,9,01058,25.000,0.000,3000.0000,0.00,0.00,0.00,0.00,75000.00,0.00,False
16,9,01060,25.000,0.000,530.0000,0.00,0.00,0.00,0.00,13250.00,0.00,False
21,12,01004,25.000,0.000,340.0000,0.00,0.00,0.00,0.00,8500.00,0.00,False
26,12,01017,25.000,0.000,3000.0000,0.00,0.00,0.00,0.00,75000.00,0.00,False
24,12,01027,100.000,0.000,280.0000,0.00,0.00,0.00,0.00,28000.00,0.00,False
22,12,01028,100.000,0.000,750.0000,0.00,0.00,0.00,0.00,75000.00,0.00,False
25,12,01031,25.000,0.000,6750.0000,0.00,0.00,0.00,0.00,168750.00,0.00,False
28,12,01036,215.000,0.000,560.0000,0.00,0.00,0.00,0.00,120400.00,0.00,False
23,12,01045,291.000,0.000,270.0000,0.00,0.00,0.00,0.00,78570.00,0.00,False
27,12,01049,200.000,0.000,1320.0000,0.00,0.00,0.00,0.00,264000.00,0.00,False
29,13,02021,24900.000,0.000,18.0000,0.00,0.00,0.00,0.00,448200.00,0.00,False
30,14,02054,100.000,0.000,1.0000,0.00,0.00,0.00,0.00,100.00,0.00,False
31,15,01179,2.000,0.000,2000.0000,0.00,0.00,0.00,0.00,4000.00,0.00,False
32,16,02007,173.000,0.000,165.0000,0.00,0.00,0.00,0.00,28545.00,0.00,False
33,17,02059,5.000,0.000,115.0000,0.00,0.00,0.00,0.00,575.00,0.00,False
34,18,02054,100.000,0.000,130.0000,0.00,0.00,0.00,0.00,13000.00,0.00,False
35,18,02060,100.000,0.000,100.0000,0.00,0.00,0.00,0.00,10000.00,0.00,False
36,19,01053,1.000,0.000,8900.0000,0.00,0.00,0.00,0.00,8900.00,0.00,False
37,19,01054,1.000,0.000,15500.0000,0.00,0.00,0.00,0.00,15500.00,0.00,False
38,19,01057,1.000,0.000,6600.0000,0.00,0.00,0.00,0.00,6600.00,0.00,False
39,20,02011,14400.000,0.000,6.0000,0.00,0.00,0.00,0.00,86400.00,0.00,False
41,21,02049,660.000,0.000,270.0000,0.00,0.00,0.00,0.00,178200.00,0.00,False
40,21,02061,660.000,0.000,270.0000,0.00,0.00,0.00,0.00,178200.00,0.00,False
42,21,02062,540.000,0.000,270.0000,0.00,0.00,0.00,0.00,145800.00,0.00,False
43,21,02063,720.000,0.000,270.0000,0.00,0.00,0.00,0.00,194400.00,0.00,False
44,21,02065,720.000,0.000,270.0000,0.00,0.00,0.00,0.00,194400.00,0.00,False
45,21,02066,720.000,0.000,270.0000,0.00,0.00,0.00,0.00,194400.00,0.00,False
46,22,02059,153.000,0.000,150.0000,0.00,0.00,0.00,0.00,22950.00,0.00,False
48,23,02002,25.000,0.000,120.0000,0.00,0.00,0.00,0.00,3000.00,0.00,False
47,23,02059,90.000,0.000,150.0000,0.00,0.00,0.00,0.00,13500.00,0.00,False
50,24,02029,550.000,0.000,12.7200,0.00,0.00,0.00,0.00,6996.00,0.00,False
49,24,02067,300.000,0.000,26.6600,0.00,0.00,0.00,0.00,7998.00,0.00,False
51,25,01010,3.000,0.000,2400.0000,0.00,0.00,0.00,0.00,7200.00,0.00,False
52,26,02004,25.000,0.000,120.0000,0.00,0.00,0.00,0.00,3000.00,0.00,False
53,27,02014,100.000,0.000,500.0000,0.00,0.00,0.00,0.00,50000.00,0.00,False
54,28,01003,2500.000,0.000,13.4000,0.00,0.00,0.00,0.00,33500.00,0.00,False
55,29,01010,2.000,0.000,2400.0000,0.00,0.00,0.00,0.00,4800.00,0.00,False
56,29,01012,1.000,0.000,4000.0000,0.00,0.00,0.00,0.00,4000.00,0.00,False
57,30,02030,5000.000,0.000,1.8000,0.00,0.00,0.00,0.00,9000.00,0.00,False
59,31,02014,136.000,0.000,500.0000,0.00,0.00,0.00,0.00,68000.00,0.00,False
58,31,02062,240.000,0.000,270.0000,0.00,0.00,0.00,0.00,64800.00,0.00,False
60,32,02004,25.000,0.000,166.0000,0.00,0.00,0.00,0.00,4150.00,0.00,False
71,33,01024,2.000,0.000,4800.0000,0.00,0.00,0.00,0.00,9600.00,0.00,False
70,33,01026,4.000,0.000,6750.0000,0.00,0.00,0.00,0.00,27000.00,0.00,False
61,33,01052,4.000,0.000,12500.0000,0.00,0.00,0.00,0.00,50000.00,0.00,False
64,33,01053,5.000,0.000,11000.0000,0.00,0.00,0.00,0.00,55000.00,0.00,False
65,33,01054,6.000,0.000,15800.0000,0.00,0.00,0.00,0.00,94800.00,0.00,False
62,33,01056,1.000,0.000,6500.0000,0.00,0.00,0.00,0.00,6500.00,0.00,False
67,33,01057,1.000,0.000,7500.0000,0.00,0.00,0.00,0.00,7500.00,0.00,False
63,33,01072,2.000,0.000,8500.0000,0.00,0.00,0.00,0.00,17000.00,0.00,False
68,33,01073,1.000,0.000,650.0000,0.00,0.00,0.00,0.00,650.00,0.00,False
69,33,01131,9.000,0.000,1800.0000,0.00,0.00,0.00,0.00,16200.00,0.00,False
66,33,01143,28.000,0.000,3200.0000,0.00,0.00,0.00,0.00,89600.00,0.00,False
72,34,01050,2.500,0.000,2600.0000,0.00,0.00,0.00,0.00,6500.00,0.00,False
73,35,02034,200.000,0.000,70.0000,0.00,0.00,0.00,0.00,14000.00,0.00,False
75,36,02016,690.000,0.000,0.1000,0.00,0.00,0.00,0.00,69.00,0.00,False
74,36,02069,272.000,0.000,500.0000,0.00,0.00,0.00,0.00,136000.00,0.00,False
76,37,02070,397.000,0.000,1.0000,0.00,0.00,0.00,0.00,397.00,0.00,False
77,37,02071,100.000,0.000,1.0000,0.00,0.00,0.00,0.00,100.00,0.00,False
78,37,02072,996.000,0.000,1.0000,0.00,0.00,0.00,0.00,996.00,0.00,False
105,37,02077,884.000,0.000,1.0000,0.00,0.00,0.00,0.00,884.00,0.00,False
115,37,02081,250.000,0.000,1.0000,0.00,0.00,0.00,0.00,250.00,0.00,False
79,38,02006,101.000,0.000,175.0000,0.00,0.00,0.00,0.00,17675.00,0.00,False
80,39,01050,2.000,0.000,2600.0000,0.00,0.00,0.00,0.00,5200.00,0.00,False
81,40,01003,10000.000,0.000,11.0000,0.00,0.00,0.00,0.00,110000.00,0.00,False
82,41,01042,50.000,0.000,144.0000,0.00,0.00,0.00,0.00,7200.00,0.00,False
83,42,02036,500.000,0.000,70.0000,0.00,0.00,0.00,0.00,35000.00,0.00,False
84,43,02005,224.000,0.000,166.0000,0.00,0.00,0.00,0.00,37184.00,0.00,False
85,44,02075,300.000,0.000,1.0000,0.00,0.00,0.00,0.00,300.00,0.00,False
102,45,01002,250.000,0.000,180.0000,0.00,0.00,0.00,0.00,45000.00,0.00,False
89,45,01009,250.000,0.000,1450.0000,0.00,0.00,0.00,0.00,362500.00,0.00,False
87,45,01010,50.000,0.000,2400.0000,0.00,0.00,0.00,0.00,120000.00,0.00,False
90,45,01012,5.000,0.000,3950.0000,0.00,0.00,0.00,0.00,19750.00,0.00,False
91,45,01024,5.000,0.000,4800.0000,0.00,0.00,0.00,0.00,24000.00,0.00,False
88,45,01030,10.000,0.000,3200.0000,0.00,0.00,0.00,0.00,32000.00,0.00,False
103,45,01034,25.000,0.000,480.0000,0.00,0.00,0.00,0.00,12000.00,0.00,False
92,45,01046,25.000,0.000,11000.0000,0.00,0.00,0.00,0.00,275000.00,0.00,False
86,45,01050,50.000,0.000,2450.0000,0.00,0.00,0.00,0.00,122500.00,0.00,False
95,45,01052,4.000,0.000,12500.0000,0.00,0.00,0.00,0.00,50000.00,0.00,False
96,45,01053,5.000,0.000,11000.0000,0.00,0.00,0.00,0.00,55000.00,0.00,False
97,45,01054,6.000,0.000,15800.0000,0.00,0.00,0.00,0.00,94800.00,0.00,False
99,45,01056,1.000,0.000,6500.0000,0.00,0.00,0.00,0.00,6500.00,0.00,False
100,45,01057,1.000,0.000,7500.0000,0.00,0.00,0.00,0.00,7500.00,0.00,False
101,45,01072,2.000,0.000,8500.0000,0.00,0.00,0.00,0.00,17000.00,0.00,False
93,45,01073,1.000,0.000,650.0000,0.00,0.00,0.00,0.00,650.00,0.00,False
94,45,01084,50.000,0.000,1200.0000,0.00,0.00,0.00,0.00,60000.00,0.00,False
98,45,01143,25.000,0.000,3200.0000,0.00,0.00,0.00,0.00,80000.00,0.00,False
104,46,02072,1000.000,0.000,1.0000,0.00,0.00,0.00,0.00,1000.00,0.00,False
108,47,02076,120.000,0.000,20.0000,0.00,0.00,0.00,0.00,2400.00,0.00,False
106,47,02078,160.000,0.000,27.5000,0.00,0.00,0.00,0.00,4400.00,0.00,False
107,47,02079,80.000,0.000,27.5000,0.00,0.00,0.00,0.00,2200.00,0.00,False
110,48,01001,10.000,0.000,1450.0000,0.00,0.00,0.00,0.00,14500.00,0.00,False
109,48,01055,50.000,0.000,1400.0000,0.00,0.00,0.00,0.00,70000.00,0.00,False
118,48,01065,4.500,0.000,2600.0000,0.00,0.00,0.00,0.00,11700.00,0.00,False
112,49,01129,110.000,0.000,1.0000,0.00,0.00,0.00,0.00,110.00,0.00,False
111,49,01130,160.000,0.000,218.7500,0.00,0.00,0.00,0.00,35000.00,0.00,False
113,49,01134,1.000,0.000,3000.0000,0.00,0.00,0.00,0.00,3000.00,0.00,False
114,49,01135,1.000,0.000,1000.0000,0.00,0.00,0.00,0.00,1000.00,0.00,False
116,50,01066,60.000,0.000,1.0000,0.00,0.00,0.00,0.00,60.00,0.00,False
117,51,02007,340.000,0.000,165.0000,0.00,0.00,0.00,0.00,56100.00,0.00,False
121,52,01008,60.000,0.000,17.5000,0.00,0.00,0.00,0.00,1050.00,0.00,False
119,52,01042,50.000,0.000,150.0000,0.00,0.00,0.00,0.00,7500.00,0.00,False
120,52,01182,60.000,0.000,1.0000,0.00,0.00,0.00,0.00,60.00,0.00,False
122,53,02081,252.000,0.000,1.0000,0.00,0.00,0.00,0.00,252.00,0.00,False
123,54,02061,120.000,0.000,270.0000,0.00,0.00,0.00,0.00,32400.00,0.00,False
125,55,01115,25.000,0.000,1800.0000,0.00,0.00,0.00,0.00,45000.00,0.00,False
124,55,01133,25.000,0.000,950.0000,0.00,0.00,0.00,0.00,23750.00,0.00,False
126,56,02013,238.000,0.000,480.0000,0.00,0.00,0.00,0.00,114240.00,0.00,False
127,56,02014,85.000,0.000,500.0000,0.00,0.00,0.00,0.00,42500.00,0.00,False
129,56,02061,1900.000,0.000,270.0000,0.00,0.00,0.00,0.00,513000.00,0.00,False
130,56,02062,300.000,0.000,270.0000,0.00,0.00,0.00,0.00,81000.00,0.00,False
128,56,02069,119.000,0.000,500.0000,0.00,0.00,0.00,0.00,59500.00,0.00,False
134,57,02026,200.000,0.000,15.0000,0.00,0.00,0.00,0.00,3000.00,0.00,False
133,57,02027,300.000,0.000,15.0000,0.00,0.00,0.00,0.00,4500.00,0.00,False
131,57,02083,300.000,0.000,15.0000,0.00,0.00,0.00,0.00,4500.00,0.00,False
132,57,02084,300.000,0.000,15.0000,0.00,0.00,0.00,0.00,4500.00,0.00,False
135,57,02085,300.000,0.000,15.0000,0.00,0.00,0.00,0.00,4500.00,0.00,False
136,58,02015,300.000,0.000,250.0000,0.00,0.00,0.00,0.00,75000.00,0.00,False
137,59,02086,1170.000,0.000,1.0000,0.00,0.00,0.00,0.00,1170.00,0.00,False
138,59,02087,1170.000,0.000,1.0000,0.00,0.00,0.00,0.00,1170.00,0.00,False
139,59,02088,1450.000,0.000,1.0000,0.00,0.00,0.00,0.00,1450.00,0.00,False
140,60,02002,25.000,0.000,150.0000,0.00,0.00,0.00,0.00,3750.00,0.00,False
141,60,02004,50.000,0.000,166.0000,0.00,0.00,0.00,0.00,8300.00,0.00,False
142,60,02007,64.000,0.000,158.0000,0.00,0.00,0.00,0.00,10112.00,0.00,False
143,61,02089,250.000,0.000,1.0000,0.00,0.00,0.00,0.00,250.00,0.00,False
146,62,01016,10000.000,0.000,10.0000,0.00,0.00,0.00,0.00,100000.00,0.00,False
147,63,02054,50.000,0.000,130.0000,0.00,0.00,0.00,0.00,6500.00,0.00,False
148,64,01043,280.000,0.000,11.2500,0.00,0.00,0.00,0.00,3150.00,0.00,False
149,65,02090,49.000,0.000,250.0000,0.00,0.00,0.00,0.00,12250.00,0.00,False
150,66,02059,53.000,0.000,128.0000,0.00,0.00,0.00,0.00,6784.00,0.00,False
151,67,01043,800.000,0.000,11.2500,0.00,0.00,0.00,0.00,9000.00,0.00,False
152,68,01042,50.000,0.000,150.0000,0.00,0.00,0.00,0.00,7500.00,0.00,False
153,69,02073,199.000,0.000,0.0100,0.00,0.00,0.00,0.00,1.99,0.00,False
154,69,02074,2000.000,0.000,0.0010,0.00,0.00,0.00,0.00,2.00,0.00,False
155,70,01043,400.000,0.000,11.2500,0.00,0.00,0.00,0.00,4500.00,0.00,False
156,71,02054,200.000,0.000,130.0000,0.00,0.00,0.00,0.00,26000.00,0.00,False
157,72,01043,1200.000,0.000,11.2500,0.00,0.00,0.00,0.00,13500.00,0.00,False
158,73,02004,45.000,0.000,148.0000,0.00,0.00,0.00,0.00,6660.00,0.00,False
159,73,02006,126.000,0.000,150.0000,0.00,0.00,0.00,0.00,18900.00,0.00,False
160,74,02014,261.000,0.000,500.0000,0.00,0.00,0.00,0.00,130500.00,0.00,False
161,75,02023,500.000,0.000,23.0000,0.00,0.00,0.00,0.00,11500.00,0.00,False
163,76,02054,50.000,0.000,130.0000,0.00,0.00,0.00,0.00,6500.00,0.00,False
162,76,02060,220.000,0.000,50.0000,0.00,0.00,0.00,0.00,11000.00,0.00,False
165,77,01003,1000.000,0.000,19.0000,0.00,0.00,0.00,0.00,19000.00,0.00,False
164,77,01015,2000.000,0.000,17.0000,0.00,0.00,0.00,0.00,34000.00,0.00,False
172,78,02041,50.000,0.000,30.0000,0.00,0.00,0.00,0.00,1500.00,0.00,False
166,78,02091,250.000,0.000,17.0000,0.00,0.00,0.00,0.00,4250.00,0.00,False
167,78,02092,250.000,0.000,17.0000,0.00,0.00,0.00,0.00,4250.00,0.00,False
168,78,02093,250.000,0.000,17.0000,0.00,0.00,0.00,0.00,4250.00,0.00,False
169,78,02094,250.000,0.000,17.0000,0.00,0.00,0.00,0.00,4250.00,0.00,False
170,78,02095,250.000,0.000,17.0000,0.00,0.00,0.00,0.00,4250.00,0.00,False
171,78,02096,250.000,0.000,17.0000,0.00,0.00,0.00,0.00,4250.00,0.00,False
173,79,02097,600.000,0.000,1.0000,0.00,0.00,0.00,0.00,600.00,0.00,False
174,79,02098,750.000,0.000,1.0000,0.00,0.00,0.00,0.00,750.00,0.00,False
175,80,01003,520.000,0.000,19.0000,0.00,0.00,0.00,0.00,9880.00,0.00,False
176,81,02009,1200.000,0.000,8.3333,0.00,0.00,0.00,0.00,9999.96,0.00,False
177,82,02004,41.000,0.000,166.0000,0.00,0.00,0.00,0.00,6806.00,0.00,False
180,83,02032,200.000,0.000,140.0000,0.00,0.00,0.00,0.00,28000.00,0.00,False
178,83,02034,1017.000,0.000,75.0000,0.00,0.00,0.00,0.00,76275.00,0.00,False
179,83,02040,300.000,0.000,30.0000,0.00,0.00,0.00,0.00,9000.00,0.00,False
182,84,01003,5480.000,0.000,19.0000,0.00,0.00,0.00,0.00,104120.00,0.00,False
181,84,01015,5000.000,0.000,17.0000,0.00,0.00,0.00,0.00,85000.00,0.00,False
183,85,01043,4000.000,0.000,11.2500,0.00,0.00,0.00,0.00,45000.00,0.00,False
184,86,01003,2090.000,0.000,19.0000,0.00,0.00,0.00,0.00,39710.00,0.00,False
187,87,02032,398.000,0.000,140.0000,0.00,0.00,0.00,0.00,55720.00,0.00,False
186,87,02058,100.000,0.000,30.0000,0.00,0.00,0.00,0.00,3000.00,0.00,False
185,87,02099,200.000,0.000,30.0000,0.00,0.00,0.00,0.00,6000.00,0.00,False
188,88,02014,527.000,0.000,500.0000,0.00,0.00,0.00,0.00,263500.00,0.00,False
192,88,02062,420.000,0.000,270.0000,0.00,0.00,0.00,0.00,113400.00,0.00,False
189,88,02100,314.000,0.000,270.0000,0.00,0.00,0.00,0.00,84780.00,0.00,False
190,88,02101,318.000,0.000,270.0000,0.00,0.00,0.00,0.00,85860.00,0.00,False
191,88,02102,320.000,0.000,270.0000,0.00,0.00,0.00,0.00,86400.00,0.00,False
193,89,02014,204.000,0.000,500.0000,0.00,0.00,0.00,0.00,102000.00,0.00,False
194,90,01016,10000.000,0.000,9.4000,0.00,0.00,0.00,0.00,94000.00,0.00,False
195,91,01042,50.000,0.000,150.0000,0.00,0.00,0.00,0.00,7500.00,0.00,False
196,92,02103,120.000,0.000,17.0000,0.00,0.00,0.00,0.00,2040.00,0.00,False
197,93,01003,2500.000,0.000,19.0000,0.00,0.00,0.00,0.00,47500.00,0.00,False
199,94,02002,30.000,0.000,110.0000,0.00,0.00,0.00,0.00,3300.00,0.00,False
198,94,02059,105.000,0.000,155.0000,0.00,0.00,0.00,0.00,16275.00,0.00,False
200,95,01034,50.000,0.000,80.0000,0.00,0.00,0.00,0.00,4000.00,0.00,False
201,96,02023,896.000,0.000,25.0000,0.00,0.00,0.00,0.00,22400.00,0.00,False
202,96,02104,4000.000,0.000,25.0000,0.00,0.00,0.00,0.00,100000.00,0.00,False
204,97,02032,450.000,0.000,140.0000,0.00,0.00,0.00,0.00,63000.00,0.00,False
205,97,02099,400.000,0.000,30.0000,0.00,0.00,0.00,0.00,12000.00,0.00,False
203,97,02105,400.000,0.000,140.0000,0.00,0.00,0.00,0.00,56000.00,0.00,False
206,98,01003,11000.000,0.000,13.0000,0.00,0.00,0.00,0.00,143000.00,0.00,False
207,99,01015,10000.000,0.000,17.0000,0.00,0.00,0.00,0.00,170000.00,0.00,False
209,100,01015,1125.000,0.000,250.0000,0.00,0.00,0.00,0.00,281250.00,0.00,False
210,101,01003,2500.000,0.000,13.0000,0.00,0.00,0.00,0.00,32500.00,0.00,False
211,102,01042,50.000,0.000,160.0000,0.00,0.00,0.00,0.00,8000.00,0.00,False
212,103,02026,200.000,0.000,21.0000,0.00,0.00,0.00,0.00,4200.00,0.00,False
213,104,02004,50.000,0.000,141.0000,0.00,0.00,0.00,0.00,7050.00,0.00,False
215,105,01003,200.000,0.000,19.0000,0.00,0.00,0.00,0.00,3800.00,0.00,False
214,105,01015,2500.000,0.000,17.0000,0.00,0.00,0.00,0.00,42500.00,0.00,False
216,106,01059,102.000,0.000,55.8800,0.00,0.00,0.00,0.00,5699.76,0.00,False
219,107,02002,20.000,0.000,125.0000,0.00,0.00,0.00,0.00,2500.00,0.00,False
217,107,02004,131.000,0.000,166.0000,0.00,0.00,0.00,0.00,21746.00,0.00,False
218,107,02059,20.000,0.000,158.0000,0.00,0.00,0.00,0.00,3160.00,0.00,False
220,108,01042,50.000,0.000,150.0000,0.00,0.00,0.00,0.00,7500.00,0.00,False
222,109,01002,25.000,0.000,240.0000,0.00,0.00,0.00,0.00,6000.00,0.00,False
221,109,01047,50.000,0.000,140.0000,0.00,0.00,0.00,0.00,7000.00,0.00,False
223,109,02097,36.000,0.000,139.0000,0.00,0.00,0.00,0.00,5004.00,0.00,False
224,110,02106,50.000,0.000,50.0000,0.00,0.00,0.00,0.00,2500.00,0.00,False
225,111,02004,76.000,0.000,166.0000,0.00,0.00,0.00,0.00,12616.00,0.00,False
226,112,02107,100.000,0.000,33.3300,0.00,0.00,0.00,0.00,3333.00,0.00,False
227,112,02108,100.000,0.000,33.3300,0.00,0.00,0.00,0.00,3333.00,0.00,False
228,112,02109,100.000,0.000,33.3300,0.00,0.00,0.00,0.00,3333.00,0.00,False
229,113,01010,3.000,0.000,2500.0000,0.00,0.00,0.00,0.00,7500.00,0.00,False
231,113,01030,1.000,0.000,3200.0000,0.00,0.00,0.00,0.00,3200.00,0.00,False
232,113,01037,1.000,0.000,3600.0000,0.00,0.00,0.00,0.00,3600.00,0.00,False
230,113,01056,1.000,0.000,6500.0000,0.00,0.00,0.00,0.00,6500.00,0.00,False
233,114,02004,50.000,0.000,166.0000,0.00,0.00,0.00,0.00,8300.00,0.00,False
234,115,01010,5.000,0.000,2500.0000,0.00,0.00,0.00,0.00,12500.00,0.00,False
235,116,02014,221.000,0.000,480.0000,0.00,0.00,0.00,0.00,106080.00,0.00,False
236,117,02026,270.000,0.000,21.0000,0.00,0.00,0.00,0.00,5670.00,0.00,False
237,118,02061,300.000,0.000,270.0000,0.00,0.00,0.00,0.00,81000.00,0.00,False
238,119,01022,1.000,0.000,4000.0000,0.00,0.00,0.00,0.00,4000.00,0.00,False
239,120,01002,25.000,0.000,240.0000,0.00,0.00,0.00,0.00,6000.00,0.00,False
240,121,01010,4.000,0.000,2500.0000,0.00,0.00,0.00,0.00,10000.00,0.00,False
241,121,01046,2.000,0.000,15000.0000,0.00,0.00,0.00,0.00,30000.00,0.00,False
243,122,02043,12.000,0.000,120.0000,0.00,0.00,0.00,0.00,1440.00,0.00,False
242,122,02097,24.000,0.000,130.0000,0.00,0.00,0.00,0.00,3120.00,0.00,False
244,123,02014,136.000,0.000,480.0000,0.00,0.00,0.00,0.00,65280.00,0.00,False
245,123,02110,300.000,0.000,270.0000,0.00,0.00,0.00,0.00,81000.00,0.00,False
246,124,02070,500.000,0.000,1.0000,0.00,0.00,0.00,0.00,500.00,0.00,False
247,124,02071,200.000,0.000,1.0000,0.00,0.00,0.00,0.00,200.00,0.00,False
248,125,01003,3000.000,0.000,15.1600,0.00,0.00,0.00,0.00,45480.00,0.00,False
250,126,01003,2500.000,0.000,16.0000,0.00,0.00,0.00,0.00,40000.00,0.00,False
249,126,01015,250.000,0.000,16.0000,0.00,0.00,0.00,0.00,4000.00,0.00,False
251,127,02061,660.000,0.000,270.0000,0.00,0.00,0.00,0.00,178200.00,0.00,False
252,127,02113,60.000,0.000,270.0000,0.00,0.00,0.00,0.00,16200.00,0.00,False
253,128,02002,35.000,0.000,150.0000,0.00,0.00,0.00,0.00,5250.00,0.00,False
254,129,02097,120.000,0.000,130.0000,0.00,0.00,0.00,0.00,15600.00,0.00,False
255,130,02015,300.000,0.000,270.0000,0.00,0.00,0.00,0.00,81000.00,0.00,False
258,131,02111,300.000,0.000,25.0000,0.00,0.00,0.00,0.00,7500.00,0.00,False
259,131,02112,300.000,0.000,26.0000,0.00,0.00,0.00,0.00,7800.00,0.00,False
256,131,02114,300.000,0.000,26.0000,0.00,0.00,0.00,0.00,7800.00,0.00,False
257,131,02115,300.000,0.000,26.0000,0.00,0.00,0.00,0.00,7800.00,0.00,False
260,132,02097,60.000,0.000,130.0000,0.00,0.00,0.00,0.00,7800.00,0.00,False
261,133,02004,4.000,0.000,166.0000,0.00,0.00,0.00,0.00,664.00,0.00,False
262,134,01016,750.000,0.000,8.0000,0.00,0.00,0.00,0.00,6000.00,0.00,False
263,135,01042,25.000,0.000,150.0000,0.00,0.00,0.00,0.00,3750.00,0.00,False
264,136,02072,4560.000,0.000,1.0000,0.00,0.00,0.00,0.00,4560.00,0.00,False
265,137,02059,98.000,0.000,160.0000,0.00,0.00,0.00,0.00,15680.00,0.00,False
266,138,02116,300.000,0.000,270.0000,0.00,0.00,0.00,0.00,81000.00,0.00,False
267,138,02117,300.000,0.000,270.0000,0.00,0.00,0.00,0.00,81000.00,0.00,False
268,139,01016,800.000,0.000,8.0000,0.00,0.00,0.00,0.00,6400.00,0.00,False
269,140,01016,750.000,0.000,8.0000,0.00,0.00,0.00,0.00,6000.00,0.00,False
272,141,01002,100.000,0.000,240.0000,0.00,0.00,0.00,0.00,24000.00,0.00,False
271,141,01010,6.000,0.000,2500.0000,0.00,0.00,0.00,0.00,15000.00,0.00,False
270,141,01018,275.000,0.000,380.0000,0.00,0.00,0.00,0.00,104500.00,0.00,False
274,142,02043,120.000,0.000,105.0000,0.00,0.00,0.00,0.00,12600.00,0.00,False
273,142,02097,480.000,0.000,120.0000,0.00,0.00,0.00,0.00,57600.00,0.00,False
275,143,02002,60.000,0.000,150.0000,0.00,0.00,0.00,0.00,9000.00,0.00,False
276,143,02008,10.000,0.000,150.0000,0.00,0.00,0.00,0.00,1500.00,0.00,False
277,143,02118,10.000,0.000,135.0000,0.00,0.00,0.00,0.00,1350.00,0.00,False
278,144,01003,300.000,0.000,19.0000,0.00,0.00,0.00,0.00,5700.00,0.00,False
279,145,01003,10000.000,0.000,19.0000,0.00,0.00,0.00,0.00,190000.00,0.00,False
281,146,02032,450.000,0.000,147.0000,0.00,0.00,0.00,0.00,66150.00,0.00,False
280,146,02039,400.000,0.000,32.0000,0.00,0.00,0.00,0.00,12800.00,0.00,False
282,147,02015,600.000,0.000,270.0000,0.00,0.00,0.00,0.00,162000.00,0.00,False
283,148,02043,144.000,0.000,110.0000,0.00,0.00,0.00,0.00,15840.00,0.00,False
284,149,01003,10000.000,0.000,19.0000,0.00,0.00,0.00,0.00,190000.00,0.00,False
285,149,01015,1250.000,0.000,18.0000,0.00,0.00,0.00,0.00,22500.00,0.00,False
286,150,02032,435.000,0.000,147.0000,0.00,0.00,0.00,0.00,63945.00,0.00,False
287,151,01016,10000.000,0.000,10.0000,0.00,0.00,0.00,0.00,100000.00,0.00,False
293,152,01002,450.000,0.000,180.0000,0.00,0.00,0.00,0.00,81000.00,0.00,False
292,152,01010,5.000,0.000,2400.0000,0.00,0.00,0.00,0.00,12000.00,0.00,False
295,152,01023,5.000,0.000,4500.0000,0.00,0.00,0.00,0.00,22500.00,0.00,False
294,152,01025,5.000,0.000,4500.0000,0.00,0.00,0.00,0.00,22500.00,0.00,False
288,152,01046,4.000,0.000,10500.0000,0.00,0.00,0.00,0.00,42000.00,0.00,False
290,152,01056,2.000,0.000,6500.0000,0.00,0.00,0.00,0.00,13000.00,0.00,False
291,152,01072,5.000,0.000,9000.0000,0.00,0.00,0.00,0.00,45000.00,0.00,False
289,152,01080,3.000,0.000,6000.0000,0.00,0.00,0.00,0.00,18000.00,0.00,False
296,152,01082,3.000,0.000,6500.0000,0.00,0.00,0.00,0.00,19500.00,0.00,False
300,153,01010,5.000,0.000,2400.0000,0.00,0.00,0.00,0.00,12000.00,0.00,False
298,153,01041,25.000,0.000,560.0000,0.00,0.00,0.00,0.00,14000.00,0.00,False
297,153,01047,150.000,0.000,95.0000,0.00,0.00,0.00,0.00,14250.00,0.00,False
302,153,01052,1.000,0.000,12500.0000,0.00,0.00,0.00,0.00,12500.00,0.00,False
301,153,01055,5.000,0.000,1400.0000,0.00,0.00,0.00,0.00,7000.00,0.00,False
299,153,01105,25.000,0.000,480.0000,0.00,0.00,0.00,0.00,12000.00,0.00,False
303,154,01050,25.000,0.000,2950.0000,0.00,0.00,0.00,0.00,73750.00,0.00,False
304,154,01056,2.000,0.000,6500.0000,0.00,0.00,0.00,0.00,13000.00,0.00,False
306,155,02017,2950.000,0.000,12.0000,0.00,0.00,0.00,0.00,35400.00,0.00,False
305,155,02018,2950.000,0.000,12.0000,0.00,0.00,0.00,0.00,35400.00,0.00,False
307,156,01003,4000.000,0.000,19.0000,0.00,0.00,0.00,0.00,76000.00,0.00,False
308,156,01015,6500.000,0.000,17.0000,0.00,0.00,0.00,0.00,110500.00,0.00,False
309,157,01059,1500.000,0.000,63.3400,0.00,0.00,0.00,0.00,95010.00,0.00,False
310,158,01033,250.000,0.000,60.0000,0.00,0.00,0.00,0.00,15000.00,0.00,False
311,159,02032,1175.000,0.000,147.0000,0.00,0.00,0.00,0.00,172725.00,0.00,False
312,160,01016,10000.000,0.000,10.0000,0.00,0.00,0.00,0.00,100000.00,0.00,False
313,161,01015,2500.000,0.000,17.0000,0.00,0.00,0.00,0.00,42500.00,0.00,False
315,162,01003,500.000,0.000,19.0000,0.00,0.00,0.00,0.00,9500.00,0.00,False
316,162,01015,2000.000,0.000,17.0000,0.00,0.00,0.00,0.00,34000.00,0.00,False
321,163,02040,100.000,0.000,35.0000,0.00,0.00,0.00,0.00,3500.00,0.00,False
319,163,02042,200.000,0.000,35.0000,0.00,0.00,0.00,0.00,7000.00,0.00,False
320,163,02099,100.000,0.000,30.0000,0.00,0.00,0.00,0.00,3000.00,0.00,False
318,163,02125,1000.000,0.000,30.0000,0.00,0.00,0.00,0.00,30000.00,0.00,False
322,163,02126,100.000,0.000,30.0000,0.00,0.00,0.00,0.00,3000.00,0.00,False
317,163,02127,1000.000,0.000,30.0000,0.00,0.00,0.00,0.00,30000.00,0.00,False
323,164,01016,2500.000,0.000,10.8000,0.00,0.00,0.00,0.00,27000.00,0.00,False
324,165,01042,50.000,0.000,140.0000,0.00,0.00,0.00,0.00,7000.00,0.00,False
325,166,02039,400.000,0.000,32.0000,0.00,0.00,0.00,0.00,12800.00,0.00,False
326,166,02114,600.000,0.000,26.0000,0.00,0.00,0.00,0.00,15600.00,0.00,False
327,167,02002,51.000,0.000,150.0000,0.00,0.00,0.00,0.00,7650.00,0.00,False
328,167,02059,50.000,0.000,160.0000,0.00,0.00,0.00,0.00,8000.00,0.00,False
329,168,02015,600.000,0.000,270.0000,0.00,0.00,0.00,0.00,162000.00,0.00,False
330,169,01031,8.500,0.000,6200.0000,0.00,0.00,0.00,0.00,52700.00,0.00,False
331,170,01016,2500.000,0.000,10.8000,0.00,0.00,0.00,0.00,27000.00,0.00,False
333,171,01042,50.000,0.000,140.0000,0.00,0.00,0.00,0.00,7000.00,0.00,False
332,171,02009,100.000,0.000,9.0000,0.00,0.00,0.00,0.00,900.00,0.00,False
334,172,01003,6000.000,0.000,19.0000,0.00,0.00,0.00,0.00,114000.00,0.00,False
335,172,01015,2500.000,0.000,17.0000,0.00,0.00,0.00,0.00,42500.00,0.00,False
336,173,01010,8.000,0.000,2500.0000,0.00,0.00,0.00,0.00,20000.00,0.00,False
341,173,01013,25.000,0.000,160.0000,0.00,0.00,0.00,0.00,4000.00,0.00,False
338,173,01038,35.000,0.000,645.0000,0.00,0.00,0.00,0.00,22575.00,0.00,False
337,173,01046,5.000,0.000,15000.0000,0.00,0.00,0.00,0.00,75000.00,0.00,False
339,173,01058,7.000,0.000,3700.0000,0.00,0.00,0.00,0.00,25900.00,0.00,False
340,173,01084,25.000,0.000,1800.0000,0.00,0.00,0.00,0.00,45000.00,0.00,False
342,174,01046,3.000,0.000,15000.0000,0.00,0.00,0.00,0.00,45000.00,0.00,False
345,175,02025,275.000,0.000,21.0000,0.00,0.00,0.00,0.00,5775.00,0.00,False
343,175,02026,575.000,0.000,21.0000,0.00,0.00,0.00,0.00,12075.00,0.00,False
344,175,02031,275.000,0.000,21.0000,0.00,0.00,0.00,0.00,5775.00,0.00,False
346,176,01010,10.000,0.000,2500.0000,0.00,0.00,0.00,0.00,25000.00,0.00,False
348,176,01012,3.000,0.000,4000.0000,0.00,0.00,0.00,0.00,12000.00,0.00,False
349,176,01021,30.000,0.000,380.0000,0.00,0.00,0.00,0.00,11400.00,0.00,False
347,176,01046,3.000,0.000,15000.0000,0.00,0.00,0.00,0.00,45000.00,0.00,False
350,176,01058,25.000,0.000,3700.0000,0.00,0.00,0.00,0.00,92500.00,0.00,False
351,177,02004,101.000,0.000,166.0000,0.00,0.00,0.00,0.00,16766.00,0.00,False
352,177,02007,100.000,0.000,158.0000,0.00,0.00,0.00,0.00,15800.00,0.00,False
353,178,02016,570.000,0.000,1.0000,0.00,0.00,0.00,0.00,570.00,0.00,False
354,179,01003,1750.000,0.000,19.0000,0.00,0.00,0.00,0.00,33250.00,0.00,False
355,179,01015,750.000,0.000,17.0000,0.00,0.00,0.00,0.00,12750.00,0.00,False
356,180,01038,35.000,0.000,645.0000,0.00,0.00,0.00,0.00,22575.00,0.00,False
358,180,01053,1.000,0.000,11000.0000,0.00,0.00,0.00,0.00,11000.00,0.00,False
359,180,01054,1.000,0.000,15800.0000,0.00,0.00,0.00,0.00,15800.00,0.00,False
360,180,01055,25.000,0.000,1400.0000,0.00,0.00,0.00,0.00,35000.00,0.00,False
357,180,01143,25.000,0.000,3200.0000,0.00,0.00,0.00,0.00,80000.00,0.00,False
361,181,02004,52.000,0.000,166.0000,0.00,0.00,0.00,0.00,8632.00,0.00,False
362,182,02128,25.000,0.000,750.0000,0.00,0.00,0.00,0.00,18750.00,0.00,False
367,183,02042,95.000,0.000,35.0000,0.00,0.00,0.00,0.00,3325.00,0.00,False
363,183,02134,30.000,0.000,25.0000,0.00,0.00,0.00,0.00,750.00,0.00,False
364,183,02135,100.000,0.000,25.0000,0.00,0.00,0.00,0.00,2500.00,0.00,False
365,183,02136,100.000,0.000,25.0000,0.00,0.00,0.00,0.00,2500.00,0.00,False
366,183,02137,100.000,0.000,25.0000,0.00,0.00,0.00,0.00,2500.00,0.00,False
368,184,01003,500.000,0.000,17.0000,0.00,0.00,0.00,0.00,8500.00,0.00,False
369,185,02054,25.000,0.000,130.0000,0.00,0.00,0.00,0.00,3250.00,0.00,False
370,186,01042,50.000,0.000,140.0000,0.00,0.00,0.00,0.00,7000.00,0.00,False
371,187,01016,750.000,0.000,8.0000,0.00,0.00,0.00,0.00,6000.00,0.00,False
372,188,01016,750.000,0.000,8.0000,0.00,0.00,0.00,0.00,6000.00,0.00,False
373,189,01016,3250.000,0.000,10.4000,0.00,0.00,0.00,0.00,33800.00,0.00,False
374,190,01059,68.000,0.000,60.2941,0.00,0.00,0.00,0.00,4100.00,0.00,False
375,191,01016,2500.000,0.000,8.4000,0.00,0.00,0.00,0.00,21000.00,0.00,False
376,192,01059,680.000,0.000,60.2941,0.00,0.00,0.00,0.00,40999.99,0.00,False
377,193,02054,125.000,0.000,130.0000,0.00,0.00,0.00,0.00,16250.00,0.00,False
378,193,02056,125.000,0.000,27.0000,0.00,0.00,0.00,0.00,3375.00,0.00,False
379,194,02139,882.352,0.000,17.0000,0.00,0.00,0.00,0.00,14999.98,0.00,False
380,195,01184,60.000,0.000,333.3333,0.00,0.00,0.00,0.00,20000.00,0.00,False
384,196,01042,50.000,0.000,140.0000,0.00,0.00,0.00,0.00,7000.00,0.00,False
386,197,01003,350.000,0.000,19.0000,0.00,0.00,0.00,0.00,6650.00,0.00,False
385,197,01015,850.000,0.000,17.0000,0.00,0.00,0.00,0.00,14450.00,0.00,False
393,198,01010,5.000,0.000,2500.0000,0.00,0.00,0.00,0.00,12500.00,0.00,False
391,198,01012,2.000,0.000,4000.0000,0.00,0.00,0.00,0.00,8000.00,0.00,False
388,198,01013,25.000,0.000,160.0000,0.00,0.00,0.00,0.00,4000.00,0.00,False
394,198,01022,2.000,0.000,2800.0000,0.00,0.00,0.00,0.00,5600.00,0.00,False
390,198,01031,15.000,0.000,7000.0000,0.00,0.00,0.00,0.00,105000.00,0.00,False
387,198,01046,5.000,0.000,15000.0000,0.00,0.00,0.00,0.00,75000.00,0.00,False
389,198,01050,10.000,0.000,2600.0000,0.00,0.00,0.00,0.00,26000.00,0.00,False
392,198,01052,1.000,0.000,14500.0000,0.00,0.00,0.00,0.00,14500.00,0.00,False
408,198,01084,25.000,0.000,1200.0000,0.00,0.00,0.00,0.00,30000.00,0.00,False
396,199,01003,2500.000,0.000,19.0000,0.00,0.00,0.00,0.00,47500.00,0.00,False
395,199,01015,10000.000,0.000,17.0000,0.00,0.00,0.00,0.00,170000.00,0.00,False
397,200,02054,30.000,0.000,160.0000,0.00,0.00,0.00,0.00,4800.00,0.00,False
398,201,02034,993.000,0.000,70.0000,0.00,0.00,0.00,0.00,69510.00,0.00,False
399,201,02112,590.000,0.000,26.0000,0.00,0.00,0.00,0.00,15340.00,0.00,False
400,202,02004,50.000,0.000,166.0000,0.00,0.00,0.00,0.00,8300.00,0.00,False
401,203,01184,25.000,0.000,400.0000,0.00,0.00,0.00,0.00,10000.00,0.00,False
405,204,01001,10.000,0.000,1354.0000,0.00,0.00,0.00,0.00,13540.00,0.00,False
404,204,01002,100.000,0.000,110.0000,0.00,0.00,0.00,0.00,11000.00,0.00,False
403,204,01047,1000.000,0.000,65.0000,0.00,0.00,0.00,0.00,65000.00,0.00,False
402,204,02043,504.000,0.000,115.0000,0.00,0.00,0.00,0.00,57960.00,0.00,False
407,205,02059,10.000,0.000,155.0000,0.00,0.00,0.00,0.00,1550.00,0.00,False
406,205,02118,45.000,0.000,135.0000,0.00,0.00,0.00,0.00,6075.00,0.00,False
409,206,02032,350.000,0.000,147.0000,0.00,0.00,0.00,0.00,51450.00,0.00,False
411,207,02003,32.000,0.000,147.0000,0.00,0.00,0.00,0.00,4704.00,0.00,False
410,207,02007,102.000,0.000,158.0000,0.00,0.00,0.00,0.00,16116.00,0.00,False
412,208,01016,2500.000,0.000,10.0000,0.00,0.00,0.00,0.00,25000.00,0.00,False
413,209,02029,285.000,0.000,25.0000,0.00,0.00,0.00,0.00,7125.00,0.00,False
415,209,02032,654.000,0.000,147.0000,0.00,0.00,0.00,0.00,96138.00,0.00,False
416,210,01003,2750.000,0.000,19.0000,0.00,0.00,0.00,0.00,52250.00,0.00,False
417,211,01042,50.000,0.000,140.0000,0.00,0.00,0.00,0.00,7000.00,0.00,False
418,212,01015,2500.000,0.000,17.0000,0.00,0.00,0.00,0.00,42500.00,0.00,False
419,213,02054,100.000,0.000,160.0000,0.00,0.00,0.00,0.00,16000.00,0.00,False
420,213,02060,200.000,0.000,45.0000,0.00,0.00,0.00,0.00,9000.00,0.00,False
421,214,01016,2500.000,0.000,11.0000,0.00,0.00,0.00,0.00,27500.00,0.00,False
422,215,02140,52.000,0.000,471.1538,0.00,0.00,0.00,0.00,24500.00,0.00,False
423,216,02139,100.000,0.000,20.0000,0.00,0.00,0.00,0.00,2000.00,0.00,False
424,217,02139,200.000,0.000,20.0000,0.00,0.00,0.00,0.00,4000.00,0.00,False
425,218,01042,50.000,0.000,136.0000,0.00,0.00,0.00,0.00,6800.00,0.00,False
426,219,01016,2500.000,0.000,10.8000,0.00,0.00,0.00,0.00,27000.00,0.00,False
447,220,01010,6.000,0.000,2500.0000,0.00,0.00,0.00,0.00,15000.00,0.00,False
429,220,01034,25.000,0.000,480.0000,0.00,0.00,0.00,0.00,12000.00,0.00,False
437,220,01038,35.000,0.000,645.0000,0.00,0.00,0.00,0.00,22575.00,0.00,False
428,220,01041,25.000,0.000,625.0000,0.00,0.00,0.00,0.00,15625.00,0.00,False
430,220,01047,150.000,0.000,74.0000,0.00,0.00,0.00,0.00,11100.00,0.00,False
433,220,01053,5.000,0.000,11000.0000,0.00,0.00,0.00,0.00,55000.00,0.00,False
434,220,01054,5.000,0.000,16000.0000,0.00,0.00,0.00,0.00,80000.00,0.00,False
435,220,01057,4.000,0.000,8000.0000,0.00,0.00,0.00,0.00,32000.00,0.00,False
427,220,01060,25.000,0.000,500.0000,0.00,0.00,0.00,0.00,12500.00,0.00,False
432,220,01072,8.000,0.000,8500.0000,0.00,0.00,0.00,0.00,68000.00,0.00,False
431,220,01073,3.000,0.000,650.0000,0.00,0.00,0.00,0.00,1950.00,0.00,False
436,220,01143,25.000,0.000,3200.0000,0.00,0.00,0.00,0.00,80000.00,0.00,False
442,221,02131,100.000,0.000,25.0000,0.00,0.00,0.00,0.00,2500.00,0.00,False
443,221,02132,100.000,0.000,25.0000,0.00,0.00,0.00,0.00,2500.00,0.00,False
444,221,02133,100.000,0.000,25.0000,0.00,0.00,0.00,0.00,2500.00,0.00,False
438,221,02141,100.000,0.000,30.0000,0.00,0.00,0.00,0.00,3000.00,0.00,False
440,221,02142,100.000,0.000,30.0000,0.00,0.00,0.00,0.00,3000.00,0.00,False
441,221,02143,100.000,0.000,30.0000,0.00,0.00,0.00,0.00,3000.00,0.00,False
439,221,02144,100.000,0.000,30.0000,0.00,0.00,0.00,0.00,3000.00,0.00,False
445,222,01184,30.000,0.000,350.0000,0.00,0.00,0.00,0.00,10500.00,0.00,False
446,222,01185,30.000,0.000,300.0000,0.00,0.00,0.00,0.00,9000.00,0.00,False
449,223,01042,110.000,0.000,140.0000,0.00,0.00,0.00,0.00,15400.00,0.00,False
448,223,01043,400.000,0.000,12.5000,0.00,0.00,0.00,0.00,5000.00,0.00,False
450,224,02059,52.000,0.000,160.0000,0.00,0.00,0.00,0.00,8320.00,0.00,False
453,225,02016,200.000,0.000,0.0001,0.00,0.00,0.00,0.00,0.02,0.00,False
452,225,02061,420.000,0.000,270.0000,0.00,0.00,0.00,0.00,113400.00,0.00,False
451,225,02062,300.000,0.000,270.0000,0.00,0.00,0.00,0.00,81000.00,0.00,False
454,226,02014,204.000,0.000,500.0000,0.00,0.00,0.00,0.00,102000.00,0.00,False
455,226,02016,475.000,0.000,0.0001,0.00,0.00,0.00,0.00,0.05,0.00,False
456,227,02004,52.000,0.000,166.0000,0.00,0.00,0.00,0.00,8632.00,0.00,False
457,228,01010,25.000,0.000,2500.0000,0.00,0.00,0.00,0.00,62500.00,0.00,False
458,228,01046,5.000,0.000,15000.0000,0.00,0.00,0.00,0.00,75000.00,0.00,False
459,229,02059,50.000,0.000,140.0000,0.00,0.00,0.00,0.00,7000.00,0.00,False
460,230,01055,25.000,0.000,1300.0000,0.00,0.00,0.00,0.00,32500.00,0.00,False
461,231,02114,650.000,0.000,26.0000,0.00,0.00,0.00,0.00,16900.00,0.00,False
462,232,02015,600.000,0.000,250.0000,0.00,0.00,0.00,0.00,150000.00,0.00,False
463,232,02128,35.000,0.000,1250.0000,0.00,0.00,0.00,0.00,43750.00,0.00,False
464,233,01003,2550.000,0.000,19.0000,0.00,0.00,0.00,0.00,48450.00,0.00,False
465,234,01043,1160.000,0.000,11.2500,0.00,0.00,0.00,0.00,13050.00,0.00,False
466,235,01186,30.000,0.000,43.3333,0.00,0.00,0.00,0.00,1300.00,0.00,False
470,236,02124,15.000,0.000,26.0000,0.00,0.00,0.00,0.00,390.00,0.00,False
467,236,02146,35.000,0.000,30.0000,0.00,0.00,0.00,0.00,1050.00,0.00,False
471,236,02147,10.000,0.000,30.0000,0.00,0.00,0.00,0.00,300.00,0.00,False
468,236,02148,2.000,0.000,45.0000,0.00,0.00,0.00,0.00,90.00,0.00,False
469,236,02149,6.000,0.000,45.0000,0.00,0.00,0.00,0.00,270.00,0.00,False
472,237,01016,2500.000,0.000,10.0000,0.00,0.00,0.00,0.00,25000.00,0.00,False
473,238,02014,204.000,0.000,500.0000,0.00,0.00,0.00,0.00,102000.00,0.00,False
474,239,01184,30.000,0.000,333.3333,0.00,0.00,0.00,0.00,10000.00,0.00,False
475,240,02007,81.000,0.000,158.0000,0.00,0.00,0.00,0.00,12798.00,0.00,False
476,241,02127,1080.000,0.000,30.0000,0.00,0.00,0.00,0.00,32400.00,0.00,False
477,242,02004,104.000,0.000,193.0000,0.00,0.00,0.00,0.00,20072.00,0.00,False
485,243,01011,20.000,0.000,3600.0000,0.00,0.00,0.00,0.00,72000.00,0.00,False
479,243,01021,30.000,0.000,380.0000,0.00,0.00,0.00,0.00,11400.00,0.00,False
487,243,01023,10.000,0.000,4500.0000,0.00,0.00,0.00,0.00,45000.00,0.00,False
488,243,01025,5.000,0.000,4500.0000,0.00,0.00,0.00,0.00,22500.00,0.00,False
481,243,01030,10.000,0.000,3200.0000,0.00,0.00,0.00,0.00,32000.00,0.00,False
482,243,01037,10.000,0.000,3600.0000,0.00,0.00,0.00,0.00,36000.00,0.00,False
478,243,01046,5.000,0.000,15000.0000,0.00,0.00,0.00,0.00,75000.00,0.00,False
486,243,01048,10.000,0.000,1500.0000,0.00,0.00,0.00,0.00,15000.00,0.00,False
484,243,01052,1.000,0.000,14500.0000,0.00,0.00,0.00,0.00,14500.00,0.00,False
483,243,01056,2.000,0.000,6500.0000,0.00,0.00,0.00,0.00,13000.00,0.00,False
480,243,01058,25.000,0.000,3700.0000,0.00,0.00,0.00,0.00,92500.00,0.00,False
489,244,01042,32.000,0.000,140.0000,0.00,0.00,0.00,0.00,4480.00,0.00,False
490,244,01043,200.000,0.000,11.2500,0.00,0.00,0.00,0.00,2250.00,0.00,False
491,245,01016,2500.000,0.000,10.0000,0.00,0.00,0.00,0.00,25000.00,0.00,False
492,246,02007,104.000,0.000,158.0000,0.00,0.00,0.00,0.00,16432.00,0.00,False
493,246,02059,31.000,0.000,166.0000,0.00,0.00,0.00,0.00,5146.00,0.00,False
494,247,01043,400.000,0.000,11.2500,0.00,0.00,0.00,0.00,4500.00,0.00,False
495,248,01016,2500.000,0.000,10.0000,0.00,0.00,0.00,0.00,25000.00,0.00,False
496,249,01042,32.000,0.000,140.0000,0.00,0.00,0.00,0.00,4480.00,0.00,False
497,250,02150,50.000,0.000,45.0000,0.00,0.00,0.00,0.00,2250.00,0.00,False
498,250,02151,1020.000,0.000,40.0000,0.00,0.00,0.00,0.00,40800.00,0.00,False
499,251,02140,50.000,0.000,450.0000,0.00,0.00,0.00,0.00,22500.00,0.00,False
502,252,02154,34.000,0.000,500.0000,0.00,0.00,0.00,0.00,17000.00,0.00,False
503,252,02155,31.000,0.000,500.0000,0.00,0.00,0.00,0.00,15500.00,0.00,False
504,252,02156,34.000,0.000,500.0000,0.00,0.00,0.00,0.00,17000.00,0.00,False
501,252,02157,39.000,0.000,500.0000,0.00,0.00,0.00,0.00,19500.00,0.00,False
500,252,02158,34.000,0.000,500.0000,0.00,0.00,0.00,0.00,17000.00,0.00,False
505,253,01003,250.000,0.000,19.0000,0.00,0.00,0.00,0.00,4750.00,0.00,False
506,254,02015,1000.000,0.000,250.0000,0.00,0.00,0.00,0.00,250000.00,0.00,False
507,255,02002,87.000,0.000,180.0000,0.00,0.00,0.00,0.00,15660.00,0.00,False
508,256,02114,760.000,0.000,35.0000,0.00,0.00,0.00,0.00,26600.00,0.00,False
509,257,01031,25.000,0.000,7000.0000,0.00,0.00,0.00,0.00,175000.00,0.00,False
510,258,01003,7500.000,0.000,19.0000,0.00,0.00,0.00,0.00,142500.00,0.00,False
511,258,01015,5000.000,0.000,17.0000,0.00,0.00,0.00,0.00,85000.00,0.00,False
512,259,02099,100.000,0.000,30.0000,0.00,0.00,0.00,0.00,3000.00,0.00,False
516,260,01042,50.000,0.000,140.0000,0.00,0.00,0.00,0.00,7000.00,0.00,False
515,260,01043,280.000,0.000,11.2500,0.00,0.00,0.00,0.00,3150.00,0.00,False
513,260,02128,50.000,0.000,1250.0000,0.00,0.00,0.00,0.00,62500.00,0.00,False
514,260,02140,15.000,0.000,500.0000,0.00,0.00,0.00,0.00,7500.00,0.00,False
517,261,01016,2500.000,0.000,10.0000,0.00,0.00,0.00,0.00,25000.00,0.00,False
519,262,01003,1750.000,0.000,19.0000,0.00,0.00,0.00,0.00,33250.00,0.00,False
518,262,01015,1250.000,0.000,17.0000,0.00,0.00,0.00,0.00,21250.00,0.00,False
520,263,01016,2500.000,0.000,10.0000,0.00,0.00,0.00,0.00,25000.00,0.00,False
522,264,01024,3.000,0.000,4500.0000,0.00,0.00,0.00,0.00,13500.00,0.00,False
523,264,01026,3.000,0.000,6750.0000,0.00,0.00,0.00,0.00,20250.00,0.00,False
524,264,01029,3.000,0.000,8500.0000,0.00,0.00,0.00,0.00,25500.00,0.00,False
521,264,01047,250.000,0.000,76.0000,0.00,0.00,0.00,0.00,19000.00,0.00,False
525,265,02035,270.000,0.000,40.0000,0.00,0.00,0.00,0.00,10800.00,0.00,False
529,265,02146,50.000,0.000,30.0000,0.00,0.00,0.00,0.00,1500.00,0.00,False
526,266,01043,400.000,0.000,11.2500,0.00,0.00,0.00,0.00,4500.00,0.00,False
527,267,01186,180.000,0.000,43.3333,0.00,0.00,0.00,0.00,7799.99,0.00,False
528,267,01187,25.000,0.000,200.0000,0.00,0.00,0.00,0.00,5000.00,0.00,False
530,268,01184,30.000,0.000,333.3333,0.00,0.00,0.00,0.00,10000.00,0.00,False
531,269,02025,100.000,0.000,21.0000,0.00,0.00,0.00,0.00,2100.00,0.00,False
532,269,02031,100.000,0.000,21.0000,0.00,0.00,0.00,0.00,2100.00,0.00,False
534,269,02124,15.000,0.000,26.0000,0.00,0.00,0.00,0.00,390.00,0.00,False
533,269,02147,15.000,0.000,30.0000,0.00,0.00,0.00,0.00,450.00,0.00,False
535,270,01016,2500.000,0.000,10.0000,0.00,0.00,0.00,0.00,25000.00,0.00,False
536,271,01015,3500.000,0.000,17.0000,0.00,0.00,0.00,0.00,59500.00,0.00,False
539,272,01021,30.000,0.000,380.0000,0.00,0.00,0.00,0.00,11400.00,0.00,False
540,272,01038,35.000,0.000,645.0000,0.00,0.00,0.00,0.00,22575.00,0.00,False
538,272,01041,25.000,0.000,625.0000,0.00,0.00,0.00,0.00,15625.00,0.00,False
537,272,01047,500.000,0.000,76.0000,0.00,0.00,0.00,0.00,38000.00,0.00,False
541,273,02114,1100.000,0.000,26.0000,0.00,0.00,0.00,0.00,28600.00,0.00,False
542,274,02015,1000.000,0.000,250.0000,0.00,0.00,0.00,0.00,250000.00,0.00,False
543,275,02116,240.000,0.000,270.0000,0.00,0.00,0.00,0.00,64800.00,0.00,False
546,275,02154,17.000,0.000,500.0000,0.00,0.00,0.00,0.00,8500.00,0.00,False
545,275,02155,17.000,0.000,500.0000,0.00,0.00,0.00,0.00,8500.00,0.00,False
544,275,02158,17.000,0.000,500.0000,0.00,0.00,0.00,0.00,8500.00,0.00,False
547,275,02159,17.000,0.000,500.0000,0.00,0.00,0.00,0.00,8500.00,0.00,False
548,276,02002,111.000,0.000,158.0000,0.00,0.00,0.00,0.00,17538.00,0.00,False
549,277,02160,10.000,0.000,40.0000,0.00,0.00,0.00,0.00,400.00,0.00,False
550,278,02161,34.000,0.000,500.0000,0.00,0.00,0.00,0.00,17000.00,0.00,False
551,278,02162,34.000,0.000,500.0000,0.00,0.00,0.00,0.00,17000.00,0.00,False
552,279,02015,250.000,0.000,250.0000,0.00,0.00,0.00,0.00,62500.00,0.00,False
553,280,02002,26.000,0.000,168.0000,0.00,0.00,0.00,0.00,4368.00,0.00,False
554,281,02163,130.000,0.000,40.0000,0.00,0.00,0.00,0.00,5200.00,0.00,False
555,282,02014,204.000,0.000,500.0000,0.00,0.00,0.00,0.00,102000.00,0.00,False
556,282,02016,487.000,0.000,0.0010,0.00,0.00,0.00,0.00,0.49,0.00,False
557,283,02004,101.000,0.000,166.0000,0.00,0.00,0.00,0.00,16766.00,0.00,False
559,284,01033,60.000,0.000,60.0000,0.00,0.00,0.00,0.00,3600.00,0.00,False
560,284,01042,50.000,0.000,140.0000,0.00,0.00,0.00,0.00,7000.00,0.00,False
561,284,01043,120.000,0.000,11.2500,0.00,0.00,0.00,0.00,1350.00,0.00,False
558,284,01059,300.000,0.000,66.6666,0.00,0.00,0.00,0.00,19999.98,0.00,False
562,285,01015,650.000,0.000,17.0000,0.00,0.00,0.00,0.00,11050.00,0.00,False
563,286,01003,2350.000,0.000,19.0000,0.00,0.00,0.00,0.00,44650.00,0.00,False
564,286,01015,150.000,0.000,17.0000,0.00,0.00,0.00,0.00,2550.00,0.00,False
565,287,02004,50.000,0.000,188.0000,0.00,0.00,0.00,0.00,9400.00,0.00,False
566,287,02059,50.000,0.000,165.0000,0.00,0.00,0.00,0.00,8250.00,0.00,False
572,288,02014,34.000,0.000,500.0000,0.00,0.00,0.00,0.00,17000.00,0.00,False
569,288,02154,34.000,0.000,500.0000,0.00,0.00,0.00,0.00,17000.00,0.00,False
568,288,02156,34.000,0.000,500.0000,0.00,0.00,0.00,0.00,17000.00,0.00,False
567,288,02158,34.000,0.000,500.0000,0.00,0.00,0.00,0.00,17000.00,0.00,False
570,288,02161,34.000,0.000,500.0000,0.00,0.00,0.00,0.00,17000.00,0.00,False
571,288,02162,34.000,0.000,500.0000,0.00,0.00,0.00,0.00,17000.00,0.00,False
577,289,02032,500.000,0.000,147.0000,0.00,0.00,0.00,0.00,73500.00,0.00,False
574,289,02040,100.000,0.000,35.0000,0.00,0.00,0.00,0.00,3500.00,0.00,False
573,289,02058,100.000,0.000,35.0000,0.00,0.00,0.00,0.00,3500.00,0.00,False
575,289,02164,100.000,0.000,30.0000,0.00,0.00,0.00,0.00,3000.00,0.00,False
578,289,02165,100.000,0.000,30.0000,0.00,0.00,0.00,0.00,3000.00,0.00,False
576,289,02166,100.000,0.000,30.0000,0.00,0.00,0.00,0.00,3000.00,0.00,False
579,290,02097,120.000,0.000,132.0000,0.00,0.00,0.00,0.00,15840.00,0.00,False
580,291,01033,180.000,0.000,60.0000,0.00,0.00,0.00,0.00,10800.00,0.00,False
581,291,01059,300.000,0.000,64.0000,0.00,0.00,0.00,0.00,19200.00,0.00,False
582,292,02061,180.000,0.000,270.0000,0.00,0.00,0.00,0.00,48600.00,0.00,False
583,292,02113,180.000,0.000,270.0000,0.00,0.00,0.00,0.00,48600.00,0.00,False
585,292,02155,17.000,0.000,500.0000,0.00,0.00,0.00,0.00,8500.00,0.00,False
584,292,02159,17.000,0.000,500.0000,0.00,0.00,0.00,0.00,8500.00,0.00,False
586,293,01015,1000.000,0.000,17.0000,0.00,0.00,0.00,0.00,17000.00,0.00,False
587,294,02042,100.000,0.000,35.0000,0.00,0.00,0.00,0.00,3500.00,0.00,False
588,295,01003,150.000,0.000,19.0000,0.00,0.00,0.00,0.00,2850.00,0.00,False
591,296,02174,315.000,0.000,100.0000,0.00,0.00,0.00,0.00,31500.00,0.00,False
592,296,02175,308.000,0.000,100.0000,0.00,0.00,0.00,0.00,30800.00,0.00,False
590,296,02176,2950.000,0.000,12.0000,0.00,0.00,0.00,0.00,35400.00,0.00,False
589,296,02177,2950.000,0.000,12.0000,0.00,0.00,0.00,0.00,35400.00,0.00,False
596,297,01012,5.000,0.000,4000.0000,0.00,0.00,0.00,0.00,20000.00,0.00,False
597,297,01017,15.000,0.000,3200.0000,0.00,0.00,0.00,0.00,48000.00,0.00,False
594,297,01021,30.000,0.000,380.0000,0.00,0.00,0.00,0.00,11400.00,0.00,False
593,297,01031,25.000,0.000,6000.0000,0.00,0.00,0.00,0.00,150000.00,0.00,False
595,297,01050,25.000,0.000,2600.0000,0.00,0.00,0.00,0.00,65000.00,0.00,False
602,297,01056,5.000,0.000,6500.0000,0.00,0.00,0.00,0.00,32500.00,0.00,False
601,297,01057,5.000,0.000,8000.0000,0.00,0.00,0.00,0.00,40000.00,0.00,False
599,297,01060,10.000,0.000,500.0000,0.00,0.00,0.00,0.00,5000.00,0.00,False
603,297,01072,5.000,0.000,8500.0000,0.00,0.00,0.00,0.00,42500.00,0.00,False
598,297,01073,2.000,0.000,680.0000,0.00,0.00,0.00,0.00,1360.00,0.00,False
600,297,01143,25.000,0.000,3200.0000,0.00,0.00,0.00,0.00,80000.00,0.00,False
604,298,02004,48.000,0.000,166.0000,0.00,0.00,0.00,0.00,7968.00,0.00,False
605,298,02006,30.000,0.000,160.0000,0.00,0.00,0.00,0.00,4800.00,0.00,False
606,299,02106,125.000,0.000,25.0000,0.00,0.00,0.00,0.00,3125.00,0.00,False
607,300,02014,85.000,0.000,500.0000,0.00,0.00,0.00,0.00,42500.00,0.00,False
608,300,02016,340.000,0.000,0.0001,0.00,0.00,0.00,0.00,0.03,0.00,False
611,300,02178,66.000,0.000,500.0000,0.00,0.00,0.00,0.00,33000.00,0.00,False
609,301,01058,2.500,0.000,1400.0000,0.00,0.00,0.00,0.00,3500.00,0.00,False
610,301,01184,30.000,0.000,350.0000,0.00,0.00,0.00,0.00,10500.00,0.00,False
614,302,02026,500.000,0.000,25.0000,0.00,0.00,0.00,0.00,12500.00,0.00,False
612,302,02032,520.000,0.000,147.0000,0.00,0.00,0.00,0.00,76440.00,0.00,False
615,302,02168,100.000,0.000,35.0000,0.00,0.00,0.00,0.00,3500.00,0.00,False
616,302,02169,100.000,0.000,35.0000,0.00,0.00,0.00,0.00,3500.00,0.00,False
617,302,02170,100.000,0.000,35.0000,0.00,0.00,0.00,0.00,3500.00,0.00,False
618,302,02171,1030.000,0.000,35.0000,0.00,0.00,0.00,0.00,36050.00,0.00,False
619,302,02172,1030.000,0.000,35.0000,0.00,0.00,0.00,0.00,36050.00,0.00,False
613,302,02173,300.000,0.000,140.0000,0.00,0.00,0.00,0.00,42000.00,0.00,False
620,303,01003,5000.000,0.000,19.0000,0.00,0.00,0.00,0.00,95000.00,0.00,False
621,303,01015,5000.000,0.000,17.0000,0.00,0.00,0.00,0.00,85000.00,0.00,False
622,304,01042,50.000,0.000,140.0000,0.00,0.00,0.00,0.00,7000.00,0.00,False
623,304,01043,440.000,0.000,11.3636,0.00,0.00,0.00,0.00,4999.98,0.00,False
624,305,01016,2500.000,0.000,10.0000,0.00,0.00,0.00,0.00,25000.00,0.00,False
628,306,01035,1.000,0.000,1250.0000,0.00,0.00,0.00,0.00,1250.00,0.00,False
627,306,01052,5.000,0.000,14500.0000,0.00,0.00,0.00,0.00,72500.00,0.00,False
625,306,01053,5.000,0.000,11000.0000,0.00,0.00,0.00,0.00,55000.00,0.00,False
626,306,01054,5.000,0.000,16000.0000,0.00,0.00,0.00,0.00,80000.00,0.00,False
629,307,01042,50.000,0.000,140.0000,0.00,0.00,0.00,0.00,7000.00,0.00,False
630,307,01043,440.000,0.000,11.3636,0.00,0.00,0.00,0.00,4999.98,0.00,False
631,308,02002,50.000,0.000,160.0000,0.00,0.00,0.00,0.00,8000.00,0.00,False
632,309,02015,96.000,0.000,250.0000,0.00,0.00,0.00,0.00,24000.00,0.00,False
633,310,02014,102.000,0.000,480.0000,0.00,0.00,0.00,0.00,48960.00,0.00,False
634,310,02156,17.000,0.000,530.0000,0.00,0.00,0.00,0.00,9010.00,0.00,False
635,310,02162,17.000,0.000,530.0000,0.00,0.00,0.00,0.00,9010.00,0.00,False
636,311,01016,2500.000,0.000,10.0000,0.00,0.00,0.00,0.00,25000.00,0.00,False
637,312,01043,400.000,0.000,11.2500,0.00,0.00,0.00,0.00,4500.00,0.00,False
641,313,02017,3950.000,0.000,12.0000,0.00,0.00,0.00,0.00,47400.00,0.00,False
640,313,02018,3950.000,0.000,12.0000,0.00,0.00,0.00,0.00,47400.00,0.00,False
639,313,02020,3950.000,0.000,12.0000,0.00,0.00,0.00,0.00,47400.00,0.00,False
638,313,02099,100.000,0.000,35.0000,0.00,0.00,0.00,0.00,3500.00,0.00,False
643,314,01042,500.000,0.000,116.0000,0.00,0.00,0.00,0.00,58000.00,0.00,False
642,314,01182,390.000,0.000,323.0769,0.00,0.00,0.00,0.00,125999.99,0.00,False
644,315,02155,51.000,0.000,530.0000,0.00,0.00,0.00,0.00,27030.00,0.00,False
645,315,02156,51.000,0.000,530.0000,0.00,0.00,0.00,0.00,27030.00,0.00,False
646,316,02006,106.000,0.000,165.0000,0.00,0.00,0.00,0.00,17490.00,0.00,False
647,317,01008,240.000,0.000,17.5000,0.00,0.00,0.00,0.00,4200.00,0.00,False
648,318,02004,107.000,0.000,185.0000,0.00,0.00,0.00,0.00,19795.00,0.00,False
649,319,01003,1750.000,0.000,19.0000,0.00,0.00,0.00,0.00,33250.00,0.00,False
650,320,01033,15.000,0.000,60.0000,0.00,0.00,0.00,0.00,900.00,0.00,False
651,321,02008,29.000,0.000,180.0000,0.00,0.00,0.00,0.00,5220.00,0.00,False
652,322,01188,2.000,0.000,4500.0000,0.00,0.00,0.00,0.00,9000.00,0.00,False
656,323,02155,51.000,0.000,530.0000,0.00,0.00,0.00,0.00,27030.00,0.00,False
654,323,02161,34.000,0.000,530.0000,0.00,0.00,0.00,0.00,18020.00,0.00,False
655,323,02162,34.000,0.000,530.0000,0.00,0.00,0.00,0.00,18020.00,0.00,False
653,323,02179,85.000,0.000,530.0000,0.00,0.00,0.00,0.00,45050.00,0.00,False
657,324,02012,1000.000,0.000,16.0000,0.00,0.00,0.00,0.00,16000.00,0.00,False
658,325,02014,238.000,0.000,480.0000,0.00,0.00,0.00,0.00,114240.00,0.00,False
660,326,01041,25.000,0.000,625.0000,0.00,0.00,0.00,0.00,15625.00,0.00,False
659,326,01046,5.000,0.000,15000.0000,0.00,0.00,0.00,0.00,75000.00,0.00,False
661,327,01184,30.000,0.000,350.0000,0.00,0.00,0.00,0.00,10500.00,0.00,False
662,328,02124,25.000,0.000,26.0000,0.00,0.00,0.00,0.00,650.00,0.00,False
663,328,02147,25.000,0.000,30.0000,0.00,0.00,0.00,0.00,750.00,0.00,False
666,329,01033,60.000,0.000,60.0000,0.00,0.00,0.00,0.00,3600.00,0.00,False
664,329,02010,2000.000,0.000,10.0000,0.00,0.00,0.00,0.00,20000.00,0.00,False
665,329,02043,120.000,0.000,105.0000,0.00,0.00,0.00,0.00,12600.00,0.00,False
667,330,02181,51.000,0.000,530.0000,0.00,0.00,0.00,0.00,27030.00,0.00,False
668,330,02182,102.000,0.000,530.0000,0.00,0.00,0.00,0.00,54060.00,0.00,False
670,331,01010,25.000,0.000,2500.0000,0.00,0.00,0.00,0.00,62500.00,0.00,False
669,331,01046,5.000,0.000,15000.0000,0.00,0.00,0.00,0.00,75000.00,0.00,False
671,332,02004,100.000,0.000,180.0000,0.00,0.00,0.00,0.00,18000.00,0.00,False
672,332,02118,15.000,0.000,135.0000,0.00,0.00,0.00,0.00,2025.00,0.00,False
673,333,01003,5000.000,0.000,19.0000,0.00,0.00,0.00,0.00,95000.00,0.00,False
674,333,01015,1250.000,0.000,17.0000,0.00,0.00,0.00,0.00,21250.00,0.00,False
675,334,01184,30.000,0.000,350.0000,0.00,0.00,0.00,0.00,10500.00,0.00,False
676,335,01008,280.000,0.000,20.0000,0.00,0.00,0.00,0.00,5600.00,0.00,False
678,335,01043,600.000,0.000,11.2500,0.00,0.00,0.00,0.00,6750.00,0.00,False
677,335,01059,390.000,0.000,62.8205,0.00,0.00,0.00,0.00,24500.00,0.00,False
681,336,02042,100.000,0.000,35.0000,0.00,0.00,0.00,0.00,3500.00,0.00,False
679,336,02099,400.000,0.000,40.0000,0.00,0.00,0.00,0.00,16000.00,0.00,False
680,336,02126,100.000,0.000,35.0000,0.00,0.00,0.00,0.00,3500.00,0.00,False
682,336,02180,130.000,0.000,35.0000,0.00,0.00,0.00,0.00,4550.00,0.00,False
683,337,01016,2500.000,0.000,10.0000,0.00,0.00,0.00,0.00,25000.00,0.00,False
684,338,01003,7500.000,0.000,19.0000,0.00,0.00,0.00,0.00,142500.00,0.00,False
686,339,02128,50.000,0.000,1450.0000,0.00,0.00,0.00,0.00,72500.00,0.00,False
685,339,02140,50.000,0.000,700.0000,0.00,0.00,0.00,0.00,35000.00,0.00,False
687,340,02051,1000.000,0.000,35.0000,0.00,0.00,0.00,0.00,35000.00,0.00,False
688,341,01018,150.000,0.000,276.0000,0.00,0.00,0.00,0.00,41400.00,0.00,False
692,341,01043,80.000,0.000,11.2500,0.00,0.00,0.00,0.00,900.00,0.00,False
691,341,01055,25.000,0.000,1150.0000,0.00,0.00,0.00,0.00,28750.00,0.00,False
689,341,01073,25.000,0.000,360.0000,0.00,0.00,0.00,0.00,9000.00,0.00,False
690,341,01105,25.000,0.000,300.0000,0.00,0.00,0.00,0.00,7500.00,0.00,False
694,342,02150,50.000,0.000,45.0000,0.00,0.00,0.00,0.00,2250.00,0.00,False
693,342,02183,15.000,0.000,100.0000,0.00,0.00,0.00,0.00,1500.00,0.00,False
695,343,01016,2500.000,0.000,12.8000,0.00,0.00,0.00,0.00,32000.00,0.00,False
697,344,01035,1.000,0.000,1200.0000,0.00,0.00,0.00,0.00,1200.00,0.00,False
696,344,02010,2000.000,0.000,8.0000,0.00,0.00,0.00,0.00,16000.00,0.00,False
698,345,02007,100.000,0.000,180.0000,0.00,0.00,0.00,0.00,18000.00,0.00,False
699,346,02173,700.000,0.000,140.0000,0.00,0.00,0.00,0.00,98000.00,0.00,False
702,347,01034,25.000,0.000,480.0000,0.00,0.00,0.00,0.00,12000.00,0.00,False
704,347,01041,25.000,0.000,625.0000,0.00,0.00,0.00,0.00,15625.00,0.00,False
700,347,01050,25.000,0.000,2600.0000,0.00,0.00,0.00,0.00,65000.00,0.00,False
706,347,01052,5.000,0.000,14500.0000,0.00,0.00,0.00,0.00,72500.00,0.00,False
707,347,01053,5.000,0.000,11000.0000,0.00,0.00,0.00,0.00,55000.00,0.00,False
708,347,01054,5.000,0.000,16000.0000,0.00,0.00,0.00,0.00,80000.00,0.00,False
703,347,01058,25.000,0.000,3700.0000,0.00,0.00,0.00,0.00,92500.00,0.00,False
701,347,01060,10.000,0.000,500.0000,0.00,0.00,0.00,0.00,5000.00,0.00,False
705,347,01080,3.000,0.000,4500.0000,0.00,0.00,0.00,0.00,13500.00,0.00,False
709,347,01143,25.000,0.000,3200.0000,0.00,0.00,0.00,0.00,80000.00,0.00,False
711,348,01008,240.000,0.000,17.5000,0.00,0.00,0.00,0.00,4200.00,0.00,False
712,348,01043,400.000,0.000,12.5000,0.00,0.00,0.00,0.00,5000.00,0.00,False
710,348,01182,500.000,0.000,315.0000,0.00,0.00,0.00,0.00,157500.00,0.00,False
713,349,02002,86.000,0.000,160.0000,0.00,0.00,0.00,0.00,13760.00,0.00,False
714,350,02015,1000.000,0.000,250.0000,0.00,0.00,0.00,0.00,250000.00,0.00,False
715,351,02114,1100.000,0.000,26.0000,0.00,0.00,0.00,0.00,28600.00,0.00,False
716,352,01016,2500.000,0.000,10.0000,0.00,0.00,0.00,0.00,25000.00,0.00,False
717,353,01003,500.000,0.000,19.0000,0.00,0.00,0.00,0.00,9500.00,0.00,False
718,354,01042,50.000,0.000,140.0000,0.00,0.00,0.00,0.00,7000.00,0.00,False
719,355,02004,103.000,0.000,180.0000,0.00,0.00,0.00,0.00,18540.00,0.00,False
720,355,02059,104.000,0.000,160.0000,0.00,0.00,0.00,0.00,16640.00,0.00,False
721,356,02159,34.000,0.000,530.0000,0.00,0.00,0.00,0.00,18020.00,0.00,False
722,356,02184,120.000,0.000,270.0000,0.00,0.00,0.00,0.00,32400.00,0.00,False
724,356,02185,240.000,0.000,270.0000,0.00,0.00,0.00,0.00,64800.00,0.00,False
723,356,02186,120.000,0.000,270.0000,0.00,0.00,0.00,0.00,32400.00,0.00,False
843,356,02202,51.000,0.000,530.0000,0.00,0.00,0.00,0.00,27030.00,0.00,False
725,357,01184,30.000,0.000,350.0000,0.00,0.00,0.00,0.00,10500.00,0.00,False
728,358,02014,17.000,0.000,480.0000,0.00,0.00,0.00,0.00,8160.00,0.00,False
727,358,02187,120.000,0.000,270.0000,0.00,0.00,0.00,0.00,32400.00,0.00,False
726,358,02188,51.000,0.000,530.0000,0.00,0.00,0.00,0.00,27030.00,0.00,False
729,359,01003,4000.000,0.000,19.0000,0.00,0.00,0.00,0.00,76000.00,0.00,False
730,359,01015,6000.000,0.000,17.0000,0.00,0.00,0.00,0.00,102000.00,0.00,False
732,360,01020,356.000,0.000,308.9887,0.00,0.00,0.00,0.00,109999.98,0.00,False
731,360,01186,1000.000,0.000,45.0000,0.00,0.00,0.00,0.00,45000.00,0.00,False
733,361,02032,1030.000,0.000,147.0000,0.00,0.00,0.00,0.00,151410.00,0.00,False
734,361,02034,1015.000,0.000,70.0000,0.00,0.00,0.00,0.00,71050.00,0.00,False
735,362,02140,50.000,0.000,700.0000,0.00,0.00,0.00,0.00,35000.00,0.00,False
736,363,01043,1000.000,0.000,12.5000,0.00,0.00,0.00,0.00,12500.00,0.00,False
740,364,01010,25.000,0.000,2500.0000,0.00,0.00,0.00,0.00,62500.00,0.00,False
739,364,01055,25.000,0.000,1300.0000,0.00,0.00,0.00,0.00,32500.00,0.00,False
738,364,01115,25.000,0.000,1200.0000,0.00,0.00,0.00,0.00,30000.00,0.00,False
737,364,01189,35.000,0.000,380.0000,0.00,0.00,0.00,0.00,13300.00,0.00,False
741,365,02189,1030.000,0.000,30.0000,0.00,0.00,0.00,0.00,30900.00,0.00,False
742,365,02190,1015.000,0.000,30.0000,0.00,0.00,0.00,0.00,30450.00,0.00,False
743,365,02191,2130.000,0.000,17.0000,0.00,0.00,0.00,0.00,36210.00,0.00,False
744,365,02192,2060.000,0.000,17.0000,0.00,0.00,0.00,0.00,35020.00,0.00,False
745,366,01059,150.000,0.000,63.3333,0.00,0.00,0.00,0.00,9500.00,0.00,False
746,366,02097,240.000,0.000,115.0000,0.00,0.00,0.00,0.00,27600.00,0.00,False
747,367,02193,50.000,0.000,30.0000,0.00,0.00,0.00,0.00,1500.00,0.00,False
748,367,02194,240.000,0.000,30.0000,0.00,0.00,0.00,0.00,7200.00,0.00,False
749,368,02010,2000.000,0.000,8.0000,0.00,0.00,0.00,0.00,16000.00,0.00,False
750,369,02125,1000.000,0.000,30.0000,0.00,0.00,0.00,0.00,30000.00,0.00,False
751,369,02127,1020.000,0.000,30.0000,0.00,0.00,0.00,0.00,30600.00,0.00,False
752,370,02195,120.000,0.000,270.0000,0.00,0.00,0.00,0.00,32400.00,0.00,False
753,370,02196,120.000,0.000,270.0000,0.00,0.00,0.00,0.00,32400.00,0.00,False
754,371,01033,90.000,0.000,60.0000,0.00,0.00,0.00,0.00,5400.00,0.00,False
757,371,01042,50.000,0.000,140.0000,0.00,0.00,0.00,0.00,7000.00,0.00,False
755,371,01043,320.000,0.000,12.5000,0.00,0.00,0.00,0.00,4000.00,0.00,False
756,371,01059,300.000,0.000,56.6666,0.00,0.00,0.00,0.00,16999.98,0.00,False
758,372,01003,5000.000,0.000,19.0000,0.00,0.00,0.00,0.00,95000.00,0.00,False
759,372,01015,5500.000,0.000,17.0000,0.00,0.00,0.00,0.00,93500.00,0.00,False
760,373,02004,48.000,0.000,195.0000,0.00,0.00,0.00,0.00,9360.00,0.00,False
764,374,01004,25.000,0.000,370.0000,0.00,0.00,0.00,0.00,9250.00,0.00,False
768,374,01021,30.000,0.000,380.0000,0.00,0.00,0.00,0.00,11400.00,0.00,False
766,374,01031,25.000,0.000,7000.0000,0.00,0.00,0.00,0.00,175000.00,0.00,False
761,374,01034,25.000,0.000,480.0000,0.00,0.00,0.00,0.00,12000.00,0.00,False
769,374,01035,3.000,0.000,1200.0000,0.00,0.00,0.00,0.00,3600.00,0.00,False
767,374,01038,35.000,0.000,645.0000,0.00,0.00,0.00,0.00,22575.00,0.00,False
762,374,01060,25.000,0.000,500.0000,0.00,0.00,0.00,0.00,12500.00,0.00,False
765,374,01115,25.000,0.000,1200.0000,0.00,0.00,0.00,0.00,30000.00,0.00,False
763,374,01117,20.000,0.000,480.0000,0.00,0.00,0.00,0.00,9600.00,0.00,False
770,375,02010,16000.000,0.000,7.0000,0.00,0.00,0.00,0.00,112000.00,0.00,False
772,376,01008,260.000,0.000,20.0000,0.00,0.00,0.00,0.00,5200.00,0.00,False
773,376,01033,30.000,0.000,60.0000,0.00,0.00,0.00,0.00,1800.00,0.00,False
771,376,01042,150.000,0.000,140.0000,0.00,0.00,0.00,0.00,21000.00,0.00,False
774,377,01008,60.000,0.000,20.0000,0.00,0.00,0.00,0.00,1200.00,0.00,False
775,378,02006,174.000,0.000,176.0000,0.00,0.00,0.00,0.00,30624.00,0.00,False
779,379,02017,4900.000,0.000,12.0000,0.00,0.00,0.00,0.00,58800.00,0.00,False
776,379,02018,4900.000,0.000,12.0000,0.00,0.00,0.00,0.00,58800.00,0.00,False
777,379,02019,4900.000,0.000,11.5000,0.00,0.00,0.00,0.00,56350.00,0.00,False
778,379,02020,4900.000,0.000,12.0000,0.00,0.00,0.00,0.00,58800.00,0.00,False
780,380,02015,1200.000,0.000,250.0000,0.00,0.00,0.00,0.00,300000.00,0.00,False
781,381,02114,1200.000,0.000,25.0000,0.00,0.00,0.00,0.00,30000.00,0.00,False
782,381,02146,50.000,0.000,30.0000,0.00,0.00,0.00,0.00,1500.00,0.00,False
783,382,01070,1.800,0.000,3300.0000,0.00,0.00,0.00,0.00,5940.00,0.00,False
785,383,02002,123.000,0.000,150.0000,0.00,0.00,0.00,0.00,18450.00,0.00,False
784,383,02004,114.000,0.000,190.0000,0.00,0.00,0.00,0.00,21660.00,0.00,False
787,384,02014,119.000,0.000,480.0000,0.00,0.00,0.00,0.00,57120.00,0.00,False
788,385,01020,356.000,0.000,310.0000,0.00,0.00,0.00,0.00,110360.00,0.00,False
789,385,01184,30.000,0.000,350.0000,0.00,0.00,0.00,0.00,10500.00,0.00,False
790,386,02004,80.000,0.000,165.0000,0.00,0.00,0.00,0.00,13200.00,0.00,False
791,387,01003,1000.000,0.000,19.0000,0.00,0.00,0.00,0.00,19000.00,0.00,False
792,388,01035,5.000,0.000,1200.0000,0.00,0.00,0.00,0.00,6000.00,0.00,False
793,389,02040,50.000,0.000,35.0000,0.00,0.00,0.00,0.00,1750.00,0.00,False
794,390,02097,240.000,0.000,130.0000,0.00,0.00,0.00,0.00,31200.00,0.00,False
795,391,01013,25.000,0.000,160.0000,0.00,0.00,0.00,0.00,4000.00,0.00,False
798,391,01041,25.000,0.000,625.0000,0.00,0.00,0.00,0.00,15625.00,0.00,False
797,391,01046,5.000,0.000,15000.0000,0.00,0.00,0.00,0.00,75000.00,0.00,False
796,391,01058,25.000,0.000,3200.0000,0.00,0.00,0.00,0.00,80000.00,0.00,False
799,392,01003,500.000,0.000,19.0000,0.00,0.00,0.00,0.00,9500.00,0.00,False
800,393,01043,400.000,0.000,12.5000,0.00,0.00,0.00,0.00,5000.00,0.00,False
801,394,02014,104.000,0.000,480.0000,0.00,0.00,0.00,0.00,49920.00,0.00,False
802,395,01003,3250.000,0.000,19.0000,0.00,0.00,0.00,0.00,61750.00,0.00,False
803,396,01016,2500.000,0.000,10.0000,0.00,0.00,0.00,0.00,25000.00,0.00,False
804,397,02009,4000.000,0.000,12.5000,0.00,0.00,0.00,0.00,50000.00,0.00,False
805,397,02098,300.000,0.000,25.0000,0.00,0.00,0.00,0.00,7500.00,0.00,False
807,398,02002,22.000,0.000,150.0000,0.00,0.00,0.00,0.00,3300.00,0.00,False
806,398,02007,50.000,0.000,158.0000,0.00,0.00,0.00,0.00,7900.00,0.00,False
808,399,01184,30.000,0.000,350.0000,0.00,0.00,0.00,0.00,10500.00,0.00,False
809,400,02014,68.000,0.000,480.0000,0.00,0.00,0.00,0.00,32640.00,0.00,False
810,401,02015,250.000,0.000,250.0000,0.00,0.00,0.00,0.00,62500.00,0.00,False
811,401,02128,10.000,0.000,1100.0000,0.00,0.00,0.00,0.00,11000.00,0.00,False
813,402,01003,500.000,0.000,19.0000,0.00,0.00,0.00,0.00,9500.00,0.00,False
812,402,01015,2500.000,0.000,17.0000,0.00,0.00,0.00,0.00,42500.00,0.00,False
814,403,01008,200.000,0.000,20.0000,0.00,0.00,0.00,0.00,4000.00,0.00,False
815,403,01042,100.000,0.000,140.0000,0.00,0.00,0.00,0.00,14000.00,0.00,False
816,404,01008,400.000,0.000,20.0000,0.00,0.00,0.00,0.00,8000.00,0.00,False
817,404,01042,100.000,0.000,140.0000,0.00,0.00,0.00,0.00,14000.00,0.00,False
819,405,01033,30.000,0.000,60.0000,0.00,0.00,0.00,0.00,1800.00,0.00,False
818,405,01042,100.000,0.000,132.0000,0.00,0.00,0.00,0.00,13200.00,0.00,False
820,406,01020,356.000,0.000,310.0000,0.00,0.00,0.00,0.00,110360.00,0.00,False
822,407,01001,10.000,0.000,1800.0000,0.00,0.00,0.00,0.00,18000.00,0.00,False
826,407,01021,60.000,0.000,380.0000,0.00,0.00,0.00,0.00,22800.00,0.00,False
825,407,01024,3.000,0.000,4500.0000,0.00,0.00,0.00,0.00,13500.00,0.00,False
824,407,01026,3.000,0.000,6750.0000,0.00,0.00,0.00,0.00,20250.00,0.00,False
821,407,01029,3.000,0.000,8500.0000,0.00,0.00,0.00,0.00,25500.00,0.00,False
829,407,01031,5.000,0.000,7000.0000,0.00,0.00,0.00,0.00,35000.00,0.00,False
828,407,01034,25.000,0.000,480.0000,0.00,0.00,0.00,0.00,12000.00,0.00,False
827,407,01038,70.000,0.000,645.0000,0.00,0.00,0.00,0.00,45150.00,0.00,False
823,407,01041,25.000,0.000,625.0000,0.00,0.00,0.00,0.00,15625.00,0.00,False
842,407,01045,215.000,0.000,340.0000,0.00,0.00,0.00,0.00,73100.00,0.00,False
835,407,01047,150.000,0.000,90.0000,0.00,0.00,0.00,0.00,13500.00,0.00,False
830,407,01053,5.000,0.000,11000.0000,0.00,0.00,0.00,0.00,55000.00,0.00,False
831,407,01054,5.000,0.000,16000.0000,0.00,0.00,0.00,0.00,80000.00,0.00,False
833,407,01056,5.000,0.000,6500.0000,0.00,0.00,0.00,0.00,32500.00,0.00,False
834,407,01058,25.000,0.000,3700.0000,0.00,0.00,0.00,0.00,92500.00,0.00,False
832,407,01143,25.000,0.000,3200.0000,0.00,0.00,0.00,0.00,80000.00,0.00,False
836,408,02128,50.000,0.000,1250.0000,0.00,0.00,0.00,0.00,62500.00,0.00,False
837,408,02140,20.000,0.000,825.0000,0.00,0.00,0.00,0.00,16500.00,0.00,False
838,409,02146,80.000,0.000,30.0000,0.00,0.00,0.00,0.00,2400.00,0.00,False
839,410,02029,300.000,0.000,22.0000,0.00,0.00,0.00,0.00,6600.00,0.00,False
840,410,02200,40.000,0.000,20.0000,0.00,0.00,0.00,0.00,800.00,0.00,False
841,410,02201,10.000,0.000,20.0000,0.00,0.00,0.00,0.00,200.00,0.00,False
844,411,02035,300.000,0.000,30.0000,0.00,0.00,0.00,0.00,9000.00,0.00,False
845,412,01184,30.000,0.000,350.0000,0.00,0.00,0.00,0.00,10500.00,0.00,False
846,413,02182,34.000,0.000,530.0000,0.00,0.00,0.00,0.00,18020.00,0.00,False
847,414,01003,1000.000,0.000,19.0000,0.00,0.00,0.00,0.00,19000.00,0.00,False
848,415,02014,85.000,0.000,480.0000,0.00,0.00,0.00,0.00,40800.00,0.00,False
851,416,02122,12.000,0.000,25.0000,0.00,0.00,0.00,0.00,300.00,0.00,False
849,416,02166,40.000,0.000,15.0000,0.00,0.00,0.00,0.00,600.00,0.00,False
850,416,02167,60.000,0.000,15.0000,0.00,0.00,0.00,0.00,900.00,0.00,False
852,416,02203,300.000,0.000,5.0000,0.00,0.00,0.00,0.00,1500.00,0.00,False
853,417,01043,400.000,0.000,12.5000,0.00,0.00,0.00,0.00,5000.00,0.00,False
854,418,01042,50.000,0.000,140.0000,0.00,0.00,0.00,0.00,7000.00,0.00,False
855,418,01059,102.000,0.000,50.0000,0.00,0.00,0.00,0.00,5100.00,0.00,False
856,419,02004,39.000,0.000,165.0000,0.00,0.00,0.00,0.00,6435.00,0.00,False
857,419,02006,20.000,0.000,152.0000,0.00,0.00,0.00,0.00,3040.00,0.00,False
858,420,01184,5.000,0.000,350.0000,0.00,0.00,0.00,0.00,1750.00,0.00,False
860,420,02010,1300.000,0.000,8.0000,0.00,0.00,0.00,0.00,10400.00,0.00,False
861,421,02177,1500.000,0.000,12.0000,0.00,0.00,0.00,0.00,18000.00,0.00,False
866,422,01002,25.000,0.000,120.0000,0.00,0.00,0.00,0.00,3000.00,0.00,False
863,422,01033,90.000,0.000,60.0000,0.00,0.00,0.00,0.00,5400.00,0.00,False
867,422,01047,100.000,0.000,82.0000,0.00,0.00,0.00,0.00,8200.00,0.00,False
862,422,01059,450.000,0.000,45.0000,0.00,0.00,0.00,0.00,20250.00,0.00,False
868,423,02083,55.000,0.000,20.0000,0.00,0.00,0.00,0.00,1100.00,0.00,False
870,423,02160,6.000,0.000,40.0000,0.00,0.00,0.00,0.00,240.00,0.00,False
869,423,02206,6.000,0.000,20.0000,0.00,0.00,0.00,0.00,120.00,0.00,False
871,424,01003,1250.000,0.000,19.0000,0.00,0.00,0.00,0.00,23750.00,0.00,False
872,424,01015,1250.000,0.000,17.0000,0.00,0.00,0.00,0.00,21250.00,0.00,False
873,425,01008,300.000,0.000,18.7500,0.00,0.00,0.00,0.00,5625.00,0.00,False
874,425,01042,150.000,0.000,140.0000,0.00,0.00,0.00,0.00,21000.00,0.00,False
877,426,02014,340.000,0.000,480.0000,0.00,0.00,0.00,0.00,163200.00,0.00,False
878,426,02205,120.000,0.000,270.0000,0.00,0.00,0.00,0.00,32400.00,0.00,False
879,427,01042,500.000,0.000,122.0000,0.00,0.00,0.00,0.00,61000.00,0.00,False
880,427,02010,1500.000,0.000,8.0000,0.00,0.00,0.00,0.00,12000.00,0.00,False
881,428,02004,58.000,0.000,166.0000,0.00,0.00,0.00,0.00,9628.00,0.00,False
882,428,02006,20.000,0.000,155.0000,0.00,0.00,0.00,0.00,3100.00,0.00,False
883,429,01016,2500.000,0.000,12.8000,0.00,0.00,0.00,0.00,32000.00,0.00,False
884,430,01003,1500.000,0.000,19.0000,0.00,0.00,0.00,0.00,28500.00,0.00,False
885,430,01015,1500.000,0.000,17.0000,0.00,0.00,0.00,0.00,25500.00,0.00,False
887,431,02099,400.000,0.000,35.0000,0.00,0.00,0.00,0.00,14000.00,0.00,False
888,431,02106,100.000,0.000,20.0000,0.00,0.00,0.00,0.00,2000.00,0.00,False
886,431,02163,150.000,0.000,20.0000,0.00,0.00,0.00,0.00,3000.00,0.00,False
889,432,02170,100.000,0.000,35.0000,0.00,0.00,0.00,0.00,3500.00,0.00,False
890,433,01182,485.000,0.000,333.0000,0.00,0.00,0.00,0.00,161505.00,0.00,False
891,434,01043,800.000,0.000,12.5000,0.00,0.00,0.00,0.00,10000.00,0.00,False
892,434,01190,10000.000,0.000,30.0000,0.00,0.00,0.00,0.00,300000.00,0.00,False
893,435,01008,920.000,0.000,20.6521,0.00,0.00,0.00,0.00,18999.93,0.00,False
894,436,01016,2500.000,0.000,12.8000,0.00,0.00,0.00,0.00,32000.00,0.00,False
895,437,01015,650.000,0.000,17.0000,0.00,0.00,0.00,0.00,11050.00,0.00,False
896,438,01015,1000.000,0.000,17.0000,0.00,0.00,0.00,0.00,17000.00,0.00,False
897,439,02207,10.000,0.000,30.0000,0.00,0.00,0.00,0.00,300.00,0.00,False
899,440,01043,80.000,0.000,12.5000,0.00,0.00,0.00,0.00,1000.00,0.00,False
898,440,01184,30.000,0.000,350.0000,0.00,0.00,0.00,0.00,10500.00,0.00,False
900,441,01016,2500.000,0.000,10.0000,0.00,0.00,0.00,0.00,25000.00,0.00,False
901,442,02208,507.000,0.000,50.0000,0.00,0.00,0.00,0.00,25350.00,0.00,False
902,443,01043,400.000,0.000,12.5000,0.00,0.00,0.00,0.00,5000.00,0.00,False
904,444,02209,100.000,0.000,30.0000,0.00,0.00,0.00,0.00,3000.00,0.00,False
905,445,01020,1064.000,0.000,310.0000,0.00,0.00,0.00,0.00,329840.00,0.00,False
906,446,01033,490.000,0.000,51.4285,0.00,0.00,0.00,0.00,25199.97,0.00,False
908,446,01042,100.000,0.000,148.0000,0.00,0.00,0.00,0.00,14800.00,0.00,False
907,446,01059,990.000,0.000,45.4545,0.00,0.00,0.00,0.00,44999.96,0.00,False
910,447,02054,100.000,0.000,120.0000,0.00,0.00,0.00,0.00,12000.00,0.00,False
909,447,02060,100.000,0.000,90.0000,0.00,0.00,0.00,0.00,9000.00,0.00,False
911,448,02014,306.000,0.000,480.0000,0.00,0.00,0.00,0.00,146880.00,0.00,False
912,449,01016,10050.000,0.000,10.0000,0.00,0.00,0.00,0.00,100500.00,0.00,False
913,450,01015,2500.000,0.000,17.0000,0.00,0.00,0.00,0.00,42500.00,0.00,False
916,451,02098,500.000,0.000,25.0000,0.00,0.00,0.00,0.00,12500.00,0.00,False
917,452,01184,30.000,0.000,333.3333,0.00,0.00,0.00,0.00,10000.00,0.00,False
918,453,02127,1000.000,0.000,30.0000,0.00,0.00,0.00,0.00,30000.00,0.00,False
920,455,02004,52.000,0.000,185.0000,0.00,0.00,0.00,0.00,9620.00,0.00,False
923,456,02097,150.000,0.000,126.0000,0.00,0.00,0.00,0.00,18900.00,0.00,False
925,457,02002,25.000,0.000,160.0000,0.00,0.00,0.00,0.00,4000.00,0.00,False
924,457,02004,50.000,0.000,195.0000,0.00,0.00,0.00,0.00,9750.00,0.00,False
926,458,01003,5000.000,0.000,19.0000,0.00,0.00,0.00,0.00,95000.00,0.00,False
927,459,01010,25.000,0.000,2500.0000,0.00,0.00,0.00,0.00,62500.00,0.00,False
928,459,01013,25.000,0.000,120.0000,0.00,0.00,0.00,0.00,3000.00,0.00,False
930,460,02040,32.000,0.000,40.0000,0.00,0.00,0.00,0.00,1280.00,0.00,False
931,460,02164,150.000,0.000,15.0000,0.00,0.00,0.00,0.00,2250.00,0.00,False
929,460,02203,550.000,0.000,8.0000,0.00,0.00,0.00,0.00,4400.00,0.00,False
932,460,02210,50.000,0.000,25.0000,0.00,0.00,0.00,0.00,1250.00,0.00,False
933,460,02211,50.000,0.000,25.0000,0.00,0.00,0.00,0.00,1250.00,0.00,False
934,461,01003,850.000,0.000,19.0000,0.00,0.00,0.00,0.00,16150.00,0.00,False
935,462,02014,68.000,0.000,480.0000,0.00,0.00,0.00,0.00,32640.00,0.00,False
936,462,02197,51.000,0.000,530.0000,0.00,0.00,0.00,0.00,27030.00,0.00,False
937,463,02004,120.000,0.000,195.0000,0.00,0.00,0.00,0.00,23400.00,0.00,False
938,464,02004,65.000,0.000,186.0000,0.00,0.00,0.00,0.00,12090.00,0.00,False
939,465,01028,30.000,0.000,1500.0000,0.00,0.00,0.00,0.00,45000.00,0.00,False
940,465,01050,25.000,0.000,2600.0000,0.00,0.00,0.00,0.00,65000.00,0.00,False
942,465,01092,5.000,0.000,400.0000,0.00,0.00,0.00,0.00,2000.00,0.00,False
941,465,01105,25.000,0.000,480.0000,0.00,0.00,0.00,0.00,12000.00,0.00,False
943,466,01184,60.000,0.000,370.0000,0.00,0.00,0.00,0.00,22200.00,0.00,False
946,467,02026,400.000,0.000,20.0000,0.00,0.00,0.00,0.00,8000.00,0.00,False
944,467,02122,24.000,0.000,20.0000,0.00,0.00,0.00,0.00,480.00,0.00,False
945,467,02143,48.000,0.000,20.0000,0.00,0.00,0.00,0.00,960.00,0.00,False
947,468,01043,800.000,0.000,12.5000,0.00,0.00,0.00,0.00,10000.00,0.00,False
948,468,02097,60.000,0.000,125.0000,0.00,0.00,0.00,0.00,7500.00,0.00,False
949,469,02125,2015.000,0.000,30.0000,0.00,0.00,0.00,0.00,60450.00,0.00,False
950,470,02212,69.000,0.000,45.0000,0.00,0.00,0.00,0.00,3105.00,0.00,False
952,471,02126,115.000,0.000,40.0000,0.00,0.00,0.00,0.00,4600.00,0.00,False
951,471,02213,50.000,0.000,140.0000,0.00,0.00,0.00,0.00,7000.00,0.00,False
954,472,02032,1000.000,0.000,140.0000,0.00,0.00,0.00,0.00,140000.00,0.00,False
955,472,02033,1000.000,0.000,140.0000,0.00,0.00,0.00,0.00,140000.00,0.00,False
953,472,02213,940.000,0.000,140.0000,0.00,0.00,0.00,0.00,131600.00,0.00,False
956,473,02004,300.000,0.000,195.0000,0.00,0.00,0.00,0.00,58500.00,0.00,False
957,474,01042,50.000,0.000,140.0000,0.00,0.00,0.00,0.00,7000.00,0.00,False
958,475,02014,102.000,0.000,480.0000,0.00,0.00,0.00,0.00,48960.00,0.00,False
959,476,02004,116.000,0.000,186.0000,0.00,0.00,0.00,0.00,21576.00,0.00,False
960,477,02014,136.000,0.000,480.0000,0.00,0.00,0.00,0.00,65280.00,0.00,False
967,478,01043,600.000,0.000,12.5000,0.00,0.00,0.00,0.00,7500.00,0.00,False
961,478,01184,30.000,0.000,367.0000,0.00,0.00,0.00,0.00,11010.00,0.00,False
964,479,01035,2.000,0.000,1200.0000,0.00,0.00,0.00,0.00,2400.00,0.00,False
963,479,01041,25.000,0.000,650.0000,0.00,0.00,0.00,0.00,16250.00,0.00,False
962,479,01092,5.000,0.000,11000.0000,0.00,0.00,0.00,0.00,55000.00,0.00,False
966,480,02026,550.000,0.000,25.0000,0.00,0.00,0.00,0.00,13750.00,0.00,False
965,480,02169,115.000,0.000,40.0000,0.00,0.00,0.00,0.00,4600.00,0.00,False
968,481,01015,10000.000,0.000,17.0000,0.00,0.00,0.00,0.00,170000.00,0.00,False
969,482,01042,50.000,0.000,140.0000,0.00,0.00,0.00,0.00,7000.00,0.00,False
970,483,01003,10000.000,0.000,19.0000,0.00,0.00,0.00,0.00,190000.00,0.00,False
971,484,02004,116.000,0.000,186.0000,0.00,0.00,0.00,0.00,21576.00,0.00,False
972,485,02214,30.000,0.000,150.0000,0.00,0.00,0.00,0.00,4500.00,0.00,False
973,486,02014,187.000,0.000,480.0000,0.00,0.00,0.00,0.00,89760.00,0.00,False
974,487,01042,50.000,0.000,7000.0000,0.00,0.00,0.00,0.00,350000.00,0.00,False
975,488,02210,15.000,0.000,15.0000,0.00,0.00,0.00,0.00,225.00,0.00,False
976,489,01016,2500.000,0.000,10.0000,0.00,0.00,0.00,0.00,25000.00,0.00,False
977,490,01043,800.000,0.000,12.5000,0.00,0.00,0.00,0.00,10000.00,0.00,False
978,491,01042,50.000,0.000,140.0000,0.00,0.00,0.00,0.00,7000.00,0.00,False
979,492,01060,25.000,0.000,500.0000,0.00,0.00,0.00,0.00,12500.00,0.00,False
980,492,01061,25.000,0.000,600.0000,0.00,0.00,0.00,0.00,15000.00,0.00,False
981,492,01104,15.000,0.000,1200.0000,0.00,0.00,0.00,0.00,18000.00,0.00,False
982,492,01176,1.000,0.000,7000.0000,0.00,0.00,0.00,0.00,7000.00,0.00,False
983,493,02014,357.000,0.000,480.0000,0.00,0.00,0.00,0.00,171360.00,0.00,False
984,494,01038,70.000,0.000,600.0000,0.00,0.00,0.00,0.00,42000.00,0.00,False
985,495,02163,50.000,0.000,30.0000,0.00,0.00,0.00,0.00,1500.00,0.00,False
988,496,01023,3.000,0.000,4500.0000,0.00,0.00,0.00,0.00,13500.00,0.00,False
990,496,01024,2.000,0.000,4800.0000,0.00,0.00,0.00,0.00,9600.00,0.00,False
989,496,01025,3.000,0.000,4500.0000,0.00,0.00,0.00,0.00,13500.00,0.00,False
991,496,01026,2.000,0.000,6800.0000,0.00,0.00,0.00,0.00,13600.00,0.00,False
987,496,01029,5.000,0.000,11000.0000,0.00,0.00,0.00,0.00,55000.00,0.00,False
992,496,01031,25.000,0.000,6800.0000,0.00,0.00,0.00,0.00,170000.00,0.00,False
986,496,01041,25.000,0.000,650.0000,0.00,0.00,0.00,0.00,16250.00,0.00,False
993,496,01058,25.000,0.000,3200.0000,0.00,0.00,0.00,0.00,80000.00,0.00,False
999,497,02067,132.000,0.000,30.0000,0.00,0.00,0.00,0.00,3960.00,0.00,False
997,497,02211,40.000,0.000,40.0000,0.00,0.00,0.00,0.00,1600.00,0.00,False
994,497,02215,64.000,0.000,40.0000,0.00,0.00,0.00,0.00,2560.00,0.00,False
995,497,02216,40.000,0.000,40.0000,0.00,0.00,0.00,0.00,1600.00,0.00,False
996,497,02217,40.000,0.000,40.0000,0.00,0.00,0.00,0.00,1600.00,0.00,False
998,497,02218,60.000,0.000,150.0000,0.00,0.00,0.00,0.00,9000.00,0.00,False
1000,498,02097,120.000,0.000,120.0000,0.00,0.00,0.00,0.00,14400.00,0.00,False
1001,499,02002,15.000,0.000,150.0000,0.00,0.00,0.00,0.00,2250.00,0.00,False
1005,500,02067,27.000,0.000,50.0000,0.00,0.00,0.00,0.00,1350.00,0.00,False
1002,500,02219,22.000,0.000,150.0000,0.00,0.00,0.00,0.00,3300.00,0.00,False
1007,500,02220,29.000,0.000,40.0000,0.00,0.00,0.00,0.00,1160.00,0.00,False
1006,500,02221,11.000,0.000,40.0000,0.00,0.00,0.00,0.00,440.00,0.00,False
1003,501,01184,30.000,0.000,366.6666,0.00,0.00,0.00,0.00,11000.00,0.00,False
1004,501,02097,24.000,0.000,120.0000,0.00,0.00,0.00,0.00,2880.00,0.00,False
1009,502,02017,5000.000,0.000,11.5000,0.00,0.00,0.00,0.00,57500.00,0.00,False
1008,502,02018,5000.000,0.000,11.5000,0.00,0.00,0.00,0.00,57500.00,0.00,False
1010,502,02020,5000.000,0.000,11.5000,0.00,0.00,0.00,0.00,57500.00,0.00,False
1013,502,02088,1600.000,0.000,14.0000,0.00,0.00,0.00,0.00,22400.00,0.00,False
1012,502,02176,1575.000,0.000,12.5000,0.00,0.00,0.00,0.00,19687.50,0.00,False
1011,502,02177,1575.000,0.000,12.5000,0.00,0.00,0.00,0.00,19687.50,0.00,False
1033,502,02224,4950.000,0.000,11.5000,0.00,0.00,0.00,0.00,56925.00,0.00,False
1014,503,01003,3000.000,0.000,19.0000,0.00,0.00,0.00,0.00,57000.00,0.00,False
1015,504,01003,1250.000,0.000,19.0000,0.00,0.00,0.00,0.00,23750.00,0.00,False
1016,504,01015,10000.000,0.000,17.0000,0.00,0.00,0.00,0.00,170000.00,0.00,False
1017,505,02042,100.000,0.000,40.0000,0.00,0.00,0.00,0.00,4000.00,0.00,False
1019,505,02222,100.000,0.000,40.0000,0.00,0.00,0.00,0.00,4000.00,0.00,False
1018,506,01043,120.000,0.000,12.5000,0.00,0.00,0.00,0.00,1500.00,0.00,False
1021,506,02010,3500.000,0.000,7.0000,0.00,0.00,0.00,0.00,24500.00,0.00,False
1022,507,02006,32.000,0.000,114.0000,0.00,0.00,0.00,0.00,3648.00,0.00,False
1025,508,02170,110.000,0.000,40.0000,0.00,0.00,0.00,0.00,4400.00,0.00,False
1024,508,02193,32.000,0.000,40.0000,0.00,0.00,0.00,0.00,1280.00,0.00,False
1023,508,02223,102.000,0.000,50.0000,0.00,0.00,0.00,0.00,5100.00,0.00,False
1026,509,02002,8.000,0.000,158.0000,0.00,0.00,0.00,0.00,1264.00,0.00,False
1027,510,02179,102.000,0.000,530.0000,0.00,0.00,0.00,0.00,54060.00,0.00,False
1028,510,02182,102.000,0.000,530.0000,0.00,0.00,0.00,0.00,54060.00,0.00,False
1029,511,01189,5.000,0.000,500.0000,0.00,0.00,0.00,0.00,2500.00,0.00,False
1030,512,01003,8850.000,0.000,19.0000,0.00,0.00,0.00,0.00,168150.00,0.00,False
1032,513,01008,320.000,0.000,22.5000,0.00,0.00,0.00,0.00,7200.00,0.00,False
1031,513,01042,150.000,0.000,136.0000,0.00,0.00,0.00,0.00,20400.00,0.00,False
1035,514,01016,2500.000,0.000,12.0000,0.00,0.00,0.00,0.00,30000.00,0.00,False
1036,515,02150,52.000,0.000,150.0000,0.00,0.00,0.00,0.00,7800.00,0.00,False
1037,516,02128,10.000,0.000,1250.0000,0.00,0.00,0.00,0.00,12500.00,0.00,False
1038,516,02140,50.000,0.000,900.0000,0.00,0.00,0.00,0.00,45000.00,0.00,False
1039,517,02097,120.000,0.000,120.0000,0.00,0.00,0.00,0.00,14400.00,0.00,False
1040,518,01010,25.000,0.000,2400.0000,0.00,0.00,0.00,0.00,60000.00,0.00,False
1042,518,01013,25.000,0.000,280.0000,0.00,0.00,0.00,0.00,7000.00,0.00,False
1044,518,01038,35.000,0.000,550.0000,0.00,0.00,0.00,0.00,19250.00,0.00,False
1043,518,01046,10.000,0.000,10500.0000,0.00,0.00,0.00,0.00,105000.00,0.00,False
1041,518,01055,25.000,0.000,1450.0000,0.00,0.00,0.00,0.00,36250.00,0.00,False
1046,519,01042,50.000,0.000,150.0000,0.00,0.00,0.00,0.00,7500.00,0.00,False
1045,519,01059,450.000,0.000,48.3333,0.00,0.00,0.00,0.00,21749.99,0.00,False
1047,520,02194,136.000,0.000,40.0000,0.00,0.00,0.00,0.00,5440.00,0.00,False
1048,521,02002,12.000,0.000,128.0000,0.00,0.00,0.00,0.00,1536.00,0.00,False
1049,522,01043,160.000,0.000,12.5000,0.00,0.00,0.00,0.00,2000.00,0.00,False
1050,522,01184,10.000,0.000,370.0000,0.00,0.00,0.00,0.00,3700.00,0.00,False
1051,523,02059,50.000,0.000,130.0000,0.00,0.00,0.00,0.00,6500.00,0.00,False
1052,524,02014,68.000,0.000,480.0000,0.00,0.00,0.00,0.00,32640.00,0.00,False
1054,525,02014,102.000,0.000,480.0000,0.00,0.00,0.00,0.00,48960.00,0.00,False
1053,525,02182,51.000,0.000,530.0000,0.00,0.00,0.00,0.00,27030.00,0.00,False
1055,526,01191,10.000,0.000,400.0000,0.00,0.00,0.00,0.00,4000.00,0.00,False
1056,527,01184,60.000,0.000,366.6666,0.00,0.00,0.00,0.00,22000.00,0.00,False
1057,528,02122,28.000,0.000,40.0000,0.00,0.00,0.00,0.00,1120.00,0.00,False
1058,528,02231,56.000,0.000,40.0000,0.00,0.00,0.00,0.00,2240.00,0.00,False
1059,529,02154,34.000,0.000,530.0000,0.00,0.00,0.00,0.00,18020.00,0.00,False
1060,530,02160,8.000,0.000,140.0000,0.00,0.00,0.00,0.00,1120.00,0.00,False
1061,531,01003,2500.000,0.000,19.0000,0.00,0.00,0.00,0.00,47500.00,0.00,False
1062,532,02158,34.000,0.000,530.0000,0.00,0.00,0.00,0.00,18020.00,0.00,False
1063,532,02159,34.000,0.000,530.0000,0.00,0.00,0.00,0.00,18020.00,0.00,False
1064,533,01003,5000.000,0.000,19.0000,0.00,0.00,0.00,0.00,95000.00,0.00,False
1065,534,02215,56.000,0.000,40.0000,0.00,0.00,0.00,0.00,2240.00,0.00,False
1076,534,02232,1000.000,0.000,30.0000,0.00,0.00,0.00,0.00,30000.00,0.00,False
1067,536,01043,240.000,0.000,12.5000,0.00,0.00,0.00,0.00,3000.00,0.00,False
1075,536,01047,200.000,0.000,80.0000,0.00,0.00,0.00,0.00,16000.00,0.00,False
1068,536,01050,1.000,0.000,2200.0000,0.00,0.00,0.00,0.00,2200.00,0.00,False
1072,536,02015,250.000,0.000,270.0000,0.00,0.00,0.00,0.00,67500.00,0.00,False
1070,536,02128,40.000,0.000,1250.0000,0.00,0.00,0.00,0.00,50000.00,0.00,False
1071,536,02140,25.000,0.000,900.0000,0.00,0.00,0.00,0.00,22500.00,0.00,False
1069,537,02014,340.000,0.000,480.0000,0.00,0.00,0.00,0.00,163200.00,0.00,False
1074,538,01001,10.000,0.000,1600.0000,0.00,0.00,0.00,0.00,16000.00,0.00,False
1073,538,01055,25.000,0.000,1450.0000,0.00,0.00,0.00,0.00,36250.00,0.00,False
1078,539,02027,16.000,0.000,40.0000,0.00,0.00,0.00,0.00,640.00,0.00,False
1079,539,02146,66.000,0.000,75.0000,0.00,0.00,0.00,0.00,4950.00,0.00,False
1080,539,02160,12.000,0.000,75.0000,0.00,0.00,0.00,0.00,900.00,0.00,False
1082,539,02168,100.000,0.000,40.0000,0.00,0.00,0.00,0.00,4000.00,0.00,False
1081,539,02170,200.000,0.000,40.0000,0.00,0.00,0.00,0.00,8000.00,0.00,False
1077,539,02233,26.000,0.000,75.0000,0.00,0.00,0.00,0.00,1950.00,0.00,False
1083,540,02034,1000.000,0.000,80.0000,0.00,0.00,0.00,0.00,80000.00,0.00,False
1084,541,01050,2.500,0.000,2200.0000,0.00,0.00,0.00,0.00,5500.00,0.00,False
1085,542,01016,2500.000,0.000,12.0000,0.00,0.00,0.00,0.00,30000.00,0.00,False
1086,543,01003,10000.000,0.000,19.0000,0.00,0.00,0.00,0.00,190000.00,0.00,False
1087,544,02002,20.000,0.000,165.0000,0.00,0.00,0.00,0.00,3300.00,0.00,False
1088,545,01042,50.000,0.000,136.0000,0.00,0.00,0.00,0.00,6800.00,0.00,False
1089,545,01043,480.000,0.000,12.5000,0.00,0.00,0.00,0.00,6000.00,0.00,False
1090,546,02014,204.000,0.000,480.0000,0.00,0.00,0.00,0.00,97920.00,0.00,False
1091,546,02154,51.000,0.000,530.0000,0.00,0.00,0.00,0.00,27030.00,0.00,False
1092,546,02158,17.000,0.000,530.0000,0.00,0.00,0.00,0.00,9010.00,0.00,False
1095,546,02162,51.000,0.000,530.0000,0.00,0.00,0.00,0.00,27030.00,0.00,False
1093,546,02235,51.000,0.000,530.0000,0.00,0.00,0.00,0.00,27030.00,0.00,False
1094,546,02236,17.000,0.000,530.0000,0.00,0.00,0.00,0.00,9010.00,0.00,False
1096,547,01042,50.000,0.000,136.0000,0.00,0.00,0.00,0.00,6800.00,0.00,False
1098,548,02060,118.000,0.000,70.0000,0.00,0.00,0.00,0.00,8260.00,0.00,False
1097,548,02114,1000.000,0.000,25.0000,0.00,0.00,0.00,0.00,25000.00,0.00,False
1100,548,02169,180.000,0.000,40.0000,0.00,0.00,0.00,0.00,7200.00,0.00,False
1099,548,02237,56.000,0.000,40.0000,0.00,0.00,0.00,0.00,2240.00,0.00,False
1104,549,02154,17.000,0.000,530.0000,0.00,0.00,0.00,0.00,9010.00,0.00,False
1105,549,02158,51.000,0.000,530.0000,0.00,0.00,0.00,0.00,27030.00,0.00,False
1110,549,02161,102.000,0.000,530.0000,0.00,0.00,0.00,0.00,54060.00,0.00,False
1102,549,02162,51.000,0.000,530.0000,0.00,0.00,0.00,0.00,27030.00,0.00,False
1106,549,02236,51.000,0.000,530.0000,0.00,0.00,0.00,0.00,27030.00,0.00,False
1101,549,02238,102.000,0.000,530.0000,0.00,0.00,0.00,0.00,54060.00,0.00,False
1103,549,02239,51.000,0.000,530.0000,0.00,0.00,0.00,0.00,27030.00,0.00,False
1107,549,02240,51.000,0.000,530.0000,0.00,0.00,0.00,0.00,27030.00,0.00,False
1108,549,02241,51.000,0.000,530.0000,0.00,0.00,0.00,0.00,27030.00,0.00,False
1109,549,02242,51.000,0.000,530.0000,0.00,0.00,0.00,0.00,27030.00,0.00,False
1111,549,02243,51.000,0.000,530.0000,0.00,0.00,0.00,0.00,27030.00,0.00,False
1112,549,02244,51.000,0.000,530.0000,0.00,0.00,0.00,0.00,27030.00,0.00,False
1114,550,01043,160.000,0.000,12.5000,0.00,0.00,0.00,0.00,2000.00,0.00,False
1116,550,01184,60.000,0.000,366.6666,0.00,0.00,0.00,0.00,22000.00,0.00,False
1113,550,02015,1450.000,0.000,270.0000,0.00,0.00,0.00,0.00,391500.00,0.00,False
1115,551,02002,132.000,0.000,165.0000,0.00,0.00,0.00,0.00,21780.00,0.00,False
1117,552,01004,25.000,0.000,325.0000,0.00,0.00,0.00,0.00,8125.00,0.00,False
1118,552,01021,30.000,0.000,390.0000,0.00,0.00,0.00,0.00,11700.00,0.00,False
1119,552,01028,30.000,0.000,1450.0000,0.00,0.00,0.00,0.00,43500.00,0.00,False
1120,552,01038,35.000,0.000,550.0000,0.00,0.00,0.00,0.00,19250.00,0.00,False
1121,552,01041,25.000,0.000,550.0000,0.00,0.00,0.00,0.00,13750.00,0.00,False
1122,552,01046,5.000,0.000,10500.0000,0.00,0.00,0.00,0.00,52500.00,0.00,False
1123,552,01048,25.000,0.000,1400.0000,0.00,0.00,0.00,0.00,35000.00,0.00,False
1124,552,01050,50.000,0.000,2950.0000,0.00,0.00,0.00,0.00,147500.00,0.00,False
1126,552,01053,5.000,0.000,14000.0000,0.00,0.00,0.00,0.00,70000.00,0.00,False
1127,552,01054,5.100,0.000,16500.0000,0.00,0.00,0.00,0.00,84150.00,0.00,False
1130,552,01056,5.000,0.000,12000.0000,0.00,0.00,0.00,0.00,60000.00,0.00,False
1129,552,01057,5.000,0.000,9800.0000,0.00,0.00,0.00,0.00,49000.00,0.00,False
1125,552,01058,25.000,0.000,1550.0000,0.00,0.00,0.00,0.00,38750.00,0.00,False
1128,552,01143,22.000,0.000,2900.0000,0.00,0.00,0.00,0.00,63800.00,0.00,False
1131,553,01043,160.000,0.000,12.5000,0.00,0.00,0.00,0.00,2000.00,0.00,False
1136,553,01059,510.000,0.000,50.6000,0.00,0.00,0.00,0.00,25806.00,0.00,False
1132,554,01016,2500.000,0.000,12.0000,0.00,0.00,0.00,0.00,30000.00,0.00,False
1139,555,02021,9200.000,0.000,22.0000,0.00,0.00,0.00,0.00,202400.00,0.00,False
1137,555,02051,19250.000,0.000,22.0000,0.00,0.00,0.00,0.00,423500.00,0.00,False
1134,555,02067,300.000,0.000,25.0000,0.00,0.00,0.00,0.00,7500.00,0.00,False
1138,555,02192,33100.000,0.000,9.5000,0.00,0.00,0.00,0.00,314450.00,0.00,False
1135,555,02218,16.000,0.000,150.0000,0.00,0.00,0.00,0.00,2400.00,0.00,False
1133,555,02245,10.000,0.000,150.0000,0.00,0.00,0.00,0.00,1500.00,0.00,False
1140,555,02247,8400.000,0.000,22.0000,0.00,0.00,0.00,0.00,184800.00,0.00,False
1142,556,01042,50.000,0.000,136.0000,0.00,0.00,0.00,0.00,6800.00,0.00,False
1141,556,01043,160.000,0.000,12.5000,0.00,0.00,0.00,0.00,2000.00,0.00,False
1143,557,01003,10000.000,0.000,19.0000,0.00,0.00,0.00,0.00,190000.00,0.00,False
1144,557,01015,10000.000,0.000,17.0000,0.00,0.00,0.00,0.00,170000.00,0.00,False
1145,558,01072,5.000,0.000,12500.0000,0.00,0.00,0.00,0.00,62500.00,0.00,False
1146,558,01143,25.000,0.000,2900.0000,0.00,0.00,0.00,0.00,72500.00,0.00,False
1147,559,02245,200.000,0.000,75.0000,0.00,0.00,0.00,0.00,15000.00,0.00,False
1148,560,01043,160.000,0.000,12.5000,0.00,0.00,0.00,0.00,2000.00,0.00,False
1149,561,01042,50.000,0.000,136.0000,0.00,0.00,0.00,0.00,6800.00,0.00,False
1150,562,02127,250.000,0.000,30.0000,0.00,0.00,0.00,0.00,7500.00,0.00,False
1151,563,01043,400.000,0.000,12.5000,0.00,0.00,0.00,0.00,5000.00,0.00,False
1152,564,02059,26.000,0.000,145.0000,0.00,0.00,0.00,0.00,3770.00,0.00,False
1153,565,02061,240.000,0.000,270.0000,0.00,0.00,0.00,0.00,64800.00,0.00,False
1154,565,02242,102.000,0.000,530.0000,0.00,0.00,0.00,0.00,54060.00,0.00,False
1155,566,02033,1000.000,0.000,140.0000,0.00,0.00,0.00,0.00,140000.00,0.00,False
1156,567,02042,105.000,0.000,40.0000,0.00,0.00,0.00,0.00,4200.00,0.00,False
1157,568,01016,2500.000,0.000,10.0000,0.00,0.00,0.00,0.00,25000.00,0.00,False
1159,569,02128,20.000,0.000,1250.0000,0.00,0.00,0.00,0.00,25000.00,0.00,False
1158,569,02140,20.000,0.000,900.0000,0.00,0.00,0.00,0.00,18000.00,0.00,False
1160,570,02004,120.000,0.000,195.0000,0.00,0.00,0.00,0.00,23400.00,0.00,False
1161,571,02160,20.000,0.000,75.0000,0.00,0.00,0.00,0.00,1500.00,0.00,False
1162,572,01042,50.000,0.000,136.0000,0.00,0.00,0.00,0.00,6800.00,0.00,False
1163,572,01043,520.000,0.000,12.5000,0.00,0.00,0.00,0.00,6500.00,0.00,False
1164,573,01003,2000.000,0.000,19.0000,0.00,0.00,0.00,0.00,38000.00,0.00,False
1165,573,01015,1050.000,0.000,17.0000,0.00,0.00,0.00,0.00,17850.00,0.00,False
1166,574,02097,120.000,0.000,120.0000,0.00,0.00,0.00,0.00,14400.00,0.00,False
1167,575,02004,62.000,0.000,195.0000,0.00,0.00,0.00,0.00,12090.00,0.00,False
1181,576,02067,120.000,0.000,40.0000,0.00,0.00,0.00,0.00,4800.00,0.00,False
1169,576,02122,40.000,0.000,40.0000,0.00,0.00,0.00,0.00,1600.00,0.00,False
1168,576,02221,48.000,0.000,40.0000,0.00,0.00,0.00,0.00,1920.00,0.00,False
1170,576,02248,12.000,0.000,75.0000,0.00,0.00,0.00,0.00,900.00,0.00,False
1171,577,02002,16.000,0.000,158.0000,0.00,0.00,0.00,0.00,2528.00,0.00,False
1172,578,02097,324.000,0.000,120.0000,0.00,0.00,0.00,0.00,38880.00,0.00,False
1174,579,02164,66.000,0.000,40.0000,0.00,0.00,0.00,0.00,2640.00,0.00,False
1175,579,02165,66.000,0.000,40.0000,0.00,0.00,0.00,0.00,2640.00,0.00,False
1173,579,02194,200.000,0.000,40.0000,0.00,0.00,0.00,0.00,8000.00,0.00,False
1176,580,01003,1100.000,0.000,19.0000,0.00,0.00,0.00,0.00,20900.00,0.00,False
1177,580,01015,2000.000,0.000,17.0000,0.00,0.00,0.00,0.00,34000.00,0.00,False
1182,580,01192,400.000,0.000,24.0000,0.00,0.00,0.00,0.00,9600.00,0.00,False
1178,581,01016,2500.000,0.000,10.0000,0.00,0.00,0.00,0.00,25000.00,0.00,False
1179,582,02004,305.000,0.000,195.0000,0.00,0.00,0.00,0.00,59475.00,0.00,False
1180,582,02059,20.000,0.000,145.0000,0.00,0.00,0.00,0.00,2900.00,0.00,False
1183,583,01015,1000.000,0.000,16.0000,0.00,0.00,0.00,0.00,16000.00,0.00,False
1184,584,01004,50.000,0.000,340.0000,0.00,0.00,0.00,0.00,17000.00,0.00,False
1185,585,02097,120.000,0.000,120.0000,0.00,0.00,0.00,0.00,14400.00,0.00,False
1186,586,02010,2800.000,0.000,7.3000,0.00,0.00,0.00,0.00,20440.00,0.00,False
1187,587,02002,15.000,0.000,145.0000,0.00,0.00,0.00,0.00,2175.00,0.00,False
1188,588,02002,8.000,0.000,151.0000,0.00,0.00,0.00,0.00,1208.00,0.00,False
1189,589,02067,130.000,0.000,40.0000,0.00,0.00,0.00,0.00,5200.00,0.00,False
1190,590,02010,10000.000,0.000,7.3000,0.00,0.00,0.00,0.00,73000.00,0.00,False
1192,591,01003,10000.000,0.000,19.0000,0.00,0.00,0.00,0.00,190000.00,0.00,False
1191,591,01015,20000.000,0.000,17.0000,0.00,0.00,0.00,0.00,340000.00,0.00,False
1193,592,02029,600.000,0.000,15.0000,0.00,0.00,0.00,0.00,9000.00,0.00,False
1196,592,02035,320.000,0.000,3.0000,0.00,0.00,0.00,0.00,960.00,0.00,False
1194,592,02122,36.000,0.000,40.0000,0.00,0.00,0.00,0.00,1440.00,0.00,False
1195,592,02163,56.000,0.000,40.0000,0.00,0.00,0.00,0.00,2240.00,0.00,False
1197,593,01013,25.000,0.000,280.0000,0.00,0.00,0.00,0.00,7000.00,0.00,False
1198,593,01034,25.000,0.000,480.0000,0.00,0.00,0.00,0.00,12000.00,0.00,False
1200,593,01035,5.000,0.000,1250.0000,0.00,0.00,0.00,0.00,6250.00,0.00,False
1199,593,01060,10.000,0.000,950.0000,0.00,0.00,0.00,0.00,9500.00,0.00,False
1201,594,01047,300.000,0.000,76.0000,0.00,0.00,0.00,0.00,22800.00,0.00,False
1203,595,01024,2.000,0.000,5500.0000,0.00,0.00,0.00,0.00,11000.00,0.00,False
1204,595,01026,2.000,0.000,6500.0000,0.00,0.00,0.00,0.00,13000.00,0.00,False
1202,595,01027,200.000,0.000,295.0000,0.00,0.00,0.00,0.00,59000.00,0.00,False
1205,595,01073,25.000,0.000,560.0000,0.00,0.00,0.00,0.00,14000.00,0.00,False
1208,596,02145,56.000,0.000,40.0000,0.00,0.00,0.00,0.00,2240.00,0.00,False
1206,596,02214,12.000,0.000,150.0000,0.00,0.00,0.00,0.00,1800.00,0.00,False
1207,596,02220,56.000,0.000,40.0000,0.00,0.00,0.00,0.00,2240.00,0.00,False
1209,597,02159,34.000,0.000,530.0000,0.00,0.00,0.00,0.00,18020.00,0.00,False
1211,598,02002,20.000,0.000,145.0000,0.00,0.00,0.00,0.00,2900.00,0.00,False
1213,598,02004,45.000,0.000,186.0000,0.00,0.00,0.00,0.00,8370.00,0.00,False
1212,598,02006,62.000,0.000,176.0000,0.00,0.00,0.00,0.00,10912.00,0.00,False
1210,598,02059,60.000,0.000,145.0000,0.00,0.00,0.00,0.00,8700.00,0.00,False
1216,599,01023,3.000,0.000,4800.0000,0.00,0.00,0.00,0.00,14400.00,0.00,False
1215,599,01025,3.000,0.000,4800.0000,0.00,0.00,0.00,0.00,14400.00,0.00,False
1214,599,01038,35.000,0.000,550.0000,0.00,0.00,0.00,0.00,19250.00,0.00,False
1217,600,02010,2400.000,0.000,7.3000,0.00,0.00,0.00,0.00,17520.00,0.00,False
1218,601,02014,323.000,0.000,480.0000,0.00,0.00,0.00,0.00,155040.00,0.00,False
1219,602,02004,210.000,0.000,195.0000,0.00,0.00,0.00,0.00,40950.00,0.00,False
1220,603,01059,390.000,0.000,68.3333,0.00,0.00,0.00,0.00,26649.99,0.00,False
1221,604,02097,180.000,0.000,120.0000,0.00,0.00,0.00,0.00,21600.00,0.00,False
1223,605,01042,50.000,0.000,136.0000,0.00,0.00,0.00,0.00,6800.00,0.00,False
1222,605,01043,400.000,0.000,12.5000,0.00,0.00,0.00,0.00,5000.00,0.00,False
1224,606,02250,200.000,0.000,40.0000,0.00,0.00,0.00,0.00,8000.00,0.00,False
1225,607,02127,1985.000,0.000,30.0000,0.00,0.00,0.00,0.00,59550.00,0.00,False
1226,608,02034,500.000,0.000,85.0000,0.00,0.00,0.00,0.00,42500.00,0.00,False
1227,609,01016,2500.000,0.000,10.0000,0.00,0.00,0.00,0.00,25000.00,0.00,False
1228,610,01042,50.000,0.000,136.0000,0.00,0.00,0.00,0.00,6800.00,0.00,False
1229,610,01043,400.000,0.000,12.5000,0.00,0.00,0.00,0.00,5000.00,0.00,False
1230,611,01031,10.000,0.000,7000.0000,0.00,0.00,0.00,0.00,70000.00,0.00,False
1231,612,02002,121.000,0.000,165.0000,0.00,0.00,0.00,0.00,19965.00,0.00,False
1232,613,02114,1450.000,0.000,25.0000,0.00,0.00,0.00,0.00,36250.00,0.00,False
1233,614,02174,505.000,0.000,85.0000,0.00,0.00,0.00,0.00,42925.00,0.00,False
1234,615,01003,500.000,0.000,19.0000,0.00,0.00,0.00,0.00,9500.00,0.00,False
1235,615,01015,2500.000,0.000,17.0000,0.00,0.00,0.00,0.00,42500.00,0.00,False
1236,616,01059,68.000,0.000,68.0000,0.00,0.00,0.00,0.00,4624.00,0.00,False
1237,617,02015,1500.000,0.000,270.0000,0.00,0.00,0.00,0.00,405000.00,0.00,False
1238,618,02155,102.000,0.000,530.0000,0.00,0.00,0.00,0.00,54060.00,0.00,False
1239,618,02252,102.000,0.000,530.0000,0.00,0.00,0.00,0.00,54060.00,0.00,False
1240,618,02253,85.000,0.000,530.0000,0.00,0.00,0.00,0.00,45050.00,0.00,False
1241,619,01016,2500.000,0.000,10.0000,0.00,0.00,0.00,0.00,25000.00,0.00,False
1242,620,01043,640.000,0.000,12.5000,0.00,0.00,0.00,0.00,8000.00,0.00,False
1244,621,01015,1500.000,0.000,17.0000,0.00,0.00,0.00,0.00,25500.00,0.00,False
1243,621,01190,10000.000,0.000,25.0000,0.00,0.00,0.00,0.00,250000.00,0.00,False
1245,622,02004,95.000,0.000,195.0000,0.00,0.00,0.00,0.00,18525.00,0.00,False
1246,623,01042,50.000,0.000,136.0000,0.00,0.00,0.00,0.00,6800.00,0.00,False
1247,624,02128,10.000,0.000,1250.0000,0.00,0.00,0.00,0.00,12500.00,0.00,False
1248,625,01003,3000.000,0.000,19.0000,0.00,0.00,0.00,0.00,57000.00,0.00,False
1249,625,01015,2750.000,0.000,17.0000,0.00,0.00,0.00,0.00,46750.00,0.00,False
1250,626,02160,16.000,0.000,75.0000,0.00,0.00,0.00,0.00,1200.00,0.00,False
1251,626,02245,15.000,0.000,150.0000,0.00,0.00,0.00,0.00,2250.00,0.00,False
1252,627,01016,2500.000,0.000,10.0000,0.00,0.00,0.00,0.00,25000.00,0.00,False
1254,628,01047,150.000,0.000,84.0000,0.00,0.00,0.00,0.00,12600.00,0.00,False
1253,628,01184,30.000,0.000,366.6666,0.00,0.00,0.00,0.00,11000.00,0.00,False
1255,629,02059,50.000,0.000,145.0000,0.00,0.00,0.00,0.00,7250.00,0.00,False
1258,630,02154,102.000,0.000,530.0000,0.00,0.00,0.00,0.00,54060.00,0.00,False
1260,630,02156,102.000,0.000,530.0000,0.00,0.00,0.00,0.00,54060.00,0.00,False
1261,630,02159,34.000,0.000,530.0000,0.00,0.00,0.00,0.00,18020.00,0.00,False
1257,630,02162,102.000,0.000,530.0000,0.00,0.00,0.00,0.00,54060.00,0.00,False
1256,630,02243,98.000,0.000,530.0000,0.00,0.00,0.00,0.00,51940.00,0.00,False
1259,630,02253,17.000,0.000,530.0000,0.00,0.00,0.00,0.00,9010.00,0.00,False
1262,631,01015,10000.000,0.000,17.0000,0.00,0.00,0.00,0.00,170000.00,0.00,False
1265,632,01041,1.000,0.000,600.0000,0.00,0.00,0.00,0.00,600.00,0.00,False
1264,632,01058,4.500,0.000,1400.0000,0.00,0.00,0.00,0.00,6300.00,0.00,False
1263,632,01184,30.000,0.000,366.6666,0.00,0.00,0.00,0.00,11000.00,0.00,False
1267,633,02225,120.000,0.000,270.0000,0.00,0.00,0.00,0.00,32400.00,0.00,False
1266,633,02229,120.000,0.000,270.0000,0.00,0.00,0.00,0.00,32400.00,0.00,False
1268,634,02059,52.000,0.000,145.0000,0.00,0.00,0.00,0.00,7540.00,0.00,False
1269,635,01031,5.000,0.000,6600.0000,0.00,0.00,0.00,0.00,33000.00,0.00,False
1270,635,01058,1.500,0.000,1400.0000,0.00,0.00,0.00,0.00,2100.00,0.00,False
1271,636,02251,120.000,0.000,270.0000,0.00,0.00,0.00,0.00,32400.00,0.00,False
1272,637,02061,120.000,0.000,270.0000,0.00,0.00,0.00,0.00,32400.00,0.00,False
1273,638,02128,25.000,0.000,1250.0000,0.00,0.00,0.00,0.00,31250.00,0.00,False
1274,639,01042,50.000,0.000,136.0000,0.00,0.00,0.00,0.00,6800.00,0.00,False
1275,639,01043,480.000,0.000,12.5000,0.00,0.00,0.00,0.00,6000.00,0.00,False
1276,640,02205,60.000,0.000,270.0000,0.00,0.00,0.00,0.00,16200.00,0.00,False
1277,641,02160,26.000,0.000,75.0000,0.00,0.00,0.00,0.00,1950.00,0.00,False
1278,642,02118,82.000,0.000,245.0000,0.00,0.00,0.00,0.00,20090.00,0.00,False
1279,643,01003,3000.000,0.000,19.0000,0.00,0.00,0.00,0.00,57000.00,0.00,False
1280,643,01015,1650.000,0.000,17.0000,0.00,0.00,0.00,0.00,28050.00,0.00,False
1281,644,02256,1250.000,0.000,15.0000,0.00,0.00,0.00,0.00,18750.00,0.00,False
1282,645,01058,0.500,0.000,700.0000,0.00,0.00,0.00,0.00,350.00,0.00,False
1284,646,01006,1000.000,0.000,24.0000,0.00,0.00,0.00,0.00,24000.00,0.00,False
1283,646,01192,400.000,0.000,24.0000,0.00,0.00,0.00,0.00,9600.00,0.00,False
1285,647,02148,100.000,0.000,45.0000,0.00,0.00,0.00,0.00,4500.00,0.00,False
1286,647,02257,100.000,0.000,45.0000,0.00,0.00,0.00,0.00,4500.00,0.00,False
1287,647,02258,100.000,0.000,45.0000,0.00,0.00,0.00,0.00,4500.00,0.00,False
1288,648,01016,2500.000,0.000,10.0000,0.00,0.00,0.00,0.00,25000.00,0.00,False
1290,649,01042,50.000,0.000,136.0000,0.00,0.00,0.00,0.00,6800.00,0.00,False
1289,649,01043,400.000,0.000,12.5000,0.00,0.00,0.00,0.00,5000.00,0.00,False
1291,650,01003,1000.000,0.000,19.0000,0.00,0.00,0.00,0.00,19000.00,0.00,False
1292,651,01059,340.000,0.000,64.7000,0.00,0.00,0.00,0.00,21998.00,0.00,False
1293,652,01058,1.000,0.000,1450.0000,0.00,0.00,0.00,0.00,1450.00,0.00,False
1295,653,02027,30.000,0.000,40.0000,0.00,0.00,0.00,0.00,1200.00,0.00,False
1294,653,02042,20.000,0.000,150.0000,0.00,0.00,0.00,0.00,3000.00,0.00,False
1297,653,02143,30.000,0.000,40.0000,0.00,0.00,0.00,0.00,1200.00,0.00,False
1296,653,02147,30.000,0.000,40.0000,0.00,0.00,0.00,0.00,1200.00,0.00,False
1301,654,02049,120.000,0.000,270.0000,0.00,0.00,0.00,0.00,32400.00,0.00,False
1299,654,02061,300.000,0.000,270.0000,0.00,0.00,0.00,0.00,81000.00,0.00,False
1307,654,02182,85.000,0.000,530.0000,0.00,0.00,0.00,0.00,45050.00,0.00,False
1302,654,02205,180.000,0.000,270.0000,0.00,0.00,0.00,0.00,48600.00,0.00,False
1305,654,02225,120.000,0.000,270.0000,0.00,0.00,0.00,0.00,32400.00,0.00,False
1298,654,02226,120.000,0.000,270.0000,0.00,0.00,0.00,0.00,32400.00,0.00,False
1300,654,02229,120.000,0.000,270.0000,0.00,0.00,0.00,0.00,32400.00,0.00,False
1304,654,02230,240.000,0.000,270.0000,0.00,0.00,0.00,0.00,64800.00,0.00,False
1308,654,02235,102.000,0.000,530.0000,0.00,0.00,0.00,0.00,54060.00,0.00,False
1303,654,02255,120.000,0.000,270.0000,0.00,0.00,0.00,0.00,32400.00,0.00,False
1306,654,02259,60.000,0.000,270.0000,0.00,0.00,0.00,0.00,16200.00,0.00,False
1309,655,02245,100.000,0.000,75.0000,0.00,0.00,0.00,0.00,7500.00,0.00,False
1310,656,01002,25.000,0.000,120.0000,0.00,0.00,0.00,0.00,3000.00,0.00,False
1311,657,02205,360.000,0.000,270.0000,0.00,0.00,0.00,0.00,97200.00,0.00,False
1312,658,02260,56.000,0.000,40.0000,0.00,0.00,0.00,0.00,2240.00,0.00,False
1313,659,02004,205.000,0.000,195.0000,0.00,0.00,0.00,0.00,39975.00,0.00,False
1314,659,02059,111.000,0.000,145.0000,0.00,0.00,0.00,0.00,16095.00,0.00,False
1315,660,02015,1200.000,0.000,270.0000,0.00,0.00,0.00,0.00,324000.00,0.00,False
1316,661,02042,5.000,0.000,150.0000,0.00,0.00,0.00,0.00,750.00,0.00,False
1317,661,02127,1010.000,0.000,30.0000,0.00,0.00,0.00,0.00,30300.00,0.00,False
1318,662,01184,30.000,0.000,366.6666,0.00,0.00,0.00,0.00,11000.00,0.00,False
1319,662,02128,50.000,0.000,1250.0000,0.00,0.00,0.00,0.00,62500.00,0.00,False
1320,663,02002,101.000,0.000,165.0000,0.00,0.00,0.00,0.00,16665.00,0.00,False
1321,663,02004,51.000,0.000,186.0000,0.00,0.00,0.00,0.00,9486.00,0.00,False
1323,664,02026,350.000,0.000,15.0000,0.00,0.00,0.00,0.00,5250.00,0.00,False
1322,664,02114,1200.000,0.000,25.0000,0.00,0.00,0.00,0.00,30000.00,0.00,False
1324,664,02146,50.000,0.000,75.0000,0.00,0.00,0.00,0.00,3750.00,0.00,False
1355,665,01005,25.000,0.000,1150.0000,0.00,0.00,0.00,0.00,28750.00,0.00,False
1356,665,01009,100.000,0.000,1100.0000,0.00,0.00,0.00,0.00,110000.00,0.00,False
1329,665,01010,25.000,0.000,2400.0000,0.00,0.00,0.00,0.00,60000.00,0.00,False
1357,665,01011,20.000,0.000,3200.0000,0.00,0.00,0.00,0.00,64000.00,0.00,False
1328,665,01013,25.000,0.000,280.0000,0.00,0.00,0.00,0.00,7000.00,0.00,False
1330,665,01021,30.000,0.000,390.0000,0.00,0.00,0.00,0.00,11700.00,0.00,False
1331,665,01023,5.000,0.000,4800.0000,0.00,0.00,0.00,0.00,24000.00,0.00,False
1332,665,01025,5.000,0.000,4800.0000,0.00,0.00,0.00,0.00,24000.00,0.00,False
1333,665,01028,60.000,0.000,1450.0000,0.00,0.00,0.00,0.00,87000.00,0.00,False
1334,665,01031,25.000,0.000,6600.0000,0.00,0.00,0.00,0.00,165000.00,0.00,False
1335,665,01034,50.000,0.000,480.0000,0.00,0.00,0.00,0.00,24000.00,0.00,False
1327,665,01038,70.000,0.000,520.0000,0.00,0.00,0.00,0.00,36400.00,0.00,False
1326,665,01041,50.000,0.000,550.0000,0.00,0.00,0.00,0.00,27500.00,0.00,False
1338,665,01046,20.000,0.000,9500.0000,0.00,0.00,0.00,0.00,190000.00,0.00,False
1336,665,01048,25.000,0.000,1400.0000,0.00,0.00,0.00,0.00,35000.00,0.00,False
1337,665,01050,25.000,0.000,2950.0000,0.00,0.00,0.00,0.00,73750.00,0.00,False
1340,665,01053,5.000,0.000,16000.0000,0.00,0.00,0.00,0.00,80000.00,0.00,False
1341,665,01054,5.000,0.000,16500.0000,0.00,0.00,0.00,0.00,82500.00,0.00,False
1344,665,01055,50.000,0.000,1450.0000,0.00,0.00,0.00,0.00,72500.00,0.00,False
1345,665,01056,5.000,0.000,12000.0000,0.00,0.00,0.00,0.00,60000.00,0.00,False
1325,665,01058,25.000,0.000,1450.0000,0.00,0.00,0.00,0.00,36250.00,0.00,False
1339,665,01060,25.000,0.000,950.0000,0.00,0.00,0.00,0.00,23750.00,0.00,False
1343,665,01072,5.000,0.000,12500.0000,0.00,0.00,0.00,0.00,62500.00,0.00,False
1358,665,01115,25.000,0.000,1400.0000,0.00,0.00,0.00,0.00,35000.00,0.00,False
1342,665,01143,25.000,0.000,2900.0000,0.00,0.00,0.00,0.00,72500.00,0.00,False
1346,666,01015,1250.000,0.000,17.0000,0.00,0.00,0.00,0.00,21250.00,0.00,False
1347,667,02034,1005.000,0.000,80.0000,0.00,0.00,0.00,0.00,80400.00,0.00,False
1348,668,01184,30.000,0.000,366.0000,0.00,0.00,0.00,0.00,10980.00,0.00,False
1350,669,01003,10000.000,0.000,19.0000,0.00,0.00,0.00,0.00,190000.00,0.00,False
1349,669,01015,10000.000,0.000,17.0000,0.00,0.00,0.00,0.00,170000.00,0.00,False
1351,670,01016,2500.000,0.000,10.0000,0.00,0.00,0.00,0.00,25000.00,0.00,False
1352,671,02014,153.000,0.000,480.0000,0.00,0.00,0.00,0.00,73440.00,0.00,False
1353,672,02170,100.000,0.000,40.0000,0.00,0.00,0.00,0.00,4000.00,0.00,False
1354,673,01184,30.000,0.000,366.0000,0.00,0.00,0.00,0.00,10980.00,0.00,False
1359,674,01059,100.000,0.000,66.0000,0.00,0.00,0.00,0.00,6600.00,0.00,False
1365,675,02027,320.000,0.000,20.0000,0.00,0.00,0.00,0.00,6400.00,0.00,False
1362,675,02040,200.000,0.000,40.0000,0.00,0.00,0.00,0.00,8000.00,0.00,False
1363,675,02042,200.000,0.000,40.0000,0.00,0.00,0.00,0.00,8000.00,0.00,False
1364,675,02143,100.000,0.000,20.0000,0.00,0.00,0.00,0.00,2000.00,0.00,False
1361,675,02147,32.000,0.000,40.0000,0.00,0.00,0.00,0.00,1280.00,0.00,False
1360,675,02160,32.000,0.000,40.0000,0.00,0.00,0.00,0.00,1280.00,0.00,False
1366,675,02214,10.000,0.000,150.0000,0.00,0.00,0.00,0.00,1500.00,0.00,False
1367,675,02261,16.000,0.000,40.0000,0.00,0.00,0.00,0.00,640.00,0.00,False
1370,676,02014,85.000,0.000,480.0000,0.00,0.00,0.00,0.00,40800.00,0.00,False
1369,676,02159,102.000,0.000,530.0000,0.00,0.00,0.00,0.00,54060.00,0.00,False
1368,676,02236,102.000,0.000,530.0000,0.00,0.00,0.00,0.00,54060.00,0.00,False
1373,677,01042,50.000,0.000,136.0000,0.00,0.00,0.00,0.00,6800.00,0.00,False
1372,677,01043,280.000,0.000,12.5000,0.00,0.00,0.00,0.00,3500.00,0.00,False
1371,677,02128,30.000,0.000,1250.0000,0.00,0.00,0.00,0.00,37500.00,0.00,False
1374,678,01015,1150.000,0.000,17.0000,0.00,0.00,0.00,0.00,19550.00,0.00,False
1375,679,02262,24.000,0.000,40.0000,0.00,0.00,0.00,0.00,960.00,0.00,False
1376,680,02004,150.000,0.000,195.0000,0.00,0.00,0.00,0.00,29250.00,0.00,False
1377,681,02163,80.000,0.000,40.0000,0.00,0.00,0.00,0.00,3200.00,0.00,False
1378,682,01043,800.000,0.000,12.5000,0.00,0.00,0.00,0.00,10000.00,0.00,False
1379,683,02004,103.000,0.000,195.0000,0.00,0.00,0.00,0.00,20085.00,0.00,False
1380,684,02014,153.000,0.000,480.0000,0.00,0.00,0.00,0.00,73440.00,0.00,False
1386,684,02061,360.000,0.000,270.0000,0.00,0.00,0.00,0.00,97200.00,0.00,False
1384,684,02158,102.000,0.000,530.0000,0.00,0.00,0.00,0.00,54060.00,0.00,False
1381,684,02161,102.000,0.000,530.0000,0.00,0.00,0.00,0.00,54060.00,0.00,False
1385,684,02205,120.000,0.000,270.0000,0.00,0.00,0.00,0.00,32400.00,0.00,False
1389,684,02225,120.000,0.000,270.0000,0.00,0.00,0.00,0.00,32400.00,0.00,False
1388,684,02230,240.000,0.000,270.0000,0.00,0.00,0.00,0.00,64800.00,0.00,False
1383,684,02242,102.000,0.000,530.0000,0.00,0.00,0.00,0.00,54060.00,0.00,False
1382,684,02244,51.000,0.000,530.0000,0.00,0.00,0.00,0.00,27030.00,0.00,False
1387,684,02251,240.000,0.000,270.0000,0.00,0.00,0.00,0.00,64800.00,0.00,False
1390,685,02033,1000.000,0.000,140.0000,0.00,0.00,0.00,0.00,140000.00,0.00,False
1391,686,01038,35.000,0.000,520.0000,0.00,0.00,0.00,0.00,18200.00,0.00,False
1392,686,01058,25.000,0.000,1450.0000,0.00,0.00,0.00,0.00,36250.00,0.00,False
1394,687,01003,10000.000,0.000,19.0000,0.00,0.00,0.00,0.00,190000.00,0.00,False
1393,687,01015,10000.000,0.000,17.0000,0.00,0.00,0.00,0.00,170000.00,0.00,False
1395,688,02015,600.000,0.000,270.0000,0.00,0.00,0.00,0.00,162000.00,0.00,False
1396,689,01045,275.000,0.000,325.0000,0.00,0.00,0.00,0.00,89375.00,0.00,False
1397,690,02263,350.000,0.000,15.0000,0.00,0.00,0.00,0.00,5250.00,0.00,False
1398,691,02098,1000.000,0.000,40.0000,0.00,0.00,0.00,0.00,40000.00,0.00,False
1399,692,02203,1200.000,0.000,6.0000,0.00,0.00,0.00,0.00,7200.00,0.00,False
1400,693,01190,10000.000,0.000,32.0000,0.00,0.00,0.00,0.00,320000.00,0.00,False
1401,694,01042,50.000,0.000,148.0000,0.00,0.00,0.00,0.00,7400.00,0.00,False
1402,695,02038,20.000,0.000,150.0000,0.00,0.00,0.00,0.00,3000.00,0.00,False
1403,696,01059,68.000,0.000,70.0000,0.00,0.00,0.00,0.00,4760.00,0.00,False
1405,697,02054,50.000,0.000,170.0000,0.00,0.00,0.00,0.00,8500.00,0.00,False
1411,697,02091,63.000,0.000,45.0000,0.00,0.00,0.00,0.00,2835.00,0.00,False
1412,697,02160,16.000,0.000,75.0000,0.00,0.00,0.00,0.00,1200.00,0.00,False
1409,697,02164,75.000,0.000,45.0000,0.00,0.00,0.00,0.00,3375.00,0.00,False
1407,697,02165,36.000,0.000,45.0000,0.00,0.00,0.00,0.00,1620.00,0.00,False
1404,697,02208,500.000,0.000,90.0000,0.00,0.00,0.00,0.00,45000.00,0.00,False
1406,697,02256,1150.000,0.000,15.0000,0.00,0.00,0.00,0.00,17250.00,0.00,False
1408,697,02264,200.000,0.000,60.0000,0.00,0.00,0.00,0.00,12000.00,0.00,False
1410,697,02265,24.000,0.000,45.0000,0.00,0.00,0.00,0.00,1080.00,0.00,False
1414,698,01010,4.000,0.000,2400.0000,0.00,0.00,0.00,0.00,9600.00,0.00,False
1415,698,01024,2.000,0.000,5500.0000,0.00,0.00,0.00,0.00,11000.00,0.00,False
1413,698,01055,25.000,0.000,1450.0000,0.00,0.00,0.00,0.00,36250.00,0.00,False
1425,699,02004,230.000,0.000,195.0000,0.00,0.00,0.00,0.00,44850.00,0.00,False
1416,699,02118,74.000,0.000,212.0000,0.00,0.00,0.00,0.00,15688.00,0.00,False
1426,700,01042,50.000,0.000,148.0000,0.00,0.00,0.00,0.00,7400.00,0.00,False
1417,700,01184,90.000,0.000,366.6666,0.00,0.00,0.00,0.00,32999.99,0.00,False
1421,701,02097,180.000,0.000,150.0000,0.00,0.00,0.00,0.00,27000.00,0.00,False
1418,701,02128,15.000,0.000,1250.0000,0.00,0.00,0.00,0.00,18750.00,0.00,False
1419,702,01016,2500.000,0.000,10.0000,0.00,0.00,0.00,0.00,25000.00,0.00,False
1420,703,02182,51.000,0.000,530.0000,0.00,0.00,0.00,0.00,27030.00,0.00,False
1422,704,02002,20.000,0.000,145.0000,0.00,0.00,0.00,0.00,2900.00,0.00,False
1423,704,02004,50.000,0.000,186.0000,0.00,0.00,0.00,0.00,9300.00,0.00,False
1424,704,02059,106.000,0.000,145.0000,0.00,0.00,0.00,0.00,15370.00,0.00,False
1427,705,01043,520.000,0.000,12.5000,0.00,0.00,0.00,0.00,6500.00,0.00,False
1428,705,01047,400.000,0.000,78.0000,0.00,0.00,0.00,0.00,31200.00,0.00,False
1432,705,01070,2.000,0.000,4500.0000,0.00,0.00,0.00,0.00,9000.00,0.00,False
1429,706,02038,200.000,0.000,40.0000,0.00,0.00,0.00,0.00,8000.00,0.00,False
1430,707,01010,25.000,0.000,2400.0000,0.00,0.00,0.00,0.00,60000.00,0.00,False
1431,707,01031,20.000,0.000,6400.0000,0.00,0.00,0.00,0.00,128000.00,0.00,False
1433,708,02140,25.000,0.000,900.0000,0.00,0.00,0.00,0.00,22500.00,0.00,False
1434,709,01016,2500.000,0.000,10.0000,0.00,0.00,0.00,0.00,25000.00,0.00,False
1435,710,01042,50.000,0.000,148.0000,0.00,0.00,0.00,0.00,7400.00,0.00,False
1436,710,01043,600.000,0.000,12.5000,0.00,0.00,0.00,0.00,7500.00,0.00,False
1438,710,01047,100.000,0.000,78.0000,0.00,0.00,0.00,0.00,7800.00,0.00,False
1439,710,01059,170.000,0.000,70.0000,0.00,0.00,0.00,0.00,11900.00,0.00,False
1437,711,02014,221.000,0.000,480.0000,0.00,0.00,0.00,0.00,106080.00,0.00,False
1440,712,02166,120.000,0.000,40.0000,0.00,0.00,0.00,0.00,4800.00,0.00,False
1441,712,02209,40.000,0.000,40.0000,0.00,0.00,0.00,0.00,1600.00,0.00,False
1442,712,02266,10.000,0.000,75.0000,0.00,0.00,0.00,0.00,750.00,0.00,False
1443,713,01003,200.000,0.000,19.0000,0.00,0.00,0.00,0.00,3800.00,0.00,False
1444,714,01059,102.000,0.000,70.5882,0.00,0.00,0.00,0.00,7200.00,0.00,False
1445,715,01003,400.000,0.000,19.0000,0.00,0.00,0.00,0.00,7600.00,0.00,False
1446,716,01003,500.000,0.000,19.0000,0.00,0.00,0.00,0.00,9500.00,0.00,False
1447,717,01016,2500.000,0.000,10.0000,0.00,0.00,0.00,0.00,25000.00,0.00,False
1449,718,02067,52.000,0.000,50.0000,0.00,0.00,0.00,0.00,2600.00,0.00,False
1448,718,02148,5.000,0.000,150.0000,0.00,0.00,0.00,0.00,750.00,0.00,False
1451,719,02002,20.000,0.000,145.0000,0.00,0.00,0.00,0.00,2900.00,0.00,False
1450,719,02004,130.000,0.000,195.0000,0.00,0.00,0.00,0.00,25350.00,0.00,False
1452,720,01042,50.000,0.000,148.0000,0.00,0.00,0.00,0.00,7400.00,0.00,False
1453,721,02159,51.000,0.000,530.0000,0.00,0.00,0.00,0.00,27030.00,0.00,False
1454,722,02265,30.000,0.000,40.0000,0.00,0.00,0.00,0.00,1200.00,0.00,False
1455,723,01043,560.000,0.000,12.5000,0.00,0.00,0.00,0.00,7000.00,0.00,False
1458,724,01042,50.000,0.000,150.0000,0.00,0.00,0.00,0.00,7500.00,0.00,False
1456,724,01059,102.000,0.000,69.0000,0.00,0.00,0.00,0.00,7038.00,0.00,False
1457,725,01003,500.000,0.000,19.0000,0.00,0.00,0.00,0.00,9500.00,0.00,False
1459,726,01016,2500.000,0.000,10.0000,0.00,0.00,0.00,0.00,25000.00,0.00,False
1460,727,01003,2750.000,0.000,19.0000,0.00,0.00,0.00,0.00,52250.00,0.00,False
1461,727,01015,500.000,0.000,17.0000,0.00,0.00,0.00,0.00,8500.00,0.00,False
1462,728,02032,1010.000,0.000,140.0000,0.00,0.00,0.00,0.00,141400.00,0.00,False
1464,729,01042,50.000,0.000,150.0000,0.00,0.00,0.00,0.00,7500.00,0.00,False
1463,729,01043,360.000,0.000,12.5000,0.00,0.00,0.00,0.00,4500.00,0.00,False
1465,730,02160,30.000,0.000,75.0000,0.00,0.00,0.00,0.00,2250.00,0.00,False
1468,730,02267,64.000,0.000,45.0000,0.00,0.00,0.00,0.00,2880.00,0.00,False
1467,731,02128,32.000,0.000,1250.0000,0.00,0.00,0.00,0.00,40000.00,0.00,False
1466,731,02140,50.000,0.000,900.0000,0.00,0.00,0.00,0.00,45000.00,0.00,False
1469,732,02150,52.000,0.000,45.0000,0.00,0.00,0.00,0.00,2340.00,0.00,False
1470,733,02160,30.000,0.000,45.0000,0.00,0.00,0.00,0.00,1350.00,0.00,False
1472,734,01042,50.000,0.000,150.0000,0.00,0.00,0.00,0.00,7500.00,0.00,False
1471,734,01184,60.000,0.000,366.0000,0.00,0.00,0.00,0.00,21960.00,0.00,False
1473,735,01041,25.000,0.000,520.0000,0.00,0.00,0.00,0.00,13000.00,0.00,False
1474,735,01058,25.000,0.000,1400.0000,0.00,0.00,0.00,0.00,35000.00,0.00,False
1475,736,01016,2500.000,0.000,10.0000,0.00,0.00,0.00,0.00,25000.00,0.00,False
1476,737,02234,200.000,0.000,45.0000,0.00,0.00,0.00,0.00,9000.00,0.00,False
1478,738,01042,50.000,0.000,150.0000,0.00,0.00,0.00,0.00,7500.00,0.00,False
1479,738,01043,800.000,0.000,12.5000,0.00,0.00,0.00,0.00,10000.00,0.00,False
1477,738,02097,192.000,0.000,150.0000,0.00,0.00,0.00,0.00,28800.00,0.00,False
1480,739,02002,20.000,0.000,145.0000,0.00,0.00,0.00,0.00,2900.00,0.00,False
1481,740,01016,2500.000,0.000,10.0000,0.00,0.00,0.00,0.00,25000.00,0.00,False
1482,741,01050,25.000,0.000,2950.0000,0.00,0.00,0.00,0.00,73750.00,0.00,False
1483,742,02097,480.000,0.000,150.0000,0.00,0.00,0.00,0.00,72000.00,0.00,False
1486,743,02048,210.000,0.000,40.0000,0.00,0.00,0.00,0.00,8400.00,0.00,False
1484,743,02127,1010.000,0.000,30.0000,0.00,0.00,0.00,0.00,30300.00,0.00,False
1485,743,02163,64.000,0.000,40.0000,0.00,0.00,0.00,0.00,2560.00,0.00,False
1487,744,01042,50.000,0.000,150.0000,0.00,0.00,0.00,0.00,7500.00,0.00,False
1488,745,02014,187.000,0.000,480.0000,0.00,0.00,0.00,0.00,89760.00,0.00,False
1489,745,02236,85.000,0.000,530.0000,0.00,0.00,0.00,0.00,45050.00,0.00,False
1490,746,02151,1000.000,0.000,35.0000,0.00,0.00,0.00,0.00,35000.00,0.00,False
1491,747,01003,10000.000,0.000,19.0000,0.00,0.00,0.00,0.00,190000.00,0.00,False
1492,747,01015,3000.000,0.000,17.0000,0.00,0.00,0.00,0.00,51000.00,0.00,False
1493,748,01016,2500.000,0.000,10.0000,0.00,0.00,0.00,0.00,25000.00,0.00,False
1494,749,02002,45.000,0.000,146.0000,0.00,0.00,0.00,0.00,6570.00,0.00,False
1495,749,02004,115.000,0.000,195.0000,0.00,0.00,0.00,0.00,22425.00,0.00,False
1496,750,02004,15.000,0.000,186.0000,0.00,0.00,0.00,0.00,2790.00,0.00,False
1497,751,02115,550.000,0.000,30.0000,0.00,0.00,0.00,0.00,16500.00,0.00,False
1498,751,02147,35.000,0.000,45.0000,0.00,0.00,0.00,0.00,1575.00,0.00,False
1499,752,02147,64.000,0.000,45.0000,0.00,0.00,0.00,0.00,2880.00,0.00,False
1501,753,01008,240.000,0.000,20.0000,0.00,0.00,0.00,0.00,4800.00,0.00,False
1500,753,01042,100.000,0.000,150.0000,0.00,0.00,0.00,0.00,15000.00,0.00,False
1502,754,01003,150.000,0.000,19.0000,0.00,0.00,0.00,0.00,2850.00,0.00,False
1503,755,01182,120.000,0.000,140.0000,0.00,0.00,0.00,0.00,16800.00,0.00,False
1504,756,01020,700.000,0.000,310.0000,0.00,0.00,0.00,0.00,217000.00,0.00,False
1505,756,01043,400.000,0.000,12.5000,0.00,0.00,0.00,0.00,5000.00,0.00,False
1506,757,02015,500.000,0.000,270.0000,0.00,0.00,0.00,0.00,135000.00,0.00,False
1507,758,01016,2500.000,0.000,10.0000,0.00,0.00,0.00,0.00,25000.00,0.00,False
1509,759,01038,35.000,0.000,520.0000,0.00,0.00,0.00,0.00,18200.00,0.00,False
1508,759,01056,5.000,0.000,16000.0000,0.00,0.00,0.00,0.00,80000.00,0.00,False
1510,760,01043,160.000,0.000,12.5000,0.00,0.00,0.00,0.00,2000.00,0.00,False
1511,761,02015,100.000,0.000,270.0000,0.00,0.00,0.00,0.00,27000.00,0.00,False
1512,762,02159,51.000,0.000,530.0000,0.00,0.00,0.00,0.00,27030.00,0.00,False
1513,763,02268,16.000,0.000,50.0000,0.00,0.00,0.00,0.00,800.00,0.00,False
2055,763,02309,1200.000,0.000,12.0000,0.00,0.00,0.00,0.00,14400.00,0.00,False
2056,763,02310,1200.000,0.000,12.0000,0.00,0.00,0.00,0.00,14400.00,0.00,False
1515,764,02002,175.000,0.000,165.0000,0.00,0.00,0.00,0.00,28875.00,0.00,False
1514,764,02004,195.000,0.000,195.0000,0.00,0.00,0.00,0.00,38025.00,0.00,False
1540,765,01004,25.000,0.000,340.0000,0.00,0.00,0.00,0.00,8500.00,0.00,False
1516,765,01041,25.000,0.000,520.0000,0.00,0.00,0.00,0.00,13000.00,0.00,False
1541,766,02170,200.000,0.000,40.0000,0.00,0.00,0.00,0.00,8000.00,0.00,False
1519,766,02269,280.000,0.000,20.0000,0.00,0.00,0.00,0.00,5600.00,0.00,False
1518,766,02270,280.000,0.000,20.0000,0.00,0.00,0.00,0.00,5600.00,0.00,False
1521,767,01042,100.000,0.000,150.0000,0.00,0.00,0.00,0.00,15000.00,0.00,False
1520,767,01059,510.000,0.000,70.0000,0.00,0.00,0.00,0.00,35700.00,0.00,False
1524,768,02114,1200.000,0.000,25.0000,0.00,0.00,0.00,0.00,30000.00,0.00,False
1525,768,02271,56.000,0.000,40.0000,0.00,0.00,0.00,0.00,2240.00,0.00,False
1526,768,02272,56.000,0.000,40.0000,0.00,0.00,0.00,0.00,2240.00,0.00,False
1527,769,01016,2500.000,0.000,10.0000,0.00,0.00,0.00,0.00,25000.00,0.00,False
1528,770,01003,850.000,0.000,19.0000,0.00,0.00,0.00,0.00,16150.00,0.00,False
1530,771,02160,52.000,0.000,75.0000,0.00,0.00,0.00,0.00,3900.00,0.00,False
1529,771,02268,16.000,0.000,75.0000,0.00,0.00,0.00,0.00,1200.00,0.00,False
1531,772,02160,32.000,0.000,75.0000,0.00,0.00,0.00,0.00,2400.00,0.00,False
1532,772,02268,22.000,0.000,75.0000,0.00,0.00,0.00,0.00,1650.00,0.00,False
1533,773,01016,2500.000,0.000,10.0000,0.00,0.00,0.00,0.00,25000.00,0.00,False
1534,774,02146,52.000,0.000,75.0000,0.00,0.00,0.00,0.00,3900.00,0.00,False
1535,774,02147,32.000,0.000,40.0000,0.00,0.00,0.00,0.00,1280.00,0.00,False
1536,775,02147,32.000,0.000,40.0000,0.00,0.00,0.00,0.00,1280.00,0.00,False
1537,775,02273,32.000,0.000,40.0000,0.00,0.00,0.00,0.00,1280.00,0.00,False
1538,776,01003,2750.000,0.000,19.0000,0.00,0.00,0.00,0.00,52250.00,0.00,False
1539,777,02014,153.000,0.000,480.0000,0.00,0.00,0.00,0.00,73440.00,0.00,False
1542,778,02128,100.000,0.000,1350.0000,0.00,0.00,0.00,0.00,135000.00,0.00,False
1543,779,01043,760.000,0.000,12.5000,0.00,0.00,0.00,0.00,9500.00,0.00,False
1544,780,01003,7500.000,0.000,19.0000,0.00,0.00,0.00,0.00,142500.00,0.00,False
1545,780,01015,10000.000,0.000,17.0000,0.00,0.00,0.00,0.00,170000.00,0.00,False
1546,781,01184,60.000,0.000,366.0000,0.00,0.00,0.00,0.00,21960.00,0.00,False
1549,782,02026,780.000,0.000,15.0000,0.00,0.00,0.00,0.00,11700.00,0.00,False
1548,782,02114,800.000,0.000,25.0000,0.00,0.00,0.00,0.00,20000.00,0.00,False
1547,782,02173,1015.000,0.000,140.0000,0.00,0.00,0.00,0.00,142100.00,0.00,False
1550,782,02256,1140.000,0.000,15.0000,0.00,0.00,0.00,0.00,17100.00,0.00,False
1551,782,02274,1010.000,0.000,80.0000,0.00,0.00,0.00,0.00,80800.00,0.00,False
1552,783,01031,5.000,0.000,6600.0000,0.00,0.00,0.00,0.00,33000.00,0.00,False
1553,784,02014,187.000,0.000,480.0000,0.00,0.00,0.00,0.00,89760.00,0.00,False
1554,785,02015,1400.000,0.000,270.0000,0.00,0.00,0.00,0.00,378000.00,0.00,False
1555,785,02054,40.000,0.000,155.0000,0.00,0.00,0.00,0.00,6200.00,0.00,False
1556,786,01047,150.000,0.000,78.0000,0.00,0.00,0.00,0.00,11700.00,0.00,False
1561,787,01021,30.000,0.000,340.0000,0.00,0.00,0.00,0.00,10200.00,0.00,False
1557,787,01024,2.000,0.000,5500.0000,0.00,0.00,0.00,0.00,11000.00,0.00,False
1558,787,01028,30.000,0.000,1400.0000,0.00,0.00,0.00,0.00,42000.00,0.00,False
1559,787,01038,35.000,0.000,490.0000,0.00,0.00,0.00,0.00,17150.00,0.00,False
1560,787,01050,25.000,0.000,2950.0000,0.00,0.00,0.00,0.00,73750.00,0.00,False
1562,787,01054,5.000,0.000,16500.0000,0.00,0.00,0.00,0.00,82500.00,0.00,False
1563,787,01143,25.000,0.000,3000.0000,0.00,0.00,0.00,0.00,75000.00,0.00,False
1564,788,01042,50.000,0.000,150.0000,0.00,0.00,0.00,0.00,7500.00,0.00,False
1565,789,01016,2500.000,0.000,10.0000,0.00,0.00,0.00,0.00,25000.00,0.00,False
1566,790,02002,157.000,0.000,157.0000,0.00,0.00,0.00,0.00,24649.00,0.00,False
1567,790,02004,62.000,0.000,186.0000,0.00,0.00,0.00,0.00,11532.00,0.00,False
1568,790,02118,93.000,0.000,233.0000,0.00,0.00,0.00,0.00,21669.00,0.00,False
1569,791,01033,30.000,0.000,67.0000,0.00,0.00,0.00,0.00,2010.00,0.00,False
1571,792,02035,1040.000,0.000,30.0000,0.00,0.00,0.00,0.00,31200.00,0.00,False
1572,792,02125,1000.000,0.000,30.0000,0.00,0.00,0.00,0.00,30000.00,0.00,False
1570,792,02147,80.000,0.000,40.0000,0.00,0.00,0.00,0.00,3200.00,0.00,False
1573,792,02275,1006.000,0.000,30.0000,0.00,0.00,0.00,0.00,30180.00,0.00,False
1574,792,02276,1000.000,0.000,30.0000,0.00,0.00,0.00,0.00,30000.00,0.00,False
1575,793,01016,2500.000,0.000,10.0000,0.00,0.00,0.00,0.00,25000.00,0.00,False
1576,794,02213,1000.000,0.000,140.0000,0.00,0.00,0.00,0.00,140000.00,0.00,False
1577,794,02277,1000.000,0.000,140.0000,0.00,0.00,0.00,0.00,140000.00,0.00,False
1578,795,01016,2500.000,0.000,10.0000,0.00,0.00,0.00,0.00,25000.00,0.00,False
1579,796,01042,50.000,0.000,150.0000,0.00,0.00,0.00,0.00,7500.00,0.00,False
1580,796,01043,800.000,0.000,12.5000,0.00,0.00,0.00,0.00,10000.00,0.00,False
1582,797,01003,7500.000,0.000,19.0000,0.00,0.00,0.00,0.00,142500.00,0.00,False
1581,797,01015,10000.000,0.000,17.0000,0.00,0.00,0.00,0.00,170000.00,0.00,False
1583,798,01042,50.000,0.000,150.0000,0.00,0.00,0.00,0.00,7500.00,0.00,False
1584,799,01016,2500.000,0.000,10.0000,0.00,0.00,0.00,0.00,25000.00,0.00,False
1585,800,01043,200.000,0.000,12.5000,0.00,0.00,0.00,0.00,2500.00,0.00,False
1586,801,02265,30.000,0.000,40.0000,0.00,0.00,0.00,0.00,1200.00,0.00,False
1590,802,01026,2.000,0.000,6500.0000,0.00,0.00,0.00,0.00,13000.00,0.00,False
1587,802,01031,25.000,0.000,6400.0000,0.00,0.00,0.00,0.00,160000.00,0.00,False
1591,802,01053,5.000,0.000,16000.0000,0.00,0.00,0.00,0.00,80000.00,0.00,False
1592,802,01056,5.000,0.000,16500.0000,0.00,0.00,0.00,0.00,82500.00,0.00,False
1593,802,01060,3.000,0.000,950.0000,0.00,0.00,0.00,0.00,2850.00,0.00,False
1594,803,01008,400.000,0.000,19.0000,0.00,0.00,0.00,0.00,7600.00,0.00,False
1595,803,01042,50.000,0.000,150.0000,0.00,0.00,0.00,0.00,7500.00,0.00,False
1598,803,01043,400.000,0.000,12.5000,0.00,0.00,0.00,0.00,5000.00,0.00,False
1597,803,01044,50.000,0.000,128.0000,0.00,0.00,0.00,0.00,6400.00,0.00,False
1596,803,01047,300.000,0.000,78.0000,0.00,0.00,0.00,0.00,23400.00,0.00,False
1599,804,02002,132.000,0.000,165.0000,0.00,0.00,0.00,0.00,21780.00,0.00,False
1600,804,02004,201.000,0.000,194.0000,0.00,0.00,0.00,0.00,38994.00,0.00,False
1604,805,02032,1020.000,0.000,140.0000,0.00,0.00,0.00,0.00,142800.00,0.00,False
1605,805,02033,1045.000,0.000,140.0000,0.00,0.00,0.00,0.00,146300.00,0.00,False
1611,805,02067,350.000,0.000,18.0000,0.00,0.00,0.00,0.00,6300.00,0.00,False
1601,805,02114,1100.000,0.000,25.0000,0.00,0.00,0.00,0.00,27500.00,0.00,False
1602,805,02126,200.000,0.000,40.0000,0.00,0.00,0.00,0.00,8000.00,0.00,False
1606,805,02174,1008.000,0.000,85.0000,0.00,0.00,0.00,0.00,85680.00,0.00,False
1603,805,02258,100.000,0.000,40.0000,0.00,0.00,0.00,0.00,4000.00,0.00,False
1607,805,02280,100.000,0.000,40.0000,0.00,0.00,0.00,0.00,4000.00,0.00,False
1608,805,02281,100.000,0.000,40.0000,0.00,0.00,0.00,0.00,4000.00,0.00,False
1609,805,02282,100.000,0.000,40.0000,0.00,0.00,0.00,0.00,4000.00,0.00,False
1610,805,02283,100.000,0.000,40.0000,0.00,0.00,0.00,0.00,4000.00,0.00,False
1647,806,02009,432.000,0.000,15.0000,0.00,0.00,0.00,0.00,6480.00,0.00,False
1612,806,02010,700.000,0.000,8.0000,0.00,0.00,0.00,0.00,5600.00,0.00,False
1613,807,01193,3.000,0.000,800.0000,0.00,0.00,0.00,0.00,2400.00,0.00,False
1614,808,02006,15.000,0.000,183.0000,0.00,0.00,0.00,0.00,2745.00,0.00,False
1615,808,02007,11.000,0.000,195.0000,0.00,0.00,0.00,0.00,2145.00,0.00,False
1617,809,02156,102.000,0.000,530.0000,0.00,0.00,0.00,0.00,54060.00,0.00,False
1616,809,02162,102.000,0.000,530.0000,0.00,0.00,0.00,0.00,54060.00,0.00,False
1618,810,02004,72.000,0.000,186.0000,0.00,0.00,0.00,0.00,13392.00,0.00,False
1621,811,02092,32.000,0.000,40.0000,0.00,0.00,0.00,0.00,1280.00,0.00,False
1620,811,02160,60.000,0.000,75.0000,0.00,0.00,0.00,0.00,4500.00,0.00,False
1619,811,02266,30.000,0.000,75.0000,0.00,0.00,0.00,0.00,2250.00,0.00,False
1622,812,01016,2500.000,0.000,10.0000,0.00,0.00,0.00,0.00,25000.00,0.00,False
1623,813,01059,170.000,0.000,70.0000,0.00,0.00,0.00,0.00,11900.00,0.00,False
1624,814,01003,10000.000,0.000,19.0000,0.00,0.00,0.00,0.00,190000.00,0.00,False
1625,814,01192,200.000,0.000,24.0000,0.00,0.00,0.00,0.00,4800.00,0.00,False
1629,815,01184,120.000,0.000,366.0000,0.00,0.00,0.00,0.00,43920.00,0.00,False
1628,815,02015,2000.000,0.000,270.0000,0.00,0.00,0.00,0.00,540000.00,0.00,False
1627,815,02128,30.000,0.000,1350.0000,0.00,0.00,0.00,0.00,40500.00,0.00,False
1626,815,02140,20.000,0.000,850.0000,0.00,0.00,0.00,0.00,17000.00,0.00,False
1631,816,01190,7000.000,0.000,32.0000,0.00,0.00,0.00,0.00,224000.00,0.00,False
1632,817,02014,255.000,0.000,480.0000,0.00,0.00,0.00,0.00,122400.00,0.00,False
1633,818,01013,25.000,0.000,192.0000,0.00,0.00,0.00,0.00,4800.00,0.00,False
1637,819,01017,10.000,0.000,2450.0000,0.00,0.00,0.00,0.00,24500.00,0.00,False
1635,819,01020,35.000,0.000,460.0000,0.00,0.00,0.00,0.00,16100.00,0.00,False
1636,819,01031,10.000,0.000,6200.0000,0.00,0.00,0.00,0.00,62000.00,0.00,False
1634,819,01038,35.000,0.000,490.0000,0.00,0.00,0.00,0.00,17150.00,0.00,False
1638,820,01015,2500.000,0.000,17.0000,0.00,0.00,0.00,0.00,42500.00,0.00,False
1648,821,02009,150.000,0.000,15.0000,0.00,0.00,0.00,0.00,2250.00,0.00,False
1639,821,02010,600.000,0.000,8.0000,0.00,0.00,0.00,0.00,4800.00,0.00,False
1640,821,02097,36.000,0.000,120.0000,0.00,0.00,0.00,0.00,4320.00,0.00,False
1643,822,02093,18.000,0.000,40.0000,0.00,0.00,0.00,0.00,720.00,0.00,False
1641,822,02114,1000.000,0.000,25.0000,0.00,0.00,0.00,0.00,25000.00,0.00,False
1644,822,02210,64.000,0.000,40.0000,0.00,0.00,0.00,0.00,2560.00,0.00,False
1642,822,02215,80.000,0.000,40.0000,0.00,0.00,0.00,0.00,3200.00,0.00,False
1652,822,02284,40.000,0.000,40.0000,0.00,0.00,0.00,0.00,1600.00,0.00,False
1645,823,01041,25.000,0.000,520.0000,0.00,0.00,0.00,0.00,13000.00,0.00,False
1646,824,01020,700.000,0.000,310.0000,0.00,0.00,0.00,0.00,217000.00,0.00,False
1650,825,02018,5072.000,0.000,11.5000,0.00,0.00,0.00,0.00,58328.00,0.00,False
1651,825,02020,5070.000,0.000,11.5000,0.00,0.00,0.00,0.00,58305.00,0.00,False
1649,825,02278,5072.000,0.000,11.5000,0.00,0.00,0.00,0.00,58328.00,0.00,False
1653,826,01042,50.000,0.000,150.0000,0.00,0.00,0.00,0.00,7500.00,0.00,False
1654,827,02182,102.000,0.000,530.0000,0.00,0.00,0.00,0.00,54060.00,0.00,False
1655,828,02002,87.000,0.000,165.0000,0.00,0.00,0.00,0.00,14355.00,0.00,False
1656,829,01016,2500.000,0.000,10.0000,0.00,0.00,0.00,0.00,25000.00,0.00,False
1657,830,02128,50.000,0.000,1350.0000,0.00,0.00,0.00,0.00,67500.00,0.00,False
1659,831,02146,50.000,0.000,40.0000,0.00,0.00,0.00,0.00,2000.00,0.00,False
1658,831,02285,100.000,0.000,40.0000,0.00,0.00,0.00,0.00,4000.00,0.00,False
1660,832,01043,80.000,0.000,12.5000,0.00,0.00,0.00,0.00,1000.00,0.00,False
1661,833,01184,30.000,0.000,366.0000,0.00,0.00,0.00,0.00,10980.00,0.00,False
1665,834,02014,85.000,0.000,480.0000,0.00,0.00,0.00,0.00,40800.00,0.00,False
1662,834,02159,102.000,0.000,530.0000,0.00,0.00,0.00,0.00,54060.00,0.00,False
1663,834,02161,102.000,0.000,530.0000,0.00,0.00,0.00,0.00,54060.00,0.00,False
1666,834,02226,240.000,0.000,270.0000,0.00,0.00,0.00,0.00,64800.00,0.00,False
1664,834,02236,102.000,0.000,530.0000,0.00,0.00,0.00,0.00,54060.00,0.00,False
1668,835,01041,25.000,0.000,520.0000,0.00,0.00,0.00,0.00,13000.00,0.00,False
1667,835,01058,25.000,0.000,1350.0000,0.00,0.00,0.00,0.00,33750.00,0.00,False
1669,835,01187,25.000,0.000,340.0000,0.00,0.00,0.00,0.00,8500.00,0.00,False
1671,836,01024,2.000,0.000,800.0000,0.00,0.00,0.00,0.00,1600.00,0.00,False
1670,836,01026,2.000,0.000,800.0000,0.00,0.00,0.00,0.00,1600.00,0.00,False
1672,837,02021,4950.000,0.000,22.0000,0.00,0.00,0.00,0.00,108900.00,0.00,False
1673,837,02247,4950.000,0.000,22.0000,0.00,0.00,0.00,0.00,108900.00,0.00,False
1674,838,01003,3500.000,0.000,19.0000,0.00,0.00,0.00,0.00,66500.00,0.00,False
1675,839,02097,156.000,0.000,120.0000,0.00,0.00,0.00,0.00,18720.00,0.00,False
1676,840,01002,25.000,0.000,112.0000,0.00,0.00,0.00,0.00,2800.00,0.00,False
1677,840,01047,150.000,0.000,80.0000,0.00,0.00,0.00,0.00,12000.00,0.00,False
1678,841,02028,24.000,0.000,40.0000,0.00,0.00,0.00,0.00,960.00,0.00,False
1682,841,02031,24.000,0.000,40.0000,0.00,0.00,0.00,0.00,960.00,0.00,False
1688,841,02091,70.000,0.000,50.0000,0.00,0.00,0.00,0.00,3500.00,0.00,False
1684,841,02092,16.000,0.000,40.0000,0.00,0.00,0.00,0.00,640.00,0.00,False
1683,841,02093,16.000,0.000,40.0000,0.00,0.00,0.00,0.00,640.00,0.00,False
1686,841,02164,40.000,0.000,50.0000,0.00,0.00,0.00,0.00,2000.00,0.00,False
1685,841,02167,120.000,0.000,40.0000,0.00,0.00,0.00,0.00,4800.00,0.00,False
1680,841,02237,24.000,0.000,40.0000,0.00,0.00,0.00,0.00,960.00,0.00,False
1687,841,02265,32.000,0.000,50.0000,0.00,0.00,0.00,0.00,1600.00,0.00,False
1679,841,02272,24.000,0.000,40.0000,0.00,0.00,0.00,0.00,960.00,0.00,False
1681,841,02286,24.000,0.000,40.0000,0.00,0.00,0.00,0.00,960.00,0.00,False
1689,842,02076,160.000,0.000,18.7500,0.00,0.00,0.00,0.00,3000.00,0.00,False
1690,843,01042,50.000,0.000,150.0000,0.00,0.00,0.00,0.00,7500.00,0.00,False
1691,843,01043,400.000,0.000,12.5000,0.00,0.00,0.00,0.00,5000.00,0.00,False
1693,844,01010,25.000,0.000,2400.0000,0.00,0.00,0.00,0.00,60000.00,0.00,False
1694,844,01021,30.000,0.000,340.0000,0.00,0.00,0.00,0.00,10200.00,0.00,False
1692,844,01028,30.000,0.000,1400.0000,0.00,0.00,0.00,0.00,42000.00,0.00,False
1695,844,01034,25.000,0.000,400.0000,0.00,0.00,0.00,0.00,10000.00,0.00,False
1696,844,01050,5.000,0.000,2950.0000,0.00,0.00,0.00,0.00,14750.00,0.00,False
1697,845,01003,1000.000,0.000,19.0000,0.00,0.00,0.00,0.00,19000.00,0.00,False
1698,846,01043,200.000,0.000,12.5000,0.00,0.00,0.00,0.00,2500.00,0.00,False
1699,846,01047,300.000,0.000,80.0000,0.00,0.00,0.00,0.00,24000.00,0.00,False
1700,847,02002,26.000,0.000,152.0000,0.00,0.00,0.00,0.00,3952.00,0.00,False
1701,847,02004,195.000,0.000,195.0000,0.00,0.00,0.00,0.00,38025.00,0.00,False
1702,848,02014,85.000,0.000,480.0000,0.00,0.00,0.00,0.00,40800.00,0.00,False
1705,849,02047,45.000,0.000,50.0000,0.00,0.00,0.00,0.00,2250.00,0.00,False
1704,849,02147,55.000,0.000,40.0000,0.00,0.00,0.00,0.00,2200.00,0.00,False
1703,849,02267,55.000,0.000,40.0000,0.00,0.00,0.00,0.00,2200.00,0.00,False
1706,850,01023,5.000,0.000,4800.0000,0.00,0.00,0.00,0.00,24000.00,0.00,False
1707,850,01025,5.000,0.000,4800.0000,0.00,0.00,0.00,0.00,24000.00,0.00,False
1709,851,02014,68.000,0.000,480.0000,0.00,0.00,0.00,0.00,32640.00,0.00,False
1708,851,02159,51.000,0.000,530.0000,0.00,0.00,0.00,0.00,27030.00,0.00,False
1710,852,02128,50.000,0.000,1350.0000,0.00,0.00,0.00,0.00,67500.00,0.00,False
1711,853,01016,2500.000,0.000,10.0000,0.00,0.00,0.00,0.00,25000.00,0.00,False
1712,854,01042,50.000,0.000,150.0000,0.00,0.00,0.00,0.00,7500.00,0.00,False
1713,854,01043,320.000,0.000,12.5000,0.00,0.00,0.00,0.00,4000.00,0.00,False
1714,855,01003,10000.000,0.000,19.0000,0.00,0.00,0.00,0.00,190000.00,0.00,False
1735,855,01015,10000.000,0.000,17.0000,0.00,0.00,0.00,0.00,170000.00,0.00,False
1715,856,02140,20.000,0.000,900.0000,0.00,0.00,0.00,0.00,18000.00,0.00,False
1718,857,02014,153.000,0.000,480.0000,0.00,0.00,0.00,0.00,73440.00,0.00,False
1716,857,02236,34.000,0.000,530.0000,0.00,0.00,0.00,0.00,18020.00,0.00,False
1717,858,02147,30.000,0.000,40.0000,0.00,0.00,0.00,0.00,1200.00,0.00,False
1721,859,01023,10.000,0.000,4800.0000,0.00,0.00,0.00,0.00,48000.00,0.00,False
1722,859,01025,10.000,0.000,4800.0000,0.00,0.00,0.00,0.00,48000.00,0.00,False
1723,859,01036,215.000,0.000,520.0000,0.00,0.00,0.00,0.00,111800.00,0.00,False
1719,859,01050,25.000,0.000,2950.0000,0.00,0.00,0.00,0.00,73750.00,0.00,False
1720,859,01072,20.000,0.000,12000.0000,0.00,0.00,0.00,0.00,240000.00,0.00,False
1724,860,02236,170.000,0.000,530.0000,0.00,0.00,0.00,0.00,90100.00,0.00,False
1725,861,02004,198.000,0.000,195.0000,0.00,0.00,0.00,0.00,38610.00,0.00,False
1726,862,01042,50.000,0.000,150.0000,0.00,0.00,0.00,0.00,7500.00,0.00,False
1728,863,02170,230.000,0.000,40.0000,0.00,0.00,0.00,0.00,9200.00,0.00,False
1727,863,02266,26.000,0.000,75.0000,0.00,0.00,0.00,0.00,1950.00,0.00,False
1731,864,01024,5.000,0.000,5500.0000,0.00,0.00,0.00,0.00,27500.00,0.00,False
1730,864,01026,5.000,0.000,6500.0000,0.00,0.00,0.00,0.00,32500.00,0.00,False
1729,864,01038,35.000,0.000,490.0000,0.00,0.00,0.00,0.00,17150.00,0.00,False
1733,864,01041,25.000,0.000,520.0000,0.00,0.00,0.00,0.00,13000.00,0.00,False
1734,864,01048,25.000,0.000,1400.0000,0.00,0.00,0.00,0.00,35000.00,0.00,False
1732,864,01058,15.000,0.000,1350.0000,0.00,0.00,0.00,0.00,20250.00,0.00,False
1738,865,01033,266.000,0.000,57.8947,0.00,0.00,0.00,0.00,15399.99,0.00,False
1739,865,01047,300.000,0.000,77.0000,0.00,0.00,0.00,0.00,23100.00,0.00,False
1736,865,01059,1292.000,0.000,69.2640,0.00,0.00,0.00,0.00,89489.09,0.00,False
1737,865,01183,700.000,0.000,235.0000,0.00,0.00,0.00,0.00,164500.00,0.00,False
1740,866,02128,47.000,0.000,1350.0000,0.00,0.00,0.00,0.00,63450.00,0.00,False
1741,866,02140,50.000,0.000,850.0000,0.00,0.00,0.00,0.00,42500.00,0.00,False
1742,867,01003,10000.000,0.000,19.0000,0.00,0.00,0.00,0.00,190000.00,0.00,False
1744,868,02265,30.000,0.000,50.0000,0.00,0.00,0.00,0.00,1500.00,0.00,False
1743,868,02287,8.000,0.000,40.0000,0.00,0.00,0.00,0.00,320.00,0.00,False
1745,869,01016,2500.000,0.000,10.0000,0.00,0.00,0.00,0.00,25000.00,0.00,False
1746,870,01033,90.000,0.000,57.0000,0.00,0.00,0.00,0.00,5130.00,0.00,False
1747,870,01043,400.000,0.000,12.5000,0.00,0.00,0.00,0.00,5000.00,0.00,False
1748,871,02015,1750.000,0.000,270.0000,0.00,0.00,0.00,0.00,472500.00,0.00,False
1749,872,02219,200.000,0.000,40.0000,0.00,0.00,0.00,0.00,8000.00,0.00,False
1750,872,02288,200.000,0.000,40.0000,0.00,0.00,0.00,0.00,8000.00,0.00,False
1751,873,01042,50.000,0.000,150.0000,0.00,0.00,0.00,0.00,7500.00,0.00,False
1752,873,01043,3200.000,0.000,12.5000,0.00,0.00,0.00,0.00,40000.00,0.00,False
1753,874,02015,500.000,0.000,270.0000,0.00,0.00,0.00,0.00,135000.00,0.00,False
1754,875,02004,40.000,0.000,195.0000,0.00,0.00,0.00,0.00,7800.00,0.00,False
1755,875,02006,102.000,0.000,176.0000,0.00,0.00,0.00,0.00,17952.00,0.00,False
1756,876,01021,30.000,0.000,340.0000,0.00,0.00,0.00,0.00,10200.00,0.00,False
1757,876,01023,1.500,0.000,4800.0000,0.00,0.00,0.00,0.00,7200.00,0.00,False
1758,876,01025,1.500,0.000,4800.0000,0.00,0.00,0.00,0.00,7200.00,0.00,False
1797,877,02010,30000.000,0.000,6.8833,0.00,0.00,0.00,0.00,206499.00,0.00,False
1760,878,02002,149.000,0.000,165.0000,0.00,0.00,0.00,0.00,24585.00,0.00,False
1761,879,01016,2500.000,0.000,10.0000,0.00,0.00,0.00,0.00,25000.00,0.00,False
1762,880,01017,5.000,0.000,2450.0000,0.00,0.00,0.00,0.00,12250.00,0.00,False
1764,881,01031,15.000,0.000,5600.0000,0.00,0.00,0.00,0.00,84000.00,0.00,False
1763,881,01035,8.000,0.000,1200.0000,0.00,0.00,0.00,0.00,9600.00,0.00,False
1765,882,02004,84.000,0.000,195.0000,0.00,0.00,0.00,0.00,16380.00,0.00,False
1766,883,02086,1450.000,0.000,12.5000,0.00,0.00,0.00,0.00,18125.00,0.00,False
1779,883,02114,2175.000,0.000,25.0000,0.00,0.00,0.00,0.00,54375.00,0.00,False
1767,883,02177,1450.000,0.000,12.5000,0.00,0.00,0.00,0.00,18125.00,0.00,False
1770,884,01011,10.000,0.000,3200.0000,0.00,0.00,0.00,0.00,32000.00,0.00,False
1769,884,01013,25.000,0.000,192.0000,0.00,0.00,0.00,0.00,4800.00,0.00,False
1768,884,01038,35.000,0.000,490.0000,0.00,0.00,0.00,0.00,17150.00,0.00,False
1771,884,01058,5.000,0.000,1350.0000,0.00,0.00,0.00,0.00,6750.00,0.00,False
1772,885,02004,102.000,0.000,186.0000,0.00,0.00,0.00,0.00,18972.00,0.00,False
1773,885,02006,22.000,0.000,176.0000,0.00,0.00,0.00,0.00,3872.00,0.00,False
1774,886,02014,272.000,0.000,480.0000,0.00,0.00,0.00,0.00,130560.00,0.00,False
1775,887,02026,775.000,0.000,15.0000,0.00,0.00,0.00,0.00,11625.00,0.00,False
1777,887,02147,48.000,0.000,40.0000,0.00,0.00,0.00,0.00,1920.00,0.00,False
1776,887,02163,104.000,0.000,40.0000,0.00,0.00,0.00,0.00,4160.00,0.00,False
1778,888,02236,204.000,0.000,530.0000,0.00,0.00,0.00,0.00,108120.00,0.00,False
1780,889,01010,25.000,0.000,2400.0000,0.00,0.00,0.00,0.00,60000.00,0.00,False
1781,889,01046,25.000,0.000,9500.0000,0.00,0.00,0.00,0.00,237500.00,0.00,False
1782,889,01058,25.000,0.000,1380.0000,0.00,0.00,0.00,0.00,34500.00,0.00,False
1783,890,01184,30.000,0.000,366.0000,0.00,0.00,0.00,0.00,10980.00,0.00,False
1784,891,02289,50.000,0.000,40.0000,0.00,0.00,0.00,0.00,2000.00,0.00,False
1785,891,02290,50.000,0.000,40.0000,0.00,0.00,0.00,0.00,2000.00,0.00,False
1786,891,02291,40.000,0.000,40.0000,0.00,0.00,0.00,0.00,1600.00,0.00,False
1787,891,02292,50.000,0.000,40.0000,0.00,0.00,0.00,0.00,2000.00,0.00,False
1788,891,02293,50.000,0.000,40.0000,0.00,0.00,0.00,0.00,2000.00,0.00,False
1789,891,02294,26.000,0.000,75.0000,0.00,0.00,0.00,0.00,1950.00,0.00,False
1798,892,01007,107.000,0.000,56.0000,0.00,0.00,0.00,0.00,5992.00,0.00,False
1790,892,01184,30.000,0.000,366.0000,0.00,0.00,0.00,0.00,10980.00,0.00,False
1791,892,01194,580.000,0.000,145.0000,0.00,0.00,0.00,0.00,84100.00,0.00,False
1792,893,02295,56.000,0.000,40.0000,0.00,0.00,0.00,0.00,2240.00,0.00,False
1793,893,02296,12.000,0.000,75.0000,0.00,0.00,0.00,0.00,900.00,0.00,False
1794,894,01016,7500.000,0.000,10.0000,0.00,0.00,0.00,0.00,75000.00,0.00,False
1795,895,01050,60.000,0.000,1200.0000,0.00,0.00,0.00,0.00,72000.00,0.00,False
1796,896,02256,1192.000,0.000,16.0000,0.00,0.00,0.00,0.00,19072.00,0.00,False
1799,897,01184,60.000,0.000,366.0000,0.00,0.00,0.00,0.00,21960.00,0.00,False
1801,898,02014,170.000,0.000,480.0000,0.00,0.00,0.00,0.00,81600.00,0.00,False
1800,898,02161,201.000,0.000,530.0000,0.00,0.00,0.00,0.00,106530.00,0.00,False
1862,899,02054,40.000,0.000,125.0000,0.00,0.00,0.00,0.00,5000.00,0.00,False
1802,899,02264,48.000,0.000,105.0000,0.00,0.00,0.00,0.00,5040.00,0.00,False
1803,900,01059,136.000,0.000,62.0000,0.00,0.00,0.00,0.00,8432.00,0.00,False
1804,901,01190,10000.000,0.000,32.0000,0.00,0.00,0.00,0.00,320000.00,0.00,False
1805,902,02082,5000.000,0.000,123.5000,0.00,0.00,0.00,0.00,617500.00,0.00,False
1806,903,02199,204.000,0.000,530.0000,0.00,0.00,0.00,0.00,108120.00,0.00,False
1807,904,01020,385.000,0.000,418.0000,0.00,0.00,0.00,0.00,160930.00,0.00,False
1813,904,01031,2.000,0.000,6000.0000,0.00,0.00,0.00,0.00,12000.00,0.00,False
1814,904,01058,0.500,0.000,1600.0000,0.00,0.00,0.00,0.00,800.00,0.00,False
1808,904,01186,25.000,0.000,60.0000,0.00,0.00,0.00,0.00,1500.00,0.00,False
1811,905,02148,60.000,0.000,75.0000,0.00,0.00,0.00,0.00,4500.00,0.00,False
1809,905,02267,32.000,0.000,40.0000,0.00,0.00,0.00,0.00,1280.00,0.00,False
1810,905,02272,32.000,0.000,40.0000,0.00,0.00,0.00,0.00,1280.00,0.00,False
1812,905,02297,56.000,0.000,40.0000,0.00,0.00,0.00,0.00,2240.00,0.00,False
1815,906,02128,60.000,0.000,1250.0000,0.00,0.00,0.00,0.00,75000.00,0.00,False
1816,907,02174,1007.000,0.000,80.0000,0.00,0.00,0.00,0.00,80560.00,0.00,False
1817,908,01190,10000.000,0.000,32.0000,0.00,0.00,0.00,0.00,320000.00,0.00,False
1818,909,02004,106.000,0.000,208.0000,0.00,0.00,0.00,0.00,22048.00,0.00,False
1819,909,02118,97.000,0.000,260.0000,0.00,0.00,0.00,0.00,25220.00,0.00,False
1820,910,01004,25.000,0.000,320.0000,0.00,0.00,0.00,0.00,8000.00,0.00,False
1824,910,01009,25.000,0.000,1400.0000,0.00,0.00,0.00,0.00,35000.00,0.00,False
1835,910,01010,25.000,0.000,2400.0000,0.00,0.00,0.00,0.00,60000.00,0.00,False
1822,910,01021,30.000,0.000,340.0000,0.00,0.00,0.00,0.00,10200.00,0.00,False
1828,910,01028,50.000,0.000,1450.0000,0.00,0.00,0.00,0.00,72500.00,0.00,False
1825,910,01031,25.000,0.000,6200.0000,0.00,0.00,0.00,0.00,155000.00,0.00,False
1823,910,01034,50.000,0.000,380.0000,0.00,0.00,0.00,0.00,19000.00,0.00,False
1827,910,01038,105.000,0.000,490.0000,0.00,0.00,0.00,0.00,51450.00,0.00,False
1821,910,01041,25.000,0.000,520.0000,0.00,0.00,0.00,0.00,13000.00,0.00,False
1839,910,01045,70.000,0.000,350.0000,0.00,0.00,0.00,0.00,24500.00,0.00,False
1829,910,01053,25.000,0.000,16500.0000,0.00,0.00,0.00,0.00,412500.00,0.00,False
1830,910,01054,25.000,0.000,16500.0000,0.00,0.00,0.00,0.00,412500.00,0.00,False
1834,910,01055,25.000,0.000,1450.0000,0.00,0.00,0.00,0.00,36250.00,0.00,False
1832,910,01056,25.000,0.000,17500.0000,0.00,0.00,0.00,0.00,437500.00,0.00,False
1833,910,01057,25.000,0.000,12000.0000,0.00,0.00,0.00,0.00,300000.00,0.00,False
1826,910,01058,50.000,0.000,1350.0000,0.00,0.00,0.00,0.00,67500.00,0.00,False
1836,910,01060,25.000,0.000,950.0000,0.00,0.00,0.00,0.00,23750.00,0.00,False
1838,910,01061,25.000,0.000,320.0000,0.00,0.00,0.00,0.00,8000.00,0.00,False
1831,910,01143,100.000,0.000,3200.0000,0.00,0.00,0.00,0.00,320000.00,0.00,False
1837,910,01187,25.000,0.000,300.0000,0.00,0.00,0.00,0.00,7500.00,0.00,False
1840,911,02014,221.000,0.000,480.0000,0.00,0.00,0.00,0.00,106080.00,0.00,False
1841,912,02004,276.000,0.000,208.0000,0.00,0.00,0.00,0.00,57408.00,0.00,False
1843,913,02143,32.000,0.000,40.0000,0.00,0.00,0.00,0.00,1280.00,0.00,False
1842,913,02147,600.000,0.000,15.0000,0.00,0.00,0.00,0.00,9000.00,0.00,False
1844,914,02258,200.000,0.000,40.0000,0.00,0.00,0.00,0.00,8000.00,0.00,False
1848,915,01006,100.000,0.000,15.0000,0.00,0.00,0.00,0.00,1500.00,0.00,False
1847,915,01044,50.000,0.000,130.0000,0.00,0.00,0.00,0.00,6500.00,0.00,False
1846,915,01047,300.000,0.000,80.0000,0.00,0.00,0.00,0.00,24000.00,0.00,False
1845,915,01070,3.000,0.000,6000.0000,0.00,0.00,0.00,0.00,18000.00,0.00,False
1849,916,02097,120.000,0.000,121.0000,0.00,0.00,0.00,0.00,14520.00,0.00,False
1851,917,01003,10000.000,0.000,14.0000,0.00,0.00,0.00,0.00,140000.00,0.00,False
1850,917,01015,10000.000,0.000,16.0000,0.00,0.00,0.00,0.00,160000.00,0.00,False
1852,917,01192,400.000,0.000,35.0000,0.00,0.00,0.00,0.00,14000.00,0.00,False
1853,918,01006,300.000,0.000,15.0000,0.00,0.00,0.00,0.00,4500.00,0.00,False
1854,919,01190,19000.000,0.000,32.0000,0.00,0.00,0.00,0.00,608000.00,0.00,False
1856,920,02002,15.000,0.000,163.0000,0.00,0.00,0.00,0.00,2445.00,0.00,False
1857,920,02003,80.000,0.000,216.0000,0.00,0.00,0.00,0.00,17280.00,0.00,False
1855,920,02006,100.000,0.000,190.0000,0.00,0.00,0.00,0.00,19000.00,0.00,False
1858,921,02266,26.000,0.000,75.0000,0.00,0.00,0.00,0.00,1950.00,0.00,False
1859,921,02298,132.000,0.000,40.0000,0.00,0.00,0.00,0.00,5280.00,0.00,False
1861,922,02014,136.000,0.000,480.0000,0.00,0.00,0.00,0.00,65280.00,0.00,False
1860,922,02236,68.000,0.000,530.0000,0.00,0.00,0.00,0.00,36040.00,0.00,False
1863,923,02097,144.000,0.000,120.0000,0.00,0.00,0.00,0.00,17280.00,0.00,False
1870,923,02299,13400.000,0.000,6.2970,0.00,0.00,0.00,0.00,84379.80,0.00,False
1864,924,02047,15.000,0.000,40.0000,0.00,0.00,0.00,0.00,600.00,0.00,False
1865,924,02300,15.000,0.000,40.0000,0.00,0.00,0.00,0.00,600.00,0.00,False
1866,925,02236,255.000,0.000,530.0000,0.00,0.00,0.00,0.00,135150.00,0.00,False
1867,926,01042,50.000,0.000,150.0000,0.00,0.00,0.00,0.00,7500.00,0.00,False
1868,927,02122,40.000,0.000,40.0000,0.00,0.00,0.00,0.00,1600.00,0.00,False
1869,927,02301,64.000,0.000,40.0000,0.00,0.00,0.00,0.00,2560.00,0.00,False
1872,928,01024,7.000,0.000,5500.0000,0.00,0.00,0.00,0.00,38500.00,0.00,False
1871,928,01026,7.000,0.000,6500.0000,0.00,0.00,0.00,0.00,45500.00,0.00,False
2135,928,01036,215.000,0.000,520.0000,0.00,0.00,0.00,0.00,111800.00,0.00,False
1876,928,01038,35.000,0.000,490.0000,0.00,0.00,0.00,0.00,17150.00,0.00,False
1875,928,01045,275.000,0.000,350.0000,0.00,0.00,0.00,0.00,96250.00,0.00,False
1873,928,01046,25.000,0.000,9500.0000,0.00,0.00,0.00,0.00,237500.00,0.00,False
1877,928,01104,5.000,0.000,1400.0000,0.00,0.00,0.00,0.00,7000.00,0.00,False
1874,928,01115,50.000,0.000,1400.0000,0.00,0.00,0.00,0.00,70000.00,0.00,False
1878,929,02266,40.000,0.000,75.0000,0.00,0.00,0.00,0.00,3000.00,0.00,False
1879,929,02271,40.000,0.000,30.0000,0.00,0.00,0.00,0.00,1200.00,0.00,False
1880,929,02272,90.000,0.000,40.0000,0.00,0.00,0.00,0.00,3600.00,0.00,False
1881,930,02015,1200.000,0.000,270.0000,0.00,0.00,0.00,0.00,324000.00,0.00,False
1882,931,01016,7000.000,0.000,10.0000,0.00,0.00,0.00,0.00,70000.00,0.00,False
1884,932,01055,50.000,0.000,1450.0000,0.00,0.00,0.00,0.00,72500.00,0.00,False
1883,932,01073,25.000,0.000,480.0000,0.00,0.00,0.00,0.00,12000.00,0.00,False
1885,933,02002,100.000,0.000,178.0000,0.00,0.00,0.00,0.00,17800.00,0.00,False
1887,934,01017,5.000,0.000,3500.0000,0.00,0.00,0.00,0.00,17500.00,0.00,False
1886,934,01047,600.000,0.000,80.0000,0.00,0.00,0.00,0.00,48000.00,0.00,False
1888,935,01050,7.000,0.000,3150.0000,0.00,0.00,0.00,0.00,22050.00,0.00,False
1889,936,01042,100.000,0.000,150.0000,0.00,0.00,0.00,0.00,15000.00,0.00,False
1890,937,02035,1050.000,0.000,30.0000,0.00,0.00,0.00,0.00,31500.00,0.00,False
1891,938,02004,359.000,0.000,208.0000,0.00,0.00,0.00,0.00,74672.00,0.00,False
1893,939,01031,25.000,0.000,6200.0000,0.00,0.00,0.00,0.00,155000.00,0.00,False
1892,939,01050,50.000,0.000,3150.0000,0.00,0.00,0.00,0.00,157500.00,0.00,False
1897,940,02154,102.000,0.000,530.0000,0.00,0.00,0.00,0.00,54060.00,0.00,False
1895,940,02162,102.000,0.000,530.0000,0.00,0.00,0.00,0.00,54060.00,0.00,False
1894,940,02252,102.000,0.000,530.0000,0.00,0.00,0.00,0.00,54060.00,0.00,False
1896,940,02253,102.000,0.000,530.0000,0.00,0.00,0.00,0.00,54060.00,0.00,False
1898,941,02014,119.000,0.000,480.0000,0.00,0.00,0.00,0.00,57120.00,0.00,False
1899,942,02002,44.000,0.000,163.0000,0.00,0.00,0.00,0.00,7172.00,0.00,False
1900,942,02004,20.000,0.000,201.0000,0.00,0.00,0.00,0.00,4020.00,0.00,False
1901,943,01007,100.000,0.000,62.0000,0.00,0.00,0.00,0.00,6200.00,0.00,False
1902,944,02097,425.000,0.000,150.0000,0.00,0.00,0.00,0.00,63750.00,0.00,False
1904,945,02047,66.000,0.000,40.0000,0.00,0.00,0.00,0.00,2640.00,0.00,False
1905,945,02114,1950.000,0.000,25.0000,0.00,0.00,0.00,0.00,48750.00,0.00,False
1903,945,02122,64.000,0.000,40.0000,0.00,0.00,0.00,0.00,2560.00,0.00,False
1906,946,01043,360.000,0.000,12.5000,0.00,0.00,0.00,0.00,4500.00,0.00,False
1907,947,02059,100.000,0.000,155.0000,0.00,0.00,0.00,0.00,15500.00,0.00,False
1908,948,02014,306.000,0.000,480.0000,0.00,0.00,0.00,0.00,146880.00,0.00,False
1912,949,02271,40.000,0.000,40.0000,0.00,0.00,0.00,0.00,1600.00,0.00,False
1911,949,02297,40.000,0.000,40.0000,0.00,0.00,0.00,0.00,1600.00,0.00,False
1909,949,02302,490.000,0.000,30.0000,0.00,0.00,0.00,0.00,14700.00,0.00,False
1910,949,02303,490.000,0.000,30.0000,0.00,0.00,0.00,0.00,14700.00,0.00,False
1915,950,01006,1600.000,0.000,15.0000,0.00,0.00,0.00,0.00,24000.00,0.00,False
1913,950,01017,2.000,0.000,4000.0000,0.00,0.00,0.00,0.00,8000.00,0.00,False
1922,950,01044,200.000,0.000,128.0000,0.00,0.00,0.00,0.00,25600.00,0.00,False
1914,950,01070,2.000,0.000,4500.0000,0.00,0.00,0.00,0.00,9000.00,0.00,False
1916,951,01192,850.000,0.000,35.0000,0.00,0.00,0.00,0.00,29750.00,0.00,False
1919,952,02159,102.000,0.000,530.0000,0.00,0.00,0.00,0.00,54060.00,0.00,False
1917,952,02226,120.000,0.000,270.0000,0.00,0.00,0.00,0.00,32400.00,0.00,False
1918,952,02229,120.000,0.000,270.0000,0.00,0.00,0.00,0.00,32400.00,0.00,False
1920,953,01020,760.000,0.000,418.0000,0.00,0.00,0.00,0.00,317680.00,0.00,False
1921,954,01028,25.000,0.000,1450.0000,0.00,0.00,0.00,0.00,36250.00,0.00,False
1923,955,01016,2500.000,0.000,10.0000,0.00,0.00,0.00,0.00,25000.00,0.00,False
1924,956,01184,90.000,0.000,366.0000,0.00,0.00,0.00,0.00,32940.00,0.00,False
1925,957,02061,120.000,0.000,270.0000,0.00,0.00,0.00,0.00,32400.00,0.00,False
1927,958,01006,400.000,0.000,15.0000,0.00,0.00,0.00,0.00,6000.00,0.00,False
1934,958,01007,90.000,0.000,50.0000,0.00,0.00,0.00,0.00,4500.00,0.00,False
1926,958,01044,50.000,0.000,128.0000,0.00,0.00,0.00,0.00,6400.00,0.00,False
1930,959,02146,52.000,0.000,90.0000,0.00,0.00,0.00,0.00,4680.00,0.00,False
1929,959,02160,52.000,0.000,90.0000,0.00,0.00,0.00,0.00,4680.00,0.00,False
1928,959,02258,100.000,0.000,40.0000,0.00,0.00,0.00,0.00,4000.00,0.00,False
1932,959,02301,48.000,0.000,50.0000,0.00,0.00,0.00,0.00,2400.00,0.00,False
1931,959,02304,22.000,0.000,90.0000,0.00,0.00,0.00,0.00,1980.00,0.00,False
1933,960,02128,120.000,0.000,900.0000,0.00,0.00,0.00,0.00,108000.00,0.00,False
1935,961,02097,24.000,0.000,150.0000,0.00,0.00,0.00,0.00,3600.00,0.00,False
1936,962,02300,30.000,0.000,50.0000,0.00,0.00,0.00,0.00,1500.00,0.00,False
1938,963,02147,24.000,0.000,40.0000,0.00,0.00,0.00,0.00,960.00,0.00,False
1937,963,02300,45.000,0.000,40.0000,0.00,0.00,0.00,0.00,1800.00,0.00,False
1939,964,02097,60.000,0.000,150.0000,0.00,0.00,0.00,0.00,9000.00,0.00,False
1940,965,01042,50.000,0.000,150.0000,0.00,0.00,0.00,0.00,7500.00,0.00,False
1941,965,01043,80.000,0.000,18.7500,0.00,0.00,0.00,0.00,1500.00,0.00,False
1942,966,02128,380.000,0.000,900.0000,0.00,0.00,0.00,0.00,342000.00,0.00,False
1943,967,01017,0.500,0.000,4000.0000,0.00,0.00,0.00,0.00,2000.00,0.00,False
1945,968,02147,24.000,0.000,40.0000,0.00,0.00,0.00,0.00,960.00,0.00,False
1944,968,02300,45.000,0.000,40.0000,0.00,0.00,0.00,0.00,1800.00,0.00,False
1946,969,02028,32.000,0.000,40.0000,0.00,0.00,0.00,0.00,1280.00,0.00,False
1947,969,02237,32.000,0.000,40.0000,0.00,0.00,0.00,0.00,1280.00,0.00,False
1948,969,02297,72.000,0.000,40.0000,0.00,0.00,0.00,0.00,2880.00,0.00,False
1949,970,02160,54.000,0.000,50.0000,0.00,0.00,0.00,0.00,2700.00,0.00,False
1952,971,01011,20.000,0.000,3200.0000,0.00,0.00,0.00,0.00,64000.00,0.00,False
1951,971,01041,50.000,0.000,520.0000,0.00,0.00,0.00,0.00,26000.00,0.00,False
1950,971,01058,50.000,0.000,1350.0000,0.00,0.00,0.00,0.00,67500.00,0.00,False
1956,972,02091,45.000,0.000,40.0000,0.00,0.00,0.00,0.00,1800.00,0.00,False
1958,972,02093,18.000,0.000,40.0000,0.00,0.00,0.00,0.00,720.00,0.00,False
1953,972,02164,66.000,0.000,40.0000,0.00,0.00,0.00,0.00,2640.00,0.00,False
1954,972,02165,45.000,0.000,40.0000,0.00,0.00,0.00,0.00,1800.00,0.00,False
1957,972,02167,126.000,0.000,40.0000,0.00,0.00,0.00,0.00,5040.00,0.00,False
1959,972,02231,80.000,0.000,40.0000,0.00,0.00,0.00,0.00,3200.00,0.00,False
1955,972,02284,30.000,0.000,40.0000,0.00,0.00,0.00,0.00,1200.00,0.00,False
1960,972,02305,120.000,0.000,40.0000,0.00,0.00,0.00,0.00,4800.00,0.00,False
1962,973,01104,25.000,0.000,1400.0000,0.00,0.00,0.00,0.00,35000.00,0.00,False
1961,973,01176,1.000,0.000,8500.0000,0.00,0.00,0.00,0.00,8500.00,0.00,False
1963,974,02014,85.000,0.000,480.0000,0.00,0.00,0.00,0.00,40800.00,0.00,False
1964,974,02061,120.000,0.000,270.0000,0.00,0.00,0.00,0.00,32400.00,0.00,False
1966,975,02002,21.000,0.000,185.0000,0.00,0.00,0.00,0.00,3885.00,0.00,False
1965,975,02004,89.000,0.000,208.0000,0.00,0.00,0.00,0.00,18512.00,0.00,False
1967,976,01043,560.000,0.000,12.5000,0.00,0.00,0.00,0.00,7000.00,0.00,False
1968,977,02274,1505.000,0.000,76.0000,0.00,0.00,0.00,0.00,114380.00,0.00,False
1981,978,01001,3.500,0.000,1450.0000,0.00,0.00,0.00,0.00,5075.00,0.00,False
1976,978,01004,25.000,0.000,320.0000,0.00,0.00,0.00,0.00,8000.00,0.00,False
1970,978,01009,50.000,0.000,1450.0000,0.00,0.00,0.00,0.00,72500.00,0.00,False
1977,978,01017,3.000,0.000,3400.0000,0.00,0.00,0.00,0.00,10200.00,0.00,False
1980,978,01021,60.000,0.000,340.0000,0.00,0.00,0.00,0.00,20400.00,0.00,False
1979,978,01023,10.000,0.000,4800.0000,0.00,0.00,0.00,0.00,48000.00,0.00,False
1978,978,01025,10.000,0.000,4800.0000,0.00,0.00,0.00,0.00,48000.00,0.00,False
1971,978,01028,25.000,0.000,1450.0000,0.00,0.00,0.00,0.00,36250.00,0.00,False
1975,978,01034,25.000,0.000,380.0000,0.00,0.00,0.00,0.00,9500.00,0.00,False
1972,978,01038,70.000,0.000,490.0000,0.00,0.00,0.00,0.00,34300.00,0.00,False
1969,978,01055,75.000,0.000,1450.0000,0.00,0.00,0.00,0.00,108750.00,0.00,False
1974,978,01060,25.000,0.000,950.0000,0.00,0.00,0.00,0.00,23750.00,0.00,False
1973,978,01073,25.000,0.000,480.0000,0.00,0.00,0.00,0.00,12000.00,0.00,False
1982,979,01047,400.000,0.000,81.0000,0.00,0.00,0.00,0.00,32400.00,0.00,False
1983,980,02097,156.000,0.000,150.0000,0.00,0.00,0.00,0.00,23400.00,0.00,False
1984,981,02004,86.000,0.000,208.0000,0.00,0.00,0.00,0.00,17888.00,0.00,False
1985,981,02306,95.000,0.000,260.0000,0.00,0.00,0.00,0.00,24700.00,0.00,False
1988,982,02010,50000.000,0.000,7.0300,0.00,0.00,0.00,0.00,351500.00,0.00,False
1986,982,02054,40.000,0.000,162.5000,0.00,0.00,0.00,0.00,6500.00,0.00,False
1987,982,02076,100.000,0.000,20.0000,0.00,0.00,0.00,0.00,2000.00,0.00,False
1989,983,01042,100.000,0.000,150.0000,0.00,0.00,0.00,0.00,15000.00,0.00,False
1992,984,02232,1006.000,0.000,30.0000,0.00,0.00,0.00,0.00,30180.00,0.00,False
1990,984,02256,1150.000,0.000,16.0000,0.00,0.00,0.00,0.00,18400.00,0.00,False
1991,984,02264,200.000,0.000,50.0000,0.00,0.00,0.00,0.00,10000.00,0.00,False
1993,985,02230,236.000,0.000,270.0000,0.00,0.00,0.00,0.00,63720.00,0.00,False
1994,986,02150,55.000,0.000,150.0000,0.00,0.00,0.00,0.00,8250.00,0.00,False
1995,986,02208,1000.000,0.000,76.0000,0.00,0.00,0.00,0.00,76000.00,0.00,False
1996,987,02156,102.000,0.000,530.0000,0.00,0.00,0.00,0.00,54060.00,0.00,False
1997,988,01016,7500.000,0.000,10.0000,0.00,0.00,0.00,0.00,75000.00,0.00,False
1998,989,02140,100.000,0.000,750.0000,0.00,0.00,0.00,0.00,75000.00,0.00,False
1999,990,01183,300.000,0.000,185.0000,0.00,0.00,0.00,0.00,55500.00,0.00,False
2000,991,02159,102.000,0.000,530.0000,0.00,0.00,0.00,0.00,54060.00,0.00,False
2001,991,02162,102.000,0.000,530.0000,0.00,0.00,0.00,0.00,54060.00,0.00,False
2002,991,02249,120.000,0.000,270.0000,0.00,0.00,0.00,0.00,32400.00,0.00,False
2003,992,01043,800.000,0.000,12.5000,0.00,0.00,0.00,0.00,10000.00,0.00,False
2004,993,02140,100.000,0.000,750.0000,0.00,0.00,0.00,0.00,75000.00,0.00,False
2006,994,01013,35.000,0.000,192.0000,0.00,0.00,0.00,0.00,6720.00,0.00,False
2005,994,01028,30.000,0.000,1450.0000,0.00,0.00,0.00,0.00,43500.00,0.00,False
2007,995,02229,120.000,0.000,270.0000,0.00,0.00,0.00,0.00,32400.00,0.00,False
2016,996,01007,60.000,0.000,65.0000,0.00,0.00,0.00,0.00,3900.00,0.00,False
2015,996,01033,60.000,0.000,50.0000,0.00,0.00,0.00,0.00,3000.00,0.00,False
2008,996,01059,204.000,0.000,60.2941,0.00,0.00,0.00,0.00,12300.00,0.00,False
2009,997,02143,60.000,0.000,40.0000,0.00,0.00,0.00,0.00,2400.00,0.00,False
2011,997,02160,52.000,0.000,75.0000,0.00,0.00,0.00,0.00,3900.00,0.00,False
2010,997,02237,20.000,0.000,40.0000,0.00,0.00,0.00,0.00,800.00,0.00,False
2012,997,02266,32.000,0.000,75.0000,0.00,0.00,0.00,0.00,2400.00,0.00,False
2013,997,02272,32.000,0.000,40.0000,0.00,0.00,0.00,0.00,1280.00,0.00,False
2014,998,02160,52.000,0.000,90.0000,0.00,0.00,0.00,0.00,4680.00,0.00,False
2017,999,01044,1100.000,0.000,128.1818,0.00,0.00,0.00,0.00,140999.98,0.00,False
2024,1000,02061,300.000,0.000,270.0000,0.00,0.00,0.00,0.00,81000.00,0.00,False
2020,1000,02161,102.000,0.000,530.0000,0.00,0.00,0.00,0.00,54060.00,0.00,False
2018,1000,02162,102.000,0.000,530.0000,0.00,0.00,0.00,0.00,54060.00,0.00,False
2019,1000,02182,102.000,0.000,530.0000,0.00,0.00,0.00,0.00,54060.00,0.00,False
2022,1000,02205,180.000,0.000,270.0000,0.00,0.00,0.00,0.00,48600.00,0.00,False
2023,1000,02226,120.000,0.000,270.0000,0.00,0.00,0.00,0.00,32400.00,0.00,False
2021,1000,02236,646.000,0.000,530.0000,0.00,0.00,0.00,0.00,342380.00,0.00,False
2026,1001,01003,10000.000,0.000,14.0000,0.00,0.00,0.00,0.00,140000.00,0.00,False
2028,1001,01006,10000.000,0.000,14.0000,0.00,0.00,0.00,0.00,140000.00,0.00,False
2025,1001,01015,9000.000,0.000,16.0000,0.00,0.00,0.00,0.00,144000.00,0.00,False
2027,1001,01192,5000.000,0.000,35.0000,0.00,0.00,0.00,0.00,175000.00,0.00,False
2029,1002,01047,450.000,0.000,79.8800,0.00,0.00,0.00,0.00,35946.00,0.00,False
2030,1003,01023,25.000,0.000,4800.0000,0.00,0.00,0.00,0.00,120000.00,0.00,False
2032,1003,01024,5.000,0.000,5500.0000,0.00,0.00,0.00,0.00,27500.00,0.00,False
2031,1003,01025,25.000,0.000,4800.0000,0.00,0.00,0.00,0.00,120000.00,0.00,False
2033,1003,01026,5.000,0.000,6500.0000,0.00,0.00,0.00,0.00,32500.00,0.00,False
2034,1004,02259,120.000,0.000,270.0000,0.00,0.00,0.00,0.00,32400.00,0.00,False
2036,1005,02034,1000.000,0.000,76.0000,0.00,0.00,0.00,0.00,76000.00,0.00,False
2035,1005,02053,1000.000,0.000,76.0000,0.00,0.00,0.00,0.00,76000.00,0.00,False
2041,1006,01018,100.000,0.000,380.0000,0.00,0.00,0.00,0.00,38000.00,0.00,False
2037,1006,01034,2.500,0.000,425.0000,0.00,0.00,0.00,0.00,1062.50,0.00,False
2038,1006,01195,11.000,0.000,850.0000,0.00,0.00,0.00,0.00,9350.00,0.00,False
2039,1006,01196,11.000,0.000,1250.0000,0.00,0.00,0.00,0.00,13750.00,0.00,False
2040,1006,01197,1.000,0.000,3800.0000,0.00,0.00,0.00,0.00,3800.00,0.00,False
2042,1006,01198,0.500,0.000,18000.0000,0.00,0.00,0.00,0.00,9000.00,0.00,False
2053,1006,01199,0.500,0.000,23000.0000,0.00,0.00,0.00,0.00,11500.00,0.00,False
2054,1006,01200,1.000,0.000,1250.0000,0.00,0.00,0.00,0.00,1250.00,0.00,False
2043,1007,01035,1.000,0.000,1200.0000,0.00,0.00,0.00,0.00,1200.00,0.00,False
2044,1008,02004,158.000,0.000,208.0000,0.00,0.00,0.00,0.00,32864.00,0.00,False
2045,1008,02006,102.000,0.000,190.0000,0.00,0.00,0.00,0.00,19380.00,0.00,False
2046,1008,02059,61.000,0.000,155.0000,0.00,0.00,0.00,0.00,9455.00,0.00,False
2047,1009,02176,1175.000,0.000,12.0000,0.00,0.00,0.00,0.00,14100.00,0.00,False
2048,1009,02177,1175.000,0.000,12.0000,0.00,0.00,0.00,0.00,14100.00,0.00,False
2049,1010,02006,40.000,0.000,183.0000,0.00,0.00,0.00,0.00,7320.00,0.00,False
2051,1011,02033,1510.000,0.000,135.0000,0.00,0.00,0.00,0.00,203850.00,0.00,False
2052,1011,02307,1000.000,0.000,135.0000,0.00,0.00,0.00,0.00,135000.00,0.00,False
2050,1011,02308,2026.000,0.000,135.0000,0.00,0.00,0.00,0.00,273510.00,0.00,False
2057,1012,02311,100.000,0.000,1650.0000,0.00,0.00,0.00,0.00,165000.00,0.00,False
2059,1013,01042,50.000,0.000,150.0000,0.00,0.00,0.00,0.00,7500.00,0.00,False
2058,1013,01043,720.000,0.000,12.5000,0.00,0.00,0.00,0.00,9000.00,0.00,False
2060,1014,01016,7500.000,0.000,10.0000,0.00,0.00,0.00,0.00,75000.00,0.00,False
2061,1015,02127,1006.000,0.000,30.0000,0.00,0.00,0.00,0.00,30180.00,0.00,False
2066,1015,02312,199.000,0.000,60.0000,0.00,0.00,0.00,0.00,11940.00,0.00,False
2062,1016,01003,11000.000,0.000,14.0000,0.00,0.00,0.00,0.00,154000.00,0.00,False
2064,1016,01006,1500.000,0.000,14.0000,0.00,0.00,0.00,0.00,21000.00,0.00,False
2063,1016,01015,11000.000,0.000,16.0000,0.00,0.00,0.00,0.00,176000.00,0.00,False
2065,1016,01192,750.000,0.000,34.0000,0.00,0.00,0.00,0.00,25500.00,0.00,False
2068,1017,01044,350.000,0.000,128.0000,0.00,0.00,0.00,0.00,44800.00,0.00,False
2067,1017,01047,250.000,0.000,84.0000,0.00,0.00,0.00,0.00,21000.00,0.00,False
2069,1018,02014,323.000,0.000,480.0000,0.00,0.00,0.00,0.00,155040.00,0.00,False
2070,1019,02272,64.000,0.000,40.0000,0.00,0.00,0.00,0.00,2560.00,0.00,False
2071,1019,02305,64.000,0.000,40.0000,0.00,0.00,0.00,0.00,2560.00,0.00,False
2072,1020,01028,25.000,0.000,1450.0000,0.00,0.00,0.00,0.00,36250.00,0.00,False
2075,1021,01004,25.000,0.000,320.0000,0.00,0.00,0.00,0.00,8000.00,0.00,False
2073,1021,01009,150.000,0.000,1450.0000,0.00,0.00,0.00,0.00,217500.00,0.00,False
2076,1021,01010,25.000,0.000,2400.0000,0.00,0.00,0.00,0.00,60000.00,0.00,False
2078,1021,01017,25.000,0.000,3400.0000,0.00,0.00,0.00,0.00,85000.00,0.00,False
2077,1021,01031,25.000,0.000,6200.0000,0.00,0.00,0.00,0.00,155000.00,0.00,False
2074,1021,01048,25.000,0.000,1450.0000,0.00,0.00,0.00,0.00,36250.00,0.00,False
2082,1022,02128,65.000,0.000,900.0000,0.00,0.00,0.00,0.00,58500.00,0.00,False
2083,1023,02314,10000.000,0.000,7.5000,0.00,0.00,0.00,0.00,75000.00,0.00,False
2084,1024,01193,25.000,0.000,920.0000,0.00,0.00,0.00,0.00,23000.00,0.00,False
2085,1025,02009,3200.000,0.000,12.0000,0.00,0.00,0.00,0.00,38400.00,0.00,False
2088,1026,02018,19700.000,0.000,11.0000,0.00,0.00,0.00,0.00,216700.00,0.00,False
2086,1026,02020,19700.000,0.000,11.0000,0.00,0.00,0.00,0.00,216700.00,0.00,False
2091,1026,02051,18400.000,0.000,21.5000,0.00,0.00,0.00,0.00,395600.00,0.00,False
2095,1026,02170,400.000,0.000,30.0000,0.00,0.00,0.00,0.00,12000.00,0.00,False
2092,1026,02213,1435.000,0.000,135.0000,0.00,0.00,0.00,0.00,193725.00,0.00,False
2089,1026,02224,5700.000,0.000,11.0000,0.00,0.00,0.00,0.00,62700.00,0.00,False
2087,1026,02278,19700.000,0.000,11.0000,0.00,0.00,0.00,0.00,216700.00,0.00,False
2090,1026,02313,11700.000,0.000,11.0000,0.00,0.00,0.00,0.00,128700.00,0.00,False
2093,1026,02315,21780.000,0.000,21.5000,0.00,0.00,0.00,0.00,468270.00,0.00,False
2094,1026,02316,10000.000,0.000,6.5000,0.00,0.00,0.00,0.00,65000.00,0.00,False
2096,1027,01007,90.000,0.000,50.0000,0.00,0.00,0.00,0.00,4500.00,0.00,False
2098,1028,02007,38.000,0.000,236.0000,0.00,0.00,0.00,0.00,8968.00,0.00,False
2097,1028,02317,30.000,0.000,146.0000,0.00,0.00,0.00,0.00,4380.00,0.00,False
2099,1029,02231,55.000,0.000,40.0000,0.00,0.00,0.00,0.00,2200.00,0.00,False
2100,1029,02289,35.000,0.000,40.0000,0.00,0.00,0.00,0.00,1400.00,0.00,False
2101,1030,02237,60.000,0.000,40.0000,0.00,0.00,0.00,0.00,2400.00,0.00,False
2102,1030,02286,60.000,0.000,40.0000,0.00,0.00,0.00,0.00,2400.00,0.00,False
2104,1031,02028,16.000,0.000,40.0000,0.00,0.00,0.00,0.00,640.00,0.00,False
2106,1031,02048,75.000,0.000,40.0000,0.00,0.00,0.00,0.00,3000.00,0.00,False
2103,1031,02129,6.000,0.000,75.0000,0.00,0.00,0.00,0.00,450.00,0.00,False
2105,1031,02167,120.000,0.000,40.0000,0.00,0.00,0.00,0.00,4800.00,0.00,False
2108,1031,02191,15925.000,0.000,9.5000,0.00,0.00,0.00,0.00,151287.50,0.00,False
2107,1031,02192,15925.000,0.000,9.5000,0.00,0.00,0.00,0.00,151287.50,0.00,False
2109,1031,02319,15925.000,0.000,9.5000,0.00,0.00,0.00,0.00,151287.50,0.00,False
2110,1031,02320,15925.000,0.000,9.5000,0.00,0.00,0.00,0.00,151287.50,0.00,False
2111,1031,02321,29900.000,0.000,13.5000,0.00,0.00,0.00,0.00,403650.00,0.00,False
2113,1032,02061,60.000,0.000,270.0000,0.00,0.00,0.00,0.00,16200.00,0.00,False
2112,1032,02230,60.000,0.000,270.0000,0.00,0.00,0.00,0.00,16200.00,0.00,False
2114,1033,02002,39.000,0.000,158.0000,0.00,0.00,0.00,0.00,6162.00,0.00,False
2115,1034,02019,19500.000,0.000,12.5000,0.00,0.00,0.00,0.00,243750.00,0.00,False
2118,1034,02210,36.000,0.000,40.0000,0.00,0.00,0.00,0.00,1440.00,0.00,False
2117,1034,02262,36.000,0.000,40.0000,0.00,0.00,0.00,0.00,1440.00,0.00,False
2116,1034,02299,21500.000,0.000,21.5000,0.00,0.00,0.00,0.00,462250.00,0.00,False
2119,1034,02300,36.000,0.000,40.0000,0.00,0.00,0.00,0.00,1440.00,0.00,False
2121,1034,02322,45.000,0.000,130.0000,0.00,0.00,0.00,0.00,5850.00,0.00,False
2120,1034,02323,36.000,0.000,40.0000,0.00,0.00,0.00,0.00,1440.00,0.00,False
2122,1035,02097,72.000,0.000,150.0000,0.00,0.00,0.00,0.00,10800.00,0.00,False
2123,1036,01003,1000.000,0.000,14.0000,0.00,0.00,0.00,0.00,14000.00,0.00,False
2124,1037,02014,136.000,0.000,480.0000,0.00,0.00,0.00,0.00,65280.00,0.00,False
2125,1038,02006,60.000,0.000,190.0000,0.00,0.00,0.00,0.00,11400.00,0.00,False
2126,1038,02324,70.000,0.000,172.0000,0.00,0.00,0.00,0.00,12040.00,0.00,False
2127,1039,02004,38.000,0.000,201.0000,0.00,0.00,0.00,0.00,7638.00,0.00,False
2128,1040,02267,40.000,0.000,45.0000,0.00,0.00,0.00,0.00,1800.00,0.00,False
2129,1040,02322,60.000,0.000,130.0000,0.00,0.00,0.00,0.00,7800.00,0.00,False
2133,1041,01013,25.000,0.000,192.0000,0.00,0.00,0.00,0.00,4800.00,0.00,False
2132,1041,01028,30.000,0.000,1450.0000,0.00,0.00,0.00,0.00,43500.00,0.00,False
2130,1041,01038,105.000,0.000,490.0000,0.00,0.00,0.00,0.00,51450.00,0.00,False
2131,1041,01041,50.000,0.000,520.0000,0.00,0.00,0.00,0.00,26000.00,0.00,False
2136,1042,01027,25.000,0.000,340.0000,0.00,0.00,0.00,0.00,8500.00,0.00,False
2134,1042,01117,20.000,0.000,450.0000,0.00,0.00,0.00,0.00,9000.00,0.00,False
2154,1043,01003,10000.000,0.000,14.0000,0.00,0.00,0.00,0.00,140000.00,0.00,False
2138,1043,01006,750.000,0.000,14.0000,0.00,0.00,0.00,0.00,10500.00,0.00,False
2137,1043,01015,18000.000,0.000,16.0000,0.00,0.00,0.00,0.00,288000.00,0.00,False
2139,1044,01016,7000.000,0.000,10.0000,0.00,0.00,0.00,0.00,70000.00,0.00,False
2140,1045,01184,30.000,0.000,366.0000,0.00,0.00,0.00,0.00,10980.00,0.00,False
2141,1046,01055,4.000,0.000,1450.0000,0.00,0.00,0.00,0.00,5800.00,0.00,False
2142,1047,02014,136.000,0.000,480.0000,0.00,0.00,0.00,0.00,65280.00,0.00,False
2143,1048,01002,25.000,0.000,120.0000,0.00,0.00,0.00,0.00,3000.00,0.00,False
2145,1048,01035,9.000,0.000,1200.0000,0.00,0.00,0.00,0.00,10800.00,0.00,False
2144,1048,01047,100.000,0.000,82.0000,0.00,0.00,0.00,0.00,8200.00,0.00,False
2146,1049,01105,25.000,0.000,300.0000,0.00,0.00,0.00,0.00,7500.00,0.00,False
2147,1050,02076,200.000,0.000,20.0000,0.00,0.00,0.00,0.00,4000.00,0.00,False
2149,1051,02028,28.000,0.000,40.0000,0.00,0.00,0.00,0.00,1120.00,0.00,False
2152,1051,02029,50.000,0.000,40.0000,0.00,0.00,0.00,0.00,2000.00,0.00,False
2148,1051,02146,50.000,0.000,90.0000,0.00,0.00,0.00,0.00,4500.00,0.00,False
2151,1051,02147,30.000,0.000,40.0000,0.00,0.00,0.00,0.00,1200.00,0.00,False
2153,1051,02200,240.000,0.000,40.0000,0.00,0.00,0.00,0.00,9600.00,0.00,False
2150,1051,02272,28.000,0.000,40.0000,0.00,0.00,0.00,0.00,1120.00,0.00,False
2155,1051,02297,58.000,0.000,40.0000,0.00,0.00,0.00,0.00,2320.00,0.00,False
2156,1052,02014,119.000,0.000,480.0000,0.00,0.00,0.00,0.00,57120.00,0.00,False
2157,1053,02226,120.000,0.000,270.0000,0.00,0.00,0.00,0.00,32400.00,0.00,False
2159,1053,02227,120.000,0.000,270.0000,0.00,0.00,0.00,0.00,32400.00,0.00,False
2162,1053,02228,120.000,0.000,270.0000,0.00,0.00,0.00,0.00,32400.00,0.00,False
2163,1053,02229,120.000,0.000,270.0000,0.00,0.00,0.00,0.00,32400.00,0.00,False
2160,1053,02230,180.000,0.000,270.0000,0.00,0.00,0.00,0.00,48600.00,0.00,False
2161,1053,02249,240.000,0.000,270.0000,0.00,0.00,0.00,0.00,64800.00,0.00,False
2158,1053,02251,120.000,0.000,270.0000,0.00,0.00,0.00,0.00,32400.00,0.00,False
2164,1053,02259,120.000,0.000,270.0000,0.00,0.00,0.00,0.00,32400.00,0.00,False
2173,1054,01002,25.000,0.000,120.0000,0.00,0.00,0.00,0.00,3000.00,0.00,False
2166,1054,01020,760.000,0.000,310.0000,0.00,0.00,0.00,0.00,235600.00,0.00,False
2165,1054,01042,50.000,0.000,150.0000,0.00,0.00,0.00,0.00,7500.00,0.00,False
2172,1054,01047,100.000,0.000,80.0000,0.00,0.00,0.00,0.00,8000.00,0.00,False
2167,1055,02015,500.000,0.000,280.0000,0.00,0.00,0.00,0.00,140000.00,0.00,False
2170,1056,01010,25.000,0.000,2400.0000,0.00,0.00,0.00,0.00,60000.00,0.00,False
2171,1056,01021,30.000,0.000,390.0000,0.00,0.00,0.00,0.00,11700.00,0.00,False
2169,1056,01041,50.000,0.000,550.0000,0.00,0.00,0.00,0.00,27500.00,0.00,False
2168,1056,01045,275.000,0.000,340.0000,0.00,0.00,0.00,0.00,93500.00,0.00,False
2174,1057,02317,16.000,0.000,141.0000,0.00,0.00,0.00,0.00,2256.00,0.00,False
2175,1058,02004,308.000,0.000,208.0000,0.00,0.00,0.00,0.00,64064.00,0.00,False
2176,1058,02006,203.000,0.000,190.0000,0.00,0.00,0.00,0.00,38570.00,0.00,False
2178,1058,02007,103.000,0.000,237.0000,0.00,0.00,0.00,0.00,24411.00,0.00,False
2177,1058,02059,105.000,0.000,155.0000,0.00,0.00,0.00,0.00,16275.00,0.00,False
2180,1059,02029,64.000,0.000,40.0000,0.00,0.00,0.00,0.00,2560.00,0.00,False
2179,1059,02160,104.000,0.000,90.0000,0.00,0.00,0.00,0.00,9360.00,0.00,False
2181,1059,02200,120.000,0.000,40.0000,0.00,0.00,0.00,0.00,4800.00,0.00,False
2183,1059,02271,40.000,0.000,40.0000,0.00,0.00,0.00,0.00,1600.00,0.00,False
2182,1059,02301,64.000,0.000,40.0000,0.00,0.00,0.00,0.00,2560.00,0.00,False
2185,1060,01058,5.000,0.000,1650.0000,0.00,0.00,0.00,0.00,8250.00,0.00,False
2184,1060,01070,0.500,0.000,4400.0000,0.00,0.00,0.00,0.00,2200.00,0.00,False
2186,1060,01184,60.000,0.000,366.0000,0.00,0.00,0.00,0.00,21960.00,0.00,False
2187,1061,02059,202.000,0.000,155.0000,0.00,0.00,0.00,0.00,31310.00,0.00,False
2188,1062,01013,25.000,0.000,452.0000,0.00,0.00,0.00,0.00,11300.00,0.00,False
2189,1063,01058,2.000,0.000,1900.0000,0.00,0.00,0.00,0.00,3800.00,0.00,False
2190,1064,01015,10000.000,0.000,16.0000,0.00,0.00,0.00,0.00,160000.00,0.00,False
2191,1064,01192,2500.000,0.000,35.0000,0.00,0.00,0.00,0.00,87500.00,0.00,False
2192,1065,01187,75.000,0.000,128.0000,0.00,0.00,0.00,0.00,9600.00,0.00,False
2194,1066,01055,50.000,0.000,1450.0000,0.00,0.00,0.00,0.00,72500.00,0.00,False
2193,1066,01058,50.000,0.000,1450.0000,0.00,0.00,0.00,0.00,72500.00,0.00,False
2195,1067,01006,2250.000,0.000,14.0000,0.00,0.00,0.00,0.00,31500.00,0.00,False
2196,1068,02230,120.000,0.000,270.0000,0.00,0.00,0.00,0.00,32400.00,0.00,False
2197,1069,01003,150.000,0.000,14.0000,0.00,0.00,0.00,0.00,2100.00,0.00,False
2198,1070,02015,1200.000,0.000,270.0000,0.00,0.00,0.00,0.00,324000.00,0.00,False
2199,1071,02014,442.000,0.000,480.0000,0.00,0.00,0.00,0.00,212160.00,0.00,False
2200,1072,01184,60.000,0.000,366.0000,0.00,0.00,0.00,0.00,21960.00,0.00,False
2201,1072,01186,60.000,0.000,36.6666,0.00,0.00,0.00,0.00,2200.00,0.00,False
2202,1073,02004,60.000,0.000,194.0000,0.00,0.00,0.00,0.00,11640.00,0.00,False
2203,1073,02059,104.000,0.000,165.0000,0.00,0.00,0.00,0.00,17160.00,0.00,False
2205,1074,01042,50.000,0.000,150.0000,0.00,0.00,0.00,0.00,7500.00,0.00,False
2204,1074,01043,1400.000,0.000,12.5000,0.00,0.00,0.00,0.00,17500.00,0.00,False
2206,1075,02009,3800.000,0.000,12.0000,0.00,0.00,0.00,0.00,45600.00,0.00,False
2207,1076,01006,400.000,0.000,14.0000,0.00,0.00,0.00,0.00,5600.00,0.00,False
2208,1077,02168,200.000,0.000,40.0000,0.00,0.00,0.00,0.00,8000.00,0.00,False
2210,1078,01033,215.000,0.000,60.4651,0.00,0.00,0.00,0.00,13000.00,0.00,False
2209,1078,01059,1428.000,0.000,44.8179,0.00,0.00,0.00,0.00,63999.96,0.00,False
2211,1078,01183,700.000,0.000,195.0000,0.00,0.00,0.00,0.00,136500.00,0.00,False
2214,1079,02220,10.000,0.000,40.0000,0.00,0.00,0.00,0.00,400.00,0.00,False
2213,1079,02271,40.000,0.000,40.0000,0.00,0.00,0.00,0.00,1600.00,0.00,False
2212,1079,02272,25.000,0.000,40.0000,0.00,0.00,0.00,0.00,1000.00,0.00,False
2215,1080,01047,250.000,0.000,78.0000,0.00,0.00,0.00,0.00,19500.00,0.00,False
2216,1081,01016,2500.000,0.000,10.0000,0.00,0.00,0.00,0.00,25000.00,0.00,False
2217,1082,01016,2500.000,0.000,10.0000,0.00,0.00,0.00,0.00,25000.00,0.00,False
2218,1083,02322,300.000,0.000,40.0000,0.00,0.00,0.00,0.00,12000.00,0.00,False
2219,1084,02015,1950.000,0.000,250.0000,0.00,0.00,0.00,0.00,487500.00,0.00,False
2221,1085,02004,207.000,0.000,208.0000,0.00,0.00,0.00,0.00,43056.00,0.00,False
2220,1085,02059,100.000,0.000,155.0000,0.00,0.00,0.00,0.00,15500.00,0.00,False
2231,1086,02061,240.000,0.000,270.0000,0.00,0.00,0.00,0.00,64800.00,0.00,False
2229,1086,02156,85.000,0.000,530.0000,0.00,0.00,0.00,0.00,45050.00,0.00,False
2228,1086,02159,68.000,0.000,530.0000,0.00,0.00,0.00,0.00,36040.00,0.00,False
2222,1086,02225,120.000,0.000,270.0000,0.00,0.00,0.00,0.00,32400.00,0.00,False
2223,1086,02226,240.000,0.000,270.0000,0.00,0.00,0.00,0.00,64800.00,0.00,False
2227,1086,02227,120.000,0.000,270.0000,0.00,0.00,0.00,0.00,32400.00,0.00,False
2224,1086,02229,120.000,0.000,270.0000,0.00,0.00,0.00,0.00,32400.00,0.00,False
2225,1086,02230,120.000,0.000,270.0000,0.00,0.00,0.00,0.00,32400.00,0.00,False
2226,1086,02251,240.000,0.000,270.0000,0.00,0.00,0.00,0.00,64800.00,0.00,False
2230,1087,01020,760.000,0.000,310.0000,0.00,0.00,0.00,0.00,235600.00,0.00,False
2232,1088,02228,120.000,0.000,270.0000,0.00,0.00,0.00,0.00,32400.00,0.00,False
2233,1088,02255,120.000,0.000,270.0000,0.00,0.00,0.00,0.00,32400.00,0.00,False
2236,1089,02047,30.000,0.000,50.0000,0.00,0.00,0.00,0.00,1500.00,0.00,False
2234,1089,02160,100.000,0.000,90.0000,0.00,0.00,0.00,0.00,9000.00,0.00,False
2238,1089,02214,10.000,0.000,150.0000,0.00,0.00,0.00,0.00,1500.00,0.00,False
2237,1089,02265,90.000,0.000,50.0000,0.00,0.00,0.00,0.00,4500.00,0.00,False
2239,1089,02291,200.000,0.000,40.0000,0.00,0.00,0.00,0.00,8000.00,0.00,False
2235,1089,02301,120.000,0.000,60.0000,0.00,0.00,0.00,0.00,7200.00,0.00,False
2240,1090,02002,25.000,0.000,165.0000,0.00,0.00,0.00,0.00,4125.00,0.00,False
2243,1091,01011,20.000,0.000,3600.0000,0.00,0.00,0.00,0.00,72000.00,0.00,False
2241,1091,01031,5.000,0.000,6200.0000,0.00,0.00,0.00,0.00,31000.00,0.00,False
2242,1091,01034,25.000,0.000,380.0000,0.00,0.00,0.00,0.00,9500.00,0.00,False
2245,1091,01038,70.000,0.000,490.0000,0.00,0.00,0.00,0.00,34300.00,0.00,False
2246,1091,01041,25.000,0.000,520.0000,0.00,0.00,0.00,0.00,13000.00,0.00,False
2244,1091,01072,20.000,0.000,12500.0000,0.00,0.00,0.00,0.00,250000.00,0.00,False
2247,1092,02047,48.000,0.000,50.0000,0.00,0.00,0.00,0.00,2400.00,0.00,False
2249,1092,02091,45.000,0.000,50.0000,0.00,0.00,0.00,0.00,2250.00,0.00,False
2250,1092,02096,135.000,0.000,50.0000,0.00,0.00,0.00,0.00,6750.00,0.00,False
2251,1092,02220,45.000,0.000,40.0000,0.00,0.00,0.00,0.00,1800.00,0.00,False
2248,1092,02300,30.000,0.000,50.0000,0.00,0.00,0.00,0.00,1500.00,0.00,False
2252,1093,02097,325.000,0.000,150.0000,0.00,0.00,0.00,0.00,48750.00,0.00,False
2253,1094,01007,205.000,0.000,50.0000,0.00,0.00,0.00,0.00,10250.00,0.00,False
2254,1094,01042,100.000,0.000,150.0000,0.00,0.00,0.00,0.00,15000.00,0.00,False
2255,1095,01003,1750.000,0.000,22.0000,0.00,0.00,0.00,0.00,38500.00,0.00,False
2265,1096,02042,200.000,0.000,40.0000,0.00,0.00,0.00,0.00,8000.00,0.00,False
2261,1096,02083,12.000,0.000,40.0000,0.00,0.00,0.00,0.00,480.00,0.00,False
2257,1096,02221,30.000,0.000,40.0000,0.00,0.00,0.00,0.00,1200.00,0.00,False
2264,1096,02222,100.000,0.000,40.0000,0.00,0.00,0.00,0.00,4000.00,0.00,False
2266,1096,02245,200.000,0.000,40.0000,0.00,0.00,0.00,0.00,8000.00,0.00,False
2263,1096,02248,8.000,0.000,50.0000,0.00,0.00,0.00,0.00,400.00,0.00,False
2262,1096,02262,12.000,0.000,40.0000,0.00,0.00,0.00,0.00,480.00,0.00,False
2256,1096,02325,30.000,0.000,40.0000,0.00,0.00,0.00,0.00,1200.00,0.00,False
2260,1096,02326,12.000,0.000,40.0000,0.00,0.00,0.00,0.00,480.00,0.00,False
2258,1096,02327,30.000,0.000,40.0000,0.00,0.00,0.00,0.00,1200.00,0.00,False
2259,1096,02328,30.000,0.000,40.0000,0.00,0.00,0.00,0.00,1200.00,0.00,False
2267,1097,02014,255.000,0.000,500.0000,0.00,0.00,0.00,0.00,127500.00,0.00,False
2268,1098,01015,10500.000,0.000,20.0000,0.00,0.00,0.00,0.00,210000.00,0.00,False
2269,1099,01016,7500.000,0.000,10.0000,0.00,0.00,0.00,0.00,75000.00,0.00,False
2270,1100,01006,500.000,0.000,15.0000,0.00,0.00,0.00,0.00,7500.00,0.00,False
2271,1101,02174,1000.000,0.000,80.0000,0.00,0.00,0.00,0.00,80000.00,0.00,False
2273,1102,02014,170.000,0.000,500.0000,0.00,0.00,0.00,0.00,85000.00,0.00,False
2272,1102,02154,51.000,0.000,530.0000,0.00,0.00,0.00,0.00,27030.00,0.00,False
2274,1103,01003,1250.000,0.000,19.0000,0.00,0.00,0.00,0.00,23750.00,0.00,False
2275,1104,01144,17750.000,0.000,30.0000,0.00,0.00,0.00,0.00,532500.00,0.00,False
2276,1105,01013,25.000,0.000,160.0000,0.00,0.00,0.00,0.00,4000.00,0.00,False
2277,1106,02061,120.000,0.000,270.0000,0.00,0.00,0.00,0.00,32400.00,0.00,False
2278,1106,02159,34.000,0.000,530.0000,0.00,0.00,0.00,0.00,18020.00,0.00,False
2279,1107,01043,1040.000,0.000,12.5000,0.00,0.00,0.00,0.00,13000.00,0.00,False
2280,1108,02004,189.000,0.000,208.0000,0.00,0.00,0.00,0.00,39312.00,0.00,False
2281,1108,02059,94.000,0.000,155.0000,0.00,0.00,0.00,0.00,14570.00,0.00,False
2284,1109,01034,10.000,0.000,380.0000,0.00,0.00,0.00,0.00,3800.00,0.00,False
2282,1109,01050,25.000,0.000,2600.0000,0.00,0.00,0.00,0.00,65000.00,0.00,False
2286,1109,01065,5.000,0.000,220.0000,0.00,0.00,0.00,0.00,1100.00,0.00,False
2283,1109,01115,25.000,0.000,4800.0000,0.00,0.00,0.00,0.00,120000.00,0.00,False
2285,1109,01197,1.000,0.000,1250.0000,0.00,0.00,0.00,0.00,1250.00,0.00,False
2287,1110,01003,3000.000,0.000,19.0000,0.00,0.00,0.00,0.00,57000.00,0.00,False
2288,1111,02128,100.000,0.000,1250.0000,0.00,0.00,0.00,0.00,125000.00,0.00,False
2290,1112,02061,120.000,0.000,270.0000,0.00,0.00,0.00,0.00,32400.00,0.00,False
2289,1112,02182,17.000,0.000,530.0000,0.00,0.00,0.00,0.00,9010.00,0.00,False
2291,1113,02061,120.000,0.000,270.0000,0.00,0.00,0.00,0.00,32400.00,0.00,False
2292,1114,01003,500.000,0.000,19.0000,0.00,0.00,0.00,0.00,9500.00,0.00,False
2293,1115,02097,60.000,0.000,150.0000,0.00,0.00,0.00,0.00,9000.00,0.00,False
2294,1115,02140,35.000,0.000,900.0000,0.00,0.00,0.00,0.00,31500.00,0.00,False
2296,1116,01047,100.000,0.000,78.0000,0.00,0.00,0.00,0.00,7800.00,0.00,False
2295,1116,01183,350.000,0.000,193.0000,0.00,0.00,0.00,0.00,67550.00,0.00,False
2298,1117,02150,40.000,0.000,140.0000,0.00,0.00,0.00,0.00,5600.00,0.00,False
2297,1117,02166,120.000,0.000,40.0000,0.00,0.00,0.00,0.00,4800.00,0.00,False
2299,1118,02014,170.000,0.000,500.0000,0.00,0.00,0.00,0.00,85000.00,0.00,False
2303,1119,01033,160.000,0.000,60.0000,0.00,0.00,0.00,0.00,9600.00,0.00,False
2302,1119,01042,50.000,0.000,150.0000,0.00,0.00,0.00,0.00,7500.00,0.00,False
2300,1119,01043,800.000,0.000,12.5000,0.00,0.00,0.00,0.00,10000.00,0.00,False
2301,1119,01059,680.000,0.000,63.2352,0.00,0.00,0.00,0.00,42999.94,0.00,False
2304,1120,01016,2500.000,0.000,10.0000,0.00,0.00,0.00,0.00,25000.00,0.00,False
2305,1121,02097,120.000,0.000,150.0000,0.00,0.00,0.00,0.00,18000.00,0.00,False
2306,1122,01004,25.000,0.000,300.0000,0.00,0.00,0.00,0.00,7500.00,0.00,False
2307,1123,02002,10.000,0.000,165.0000,0.00,0.00,0.00,0.00,1650.00,0.00,False
2308,1124,02291,240.000,0.000,40.0000,0.00,0.00,0.00,0.00,9600.00,0.00,False
2309,1125,01016,2500.000,0.000,10.0000,0.00,0.00,0.00,0.00,25000.00,0.00,False
2310,1126,01047,200.000,0.000,80.0000,0.00,0.00,0.00,0.00,16000.00,0.00,False
2311,1126,01184,60.000,0.000,350.0000,0.00,0.00,0.00,0.00,21000.00,0.00,False
2312,1127,02014,408.000,0.000,500.0000,0.00,0.00,0.00,0.00,204000.00,0.00,False
2313,1128,02004,76.000,0.000,201.0000,0.00,0.00,0.00,0.00,15276.00,0.00,False
2316,1129,01013,25.000,0.000,192.0000,0.00,0.00,0.00,0.00,4800.00,0.00,False
2319,1129,01021,30.000,0.000,340.0000,0.00,0.00,0.00,0.00,10200.00,0.00,False
2314,1129,01024,2.000,0.000,5500.0000,0.00,0.00,0.00,0.00,11000.00,0.00,False
2315,1129,01026,2.000,0.000,6500.0000,0.00,0.00,0.00,0.00,13000.00,0.00,False
2320,1129,01038,70.000,0.000,540.0000,0.00,0.00,0.00,0.00,37800.00,0.00,False
2318,1129,01055,25.000,0.000,1400.0000,0.00,0.00,0.00,0.00,35000.00,0.00,False
2317,1129,01058,25.000,0.000,1200.0000,0.00,0.00,0.00,0.00,30000.00,0.00,False
2321,1129,01060,25.000,0.000,900.0000,0.00,0.00,0.00,0.00,22500.00,0.00,False
2322,1130,02163,140.000,0.000,40.0000,0.00,0.00,0.00,0.00,5600.00,0.00,False
2323,1131,01003,2200.000,0.000,19.0000,0.00,0.00,0.00,0.00,41800.00,0.00,False
2324,1132,01042,50.000,0.000,150.0000,0.00,0.00,0.00,0.00,7500.00,0.00,False
2325,1133,02274,1005.000,0.000,80.0000,0.00,0.00,0.00,0.00,80400.00,0.00,False
2326,1134,01047,150.000,0.000,82.0000,0.00,0.00,0.00,0.00,12300.00,0.00,False
2327,1135,01003,3500.000,0.000,19.0000,0.00,0.00,0.00,0.00,66500.00,0.00,False
2328,1136,02306,95.000,0.000,185.0000,0.00,0.00,0.00,0.00,17575.00,0.00,False
2329,1137,01060,25.000,0.000,900.0000,0.00,0.00,0.00,0.00,22500.00,0.00,False
2330,1137,01143,25.000,0.000,3200.0000,0.00,0.00,0.00,0.00,80000.00,0.00,False
2332,1138,02054,80.000,0.000,165.0000,0.00,0.00,0.00,0.00,13200.00,0.00,False
2331,1138,02097,180.000,0.000,150.0000,0.00,0.00,0.00,0.00,27000.00,0.00,False
2334,1139,02002,40.000,0.000,180.0000,0.00,0.00,0.00,0.00,7200.00,0.00,False
2333,1139,02004,30.000,0.000,228.0000,0.00,0.00,0.00,0.00,6840.00,0.00,False
2335,1140,01016,2500.000,0.000,12.0000,0.00,0.00,0.00,0.00,30000.00,0.00,False
2336,1141,02256,1430.000,0.000,16.0000,0.00,0.00,0.00,0.00,22880.00,0.00,False
2337,1142,01043,1200.000,0.000,12.5000,0.00,0.00,0.00,0.00,15000.00,0.00,False
2338,1143,01050,25.000,0.000,2900.0000,0.00,0.00,0.00,0.00,72500.00,0.00,False
2339,1144,02028,64.000,0.000,40.0000,0.00,0.00,0.00,0.00,2560.00,0.00,False
2341,1144,02126,190.000,0.000,40.0000,0.00,0.00,0.00,0.00,7600.00,0.00,False
2343,1144,02127,1015.000,0.000,30.0000,0.00,0.00,0.00,0.00,30450.00,0.00,False
2340,1144,02146,54.000,0.000,90.0000,0.00,0.00,0.00,0.00,4860.00,0.00,False
2342,1144,02245,190.000,0.000,40.0000,0.00,0.00,0.00,0.00,7600.00,0.00,False
2344,1145,01187,25.000,0.000,200.0000,0.00,0.00,0.00,0.00,5000.00,0.00,False
2346,1146,02061,180.000,0.000,270.0000,0.00,0.00,0.00,0.00,48600.00,0.00,False
2364,1146,02154,102.000,0.000,530.0000,0.00,0.00,0.00,0.00,54060.00,0.00,False
2359,1146,02155,102.000,0.000,530.0000,0.00,0.00,0.00,0.00,54060.00,0.00,False
2360,1146,02156,102.000,0.000,530.0000,0.00,0.00,0.00,0.00,54060.00,0.00,False
2363,1146,02159,153.000,0.000,530.0000,0.00,0.00,0.00,0.00,81090.00,0.00,False
2361,1146,02161,102.000,0.000,530.0000,0.00,0.00,0.00,0.00,54060.00,0.00,False
2356,1146,02162,102.000,0.000,530.0000,0.00,0.00,0.00,0.00,54060.00,0.00,False
2358,1146,02182,34.000,0.000,530.0000,0.00,0.00,0.00,0.00,18020.00,0.00,False
2355,1146,02199,51.000,0.000,530.0000,0.00,0.00,0.00,0.00,27030.00,0.00,False
2352,1146,02205,300.000,0.000,270.0000,0.00,0.00,0.00,0.00,81000.00,0.00,False
2348,1146,02225,240.000,0.000,270.0000,0.00,0.00,0.00,0.00,64800.00,0.00,False
2351,1146,02226,240.000,0.000,270.0000,0.00,0.00,0.00,0.00,64800.00,0.00,False
2349,1146,02228,120.000,0.000,270.0000,0.00,0.00,0.00,0.00,32400.00,0.00,False
2345,1146,02229,240.000,0.000,270.0000,0.00,0.00,0.00,0.00,64800.00,0.00,False
2347,1146,02230,360.000,0.000,270.0000,0.00,0.00,0.00,0.00,97200.00,0.00,False
2357,1146,02235,51.000,0.000,530.0000,0.00,0.00,0.00,0.00,27030.00,0.00,False
2362,1146,02243,102.000,0.000,530.0000,0.00,0.00,0.00,0.00,54060.00,0.00,False
2354,1146,02249,240.000,0.000,270.0000,0.00,0.00,0.00,0.00,64800.00,0.00,False
2353,1146,02255,120.000,0.000,270.0000,0.00,0.00,0.00,0.00,32400.00,0.00,False
2350,1146,02259,240.000,0.000,270.0000,0.00,0.00,0.00,0.00,64800.00,0.00,False
2365,1147,02174,1020.000,0.000,80.0000,0.00,0.00,0.00,0.00,81600.00,0.00,False
2369,1147,02176,2330.000,0.000,12.0000,0.00,0.00,0.00,0.00,27960.00,0.00,False
2368,1147,02177,2330.000,0.000,12.0000,0.00,0.00,0.00,0.00,27960.00,0.00,False
2367,1147,02232,1040.000,0.000,30.0000,0.00,0.00,0.00,0.00,31200.00,0.00,False
2366,1147,02339,870.000,0.000,25.0000,0.00,0.00,0.00,0.00,21750.00,0.00,False
2370,1148,01144,38000.000,0.000,20.0000,0.00,0.00,0.00,0.00,760000.00,0.00,False
2372,1149,02002,60.000,0.000,160.0000,0.00,0.00,0.00,0.00,9600.00,0.00,False
2371,1149,02006,45.000,0.000,165.0000,0.00,0.00,0.00,0.00,7425.00,0.00,False
2373,1150,01144,38000.000,0.000,20.0000,0.00,0.00,0.00,0.00,760000.00,0.00,False
2374,1151,01007,1000.000,0.000,35.0000,0.00,0.00,0.00,0.00,35000.00,0.00,False
2376,1151,01042,50.000,0.000,150.0000,0.00,0.00,0.00,0.00,7500.00,0.00,False
2375,1152,01016,2500.000,0.000,10.0000,0.00,0.00,0.00,0.00,25000.00,0.00,False
2377,1153,02061,540.000,0.000,270.0000,0.00,0.00,0.00,0.00,145800.00,0.00,False
2378,1154,02128,216.000,0.000,1250.0000,0.00,0.00,0.00,0.00,270000.00,0.00,False
2379,1155,01010,25.000,0.000,2500.0000,0.00,0.00,0.00,0.00,62500.00,0.00,False
2380,1155,01058,25.000,0.000,3700.0000,0.00,0.00,0.00,0.00,92500.00,0.00,False
2383,1156,02028,40.000,0.000,40.0000,0.00,0.00,0.00,0.00,1600.00,0.00,False
2385,1156,02029,60.000,0.000,40.0000,0.00,0.00,0.00,0.00,2400.00,0.00,False
2386,1156,02093,32.000,0.000,40.0000,0.00,0.00,0.00,0.00,1280.00,0.00,False
2381,1156,02122,28.000,0.000,40.0000,0.00,0.00,0.00,0.00,1120.00,0.00,False
2387,1156,02262,40.000,0.000,40.0000,0.00,0.00,0.00,0.00,1600.00,0.00,False
2382,1156,02272,60.000,0.000,40.0000,0.00,0.00,0.00,0.00,2400.00,0.00,False
2384,1156,02304,60.000,0.000,90.0000,0.00,0.00,0.00,0.00,5400.00,0.00,False
2388,1157,01003,2500.000,0.000,19.0000,0.00,0.00,0.00,0.00,47500.00,0.00,False
2390,1158,02014,170.000,0.000,500.0000,0.00,0.00,0.00,0.00,85000.00,0.00,False
2389,1158,02061,720.000,0.000,270.0000,0.00,0.00,0.00,0.00,194400.00,0.00,False
2391,1159,02004,193.000,0.000,208.0000,0.00,0.00,0.00,0.00,40144.00,0.00,False
2392,1159,02059,94.000,0.000,160.0000,0.00,0.00,0.00,0.00,15040.00,0.00,False
2393,1160,01016,2500.000,0.000,12.0000,0.00,0.00,0.00,0.00,30000.00,0.00,False
2394,1161,01016,2500.000,0.000,12.0000,0.00,0.00,0.00,0.00,30000.00,0.00,False
2395,1162,01015,1250.000,0.000,17.0000,0.00,0.00,0.00,0.00,21250.00,0.00,False
2396,1163,02140,100.000,0.000,1000.0000,0.00,0.00,0.00,0.00,100000.00,0.00,False
2397,1164,01043,1200.000,0.000,12.5000,0.00,0.00,0.00,0.00,15000.00,0.00,False
2398,1165,02150,50.000,0.000,150.0000,0.00,0.00,0.00,0.00,7500.00,0.00,False
2399,1166,01015,18000.000,0.000,17.0000,0.00,0.00,0.00,0.00,306000.00,0.00,False
2410,1167,01001,10.000,0.000,1550.0000,0.00,0.00,0.00,0.00,15500.00,0.00,False
2405,1167,01004,25.000,0.000,300.0000,0.00,0.00,0.00,0.00,7500.00,0.00,False
2404,1167,01031,25.000,0.000,6200.0000,0.00,0.00,0.00,0.00,155000.00,0.00,False
2402,1167,01034,25.000,0.000,380.0000,0.00,0.00,0.00,0.00,9500.00,0.00,False
2407,1167,01041,50.000,0.000,520.0000,0.00,0.00,0.00,0.00,26000.00,0.00,False
2408,1167,01048,25.000,0.000,1400.0000,0.00,0.00,0.00,0.00,35000.00,0.00,False
2403,1167,01055,50.000,0.000,1400.0000,0.00,0.00,0.00,0.00,70000.00,0.00,False
2409,1167,01060,25.000,0.000,950.0000,0.00,0.00,0.00,0.00,23750.00,0.00,False
2412,1167,01075,1.000,0.000,4800.0000,0.00,0.00,0.00,0.00,4800.00,0.00,False
2406,1167,01105,25.000,0.000,410.0000,0.00,0.00,0.00,0.00,10250.00,0.00,False
2411,1167,01143,22.000,0.000,3200.0000,0.00,0.00,0.00,0.00,70400.00,0.00,False
2400,1167,01189,300.000,0.000,590.0000,0.00,0.00,0.00,0.00,177000.00,0.00,False
2401,1167,01201,120.000,0.000,600.0000,0.00,0.00,0.00,0.00,72000.00,0.00,False
2413,1168,01019,9.000,0.000,6000.0000,0.00,0.00,0.00,0.00,54000.00,0.00,False
2414,1168,01031,12.000,0.000,6100.0000,0.00,0.00,0.00,0.00,73200.00,0.00,False
2415,1169,02002,51.000,0.000,178.0000,0.00,0.00,0.00,0.00,9078.00,0.00,False
2416,1170,01192,1000.000,0.000,24.0000,0.00,0.00,0.00,0.00,24000.00,0.00,False
2417,1171,01016,21280.000,0.000,10.0000,0.00,0.00,0.00,0.00,212800.00,0.00,False
2420,1172,01006,2000.000,0.000,14.9500,0.00,0.00,0.00,0.00,29900.00,0.00,False
2419,1172,01044,200.000,0.000,125.0000,0.00,0.00,0.00,0.00,25000.00,0.00,False
2418,1172,01047,350.000,0.000,84.5714,0.00,0.00,0.00,0.00,29599.99,0.00,False
2421,1173,02004,195.000,0.000,208.0000,0.00,0.00,0.00,0.00,40560.00,0.00,False
2422,1174,02209,32.000,0.000,40.0000,0.00,0.00,0.00,0.00,1280.00,0.00,False
2423,1175,01003,10000.000,0.000,19.0000,0.00,0.00,0.00,0.00,190000.00,0.00,False
2430,1175,01042,50.000,0.000,160.0000,0.00,0.00,0.00,0.00,8000.00,0.00,False
2424,1176,02004,30.000,0.000,230.0000,0.00,0.00,0.00,0.00,6900.00,0.00,False
2429,1177,02034,1002.000,0.000,80.0000,0.00,0.00,0.00,0.00,80160.00,0.00,False
2428,1177,02274,1003.000,0.000,80.0000,0.00,0.00,0.00,0.00,80240.00,0.00,False
2425,1177,02334,140.000,0.000,40.0000,0.00,0.00,0.00,0.00,5600.00,0.00,False
2426,1177,02336,140.000,0.000,40.0000,0.00,0.00,0.00,0.00,5600.00,0.00,False
2427,1177,02337,140.000,0.000,40.0000,0.00,0.00,0.00,0.00,5600.00,0.00,False
2432,1178,02032,1000.000,0.000,140.0000,0.00,0.00,0.00,0.00,140000.00,0.00,False
2433,1178,02060,150.000,0.000,150.0000,0.00,0.00,0.00,0.00,22500.00,0.00,False
2434,1178,02298,150.000,0.000,40.0000,0.00,0.00,0.00,0.00,6000.00,0.00,False
2431,1178,02340,1005.000,0.000,80.0000,0.00,0.00,0.00,0.00,80400.00,0.00,False
2435,1179,02054,125.000,0.000,168.0000,0.00,0.00,0.00,0.00,21000.00,0.00,False
2436,1179,02097,240.000,0.000,150.0000,0.00,0.00,0.00,0.00,36000.00,0.00,False
2438,1180,02014,255.000,0.000,500.0000,0.00,0.00,0.00,0.00,127500.00,0.00,False
2437,1180,02061,240.000,0.000,270.0000,0.00,0.00,0.00,0.00,64800.00,0.00,False
2439,1181,01042,50.000,0.000,160.0000,0.00,0.00,0.00,0.00,8000.00,0.00,False
2441,1182,01042,50.000,0.000,170.0000,0.00,0.00,0.00,0.00,8500.00,0.00,False
2440,1182,01043,1160.000,0.000,12.5000,0.00,0.00,0.00,0.00,14500.00,0.00,False
2442,1182,01186,35.000,0.000,38.0000,0.00,0.00,0.00,0.00,1330.00,0.00,False
2444,1183,02215,100.000,0.000,40.0000,0.00,0.00,0.00,0.00,4000.00,0.00,False
2446,1183,02216,36.000,0.000,40.0000,0.00,0.00,0.00,0.00,1440.00,0.00,False
2443,1183,02218,55.000,0.000,150.0000,0.00,0.00,0.00,0.00,8250.00,0.00,False
2445,1183,02268,30.000,0.000,40.0000,0.00,0.00,0.00,0.00,1200.00,0.00,False
2447,1184,02002,36.000,0.000,178.0000,0.00,0.00,0.00,0.00,6408.00,0.00,False
2448,1184,02004,25.000,0.000,228.0000,0.00,0.00,0.00,0.00,5700.00,0.00,False
2449,1185,01184,60.000,0.000,366.6666,0.00,0.00,0.00,0.00,22000.00,0.00,False
2450,1186,02128,20.000,0.000,1250.0000,0.00,0.00,0.00,0.00,25000.00,0.00,False
2451,1186,02311,40.000,0.000,900.0000,0.00,0.00,0.00,0.00,36000.00,0.00,False
2453,1187,01002,25.000,0.000,120.0000,0.00,0.00,0.00,0.00,3000.00,0.00,False
2452,1187,01047,100.000,0.000,84.0000,0.00,0.00,0.00,0.00,8400.00,0.00,False
2455,1188,02040,200.000,0.000,40.0000,0.00,0.00,0.00,0.00,8000.00,0.00,False
2456,1188,02042,200.000,0.000,40.0000,0.00,0.00,0.00,0.00,8000.00,0.00,False
2458,1188,02067,450.000,0.000,20.0000,0.00,0.00,0.00,0.00,9000.00,0.00,False
2460,1188,02151,1050.000,0.000,30.0000,0.00,0.00,0.00,0.00,31500.00,0.00,False
2457,1188,02222,200.000,0.000,40.0000,0.00,0.00,0.00,0.00,8000.00,0.00,False
2454,1188,02332,60.000,0.000,80.0000,0.00,0.00,0.00,0.00,4800.00,0.00,False
2459,1188,02341,1050.000,0.000,30.0000,0.00,0.00,0.00,0.00,31500.00,0.00,False
2461,1189,01015,12500.000,0.000,17.0000,0.00,0.00,0.00,0.00,212500.00,0.00,False
2462,1190,01003,10000.000,0.000,19.0000,0.00,0.00,0.00,0.00,190000.00,0.00,False
2463,1190,01192,3000.000,0.000,24.0000,0.00,0.00,0.00,0.00,72000.00,0.00,False
2465,1191,02033,1000.000,0.000,140.0000,0.00,0.00,0.00,0.00,140000.00,0.00,False
2467,1191,02054,80.000,0.000,140.0000,0.00,0.00,0.00,0.00,11200.00,0.00,False
2464,1191,02264,200.000,0.000,40.0000,0.00,0.00,0.00,0.00,8000.00,0.00,False
2466,1191,02308,1066.000,0.000,140.0000,0.00,0.00,0.00,0.00,149240.00,0.00,False
2468,1191,02322,200.000,0.000,50.0000,0.00,0.00,0.00,0.00,10000.00,0.00,False
2469,1192,01035,2.000,0.000,1200.0000,0.00,0.00,0.00,0.00,2400.00,0.00,False
2470,1193,02097,60.000,0.000,150.0000,0.00,0.00,0.00,0.00,9000.00,0.00,False
2471,1194,02048,120.000,0.000,50.0000,0.00,0.00,0.00,0.00,6000.00,0.00,False
2472,1195,01006,5750.000,0.000,14.8000,0.00,0.00,0.00,0.00,85100.00,0.00,False
2473,1195,01044,625.000,0.000,126.4000,0.00,0.00,0.00,0.00,79000.00,0.00,False
2474,1196,02093,36.000,0.000,40.0000,0.00,0.00,0.00,0.00,1440.00,0.00,False
2476,1196,02122,24.000,0.000,40.0000,0.00,0.00,0.00,0.00,960.00,0.00,False
2475,1196,02165,72.000,0.000,50.0000,0.00,0.00,0.00,0.00,3600.00,0.00,False
2477,1196,02301,50.000,0.000,40.0000,0.00,0.00,0.00,0.00,2000.00,0.00,False
2478,1197,02097,120.000,0.000,150.0000,0.00,0.00,0.00,0.00,18000.00,0.00,False
2479,1198,01043,1360.000,0.000,12.5000,0.00,0.00,0.00,0.00,17000.00,0.00,False
2480,1199,01016,2500.000,0.000,10.0000,0.00,0.00,0.00,0.00,25000.00,0.00,False
2481,1200,02014,323.000,0.000,500.0000,0.00,0.00,0.00,0.00,161500.00,0.00,False
2483,1201,01009,250.000,0.000,1450.0000,0.00,0.00,0.00,0.00,362500.00,0.00,False
2484,1201,01038,140.000,0.000,540.0000,0.00,0.00,0.00,0.00,75600.00,0.00,False
2482,1201,01045,275.000,0.000,370.0000,0.00,0.00,0.00,0.00,101750.00,0.00,False
2485,1201,01046,25.000,0.000,9500.0000,0.00,0.00,0.00,0.00,237500.00,0.00,False
2486,1201,01058,25.000,0.000,1200.0000,0.00,0.00,0.00,0.00,30000.00,0.00,False
2487,1201,01202,1.000,0.000,3600.0000,0.00,0.00,0.00,0.00,3600.00,0.00,False
2488,1202,01016,20990.000,0.000,10.0000,0.00,0.00,0.00,0.00,209900.00,0.00,False
2489,1203,02342,80.000,0.000,6400.0000,0.00,0.00,0.00,0.00,512000.00,0.00,False
2491,1204,02262,40.000,0.000,40.0000,0.00,0.00,0.00,0.00,1600.00,0.00,False
2492,1204,02291,770.000,0.000,15.0000,0.00,0.00,0.00,0.00,11550.00,0.00,False
2490,1204,02343,40.000,0.000,40.0000,0.00,0.00,0.00,0.00,1600.00,0.00,False
2493,1205,01042,50.000,0.000,170.0000,0.00,0.00,0.00,0.00,8500.00,0.00,False
2494,1206,01043,2400.000,0.000,12.5000,0.00,0.00,0.00,0.00,30000.00,0.00,False
2495,1207,01011,20.000,0.000,3600.0000,0.00,0.00,0.00,0.00,72000.00,0.00,False
2496,1207,01013,25.000,0.000,160.0000,0.00,0.00,0.00,0.00,4000.00,0.00,False
2497,1207,01034,25.000,0.000,380.0000,0.00,0.00,0.00,0.00,9500.00,0.00,False
2501,1207,01050,55.000,0.000,2600.0000,0.00,0.00,0.00,0.00,143000.00,0.00,False
2498,1207,01053,25.000,0.000,11000.0000,0.00,0.00,0.00,0.00,275000.00,0.00,False
2499,1207,01054,25.000,0.000,16000.0000,0.00,0.00,0.00,0.00,400000.00,0.00,False
2502,1207,01060,25.000,0.000,900.0000,0.00,0.00,0.00,0.00,22500.00,0.00,False
2500,1207,01143,100.000,0.000,3200.0000,0.00,0.00,0.00,0.00,320000.00,0.00,False
2503,1208,01003,10600.000,0.000,14.0000,0.00,0.00,0.00,0.00,148400.00,0.00,False
2504,1209,02004,192.000,0.000,208.0000,0.00,0.00,0.00,0.00,39936.00,0.00,False
2505,1210,01003,10000.000,0.000,19.0000,0.00,0.00,0.00,0.00,190000.00,0.00,False
2507,1211,02026,60.000,0.000,40.0000,0.00,0.00,0.00,0.00,2400.00,0.00,False
2506,1211,02160,100.000,0.000,60.0000,0.00,0.00,0.00,0.00,6000.00,0.00,False
2508,1211,02262,72.000,0.000,40.0000,0.00,0.00,0.00,0.00,2880.00,0.00,False
2509,1211,02271,72.000,0.000,40.0000,0.00,0.00,0.00,0.00,2880.00,0.00,False
2511,1211,02330,140.000,0.000,40.0000,0.00,0.00,0.00,0.00,5600.00,0.00,False
2510,1211,02334,140.000,0.000,40.0000,0.00,0.00,0.00,0.00,5600.00,0.00,False
2514,1212,01020,525.000,0.000,550.0000,0.00,0.00,0.00,0.00,288750.00,0.00,False
2512,1212,01042,50.000,0.000,170.0000,0.00,0.00,0.00,0.00,8500.00,0.00,False
2513,1212,01184,90.000,0.000,366.6666,0.00,0.00,0.00,0.00,32999.99,0.00,False
2515,1213,01016,18000.000,0.000,10.0000,0.00,0.00,0.00,0.00,180000.00,0.00,False
2516,1214,02004,60.000,0.000,178.0000,0.00,0.00,0.00,0.00,10680.00,0.00,False
2517,1215,01042,50.000,0.000,170.0000,0.00,0.00,0.00,0.00,8500.00,0.00,False
2522,1216,01010,25.000,0.000,2600.0000,0.00,0.00,0.00,0.00,65000.00,0.00,False
2521,1216,01019,3.000,0.000,6000.0000,0.00,0.00,0.00,0.00,18000.00,0.00,False
2523,1216,01021,30.000,0.000,380.0000,0.00,0.00,0.00,0.00,11400.00,0.00,False
2518,1216,01031,25.000,0.000,6000.0000,0.00,0.00,0.00,0.00,150000.00,0.00,False
2519,1216,01189,40.000,0.000,590.0000,0.00,0.00,0.00,0.00,23600.00,0.00,False
2520,1216,01201,25.000,0.000,600.0000,0.00,0.00,0.00,0.00,15000.00,0.00,False
2524,1217,02004,193.000,0.000,208.0000,0.00,0.00,0.00,0.00,40144.00,0.00,False
2525,1218,02014,204.000,0.000,500.0000,0.00,0.00,0.00,0.00,102000.00,0.00,False
2526,1219,01043,800.000,0.000,12.5000,0.00,0.00,0.00,0.00,10000.00,0.00,False
2531,1220,02028,50.000,0.000,40.0000,0.00,0.00,0.00,0.00,2000.00,0.00,False
2533,1220,02041,30.000,0.000,90.0000,0.00,0.00,0.00,0.00,2700.00,0.00,False
2537,1220,02114,1300.000,0.000,30.0000,0.00,0.00,0.00,0.00,39000.00,0.00,False
2528,1220,02122,40.000,0.000,40.0000,0.00,0.00,0.00,0.00,1600.00,0.00,False
2536,1220,02173,1035.000,0.000,140.0000,0.00,0.00,0.00,0.00,144900.00,0.00,False
2535,1220,02174,1000.000,0.000,70.0000,0.00,0.00,0.00,0.00,70000.00,0.00,False
2534,1220,02234,30.000,0.000,90.0000,0.00,0.00,0.00,0.00,2700.00,0.00,False
2532,1220,02237,130.000,0.000,40.0000,0.00,0.00,0.00,0.00,5200.00,0.00,False
2527,1220,02271,60.000,0.000,40.0000,0.00,0.00,0.00,0.00,2400.00,0.00,False
2530,1220,02272,50.000,0.000,40.0000,0.00,0.00,0.00,0.00,2000.00,0.00,False
2529,1220,02301,160.000,0.000,40.0000,0.00,0.00,0.00,0.00,6400.00,0.00,False
2538,1220,02344,160.000,0.000,40.0000,0.00,0.00,0.00,0.00,6400.00,0.00,False
2539,1221,02014,459.000,0.000,500.0000,0.00,0.00,0.00,0.00,229500.00,0.00,False
2540,1222,02004,32.000,0.000,180.0000,0.00,0.00,0.00,0.00,5760.00,0.00,False
2542,1223,02002,50.000,0.000,130.0000,0.00,0.00,0.00,0.00,6500.00,0.00,False
2541,1223,02004,50.000,0.000,180.0000,0.00,0.00,0.00,0.00,9000.00,0.00,False
2543,1224,01002,25.000,0.000,120.0000,0.00,0.00,0.00,0.00,3000.00,0.00,False
2544,1224,01047,200.000,0.000,88.0000,0.00,0.00,0.00,0.00,17600.00,0.00,False
2547,1225,02092,20.000,0.000,40.0000,0.00,0.00,0.00,0.00,800.00,0.00,False
2546,1225,02093,20.000,0.000,40.0000,0.00,0.00,0.00,0.00,800.00,0.00,False
2548,1225,02209,20.000,0.000,40.0000,0.00,0.00,0.00,0.00,800.00,0.00,False
2545,1225,02220,20.000,0.000,40.0000,0.00,0.00,0.00,0.00,800.00,0.00,False
2549,1226,01043,800.000,0.000,12.5000,0.00,0.00,0.00,0.00,10000.00,0.00,False
2550,1227,01042,50.000,0.000,170.0000,0.00,0.00,0.00,0.00,8500.00,0.00,False
2551,1228,02004,345.000,0.000,208.0000,0.00,0.00,0.00,0.00,71760.00,0.00,False
2552,1229,02150,50.000,0.000,150.0000,0.00,0.00,0.00,0.00,7500.00,0.00,False
2553,1230,01043,1600.000,0.000,12.5000,0.00,0.00,0.00,0.00,20000.00,0.00,False
2554,1231,01190,38000.000,0.000,25.0000,0.00,0.00,0.00,0.00,950000.00,0.00,False
2555,1232,02235,68.000,0.000,530.0000,0.00,0.00,0.00,0.00,36040.00,0.00,False
2556,1233,01015,2750.000,0.000,16.0000,0.00,0.00,0.00,0.00,44000.00,0.00,False
2557,1234,01015,2500.000,0.000,16.0000,0.00,0.00,0.00,0.00,40000.00,0.00,False
2558,1235,01042,50.000,0.000,170.0000,0.00,0.00,0.00,0.00,8500.00,0.00,False
2559,1236,02014,170.000,0.000,500.0000,0.00,0.00,0.00,0.00,85000.00,0.00,False
2560,1237,02286,60.000,0.000,40.0000,0.00,0.00,0.00,0.00,2400.00,0.00,False
2561,1237,02345,25.000,0.000,75.0000,0.00,0.00,0.00,0.00,1875.00,0.00,False
2562,1238,01016,21630.000,0.000,10.0000,0.00,0.00,0.00,0.00,216300.00,0.00,False
2563,1239,02004,205.000,0.000,208.0000,0.00,0.00,0.00,0.00,42640.00,0.00,False
2564,1240,02140,100.000,0.000,900.0000,0.00,0.00,0.00,0.00,90000.00,0.00,False
2566,1241,02150,105.000,0.000,150.0000,0.00,0.00,0.00,0.00,15750.00,0.00,False
2565,1241,02312,300.000,0.000,90.0000,0.00,0.00,0.00,0.00,27000.00,0.00,False
2567,1242,02014,255.000,0.000,500.0000,0.00,0.00,0.00,0.00,127500.00,0.00,False
2568,1243,02002,25.000,0.000,168.0000,0.00,0.00,0.00,0.00,4200.00,0.00,False
2571,1244,02026,800.000,0.000,25.0000,0.00,0.00,0.00,0.00,20000.00,0.00,False
2572,1244,02029,530.000,0.000,25.0000,0.00,0.00,0.00,0.00,13250.00,0.00,False
2569,1244,02067,300.000,0.000,40.0000,0.00,0.00,0.00,0.00,12000.00,0.00,False
2573,1244,02245,199.000,0.000,25.0000,0.00,0.00,0.00,0.00,4975.00,0.00,False
2570,1244,02256,1000.000,0.000,30.0000,0.00,0.00,0.00,0.00,30000.00,0.00,False
2574,1244,02347,530.000,0.000,25.0000,0.00,0.00,0.00,0.00,13250.00,0.00,False
2575,1245,01041,25.000,0.000,480.0000,0.00,0.00,0.00,0.00,12000.00,0.00,False
2576,1245,01058,25.000,0.000,1600.0000,0.00,0.00,0.00,0.00,40000.00,0.00,False
2577,1246,02097,252.000,0.000,150.0000,0.00,0.00,0.00,0.00,37800.00,0.00,False
2578,1247,02306,101.000,0.000,180.0000,0.00,0.00,0.00,0.00,18180.00,0.00,False
2579,1248,02128,220.000,0.000,1250.0000,0.00,0.00,0.00,0.00,275000.00,0.00,False
2580,1249,01020,760.000,0.000,400.0000,0.00,0.00,0.00,0.00,304000.00,0.00,False
2581,1250,01190,38605.000,0.000,20.0000,0.00,0.00,0.00,0.00,772100.00,0.00,False
2582,1251,01028,25.000,0.000,1480.0000,0.00,0.00,0.00,0.00,37000.00,0.00,False
2583,1252,01184,30.000,0.000,366.6666,0.00,0.00,0.00,0.00,11000.00,0.00,False
2584,1253,02210,34.000,0.000,40.0000,0.00,0.00,0.00,0.00,1360.00,0.00,False
2589,1253,02216,60.000,0.000,40.0000,0.00,0.00,0.00,0.00,2400.00,0.00,False
2590,1253,02268,56.000,0.000,75.0000,0.00,0.00,0.00,0.00,4200.00,0.00,False
2586,1253,02343,34.000,0.000,40.0000,0.00,0.00,0.00,0.00,1360.00,0.00,False
2588,1253,02348,34.000,0.000,40.0000,0.00,0.00,0.00,0.00,1360.00,0.00,False
2585,1253,02349,34.000,0.000,40.0000,0.00,0.00,0.00,0.00,1360.00,0.00,False
2587,1253,02350,60.000,0.000,40.0000,0.00,0.00,0.00,0.00,2400.00,0.00,False
2591,1253,02351,52.000,0.000,75.0000,0.00,0.00,0.00,0.00,3900.00,0.00,False
2592,1254,02014,510.000,0.000,500.0000,0.00,0.00,0.00,0.00,255000.00,0.00,False
2593,1254,02061,600.000,0.000,270.0000,0.00,0.00,0.00,0.00,162000.00,0.00,False
2594,1255,01003,2750.000,0.000,15.0000,0.00,0.00,0.00,0.00,41250.00,0.00,False
2595,1256,01042,50.000,0.000,180.0000,0.00,0.00,0.00,0.00,9000.00,0.00,False
2597,1256,02128,180.000,0.000,1250.0000,0.00,0.00,0.00,0.00,225000.00,0.00,False
2596,1256,02311,143.000,0.000,1000.0000,0.00,0.00,0.00,0.00,143000.00,0.00,False
2598,1257,02004,76.000,0.000,210.0000,0.00,0.00,0.00,0.00,15960.00,0.00,False
2599,1258,02171,1000.000,0.000,30.0000,0.00,0.00,0.00,0.00,30000.00,0.00,False
2600,1258,02172,1000.000,0.000,30.0000,0.00,0.00,0.00,0.00,30000.00,0.00,False
2603,1258,02330,60.000,0.000,40.0000,0.00,0.00,0.00,0.00,2400.00,0.00,False
2602,1258,02332,34.000,0.000,40.0000,0.00,0.00,0.00,0.00,1360.00,0.00,False
2601,1258,02334,60.000,0.000,40.0000,0.00,0.00,0.00,0.00,2400.00,0.00,False
2606,1258,02352,130.000,0.000,40.0000,0.00,0.00,0.00,0.00,5200.00,0.00,False
2604,1259,01016,22620.000,0.000,10.0000,0.00,0.00,0.00,0.00,226200.00,0.00,False
2605,1260,01015,2500.000,0.000,17.0000,0.00,0.00,0.00,0.00,42500.00,0.00,False
2607,1261,02097,120.000,0.000,150.0000,0.00,0.00,0.00,0.00,18000.00,0.00,False
2608,1262,01003,1500.000,0.000,19.0000,0.00,0.00,0.00,0.00,28500.00,0.00,False
2609,1263,01043,280.000,0.000,12.5000,0.00,0.00,0.00,0.00,3500.00,0.00,False
2622,1264,01010,25.000,0.000,2500.0000,0.00,0.00,0.00,0.00,62500.00,0.00,False
2618,1264,01013,25.000,0.000,160.0000,0.00,0.00,0.00,0.00,4000.00,0.00,False
2620,1264,01021,30.000,0.000,380.0000,0.00,0.00,0.00,0.00,11400.00,0.00,False
2623,1264,01022,1.000,0.000,2800.0000,0.00,0.00,0.00,0.00,2800.00,0.00,False
2611,1264,01023,25.000,0.000,4500.0000,0.00,0.00,0.00,0.00,112500.00,0.00,False
2610,1264,01025,25.000,0.000,4500.0000,0.00,0.00,0.00,0.00,112500.00,0.00,False
2619,1264,01028,25.000,0.000,1480.0000,0.00,0.00,0.00,0.00,37000.00,0.00,False
2613,1264,01034,25.000,0.000,380.0000,0.00,0.00,0.00,0.00,9500.00,0.00,False
2624,1264,01035,1.000,0.000,1250.0000,0.00,0.00,0.00,0.00,1250.00,0.00,False
2612,1264,01036,215.000,0.000,600.0000,0.00,0.00,0.00,0.00,129000.00,0.00,False
2621,1264,01038,70.000,0.000,645.0000,0.00,0.00,0.00,0.00,45150.00,0.00,False
2616,1264,01041,25.000,0.000,480.0000,0.00,0.00,0.00,0.00,12000.00,0.00,False
2625,1264,01050,25.000,0.000,3000.0000,0.00,0.00,0.00,0.00,75000.00,0.00,False
2614,1264,01055,25.000,0.000,1400.0000,0.00,0.00,0.00,0.00,35000.00,0.00,False
2615,1264,01058,25.000,0.000,1600.0000,0.00,0.00,0.00,0.00,40000.00,0.00,False
2617,1264,01060,25.000,0.000,900.0000,0.00,0.00,0.00,0.00,22500.00,0.00,False
2626,1264,01195,10.000,0.000,480.0000,0.00,0.00,0.00,0.00,4800.00,0.00,False
2629,1265,01044,125.000,0.000,124.0000,0.00,0.00,0.00,0.00,15500.00,0.00,False
2628,1265,01059,476.000,0.000,73.6000,0.00,0.00,0.00,0.00,35033.60,0.00,False
2627,1265,01183,150.000,0.000,240.0000,0.00,0.00,0.00,0.00,36000.00,0.00,False
2630,1266,01015,2750.000,0.000,17.0000,0.00,0.00,0.00,0.00,46750.00,0.00,False
2631,1267,01042,50.000,0.000,180.0000,0.00,0.00,0.00,0.00,9000.00,0.00,False
2632,1267,01043,200.000,0.000,12.5000,0.00,0.00,0.00,0.00,2500.00,0.00,False
2634,1268,01024,1.000,0.000,4500.0000,0.00,0.00,0.00,0.00,4500.00,0.00,False
2633,1268,01025,1.000,0.000,4500.0000,0.00,0.00,0.00,0.00,4500.00,0.00,False
2635,1269,02210,70.000,0.000,40.0000,0.00,0.00,0.00,0.00,2800.00,0.00,False
2638,1269,02216,70.000,0.000,40.0000,0.00,0.00,0.00,0.00,2800.00,0.00,False
2636,1269,02343,70.000,0.000,40.0000,0.00,0.00,0.00,0.00,2800.00,0.00,False
2637,1269,02349,70.000,0.000,40.0000,0.00,0.00,0.00,0.00,2800.00,0.00,False
2639,1269,02350,70.000,0.000,40.0000,0.00,0.00,0.00,0.00,2800.00,0.00,False
2640,1269,02353,70.000,0.000,40.0000,0.00,0.00,0.00,0.00,2800.00,0.00,False
2641,1270,01043,800.000,0.000,12.5000,0.00,0.00,0.00,0.00,10000.00,0.00,False
2642,1271,02014,204.000,0.000,500.0000,0.00,0.00,0.00,0.00,102000.00,0.00,False
2643,1272,01012,3.000,0.000,4000.0000,0.00,0.00,0.00,0.00,12000.00,0.00,False
2644,1273,02002,25.000,0.000,170.0000,0.00,0.00,0.00,0.00,4250.00,0.00,False
2646,1274,01003,1250.000,0.000,19.0000,0.00,0.00,0.00,0.00,23750.00,0.00,False
2645,1274,01015,1500.000,0.000,17.0000,0.00,0.00,0.00,0.00,25500.00,0.00,False
2650,1275,02067,300.000,0.000,30.0000,0.00,0.00,0.00,0.00,9000.00,0.00,False
2651,1275,02171,1010.000,0.000,30.0000,0.00,0.00,0.00,0.00,30300.00,0.00,False
2647,1275,02260,32.000,0.000,40.0000,0.00,0.00,0.00,0.00,1280.00,0.00,False
2648,1275,02354,25.000,0.000,75.0000,0.00,0.00,0.00,0.00,1875.00,0.00,False
2649,1275,02355,25.000,0.000,75.0000,0.00,0.00,0.00,0.00,1875.00,0.00,False
2652,1276,02097,240.000,0.000,150.0000,0.00,0.00,0.00,0.00,36000.00,0.00,False
2653,1277,01033,90.000,0.000,60.0000,0.00,0.00,0.00,0.00,5400.00,0.00,False
2654,1277,01186,60.000,0.000,44.0000,0.00,0.00,0.00,0.00,2640.00,0.00,False
2655,1278,01003,10000.000,0.000,14.0000,0.00,0.00,0.00,0.00,140000.00,0.00,False
2656,1279,01015,2500.000,0.000,17.0000,0.00,0.00,0.00,0.00,42500.00,0.00,False
2659,1280,02146,60.000,0.000,75.0000,0.00,0.00,0.00,0.00,4500.00,0.00,False
2657,1280,02348,64.000,0.000,40.0000,0.00,0.00,0.00,0.00,2560.00,0.00,False
2658,1280,02349,64.000,0.000,40.0000,0.00,0.00,0.00,0.00,2560.00,0.00,False
2660,1281,02014,340.000,0.000,500.0000,0.00,0.00,0.00,0.00,170000.00,0.00,False
2661,1282,02004,61.000,0.000,180.0000,0.00,0.00,0.00,0.00,10980.00,0.00,False
2663,1283,01042,50.000,0.000,180.0000,0.00,0.00,0.00,0.00,9000.00,0.00,False
2662,1283,01043,1200.000,0.000,12.5000,0.00,0.00,0.00,0.00,15000.00,0.00,False
2664,1284,02004,371.000,0.000,208.0000,0.00,0.00,0.00,0.00,77168.00,0.00,False
2667,1285,02035,1025.000,0.000,30.0000,0.00,0.00,0.00,0.00,30750.00,0.00,False
2665,1285,02114,1600.000,0.000,30.0000,0.00,0.00,0.00,0.00,48000.00,0.00,False
2666,1285,02330,64.000,0.000,40.0000,0.00,0.00,0.00,0.00,2560.00,0.00,False
2668,1286,01047,600.000,0.000,85.0000,0.00,0.00,0.00,0.00,51000.00,0.00,False
2669,1287,01019,2.000,0.000,6000.0000,0.00,0.00,0.00,0.00,12000.00,0.00,False
2676,1287,01024,1.000,0.000,4500.0000,0.00,0.00,0.00,0.00,4500.00,0.00,False
2675,1287,01026,1.000,0.000,6000.0000,0.00,0.00,0.00,0.00,6000.00,0.00,False
2670,1287,01031,25.000,0.000,6200.0000,0.00,0.00,0.00,0.00,155000.00,0.00,False
2671,1287,01055,25.000,0.000,1400.0000,0.00,0.00,0.00,0.00,35000.00,0.00,False
2674,1287,01105,25.000,0.000,300.0000,0.00,0.00,0.00,0.00,7500.00,0.00,False
2673,1287,01189,20.000,0.000,590.0000,0.00,0.00,0.00,0.00,11800.00,0.00,False
2672,1287,01201,25.000,0.000,600.0000,0.00,0.00,0.00,0.00,15000.00,0.00,False
2677,1288,02002,170.000,0.000,170.0000,0.00,0.00,0.00,0.00,28900.00,0.00,False
2678,1288,02004,51.000,0.000,180.0000,0.00,0.00,0.00,0.00,9180.00,0.00,False
2679,1289,02014,255.000,0.000,500.0000,0.00,0.00,0.00,0.00,127500.00,0.00,False
2680,1290,02033,1040.000,0.000,140.0000,0.00,0.00,0.00,0.00,145600.00,0.00,False
2681,1290,02174,1201.000,0.000,70.0000,0.00,0.00,0.00,0.00,84070.00,0.00,False
2682,1291,02015,2200.000,0.000,270.0000,0.00,0.00,0.00,0.00,594000.00,0.00,False
2683,1292,02346,150.000,0.000,40.0000,0.00,0.00,0.00,0.00,6000.00,0.00,False
2684,1292,02356,80.000,0.000,40.0000,0.00,0.00,0.00,0.00,3200.00,0.00,False
2685,1293,01184,60.000,0.000,367.0000,0.00,0.00,0.00,0.00,22020.00,0.00,False
2686,1294,02140,200.000,0.000,1000.0000,0.00,0.00,0.00,0.00,200000.00,0.00,False
2687,1295,02097,252.000,0.000,150.0000,0.00,0.00,0.00,0.00,37800.00,0.00,False
2691,1296,02093,30.000,0.000,40.0000,0.00,0.00,0.00,0.00,1200.00,0.00,False
2692,1296,02122,50.000,0.000,40.0000,0.00,0.00,0.00,0.00,2000.00,0.00,False
2693,1296,02214,12.000,0.000,150.0000,0.00,0.00,0.00,0.00,1800.00,0.00,False
2689,1296,02334,30.000,0.000,40.0000,0.00,0.00,0.00,0.00,1200.00,0.00,False
2688,1296,02335,130.000,0.000,30.0000,0.00,0.00,0.00,0.00,3900.00,0.00,False
2690,1296,02337,30.000,0.000,40.0000,0.00,0.00,0.00,0.00,1200.00,0.00,False
2694,1297,01017,3.000,0.000,3200.0000,0.00,0.00,0.00,0.00,9600.00,0.00,False
2695,1298,02002,15.000,0.000,170.0000,0.00,0.00,0.00,0.00,2550.00,0.00,False
2696,1299,02014,255.000,0.000,500.0000,0.00,0.00,0.00,0.00,127500.00,0.00,False
2698,1299,02156,85.000,0.000,530.0000,0.00,0.00,0.00,0.00,45050.00,0.00,False
2697,1299,02162,51.000,0.000,530.0000,0.00,0.00,0.00,0.00,27030.00,0.00,False
2699,1299,02251,60.000,0.000,270.0000,0.00,0.00,0.00,0.00,16200.00,0.00,False
2700,1300,02298,130.000,0.000,40.0000,0.00,0.00,0.00,0.00,5200.00,0.00,False
2701,1301,02002,26.000,0.000,170.0000,0.00,0.00,0.00,0.00,4420.00,0.00,False
2702,1302,01003,350.000,0.000,19.0000,0.00,0.00,0.00,0.00,6650.00,0.00,False
2703,1303,01015,12500.000,0.000,17.0000,0.00,0.00,0.00,0.00,212500.00,0.00,False
2704,1304,01003,10000.000,0.000,19.0000,0.00,0.00,0.00,0.00,190000.00,0.00,False
2706,1304,01042,50.000,0.000,180.0000,0.00,0.00,0.00,0.00,9000.00,0.00,False
2705,1304,01190,30000.000,0.000,18.0000,0.00,0.00,0.00,0.00,540000.00,0.00,False
2709,1305,02032,1015.000,0.000,140.0000,0.00,0.00,0.00,0.00,142100.00,0.00,False
2708,1305,02203,1200.000,0.000,8.0000,0.00,0.00,0.00,0.00,9600.00,0.00,False
2707,1305,02257,200.000,0.000,45.0000,0.00,0.00,0.00,0.00,9000.00,0.00,False
2712,1306,01017,25.000,0.000,3000.0000,0.00,0.00,0.00,0.00,75000.00,0.00,False
2710,1306,01035,3.000,0.000,1250.0000,0.00,0.00,0.00,0.00,3750.00,0.00,False
2711,1306,01044,5.000,0.000,128.0000,0.00,0.00,0.00,0.00,640.00,0.00,False
2714,1307,02031,64.000,0.000,40.0000,0.00,0.00,0.00,0.00,2560.00,0.00,False
2713,1307,02357,64.000,0.000,40.0000,0.00,0.00,0.00,0.00,2560.00,0.00,False
2715,1308,01043,800.000,0.000,12.5000,0.00,0.00,0.00,0.00,10000.00,0.00,False
2716,1309,01044,25.000,0.000,130.0000,0.00,0.00,0.00,0.00,3250.00,0.00,False
2717,1310,02131,132.000,0.000,40.0000,0.00,0.00,0.00,0.00,5280.00,0.00,False
2718,1311,02014,340.000,0.000,500.0000,0.00,0.00,0.00,0.00,170000.00,0.00,False
2719,1312,02014,255.000,0.000,500.0000,0.00,0.00,0.00,0.00,127500.00,0.00,False
2721,1312,02162,34.000,0.000,530.0000,0.00,0.00,0.00,0.00,18020.00,0.00,False
2720,1312,02251,180.000,0.000,270.0000,0.00,0.00,0.00,0.00,48600.00,0.00,False
2722,1313,02004,202.000,0.000,208.0000,0.00,0.00,0.00,0.00,42016.00,0.00,False
2723,1313,02059,101.000,0.000,180.0000,0.00,0.00,0.00,0.00,18180.00,0.00,False
2730,1314,01011,20.000,0.000,3200.0000,0.00,0.00,0.00,0.00,64000.00,0.00,False
2728,1314,01034,25.000,0.000,480.0000,0.00,0.00,0.00,0.00,12000.00,0.00,False
2727,1314,01041,25.000,0.000,625.0000,0.00,0.00,0.00,0.00,15625.00,0.00,False
2725,1314,01048,25.000,0.000,1500.0000,0.00,0.00,0.00,0.00,37500.00,0.00,False
2724,1314,01050,25.000,0.000,2900.0000,0.00,0.00,0.00,0.00,72500.00,0.00,False
2731,1314,01056,5.000,0.000,12000.0000,0.00,0.00,0.00,0.00,60000.00,0.00,False
2726,1314,01058,25.000,0.000,1600.0000,0.00,0.00,0.00,0.00,40000.00,0.00,False
2729,1314,01060,25.000,0.000,950.0000,0.00,0.00,0.00,0.00,23750.00,0.00,False
2732,1314,01187,25.000,0.000,200.0000,0.00,0.00,0.00,0.00,5000.00,0.00,False
2734,1315,01020,760.000,0.000,310.0000,0.00,0.00,0.00,0.00,235600.00,0.00,False
2733,1315,01186,60.000,0.000,33.3333,0.00,0.00,0.00,0.00,2000.00,0.00,False
2737,1316,02127,1510.000,0.000,30.0000,0.00,0.00,0.00,0.00,45300.00,0.00,False
2735,1316,02160,70.000,0.000,75.0000,0.00,0.00,0.00,0.00,5250.00,0.00,False
2736,1316,02358,55.000,0.000,70.0000,0.00,0.00,0.00,0.00,3850.00,0.00,False
2738,1316,02359,1040.000,0.000,30.0000,0.00,0.00,0.00,0.00,31200.00,0.00,False
2739,1317,01010,25.000,0.000,2500.0000,0.00,0.00,0.00,0.00,62500.00,0.00,False
2740,1318,01043,800.000,0.000,12.5000,0.00,0.00,0.00,0.00,10000.00,0.00,False
2741,1319,02004,236.000,0.000,208.0000,0.00,0.00,0.00,0.00,49088.00,0.00,False
2742,1320,01042,50.000,0.000,180.0000,0.00,0.00,0.00,0.00,9000.00,0.00,False
2743,1321,02354,250.000,0.000,40.0000,0.00,0.00,0.00,0.00,10000.00,0.00,False
2744,1322,01003,5500.000,0.000,19.0000,0.00,0.00,0.00,0.00,104500.00,0.00,False
2745,1323,02148,40.000,0.000,75.0000,0.00,0.00,0.00,0.00,3000.00,0.00,False
2746,1324,01015,2500.000,0.000,17.0000,0.00,0.00,0.00,0.00,42500.00,0.00,False
2747,1325,01033,65.000,0.000,65.0000,0.00,0.00,0.00,0.00,4225.00,0.00,False
2748,1325,01059,306.000,0.000,83.0000,0.00,0.00,0.00,0.00,25398.00,0.00,False
2749,1326,01021,30.000,0.000,380.0000,0.00,0.00,0.00,0.00,11400.00,0.00,False
2750,1326,01028,25.000,0.000,1480.0000,0.00,0.00,0.00,0.00,37000.00,0.00,False
2751,1326,01055,20.000,0.000,1400.0000,0.00,0.00,0.00,0.00,28000.00,0.00,False
2752,1326,01143,24.000,0.000,3200.0000,0.00,0.00,0.00,0.00,76800.00,0.00,False
2753,1327,02323,20.000,0.000,40.0000,0.00,0.00,0.00,0.00,800.00,0.00,False
2754,1328,01013,25.000,0.000,180.0000,0.00,0.00,0.00,0.00,4500.00,0.00,False
2755,1329,01043,1160.000,0.000,12.5000,0.00,0.00,0.00,0.00,14500.00,0.00,False
2756,1330,02125,2530.000,0.000,30.0000,0.00,0.00,0.00,0.00,75900.00,0.00,False
2760,1330,02133,128.000,0.000,40.0000,0.00,0.00,0.00,0.00,5120.00,0.00,False
2759,1330,02271,64.000,0.000,40.0000,0.00,0.00,0.00,0.00,2560.00,0.00,False
2758,1330,02297,64.000,0.000,40.0000,0.00,0.00,0.00,0.00,2560.00,0.00,False
2757,1330,02360,1015.000,0.000,30.0000,0.00,0.00,0.00,0.00,30450.00,0.00,False
2761,1330,02361,1035.000,0.000,30.0000,0.00,0.00,0.00,0.00,31050.00,0.00,False
2762,1331,01016,21920.000,0.000,10.0000,0.00,0.00,0.00,0.00,219200.00,0.00,False
2772,1332,01013,25.000,0.000,180.0000,0.00,0.00,0.00,0.00,4500.00,0.00,False
2774,1332,01034,25.000,0.000,430.0000,0.00,0.00,0.00,0.00,10750.00,0.00,False
2768,1332,01036,215.000,0.000,700.0000,0.00,0.00,0.00,0.00,150500.00,0.00,False
2763,1332,01038,70.000,0.000,645.0000,0.00,0.00,0.00,0.00,45150.00,0.00,False
2766,1332,01041,25.000,0.000,625.0000,0.00,0.00,0.00,0.00,15625.00,0.00,False
2769,1332,01045,275.000,0.000,340.0000,0.00,0.00,0.00,0.00,93500.00,0.00,False
2777,1332,01052,2.000,0.000,14500.0000,0.00,0.00,0.00,0.00,29000.00,0.00,False
2773,1332,01056,10.000,0.000,16500.0000,0.00,0.00,0.00,0.00,165000.00,0.00,False
2767,1332,01058,25.000,0.000,1600.0000,0.00,0.00,0.00,0.00,40000.00,0.00,False
2775,1332,01060,25.000,0.000,950.0000,0.00,0.00,0.00,0.00,23750.00,0.00,False
2764,1332,01080,5.000,0.000,4500.0000,0.00,0.00,0.00,0.00,22500.00,0.00,False
2765,1332,01082,1.000,0.000,7000.0000,0.00,0.00,0.00,0.00,7000.00,0.00,False
2776,1332,01143,25.000,0.000,3200.0000,0.00,0.00,0.00,0.00,80000.00,0.00,False
2770,1332,01175,25.000,0.000,320.0000,0.00,0.00,0.00,0.00,8000.00,0.00,False
2778,1332,01189,290.000,0.000,590.0000,0.00,0.00,0.00,0.00,171100.00,0.00,False
2771,1332,01201,80.000,0.000,600.0000,0.00,0.00,0.00,0.00,48000.00,0.00,False
2781,1333,02258,40.000,0.000,60.0000,0.00,0.00,0.00,0.00,2400.00,0.00,False
2787,1333,02289,125.000,0.000,40.0000,0.00,0.00,0.00,0.00,5000.00,0.00,False
2782,1333,02293,125.000,0.000,40.0000,0.00,0.00,0.00,0.00,5000.00,0.00,False
2779,1333,02329,25.000,0.000,80.0000,0.00,0.00,0.00,0.00,2000.00,0.00,False
2780,1333,02330,30.000,0.000,40.0000,0.00,0.00,0.00,0.00,1200.00,0.00,False
2786,1333,02362,125.000,0.000,40.0000,0.00,0.00,0.00,0.00,5000.00,0.00,False
2784,1334,01019,2.000,0.000,6000.0000,0.00,0.00,0.00,0.00,12000.00,0.00,False
2783,1334,01044,50.000,0.000,64.0000,0.00,0.00,0.00,0.00,3200.00,0.00,False
2788,1334,01184,85.000,0.000,367.0000,0.00,0.00,0.00,0.00,31195.00,0.00,False
2785,1335,01015,3000.000,0.000,17.0000,0.00,0.00,0.00,0.00,51000.00,0.00,False
2789,1336,02014,459.000,0.000,480.0000,0.00,0.00,0.00,0.00,220320.00,0.00,False
2791,1337,02002,36.000,0.000,180.0000,0.00,0.00,0.00,0.00,6480.00,0.00,False
2790,1337,02004,198.000,0.000,208.0000,0.00,0.00,0.00,0.00,41184.00,0.00,False
2792,1338,02097,372.000,0.000,150.0000,0.00,0.00,0.00,0.00,55800.00,0.00,False
2794,1339,01031,2.000,0.000,6000.0000,0.00,0.00,0.00,0.00,12000.00,0.00,False
2793,1339,01072,2.000,0.000,8500.0000,0.00,0.00,0.00,0.00,17000.00,0.00,False
2795,1340,01031,4.000,0.000,6200.0000,0.00,0.00,0.00,0.00,24800.00,0.00,False
2796,1340,01042,50.000,0.000,180.0000,0.00,0.00,0.00,0.00,9000.00,0.00,False
2803,1341,02067,300.000,0.000,30.0000,0.00,0.00,0.00,0.00,9000.00,0.00,False
2802,1341,02131,130.000,0.000,40.0000,0.00,0.00,0.00,0.00,5200.00,0.00,False
2800,1341,02132,130.000,0.000,40.0000,0.00,0.00,0.00,0.00,5200.00,0.00,False
2797,1341,02133,130.000,0.000,40.0000,0.00,0.00,0.00,0.00,5200.00,0.00,False
2798,1341,02142,30.000,0.000,40.0000,0.00,0.00,0.00,0.00,1200.00,0.00,False
2801,1341,02237,100.000,0.000,40.0000,0.00,0.00,0.00,0.00,4000.00,0.00,False
2799,1341,02363,130.000,0.000,40.0000,0.00,0.00,0.00,0.00,5200.00,0.00,False
2804,1342,02021,1040.000,0.000,30.0000,0.00,0.00,0.00,0.00,31200.00,0.00,False
2805,1342,02122,30.000,0.000,40.0000,0.00,0.00,0.00,0.00,1200.00,0.00,False
2806,1343,02164,60.000,0.000,40.0000,0.00,0.00,0.00,0.00,2400.00,0.00,False
2808,1343,02167,60.000,0.000,40.0000,0.00,0.00,0.00,0.00,2400.00,0.00,False
2807,1343,02265,40.000,0.000,40.0000,0.00,0.00,0.00,0.00,1600.00,0.00,False
2809,1344,01003,5000.000,0.000,19.0000,0.00,0.00,0.00,0.00,95000.00,0.00,False
2810,1345,02004,60.000,0.000,180.0000,0.00,0.00,0.00,0.00,10800.00,0.00,False
2811,1346,01019,4.000,0.000,6000.0000,0.00,0.00,0.00,0.00,24000.00,0.00,False
2812,1346,01031,4.000,0.000,6200.0000,0.00,0.00,0.00,0.00,24800.00,0.00,False
2813,1346,01070,2.000,0.000,5600.0000,0.00,0.00,0.00,0.00,11200.00,0.00,False
2814,1346,01203,6.000,0.000,880.0000,0.00,0.00,0.00,0.00,5280.00,0.00,False
2815,1346,01204,30.000,0.000,700.0000,0.00,0.00,0.00,0.00,21000.00,0.00,False
2816,1347,01072,2.000,0.000,8500.0000,0.00,0.00,0.00,0.00,17000.00,0.00,False
2817,1348,02332,40.000,0.000,80.0000,0.00,0.00,0.00,0.00,3200.00,0.00,False
2818,1348,02364,120.000,0.000,40.0000,0.00,0.00,0.00,0.00,4800.00,0.00,False
2819,1348,02365,120.000,0.000,40.0000,0.00,0.00,0.00,0.00,4800.00,0.00,False
2822,1349,01024,4.000,0.000,1325.0000,0.00,0.00,0.00,0.00,5300.00,0.00,False
2821,1349,01026,4.000,0.000,1325.0000,0.00,0.00,0.00,0.00,5300.00,0.00,False
2820,1349,01047,800.000,0.000,84.0000,0.00,0.00,0.00,0.00,67200.00,0.00,False
2824,1350,02274,600.000,0.000,83.0000,0.00,0.00,0.00,0.00,49800.00,0.00,False
2823,1350,02292,100.000,0.000,40.0000,0.00,0.00,0.00,0.00,4000.00,0.00,False
2825,1351,02140,55.000,0.000,900.0000,0.00,0.00,0.00,0.00,49500.00,0.00,False
2827,1352,01003,2000.000,0.000,19.0000,0.00,0.00,0.00,0.00,38000.00,0.00,False
2826,1352,01015,17000.000,0.000,17.0000,0.00,0.00,0.00,0.00,289000.00,0.00,False
2828,1353,02014,170.000,0.000,480.0000,0.00,0.00,0.00,0.00,81600.00,0.00,False
2835,1354,02083,30.000,0.000,40.0000,0.00,0.00,0.00,0.00,1200.00,0.00,False
2836,1354,02248,15.000,0.000,75.0000,0.00,0.00,0.00,0.00,1125.00,0.00,False
2829,1354,02262,30.000,0.000,40.0000,0.00,0.00,0.00,0.00,1200.00,0.00,False
2834,1354,02289,30.000,0.000,40.0000,0.00,0.00,0.00,0.00,1200.00,0.00,False
2831,1354,02327,30.000,0.000,40.0000,0.00,0.00,0.00,0.00,1200.00,0.00,False
2832,1354,02328,30.000,0.000,40.0000,0.00,0.00,0.00,0.00,1200.00,0.00,False
2830,1354,02366,30.000,0.000,40.0000,0.00,0.00,0.00,0.00,1200.00,0.00,False
2833,1354,02368,30.000,0.000,40.0000,0.00,0.00,0.00,0.00,1200.00,0.00,False
2837,1354,02369,15.000,0.000,40.0000,0.00,0.00,0.00,0.00,600.00,0.00,False
2838,1354,02370,30.000,0.000,40.0000,0.00,0.00,0.00,0.00,1200.00,0.00,False
2839,1355,01186,30.000,0.000,44.0000,0.00,0.00,0.00,0.00,1320.00,0.00,False
2840,1356,02311,125.000,0.000,1200.0000,0.00,0.00,0.00,0.00,150000.00,0.00,False
2841,1357,02004,51.000,0.000,210.0000,0.00,0.00,0.00,0.00,10710.00,0.00,False
2843,1358,02031,60.000,0.000,40.0000,0.00,0.00,0.00,0.00,2400.00,0.00,False
2842,1358,02342,40.000,0.000,40.0000,0.00,0.00,0.00,0.00,1600.00,0.00,False
2845,1358,02345,20.000,0.000,40.0000,0.00,0.00,0.00,0.00,800.00,0.00,False
2844,1358,02371,130.000,0.000,40.0000,0.00,0.00,0.00,0.00,5200.00,0.00,False
2846,1359,02004,183.000,0.000,208.0000,0.00,0.00,0.00,0.00,38064.00,0.00,False
2847,1359,02006,62.000,0.000,170.0000,0.00,0.00,0.00,0.00,10540.00,0.00,False
2848,1360,02014,170.000,0.000,480.0000,0.00,0.00,0.00,0.00,81600.00,0.00,False
2849,1360,02061,360.000,0.000,270.0000,0.00,0.00,0.00,0.00,97200.00,0.00,False
2851,1361,02210,50.000,0.000,40.0000,0.00,0.00,0.00,0.00,2000.00,0.00,False
2855,1361,02216,50.000,0.000,40.0000,0.00,0.00,0.00,0.00,2000.00,0.00,False
2853,1361,02343,50.000,0.000,40.0000,0.00,0.00,0.00,0.00,2000.00,0.00,False
2852,1361,02349,100.000,0.000,40.0000,0.00,0.00,0.00,0.00,4000.00,0.00,False
2850,1361,02350,60.000,0.000,40.0000,0.00,0.00,0.00,0.00,2400.00,0.00,False
2854,1361,02351,40.000,0.000,75.0000,0.00,0.00,0.00,0.00,3000.00,0.00,False
2856,1362,01004,25.000,0.000,370.0000,0.00,0.00,0.00,0.00,9250.00,0.00,False
2859,1362,01010,10.000,0.000,2500.0000,0.00,0.00,0.00,0.00,25000.00,0.00,False
2862,1362,01031,25.000,0.000,6200.0000,0.00,0.00,0.00,0.00,155000.00,0.00,False
2857,1362,01038,70.000,0.000,645.0000,0.00,0.00,0.00,0.00,45150.00,0.00,False
2858,1362,01044,25.000,0.000,200.0000,0.00,0.00,0.00,0.00,5000.00,0.00,False
2860,1362,01058,25.000,0.000,1600.0000,0.00,0.00,0.00,0.00,40000.00,0.00,False
2861,1362,01072,20.000,0.000,8500.0000,0.00,0.00,0.00,0.00,170000.00,0.00,False
2863,1363,01033,85.000,0.000,60.0000,0.00,0.00,0.00,0.00,5100.00,0.00,False
2864,1363,01059,238.000,0.000,85.0000,0.00,0.00,0.00,0.00,20230.00,0.00,False
2865,1363,01183,250.000,0.000,255.0000,0.00,0.00,0.00,0.00,63750.00,0.00,False
2866,1364,01042,50.000,0.000,180.0000,0.00,0.00,0.00,0.00,9000.00,0.00,False
2867,1364,01043,1200.000,0.000,12.5000,0.00,0.00,0.00,0.00,15000.00,0.00,False
2868,1364,01184,60.000,0.000,367.0000,0.00,0.00,0.00,0.00,22020.00,0.00,False
2869,1365,01003,1750.000,0.000,19.0000,0.00,0.00,0.00,0.00,33250.00,0.00,False
2872,1366,02083,40.000,0.000,40.0000,0.00,0.00,0.00,0.00,1600.00,0.00,False
2873,1366,02093,40.000,0.000,40.0000,0.00,0.00,0.00,0.00,1600.00,0.00,False
2870,1366,02171,1035.000,0.000,30.0000,0.00,0.00,0.00,0.00,31050.00,0.00,False
2871,1366,02286,60.000,0.000,40.0000,0.00,0.00,0.00,0.00,2400.00,0.00,False
2874,1366,02346,250.000,0.000,40.0000,0.00,0.00,0.00,0.00,10000.00,0.00,False
2875,1366,02372,200.000,0.000,40.0000,0.00,0.00,0.00,0.00,8000.00,0.00,False
2876,1367,01044,100.000,0.000,128.0000,0.00,0.00,0.00,0.00,12800.00,0.00,False
2877,1368,02014,391.000,0.000,480.0000,0.00,0.00,0.00,0.00,187680.00,0.00,False
2878,1369,02219,50.000,0.000,150.0000,0.00,0.00,0.00,0.00,7500.00,0.00,False
2879,1369,02334,40.000,0.000,40.0000,0.00,0.00,0.00,0.00,1600.00,0.00,False
2881,1370,02114,1400.000,0.000,25.0000,0.00,0.00,0.00,0.00,35000.00,0.00,False
2882,1370,02141,64.000,0.000,40.0000,0.00,0.00,0.00,0.00,2560.00,0.00,False
2883,1370,02145,64.000,0.000,40.0000,0.00,0.00,0.00,0.00,2560.00,0.00,False
2880,1370,02346,64.000,0.000,40.0000,0.00,0.00,0.00,0.00,2560.00,0.00,False
2884,1370,02373,210.000,0.000,30.0000,0.00,0.00,0.00,0.00,6300.00,0.00,False
2885,1371,01003,200.000,0.000,19.0000,0.00,0.00,0.00,0.00,3800.00,0.00,False
2886,1372,02097,180.000,0.000,150.0000,0.00,0.00,0.00,0.00,27000.00,0.00,False
2888,1373,02014,48.000,0.000,480.0000,0.00,0.00,0.00,0.00,23040.00,0.00,False
2887,1373,02061,180.000,0.000,270.0000,0.00,0.00,0.00,0.00,48600.00,0.00,False
2889,1374,02015,1500.000,0.000,250.0000,0.00,0.00,0.00,0.00,375000.00,0.00,False
2891,1375,02002,135.000,0.000,180.0000,0.00,0.00,0.00,0.00,24300.00,0.00,False
2890,1375,02004,209.000,0.000,208.0000,0.00,0.00,0.00,0.00,43472.00,0.00,False
2892,1376,01003,2000.000,0.000,19.0000,0.00,0.00,0.00,0.00,38000.00,0.00,False
2893,1377,02061,120.000,0.000,270.0000,0.00,0.00,0.00,0.00,32400.00,0.00,False
2898,1378,01010,15.000,0.000,2600.0000,0.00,0.00,0.00,0.00,39000.00,0.00,False
2902,1378,01011,10.000,0.000,3600.0000,0.00,0.00,0.00,0.00,36000.00,0.00,False
2901,1378,01021,30.000,0.000,380.0000,0.00,0.00,0.00,0.00,11400.00,0.00,False
2904,1378,01027,25.000,0.000,400.0000,0.00,0.00,0.00,0.00,10000.00,0.00,False
2900,1378,01028,25.000,0.000,1480.0000,0.00,0.00,0.00,0.00,37000.00,0.00,False
2894,1378,01034,25.000,0.000,390.0000,0.00,0.00,0.00,0.00,9750.00,0.00,False
2895,1378,01041,25.000,0.000,625.0000,0.00,0.00,0.00,0.00,15625.00,0.00,False
2903,1378,01046,25.000,0.000,15000.0000,0.00,0.00,0.00,0.00,375000.00,0.00,False
2899,1378,01055,25.000,0.000,1300.0000,0.00,0.00,0.00,0.00,32500.00,0.00,False
2896,1378,01058,25.000,0.000,1700.0000,0.00,0.00,0.00,0.00,42500.00,0.00,False
2897,1378,01117,5.000,0.000,700.0000,0.00,0.00,0.00,0.00,3500.00,0.00,False
2905,1379,02014,408.000,0.000,390.0000,0.00,0.00,0.00,0.00,159120.00,0.00,False
2906,1380,02132,150.000,0.000,40.0000,0.00,0.00,0.00,0.00,6000.00,0.00,False
2907,1380,02141,100.000,0.000,40.0000,0.00,0.00,0.00,0.00,4000.00,0.00,False
2909,1380,02144,100.000,0.000,40.0000,0.00,0.00,0.00,0.00,4000.00,0.00,False
2908,1380,02145,100.000,0.000,40.0000,0.00,0.00,0.00,0.00,4000.00,0.00,False
2910,1381,02004,221.000,0.000,208.0000,0.00,0.00,0.00,0.00,45968.00,0.00,False
2911,1381,02059,55.000,0.000,160.0000,0.00,0.00,0.00,0.00,8800.00,0.00,False
2912,1382,01015,5000.000,0.000,17.0000,0.00,0.00,0.00,0.00,85000.00,0.00,False
2913,1383,01003,5000.000,0.000,15.0000,0.00,0.00,0.00,0.00,75000.00,0.00,False
2919,1384,02258,200.000,0.000,30.0000,0.00,0.00,0.00,0.00,6000.00,0.00,False
2917,1384,02268,40.000,0.000,75.0000,0.00,0.00,0.00,0.00,3000.00,0.00,False
2918,1384,02322,200.000,0.000,30.0000,0.00,0.00,0.00,0.00,6000.00,0.00,False
2916,1384,02329,30.000,0.000,75.0000,0.00,0.00,0.00,0.00,2250.00,0.00,False
2914,1384,02332,60.000,0.000,80.0000,0.00,0.00,0.00,0.00,4800.00,0.00,False
2915,1384,02334,60.000,0.000,80.0000,0.00,0.00,0.00,0.00,4800.00,0.00,False
2920,1385,02054,20.000,0.000,170.0000,0.00,0.00,0.00,0.00,3400.00,0.00,False
2926,1386,01019,1.000,0.000,5800.0000,0.00,0.00,0.00,0.00,5800.00,0.00,False
2925,1386,01020,570.000,0.000,310.0000,0.00,0.00,0.00,0.00,176700.00,0.00,False
2927,1386,01032,1.000,0.000,5500.0000,0.00,0.00,0.00,0.00,5500.00,0.00,False
2922,1386,01044,75.000,0.000,128.0000,0.00,0.00,0.00,0.00,9600.00,0.00,False
2923,1386,01047,200.000,0.000,84.0000,0.00,0.00,0.00,0.00,16800.00,0.00,False
2928,1386,01184,30.000,0.000,367.0000,0.00,0.00,0.00,0.00,11010.00,0.00,False
2921,1386,01186,60.000,0.000,44.0000,0.00,0.00,0.00,0.00,2640.00,0.00,False
2924,1386,01193,5.000,0.000,900.0000,0.00,0.00,0.00,0.00,4500.00,0.00,False
2929,1387,02014,289.000,0.000,390.0000,0.00,0.00,0.00,0.00,112710.00,0.00,False
2930,1387,02061,300.000,0.000,270.0000,0.00,0.00,0.00,0.00,81000.00,0.00,False
2932,1388,02097,180.000,0.000,150.0000,0.00,0.00,0.00,0.00,27000.00,0.00,False
2931,1388,02140,20.000,0.000,900.0000,0.00,0.00,0.00,0.00,18000.00,0.00,False
2934,1389,02165,70.000,0.000,40.0000,0.00,0.00,0.00,0.00,2800.00,0.00,False
2938,1389,02234,20.000,0.000,40.0000,0.00,0.00,0.00,0.00,800.00,0.00,False
2937,1389,02271,20.000,0.000,40.0000,0.00,0.00,0.00,0.00,800.00,0.00,False
2936,1389,02298,70.000,0.000,40.0000,0.00,0.00,0.00,0.00,2800.00,0.00,False
2935,1389,02300,70.000,0.000,40.0000,0.00,0.00,0.00,0.00,2800.00,0.00,False
2933,1389,02330,30.000,0.000,80.0000,0.00,0.00,0.00,0.00,2400.00,0.00,False
2939,1390,01195,15.000,0.000,420.0000,0.00,0.00,0.00,0.00,6300.00,0.00,False
2940,1391,02004,51.000,0.000,210.0000,0.00,0.00,0.00,0.00,10710.00,0.00,False
2941,1392,01003,1500.000,0.000,19.0000,0.00,0.00,0.00,0.00,28500.00,0.00,False
2942,1393,01003,2500.000,0.000,15.0000,0.00,0.00,0.00,0.00,37500.00,0.00,False
2943,1394,02014,102.000,0.000,390.0000,0.00,0.00,0.00,0.00,39780.00,0.00,False
2945,1395,01004,25.000,0.000,370.0000,0.00,0.00,0.00,0.00,9250.00,0.00,False
2944,1395,01013,25.000,0.000,160.0000,0.00,0.00,0.00,0.00,4000.00,0.00,False
2946,1395,01028,50.000,0.000,1480.0000,0.00,0.00,0.00,0.00,74000.00,0.00,False
2949,1395,01041,25.000,0.000,625.0000,0.00,0.00,0.00,0.00,15625.00,0.00,False
2948,1395,01058,25.000,0.000,1700.0000,0.00,0.00,0.00,0.00,42500.00,0.00,False
2947,1395,01187,25.000,0.000,200.0000,0.00,0.00,0.00,0.00,5000.00,0.00,False
2950,1396,02097,720.000,0.000,150.0000,0.00,0.00,0.00,0.00,108000.00,0.00,False
2951,1397,02234,50.000,0.000,40.0000,0.00,0.00,0.00,0.00,2000.00,0.00,False
2952,1397,02297,40.000,0.000,40.0000,0.00,0.00,0.00,0.00,1600.00,0.00,False
2953,1398,02014,51.000,0.000,390.0000,0.00,0.00,0.00,0.00,19890.00,0.00,False
2954,1399,01015,2500.000,0.000,17.0000,0.00,0.00,0.00,0.00,42500.00,0.00,False
2955,1400,01003,2500.000,0.000,15.0000,0.00,0.00,0.00,0.00,37500.00,0.00,False
2956,1400,01184,90.000,0.000,367.0000,0.00,0.00,0.00,0.00,33030.00,0.00,False
2957,1401,02004,50.000,0.000,180.0000,0.00,0.00,0.00,0.00,9000.00,0.00,False
2958,1402,02106,30.000,0.000,40.0000,0.00,0.00,0.00,0.00,1200.00,0.00,False
2959,1403,02014,340.000,0.000,390.0000,0.00,0.00,0.00,0.00,132600.00,0.00,False
2960,1403,02061,240.000,0.000,270.0000,0.00,0.00,0.00,0.00,64800.00,0.00,False
2962,1404,02034,1000.000,0.000,80.0000,0.00,0.00,0.00,0.00,80000.00,0.00,False
2963,1404,02165,40.000,0.000,30.0000,0.00,0.00,0.00,0.00,1200.00,0.00,False
2961,1404,02274,1000.000,0.000,80.0000,0.00,0.00,0.00,0.00,80000.00,0.00,False
2964,1405,01047,550.000,0.000,84.0000,0.00,0.00,0.00,0.00,46200.00,0.00,False
2965,1406,02097,36.000,0.000,150.0000,0.00,0.00,0.00,0.00,5400.00,0.00,False
2966,1406,02140,10.000,0.000,900.0000,0.00,0.00,0.00,0.00,9000.00,0.00,False
2967,1407,01015,2500.000,0.000,17.0000,0.00,0.00,0.00,0.00,42500.00,0.00,False
2970,1408,02028,50.000,0.000,40.0000,0.00,0.00,0.00,0.00,2000.00,0.00,False
2976,1408,02106,64.000,0.000,40.0000,0.00,0.00,0.00,0.00,2560.00,0.00,False
2973,1408,02122,64.000,0.000,40.0000,0.00,0.00,0.00,0.00,2560.00,0.00,False
2974,1408,02132,160.000,0.000,40.0000,0.00,0.00,0.00,0.00,6400.00,0.00,False
2972,1408,02141,64.000,0.000,40.0000,0.00,0.00,0.00,0.00,2560.00,0.00,False
2978,1408,02145,64.000,0.000,40.0000,0.00,0.00,0.00,0.00,2560.00,0.00,False
2979,1408,02160,100.000,0.000,75.0000,0.00,0.00,0.00,0.00,7500.00,0.00,False
2969,1408,02214,12.000,0.000,150.0000,0.00,0.00,0.00,0.00,1800.00,0.00,False
2971,1408,02272,50.000,0.000,40.0000,0.00,0.00,0.00,0.00,2000.00,0.00,False
2977,1408,02301,64.000,0.000,40.0000,0.00,0.00,0.00,0.00,2560.00,0.00,False
2968,1408,02330,40.000,0.000,80.0000,0.00,0.00,0.00,0.00,3200.00,0.00,False
2975,1408,02363,160.000,0.000,40.0000,0.00,0.00,0.00,0.00,6400.00,0.00,False
2980,1409,01031,10.000,0.000,6200.0000,0.00,0.00,0.00,0.00,62000.00,0.00,False
2981,1409,01201,30.000,0.000,600.0000,0.00,0.00,0.00,0.00,18000.00,0.00,False
2983,1410,01019,3.000,0.000,6000.0000,0.00,0.00,0.00,0.00,18000.00,0.00,False
2982,1410,01032,3.000,0.000,5800.0000,0.00,0.00,0.00,0.00,17400.00,0.00,False
2984,1411,02004,243.000,0.000,208.0000,0.00,0.00,0.00,0.00,50544.00,0.00,False
2985,1411,02059,102.000,0.000,178.0000,0.00,0.00,0.00,0.00,18156.00,0.00,False
2987,1412,01023,25.000,0.000,4500.0000,0.00,0.00,0.00,0.00,112500.00,0.00,False
2986,1412,01025,25.000,0.000,4500.0000,0.00,0.00,0.00,0.00,112500.00,0.00,False
2988,1413,02014,510.000,0.000,390.0000,0.00,0.00,0.00,0.00,198900.00,0.00,False
2990,1414,02041,50.000,0.000,50.0000,0.00,0.00,0.00,0.00,2500.00,0.00,False
2989,1414,02334,40.000,0.000,80.0000,0.00,0.00,0.00,0.00,3200.00,0.00,False
2991,1415,02014,136.000,0.000,390.0000,0.00,0.00,0.00,0.00,53040.00,0.00,False
2992,1416,01003,2500.000,0.000,15.0000,0.00,0.00,0.00,0.00,37500.00,0.00,False
2993,1417,02032,990.000,0.000,140.0000,0.00,0.00,0.00,0.00,138600.00,0.00,False
2994,1417,02033,1030.000,0.000,140.0000,0.00,0.00,0.00,0.00,144200.00,0.00,False
2995,1417,02213,1015.000,0.000,140.0000,0.00,0.00,0.00,0.00,142100.00,0.00,False
2997,1417,02277,1000.000,0.000,140.0000,0.00,0.00,0.00,0.00,140000.00,0.00,False
2996,1417,02307,1015.000,0.000,140.0000,0.00,0.00,0.00,0.00,142100.00,0.00,False
2998,1418,02047,36.000,0.000,40.0000,0.00,0.00,0.00,0.00,1440.00,0.00,False
2999,1418,02124,32.000,0.000,40.0000,0.00,0.00,0.00,0.00,1280.00,0.00,False
3003,1418,02147,64.000,0.000,40.0000,0.00,0.00,0.00,0.00,2560.00,0.00,False
3002,1418,02221,32.000,0.000,40.0000,0.00,0.00,0.00,0.00,1280.00,0.00,False
3000,1418,02248,15.000,0.000,75.0000,0.00,0.00,0.00,0.00,1125.00,0.00,False
3001,1418,02294,15.000,0.000,75.0000,0.00,0.00,0.00,0.00,1125.00,0.00,False
3004,1419,02097,24.000,0.000,150.0000,0.00,0.00,0.00,0.00,3600.00,0.00,False
3005,1420,01015,10000.000,0.000,17.0000,0.00,0.00,0.00,0.00,170000.00,0.00,False
3007,1421,01021,30.000,0.000,380.0000,0.00,0.00,0.00,0.00,11400.00,0.00,False
3006,1421,01041,25.000,0.000,625.0000,0.00,0.00,0.00,0.00,15625.00,0.00,False
3010,1422,02106,120.000,0.000,40.0000,0.00,0.00,0.00,0.00,4800.00,0.00,False
3012,1422,02131,240.000,0.000,40.0000,0.00,0.00,0.00,0.00,9600.00,0.00,False
3014,1422,02132,160.000,0.000,40.0000,0.00,0.00,0.00,0.00,6400.00,0.00,False
3009,1422,02141,64.000,0.000,40.0000,0.00,0.00,0.00,0.00,2560.00,0.00,False
3011,1422,02145,120.000,0.000,40.0000,0.00,0.00,0.00,0.00,4800.00,0.00,False
3008,1422,02160,52.000,0.000,75.0000,0.00,0.00,0.00,0.00,3900.00,0.00,False
3015,1422,02214,12.000,0.000,75.0000,0.00,0.00,0.00,0.00,900.00,0.00,False
3013,1422,02363,160.000,0.000,40.0000,0.00,0.00,0.00,0.00,6400.00,0.00,False
3016,1423,02014,459.000,0.000,390.0000,0.00,0.00,0.00,0.00,179010.00,0.00,False
3017,1424,02097,480.000,0.000,150.0000,0.00,0.00,0.00,0.00,72000.00,0.00,False
3018,1425,01021,30.000,0.000,380.0000,0.00,0.00,0.00,0.00,11400.00,0.00,False
3020,1425,01031,6.000,0.000,6200.0000,0.00,0.00,0.00,0.00,37200.00,0.00,False
3019,1425,01038,35.000,0.000,645.0000,0.00,0.00,0.00,0.00,22575.00,0.00,False
3021,1426,01031,8.000,0.000,6200.0000,0.00,0.00,0.00,0.00,49600.00,0.00,False
3022,1427,02002,51.000,0.000,170.0000,0.00,0.00,0.00,0.00,8670.00,0.00,False
3032,1428,02067,700.000,0.000,18.0000,0.00,0.00,0.00,0.00,12600.00,0.00,False
3023,1428,02375,60.000,0.000,120.0000,0.00,0.00,0.00,0.00,7200.00,0.00,False
3024,1428,02376,60.000,0.000,120.0000,0.00,0.00,0.00,0.00,7200.00,0.00,False
3025,1428,02377,30.000,0.000,120.0000,0.00,0.00,0.00,0.00,3600.00,0.00,False
3026,1428,02378,30.000,0.000,120.0000,0.00,0.00,0.00,0.00,3600.00,0.00,False
3027,1428,02379,60.000,0.000,120.0000,0.00,0.00,0.00,0.00,7200.00,0.00,False
3028,1428,02380,32.000,0.000,40.0000,0.00,0.00,0.00,0.00,1280.00,0.00,False
3029,1428,02381,60.000,0.000,40.0000,0.00,0.00,0.00,0.00,2400.00,0.00,False
3031,1428,02382,32.000,0.000,40.0000,0.00,0.00,0.00,0.00,1280.00,0.00,False
3030,1428,02383,36.000,0.000,40.0000,0.00,0.00,0.00,0.00,1440.00,0.00,False
3034,1429,01011,20.000,0.000,2400.0000,0.00,0.00,0.00,0.00,48000.00,0.00,False
3033,1429,01184,60.000,0.000,367.0000,0.00,0.00,0.00,0.00,22020.00,0.00,False
3035,1430,02014,323.000,0.000,390.0000,0.00,0.00,0.00,0.00,125970.00,0.00,False
3036,1430,02061,134.000,0.000,270.0000,0.00,0.00,0.00,0.00,36180.00,0.00,False
3037,1431,02336,60.000,0.000,80.0000,0.00,0.00,0.00,0.00,4800.00,0.00,False
3038,1432,02128,200.000,0.000,1250.0000,0.00,0.00,0.00,0.00,250000.00,0.00,False
3039,1433,02004,203.000,0.000,208.0000,0.00,0.00,0.00,0.00,42224.00,0.00,False
3041,1434,01010,25.000,0.000,2500.0000,0.00,0.00,0.00,0.00,62500.00,0.00,False
3040,1434,01011,25.000,0.000,3600.0000,0.00,0.00,0.00,0.00,90000.00,0.00,False
3042,1434,01034,25.000,0.000,480.0000,0.00,0.00,0.00,0.00,12000.00,0.00,False
3046,1434,01041,25.000,0.000,625.0000,0.00,0.00,0.00,0.00,15625.00,0.00,False
3043,1434,01052,1.000,0.000,14500.0000,0.00,0.00,0.00,0.00,14500.00,0.00,False
3045,1434,01058,25.000,0.000,1700.0000,0.00,0.00,0.00,0.00,42500.00,0.00,False
3044,1434,01072,10.000,0.000,8500.0000,0.00,0.00,0.00,0.00,85000.00,0.00,False
3047,1434,01115,25.000,0.000,1200.0000,0.00,0.00,0.00,0.00,30000.00,0.00,False
3048,1435,02054,10.000,0.000,170.0000,0.00,0.00,0.00,0.00,1700.00,0.00,False
3055,1436,02060,10.000,0.000,150.0000,0.00,0.00,0.00,0.00,1500.00,0.00,False
3053,1436,02106,64.000,0.000,40.0000,0.00,0.00,0.00,0.00,2560.00,0.00,False
3051,1436,02133,80.000,0.000,40.0000,0.00,0.00,0.00,0.00,3200.00,0.00,False
3054,1436,02200,40.000,0.000,40.0000,0.00,0.00,0.00,0.00,1600.00,0.00,False
3050,1436,02293,40.000,0.000,40.0000,0.00,0.00,0.00,0.00,1600.00,0.00,False
3049,1436,02346,250.000,0.000,40.0000,0.00,0.00,0.00,0.00,10000.00,0.00,False
3052,1436,02357,40.000,0.000,40.0000,0.00,0.00,0.00,0.00,1600.00,0.00,False
3057,1437,01002,25.000,0.000,120.0000,0.00,0.00,0.00,0.00,3000.00,0.00,False
3058,1437,01003,2500.000,0.000,15.0000,0.00,0.00,0.00,0.00,37500.00,0.00,False
3059,1437,01020,600.000,0.000,310.0000,0.00,0.00,0.00,0.00,186000.00,0.00,False
3056,1437,01031,3.000,0.000,6200.0000,0.00,0.00,0.00,0.00,18600.00,0.00,False
3060,1438,02014,289.000,0.000,390.0000,0.00,0.00,0.00,0.00,112710.00,0.00,False
3061,1439,02146,40.000,0.000,75.0000,0.00,0.00,0.00,0.00,3000.00,0.00,False
3063,1439,02168,200.000,0.000,40.0000,0.00,0.00,0.00,0.00,8000.00,0.00,False
3064,1439,02169,200.000,0.000,40.0000,0.00,0.00,0.00,0.00,8000.00,0.00,False
3062,1439,02170,200.000,0.000,40.0000,0.00,0.00,0.00,0.00,8000.00,0.00,False
3066,1439,02268,12.000,0.000,75.0000,0.00,0.00,0.00,0.00,900.00,0.00,False
3065,1439,02351,22.000,0.000,90.0000,0.00,0.00,0.00,0.00,1980.00,0.00,False
3068,1440,01021,30.000,0.000,380.0000,0.00,0.00,0.00,0.00,11400.00,0.00,False
3067,1440,01031,25.000,0.000,6200.0000,0.00,0.00,0.00,0.00,155000.00,0.00,False
3069,1441,01003,1250.000,0.000,19.0000,0.00,0.00,0.00,0.00,23750.00,0.00,False
3070,1442,02015,550.000,0.000,250.0000,0.00,0.00,0.00,0.00,137500.00,0.00,False
3071,1443,02014,425.000,0.000,390.0000,0.00,0.00,0.00,0.00,165750.00,0.00,False
3072,1443,02097,600.000,0.000,220.0000,0.00,0.00,0.00,0.00,132000.00,0.00,False
3074,1444,01048,25.000,0.000,1500.0000,0.00,0.00,0.00,0.00,37500.00,0.00,False
3073,1444,01084,25.000,0.000,1200.0000,0.00,0.00,0.00,0.00,30000.00,0.00,False
3075,1444,01143,25.000,0.000,3200.0000,0.00,0.00,0.00,0.00,80000.00,0.00,False
3078,1445,01043,1200.000,0.000,12.5000,0.00,0.00,0.00,0.00,15000.00,0.00,False
3076,1445,01184,90.000,0.000,367.0000,0.00,0.00,0.00,0.00,33030.00,0.00,False
3077,1445,01186,60.000,0.000,44.0000,0.00,0.00,0.00,0.00,2640.00,0.00,False
3079,1446,02304,10.000,0.000,75.0000,0.00,0.00,0.00,0.00,750.00,0.00,False
3080,1446,02384,80.000,0.000,40.0000,0.00,0.00,0.00,0.00,3200.00,0.00,False
3081,1447,01045,550.000,0.000,570.0000,0.00,0.00,0.00,0.00,313500.00,0.00,False
3082,1447,01050,52.000,0.000,2900.0000,0.00,0.00,0.00,0.00,150800.00,0.00,False
3084,1448,02002,101.000,0.000,170.0000,0.00,0.00,0.00,0.00,17170.00,0.00,False
3083,1448,02004,202.000,0.000,208.0000,0.00,0.00,0.00,0.00,42016.00,0.00,False
3085,1449,02114,1600.000,0.000,25.0000,0.00,0.00,0.00,0.00,40000.00,0.00,False
3087,1449,02329,25.000,0.000,90.0000,0.00,0.00,0.00,0.00,2250.00,0.00,False
3086,1449,02332,52.000,0.000,80.0000,0.00,0.00,0.00,0.00,4160.00,0.00,False
3088,1449,02334,52.000,0.000,80.0000,0.00,0.00,0.00,0.00,4160.00,0.00,False
3089,1449,02337,52.000,0.000,80.0000,0.00,0.00,0.00,0.00,4160.00,0.00,False
3090,1449,02385,1500.000,0.000,18.0000,0.00,0.00,0.00,0.00,27000.00,0.00,False
3091,1450,02054,20.000,0.000,170.0000,0.00,0.00,0.00,0.00,3400.00,0.00,False
3092,1451,02015,1000.000,0.000,250.0000,0.00,0.00,0.00,0.00,250000.00,0.00,False
3096,1452,02316,9900.000,0.000,8.0000,0.00,0.00,0.00,0.00,79200.00,0.00,False
3093,1452,02380,32.000,0.000,40.0000,0.00,0.00,0.00,0.00,1280.00,0.00,False
3094,1452,02381,32.000,0.000,40.0000,0.00,0.00,0.00,0.00,1280.00,0.00,False
3097,1452,02382,32.000,0.000,40.0000,0.00,0.00,0.00,0.00,1280.00,0.00,False
3095,1452,02383,32.000,0.000,40.0000,0.00,0.00,0.00,0.00,1280.00,0.00,False
3098,1453,01060,25.000,0.000,900.0000,0.00,0.00,0.00,0.00,22500.00,0.00,False
3099,1453,01187,25.000,0.000,200.0000,0.00,0.00,0.00,0.00,5000.00,0.00,False
3102,1454,02047,30.000,0.000,40.0000,0.00,0.00,0.00,0.00,1200.00,0.00,False
3101,1454,02092,20.000,0.000,40.0000,0.00,0.00,0.00,0.00,800.00,0.00,False
3100,1454,02385,120.000,0.000,40.0000,0.00,0.00,0.00,0.00,4800.00,0.00,False
3103,1455,02014,170.000,0.000,390.0000,0.00,0.00,0.00,0.00,66300.00,0.00,False
3104,1456,01003,1500.000,0.000,19.0000,0.00,0.00,0.00,0.00,28500.00,0.00,False
3105,1457,02311,50.000,0.000,900.0000,0.00,0.00,0.00,0.00,45000.00,0.00,False
3107,1458,02031,92.000,0.000,40.0000,0.00,0.00,0.00,0.00,3680.00,0.00,False
3106,1458,02060,40.000,0.000,90.0000,0.00,0.00,0.00,0.00,3600.00,0.00,False
3108,1458,02237,60.000,0.000,40.0000,0.00,0.00,0.00,0.00,2400.00,0.00,False
3109,1459,01047,300.000,0.000,84.0000,0.00,0.00,0.00,0.00,25200.00,0.00,False
3114,1460,01010,25.000,0.000,3000.0000,0.00,0.00,0.00,0.00,75000.00,0.00,False
3111,1460,01034,25.000,0.000,380.0000,0.00,0.00,0.00,0.00,9500.00,0.00,False
3112,1460,01041,50.000,0.000,625.0000,0.00,0.00,0.00,0.00,31250.00,0.00,False
3110,1460,01055,25.000,0.000,1400.0000,0.00,0.00,0.00,0.00,35000.00,0.00,False
3113,1460,01058,25.000,0.000,1700.0000,0.00,0.00,0.00,0.00,42500.00,0.00,False
3115,1460,01060,25.000,0.000,950.0000,0.00,0.00,0.00,0.00,23750.00,0.00,False
3116,1461,02127,1005.000,0.000,30.0000,0.00,0.00,0.00,0.00,30150.00,0.00,False
3118,1461,02172,1020.000,0.000,30.0000,0.00,0.00,0.00,0.00,30600.00,0.00,False
3117,1461,02360,1000.000,0.000,30.0000,0.00,0.00,0.00,0.00,30000.00,0.00,False
3120,1462,01033,440.000,0.000,60.0000,0.00,0.00,0.00,0.00,26400.00,0.00,False
3119,1462,01043,1400.000,0.000,12.5000,0.00,0.00,0.00,0.00,17500.00,0.00,False
3121,1462,01059,1360.000,0.000,82.0000,0.00,0.00,0.00,0.00,111520.00,0.00,False
3122,1462,01183,1050.000,0.000,235.0000,0.00,0.00,0.00,0.00,246750.00,0.00,False
3126,1463,02004,94.000,0.000,208.0000,0.00,0.00,0.00,0.00,19552.00,0.00,False
3123,1463,02059,100.000,0.000,180.0000,0.00,0.00,0.00,0.00,18000.00,0.00,False
3125,1463,02306,200.000,0.000,170.0000,0.00,0.00,0.00,0.00,34000.00,0.00,False
3124,1463,02317,50.000,0.000,120.0000,0.00,0.00,0.00,0.00,6000.00,0.00,False
3127,1464,01042,50.000,0.000,180.0000,0.00,0.00,0.00,0.00,9000.00,0.00,False
3128,1465,01201,30.000,0.000,600.0000,0.00,0.00,0.00,0.00,18000.00,0.00,False
3130,1466,01017,20.000,0.000,2500.0000,0.00,0.00,0.00,0.00,50000.00,0.00,False
3132,1466,01019,1.000,0.000,6000.0000,0.00,0.00,0.00,0.00,6000.00,0.00,False
3129,1466,01044,250.000,0.000,128.0000,0.00,0.00,0.00,0.00,32000.00,0.00,False
3131,1466,01075,1.000,0.000,5500.0000,0.00,0.00,0.00,0.00,5500.00,0.00,False
3137,1467,02040,50.000,0.000,75.0000,0.00,0.00,0.00,0.00,3750.00,0.00,False
3139,1467,02256,3100.000,0.000,20.0000,0.00,0.00,0.00,0.00,62000.00,0.00,False
3134,1467,02258,200.000,0.000,30.0000,0.00,0.00,0.00,0.00,6000.00,0.00,False
3138,1467,02312,425.000,0.000,75.0000,0.00,0.00,0.00,0.00,31875.00,0.00,False
3136,1467,02325,32.000,0.000,40.0000,0.00,0.00,0.00,0.00,1280.00,0.00,False
3135,1467,02366,32.000,0.000,40.0000,0.00,0.00,0.00,0.00,1280.00,0.00,False
3133,1467,02372,200.000,0.000,30.0000,0.00,0.00,0.00,0.00,6000.00,0.00,False
3140,1467,02385,1550.000,0.000,18.0000,0.00,0.00,0.00,0.00,27900.00,0.00,False
3141,1468,01015,10000.000,0.000,17.0000,0.00,0.00,0.00,0.00,170000.00,0.00,False
3142,1469,02143,64.000,0.000,40.0000,0.00,0.00,0.00,0.00,2560.00,0.00,False
3143,1470,01003,10000.000,0.000,19.0000,0.00,0.00,0.00,0.00,190000.00,0.00,False
3144,1471,02014,170.000,0.000,390.0000,0.00,0.00,0.00,0.00,66300.00,0.00,False
3145,1472,01007,400.000,0.000,40.0000,0.00,0.00,0.00,0.00,16000.00,0.00,False
3146,1472,01033,70.000,0.000,60.0000,0.00,0.00,0.00,0.00,4200.00,0.00,False
3147,1473,02148,40.000,0.000,75.0000,0.00,0.00,0.00,0.00,3000.00,0.00,False
3148,1474,01044,125.000,0.000,128.0000,0.00,0.00,0.00,0.00,16000.00,0.00,False
3149,1475,02014,425.000,0.000,390.0000,0.00,0.00,0.00,0.00,165750.00,0.00,False
3151,1476,02060,30.000,0.000,90.0000,0.00,0.00,0.00,0.00,2700.00,0.00,False
3150,1476,02220,150.000,0.000,40.0000,0.00,0.00,0.00,0.00,6000.00,0.00,False
3153,1477,01020,800.000,0.000,310.0000,0.00,0.00,0.00,0.00,248000.00,0.00,False
3152,1477,01184,90.000,0.000,367.0000,0.00,0.00,0.00,0.00,33030.00,0.00,False
3154,1478,02004,38.000,0.000,170.0000,0.00,0.00,0.00,0.00,6460.00,0.00,False
3155,1479,02004,195.000,0.000,208.0000,0.00,0.00,0.00,0.00,40560.00,0.00,False
3158,1480,01028,50.000,0.000,1450.0000,0.00,0.00,0.00,0.00,72500.00,0.00,False
3159,1480,01038,35.000,0.000,650.0000,0.00,0.00,0.00,0.00,22750.00,0.00,False
3162,1480,01052,2.000,0.000,8500.0000,0.00,0.00,0.00,0.00,17000.00,0.00,False
3156,1480,01055,100.000,0.000,3200.0000,0.00,0.00,0.00,0.00,320000.00,0.00,False
3163,1480,01056,4.000,0.000,16000.0000,0.00,0.00,0.00,0.00,64000.00,0.00,False
3164,1480,01072,10.000,0.000,9000.0000,0.00,0.00,0.00,0.00,90000.00,0.00,False
3160,1480,01104,5.000,0.000,1100.0000,0.00,0.00,0.00,0.00,5500.00,0.00,False
3161,1480,01105,25.000,0.000,320.0000,0.00,0.00,0.00,0.00,8000.00,0.00,False
3157,1480,01115,25.000,0.000,1200.0000,0.00,0.00,0.00,0.00,30000.00,0.00,False
3170,1481,01004,25.000,0.000,360.0000,0.00,0.00,0.00,0.00,9000.00,0.00,False
3176,1481,01010,25.000,0.000,2800.0000,0.00,0.00,0.00,0.00,70000.00,0.00,False
3166,1481,01021,30.000,0.000,340.0000,0.00,0.00,0.00,0.00,10200.00,0.00,False
3167,1481,01031,25.000,0.000,6200.0000,0.00,0.00,0.00,0.00,155000.00,0.00,False
3165,1481,01055,50.000,0.000,1400.0000,0.00,0.00,0.00,0.00,70000.00,0.00,False
3169,1481,01058,25.000,0.000,1700.0000,0.00,0.00,0.00,0.00,42500.00,0.00,False
3171,1481,01080,2.000,0.000,4500.0000,0.00,0.00,0.00,0.00,9000.00,0.00,False
3172,1481,01176,1.000,0.000,4000.0000,0.00,0.00,0.00,0.00,4000.00,0.00,False
3173,1481,01195,10.000,0.000,380.0000,0.00,0.00,0.00,0.00,3800.00,0.00,False
3174,1481,01196,8.000,0.000,680.0000,0.00,0.00,0.00,0.00,5440.00,0.00,False
3175,1481,01197,2.000,0.000,750.0000,0.00,0.00,0.00,0.00,1500.00,0.00,False
3168,1481,01201,60.000,0.000,600.0000,0.00,0.00,0.00,0.00,36000.00,0.00,False
3177,1482,01075,1.000,0.000,5500.0000,0.00,0.00,0.00,0.00,5500.00,0.00,False
3183,1483,02093,30.000,0.000,40.0000,0.00,0.00,0.00,0.00,1200.00,0.00,False
3182,1483,02329,10.000,0.000,160.0000,0.00,0.00,0.00,0.00,1600.00,0.00,False
3180,1483,02330,40.000,0.000,80.0000,0.00,0.00,0.00,0.00,3200.00,0.00,False
3178,1483,02332,40.000,0.000,80.0000,0.00,0.00,0.00,0.00,3200.00,0.00,False
3179,1483,02334,40.000,0.000,80.0000,0.00,0.00,0.00,0.00,3200.00,0.00,False
3181,1483,02345,10.000,0.000,75.0000,0.00,0.00,0.00,0.00,750.00,0.00,False
3184,1484,02014,459.000,0.000,390.0000,0.00,0.00,0.00,0.00,179010.00,0.00,False
3185,1485,01042,50.000,0.000,180.0000,0.00,0.00,0.00,0.00,9000.00,0.00,False
3186,1485,01070,3.000,0.000,5000.0000,0.00,0.00,0.00,0.00,15000.00,0.00,False
3187,1485,01075,6.000,0.000,5500.0000,0.00,0.00,0.00,0.00,33000.00,0.00,False
3188,1485,01204,12.000,0.000,750.0000,0.00,0.00,0.00,0.00,9000.00,0.00,False
3190,1486,01033,360.000,0.000,60.0000,0.00,0.00,0.00,0.00,21600.00,0.00,False
3189,1486,01042,150.000,0.000,180.0000,0.00,0.00,0.00,0.00,27000.00,0.00,False
3191,1486,01043,2400.000,0.000,12.5000,0.00,0.00,0.00,0.00,30000.00,0.00,False
3192,1487,02140,10.000,0.000,900.0000,0.00,0.00,0.00,0.00,9000.00,0.00,False
3193,1488,02014,170.000,0.000,390.0000,0.00,0.00,0.00,0.00,66300.00,0.00,False
3194,1488,02097,780.000,0.000,220.0000,0.00,0.00,0.00,0.00,171600.00,0.00,False
3195,1489,01016,22150.000,0.000,10.0000,0.00,0.00,0.00,0.00,221500.00,0.00,False
3196,1490,01003,10000.000,0.000,14.0000,0.00,0.00,0.00,0.00,140000.00,0.00,False
3197,1491,02311,82.000,0.000,1600.0000,0.00,0.00,0.00,0.00,131200.00,0.00,False
3198,1492,02014,306.000,0.000,390.0000,0.00,0.00,0.00,0.00,119340.00,0.00,False
3200,1493,01013,25.000,0.000,160.0000,0.00,0.00,0.00,0.00,4000.00,0.00,False
3199,1493,01038,35.000,0.000,645.0000,0.00,0.00,0.00,0.00,22575.00,0.00,False
3201,1494,02222,40.000,0.000,90.0000,0.00,0.00,0.00,0.00,3600.00,0.00,False
3205,1494,02303,135.000,0.000,40.0000,0.00,0.00,0.00,0.00,5400.00,0.00,False
3203,1494,02362,140.000,0.000,40.0000,0.00,0.00,0.00,0.00,5600.00,0.00,False
3202,1494,02387,135.000,0.000,40.0000,0.00,0.00,0.00,0.00,5400.00,0.00,False
3204,1494,02388,135.000,0.000,40.0000,0.00,0.00,0.00,0.00,5400.00,0.00,False
3206,1494,02389,135.000,0.000,40.0000,0.00,0.00,0.00,0.00,5400.00,0.00,False
3207,1494,02390,135.000,0.000,40.0000,0.00,0.00,0.00,0.00,5400.00,0.00,False
3208,1494,02391,135.000,0.000,40.0000,0.00,0.00,0.00,0.00,5400.00,0.00,False
3209,1494,02392,64.000,0.000,40.0000,0.00,0.00,0.00,0.00,2560.00,0.00,False
3210,1495,02014,187.000,0.000,390.0000,0.00,0.00,0.00,0.00,72930.00,0.00,False
3211,1496,01027,50.000,0.000,400.0000,0.00,0.00,0.00,0.00,20000.00,0.00,False
3212,1496,01046,25.000,0.000,11000.0000,0.00,0.00,0.00,0.00,275000.00,0.00,False
3215,1496,01047,100.000,0.000,84.0000,0.00,0.00,0.00,0.00,8400.00,0.00,False
3213,1496,01080,5.000,0.000,5500.0000,0.00,0.00,0.00,0.00,27500.00,0.00,False
3214,1496,01195,50.000,0.000,380.0000,0.00,0.00,0.00,0.00,19000.00,0.00,False
3216,1497,01186,120.000,0.000,44.0000,0.00,0.00,0.00,0.00,5280.00,0.00,False
3217,1498,02200,100.000,0.000,40.0000,0.00,0.00,0.00,0.00,4000.00,0.00,False
3218,1498,02349,60.000,0.000,40.0000,0.00,0.00,0.00,0.00,2400.00,0.00,False
3219,1499,02174,1520.000,0.000,80.0000,0.00,0.00,0.00,0.00,121600.00,0.00,False
3220,1500,01007,1000.000,0.000,38.0000,0.00,0.00,0.00,0.00,38000.00,0.00,False
3223,1501,01019,2.000,0.000,6000.0000,0.00,0.00,0.00,0.00,12000.00,0.00,False
3224,1501,01033,320.000,0.000,60.0000,0.00,0.00,0.00,0.00,19200.00,0.00,False
3221,1501,01047,150.000,0.000,84.0000,0.00,0.00,0.00,0.00,12600.00,0.00,False
3222,1501,01075,2.000,0.000,5500.0000,0.00,0.00,0.00,0.00,11000.00,0.00,False
3225,1501,01190,31000.000,0.000,15.0000,0.00,0.00,0.00,0.00,465000.00,0.00,False
3226,1502,01189,60.000,0.000,590.0000,0.00,0.00,0.00,0.00,35400.00,0.00,False
3227,1502,01201,50.000,0.000,600.0000,0.00,0.00,0.00,0.00,30000.00,0.00,False
3228,1503,02059,188.000,0.000,170.0000,0.00,0.00,0.00,0.00,31960.00,0.00,False
3229,1504,02054,200.000,0.000,140.0000,0.00,0.00,0.00,0.00,28000.00,0.00,False
3231,1505,02222,200.000,0.000,40.0000,0.00,0.00,0.00,0.00,8000.00,0.00,False
3236,1505,02322,300.000,0.000,40.0000,0.00,0.00,0.00,0.00,12000.00,0.00,False
3233,1505,02330,52.000,0.000,80.0000,0.00,0.00,0.00,0.00,4160.00,0.00,False
3232,1505,02334,50.000,0.000,80.0000,0.00,0.00,0.00,0.00,4000.00,0.00,False
3234,1505,02337,52.000,0.000,80.0000,0.00,0.00,0.00,0.00,4160.00,0.00,False
3235,1505,02345,12.000,0.000,90.0000,0.00,0.00,0.00,0.00,1080.00,0.00,False
3230,1505,02393,210.000,0.000,40.0000,0.00,0.00,0.00,0.00,8400.00,0.00,False
3237,1506,02014,476.000,0.000,390.0000,0.00,0.00,0.00,0.00,185640.00,0.00,False
3238,1507,02004,93.000,0.000,208.0000,0.00,0.00,0.00,0.00,19344.00,0.00,False
3239,1508,02021,1040.000,0.000,30.0000,0.00,0.00,0.00,0.00,31200.00,0.00,False
3240,1508,02357,32.000,0.000,40.0000,0.00,0.00,0.00,0.00,1280.00,0.00,False
3241,1509,02160,300.000,0.000,20.0000,0.00,0.00,0.00,0.00,6000.00,0.00,False
3242,1510,01003,10000.000,0.000,19.0000,0.00,0.00,0.00,0.00,190000.00,0.00,False
3243,1511,02097,180.000,0.000,220.0000,0.00,0.00,0.00,0.00,39600.00,0.00,False
3248,1512,02027,750.000,0.000,40.0000,0.00,0.00,0.00,0.00,30000.00,0.00,False
3246,1512,02163,160.000,0.000,40.0000,0.00,0.00,0.00,0.00,6400.00,0.00,False
3245,1512,02262,16.000,0.000,40.0000,0.00,0.00,0.00,0.00,640.00,0.00,False
3244,1512,02298,80.000,0.000,40.0000,0.00,0.00,0.00,0.00,3200.00,0.00,False
3247,1512,02342,52.000,0.000,80.0000,0.00,0.00,0.00,0.00,4160.00,0.00,False
3249,1513,01033,400.000,0.000,60.0000,0.00,0.00,0.00,0.00,24000.00,0.00,False
3250,1513,01044,50.000,0.000,128.0000,0.00,0.00,0.00,0.00,6400.00,0.00,False
3251,1513,01186,150.000,0.000,44.0000,0.00,0.00,0.00,0.00,6600.00,0.00,False
3261,1514,02046,500.000,0.000,18.0000,0.00,0.00,0.00,0.00,9000.00,0.00,False
3254,1514,02047,20.000,0.000,40.0000,0.00,0.00,0.00,0.00,800.00,0.00,False
3260,1514,02050,500.000,0.000,18.0000,0.00,0.00,0.00,0.00,9000.00,0.00,False
3252,1514,02147,64.000,0.000,40.0000,0.00,0.00,0.00,0.00,2560.00,0.00,False
3257,1514,02268,30.000,0.000,90.0000,0.00,0.00,0.00,0.00,2700.00,0.00,False
3258,1514,02303,500.000,0.000,18.0000,0.00,0.00,0.00,0.00,9000.00,0.00,False
3253,1514,02351,30.000,0.000,90.0000,0.00,0.00,0.00,0.00,2700.00,0.00,False
3264,1514,02386,500.000,0.000,18.0000,0.00,0.00,0.00,0.00,9000.00,0.00,False
3259,1514,02387,500.000,0.000,18.0000,0.00,0.00,0.00,0.00,9000.00,0.00,False
3255,1514,02388,500.000,0.000,40.0000,0.00,0.00,0.00,0.00,20000.00,0.00,False
3266,1514,02389,500.000,0.000,18.0000,0.00,0.00,0.00,0.00,9000.00,0.00,False
3265,1514,02390,500.000,0.000,18.0000,0.00,0.00,0.00,0.00,9000.00,0.00,False
3256,1514,02391,500.000,0.000,18.0000,0.00,0.00,0.00,0.00,9000.00,0.00,False
3262,1514,02394,250.000,0.000,40.0000,0.00,0.00,0.00,0.00,10000.00,0.00,False
3263,1514,02395,250.000,0.000,40.0000,0.00,0.00,0.00,0.00,10000.00,0.00,False
3267,1514,02396,500.000,0.000,18.0000,0.00,0.00,0.00,0.00,9000.00,0.00,False
3268,1514,02397,500.000,0.000,18.0000,0.00,0.00,0.00,0.00,9000.00,0.00,False
3269,1514,02398,500.000,0.000,18.0000,0.00,0.00,0.00,0.00,9000.00,0.00,False
3270,1515,02014,340.000,0.000,390.0000,0.00,0.00,0.00,0.00,132600.00,0.00,False
3271,1515,02097,300.000,0.000,220.0000,0.00,0.00,0.00,0.00,66000.00,0.00,False
3272,1515,02128,300.000,0.000,900.0000,0.00,0.00,0.00,0.00,270000.00,0.00,False
3287,1516,01013,25.000,0.000,160.0000,0.00,0.00,0.00,0.00,4000.00,0.00,False
3286,1516,01017,25.000,0.000,4000.0000,0.00,0.00,0.00,0.00,100000.00,0.00,False
3275,1516,01021,60.000,0.000,400.0000,0.00,0.00,0.00,0.00,24000.00,0.00,False
3274,1516,01028,100.000,0.000,1400.0000,0.00,0.00,0.00,0.00,140000.00,0.00,False
3282,1516,01031,25.000,0.000,6200.0000,0.00,0.00,0.00,0.00,155000.00,0.00,False
3281,1516,01034,50.000,0.000,360.0000,0.00,0.00,0.00,0.00,18000.00,0.00,False
3285,1516,01036,215.000,0.000,750.0000,0.00,0.00,0.00,0.00,161250.00,0.00,False
3273,1516,01038,210.000,0.000,690.0000,0.00,0.00,0.00,0.00,144900.00,0.00,False
3279,1516,01041,25.000,0.000,680.0000,0.00,0.00,0.00,0.00,17000.00,0.00,False
3280,1516,01050,50.000,0.000,3000.0000,0.00,0.00,0.00,0.00,150000.00,0.00,False
3278,1516,01055,50.000,0.000,1400.0000,0.00,0.00,0.00,0.00,70000.00,0.00,False
3277,1516,01058,50.000,0.000,1700.0000,0.00,0.00,0.00,0.00,85000.00,0.00,False
3276,1516,01060,50.000,0.000,950.0000,0.00,0.00,0.00,0.00,47500.00,0.00,False
3283,1516,01189,250.000,0.000,590.0000,0.00,0.00,0.00,0.00,147500.00,0.00,False
3284,1516,01201,200.000,0.000,600.0000,0.00,0.00,0.00,0.00,120000.00,0.00,False
3288,1517,01002,25.000,0.000,120.0000,0.00,0.00,0.00,0.00,3000.00,0.00,False
3290,1518,02143,52.000,0.000,40.0000,0.00,0.00,0.00,0.00,2080.00,0.00,False
3291,1518,02297,12.000,0.000,40.0000,0.00,0.00,0.00,0.00,480.00,0.00,False
3289,1518,02352,130.000,0.000,40.0000,0.00,0.00,0.00,0.00,5200.00,0.00,False
3292,1519,02209,60.000,0.000,40.0000,0.00,0.00,0.00,0.00,2400.00,0.00,False
3293,1519,02400,130.000,0.000,40.0000,0.00,0.00,0.00,0.00,5200.00,0.00,False
3294,1519,02401,130.000,0.000,40.0000,0.00,0.00,0.00,0.00,5200.00,0.00,False
3295,1520,02097,300.000,0.000,220.0000,0.00,0.00,0.00,0.00,66000.00,0.00,False
3296,1521,02004,310.000,0.000,208.0000,0.00,0.00,0.00,0.00,64480.00,0.00,False
3297,1521,02059,198.000,0.000,170.0000,0.00,0.00,0.00,0.00,33660.00,0.00,False
3299,1522,01042,150.000,0.000,180.0000,0.00,0.00,0.00,0.00,27000.00,0.00,False
3298,1522,01043,2400.000,0.000,12.5000,0.00,0.00,0.00,0.00,30000.00,0.00,False
3300,1522,01044,50.000,0.000,128.0000,0.00,0.00,0.00,0.00,6400.00,0.00,False
3301,1523,01003,10000.000,0.000,19.0000,0.00,0.00,0.00,0.00,190000.00,0.00,False
3302,1524,02014,374.000,0.000,390.0000,0.00,0.00,0.00,0.00,145860.00,0.00,False
3303,1524,02097,360.000,0.000,220.0000,0.00,0.00,0.00,0.00,79200.00,0.00,False
3304,1525,02402,200.000,0.000,40.0000,0.00,0.00,0.00,0.00,8000.00,0.00,False
3305,1526,01184,120.000,0.000,368.0000,0.00,0.00,0.00,0.00,44160.00,0.00,False
3307,1527,02166,64.000,0.000,40.0000,0.00,0.00,0.00,0.00,2560.00,0.00,False
3308,1527,02167,64.000,0.000,40.0000,0.00,0.00,0.00,0.00,2560.00,0.00,False
3306,1527,02346,250.000,0.000,40.0000,0.00,0.00,0.00,0.00,10000.00,0.00,False
3309,1528,02031,24.000,0.000,40.0000,0.00,0.00,0.00,0.00,960.00,0.00,False
3311,1528,02086,1100.000,0.000,13.0000,0.00,0.00,0.00,0.00,14300.00,0.00,False
3310,1528,02222,385.000,0.000,40.0000,0.00,0.00,0.00,0.00,15400.00,0.00,False
3312,1529,01104,10.000,0.000,1100.0000,0.00,0.00,0.00,0.00,11000.00,0.00,False
3314,1530,02031,120.000,0.000,40.0000,0.00,0.00,0.00,0.00,4800.00,0.00,False
3316,1530,02129,12.000,0.000,75.0000,0.00,0.00,0.00,0.00,900.00,0.00,False
3313,1530,02271,60.000,0.000,40.0000,0.00,0.00,0.00,0.00,2400.00,0.00,False
3315,1530,02272,36.000,0.000,40.0000,0.00,0.00,0.00,0.00,1440.00,0.00,False
3317,1530,02403,80.000,0.000,30.0000,0.00,0.00,0.00,0.00,2400.00,0.00,False
3319,1531,01007,1500.000,0.000,40.0000,0.00,0.00,0.00,0.00,60000.00,0.00,False
3318,1531,01020,700.000,0.000,310.0000,0.00,0.00,0.00,0.00,217000.00,0.00,False
3320,1531,02054,15.000,0.000,160.0000,0.00,0.00,0.00,0.00,2400.00,0.00,False
3324,1532,02329,20.000,0.000,280.0000,0.00,0.00,0.00,0.00,5600.00,0.00,False
3321,1532,02334,64.000,0.000,80.0000,0.00,0.00,0.00,0.00,5120.00,0.00,False
3322,1532,02336,64.000,0.000,80.0000,0.00,0.00,0.00,0.00,5120.00,0.00,False
3323,1532,02345,12.000,0.000,90.0000,0.00,0.00,0.00,0.00,1080.00,0.00,False
3325,1533,01033,1500.000,0.000,60.0000,0.00,0.00,0.00,0.00,90000.00,0.00,False
3326,1533,02015,250.000,0.000,270.0000,0.00,0.00,0.00,0.00,67500.00,0.00,False
3327,1534,01003,10000.000,0.000,19.0000,0.00,0.00,0.00,0.00,190000.00,0.00,False
3328,1535,01016,10000.000,0.000,8.0000,0.00,0.00,0.00,0.00,80000.00,0.00,False
3329,1536,01010,25.000,0.000,3000.0000,0.00,0.00,0.00,0.00,75000.00,0.00,False
3330,1537,02035,1035.000,0.000,30.0000,0.00,0.00,0.00,0.00,31050.00,0.00,False
3331,1537,02258,335.000,0.000,40.0000,0.00,0.00,0.00,0.00,13400.00,0.00,False
3332,1538,02004,307.000,0.000,208.0000,0.00,0.00,0.00,0.00,63856.00,0.00,False
3333,1539,02014,170.000,0.000,390.0000,0.00,0.00,0.00,0.00,66300.00,0.00,False
3335,1540,02141,120.000,0.000,40.0000,0.00,0.00,0.00,0.00,4800.00,0.00,False
3336,1540,02144,120.000,0.000,40.0000,0.00,0.00,0.00,0.00,4800.00,0.00,False
3334,1540,02145,120.000,0.000,40.0000,0.00,0.00,0.00,0.00,4800.00,0.00,False
3338,1540,02220,96.000,0.000,40.0000,0.00,0.00,0.00,0.00,3840.00,0.00,False
3337,1540,02301,60.000,0.000,40.0000,0.00,0.00,0.00,0.00,2400.00,0.00,False
3344,1540,02404,36.000,0.000,40.0000,0.00,0.00,0.00,0.00,1440.00,0.00,False
3339,1541,02014,391.000,0.000,390.0000,0.00,0.00,0.00,0.00,152490.00,0.00,False
3340,1542,02004,50.000,0.000,180.0000,0.00,0.00,0.00,0.00,9000.00,0.00,False
3343,1543,01026,3.000,0.000,5500.0000,0.00,0.00,0.00,0.00,16500.00,0.00,False
3342,1543,01047,700.000,0.000,90.0000,0.00,0.00,0.00,0.00,63000.00,0.00,False
3341,1543,01184,60.000,0.000,367.0000,0.00,0.00,0.00,0.00,22020.00,0.00,False
3346,1544,02272,32.000,0.000,40.0000,0.00,0.00,0.00,0.00,1280.00,0.00,False
3345,1544,02297,32.000,0.000,80.0000,0.00,0.00,0.00,0.00,2560.00,0.00,False
3347,1545,02140,50.000,0.000,900.0000,0.00,0.00,0.00,0.00,45000.00,0.00,False
3352,1546,02031,32.000,0.000,40.0000,0.00,0.00,0.00,0.00,1280.00,0.00,False
3354,1546,02222,500.000,0.000,40.0000,0.00,0.00,0.00,0.00,20000.00,0.00,False
3353,1546,02237,32.000,0.000,40.0000,0.00,0.00,0.00,0.00,1280.00,0.00,False
3349,1546,02330,56.000,0.000,80.0000,0.00,0.00,0.00,0.00,4480.00,0.00,False
3351,1546,02332,56.000,0.000,80.0000,0.00,0.00,0.00,0.00,4480.00,0.00,False
3348,1546,02334,70.000,0.000,80.0000,0.00,0.00,0.00,0.00,5600.00,0.00,False
3350,1546,02342,56.000,0.000,80.0000,0.00,0.00,0.00,0.00,4480.00,0.00,False
3356,1547,01019,5.000,0.000,6000.0000,0.00,0.00,0.00,0.00,30000.00,0.00,False
3355,1547,01075,5.000,0.000,5500.0000,0.00,0.00,0.00,0.00,27500.00,0.00,False
3357,1548,02014,510.000,0.000,390.0000,0.00,0.00,0.00,0.00,198900.00,0.00,False
3358,1549,02306,10.000,0.000,180.0000,0.00,0.00,0.00,0.00,1800.00,0.00,False
3360,1550,02133,32.000,0.000,40.0000,0.00,0.00,0.00,0.00,1280.00,0.00,False
3359,1550,02166,120.000,0.000,40.0000,0.00,0.00,0.00,0.00,4800.00,0.00,False
3361,1550,02170,390.000,0.000,25.0000,0.00,0.00,0.00,0.00,9750.00,0.00,False
3362,1550,02213,500.000,0.000,150.0000,0.00,0.00,0.00,0.00,75000.00,0.00,False
3363,1550,02294,12.000,0.000,75.0000,0.00,0.00,0.00,0.00,900.00,0.00,False
3366,1551,01052,10.000,0.000,11000.0000,0.00,0.00,0.00,0.00,110000.00,0.00,False
3364,1551,01055,25.000,0.000,1400.0000,0.00,0.00,0.00,0.00,35000.00,0.00,False
3365,1551,01072,10.000,0.000,8500.0000,0.00,0.00,0.00,0.00,85000.00,0.00,False
3367,1552,01044,25.000,0.000,132.0000,0.00,0.00,0.00,0.00,3300.00,0.00,False
3368,1553,02220,36.000,0.000,40.0000,0.00,0.00,0.00,0.00,1440.00,0.00,False
3369,1553,02293,60.000,0.000,40.0000,0.00,0.00,0.00,0.00,2400.00,0.00,False
3370,1554,02003,34.000,0.000,190.0000,0.00,0.00,0.00,0.00,6460.00,0.00,False
3371,1555,01016,18000.000,0.000,10.0000,0.00,0.00,0.00,0.00,180000.00,0.00,False
3372,1556,01003,10000.000,0.000,19.0000,0.00,0.00,0.00,0.00,190000.00,0.00,False
3375,1557,02133,160.000,0.000,40.0000,0.00,0.00,0.00,0.00,6400.00,0.00,False
3373,1557,02272,64.000,0.000,40.0000,0.00,0.00,0.00,0.00,2560.00,0.00,False
3374,1557,02289,80.000,0.000,40.0000,0.00,0.00,0.00,0.00,3200.00,0.00,False
3378,1557,02329,32.000,0.000,160.0000,0.00,0.00,0.00,0.00,5120.00,0.00,False
3379,1557,02345,32.000,0.000,80.0000,0.00,0.00,0.00,0.00,2560.00,0.00,False
3377,1558,02014,323.000,0.000,390.0000,0.00,0.00,0.00,0.00,125970.00,0.00,False
3376,1558,02097,1020.000,0.000,220.0000,0.00,0.00,0.00,0.00,224400.00,0.00,False
3380,1559,02015,1200.000,0.000,250.0000,0.00,0.00,0.00,0.00,300000.00,0.00,False
3381,1559,02054,30.000,0.000,170.0000,0.00,0.00,0.00,0.00,5100.00,0.00,False
3383,1560,01002,23.000,0.000,120.0000,0.00,0.00,0.00,0.00,2760.00,0.00,False
3382,1560,01187,25.000,0.000,200.0000,0.00,0.00,0.00,0.00,5000.00,0.00,False
3385,1561,01047,150.000,0.000,90.0000,0.00,0.00,0.00,0.00,13500.00,0.00,False
3384,1561,01184,60.000,0.000,367.0000,0.00,0.00,0.00,0.00,22020.00,0.00,False
3387,1562,02330,80.000,0.000,80.0000,0.00,0.00,0.00,0.00,6400.00,0.00,False
3388,1562,02332,32.000,0.000,80.0000,0.00,0.00,0.00,0.00,2560.00,0.00,False
3386,1562,02337,80.000,0.000,80.0000,0.00,0.00,0.00,0.00,6400.00,0.00,False
3390,1563,02004,20.000,0.000,178.0000,0.00,0.00,0.00,0.00,3560.00,0.00,False
3389,1563,02006,104.000,0.000,178.0000,0.00,0.00,0.00,0.00,18512.00,0.00,False
3394,1564,02032,1035.000,0.000,150.0000,0.00,0.00,0.00,0.00,155250.00,0.00,False
3391,1564,02114,1500.000,0.000,25.0000,0.00,0.00,0.00,0.00,37500.00,0.00,False
3393,1564,02213,525.000,0.000,150.0000,0.00,0.00,0.00,0.00,78750.00,0.00,False
3392,1564,02307,1035.000,0.000,150.0000,0.00,0.00,0.00,0.00,155250.00,0.00,False
3395,1565,02002,102.000,0.000,160.0000,0.00,0.00,0.00,0.00,16320.00,0.00,False
3397,1565,02004,137.000,0.000,208.0000,0.00,0.00,0.00,0.00,28496.00,0.00,False
3396,1565,02059,102.000,0.000,170.0000,0.00,0.00,0.00,0.00,17340.00,0.00,False
3398,1566,01003,10000.000,0.000,19.0000,0.00,0.00,0.00,0.00,190000.00,0.00,False
3399,1567,01007,1500.000,0.000,40.0000,0.00,0.00,0.00,0.00,60000.00,0.00,False
3401,1568,01024,3.000,0.000,5500.0000,0.00,0.00,0.00,0.00,16500.00,0.00,False
3400,1568,01026,3.000,0.000,5500.0000,0.00,0.00,0.00,0.00,16500.00,0.00,False
3402,1568,01047,600.000,0.000,90.0000,0.00,0.00,0.00,0.00,54000.00,0.00,False
3403,1569,02140,40.000,0.000,1000.0000,0.00,0.00,0.00,0.00,40000.00,0.00,False
3404,1570,02035,1050.000,0.000,35.0000,0.00,0.00,0.00,0.00,36750.00,0.00,False
3406,1571,01184,90.000,0.000,367.0000,0.00,0.00,0.00,0.00,33030.00,0.00,False
3405,1571,02097,480.000,0.000,170.0000,0.00,0.00,0.00,0.00,81600.00,0.00,False
3407,1572,02002,60.000,0.000,180.0000,0.00,0.00,0.00,0.00,10800.00,0.00,False
3408,1573,02067,550.000,0.000,20.0000,0.00,0.00,0.00,0.00,11000.00,0.00,False
3409,1573,02381,16.000,0.000,40.0000,0.00,0.00,0.00,0.00,640.00,0.00,False
3410,1574,01033,1400.000,0.000,60.0000,0.00,0.00,0.00,0.00,84000.00,0.00,False
3411,1574,01047,50.000,0.000,90.0000,0.00,0.00,0.00,0.00,4500.00,0.00,False
3412,1575,02097,780.000,0.000,220.0000,0.00,0.00,0.00,0.00,171600.00,0.00,False
3413,1576,02091,30.000,0.000,30.0000,0.00,0.00,0.00,0.00,900.00,0.00,False
3415,1577,01035,2.000,0.000,1600.0000,0.00,0.00,0.00,0.00,3200.00,0.00,False
3416,1577,01042,100.000,0.000,180.0000,0.00,0.00,0.00,0.00,18000.00,0.00,False
3414,1577,01044,50.000,0.000,128.0000,0.00,0.00,0.00,0.00,6400.00,0.00,False
3418,1578,02083,40.000,0.000,40.0000,0.00,0.00,0.00,0.00,1600.00,0.00,False
3424,1578,02214,32.000,0.000,140.0000,0.00,0.00,0.00,0.00,4480.00,0.00,False
3417,1578,02234,50.000,0.000,120.0000,0.00,0.00,0.00,0.00,6000.00,0.00,False
3429,1578,02264,40.000,0.000,240.0000,0.00,0.00,0.00,0.00,9600.00,0.00,False
3423,1578,02325,24.000,0.000,40.0000,0.00,0.00,0.00,0.00,960.00,0.00,False
3422,1578,02328,24.000,0.000,40.0000,0.00,0.00,0.00,0.00,960.00,0.00,False
3421,1578,02346,300.000,0.000,40.0000,0.00,0.00,0.00,0.00,12000.00,0.00,False
3420,1578,02366,24.000,0.000,40.0000,0.00,0.00,0.00,0.00,960.00,0.00,False
3419,1578,02370,24.000,0.000,40.0000,0.00,0.00,0.00,0.00,960.00,0.00,False
3425,1578,02406,40.000,0.000,40.0000,0.00,0.00,0.00,0.00,1600.00,0.00,False
3426,1578,02407,32.000,0.000,30.0000,0.00,0.00,0.00,0.00,960.00,0.00,False
3427,1578,02408,32.000,0.000,30.0000,0.00,0.00,0.00,0.00,960.00,0.00,False
3428,1578,02409,32.000,0.000,30.0000,0.00,0.00,0.00,0.00,960.00,0.00,False
3440,1579,01004,25.000,0.000,320.0000,0.00,0.00,0.00,0.00,8000.00,0.00,False
3439,1579,01009,25.000,0.000,1800.0000,0.00,0.00,0.00,0.00,45000.00,0.00,False
3437,1579,01023,25.000,0.000,5500.0000,0.00,0.00,0.00,0.00,137500.00,0.00,False
3438,1579,01025,25.000,0.000,5500.0000,0.00,0.00,0.00,0.00,137500.00,0.00,False
3434,1579,01041,25.000,0.000,520.0000,0.00,0.00,0.00,0.00,13000.00,0.00,False
3430,1579,01054,10.000,0.000,16500.0000,0.00,0.00,0.00,0.00,165000.00,0.00,False
3433,1579,01056,10.000,0.000,17500.0000,0.00,0.00,0.00,0.00,175000.00,0.00,False
3432,1579,01057,10.000,0.000,12000.0000,0.00,0.00,0.00,0.00,120000.00,0.00,False
3436,1579,01058,25.000,0.000,1250.0000,0.00,0.00,0.00,0.00,31250.00,0.00,False
3431,1579,01143,50.000,0.000,3200.0000,0.00,0.00,0.00,0.00,160000.00,0.00,False
3435,1579,01187,25.000,0.000,320.0000,0.00,0.00,0.00,0.00,8000.00,0.00,False
3443,1580,01011,25.000,0.000,3000.0000,0.00,0.00,0.00,0.00,75000.00,0.00,False
3442,1580,01036,430.000,0.000,550.0000,0.00,0.00,0.00,0.00,236500.00,0.00,False
3441,1580,01045,550.000,0.000,350.0000,0.00,0.00,0.00,0.00,192500.00,0.00,False
3444,1581,02014,85.000,0.000,390.0000,0.00,0.00,0.00,0.00,33150.00,0.00,False
3445,1582,02042,395.000,0.000,40.0000,0.00,0.00,0.00,0.00,15800.00,0.00,False
3446,1582,02352,32.000,0.000,30.0000,0.00,0.00,0.00,0.00,960.00,0.00,False
3452,1582,02410,300.000,0.000,80.0000,0.00,0.00,0.00,0.00,24000.00,0.00,False
3453,1582,02411,64.000,0.000,80.0000,0.00,0.00,0.00,0.00,5120.00,0.00,False
3447,1583,01184,90.000,0.000,367.0000,0.00,0.00,0.00,0.00,33030.00,0.00,False
3448,1584,02314,1000.000,0.000,11.5000,0.00,0.00,0.00,0.00,11500.00,0.00,False
3449,1585,01055,50.000,0.000,1400.0000,0.00,0.00,0.00,0.00,70000.00,0.00,False
3450,1586,02014,425.000,0.000,390.0000,0.00,0.00,0.00,0.00,165750.00,0.00,False
3451,1587,02004,100.000,0.000,208.0000,0.00,0.00,0.00,0.00,20800.00,0.00,False
3454,1588,01043,1000.000,0.000,12.5000,0.00,0.00,0.00,0.00,12500.00,0.00,False
3464,1589,02256,1500.000,0.000,17.0000,0.00,0.00,0.00,0.00,25500.00,0.00,False
3455,1589,02404,120.000,0.000,40.0000,0.00,0.00,0.00,0.00,4800.00,0.00,False
3456,1590,01013,50.000,0.000,200.0000,0.00,0.00,0.00,0.00,10000.00,0.00,False
3457,1591,02014,816.000,0.000,390.0000,0.00,0.00,0.00,0.00,318240.00,0.00,False
3458,1592,02274,1010.000,0.000,100.0000,0.00,0.00,0.00,0.00,101000.00,0.00,False
3459,1593,02004,98.000,0.000,208.0000,0.00,0.00,0.00,0.00,20384.00,0.00,False
3460,1593,02306,128.000,0.000,260.0000,0.00,0.00,0.00,0.00,33280.00,0.00,False
3461,1594,01016,22180.000,0.000,10.0000,0.00,0.00,0.00,0.00,221800.00,0.00,False
3462,1595,01020,700.000,0.000,380.0000,0.00,0.00,0.00,0.00,266000.00,0.00,False
3463,1595,01186,120.000,0.000,43.3333,0.00,0.00,0.00,0.00,5200.00,0.00,False
3465,1596,02014,136.000,0.000,390.0000,0.00,0.00,0.00,0.00,53040.00,0.00,False
3466,1597,02054,40.000,0.000,210.0000,0.00,0.00,0.00,0.00,8400.00,0.00,False
3468,1598,02031,60.000,0.000,40.0000,0.00,0.00,0.00,0.00,2400.00,0.00,False
3470,1598,02060,32.000,0.000,140.0000,0.00,0.00,0.00,0.00,4480.00,0.00,False
3469,1598,02268,26.000,0.000,90.0000,0.00,0.00,0.00,0.00,2340.00,0.00,False
3467,1598,02348,36.000,0.000,40.0000,0.00,0.00,0.00,0.00,1440.00,0.00,False
3471,1599,02200,50.000,0.000,40.0000,0.00,0.00,0.00,0.00,2000.00,0.00,False
3472,1599,02342,130.000,0.000,80.0000,0.00,0.00,0.00,0.00,10400.00,0.00,False
3474,1600,01002,25.000,0.000,160.0000,0.00,0.00,0.00,0.00,4000.00,0.00,False
3475,1600,01003,10000.000,0.000,14.0000,0.00,0.00,0.00,0.00,140000.00,0.00,False
3473,1600,01047,100.000,0.000,94.0000,0.00,0.00,0.00,0.00,9400.00,0.00,False
3476,1601,02004,310.000,0.000,208.0000,0.00,0.00,0.00,0.00,64480.00,0.00,False
3477,1602,02054,30.000,0.000,210.0000,0.00,0.00,0.00,0.00,6300.00,0.00,False
3478,1603,01193,5.000,0.000,960.0000,0.00,0.00,0.00,0.00,4800.00,0.00,False
3482,1604,01031,5.000,0.000,7000.0000,0.00,0.00,0.00,0.00,35000.00,0.00,False
3480,1604,01041,25.000,0.000,700.0000,0.00,0.00,0.00,0.00,17500.00,0.00,False
3481,1604,01048,25.000,0.000,1600.0000,0.00,0.00,0.00,0.00,40000.00,0.00,False
3479,1604,01058,25.000,0.000,1800.0000,0.00,0.00,0.00,0.00,45000.00,0.00,False
3483,1604,01117,25.000,0.000,950.0000,0.00,0.00,0.00,0.00,23750.00,0.00,False
3484,1605,02412,12.000,0.000,40.0000,0.00,0.00,0.00,0.00,480.00,0.00,False
3486,1606,02258,340.000,0.000,40.0000,0.00,0.00,0.00,0.00,13600.00,0.00,False
3487,1606,02341,1050.000,0.000,35.0000,0.00,0.00,0.00,0.00,36750.00,0.00,False
3539,1607,01008,60.000,0.000,23.0000,0.00,0.00,0.00,0.00,1380.00,0.00,False
3490,1607,01042,50.000,0.000,180.0000,0.00,0.00,0.00,0.00,9000.00,0.00,False
3489,1607,01044,325.000,0.000,140.0000,0.00,0.00,0.00,0.00,45500.00,0.00,False
3488,1607,01047,200.000,0.000,94.0000,0.00,0.00,0.00,0.00,18800.00,0.00,False
3492,1607,01182,32.000,0.000,490.0000,0.00,0.00,0.00,0.00,15680.00,0.00,False
3493,1608,01035,5.000,0.000,1200.0000,0.00,0.00,0.00,0.00,6000.00,0.00,False
3494,1608,01038,175.000,0.000,660.0000,0.00,0.00,0.00,0.00,115500.00,0.00,False
3495,1609,02140,50.000,0.000,1100.0000,0.00,0.00,0.00,0.00,55000.00,0.00,False
3497,1610,02033,1010.000,0.000,165.0000,0.00,0.00,0.00,0.00,166650.00,0.00,False
3496,1610,02213,911.000,0.000,165.0000,0.00,0.00,0.00,0.00,150315.00,0.00,False
3498,1611,02009,600.000,0.000,20.0000,0.00,0.00,0.00,0.00,12000.00,0.00,False
3499,1612,02314,1500.000,0.000,13.0000,0.00,0.00,0.00,0.00,19500.00,0.00,False
3500,1613,01043,1200.000,0.000,14.0000,0.00,0.00,0.00,0.00,16800.00,0.00,False
3501,1614,02247,1025.000,0.000,35.0000,0.00,0.00,0.00,0.00,35875.00,0.00,False
3502,1615,02004,50.000,0.000,208.0000,0.00,0.00,0.00,0.00,10400.00,0.00,False
3507,1616,01019,2.000,0.000,6500.0000,0.00,0.00,0.00,0.00,13000.00,0.00,False
3504,1616,01031,3.000,0.000,7000.0000,0.00,0.00,0.00,0.00,21000.00,0.00,False
3506,1616,01070,1.000,0.000,5000.0000,0.00,0.00,0.00,0.00,5000.00,0.00,False
3505,1616,01075,1.000,0.000,6000.0000,0.00,0.00,0.00,0.00,6000.00,0.00,False
3503,1616,01184,150.000,0.000,367.0000,0.00,0.00,0.00,0.00,55050.00,0.00,False
3508,1617,02128,109.000,0.000,1000.0000,0.00,0.00,0.00,0.00,109000.00,0.00,False
3540,1618,02026,800.000,0.000,15.0000,0.00,0.00,0.00,0.00,12000.00,0.00,False
3511,1618,02146,24.000,0.000,90.0000,0.00,0.00,0.00,0.00,2160.00,0.00,False
3509,1618,02163,110.000,0.000,40.0000,0.00,0.00,0.00,0.00,4400.00,0.00,False
3510,1618,02329,25.000,0.000,240.0000,0.00,0.00,0.00,0.00,6000.00,0.00,False
3516,1618,02330,48.000,0.000,80.0000,0.00,0.00,0.00,0.00,3840.00,0.00,False
3522,1618,02331,72.000,0.000,40.0000,0.00,0.00,0.00,0.00,2880.00,0.00,False
3514,1618,02332,72.000,0.000,80.0000,0.00,0.00,0.00,0.00,5760.00,0.00,False
3520,1618,02333,72.000,0.000,40.0000,0.00,0.00,0.00,0.00,2880.00,0.00,False
3515,1618,02334,84.000,0.000,80.0000,0.00,0.00,0.00,0.00,6720.00,0.00,False
3521,1618,02335,144.000,0.000,40.0000,0.00,0.00,0.00,0.00,5760.00,0.00,False
3517,1618,02336,64.000,0.000,80.0000,0.00,0.00,0.00,0.00,5120.00,0.00,False
3513,1618,02337,72.000,0.000,80.0000,0.00,0.00,0.00,0.00,5760.00,0.00,False
3519,1618,02338,72.000,0.000,40.0000,0.00,0.00,0.00,0.00,2880.00,0.00,False
3518,1618,02342,32.000,0.000,80.0000,0.00,0.00,0.00,0.00,2560.00,0.00,False
3512,1618,02345,36.000,0.000,90.0000,0.00,0.00,0.00,0.00,3240.00,0.00,False
3523,1618,02413,16.000,0.000,90.0000,0.00,0.00,0.00,0.00,1440.00,0.00,False
3541,1618,02414,25.000,0.000,140.0000,0.00,0.00,0.00,0.00,3500.00,0.00,False
3524,1619,01016,22280.000,0.000,8.0000,0.00,0.00,0.00,0.00,178240.00,0.00,False
3525,1620,02004,247.000,0.000,216.0000,0.00,0.00,0.00,0.00,53352.00,0.00,False
3531,1621,01007,1500.000,0.000,35.0000,0.00,0.00,0.00,0.00,52500.00,0.00,False
3527,1621,01019,2.000,0.000,6200.0000,0.00,0.00,0.00,0.00,12400.00,0.00,False
3529,1621,01031,2.000,0.000,6800.0000,0.00,0.00,0.00,0.00,13600.00,0.00,False
3526,1621,01033,1400.000,0.000,61.5000,0.00,0.00,0.00,0.00,86100.00,0.00,False
3530,1621,01047,400.000,0.000,94.0000,0.00,0.00,0.00,0.00,37600.00,0.00,False
3528,1621,01075,1.000,0.000,5500.0000,0.00,0.00,0.00,0.00,5500.00,0.00,False
3534,1622,01002,25.000,0.000,210.0000,0.00,0.00,0.00,0.00,5250.00,0.00,False
3533,1622,01034,25.000,0.000,320.0000,0.00,0.00,0.00,0.00,8000.00,0.00,False
3532,1622,01105,25.000,0.000,340.0000,0.00,0.00,0.00,0.00,8500.00,0.00,False
3535,1623,02054,20.000,0.000,225.0000,0.00,0.00,0.00,0.00,4500.00,0.00,False
3536,1624,02059,60.000,0.000,155.0000,0.00,0.00,0.00,0.00,9300.00,0.00,False
3537,1625,02059,31.000,0.000,160.0000,0.00,0.00,0.00,0.00,4960.00,0.00,False
3538,1626,02097,960.000,0.000,220.0000,0.00,0.00,0.00,0.00,211200.00,0.00,False
3542,1627,01003,10000.000,0.000,13.6500,0.00,0.00,0.00,0.00,136500.00,0.00,False
3543,1628,02097,600.000,0.000,220.0000,0.00,0.00,0.00,0.00,132000.00,0.00,False
3545,1629,01019,6.000,0.000,6000.0000,0.00,0.00,0.00,0.00,36000.00,0.00,False
3544,1629,01031,9.000,0.000,5750.0000,0.00,0.00,0.00,0.00,51750.00,0.00,False
3547,1629,01044,50.000,0.000,132.0000,0.00,0.00,0.00,0.00,6600.00,0.00,False
3546,1629,01075,5.000,0.000,4500.0000,0.00,0.00,0.00,0.00,22500.00,0.00,False
3551,1630,02114,1500.000,0.000,25.0000,0.00,0.00,0.00,0.00,37500.00,0.00,False
3548,1630,02127,1010.000,0.000,35.0000,0.00,0.00,0.00,0.00,35350.00,0.00,False
3550,1630,02148,50.000,0.000,120.0000,0.00,0.00,0.00,0.00,6000.00,0.00,False
3552,1630,02174,505.000,0.000,100.0000,0.00,0.00,0.00,0.00,50500.00,0.00,False
3549,1630,02232,1015.000,0.000,35.0000,0.00,0.00,0.00,0.00,35525.00,0.00,False
3553,1630,02339,800.000,0.000,17.0000,0.00,0.00,0.00,0.00,13600.00,0.00,False
3554,1631,01031,15.000,0.000,5750.0000,0.00,0.00,0.00,0.00,86250.00,0.00,False
3555,1632,02015,1500.000,0.000,67.0000,0.00,0.00,0.00,0.00,100500.00,0.00,False
3556,1633,02002,110.000,0.000,185.0000,0.00,0.00,0.00,0.00,20350.00,0.00,False
3557,1634,01043,400.000,0.000,14.0000,0.00,0.00,0.00,0.00,5600.00,0.00,False
3558,1635,02031,120.000,0.000,40.0000,0.00,0.00,0.00,0.00,4800.00,0.00,False
3560,1635,02237,40.000,0.000,40.0000,0.00,0.00,0.00,0.00,1600.00,0.00,False
3559,1635,02297,60.000,0.000,40.0000,0.00,0.00,0.00,0.00,2400.00,0.00,False
3561,1636,01044,100.000,0.000,132.0000,0.00,0.00,0.00,0.00,13200.00,0.00,False
3562,1637,02018,5900.000,0.000,12.0000,0.00,0.00,0.00,0.00,70800.00,0.00,False
3563,1637,02278,5900.000,0.000,12.0000,0.00,0.00,0.00,0.00,70800.00,0.00,False
3564,1638,01015,10550.000,0.000,19.0000,0.00,0.00,0.00,0.00,200450.00,0.00,False
3569,1639,01002,25.000,0.000,160.0000,0.00,0.00,0.00,0.00,4000.00,0.00,False
3568,1639,01031,3.000,0.000,5750.0000,0.00,0.00,0.00,0.00,17250.00,0.00,False
3566,1639,01043,1600.000,0.000,14.0000,0.00,0.00,0.00,0.00,22400.00,0.00,False
3567,1639,01044,100.000,0.000,132.0000,0.00,0.00,0.00,0.00,13200.00,0.00,False
3570,1640,02014,425.000,0.000,390.0000,0.00,0.00,0.00,0.00,165750.00,0.00,False
3572,1641,02003,54.000,0.000,223.0000,0.00,0.00,0.00,0.00,12042.00,0.00,False
3571,1641,02004,119.000,0.000,216.0000,0.00,0.00,0.00,0.00,25704.00,0.00,False
3576,1642,02095,210.000,0.000,40.0000,0.00,0.00,0.00,0.00,8400.00,0.00,False
3578,1642,02129,26.000,0.000,90.0000,0.00,0.00,0.00,0.00,2340.00,0.00,False
3580,1642,02133,60.000,0.000,40.0000,0.00,0.00,0.00,0.00,2400.00,0.00,False
3584,1642,02142,100.000,0.000,40.0000,0.00,0.00,0.00,0.00,4000.00,0.00,False
3581,1642,02144,30.000,0.000,40.0000,0.00,0.00,0.00,0.00,1200.00,0.00,False
3579,1642,02327,30.000,0.000,40.0000,0.00,0.00,0.00,0.00,1200.00,0.00,False
3583,1642,02368,20.000,0.000,40.0000,0.00,0.00,0.00,0.00,800.00,0.00,False
3582,1642,02403,220.000,0.000,40.0000,0.00,0.00,0.00,0.00,8800.00,0.00,False
3573,1642,02415,220.000,0.000,40.0000,0.00,0.00,0.00,0.00,8800.00,0.00,False
3575,1642,02417,70.000,0.000,40.0000,0.00,0.00,0.00,0.00,2800.00,0.00,False
3577,1642,02418,140.000,0.000,40.0000,0.00,0.00,0.00,0.00,5600.00,0.00,False
3585,1642,02419,60.000,0.000,40.0000,0.00,0.00,0.00,0.00,2400.00,0.00,False
3590,1643,01009,4.000,0.000,2200.0000,0.00,0.00,0.00,0.00,8800.00,0.00,False
3587,1643,01041,25.000,0.000,650.0000,0.00,0.00,0.00,0.00,16250.00,0.00,False
3589,1643,01053,1.000,0.000,17500.0000,0.00,0.00,0.00,0.00,17500.00,0.00,False
3586,1643,01058,25.000,0.000,1400.0000,0.00,0.00,0.00,0.00,35000.00,0.00,False
3588,1643,01072,10.000,0.000,9500.0000,0.00,0.00,0.00,0.00,95000.00,0.00,False
3591,1644,02004,190.000,0.000,216.0000,0.00,0.00,0.00,0.00,41040.00,0.00,False
3592,1645,01010,25.000,0.000,2800.0000,0.00,0.00,0.00,0.00,70000.00,0.00,False
3594,1645,01034,19.000,0.000,480.0000,0.00,0.00,0.00,0.00,9120.00,0.00,False
3593,1645,01041,25.000,0.000,650.0000,0.00,0.00,0.00,0.00,16250.00,0.00,False
3595,1646,01031,5.000,0.000,5750.0000,0.00,0.00,0.00,0.00,28750.00,0.00,False
3596,1647,02128,90.000,0.000,1000.0000,0.00,0.00,0.00,0.00,90000.00,0.00,False
3597,1648,02420,5.000,0.000,150.0000,0.00,0.00,0.00,0.00,750.00,0.00,False
3598,1648,02421,24.000,0.000,40.0000,0.00,0.00,0.00,0.00,960.00,0.00,False
3599,1648,02422,24.000,0.000,40.0000,0.00,0.00,0.00,0.00,960.00,0.00,False
3600,1648,02423,24.000,0.000,40.0000,0.00,0.00,0.00,0.00,960.00,0.00,False
3601,1648,02424,40.000,0.000,40.0000,0.00,0.00,0.00,0.00,1600.00,0.00,False
3602,1648,02425,24.000,0.000,40.0000,0.00,0.00,0.00,0.00,960.00,0.00,False
3603,1649,02330,60.000,0.000,80.0000,0.00,0.00,0.00,0.00,4800.00,0.00,False
3605,1650,01019,3.000,0.000,5000.0000,0.00,0.00,0.00,0.00,15000.00,0.00,False
3604,1650,01031,2.000,0.000,5750.0000,0.00,0.00,0.00,0.00,11500.00,0.00,False
3606,1650,01043,400.000,0.000,14.0000,0.00,0.00,0.00,0.00,5600.00,0.00,False
3607,1651,01189,30.000,0.000,590.0000,0.00,0.00,0.00,0.00,17700.00,0.00,False
3608,1652,02010,6000.000,0.000,10.1666,0.00,0.00,0.00,0.00,60999.60,0.00,False
3611,1653,02029,64.000,0.000,40.0000,0.00,0.00,0.00,0.00,2560.00,0.00,False
3610,1653,02031,64.000,0.000,40.0000,0.00,0.00,0.00,0.00,2560.00,0.00,False
3612,1653,02183,2.000,0.000,150.0000,0.00,0.00,0.00,0.00,300.00,0.00,False
3609,1653,02351,60.000,0.000,140.0000,0.00,0.00,0.00,0.00,8400.00,0.00,False
3614,1654,01002,25.000,0.000,160.0000,0.00,0.00,0.00,0.00,4000.00,0.00,False
3615,1654,01031,3.000,0.000,5600.0000,0.00,0.00,0.00,0.00,16800.00,0.00,False
3613,1654,01047,150.000,0.000,70.0000,0.00,0.00,0.00,0.00,10500.00,0.00,False
3617,1655,02209,80.000,0.000,40.0000,0.00,0.00,0.00,0.00,3200.00,0.00,False
3618,1655,02210,60.000,0.000,40.0000,0.00,0.00,0.00,0.00,2400.00,0.00,False
3616,1655,02262,60.000,0.000,40.0000,0.00,0.00,0.00,0.00,2400.00,0.00,False
3620,1656,01009,100.000,0.000,2200.0000,0.00,0.00,0.00,0.00,220000.00,0.00,False
3619,1656,01031,50.000,0.000,6500.0000,0.00,0.00,0.00,0.00,325000.00,0.00,False
3624,1656,01041,25.000,0.000,650.0000,0.00,0.00,0.00,0.00,16250.00,0.00,False
3625,1656,01046,25.000,0.000,10500.0000,0.00,0.00,0.00,0.00,262500.00,0.00,False
3623,1656,01058,25.000,0.000,1400.0000,0.00,0.00,0.00,0.00,35000.00,0.00,False
3621,1656,01060,25.000,0.000,1000.0000,0.00,0.00,0.00,0.00,25000.00,0.00,False
3622,1656,01189,30.000,0.000,820.0000,0.00,0.00,0.00,0.00,24600.00,0.00,False
3626,1657,01184,90.000,0.000,367.0000,0.00,0.00,0.00,0.00,33030.00,0.00,False
3628,1658,02004,30.000,0.000,206.0000,0.00,0.00,0.00,0.00,6180.00,0.00,False
3627,1658,02306,134.000,0.000,260.0000,0.00,0.00,0.00,0.00,34840.00,0.00,False
3632,1659,02026,150.000,0.000,40.0000,0.00,0.00,0.00,0.00,6000.00,0.00,False
3630,1659,02029,60.000,0.000,40.0000,0.00,0.00,0.00,0.00,2400.00,0.00,False
3629,1659,02031,60.000,0.000,40.0000,0.00,0.00,0.00,0.00,2400.00,0.00,False
3633,1659,02209,60.000,0.000,40.0000,0.00,0.00,0.00,0.00,2400.00,0.00,False
3634,1659,02234,15.000,0.000,90.0000,0.00,0.00,0.00,0.00,1350.00,0.00,False
3631,1659,02297,60.000,0.000,40.0000,0.00,0.00,0.00,0.00,2400.00,0.00,False
3635,1660,01020,700.000,0.000,350.0000,0.00,0.00,0.00,0.00,245000.00,0.00,False
3636,1661,01010,25.000,0.000,2800.0000,0.00,0.00,0.00,0.00,70000.00,0.00,False
3638,1661,01021,30.000,0.000,400.0000,0.00,0.00,0.00,0.00,12000.00,0.00,False
3637,1661,01028,25.000,0.000,1650.0000,0.00,0.00,0.00,0.00,41250.00,0.00,False
3639,1661,01038,35.000,0.000,650.0000,0.00,0.00,0.00,0.00,22750.00,0.00,False
3640,1662,02014,255.000,0.000,390.0000,0.00,0.00,0.00,0.00,99450.00,0.00,False
3641,1662,02097,900.000,0.000,220.0000,0.00,0.00,0.00,0.00,198000.00,0.00,False
3642,1663,02147,60.000,0.000,40.0000,0.00,0.00,0.00,0.00,2400.00,0.00,False
3644,1663,02403,300.000,0.000,40.0000,0.00,0.00,0.00,0.00,12000.00,0.00,False
3643,1663,02420,20.000,0.000,90.0000,0.00,0.00,0.00,0.00,1800.00,0.00,False
3645,1664,01016,22380.000,0.000,10.0000,0.00,0.00,0.00,0.00,223800.00,0.00,False
1,1665,02006,37.000,0.000,196.0000,0.00,0.00,0.00,0.00,7252.00,0.00,False
64,1666,02211,64.000,0.000,40.0000,0.00,0.00,0.00,0.00,2560.00,0.00,False
2,1666,02334,60.000,0.000,80.0000,0.00,0.00,0.00,0.00,4800.00,0.00,False
5,1666,02421,20.000,0.000,40.0000,0.00,0.00,0.00,0.00,800.00,0.00,False
6,1666,02423,20.000,0.000,40.0000,0.00,0.00,0.00,0.00,800.00,0.00,False
4,1666,02425,24.000,0.000,40.0000,0.00,0.00,0.00,0.00,960.00,0.00,False
3,1666,02427,36.000,0.000,40.0000,0.00,0.00,0.00,0.00,1440.00,0.00,False
7,1666,02428,10.000,0.000,90.0000,0.00,0.00,0.00,0.00,900.00,0.00,False
8,1666,02429,10.000,0.000,120.0000,0.00,0.00,0.00,0.00,1200.00,0.00,False
9,1666,02430,36.000,0.000,40.0000,0.00,0.00,0.00,0.00,1440.00,0.00,False
10,1667,02265,15.000,0.000,40.0000,0.00,0.00,0.00,0.00,600.00,0.00,False
11,1668,02097,12.000,0.000,155.0000,0.00,0.00,0.00,0.00,1860.00,0.00,False
12,1669,01003,500.000,0.000,15.0000,0.00,0.00,0.00,0.00,7500.00,0.00,False
13,1670,01044,25.000,0.000,132.0000,0.00,0.00,0.00,0.00,3300.00,0.00,False
15,1671,01019,3.000,0.000,5000.0000,0.00,0.00,0.00,0.00,15000.00,0.00,False
16,1671,01065,600.000,0.000,265.0000,0.00,0.00,0.00,0.00,159000.00,0.00,False
14,1671,01075,2.000,0.000,5500.0000,0.00,0.00,0.00,0.00,11000.00,0.00,False
17,1672,01003,6250.000,0.000,17.4000,0.00,0.00,0.00,0.00,108750.00,0.00,False
18,1673,01022,1.000,0.000,4000.0000,0.00,0.00,0.00,0.00,4000.00,0.00,False
20,1674,01019,1.000,0.000,5000.0000,0.00,0.00,0.00,0.00,5000.00,0.00,False
19,1674,01075,1.500,0.000,6000.0000,0.00,0.00,0.00,0.00,9000.00,0.00,False
22,1675,02025,12.000,0.000,40.0000,0.00,0.00,0.00,0.00,480.00,0.00,False
30,1675,02047,15.000,0.000,40.0000,0.00,0.00,0.00,0.00,600.00,0.00,False
28,1675,02048,15.000,0.000,40.0000,0.00,0.00,0.00,0.00,600.00,0.00,False
21,1675,02124,12.000,0.000,40.0000,0.00,0.00,0.00,0.00,480.00,0.00,False
25,1675,02146,26.000,0.000,90.0000,0.00,0.00,0.00,0.00,2340.00,0.00,False
27,1675,02300,15.000,0.000,40.0000,0.00,0.00,0.00,0.00,600.00,0.00,False
24,1675,02323,12.000,0.000,40.0000,0.00,0.00,0.00,0.00,480.00,0.00,False
23,1675,02330,80.000,0.000,80.0000,0.00,0.00,0.00,0.00,6400.00,0.00,False
29,1675,02431,15.000,0.000,40.0000,0.00,0.00,0.00,0.00,600.00,0.00,False
31,1676,02268,32.000,0.000,90.0000,0.00,0.00,0.00,0.00,2880.00,0.00,False
32,1677,01027,25.000,0.000,400.0000,0.00,0.00,0.00,0.00,10000.00,0.00,False
186,1677,01189,30.000,0.000,586.6666,0.00,0.00,0.00,0.00,17600.00,0.00,False
33,1678,01043,2000.000,0.000,13.7500,0.00,0.00,0.00,0.00,27500.00,0.00,False
34,1679,01004,25.000,0.000,400.0000,0.00,0.00,0.00,0.00,10000.00,0.00,False
36,1679,01021,30.000,0.000,400.0000,0.00,0.00,0.00,0.00,12000.00,0.00,False
35,1679,01028,25.000,0.000,1650.0000,0.00,0.00,0.00,0.00,41250.00,0.00,False
37,1680,02014,544.000,0.000,390.0000,0.00,0.00,0.00,0.00,212160.00,0.00,False
40,1681,02144,475.000,0.000,20.0000,0.00,0.00,0.00,0.00,9500.00,0.00,False
39,1681,02364,64.000,0.000,40.0000,0.00,0.00,0.00,0.00,2560.00,0.00,False
38,1681,02365,64.000,0.000,40.0000,0.00,0.00,0.00,0.00,2560.00,0.00,False
41,1681,02432,950.000,0.000,20.0000,0.00,0.00,0.00,0.00,19000.00,0.00,False
43,1682,01019,2.000,0.000,5000.0000,0.00,0.00,0.00,0.00,10000.00,0.00,False
42,1682,01042,50.000,0.000,167.0000,0.00,0.00,0.00,0.00,8350.00,0.00,False
46,1682,01070,2.000,0.000,4500.0000,0.00,0.00,0.00,0.00,9000.00,0.00,False
44,1682,01075,2.000,0.000,6000.0000,0.00,0.00,0.00,0.00,12000.00,0.00,False
45,1682,01193,2.000,0.000,700.0000,0.00,0.00,0.00,0.00,1400.00,0.00,False
48,1683,02147,150.000,0.000,40.0000,0.00,0.00,0.00,0.00,6000.00,0.00,False
47,1683,02427,50.000,0.000,40.0000,0.00,0.00,0.00,0.00,2000.00,0.00,False
52,1684,01010,25.000,0.000,2800.0000,0.00,0.00,0.00,0.00,70000.00,0.00,False
51,1684,01045,550.000,0.000,380.0000,0.00,0.00,0.00,0.00,209000.00,0.00,False
49,1684,01073,25.000,0.000,520.0000,0.00,0.00,0.00,0.00,13000.00,0.00,False
50,1684,01189,250.000,0.000,820.0000,0.00,0.00,0.00,0.00,205000.00,0.00,False
53,1684,01201,30.000,0.000,750.0000,0.00,0.00,0.00,0.00,22500.00,0.00,False
59,1685,02029,475.000,0.000,20.0000,0.00,0.00,0.00,0.00,9500.00,0.00,False
58,1685,02106,475.000,0.000,20.0000,0.00,0.00,0.00,0.00,9500.00,0.00,False
56,1685,02131,475.000,0.000,20.0000,0.00,0.00,0.00,0.00,9500.00,0.00,False
54,1685,02133,475.000,0.000,20.0000,0.00,0.00,0.00,0.00,9500.00,0.00,False
55,1685,02212,475.000,0.000,20.0000,0.00,0.00,0.00,0.00,9500.00,0.00,False
57,1685,02397,475.000,0.000,20.0000,0.00,0.00,0.00,0.00,9500.00,0.00,False
60,1685,02403,475.000,0.000,20.0000,0.00,0.00,0.00,0.00,9500.00,0.00,False
61,1686,01206,7.000,0.000,5342.8570,0.00,0.00,0.00,0.00,37400.00,0.00,False
63,1687,02010,10000.000,0.000,9.0000,0.00,0.00,0.00,0.00,90000.00,0.00,False
62,1687,02314,5000.000,0.000,12.5000,0.00,0.00,0.00,0.00,62500.00,0.00,False
65,1688,01003,10000.000,0.000,13.0000,0.00,0.00,0.00,0.00,130000.00,0.00,False
66,1689,01015,5000.000,0.000,17.0000,0.00,0.00,0.00,0.00,85000.00,0.00,False
68,1690,01007,1500.000,0.000,35.0000,0.00,0.00,0.00,0.00,52500.00,0.00,False
67,1690,01033,1500.000,0.000,50.0000,0.00,0.00,0.00,0.00,75000.00,0.00,False
69,1691,02216,72.000,0.000,40.0000,0.00,0.00,0.00,0.00,2880.00,0.00,False
74,1691,02330,140.000,0.000,80.0000,0.00,0.00,0.00,0.00,11200.00,0.00,False
70,1691,02332,60.000,0.000,80.0000,0.00,0.00,0.00,0.00,4800.00,0.00,False
71,1691,02334,30.000,0.000,80.0000,0.00,0.00,0.00,0.00,2400.00,0.00,False
73,1691,02336,50.000,0.000,80.0000,0.00,0.00,0.00,0.00,4000.00,0.00,False
72,1691,02337,50.000,0.000,80.0000,0.00,0.00,0.00,0.00,4000.00,0.00,False
75,1692,02006,50.000,0.000,203.0000,0.00,0.00,0.00,0.00,10150.00,0.00,False
77,1693,01044,50.000,0.000,132.0000,0.00,0.00,0.00,0.00,6600.00,0.00,False
76,1693,01047,100.000,0.000,80.0000,0.00,0.00,0.00,0.00,8000.00,0.00,False
81,1694,01017,10.000,0.000,3400.0000,0.00,0.00,0.00,0.00,34000.00,0.00,False
83,1694,01021,30.000,0.000,400.0000,0.00,0.00,0.00,0.00,12000.00,0.00,False
84,1694,01038,35.000,0.000,650.0000,0.00,0.00,0.00,0.00,22750.00,0.00,False
79,1694,01050,25.000,0.000,3100.0000,0.00,0.00,0.00,0.00,77500.00,0.00,False
82,1694,01054,1.000,0.000,17500.0000,0.00,0.00,0.00,0.00,17500.00,0.00,False
78,1694,01055,25.000,0.000,1550.0000,0.00,0.00,0.00,0.00,38750.00,0.00,False
85,1694,01058,25.000,0.000,1450.0000,0.00,0.00,0.00,0.00,36250.00,0.00,False
80,1694,01201,30.000,0.000,750.0000,0.00,0.00,0.00,0.00,22500.00,0.00,False
86,1695,02004,118.000,0.000,235.0000,0.00,0.00,0.00,0.00,27730.00,0.00,False
87,1696,02097,240.000,0.000,185.0000,0.00,0.00,0.00,0.00,44400.00,0.00,False
88,1697,01019,5.000,0.000,5000.0000,0.00,0.00,0.00,0.00,25000.00,0.00,False
89,1697,01075,5.000,0.000,6200.0000,0.00,0.00,0.00,0.00,31000.00,0.00,False
90,1698,02031,40.000,0.000,40.0000,0.00,0.00,0.00,0.00,1600.00,0.00,False
91,1698,02293,40.000,0.000,40.0000,0.00,0.00,0.00,0.00,1600.00,0.00,False
92,1698,02384,64.000,0.000,40.0000,0.00,0.00,0.00,0.00,2560.00,0.00,False
93,1699,01044,25.000,0.000,128.0000,0.00,0.00,0.00,0.00,3200.00,0.00,False
95,1699,01070,1.000,0.000,2270.0000,0.00,0.00,0.00,0.00,2270.00,0.00,False
94,1699,01184,90.000,0.000,366.6666,0.00,0.00,0.00,0.00,32999.99,0.00,False
97,1700,01011,1.000,0.000,4850.0000,0.00,0.00,0.00,0.00,4850.00,0.00,False
96,1700,01028,30.000,0.000,1650.0000,0.00,0.00,0.00,0.00,49500.00,0.00,False
98,1700,01055,25.000,0.000,1550.0000,0.00,0.00,0.00,0.00,38750.00,0.00,False
99,1701,02014,731.000,0.000,390.0000,0.00,0.00,0.00,0.00,285090.00,0.00,False
100,1702,02015,250.000,0.000,350.0000,0.00,0.00,0.00,0.00,87500.00,0.00,False
102,1703,02265,32.000,0.000,40.0000,0.00,0.00,0.00,0.00,1280.00,0.00,False
101,1703,02346,112.000,0.000,40.0000,0.00,0.00,0.00,0.00,4480.00,0.00,False
103,1703,02434,135.000,0.000,40.0000,0.00,0.00,0.00,0.00,5400.00,0.00,False
104,1704,01042,50.000,0.000,167.0000,0.00,0.00,0.00,0.00,8350.00,0.00,False
105,1705,02004,313.000,0.000,235.0000,0.00,0.00,0.00,0.00,73555.00,0.00,False
106,1706,02014,170.000,0.000,390.0000,0.00,0.00,0.00,0.00,66300.00,0.00,False
121,1707,00374,20.000,0.000,70.0000,0.00,0.00,0.00,0.00,1400.00,0.00,False
112,1707,02132,400.000,0.000,20.0000,0.00,0.00,0.00,0.00,8000.00,0.00,False
114,1707,02141,400.000,0.000,20.0000,0.00,0.00,0.00,0.00,8000.00,0.00,False
109,1707,02142,110.000,0.000,40.0000,0.00,0.00,0.00,0.00,4400.00,0.00,False
108,1707,02145,64.000,0.000,40.0000,0.00,0.00,0.00,0.00,2560.00,0.00,False
119,1707,02147,110.000,0.000,40.0000,0.00,0.00,0.00,0.00,4400.00,0.00,False
115,1707,02211,80.000,0.000,40.0000,0.00,0.00,0.00,0.00,3200.00,0.00,False
110,1707,02293,110.000,0.000,40.0000,0.00,0.00,0.00,0.00,4400.00,0.00,False
122,1707,02329,25.000,0.000,120.0000,0.00,0.00,0.00,0.00,3000.00,0.00,False
113,1707,02363,400.000,0.000,20.0000,0.00,0.00,0.00,0.00,8000.00,0.00,False
111,1707,02365,110.000,0.000,40.0000,0.00,0.00,0.00,0.00,4400.00,0.00,False
123,1707,02372,200.000,0.000,40.0000,0.00,0.00,0.00,0.00,8000.00,0.00,False
107,1707,02404,110.000,0.000,40.0000,0.00,0.00,0.00,0.00,4400.00,0.00,False
120,1707,02420,10.000,0.000,140.0000,0.00,0.00,0.00,0.00,1400.00,0.00,False
117,1707,02435,52.000,0.000,40.0000,0.00,0.00,0.00,0.00,2080.00,0.00,False
118,1707,02436,52.000,0.000,40.0000,0.00,0.00,0.00,0.00,2080.00,0.00,False
116,1707,02437,6.000,0.000,90.0000,0.00,0.00,0.00,0.00,540.00,0.00,False
124,1707,02438,10.000,0.000,140.0000,0.00,0.00,0.00,0.00,1400.00,0.00,False
125,1708,02145,400.000,0.000,20.0000,0.00,0.00,0.00,0.00,8000.00,0.00,False
126,1709,02014,544.000,0.000,390.0000,0.00,0.00,0.00,0.00,212160.00,0.00,False
127,1710,02014,60.000,0.000,450.0000,0.00,0.00,0.00,0.00,27000.00,0.00,False
130,1710,02054,20.000,0.000,185.0000,0.00,0.00,0.00,0.00,3700.00,0.00,False
131,1710,02140,50.000,0.000,1100.0000,0.00,0.00,0.00,0.00,55000.00,0.00,False
129,1711,01044,100.000,0.000,128.0000,0.00,0.00,0.00,0.00,12800.00,0.00,False
128,1711,01047,500.000,0.000,68.0000,0.00,0.00,0.00,0.00,34000.00,0.00,False
140,1711,01059,30.000,0.000,80.0000,0.00,0.00,0.00,0.00,2400.00,0.00,False
141,1712,01002,25.000,0.000,280.0000,0.00,0.00,0.00,0.00,7000.00,0.00,False
134,1712,01004,25.000,0.000,400.0000,0.00,0.00,0.00,0.00,10000.00,0.00,False
137,1712,01009,100.000,0.000,2200.0000,0.00,0.00,0.00,0.00,220000.00,0.00,False
138,1712,01021,30.000,0.000,400.0000,0.00,0.00,0.00,0.00,12000.00,0.00,False
136,1712,01034,25.000,0.000,560.0000,0.00,0.00,0.00,0.00,14000.00,0.00,False
132,1712,01041,25.000,0.000,650.0000,0.00,0.00,0.00,0.00,16250.00,0.00,False
139,1712,01055,25.000,0.000,1550.0000,0.00,0.00,0.00,0.00,38750.00,0.00,False
133,1712,01058,25.000,0.000,1450.0000,0.00,0.00,0.00,0.00,36250.00,0.00,False
135,1712,01105,25.000,0.000,420.0000,0.00,0.00,0.00,0.00,10500.00,0.00,False
142,1713,02004,20.000,0.000,210.0000,0.00,0.00,0.00,0.00,4200.00,0.00,False
143,1714,01184,120.000,0.000,366.6666,0.00,0.00,0.00,0.00,43999.99,0.00,False
144,1714,01186,60.000,0.000,36.6666,0.00,0.00,0.00,0.00,2200.00,0.00,False
185,1715,01002,25.000,0.000,280.0000,0.00,0.00,0.00,0.00,7000.00,0.00,False
153,1715,01011,25.000,0.000,4850.0000,0.00,0.00,0.00,0.00,121250.00,0.00,False
154,1715,01013,25.000,0.000,210.0000,0.00,0.00,0.00,0.00,5250.00,0.00,False
148,1715,01017,25.000,0.000,3400.0000,0.00,0.00,0.00,0.00,85000.00,0.00,False
151,1715,01023,25.000,0.000,7200.0000,0.00,0.00,0.00,0.00,180000.00,0.00,False
150,1715,01025,25.000,0.000,7200.0000,0.00,0.00,0.00,0.00,180000.00,0.00,False
149,1715,01028,30.000,0.000,1650.0000,0.00,0.00,0.00,0.00,49500.00,0.00,False
155,1715,01038,35.000,0.000,650.0000,0.00,0.00,0.00,0.00,22750.00,0.00,False
152,1715,01046,25.000,0.000,10500.0000,0.00,0.00,0.00,0.00,262500.00,0.00,False
145,1715,01053,10.000,0.000,17500.0000,0.00,0.00,0.00,0.00,175000.00,0.00,False
146,1715,01054,10.000,0.000,17500.0000,0.00,0.00,0.00,0.00,175000.00,0.00,False
147,1715,01056,10.000,0.000,19500.0000,0.00,0.00,0.00,0.00,195000.00,0.00,False
158,1716,02364,64.000,0.000,40.0000,0.00,0.00,0.00,0.00,2560.00,0.00,False
157,1716,02371,64.000,0.000,40.0000,0.00,0.00,0.00,0.00,2560.00,0.00,False
156,1716,02410,110.000,0.000,80.0000,0.00,0.00,0.00,0.00,8800.00,0.00,False
163,1717,02026,144.000,0.000,60.0000,0.00,0.00,0.00,0.00,8640.00,0.00,False
164,1717,02148,12.000,0.000,140.0000,0.00,0.00,0.00,0.00,1680.00,0.00,False
159,1717,02267,24.000,0.000,40.0000,0.00,0.00,0.00,0.00,960.00,0.00,False
165,1717,02268,26.000,0.000,90.0000,0.00,0.00,0.00,0.00,2340.00,0.00,False
160,1717,02271,24.000,0.000,40.0000,0.00,0.00,0.00,0.00,960.00,0.00,False
161,1717,02272,64.000,0.000,40.0000,0.00,0.00,0.00,0.00,2560.00,0.00,False
162,1717,02350,64.000,0.000,40.0000,0.00,0.00,0.00,0.00,2560.00,0.00,False
166,1717,02351,12.000,0.000,140.0000,0.00,0.00,0.00,0.00,1680.00,0.00,False
167,1718,01020,700.000,0.000,350.0000,0.00,0.00,0.00,0.00,245000.00,0.00,False
168,1719,02004,313.000,0.000,235.0000,0.00,0.00,0.00,0.00,73555.00,0.00,False
169,1720,02004,31.000,0.000,227.0000,0.00,0.00,0.00,0.00,7037.00,0.00,False
170,1721,02014,255.000,0.000,390.0000,0.00,0.00,0.00,0.00,99450.00,0.00,False
171,1722,01072,10.000,0.000,9500.0000,0.00,0.00,0.00,0.00,95000.00,0.00,False
172,1723,02014,340.000,0.000,390.0000,0.00,0.00,0.00,0.00,132600.00,0.00,False
174,1724,01015,2500.000,0.000,17.0000,0.00,0.00,0.00,0.00,42500.00,0.00,False
173,1724,01190,18400.000,0.000,11.5000,0.00,0.00,0.00,0.00,211600.00,0.00,False
175,1725,02128,150.000,0.000,1066.0000,0.00,0.00,0.00,0.00,159900.00,0.00,False
176,1726,02160,130.000,0.000,90.0000,0.00,0.00,0.00,0.00,11700.00,0.00,False
177,1727,02128,224.000,0.000,1066.0000,0.00,0.00,0.00,0.00,238784.00,0.00,False
181,1728,00374,20.000,0.000,75.0000,0.00,0.00,0.00,0.00,1500.00,0.00,False
178,1728,02332,80.000,0.000,80.0000,0.00,0.00,0.00,0.00,6400.00,0.00,False
180,1728,02337,80.000,0.000,80.0000,0.00,0.00,0.00,0.00,6400.00,0.00,False
179,1728,02342,80.000,0.000,80.0000,0.00,0.00,0.00,0.00,6400.00,0.00,False
182,1729,02097,180.000,0.000,230.0000,0.00,0.00,0.00,0.00,41400.00,0.00,False
184,1730,01002,25.000,0.000,200.0000,0.00,0.00,0.00,0.00,5000.00,0.00,False
183,1730,01047,150.000,0.000,80.0000,0.00,0.00,0.00,0.00,12000.00,0.00,False
187,1731,01003,10000.000,0.000,13.0000,0.00,0.00,0.00,0.00,130000.00,0.00,False
188,1732,01033,2096.000,0.000,50.0000,0.00,0.00,0.00,0.00,104800.00,0.00,False
189,1732,01059,990.000,0.000,72.3333,0.00,0.00,0.00,0.00,71609.97,0.00,False
190,1733,01190,18400.000,0.000,11.5000,0.00,0.00,0.00,0.00,211600.00,0.00,False
191,1734,01015,1600.000,0.000,17.0000,0.00,0.00,0.00,0.00,27200.00,0.00,False
193,1735,01007,1500.000,0.000,35.0000,0.00,0.00,0.00,0.00,52500.00,0.00,False
192,1735,01059,990.000,0.000,72.3333,0.00,0.00,0.00,0.00,71609.97,0.00,False
201,1736,02031,64.000,0.000,40.0000,0.00,0.00,0.00,0.00,2560.00,0.00,False
198,1736,02220,40.000,0.000,40.0000,0.00,0.00,0.00,0.00,1600.00,0.00,False
203,1736,02237,64.000,0.000,40.0000,0.00,0.00,0.00,0.00,2560.00,0.00,False
196,1736,02268,22.000,0.000,90.0000,0.00,0.00,0.00,0.00,1980.00,0.00,False
202,1736,02271,32.000,0.000,40.0000,0.00,0.00,0.00,0.00,1280.00,0.00,False
197,1736,02348,40.000,0.000,40.0000,0.00,0.00,0.00,0.00,1600.00,0.00,False
194,1736,02351,30.000,0.000,140.0000,0.00,0.00,0.00,0.00,4200.00,0.00,False
199,1736,02394,80.000,0.000,40.0000,0.00,0.00,0.00,0.00,3200.00,0.00,False
200,1736,02395,80.000,0.000,40.0000,0.00,0.00,0.00,0.00,3200.00,0.00,False
195,1736,02439,32.000,0.000,40.0000,0.00,0.00,0.00,0.00,1280.00,0.00,False
204,1737,02014,340.000,0.000,440.0000,0.00,0.00,0.00,0.00,149600.00,0.00,False
205,1737,02097,600.000,0.000,230.0000,0.00,0.00,0.00,0.00,138000.00,0.00,False
206,1738,02174,508.000,0.000,100.0000,0.00,0.00,0.00,0.00,50800.00,0.00,False
207,1739,01015,10000.000,0.000,17.0000,0.00,0.00,0.00,0.00,170000.00,0.00,False
208,1740,01043,1600.000,0.000,13.7500,0.00,0.00,0.00,0.00,22000.00,0.00,False
209,1740,01044,200.000,0.000,128.0000,0.00,0.00,0.00,0.00,25600.00,0.00,False
210,1741,02258,300.000,0.000,40.0000,0.00,0.00,0.00,0.00,12000.00,0.00,False
211,1742,01207,1.000,0.000,9500.0000,0.00,0.00,0.00,0.00,9500.00,0.00,False
221,1743,00374,15.000,0.000,75.0000,0.00,0.00,0.00,0.00,1125.00,0.00,False
222,1743,02026,160.000,0.000,50.0000,0.00,0.00,0.00,0.00,8000.00,0.00,False
220,1743,02271,32.000,0.000,40.0000,0.00,0.00,0.00,0.00,1280.00,0.00,False
212,1743,02330,70.000,0.000,80.0000,0.00,0.00,0.00,0.00,5600.00,0.00,False
215,1743,02334,30.000,0.000,80.0000,0.00,0.00,0.00,0.00,2400.00,0.00,False
213,1743,02336,70.000,0.000,80.0000,0.00,0.00,0.00,0.00,5600.00,0.00,False
214,1743,02337,60.000,0.000,80.0000,0.00,0.00,0.00,0.00,4800.00,0.00,False
218,1743,02345,12.000,0.000,90.0000,0.00,0.00,0.00,0.00,1080.00,0.00,False
223,1743,02420,500.000,0.000,40.0000,0.00,0.00,0.00,0.00,20000.00,0.00,False
216,1743,02435,30.000,0.000,80.0000,0.00,0.00,0.00,0.00,2400.00,0.00,False
217,1743,02436,32.000,0.000,80.0000,0.00,0.00,0.00,0.00,2560.00,0.00,False
219,1743,02437,20.000,0.000,90.0000,0.00,0.00,0.00,0.00,1800.00,0.00,False
224,1744,02004,100.000,0.000,235.0000,0.00,0.00,0.00,0.00,23500.00,0.00,False
225,1745,02004,34.000,0.000,227.0000,0.00,0.00,0.00,0.00,7718.00,0.00,False
226,1746,01185,30.000,0.000,283.3333,0.00,0.00,0.00,0.00,8500.00,0.00,False
227,1747,02140,50.000,0.000,1100.0000,0.00,0.00,0.00,0.00,55000.00,0.00,False
236,1748,01002,25.000,0.000,280.0000,0.00,0.00,0.00,0.00,7000.00,0.00,False
231,1748,01004,25.000,0.000,400.0000,0.00,0.00,0.00,0.00,10000.00,0.00,False
235,1748,01009,25.000,0.000,2200.0000,0.00,0.00,0.00,0.00,55000.00,0.00,False
238,1748,01010,25.000,0.000,2800.0000,0.00,0.00,0.00,0.00,70000.00,0.00,False
234,1748,01011,25.000,0.000,4850.0000,0.00,0.00,0.00,0.00,121250.00,0.00,False
240,1748,01028,5.000,0.000,1650.0000,0.00,0.00,0.00,0.00,8250.00,0.00,False
230,1748,01034,25.000,0.000,560.0000,0.00,0.00,0.00,0.00,14000.00,0.00,False
228,1748,01041,25.000,0.000,650.0000,0.00,0.00,0.00,0.00,16250.00,0.00,False
229,1748,01058,25.000,0.000,1450.0000,0.00,0.00,0.00,0.00,36250.00,0.00,False
237,1748,01105,25.000,0.000,425.0000,0.00,0.00,0.00,0.00,10625.00,0.00,False
232,1748,01176,1.000,0.000,9500.0000,0.00,0.00,0.00,0.00,9500.00,0.00,False
233,1748,01187,25.000,0.000,400.0000,0.00,0.00,0.00,0.00,10000.00,0.00,False
239,1748,01201,50.000,0.000,750.0000,0.00,0.00,0.00,0.00,37500.00,0.00,False
241,1749,01019,3.000,0.000,5000.0000,0.00,0.00,0.00,0.00,15000.00,0.00,False
243,1749,01047,200.000,0.000,68.0000,0.00,0.00,0.00,0.00,13600.00,0.00,False
242,1749,01075,3.000,0.000,4500.0000,0.00,0.00,0.00,0.00,13500.00,0.00,False
245,1750,02027,70.000,0.000,40.0000,0.00,0.00,0.00,0.00,2800.00,0.00,False
244,1750,02291,64.000,0.000,40.0000,0.00,0.00,0.00,0.00,2560.00,0.00,False
246,1751,02014,425.000,0.000,440.0000,0.00,0.00,0.00,0.00,187000.00,0.00,False
247,1752,01035,2.000,0.000,1350.0000,0.00,0.00,0.00,0.00,2700.00,0.00,False
248,1752,01055,10.000,0.000,1550.0000,0.00,0.00,0.00,0.00,15500.00,0.00,False
249,1753,01184,30.000,0.000,366.6666,0.00,0.00,0.00,0.00,11000.00,0.00,False
250,1754,02047,32.000,0.000,40.0000,0.00,0.00,0.00,0.00,1280.00,0.00,False
254,1754,02093,24.000,0.000,40.0000,0.00,0.00,0.00,0.00,960.00,0.00,False
253,1754,02164,72.000,0.000,40.0000,0.00,0.00,0.00,0.00,2880.00,0.00,False
252,1754,02165,72.000,0.000,40.0000,0.00,0.00,0.00,0.00,2880.00,0.00,False
255,1754,02209,24.000,0.000,40.0000,0.00,0.00,0.00,0.00,960.00,0.00,False
251,1754,02298,64.000,0.000,40.0000,0.00,0.00,0.00,0.00,2560.00,0.00,False
256,1755,02014,425.000,0.000,440.0000,0.00,0.00,0.00,0.00,187000.00,0.00,False
260,1756,01008,380.000,0.000,22.5000,0.00,0.00,0.00,0.00,8550.00,0.00,False
259,1756,01042,200.000,0.000,170.0000,0.00,0.00,0.00,0.00,34000.00,0.00,False
258,1756,01047,150.000,0.000,68.0000,0.00,0.00,0.00,0.00,10200.00,0.00,False
257,1756,01182,190.000,0.000,466.8422,0.00,0.00,0.00,0.00,88700.02,0.00,False
261,1757,01002,25.000,0.000,280.0000,0.00,0.00,0.00,0.00,7000.00,0.00,False
262,1758,02076,80.000,0.000,28.7500,0.00,0.00,0.00,0.00,2300.00,0.00,False
263,1759,02006,52.000,0.000,217.0000,0.00,0.00,0.00,0.00,11284.00,0.00,False
264,1760,02094,100.000,0.000,40.0000,0.00,0.00,0.00,0.00,4000.00,0.00,False
266,1761,01019,3.000,0.000,5000.0000,0.00,0.00,0.00,0.00,15000.00,0.00,False
267,1761,01042,50.000,0.000,164.0000,0.00,0.00,0.00,0.00,8200.00,0.00,False
265,1761,01075,3.000,0.000,4500.0000,0.00,0.00,0.00,0.00,13500.00,0.00,False
268,1762,01184,30.000,0.000,366.6666,0.00,0.00,0.00,0.00,11000.00,0.00,False
269,1763,02097,720.000,0.000,185.0000,0.00,0.00,0.00,0.00,133200.00,0.00,False
278,1764,01013,25.000,0.000,210.0000,0.00,0.00,0.00,0.00,5250.00,0.00,False
273,1764,01031,15.000,0.000,6500.0000,0.00,0.00,0.00,0.00,97500.00,0.00,False
270,1764,01038,70.000,0.000,650.0000,0.00,0.00,0.00,0.00,45500.00,0.00,False
271,1764,01041,25.000,0.000,650.0000,0.00,0.00,0.00,0.00,16250.00,0.00,False
279,1764,01050,5.000,0.000,3100.0000,0.00,0.00,0.00,0.00,15500.00,0.00,False
274,1764,01055,6.000,0.000,1550.0000,0.00,0.00,0.00,0.00,9300.00,0.00,False
272,1764,01058,15.000,0.000,1450.0000,0.00,0.00,0.00,0.00,21750.00,0.00,False
277,1764,01080,1.000,0.000,6200.0000,0.00,0.00,0.00,0.00,6200.00,0.00,False
276,1764,01082,5.000,0.000,7200.0000,0.00,0.00,0.00,0.00,36000.00,0.00,False
275,1764,01201,20.000,0.000,750.0000,0.00,0.00,0.00,0.00,15000.00,0.00,False
280,1765,02004,196.000,0.000,235.0000,0.00,0.00,0.00,0.00,46060.00,0.00,False
281,1766,02128,126.000,0.000,1065.0000,0.00,0.00,0.00,0.00,134190.00,0.00,False
286,1767,02028,12.000,0.000,40.0000,0.00,0.00,0.00,0.00,480.00,0.00,False
282,1767,02031,24.000,0.000,40.0000,0.00,0.00,0.00,0.00,960.00,0.00,False
290,1767,02060,4.000,0.000,140.0000,0.00,0.00,0.00,0.00,560.00,0.00,False
288,1767,02220,144.000,0.000,40.0000,0.00,0.00,0.00,0.00,5760.00,0.00,False
289,1767,02234,6.000,0.000,140.0000,0.00,0.00,0.00,0.00,840.00,0.00,False
287,1767,02267,24.000,0.000,40.0000,0.00,0.00,0.00,0.00,960.00,0.00,False
284,1767,02272,12.000,0.000,40.0000,0.00,0.00,0.00,0.00,480.00,0.00,False
285,1767,02289,12.000,0.000,40.0000,0.00,0.00,0.00,0.00,480.00,0.00,False
283,1767,02357,12.000,0.000,40.0000,0.00,0.00,0.00,0.00,480.00,0.00,False
291,1767,02420,10.000,0.000,140.0000,0.00,0.00,0.00,0.00,1400.00,0.00,False
292,1768,01043,800.000,0.000,13.7500,0.00,0.00,0.00,0.00,11000.00,0.00,False
293,1769,02027,100.000,0.000,40.0000,0.00,0.00,0.00,0.00,4000.00,0.00,False
294,1769,02440,45.000,0.000,140.0000,0.00,0.00,0.00,0.00,6300.00,0.00,False
295,1770,01002,25.000,0.000,200.0000,0.00,0.00,0.00,0.00,5000.00,0.00,False
296,1770,01073,25.000,0.000,330.0000,0.00,0.00,0.00,0.00,8250.00,0.00,False
299,1771,01018,25.000,0.000,560.0000,0.00,0.00,0.00,0.00,14000.00,0.00,False
298,1771,01022,1.000,0.000,4000.0000,0.00,0.00,0.00,0.00,4000.00,0.00,False
297,1771,01034,75.000,0.000,560.0000,0.00,0.00,0.00,0.00,42000.00,0.00,False
305,1772,00374,15.000,0.000,75.0000,0.00,0.00,0.00,0.00,1125.00,0.00,False
301,1772,02058,6.000,0.000,140.0000,0.00,0.00,0.00,0.00,840.00,0.00,False
303,1772,02291,64.000,0.000,40.0000,0.00,0.00,0.00,0.00,2560.00,0.00,False
302,1772,02329,25.000,0.000,240.0000,0.00,0.00,0.00,0.00,6000.00,0.00,False
304,1772,02330,80.000,0.000,80.0000,0.00,0.00,0.00,0.00,6400.00,0.00,False
300,1772,02420,10.000,0.000,140.0000,0.00,0.00,0.00,0.00,1400.00,0.00,False
306,1772,02438,6.000,0.000,140.0000,0.00,0.00,0.00,0.00,840.00,0.00,False
307,1773,01019,3.000,0.000,5000.0000,0.00,0.00,0.00,0.00,15000.00,0.00,False
309,1773,01047,150.000,0.000,68.0000,0.00,0.00,0.00,0.00,10200.00,0.00,False
308,1773,01075,3.000,0.000,4500.0000,0.00,0.00,0.00,0.00,13500.00,0.00,False
310,1774,01002,25.000,0.000,280.0000,0.00,0.00,0.00,0.00,7000.00,0.00,False
312,1774,01187,25.000,0.000,400.0000,0.00,0.00,0.00,0.00,10000.00,0.00,False
311,1774,01201,15.000,0.000,750.0000,0.00,0.00,0.00,0.00,11250.00,0.00,False
313,1775,02054,27.000,0.000,200.0000,0.00,0.00,0.00,0.00,5400.00,0.00,False
314,1776,02014,510.000,0.000,440.0000,0.00,0.00,0.00,0.00,224400.00,0.00,False
317,1777,02160,386.000,0.000,40.0000,0.00,0.00,0.00,0.00,15440.00,0.00,False
316,1777,02245,365.000,0.000,40.0000,0.00,0.00,0.00,0.00,14600.00,0.00,False
315,1777,02258,20.000,0.000,140.0000,0.00,0.00,0.00,0.00,2800.00,0.00,False
318,1778,01019,1.000,0.000,5500.0000,0.00,0.00,0.00,0.00,5500.00,0.00,False
321,1778,01028,60.000,0.000,1650.0000,0.00,0.00,0.00,0.00,99000.00,0.00,False
322,1778,01050,25.000,0.000,3100.0000,0.00,0.00,0.00,0.00,77500.00,0.00,False
320,1778,01070,1.000,0.000,5000.0000,0.00,0.00,0.00,0.00,5000.00,0.00,False
319,1778,01075,1.000,0.000,5500.0000,0.00,0.00,0.00,0.00,5500.00,0.00,False
323,1779,01020,595.000,0.000,350.0000,0.00,0.00,0.00,0.00,208250.00,0.00,False
324,1779,01184,90.000,0.000,366.6666,0.00,0.00,0.00,0.00,32999.99,0.00,False
334,1780,02027,400.000,0.000,20.0000,0.00,0.00,0.00,0.00,8000.00,0.00,False
326,1780,02031,60.000,0.000,40.0000,0.00,0.00,0.00,0.00,2400.00,0.00,False
329,1780,02220,140.000,0.000,40.0000,0.00,0.00,0.00,0.00,5600.00,0.00,False
332,1780,02258,300.000,0.000,40.0000,0.00,0.00,0.00,0.00,12000.00,0.00,False
328,1780,02265,140.000,0.000,40.0000,0.00,0.00,0.00,0.00,5600.00,0.00,False
327,1780,02346,280.000,0.000,40.0000,0.00,0.00,0.00,0.00,11200.00,0.00,False
325,1780,02366,30.000,0.000,40.0000,0.00,0.00,0.00,0.00,1200.00,0.00,False
333,1780,02385,400.000,0.000,20.0000,0.00,0.00,0.00,0.00,8000.00,0.00,False
335,1780,02405,60.000,0.000,75.0000,0.00,0.00,0.00,0.00,4500.00,0.00,False
330,1780,02441,70.000,0.000,40.0000,0.00,0.00,0.00,0.00,2800.00,0.00,False
331,1780,02442,140.000,0.000,40.0000,0.00,0.00,0.00,0.00,5600.00,0.00,False
336,1781,02014,391.000,0.000,440.0000,0.00,0.00,0.00,0.00,172040.00,0.00,False
337,1781,02097,660.000,0.000,230.0000,0.00,0.00,0.00,0.00,151800.00,0.00,False
339,1782,01038,105.000,0.000,650.0000,0.00,0.00,0.00,0.00,68250.00,0.00,False
338,1782,01060,25.000,0.000,950.0000,0.00,0.00,0.00,0.00,23750.00,0.00,False
340,1783,01027,25.000,0.000,400.0000,0.00,0.00,0.00,0.00,10000.00,0.00,False
342,1784,02146,22.000,0.000,90.0000,0.00,0.00,0.00,0.00,1980.00,0.00,False
343,1784,02266,20.000,0.000,75.0000,0.00,0.00,0.00,0.00,1500.00,0.00,False
341,1784,02322,200.000,0.000,40.0000,0.00,0.00,0.00,0.00,8000.00,0.00,False
345,1784,02443,90.000,0.000,40.0000,0.00,0.00,0.00,0.00,3600.00,0.00,False
344,1785,01047,150.000,0.000,68.0000,0.00,0.00,0.00,0.00,10200.00,0.00,False
346,1786,01055,5.000,0.000,1550.0000,0.00,0.00,0.00,0.00,7750.00,0.00,False
347,1787,02015,1700.000,0.000,350.0000,0.00,0.00,0.00,0.00,595000.00,0.00,False
348,1788,01055,50.000,0.000,1550.0000,0.00,0.00,0.00,0.00,77500.00,0.00,False
352,1789,01024,2.000,0.000,5000.0000,0.00,0.00,0.00,0.00,10000.00,0.00,False
351,1789,01026,2.000,0.000,5500.0000,0.00,0.00,0.00,0.00,11000.00,0.00,False
350,1789,01047,250.000,0.000,74.0000,0.00,0.00,0.00,0.00,18500.00,0.00,False
349,1789,01184,120.000,0.000,366.6666,0.00,0.00,0.00,0.00,43999.99,0.00,False
353,1790,02026,400.000,0.000,18.0000,0.00,0.00,0.00,0.00,7200.00,0.00,False
354,1790,02272,60.000,0.000,40.0000,0.00,0.00,0.00,0.00,2400.00,0.00,False
355,1791,02004,71.000,0.000,235.0000,0.00,0.00,0.00,0.00,16685.00,0.00,False
356,1792,02004,60.000,0.000,227.0000,0.00,0.00,0.00,0.00,13620.00,0.00,False
357,1793,01016,22000.000,0.000,10.0000,0.00,0.00,0.00,0.00,220000.00,0.00,False
358,1794,02014,374.000,0.000,440.0000,0.00,0.00,0.00,0.00,164560.00,0.00,False
359,1795,01031,6.000,0.000,5500.0000,0.00,0.00,0.00,0.00,33000.00,0.00,False
360,1796,01010,25.000,0.000,2800.0000,0.00,0.00,0.00,0.00,70000.00,0.00,False
361,1796,01048,25.000,0.000,1400.0000,0.00,0.00,0.00,0.00,35000.00,0.00,False
362,1797,02114,1400.000,0.000,25.0000,0.00,0.00,0.00,0.00,35000.00,0.00,False
363,1797,02271,65.000,0.000,40.0000,0.00,0.00,0.00,0.00,2600.00,0.00,False
364,1797,02429,17.000,0.000,140.0000,0.00,0.00,0.00,0.00,2380.00,0.00,False
365,1798,02002,108.000,0.000,198.0000,0.00,0.00,0.00,0.00,21384.00,0.00,False
366,1799,02025,80.000,0.000,40.0000,0.00,0.00,0.00,0.00,3200.00,0.00,False
367,1800,01003,10000.000,0.000,13.0000,0.00,0.00,0.00,0.00,130000.00,0.00,False
368,1801,01035,3.000,0.000,1250.0000,0.00,0.00,0.00,0.00,3750.00,0.00,False
369,1802,02314,1500.000,0.000,13.0000,0.00,0.00,0.00,0.00,19500.00,0.00,False
370,1803,01015,1000.000,0.000,17.0000,0.00,0.00,0.00,0.00,17000.00,0.00,False
372,1804,02412,10.000,0.000,75.0000,0.00,0.00,0.00,0.00,750.00,0.00,False
373,1804,02444,80.000,0.000,40.0000,0.00,0.00,0.00,0.00,3200.00,0.00,False
371,1804,02445,140.000,0.000,40.0000,0.00,0.00,0.00,0.00,5600.00,0.00,False
374,1805,02010,500.000,0.000,8.0000,0.00,0.00,0.00,0.00,4000.00,0.00,False
376,1806,01196,20.000,0.000,1250.0000,0.00,0.00,0.00,0.00,25000.00,0.00,False
375,1806,01197,1.000,0.000,4500.0000,0.00,0.00,0.00,0.00,4500.00,0.00,False
377,1806,01207,1.000,0.000,15500.0000,0.00,0.00,0.00,0.00,15500.00,0.00,False
378,1807,01043,600.000,0.000,13.7500,0.00,0.00,0.00,0.00,8250.00,0.00,False
379,1808,02041,12.000,0.000,140.0000,0.00,0.00,0.00,0.00,1680.00,0.00,False
380,1808,02446,135.000,0.000,40.0000,0.00,0.00,0.00,0.00,5400.00,0.00,False
381,1808,02447,135.000,0.000,40.0000,0.00,0.00,0.00,0.00,5400.00,0.00,False
382,1809,01047,250.000,0.000,74.0000,0.00,0.00,0.00,0.00,18500.00,0.00,False
383,1810,01002,25.000,0.000,280.0000,0.00,0.00,0.00,0.00,7000.00,0.00,False
384,1810,01055,25.000,0.000,1550.0000,0.00,0.00,0.00,0.00,38750.00,0.00,False
385,1810,01195,50.000,0.000,850.0000,0.00,0.00,0.00,0.00,42500.00,0.00,False
386,1811,02043,240.000,0.000,160.0000,0.00,0.00,0.00,0.00,38400.00,0.00,False
387,1812,02118,25.000,0.000,251.0000,0.00,0.00,0.00,0.00,6275.00,0.00,False
388,1813,01043,1250.000,0.000,13.7500,0.00,0.00,0.00,0.00,17187.50,0.00,False
389,1814,01009,25.000,0.000,2200.0000,0.00,0.00,0.00,0.00,55000.00,0.00,False
390,1814,01013,25.000,0.000,210.0000,0.00,0.00,0.00,0.00,5250.00,0.00,False
395,1815,02421,35.000,0.000,40.0000,0.00,0.00,0.00,0.00,1400.00,0.00,False
391,1815,02425,35.000,0.000,40.0000,0.00,0.00,0.00,0.00,1400.00,0.00,False
394,1816,02004,85.000,0.000,235.0000,0.00,0.00,0.00,0.00,19975.00,0.00,False
393,1816,02006,50.000,0.000,213.0000,0.00,0.00,0.00,0.00,10650.00,0.00,False
397,1817,02448,30.000,0.000,100.0000,0.00,0.00,0.00,0.00,3000.00,0.00,False
398,1818,02097,60.000,0.000,230.0000,0.00,0.00,0.00,0.00,13800.00,0.00,False
399,1819,02010,600.000,0.000,8.0000,0.00,0.00,0.00,0.00,4800.00,0.00,False
400,1820,01044,25.000,0.000,128.0000,0.00,0.00,0.00,0.00,3200.00,0.00,False
401,1821,02097,540.000,0.000,230.0000,0.00,0.00,0.00,0.00,124200.00,0.00,False
402,1822,02010,500.000,0.000,8.0000,0.00,0.00,0.00,0.00,4000.00,0.00,False
403,1823,01038,25.000,0.000,650.0000,0.00,0.00,0.00,0.00,16250.00,0.00,False
404,1824,01073,25.000,0.000,400.0000,0.00,0.00,0.00,0.00,10000.00,0.00,False
408,1825,02092,15.000,0.000,40.0000,0.00,0.00,0.00,0.00,600.00,0.00,False
407,1825,02141,32.000,0.000,40.0000,0.00,0.00,0.00,0.00,1280.00,0.00,False
405,1825,02166,64.000,0.000,40.0000,0.00,0.00,0.00,0.00,2560.00,0.00,False
409,1825,02272,20.000,0.000,40.0000,0.00,0.00,0.00,0.00,800.00,0.00,False
406,1825,02305,56.000,0.000,40.0000,0.00,0.00,0.00,0.00,2240.00,0.00,False
411,1826,01041,25.000,0.000,560.0000,0.00,0.00,0.00,0.00,14000.00,0.00,False
410,1826,01058,20.000,0.000,1450.0000,0.00,0.00,0.00,0.00,29000.00,0.00,False
412,1827,01047,50.000,0.000,68.0000,0.00,0.00,0.00,0.00,3400.00,0.00,False
413,1828,01050,25.000,0.000,3100.0000,0.00,0.00,0.00,0.00,77500.00,0.00,False
414,1829,01047,50.000,0.000,70.0000,0.00,0.00,0.00,0.00,3500.00,0.00,False
415,1830,02329,25.000,0.000,120.0000,0.00,0.00,0.00,0.00,3000.00,0.00,False
420,1830,02330,160.000,0.000,40.0000,0.00,0.00,0.00,0.00,6400.00,0.00,False
417,1830,02334,60.000,0.000,40.0000,0.00,0.00,0.00,0.00,2400.00,0.00,False
419,1830,02337,40.000,0.000,40.0000,0.00,0.00,0.00,0.00,1600.00,0.00,False
421,1830,02341,1035.000,0.000,33.0000,0.00,0.00,0.00,0.00,34155.00,0.00,False
418,1830,02342,60.000,0.000,40.0000,0.00,0.00,0.00,0.00,2400.00,0.00,False
416,1830,02345,24.000,0.000,90.0000,0.00,0.00,0.00,0.00,2160.00,0.00,False
422,1831,02014,116.000,0.000,440.0000,0.00,0.00,0.00,0.00,51040.00,0.00,False
423,1832,02004,300.000,0.000,235.0000,0.00,0.00,0.00,0.00,70500.00,0.00,False
424,1833,01047,600.000,0.000,72.0000,0.00,0.00,0.00,0.00,43200.00,0.00,False
425,1834,01019,6.000,0.000,5000.0000,0.00,0.00,0.00,0.00,30000.00,0.00,False
426,1834,01075,5.000,0.000,5000.0000,0.00,0.00,0.00,0.00,25000.00,0.00,False
427,1834,02448,20.000,0.000,190.0000,0.00,0.00,0.00,0.00,3800.00,0.00,False
428,1835,01031,25.000,0.000,6500.0000,0.00,0.00,0.00,0.00,162500.00,0.00,False
430,1835,01045,275.000,0.000,350.0000,0.00,0.00,0.00,0.00,96250.00,0.00,False
431,1835,01055,15.000,0.000,1550.0000,0.00,0.00,0.00,0.00,23250.00,0.00,False
429,1835,01189,50.000,0.000,650.0000,0.00,0.00,0.00,0.00,32500.00,0.00,False
432,1836,02140,50.000,0.000,1100.0000,0.00,0.00,0.00,0.00,55000.00,0.00,False
433,1837,01201,60.000,0.000,750.0000,0.00,0.00,0.00,0.00,45000.00,0.00,False
434,1838,01044,25.000,0.000,128.0000,0.00,0.00,0.00,0.00,3200.00,0.00,False
435,1838,01184,30.000,0.000,367.0000,0.00,0.00,0.00,0.00,11010.00,0.00,False
436,1839,01114,2000.000,0.000,17.0000,0.00,0.00,0.00,0.00,34000.00,0.00,False
530,1840,02210,50.000,0.000,40.0000,0.00,0.00,0.00,0.00,2000.00,0.00,False
440,1840,02216,50.000,0.000,40.0000,0.00,0.00,0.00,0.00,2000.00,0.00,False
441,1840,02268,20.000,0.000,90.0000,0.00,0.00,0.00,0.00,1800.00,0.00,False
438,1840,02348,50.000,0.000,40.0000,0.00,0.00,0.00,0.00,2000.00,0.00,False
437,1840,02350,60.000,0.000,40.0000,0.00,0.00,0.00,0.00,2400.00,0.00,False
442,1840,02351,20.000,0.000,140.0000,0.00,0.00,0.00,0.00,2800.00,0.00,False
444,1841,01044,50.000,0.000,128.0000,0.00,0.00,0.00,0.00,6400.00,0.00,False
443,1841,01047,350.000,0.000,72.0000,0.00,0.00,0.00,0.00,25200.00,0.00,False
450,1842,02129,6.000,0.000,75.0000,0.00,0.00,0.00,0.00,450.00,0.00,False
448,1842,02200,120.000,0.000,40.0000,0.00,0.00,0.00,0.00,4800.00,0.00,False
446,1842,02220,135.000,0.000,40.0000,0.00,0.00,0.00,0.00,5400.00,0.00,False
531,1842,02234,20.000,0.000,140.0000,0.00,0.00,0.00,0.00,2800.00,0.00,False
452,1842,02274,508.000,0.000,100.0000,0.00,0.00,0.00,0.00,50800.00,0.00,False
447,1842,02349,55.000,0.000,40.0000,0.00,0.00,0.00,0.00,2200.00,0.00,False
451,1842,02351,25.000,0.000,140.0000,0.00,0.00,0.00,0.00,3500.00,0.00,False
449,1842,02374,320.000,0.000,40.0000,0.00,0.00,0.00,0.00,12800.00,0.00,False
445,1842,02395,55.000,0.000,40.0000,0.00,0.00,0.00,0.00,2200.00,0.00,False
455,1844,02351,25.000,0.000,140.0000,0.00,0.00,0.00,0.00,3500.00,0.00,False
456,1844,02385,1240.000,0.000,18.0000,0.00,0.00,0.00,0.00,22320.00,0.00,False
457,1845,01038,70.000,0.000,650.0000,0.00,0.00,0.00,0.00,45500.00,0.00,False
458,1846,02140,20.000,0.000,1100.0000,0.00,0.00,0.00,0.00,22000.00,0.00,False
459,1847,02014,170.000,0.000,440.0000,0.00,0.00,0.00,0.00,74800.00,0.00,False
460,1848,01009,50.000,0.000,2200.0000,0.00,0.00,0.00,0.00,110000.00,0.00,False
463,1848,01013,25.000,0.000,220.0000,0.00,0.00,0.00,0.00,5500.00,0.00,False
461,1848,01021,30.000,0.000,340.0000,0.00,0.00,0.00,0.00,10200.00,0.00,False
464,1848,01060,25.000,0.000,950.0000,0.00,0.00,0.00,0.00,23750.00,0.00,False
462,1848,01115,25.000,0.000,650.0000,0.00,0.00,0.00,0.00,16250.00,0.00,False
466,1849,01020,70.000,0.000,312.0000,0.00,0.00,0.00,0.00,21840.00,0.00,False
465,1849,01042,50.000,0.000,167.0000,0.00,0.00,0.00,0.00,8350.00,0.00,False
467,1850,02443,80.000,0.000,80.0000,0.00,0.00,0.00,0.00,6400.00,0.00,False
469,1851,02449,22.000,0.000,180.0000,0.00,0.00,0.00,0.00,3960.00,0.00,False
534,1851,02457,20.000,0.000,80.0000,0.00,0.00,0.00,0.00,1600.00,0.00,False
470,1852,01043,1600.000,0.000,13.7500,0.00,0.00,0.00,0.00,22000.00,0.00,False
472,1853,01003,10000.000,0.000,13.0000,0.00,0.00,0.00,0.00,130000.00,0.00,False
471,1853,01186,30.000,0.000,70.0000,0.00,0.00,0.00,0.00,2100.00,0.00,False
473,1854,02097,240.000,0.000,230.0000,0.00,0.00,0.00,0.00,55200.00,0.00,False
475,1855,02031,15.000,0.000,40.0000,0.00,0.00,0.00,0.00,600.00,0.00,False
474,1855,02034,506.000,0.000,100.0000,0.00,0.00,0.00,0.00,50600.00,0.00,False
535,1855,02148,12.000,0.000,140.0000,0.00,0.00,0.00,0.00,1680.00,0.00,False
482,1855,02201,15.000,0.000,40.0000,0.00,0.00,0.00,0.00,600.00,0.00,False
485,1855,02234,6.000,0.000,140.0000,0.00,0.00,0.00,0.00,840.00,0.00,False
477,1855,02237,15.000,0.000,40.0000,0.00,0.00,0.00,0.00,600.00,0.00,False
476,1855,02271,15.000,0.000,40.0000,0.00,0.00,0.00,0.00,600.00,0.00,False
480,1855,02272,30.000,0.000,40.0000,0.00,0.00,0.00,0.00,1200.00,0.00,False
484,1855,02288,30.000,0.000,140.0000,0.00,0.00,0.00,0.00,4200.00,0.00,False
479,1855,02291,15.000,0.000,40.0000,0.00,0.00,0.00,0.00,600.00,0.00,False
478,1855,02297,15.000,0.000,40.0000,0.00,0.00,0.00,0.00,600.00,0.00,False
483,1855,02357,15.000,0.000,40.0000,0.00,0.00,0.00,0.00,600.00,0.00,False
481,1855,02395,15.000,0.000,40.0000,0.00,0.00,0.00,0.00,600.00,0.00,False
489,1856,01047,50.000,0.000,72.0000,0.00,0.00,0.00,0.00,3600.00,0.00,False
487,1856,02010,2000.000,0.000,8.0000,0.00,0.00,0.00,0.00,16000.00,0.00,False
488,1856,02314,2000.000,0.000,13.0000,0.00,0.00,0.00,0.00,26000.00,0.00,False
491,1857,02009,600.000,0.000,20.0000,0.00,0.00,0.00,0.00,12000.00,0.00,False
490,1857,02014,340.000,0.000,440.0000,0.00,0.00,0.00,0.00,149600.00,0.00,False
492,1858,02004,156.000,0.000,235.0000,0.00,0.00,0.00,0.00,36660.00,0.00,False
493,1859,01015,10000.000,0.000,17.0000,0.00,0.00,0.00,0.00,170000.00,0.00,False
494,1860,02014,204.000,0.000,440.0000,0.00,0.00,0.00,0.00,89760.00,0.00,False
495,1860,02097,300.000,0.000,230.0000,0.00,0.00,0.00,0.00,69000.00,0.00,False
496,1861,01015,2500.000,0.000,17.0000,0.00,0.00,0.00,0.00,42500.00,0.00,False
498,1862,02067,16.000,0.000,40.0000,0.00,0.00,0.00,0.00,640.00,0.00,False
497,1862,02265,32.000,0.000,40.0000,0.00,0.00,0.00,0.00,1280.00,0.00,False
502,1862,02346,60.000,0.000,40.0000,0.00,0.00,0.00,0.00,2400.00,0.00,False
505,1862,02423,20.000,0.000,40.0000,0.00,0.00,0.00,0.00,800.00,0.00,False
504,1862,02427,20.000,0.000,40.0000,0.00,0.00,0.00,0.00,800.00,0.00,False
503,1862,02428,10.000,0.000,40.0000,0.00,0.00,0.00,0.00,400.00,0.00,False
499,1862,02431,32.000,0.000,40.0000,0.00,0.00,0.00,0.00,1280.00,0.00,False
506,1862,02439,20.000,0.000,40.0000,0.00,0.00,0.00,0.00,800.00,0.00,False
500,1862,02440,20.000,0.000,140.0000,0.00,0.00,0.00,0.00,2800.00,0.00,False
539,1862,02458,20.000,0.000,140.0000,0.00,0.00,0.00,0.00,2800.00,0.00,False
507,1863,02006,48.000,0.000,213.0000,0.00,0.00,0.00,0.00,10224.00,0.00,False
508,1864,01114,2500.000,0.000,17.0000,0.00,0.00,0.00,0.00,42500.00,0.00,False
509,1865,01193,2.000,0.000,1150.0000,0.00,0.00,0.00,0.00,2300.00,0.00,False
510,1866,01114,2500.000,0.000,17.0000,0.00,0.00,0.00,0.00,42500.00,0.00,False
511,1867,02014,170.000,0.000,440.0000,0.00,0.00,0.00,0.00,74800.00,0.00,False
512,1868,02097,120.000,0.000,230.0000,0.00,0.00,0.00,0.00,27600.00,0.00,False
513,1869,02010,1000.000,0.000,8.0000,0.00,0.00,0.00,0.00,8000.00,0.00,False
514,1870,02163,30.000,0.000,40.0000,0.00,0.00,0.00,0.00,1200.00,0.00,False
515,1871,02237,30.000,0.000,40.0000,0.00,0.00,0.00,0.00,1200.00,0.00,False
516,1872,02297,55.000,0.000,40.0000,0.00,0.00,0.00,0.00,2200.00,0.00,False
517,1873,02214,20.000,0.000,140.0000,0.00,0.00,0.00,0.00,2800.00,0.00,False
518,1874,02146,20.000,0.000,90.0000,0.00,0.00,0.00,0.00,1800.00,0.00,False
519,1875,02125,2075.000,0.000,33.0000,0.00,0.00,0.00,0.00,68475.00,0.00,False
520,1876,01038,35.000,0.000,650.0000,0.00,0.00,0.00,0.00,22750.00,0.00,False
521,1877,01184,60.000,0.000,367.0000,0.00,0.00,0.00,0.00,22020.00,0.00,False
522,1878,01027,50.000,0.000,400.0000,0.00,0.00,0.00,0.00,20000.00,0.00,False
523,1879,01009,50.000,0.000,2200.0000,0.00,0.00,0.00,0.00,110000.00,0.00,False
524,1880,01186,30.000,0.000,70.0000,0.00,0.00,0.00,0.00,2100.00,0.00,False
540,1881,02459,70.000,0.000,40.0000,0.00,0.00,0.00,0.00,2800.00,0.00,False
526,1882,02452,70.000,0.000,40.0000,0.00,0.00,0.00,0.00,2800.00,0.00,False
527,1883,02453,70.000,0.000,40.0000,0.00,0.00,0.00,0.00,2800.00,0.00,False
528,1884,02454,50.000,0.000,80.0000,0.00,0.00,0.00,0.00,4000.00,0.00,False
529,1885,02455,50.000,0.000,80.0000,0.00,0.00,0.00,0.00,4000.00,0.00,False
532,1886,01055,25.000,0.000,1550.0000,0.00,0.00,0.00,0.00,38750.00,0.00,False
533,1886,01208,0.100,0.000,55000.0000,0.00,0.00,0.00,0.00,5500.00,0.00,False
536,1887,01002,50.000,0.000,280.0000,0.00,0.00,0.00,0.00,14000.00,0.00,False
538,1887,01034,50.000,0.000,560.0000,0.00,0.00,0.00,0.00,28000.00,0.00,False
537,1887,01073,25.000,0.000,370.0000,0.00,0.00,0.00,0.00,9250.00,0.00,False
541,1888,02014,204.000,0.000,440.0000,0.00,0.00,0.00,0.00,89760.00,0.00,False
542,1889,02004,39.000,0.000,227.0000,0.00,0.00,0.00,0.00,8853.00,0.00,False
543,1890,01044,50.000,0.000,128.0000,0.00,0.00,0.00,0.00,6400.00,0.00,False
544,1891,02015,150.000,0.000,350.0000,0.00,0.00,0.00,0.00,52500.00,0.00,False
545,1892,02126,40.000,0.000,140.0000,0.00,0.00,0.00,0.00,5600.00,0.00,False
546,1893,01044,25.000,0.000,128.0000,0.00,0.00,0.00,0.00,3200.00,0.00,False
549,1894,02031,30.000,0.000,40.0000,0.00,0.00,0.00,0.00,1200.00,0.00,False
547,1894,02091,64.000,0.000,40.0000,0.00,0.00,0.00,0.00,2560.00,0.00,False
548,1894,02293,15.000,0.000,40.0000,0.00,0.00,0.00,0.00,600.00,0.00,False
550,1894,02457,55.000,0.000,80.0000,0.00,0.00,0.00,0.00,4400.00,0.00,False
552,1894,02460,30.000,0.000,40.0000,0.00,0.00,0.00,0.00,1200.00,0.00,False
551,1895,01020,140.000,0.000,312.0000,0.00,0.00,0.00,0.00,43680.00,0.00,False
553,1896,02014,255.000,0.000,440.0000,0.00,0.00,0.00,0.00,112200.00,0.00,False
554,1897,02146,40.000,0.000,90.0000,0.00,0.00,0.00,0.00,3600.00,0.00,False
555,1897,02151,1008.000,0.000,33.0000,0.00,0.00,0.00,0.00,33264.00,0.00,False
558,1897,02461,150.000,0.000,40.0000,0.00,0.00,0.00,0.00,6000.00,0.00,False
556,1898,02014,300.000,0.000,440.0000,0.00,0.00,0.00,0.00,132000.00,0.00,False
557,1899,02128,300.000,0.000,1070.0000,0.00,0.00,0.00,0.00,321000.00,0.00,False
559,1900,01044,100.000,0.000,128.0000,0.00,0.00,0.00,0.00,12800.00,0.00,False
560,1901,02311,200.000,0.000,2050.0000,0.00,0.00,0.00,0.00,410000.00,0.00,False
561,1902,01015,10000.000,0.000,17.0000,0.00,0.00,0.00,0.00,170000.00,0.00,False
562,1903,02004,195.000,0.000,235.0000,0.00,0.00,0.00,0.00,45825.00,0.00,False
563,1903,02006,104.000,0.000,100.0000,0.00,0.00,0.00,0.00,10400.00,0.00,False
564,1904,01041,25.000,0.000,560.0000,0.00,0.00,0.00,0.00,14000.00,0.00,False
565,1904,01058,25.000,0.000,1400.0000,0.00,0.00,0.00,0.00,35000.00,0.00,False
566,1904,01209,2.000,0.000,3500.0000,0.00,0.00,0.00,0.00,7000.00,0.00,False
567,1905,02059,103.000,0.000,176.0000,0.00,0.00,0.00,0.00,18128.00,0.00,False
568,1906,02097,360.000,0.000,230.0000,0.00,0.00,0.00,0.00,82800.00,0.00,False
569,1907,02323,32.000,0.000,40.0000,0.00,0.00,0.00,0.00,1280.00,0.00,False
570,1908,01003,1000.000,0.000,14.0000,0.00,0.00,0.00,0.00,14000.00,0.00,False
571,1909,01042,50.000,0.000,165.0000,0.00,0.00,0.00,0.00,8250.00,0.00,False
572,1909,01044,25.000,0.000,128.0000,0.00,0.00,0.00,0.00,3200.00,0.00,False
573,1910,02010,4700.000,0.000,7.8000,0.00,0.00,0.00,0.00,36660.00,0.00,False
577,1911,01004,25.000,0.000,400.0000,0.00,0.00,0.00,0.00,10000.00,0.00,False
581,1911,01010,25.000,0.000,2800.0000,0.00,0.00,0.00,0.00,70000.00,0.00,False
575,1911,01021,30.000,0.000,340.0000,0.00,0.00,0.00,0.00,10200.00,0.00,False
576,1911,01028,30.000,0.000,1650.0000,0.00,0.00,0.00,0.00,49500.00,0.00,False
574,1911,01038,35.000,0.000,650.0000,0.00,0.00,0.00,0.00,22750.00,0.00,False
578,1911,01055,25.000,0.000,1550.0000,0.00,0.00,0.00,0.00,38750.00,0.00,False
580,1911,01057,5.000,0.000,12500.0000,0.00,0.00,0.00,0.00,62500.00,0.00,False
579,1911,01072,10.000,0.000,9000.0000,0.00,0.00,0.00,0.00,90000.00,0.00,False
582,1911,01074,2.000,0.000,4000.0000,0.00,0.00,0.00,0.00,8000.00,0.00,False
583,1912,02002,20.000,0.000,208.0000,0.00,0.00,0.00,0.00,4160.00,0.00,False
590,1913,02443,80.000,0.000,80.0000,0.00,0.00,0.00,0.00,6400.00,0.00,False
584,1913,02462,30.000,0.000,60.0000,0.00,0.00,0.00,0.00,1800.00,0.00,False
585,1913,02463,30.000,0.000,60.0000,0.00,0.00,0.00,0.00,1800.00,0.00,False
586,1913,02464,30.000,0.000,60.0000,0.00,0.00,0.00,0.00,1800.00,0.00,False
587,1913,02465,30.000,0.000,60.0000,0.00,0.00,0.00,0.00,1800.00,0.00,False
588,1913,02466,30.000,0.000,60.0000,0.00,0.00,0.00,0.00,1800.00,0.00,False
589,1913,02467,32.000,0.000,40.0000,0.00,0.00,0.00,0.00,1280.00,0.00,False
591,1914,01047,50.000,0.000,66.0000,0.00,0.00,0.00,0.00,3300.00,0.00,False
593,1914,01184,25.000,0.000,367.0000,0.00,0.00,0.00,0.00,9175.00,0.00,False
592,1914,01193,5.000,0.000,710.0000,0.00,0.00,0.00,0.00,3550.00,0.00,False
594,1915,01002,25.000,0.000,280.0000,0.00,0.00,0.00,0.00,7000.00,0.00,False
595,1915,01027,25.000,0.000,400.0000,0.00,0.00,0.00,0.00,10000.00,0.00,False
597,1916,02146,25.000,0.000,75.0000,0.00,0.00,0.00,0.00,1875.00,0.00,False
596,1916,02200,64.000,0.000,40.0000,0.00,0.00,0.00,0.00,2560.00,0.00,False
598,1917,02010,1300.000,0.000,7.8000,0.00,0.00,0.00,0.00,10140.00,0.00,False
599,1918,02009,1200.000,0.000,20.0000,0.00,0.00,0.00,0.00,24000.00,0.00,False
600,1919,01003,10000.000,0.000,13.0000,0.00,0.00,0.00,0.00,130000.00,0.00,False
601,1920,02097,600.000,0.000,230.0000,0.00,0.00,0.00,0.00,138000.00,0.00,False
602,1921,01043,400.000,0.000,13.7500,0.00,0.00,0.00,0.00,5500.00,0.00,False
603,1922,01027,25.000,0.000,400.0000,0.00,0.00,0.00,0.00,10000.00,0.00,False
605,1923,01043,400.000,0.000,13.7500,0.00,0.00,0.00,0.00,5500.00,0.00,False
604,1923,01184,90.000,0.000,367.0000,0.00,0.00,0.00,0.00,33030.00,0.00,False
606,1924,02014,340.000,0.000,440.0000,0.00,0.00,0.00,0.00,149600.00,0.00,False
610,1925,02258,220.000,0.000,40.0000,0.00,0.00,0.00,0.00,8800.00,0.00,False
612,1925,02272,25.000,0.000,40.0000,0.00,0.00,0.00,0.00,1000.00,0.00,False
607,1925,02274,515.000,0.000,100.0000,0.00,0.00,0.00,0.00,51500.00,0.00,False
608,1925,02346,325.000,0.000,40.0000,0.00,0.00,0.00,0.00,13000.00,0.00,False
609,1925,02385,1275.000,0.000,18.0000,0.00,0.00,0.00,0.00,22950.00,0.00,False
611,1925,02440,10.000,0.000,190.0000,0.00,0.00,0.00,0.00,1900.00,0.00,False
613,1926,02004,200.000,0.000,235.0000,0.00,0.00,0.00,0.00,47000.00,0.00,False
614,1927,02014,357.000,0.000,440.0000,0.00,0.00,0.00,0.00,157080.00,0.00,False
615,1927,02097,120.000,0.000,230.0000,0.00,0.00,0.00,0.00,27600.00,0.00,False
616,1928,01060,25.000,0.000,950.0000,0.00,0.00,0.00,0.00,23750.00,0.00,False
617,1929,01193,5.000,0.000,950.0000,0.00,0.00,0.00,0.00,4750.00,0.00,False
618,1930,02054,20.000,0.000,190.0000,0.00,0.00,0.00,0.00,3800.00,0.00,False
625,1930,02129,12.000,0.000,75.0000,0.00,0.00,0.00,0.00,900.00,0.00,False
624,1930,02271,55.000,0.000,40.0000,0.00,0.00,0.00,0.00,2200.00,0.00,False
623,1930,02297,70.000,0.000,40.0000,0.00,0.00,0.00,0.00,2800.00,0.00,False
619,1930,02443,55.000,0.000,80.0000,0.00,0.00,0.00,0.00,4400.00,0.00,False
620,1930,02455,80.000,0.000,80.0000,0.00,0.00,0.00,0.00,6400.00,0.00,False
622,1930,02457,80.000,0.000,80.0000,0.00,0.00,0.00,0.00,6400.00,0.00,False
621,1930,02459,135.000,0.000,40.0000,0.00,0.00,0.00,0.00,5400.00,0.00,False
626,1931,02468,135.000,0.000,40.0000,0.00,0.00,0.00,0.00,5400.00,0.00,False
627,1931,02469,135.000,0.000,40.0000,0.00,0.00,0.00,0.00,5400.00,0.00,False
628,1931,02470,30.000,0.000,40.0000,0.00,0.00,0.00,0.00,1200.00,0.00,False
629,1931,02471,12.000,0.000,140.0000,0.00,0.00,0.00,0.00,1680.00,0.00,False
630,1931,02472,12.000,0.000,140.0000,0.00,0.00,0.00,0.00,1680.00,0.00,False
632,1932,01044,25.000,0.000,128.0000,0.00,0.00,0.00,0.00,3200.00,0.00,False
631,1932,01184,30.000,0.000,367.0000,0.00,0.00,0.00,0.00,11010.00,0.00,False
633,1933,01002,25.000,0.000,280.0000,0.00,0.00,0.00,0.00,7000.00,0.00,False
635,1934,02147,50.000,0.000,40.0000,0.00,0.00,0.00,0.00,2000.00,0.00,False
636,1934,02210,50.000,0.000,40.0000,0.00,0.00,0.00,0.00,2000.00,0.00,False
634,1934,02267,50.000,0.000,40.0000,0.00,0.00,0.00,0.00,2000.00,0.00,False
637,1934,02343,50.000,0.000,40.0000,0.00,0.00,0.00,0.00,2000.00,0.00,False
638,1935,01043,2000.000,0.000,13.7500,0.00,0.00,0.00,0.00,27500.00,0.00,False
639,1936,02054,35.000,0.000,190.0000,0.00,0.00,0.00,0.00,6650.00,0.00,False
640,1937,02055,26.000,0.000,140.0000,0.00,0.00,0.00,0.00,3640.00,0.00,False
642,1938,01044,50.000,0.000,128.0000,0.00,0.00,0.00,0.00,6400.00,0.00,False
641,1938,01184,60.000,0.000,367.0000,0.00,0.00,0.00,0.00,22020.00,0.00,False
643,1939,02014,340.000,0.000,440.0000,0.00,0.00,0.00,0.00,149600.00,0.00,False
644,1940,02004,40.000,0.000,227.0000,0.00,0.00,0.00,0.00,9080.00,0.00,False
645,1941,02026,150.000,0.000,30.0000,0.00,0.00,0.00,0.00,4500.00,0.00,False
648,1941,02041,12.000,0.000,120.0000,0.00,0.00,0.00,0.00,1440.00,0.00,False
646,1941,02163,30.000,0.000,40.0000,0.00,0.00,0.00,0.00,1200.00,0.00,False
647,1941,02168,200.000,0.000,40.0000,0.00,0.00,0.00,0.00,8000.00,0.00,False
665,1941,02213,1000.000,0.000,168.0000,0.00,0.00,0.00,0.00,168000.00,0.00,False
649,1941,02219,20.000,0.000,120.0000,0.00,0.00,0.00,0.00,2400.00,0.00,False
667,1941,02277,1030.000,0.000,168.0000,0.00,0.00,0.00,0.00,173040.00,0.00,False
661,1941,02291,50.000,0.000,40.0000,0.00,0.00,0.00,0.00,2000.00,0.00,False
666,1941,02307,1040.000,0.000,168.0000,0.00,0.00,0.00,0.00,174720.00,0.00,False
650,1941,02329,20.000,0.000,240.0000,0.00,0.00,0.00,0.00,4800.00,0.00,False
655,1941,02330,160.000,0.000,80.0000,0.00,0.00,0.00,0.00,12800.00,0.00,False
660,1941,02331,72.000,0.000,40.0000,0.00,0.00,0.00,0.00,2880.00,0.00,False
652,1941,02332,55.000,0.000,80.0000,0.00,0.00,0.00,0.00,4400.00,0.00,False
653,1941,02334,55.000,0.000,80.0000,0.00,0.00,0.00,0.00,4400.00,0.00,False
657,1941,02336,55.000,0.000,80.0000,0.00,0.00,0.00,0.00,4400.00,0.00,False
654,1941,02337,55.000,0.000,80.0000,0.00,0.00,0.00,0.00,4400.00,0.00,False
656,1941,02342,55.000,0.000,80.0000,0.00,0.00,0.00,0.00,4400.00,0.00,False
651,1941,02345,20.000,0.000,75.0000,0.00,0.00,0.00,0.00,1500.00,0.00,False
658,1941,02435,30.000,0.000,80.0000,0.00,0.00,0.00,0.00,2400.00,0.00,False
659,1941,02436,30.000,0.000,80.0000,0.00,0.00,0.00,0.00,2400.00,0.00,False
662,1942,01046,25.000,0.000,10500.0000,0.00,0.00,0.00,0.00,262500.00,0.00,False
663,1942,01053,5.000,0.000,14500.0000,0.00,0.00,0.00,0.00,72500.00,0.00,False
664,1942,01054,10.000,0.000,16500.0000,0.00,0.00,0.00,0.00,165000.00,0.00,False
668,1943,01016,17180.000,0.000,10.0000,0.00,0.00,0.00,0.00,171800.00,0.00,False
669,1944,02014,306.000,0.000,440.0000,0.00,0.00,0.00,0.00,134640.00,0.00,False
670,1945,02004,155.000,0.000,235.0000,0.00,0.00,0.00,0.00,36425.00,0.00,False
671,1945,02059,10.000,0.000,176.0000,0.00,0.00,0.00,0.00,1760.00,0.00,False
672,1946,01019,6.000,0.000,5200.0000,0.00,0.00,0.00,0.00,31200.00,0.00,False
673,1946,01075,6.000,0.000,4700.0000,0.00,0.00,0.00,0.00,28200.00,0.00,False
674,1947,02173,20.000,0.000,190.0000,0.00,0.00,0.00,0.00,3800.00,0.00,False
678,1948,01010,25.000,0.000,2800.0000,0.00,0.00,0.00,0.00,70000.00,0.00,False
679,1948,01013,25.000,0.000,260.0000,0.00,0.00,0.00,0.00,6500.00,0.00,False
684,1948,01031,25.000,0.000,6500.0000,0.00,0.00,0.00,0.00,162500.00,0.00,False
677,1948,01038,35.000,0.000,650.0000,0.00,0.00,0.00,0.00,22750.00,0.00,False
680,1948,01041,25.000,0.000,560.0000,0.00,0.00,0.00,0.00,14000.00,0.00,False
676,1948,01055,25.000,0.000,1550.0000,0.00,0.00,0.00,0.00,38750.00,0.00,False
686,1948,01057,10.000,0.000,12500.0000,0.00,0.00,0.00,0.00,125000.00,0.00,False
681,1948,01058,25.000,0.000,1450.0000,0.00,0.00,0.00,0.00,36250.00,0.00,False
685,1948,01080,5.000,0.000,5800.0000,0.00,0.00,0.00,0.00,29000.00,0.00,False
675,1948,01143,50.000,0.000,3400.0000,0.00,0.00,0.00,0.00,170000.00,0.00,False
683,1948,01189,70.000,0.000,700.0000,0.00,0.00,0.00,0.00,49000.00,0.00,False
682,1948,01201,90.000,0.000,750.0000,0.00,0.00,0.00,0.00,67500.00,0.00,False
687,1949,02004,44.000,0.000,235.0000,0.00,0.00,0.00,0.00,10340.00,0.00,False
688,1950,02097,60.000,0.000,230.0000,0.00,0.00,0.00,0.00,13800.00,0.00,False
689,1951,01184,60.000,0.000,367.0000,0.00,0.00,0.00,0.00,22020.00,0.00,False
690,1952,02358,6.000,0.000,140.0000,0.00,0.00,0.00,0.00,840.00,0.00,False
691,1953,02473,15.000,0.000,40.0000,0.00,0.00,0.00,0.00,600.00,0.00,False
692,1953,02475,15.000,0.000,40.0000,0.00,0.00,0.00,0.00,600.00,0.00,False
695,1953,02476,15.000,0.000,40.0000,0.00,0.00,0.00,0.00,600.00,0.00,False
693,1953,02477,15.000,0.000,40.0000,0.00,0.00,0.00,0.00,600.00,0.00,False
694,1953,02478,15.000,0.000,40.0000,0.00,0.00,0.00,0.00,600.00,0.00,False
696,1954,02316,5300.000,0.000,7.2500,0.00,0.00,0.00,0.00,38425.00,0.00,False
697,1955,01015,2750.000,0.000,17.0000,0.00,0.00,0.00,0.00,46750.00,0.00,False
698,1956,01042,50.000,0.000,169.0000,0.00,0.00,0.00,0.00,8450.00,0.00,False
702,1957,01019,1.000,0.000,5200.0000,0.00,0.00,0.00,0.00,5200.00,0.00,False
701,1957,01020,140.000,0.000,312.0000,0.00,0.00,0.00,0.00,43680.00,0.00,False
700,1957,01036,215.000,0.000,650.0000,0.00,0.00,0.00,0.00,139750.00,0.00,False
699,1957,01045,275.000,0.000,285.0000,0.00,0.00,0.00,0.00,78375.00,0.00,False
704,1957,01070,1.000,0.000,5000.0000,0.00,0.00,0.00,0.00,5000.00,0.00,False
703,1957,01075,1.000,0.000,4600.0000,0.00,0.00,0.00,0.00,4600.00,0.00,False
705,1958,02014,255.000,0.000,440.0000,0.00,0.00,0.00,0.00,112200.00,0.00,False
706,1958,02097,360.000,0.000,230.0000,0.00,0.00,0.00,0.00,82800.00,0.00,False
707,1959,02004,10.000,0.000,225.0000,0.00,0.00,0.00,0.00,2250.00,0.00,False
720,1960,02127,1000.000,0.000,33.0000,0.00,0.00,0.00,0.00,33000.00,0.00,False
714,1960,02129,10.000,0.000,75.0000,0.00,0.00,0.00,0.00,750.00,0.00,False
712,1960,02163,55.000,0.000,40.0000,0.00,0.00,0.00,0.00,2200.00,0.00,False
711,1960,02268,20.000,0.000,75.0000,0.00,0.00,0.00,0.00,1500.00,0.00,False
710,1960,02410,55.000,0.000,80.0000,0.00,0.00,0.00,0.00,4400.00,0.00,False
713,1960,02427,25.000,0.000,40.0000,0.00,0.00,0.00,0.00,1000.00,0.00,False
717,1960,02462,30.000,0.000,40.0000,0.00,0.00,0.00,0.00,1200.00,0.00,False
716,1960,02463,30.000,0.000,40.0000,0.00,0.00,0.00,0.00,1200.00,0.00,False
719,1960,02464,30.000,0.000,40.0000,0.00,0.00,0.00,0.00,1200.00,0.00,False
715,1960,02465,30.000,0.000,40.0000,0.00,0.00,0.00,0.00,1200.00,0.00,False
718,1960,02466,30.000,0.000,40.0000,0.00,0.00,0.00,0.00,1200.00,0.00,False
709,1960,02467,30.000,0.000,40.0000,0.00,0.00,0.00,0.00,1200.00,0.00,False
721,1960,02479,5.000,0.000,75.0000,0.00,0.00,0.00,0.00,375.00,0.00,False
722,1961,01043,800.000,0.000,13.7500,0.00,0.00,0.00,0.00,11000.00,0.00,False
723,1962,02014,170.000,0.000,440.0000,0.00,0.00,0.00,0.00,74800.00,0.00,False
724,1963,02059,92.000,0.000,166.0000,0.00,0.00,0.00,0.00,15272.00,0.00,False
726,1964,01003,750.000,0.000,15.0000,0.00,0.00,0.00,0.00,11250.00,0.00,False
725,1964,01015,10000.000,0.000,17.0000,0.00,0.00,0.00,0.00,170000.00,0.00,False
727,1965,02041,10.000,0.000,140.0000,0.00,0.00,0.00,0.00,1400.00,0.00,False
729,1965,02048,16.000,0.000,40.0000,0.00,0.00,0.00,0.00,640.00,0.00,False
736,1965,02060,5.000,0.000,140.0000,0.00,0.00,0.00,0.00,700.00,0.00,False
730,1965,02096,135.000,0.000,40.0000,0.00,0.00,0.00,0.00,5400.00,0.00,False
731,1965,02204,55.000,0.000,40.0000,0.00,0.00,0.00,0.00,2200.00,0.00,False
737,1965,02234,10.000,0.000,140.0000,0.00,0.00,0.00,0.00,1400.00,0.00,False
732,1965,02293,55.000,0.000,40.0000,0.00,0.00,0.00,0.00,2200.00,0.00,False
728,1965,02300,16.000,0.000,40.0000,0.00,0.00,0.00,0.00,640.00,0.00,False
734,1965,02384,55.000,0.000,40.0000,0.00,0.00,0.00,0.00,2200.00,0.00,False
733,1965,02404,55.000,0.000,40.0000,0.00,0.00,0.00,0.00,2200.00,0.00,False
735,1965,02441,140.000,0.000,40.0000,0.00,0.00,0.00,0.00,5600.00,0.00,False
738,1966,02009,2400.000,0.000,20.0000,0.00,0.00,0.00,0.00,48000.00,0.00,False
739,1967,02004,202.000,0.000,225.0000,0.00,0.00,0.00,0.00,45450.00,0.00,False
741,1968,01034,25.000,0.000,480.0000,0.00,0.00,0.00,0.00,12000.00,0.00,False
740,1968,01060,25.000,0.000,950.0000,0.00,0.00,0.00,0.00,23750.00,0.00,False
747,1969,01038,35.000,0.000,640.0000,0.00,0.00,0.00,0.00,22400.00,0.00,False
744,1969,01042,50.000,0.000,169.0000,0.00,0.00,0.00,0.00,8450.00,0.00,False
746,1969,01043,1360.000,0.000,13.7500,0.00,0.00,0.00,0.00,18700.00,0.00,False
745,1969,01044,100.000,0.000,128.0000,0.00,0.00,0.00,0.00,12800.00,0.00,False
748,1969,01193,5.000,0.000,950.0000,0.00,0.00,0.00,0.00,4750.00,0.00,False
742,1969,02010,10000.000,0.000,8.5000,0.00,0.00,0.00,0.00,85000.00,0.00,False
743,1969,02314,3000.000,0.000,12.0000,0.00,0.00,0.00,0.00,36000.00,0.00,False
749,1970,02007,51.000,0.000,260.0000,0.00,0.00,0.00,0.00,13260.00,0.00,False
750,1971,01027,25.000,0.000,400.0000,0.00,0.00,0.00,0.00,10000.00,0.00,False
752,1972,02146,20.000,0.000,75.0000,0.00,0.00,0.00,0.00,1500.00,0.00,False
751,1972,02481,52.000,0.000,120.0000,0.00,0.00,0.00,0.00,6240.00,0.00,False
754,1973,01020,700.000,0.000,350.0000,0.00,0.00,0.00,0.00,245000.00,0.00,False
753,1973,01043,1040.000,0.000,13.7500,0.00,0.00,0.00,0.00,14300.00,0.00,False
758,1974,02048,30.000,0.000,40.0000,0.00,0.00,0.00,0.00,1200.00,0.00,False
756,1974,02160,30.000,0.000,75.0000,0.00,0.00,0.00,0.00,2250.00,0.00,False
760,1974,02221,30.000,0.000,40.0000,0.00,0.00,0.00,0.00,1200.00,0.00,False
757,1974,02265,30.000,0.000,40.0000,0.00,0.00,0.00,0.00,1200.00,0.00,False
761,1974,02328,30.000,0.000,40.0000,0.00,0.00,0.00,0.00,1200.00,0.00,False
762,1974,02385,1580.000,0.000,18.0000,0.00,0.00,0.00,0.00,28440.00,0.00,False
755,1974,02405,20.000,0.000,75.0000,0.00,0.00,0.00,0.00,1500.00,0.00,False
759,1974,02407,20.000,0.000,40.0000,0.00,0.00,0.00,0.00,800.00,0.00,False
763,1974,02408,30.000,0.000,40.0000,0.00,0.00,0.00,0.00,1200.00,0.00,False
765,1975,01009,25.000,0.000,2200.0000,0.00,0.00,0.00,0.00,55000.00,0.00,False
764,1975,01034,25.000,0.000,480.0000,0.00,0.00,0.00,0.00,12000.00,0.00,False
766,1975,01073,25.000,0.000,400.0000,0.00,0.00,0.00,0.00,10000.00,0.00,False
768,1976,02018,5930.000,0.000,11.5000,0.00,0.00,0.00,0.00,68195.00,0.00,False
767,1976,02278,5930.000,0.000,11.5000,0.00,0.00,0.00,0.00,68195.00,0.00,False
770,1977,01023,25.000,0.000,7000.0000,0.00,0.00,0.00,0.00,175000.00,0.00,False
769,1977,01025,25.000,0.000,7000.0000,0.00,0.00,0.00,0.00,175000.00,0.00,False
771,1977,01050,25.000,0.000,3100.0000,0.00,0.00,0.00,0.00,77500.00,0.00,False
772,1978,01035,5.000,0.000,1300.0000,0.00,0.00,0.00,0.00,6500.00,0.00,False
773,1979,02097,600.000,0.000,230.0000,0.00,0.00,0.00,0.00,138000.00,0.00,False
778,1980,01019,1.000,0.000,5200.0000,0.00,0.00,0.00,0.00,5200.00,0.00,False
775,1980,01047,500.000,0.000,74.0000,0.00,0.00,0.00,0.00,37000.00,0.00,False
779,1980,01075,1.000,0.000,4600.0000,0.00,0.00,0.00,0.00,4600.00,0.00,False
777,1980,01184,60.000,0.000,367.0000,0.00,0.00,0.00,0.00,22020.00,0.00,False
776,1980,01186,120.000,0.000,27.0000,0.00,0.00,0.00,0.00,3240.00,0.00,False
774,1980,02140,50.000,0.000,1100.0000,0.00,0.00,0.00,0.00,55000.00,0.00,False
784,1981,02026,150.000,0.000,30.0000,0.00,0.00,0.00,0.00,4500.00,0.00,False
788,1981,02086,1200.000,0.000,12.5000,0.00,0.00,0.00,0.00,15000.00,0.00,False
785,1981,02114,1175.000,0.000,25.0000,0.00,0.00,0.00,0.00,29375.00,0.00,False
786,1981,02163,30.000,0.000,40.0000,0.00,0.00,0.00,0.00,1200.00,0.00,False
780,1981,02214,99.000,0.000,120.0000,0.00,0.00,0.00,0.00,11880.00,0.00,False
787,1981,02247,1025.000,0.000,35.0000,0.00,0.00,0.00,0.00,35875.00,0.00,False
781,1981,02301,30.000,0.000,40.0000,0.00,0.00,0.00,0.00,1200.00,0.00,False
782,1981,02327,20.000,0.000,40.0000,0.00,0.00,0.00,0.00,800.00,0.00,False
783,1981,02330,45.000,0.000,80.0000,0.00,0.00,0.00,0.00,3600.00,0.00,False
789,1982,02004,30.000,0.000,225.0000,0.00,0.00,0.00,0.00,6750.00,0.00,False
791,1982,02006,100.000,0.000,218.0000,0.00,0.00,0.00,0.00,21800.00,0.00,False
790,1982,02059,100.000,0.000,170.0000,0.00,0.00,0.00,0.00,17000.00,0.00,False
792,1983,02004,223.000,0.000,225.0000,0.00,0.00,0.00,0.00,50175.00,0.00,False
793,1984,02014,340.000,0.000,540.0000,0.00,0.00,0.00,0.00,183600.00,0.00,False
796,1985,01021,30.000,0.000,340.0000,0.00,0.00,0.00,0.00,10200.00,0.00,False
795,1985,01028,30.000,0.000,1650.0000,0.00,0.00,0.00,0.00,49500.00,0.00,False
794,1985,01055,25.000,0.000,1550.0000,0.00,0.00,0.00,0.00,38750.00,0.00,False
799,1986,01024,6.000,0.000,5500.0000,0.00,0.00,0.00,0.00,33000.00,0.00,False
798,1986,01026,6.000,0.000,5500.0000,0.00,0.00,0.00,0.00,33000.00,0.00,False
797,1986,01102,35.000,0.000,640.0000,0.00,0.00,0.00,0.00,22400.00,0.00,False
800,1987,01024,4.000,0.000,8800.0000,0.00,0.00,0.00,0.00,35200.00,0.00,False
801,1987,01026,6.000,0.000,3400.0000,0.00,0.00,0.00,0.00,20400.00,0.00,False
802,1988,02314,2000.000,0.000,12.0000,0.00,0.00,0.00,0.00,24000.00,0.00,False
803,1989,01047,400.000,0.000,80.0000,0.00,0.00,0.00,0.00,32000.00,0.00,False
804,1989,01185,30.000,0.000,80.0000,0.00,0.00,0.00,0.00,2400.00,0.00,False
805,1989,02448,50.000,0.000,190.0000,0.00,0.00,0.00,0.00,9500.00,0.00,False
807,1990,01005,4.000,0.000,1150.0000,0.00,0.00,0.00,0.00,4600.00,0.00,False
806,1990,01013,25.000,0.000,220.0000,0.00,0.00,0.00,0.00,5500.00,0.00,False
808,1991,02028,20.000,0.000,40.0000,0.00,0.00,0.00,0.00,800.00,0.00,False
810,1991,02200,1.000,0.000,40.0000,0.00,0.00,0.00,0.00,40.00,0.00,False
809,1991,02457,15.000,0.000,80.0000,0.00,0.00,0.00,0.00,1200.00,0.00,False
811,1991,02483,30.000,0.000,40.0000,0.00,0.00,0.00,0.00,1200.00,0.00,False
812,1991,02484,30.000,0.000,40.0000,0.00,0.00,0.00,0.00,1200.00,0.00,False
813,1991,02485,320.000,0.000,40.0000,0.00,0.00,0.00,0.00,12800.00,0.00,False
814,1991,02486,72.000,0.000,40.0000,0.00,0.00,0.00,0.00,2880.00,0.00,False
815,1991,02487,72.000,0.000,40.0000,0.00,0.00,0.00,0.00,2880.00,0.00,False
816,1991,02488,26.000,0.000,75.0000,0.00,0.00,0.00,0.00,1950.00,0.00,False
817,1992,02014,170.000,0.000,540.0000,0.00,0.00,0.00,0.00,91800.00,0.00,False
818,1993,01042,50.000,0.000,166.0000,0.00,0.00,0.00,0.00,8300.00,0.00,False
819,1994,02015,1100.000,0.000,350.0000,0.00,0.00,0.00,0.00,385000.00,0.00,False
821,1995,01041,25.000,0.000,560.0000,0.00,0.00,0.00,0.00,14000.00,0.00,False
820,1995,01058,25.000,0.000,1400.0000,0.00,0.00,0.00,0.00,35000.00,0.00,False
826,1996,02040,30.000,0.000,140.0000,0.00,0.00,0.00,0.00,4200.00,0.00,False
823,1996,02146,20.000,0.000,75.0000,0.00,0.00,0.00,0.00,1500.00,0.00,False
822,1996,02461,100.000,0.000,40.0000,0.00,0.00,0.00,0.00,4000.00,0.00,False
825,1996,02489,5.000,0.000,75.0000,0.00,0.00,0.00,0.00,375.00,0.00,False
824,1997,02002,51.000,0.000,208.0000,0.00,0.00,0.00,0.00,10608.00,0.00,False
827,1998,01015,2000.000,0.000,40.0000,0.00,0.00,0.00,0.00,80000.00,0.00,False
828,1999,01003,3000.000,0.000,13.0000,0.00,0.00,0.00,0.00,39000.00,0.00,False
829,1999,01016,22000.000,0.000,10.0000,0.00,0.00,0.00,0.00,220000.00,0.00,False
830,2000,01074,2.000,0.000,4000.0000,0.00,0.00,0.00,0.00,8000.00,0.00,False
831,2000,01189,25.000,0.000,750.0000,0.00,0.00,0.00,0.00,18750.00,0.00,False
833,2001,01019,3.000,0.000,5000.0000,0.00,0.00,0.00,0.00,15000.00,0.00,False
834,2001,01065,800.000,0.000,223.7500,0.00,0.00,0.00,0.00,179000.00,0.00,False
832,2001,01076,1.500,0.000,16000.0000,0.00,0.00,0.00,0.00,24000.00,0.00,False
835,2002,01042,50.000,0.000,165.0000,0.00,0.00,0.00,0.00,8250.00,0.00,False
836,2003,02010,3000.000,0.000,8.0000,0.00,0.00,0.00,0.00,24000.00,0.00,False
838,2004,01027,25.000,0.000,400.0000,0.00,0.00,0.00,0.00,10000.00,0.00,False
837,2004,01102,70.000,0.000,690.0000,0.00,0.00,0.00,0.00,48300.00,0.00,False
839,2005,01003,2500.000,0.000,15.0000,0.00,0.00,0.00,0.00,37500.00,0.00,False
840,2006,01114,1500.000,0.000,17.0000,0.00,0.00,0.00,0.00,25500.00,0.00,False
842,2007,01002,50.000,0.000,200.0000,0.00,0.00,0.00,0.00,10000.00,0.00,False
841,2007,01043,800.000,0.000,13.7500,0.00,0.00,0.00,0.00,11000.00,0.00,False
843,2007,01195,550.000,0.000,80.0000,0.00,0.00,0.00,0.00,44000.00,0.00,False
844,2008,01055,25.000,0.000,1550.0000,0.00,0.00,0.00,0.00,38750.00,0.00,False
851,2009,02029,500.000,0.000,17.0000,0.00,0.00,0.00,0.00,8500.00,0.00,False
847,2009,02166,180.000,0.000,40.0000,0.00,0.00,0.00,0.00,7200.00,0.00,False
846,2009,02200,60.000,0.000,40.0000,0.00,0.00,0.00,0.00,2400.00,0.00,False
845,2009,02232,1010.000,0.000,33.0000,0.00,0.00,0.00,0.00,33330.00,0.00,False
848,2009,02267,20.000,0.000,40.0000,0.00,0.00,0.00,0.00,800.00,0.00,False
849,2009,02342,80.000,0.000,80.0000,0.00,0.00,0.00,0.00,6400.00,0.00,False
850,2009,02428,15.000,0.000,75.0000,0.00,0.00,0.00,0.00,1125.00,0.00,False
852,2009,02464,40.000,0.000,40.0000,0.00,0.00,0.00,0.00,1600.00,0.00,False
853,2010,02097,240.000,0.000,230.0000,0.00,0.00,0.00,0.00,55200.00,0.00,False
854,2011,02097,240.000,0.000,230.0000,0.00,0.00,0.00,0.00,55200.00,0.00,False
855,2012,01015,5500.000,0.000,17.0000,0.00,0.00,0.00,0.00,93500.00,0.00,False
856,2013,02034,510.000,0.000,100.0000,0.00,0.00,0.00,0.00,51000.00,0.00,False
857,2014,01002,25.000,0.000,280.0000,0.00,0.00,0.00,0.00,7000.00,0.00,False
858,2014,01021,30.000,0.000,340.0000,0.00,0.00,0.00,0.00,10200.00,0.00,False
864,2015,02028,6.000,0.000,75.0000,0.00,0.00,0.00,0.00,450.00,0.00,False
860,2015,02147,55.000,0.000,40.0000,0.00,0.00,0.00,0.00,2200.00,0.00,False
865,2015,02210,35.000,0.000,40.0000,0.00,0.00,0.00,0.00,1400.00,0.00,False
861,2015,02216,65.000,0.000,40.0000,0.00,0.00,0.00,0.00,2600.00,0.00,False
868,2015,02268,34.000,0.000,75.0000,0.00,0.00,0.00,0.00,2550.00,0.00,False
862,2015,02348,65.000,0.000,40.0000,0.00,0.00,0.00,0.00,2600.00,0.00,False
866,2015,02349,35.000,0.000,40.0000,0.00,0.00,0.00,0.00,1400.00,0.00,False
867,2015,02350,85.000,0.000,40.0000,0.00,0.00,0.00,0.00,3400.00,0.00,False
863,2015,02353,35.000,0.000,40.0000,0.00,0.00,0.00,0.00,1400.00,0.00,False
859,2015,02439,20.000,0.000,40.0000,0.00,0.00,0.00,0.00,800.00,0.00,False
