PurchaseId,LastUpdateDate,EntryDate,BillNo,BillDate,OrderID,PreviousCredit,Expenses,PaidAmount,VendorId,TimeKey,IsPosted,IsLocal,UserNo,Remarks
1,07/12/2023 01:08:00,07/04/2023 00:00:00,,07/04/2023 00:00:00,,0.00,0.00,0.00,610010,0 0 0 0 0 0 141 17,False,False,1,
2,07/12/2023 01:15:00,07/04/2023 00:00:00,,07/04/2023 00:00:00,,0.00,0.00,0.00,610006,0 0 0 0 0 0 141 19,False,False,1,
3,07/12/2023 01:41:00,07/04/2023 00:00:00,,07/04/2023 00:00:00,,0.00,0.00,0.00,610011,0 0 0 0 0 0 141 36,False,False,1,
4,07/12/2023 06:46:00,07/06/2023 00:00:00,,07/02/2023 00:00:00,,0.00,0.00,0.00,610005,0 0 0 0 0 0 141 68,False,False,1,
5,07/12/2023 06:47:00,07/06/2023 00:00:00,,07/06/2023 00:00:00,,0.00,0.00,0.00,610004,0 0 0 0 0 0 141 70,False,False,1,
6,07/13/2023 03:07:00,07/08/2023 00:00:00,,07/08/2023 00:00:00,,0.00,0.00,0.00,610012,0 0 0 0 0 0 172 81,False,False,1,
7,07/13/2023 03:21:00,07/09/2023 00:00:00,,07/09/2023 00:00:00,,0.00,0.00,0.00,610001,0 0 0 0 0 0 172 85,False,False,1,
8,07/13/2023 03:24:00,07/09/2023 00:00:00,,07/09/2023 00:00:00,,0.00,0.00,0.00,610005,0 0 0 0 0 0 172 87,False,False,1,
9,07/13/2023 03:36:00,07/09/2023 00:00:00,05191,07/09/2023 00:00:00,,0.00,0.00,0.00,610009,0 0 0 0 0 0 172 89,False,False,1,
12,07/15/2023 07:03:00,07/13/2023 00:00:00,1465,07/13/2023 00:00:00,,0.00,0.00,0.00,610009,0 0 0 0 0 0 203 173,False,False,1,
13,07/18/2023 23:23:00,07/11/2023 00:00:00,,07/11/2023 00:00:00,,0.00,0.00,448200.00,610007,0 0 0 0 0 1 25 168,False,False,1,
14,07/19/2023 01:16:00,07/11/2023 00:00:00,,07/11/2023 00:00:00,,0.00,0.00,100.00,610013,0 0 0 0 0 1 25 195,False,False,1,
15,07/20/2023 04:01:00,07/18/2023 00:00:00,,07/18/2023 00:00:00,,0.00,0.00,4000.00,610011,0 0 0 0 0 1 25 197,False,False,1,
16,07/20/2023 04:23:00,07/18/2023 00:00:00,,07/18/2023 00:00:00,,0.00,0.00,0.00,610005,0 0 0 0 0 1 25 204,False,False,1,
17,07/30/2023 23:50:00,07/24/2023 00:00:00,,07/24/2023 00:00:00,,0.00,0.00,0.00,610005,0 0 0 0 0 1 56 234,False,False,1,
18,07/25/2023 04:21:00,07/24/2023 00:00:00,,07/24/2023 00:00:00,,0.00,0.00,0.00,610004,0 0 0 0 0 1 25 213,False,False,1,
19,07/27/2023 01:04:00,07/25/2023 00:00:00,,07/25/2023 00:00:00,,0.00,0.00,31000.00,610013,0 0 0 0 0 1 25 216,False,False,1,
20,07/30/2023 23:13:00,07/27/2023 00:00:00,,07/27/2023 00:00:00,,0.00,0.00,0.00,610003,0 0 0 0 0 1 56 230,False,False,1,
21,07/30/2023 23:46:00,07/30/2023 00:00:00,,07/30/2023 00:00:00,,0.00,0.00,0.00,610012,0 0 0 0 0 1 56 232,False,False,1,
22,07/30/2023 23:53:00,07/30/2023 00:00:00,,07/30/2023 00:00:00,,0.00,0.00,0.00,610005,0 0 0 0 0 1 56 236,False,False,1,
23,08/07/2023 02:05:00,08/01/2023 00:00:00,,08/01/2023 00:00:00,,0.00,0.00,0.00,610005,0 0 0 0 0 1 103 198,False,False,1,
24,08/08/2023 02:13:00,08/02/2023 00:00:00,,08/02/2023 00:00:00,,0.00,0.00,0.00,610004,0 0 0 0 0 1 103 207,False,False,1,
25,08/26/2023 07:10:00,08/03/2023 00:00:00,,08/03/2023 00:00:00,,0.00,0.00,0.00,610014,0 0 0 0 0 1 119 133,False,False,1,
26,08/08/2023 03:02:00,08/03/2023 00:00:00,,08/03/2023 00:00:00,,0.00,0.00,0.00,610005,0 0 0 0 0 1 103 213,False,False,1,shipper D (plane Waly)
27,08/08/2023 03:03:00,08/03/2023 00:00:00,,08/03/2023 00:00:00,,0.00,0.00,0.00,610012,0 0 0 0 0 1 103 215,False,False,1,
28,08/08/2023 03:15:00,08/03/2023 00:00:00,,08/03/2023 00:00:00,,0.00,0.00,33500.00,610013,0 0 0 0 0 1 103 217,False,False,1,
29,08/26/2023 07:12:00,08/05/2023 00:00:00,,08/05/2023 00:00:00,,0.00,0.00,0.00,610014,0 0 0 0 0 1 119 135,False,False,1,
30,08/08/2023 05:18:00,08/05/2023 00:00:00,,08/05/2023 00:00:00,,0.00,0.00,0.00,610004,0 0 0 0 0 1 103 224,False,False,1,
31,08/08/2023 05:19:00,08/06/2023 00:00:00,,08/06/2023 00:00:00,,0.00,0.00,0.00,610012,0 0 0 0 0 1 103 226,False,False,1,
32,08/08/2023 05:20:00,08/06/2023 00:00:00,,08/06/2023 00:00:00,,0.00,0.00,0.00,610005,0 0 0 0 0 1 103 228,False,False,1,Plane waly
33,08/26/2023 07:34:00,08/06/2023 00:00:00,,08/06/2023 00:00:00,,0.00,0.00,0.00,610014,0 0 0 0 0 1 119 137,False,False,1,
34,08/15/2023 02:16:00,08/07/2023 00:00:00,,08/07/2023 00:00:00,,0.00,0.00,6500.00,610013,0 0 0 0 0 1 119 107,False,False,1,
35,08/15/2023 02:41:00,08/08/2023 00:00:00,,08/08/2023 00:00:00,,0.00,0.00,0.00,610004,0 0 0 0 0 1 119 109,False,False,1,
36,08/15/2023 02:57:00,08/09/2023 00:00:00,,08/09/2023 00:00:00,,0.00,0.00,0.00,610012,0 0 0 0 0 1 119 111,False,False,1,
37,09/27/2023 04:49:00,08/03/2023 00:00:00,,08/03/2023 00:00:00,,0.00,0.00,2627.00,610015,0 0 0 0 0 1 228 202,False,False,1,Already Paid from party
38,08/16/2023 00:51:00,08/10/2023 00:00:00,,08/10/2023 00:00:00,,0.00,0.00,0.00,610005,0 0 0 0 0 1 119 119,False,False,1,
39,08/16/2023 00:52:00,08/10/2023 00:00:00,,08/10/2023 00:00:00,,0.00,0.00,5200.00,610013,0 0 0 0 0 1 119 121,False,False,1,
40,08/16/2023 02:46:00,08/12/2023 00:00:00,,08/12/2023 00:00:00,,0.00,0.00,110000.00,610016,0 0 0 0 0 1 119 127,False,False,1,
41,08/16/2023 02:53:00,08/13/2023 00:00:00,,08/13/2023 00:00:00,,0.00,0.00,7200.00,610013,0 0 0 0 0 1 119 129,False,False,1,
42,08/26/2023 07:53:00,08/15/2023 00:00:00,,08/15/2023 00:00:00,,0.00,0.00,0.00,610004,0 0 0 0 0 1 119 139,False,False,1,
43,08/26/2023 08:07:00,08/17/2023 00:00:00,,08/17/2023 00:00:00,,0.00,0.00,0.00,610005,0 0 0 0 0 1 119 141,False,False,1,
44,08/28/2023 01:08:00,08/16/2023 00:00:00,,08/16/2023 00:00:00,,0.00,0.00,300.00,610004,0 0 0 0 0 1 135 8,False,False,1,Already Paid from Part.
45,08/28/2023 01:48:00,08/17/2023 00:00:00,,08/17/2023 00:00:00,,0.00,0.00,0.00,610014,0 0 0 0 0 1 135 11,False,False,1,
46,08/28/2023 01:50:00,08/17/2023 00:00:00,,08/17/2023 00:00:00,,0.00,0.00,1000.00,610015,0 0 0 0 0 1 135 13,False,False,1,Already paid from party
47,08/28/2023 03:00:00,08/17/2023 00:00:00,,08/17/2023 00:00:00,,0.00,0.00,0.00,610004,0 0 0 0 0 1 135 19,False,False,1,
48,08/31/2023 05:49:00,08/26/2023 00:00:00,,08/26/2023 00:00:00,,0.00,0.00,0.00,610014,0 0 0 0 0 1 150 166,False,False,1,
49,08/29/2023 06:34:00,08/25/2023 00:00:00,,08/25/2023 00:00:00,,0.00,0.00,39110.00,610013,0 0 0 0 0 1 135 31,False,False,1,
50,08/30/2023 23:25:00,08/19/2023 00:00:00,,08/19/2023 00:00:00,,0.00,0.00,60.00,610013,0 0 0 0 0 1 135 37,False,False,1,
51,08/31/2023 00:02:00,08/19/2023 00:00:00,,08/19/2023 00:00:00,,0.00,0.00,0.00,610005,0 0 0 0 0 1 135 39,False,False,1,
52,08/31/2023 02:16:00,08/23/2023 00:00:00,,08/23/2023 00:00:00,,0.00,0.00,8610.00,610013,0 0 0 0 0 1 135 45,False,False,1,
53,10/17/2023 03:52:00,08/26/2023 00:00:00,,08/26/2023 00:00:00,,0.00,0.00,252.00,610015,0 0 0 0 0 2 19 185,False,False,1,From Party
54,09/06/2023 00:26:00,08/29/2023 00:00:00,,08/29/2023 00:00:00,,0.00,0.00,0.00,610012,0 0 0 0 0 1 181 230,False,False,1,
55,09/07/2023 02:20:00,08/30/2023 00:00:00,,08/30/2023 00:00:00,,0.00,0.00,0.00,610014,0 0 0 0 0 1 197 172,False,False,1,
56,09/06/2023 01:28:00,08/31/2023 00:00:00,,08/31/2023 00:00:00,,0.00,0.00,0.00,610012,0 0 0 0 0 1 197 134,False,False,1,Hepatune 1 Lit(300)
57,09/06/2023 01:48:00,08/31/2023 00:00:00,,08/31/2023 00:00:00,,0.00,0.00,0.00,610004,0 0 0 0 0 1 197 136,False,False,1,
58,09/06/2023 05:48:00,09/03/2023 00:00:00,,09/03/2023 00:00:00,,0.00,0.00,75000.00,610013,0 0 0 0 0 1 197 151,False,False,1,
59,09/06/2023 06:22:00,08/30/2023 00:00:00,,08/30/2023 00:00:00,,0.00,0.00,0.00,610004,0 0 0 0 0 1 197 153,False,False,1,
60,09/06/2023 06:43:00,09/04/2023 00:00:00,,09/04/2023 00:00:00,,0.00,0.00,0.00,610005,0 0 0 0 0 1 197 155,False,False,1,
61,09/06/2023 06:45:00,09/04/2023 00:00:00,,09/04/2023 00:00:00,,0.00,0.00,250.00,610015,0 0 0 0 0 1 197 157,False,False,1,
62,09/09/2023 02:26:00,08/31/2023 00:00:00,,08/31/2023 00:00:00,,0.00,0.00,100000.00,610006,0 0 0 0 0 1 213 38,False,False,1,
63,09/09/2023 03:12:00,09/06/2023 00:00:00,,09/06/2023 00:00:00,,0.00,0.00,0.00,610004,0 0 0 0 0 1 213 41,False,False,1,
64,09/09/2023 03:36:00,09/07/2023 00:00:00,,09/07/2023 00:00:00,,0.00,0.00,3150.00,610010,0 0 0 0 0 1 213 43,False,False,1,
65,09/27/2023 04:47:00,09/07/2023 00:00:00,,09/07/2023 00:00:00,,0.00,0.00,0.00,610004,0 0 0 0 0 1 228 200,False,False,1,
66,09/12/2023 03:42:00,09/09/2023 00:00:00,,09/09/2023 00:00:00,,0.00,0.00,0.00,610005,0 0 0 0 0 1 213 70,False,False,1,
67,09/12/2023 03:45:00,09/09/2023 00:00:00,,09/09/2023 00:00:00,,0.00,0.00,9000.00,610010,0 0 0 0 0 1 213 72,False,False,1,
68,09/27/2023 04:44:00,09/10/2023 00:00:00,,09/10/2023 00:00:00,,0.00,0.00,7500.00,610013,0 0 0 0 0 1 228 198,False,False,1,
69,09/27/2023 04:53:00,09/10/2023 00:00:00,,09/10/2023 00:00:00,,0.00,0.00,3.99,610015,0 0 0 0 0 1 228 204,False,False,1,Paid From Party
70,09/27/2023 05:32:00,09/11/2023 00:00:00,,09/11/2023 00:00:00,,0.00,0.00,4500.00,610010,0 0 0 0 0 1 228 206,False,False,1,
71,09/27/2023 05:56:00,09/12/2023 00:00:00,,09/12/2023 00:00:00,,0.00,0.00,0.00,610004,0 0 0 0 0 1 228 208,False,False,1,
72,09/27/2023 05:57:00,09/12/2023 00:00:00,,09/12/2023 00:00:00,,0.00,0.00,0.00,610010,0 0 0 0 0 1 228 210,False,False,1,
73,09/27/2023 06:02:00,09/12/2023 00:00:00,,09/12/2023 00:00:00,,0.00,0.00,0.00,610005,0 0 0 0 0 1 228 212,False,False,1,Bill # 07
74,09/27/2023 06:11:00,09/14/2023 00:00:00,,09/14/2023 00:00:00,,0.00,0.00,0.00,610012,0 0 0 0 0 1 228 214,False,False,1,
75,09/27/2023 06:46:00,09/16/2023 00:00:00,,09/16/2023 00:00:00,,0.00,0.00,0.00,610004,0 0 0 0 0 1 228 216,False,False,1,
76,09/27/2023 07:02:00,09/16/2023 00:00:00,,09/16/2023 00:00:00,,0.00,0.00,0.00,610004,0 0 0 0 0 1 228 219,False,False,1,
77,09/27/2023 07:08:00,09/14/2023 00:00:00,,09/14/2023 00:00:00,,0.00,0.00,0.00,610016,0 0 0 0 0 1 228 221,False,False,1,
78,10/01/2023 04:40:00,09/17/2023 00:00:00,,09/17/2023 00:00:00,,0.00,0.00,0.00,610004,0 0 0 0 0 1 228 225,False,False,1,
79,10/01/2023 05:07:00,08/30/2023 00:00:00,,08/30/2023 00:00:00,,0.00,0.00,1350.00,610013,0 0 0 0 0 1 228 227,False,False,1,From Party(naseer)
80,10/01/2023 05:44:00,09/21/2023 00:00:00,,09/21/2023 00:00:00,,0.00,0.00,0.00,610016,0 0 0 0 0 1 228 229,False,False,1,Bentonite Filler Received
81,10/01/2023 05:48:00,09/23/2023 00:00:00,,09/23/2023 00:00:00,,0.00,0.00,10000.00,610013,0 0 0 0 0 1 228 231,False,False,1,
82,10/01/2023 05:56:00,09/25/2023 00:00:00,,09/25/2023 00:00:00,,0.00,0.00,0.00,610005,0 0 0 0 0 1 228 233,False,False,1,
83,10/01/2023 23:41:00,09/26/2023 00:00:00,,09/26/2023 00:00:00,,0.00,0.00,0.00,610004,0 0 0 0 0 1 228 235,False,False,1,100 pcs label received Hep.OPT FORTE.
84,10/01/2023 23:58:00,09/26/2023 00:00:00,,09/26/2023 00:00:00,,0.00,0.00,0.00,610016,0 0 0 0 0 1 228 237,False,False,1,Bento (filler)480 kg Received.
85,10/02/2023 00:15:00,09/27/2023 00:00:00,,09/27/2023 00:00:00,,0.00,0.00,0.00,610010,0 0 0 0 0 1 228 239,False,False,1,
86,10/02/2023 00:17:00,09/27/2023 00:00:00,,09/27/2023 00:00:00,,0.00,0.00,0.00,610016,0 0 0 0 0 1 228 241,False,False,1,Bento Filler=1440 kg
87,10/02/2023 00:21:00,09/27/2023 00:00:00,,09/27/2023 00:00:00,,0.00,0.00,0.00,610004,0 0 0 0 0 1 228 243,False,False,1,
88,10/02/2023 00:53:00,09/28/2023 00:00:00,,09/28/2023 00:00:00,,0.00,0.00,0.00,610012,0 0 0 0 0 1 228 249,False,False,1,
89,10/02/2023 01:15:00,09/30/2023 00:00:00,,09/30/2023 00:00:00,,0.00,0.00,0.00,610012,0 0 0 0 0 1 228 251,False,False,1,
90,10/02/2023 01:23:00,09/30/2023 00:00:00,,09/30/2023 00:00:00,,0.00,0.00,0.00,610006,0 0 0 0 0 1 228 253,False,False,1,
91,10/02/2023 01:25:00,09/30/2023 00:00:00,,09/30/2023 00:00:00,,0.00,0.00,0.00,610013,0 0 0 0 0 1 228 255,False,False,1,
92,10/02/2023 01:27:00,09/30/2023 00:00:00,,09/30/2023 00:00:00,,0.00,0.00,0.00,610004,0 0 0 0 0 1 229 2,False,False,1,
93,10/02/2023 01:28:00,09/30/2023 00:00:00,,09/30/2023 00:00:00,,0.00,0.00,0.00,610016,0 0 0 0 0 1 229 4,False,False,1,
94,10/08/2023 04:38:00,10/01/2023 00:00:00,,10/01/2023 00:00:00,,0.00,0.00,0.00,610005,0 0 0 0 0 2 4 71,False,False,1,
95,10/08/2023 04:40:00,10/01/2023 00:00:00,,10/01/2023 00:00:00,,0.00,0.00,4000.00,610013,0 0 0 0 0 2 4 73,False,False,1,
96,10/08/2023 04:42:00,10/01/2023 00:00:00,,10/01/2023 00:00:00,,0.00,0.00,0.00,610004,0 0 0 0 0 2 4 77,False,False,1,
97,10/08/2023 05:30:00,10/04/2023 00:00:00,,10/04/2023 00:00:00,,0.00,0.00,0.00,610004,0 0 0 0 0 2 4 81,False,False,1,
98,10/08/2023 05:31:00,10/04/2023 00:00:00,,10/04/2023 00:00:00,,0.00,0.00,0.00,610016,0 0 0 0 0 2 4 83,False,False,1,
99,10/08/2023 05:39:00,10/04/2023 00:00:00,,10/04/2023 00:00:00,,0.00,0.00,0.00,610016,0 0 0 0 0 2 4 86,False,False,1,
100,10/08/2023 06:08:00,10/04/2023 00:00:00,,10/04/2023 00:00:00,,0.00,0.00,281250.00,610017,0 0 0 0 0 2 4 91,False,False,1,Sale Return From H.P.I of Nutri Lic Packet 5 Kg=225 pcs
101,10/09/2023 03:02:00,10/05/2023 00:00:00,,10/05/2023 00:00:00,,0.00,0.00,0.00,610016,0 0 0 0 0 2 4 99,False,False,1,
102,10/09/2023 03:17:00,10/06/2023 00:00:00,,10/06/2023 00:00:00,,0.00,0.00,0.00,610013,0 0 0 0 0 2 4 101,False,False,1,
103,10/09/2023 03:22:00,10/06/2023 00:00:00,,10/06/2023 00:00:00,,0.00,0.00,0.00,610004,0 0 0 0 0 2 4 103,False,False,1,
104,10/14/2023 00:25:00,10/06/2023 00:00:00,,10/06/2023 00:00:00,,0.00,0.00,0.00,610005,0 0 0 0 0 2 19 166,False,False,1,
105,10/09/2023 03:55:00,10/08/2023 00:00:00,,10/08/2023 00:00:00,,0.00,0.00,0.00,610002,0 0 0 0 0 2 4 107,False,False,1,
106,10/10/2023 23:59:00,10/09/2023 00:00:00,,10/09/2023 00:00:00,,0.00,0.00,5699.76,610013,0 0 0 0 0 2 4 136,False,False,1,
107,10/14/2023 00:28:00,10/06/2023 00:00:00,,10/06/2023 00:00:00,,0.00,0.00,0.00,610005,0 0 0 0 0 2 19 168,False,False,1,
108,10/14/2023 00:32:00,10/11/2023 00:00:00,,10/11/2023 00:00:00,,0.00,0.00,7500.00,610013,0 0 0 0 0 2 19 170,False,False,1,
109,10/17/2023 03:46:00,10/12/2023 00:00:00,,10/12/2023 00:00:00,,0.00,0.00,18004.00,610013,0 0 0 0 0 2 19 181,False,False,1,
110,10/17/2023 03:48:00,10/12/2023 00:00:00,,10/12/2023 00:00:00,,0.00,0.00,0.00,610004,0 0 0 0 0 2 19 183,False,False,1,
111,11/08/2023 02:02:00,10/15/2023 00:00:00,,10/15/2023 00:00:00,,0.00,0.00,0.00,610005,0 0 0 0 0 2 50 235,False,False,1,
112,11/08/2023 02:30:00,10/15/2023 00:00:00,,10/15/2023 00:00:00,,0.00,0.00,0.00,610004,0 0 0 0 0 2 50 237,False,False,1,
113,11/08/2023 02:43:00,10/15/2023 00:00:00,,10/15/2023 00:00:00,,0.00,0.00,0.00,610014,0 0 0 0 0 2 50 239,False,False,1,
114,11/08/2023 04:03:00,10/17/2023 00:00:00,,10/17/2023 00:00:00,,0.00,0.00,0.00,610005,0 0 0 0 0 2 50 241,False,False,1,
115,11/08/2023 04:04:00,10/17/2023 00:00:00,,10/17/2023 00:00:00,,0.00,0.00,0.00,610014,0 0 0 0 0 2 50 243,False,False,1,
116,11/08/2023 04:05:00,10/17/2023 00:00:00,,10/17/2023 00:00:00,,0.00,0.00,0.00,610012,0 0 0 0 0 2 50 245,False,False,1,
117,11/10/2023 22:44:00,10/17/2023 00:00:00,,10/17/2023 00:00:00,,0.00,0.00,0.00,610004,0 0 0 0 0 2 50 247,False,False,1,
118,11/10/2023 22:55:00,10/18/2023 00:00:00,,10/18/2023 00:00:00,,0.00,0.00,0.00,610012,0 0 0 0 0 2 50 249,False,False,1,
119,11/10/2023 22:56:00,10/18/2023 00:00:00,,10/18/2023 00:00:00,,0.00,0.00,4000.00,610013,0 0 0 0 0 2 50 251,False,False,1,
120,11/10/2023 23:03:00,10/19/2023 00:00:00,,10/19/2023 00:00:00,,0.00,0.00,6000.00,610013,0 0 0 0 0 2 50 253,False,False,1,
121,11/10/2023 23:05:00,10/19/2023 00:00:00,,10/19/2023 00:00:00,,0.00,0.00,0.00,610014,0 0 0 0 0 2 50 255,False,False,1,
122,11/10/2023 23:07:00,10/19/2023 00:00:00,,10/19/2023 00:00:00,,0.00,0.00,4560.00,610013,0 0 0 0 0 2 51 2,False,False,1,
123,11/10/2023 23:18:00,10/19/2023 00:00:00,,10/19/2023 00:00:00,,0.00,0.00,0.00,610012,0 0 0 0 0 2 51 4,False,False,1,
124,11/10/2023 23:20:00,10/19/2023 00:00:00,,10/19/2023 00:00:00,,0.00,0.00,700.00,610015,0 0 0 0 0 2 51 6,False,False,1,From Party
125,11/11/2023 00:41:00,10/21/2023 00:00:00,,10/21/2023 00:00:00,,0.00,0.00,0.00,610016,0 0 0 0 0 2 51 8,False,False,1,
126,11/11/2023 00:49:00,10/22/2023 00:00:00,,10/22/2023 00:00:00,,0.00,0.00,0.00,610016,0 0 0 0 0 2 51 10,False,False,1,
127,11/11/2023 00:52:00,10/22/2023 00:00:00,,10/22/2023 00:00:00,,0.00,0.00,0.00,610012,0 0 0 0 0 2 51 12,False,False,1,
128,11/11/2023 02:20:00,10/25/2023 00:00:00,,10/25/2023 00:00:00,,0.00,0.00,0.00,610005,0 0 0 0 0 2 51 14,False,False,1,
129,11/11/2023 02:21:00,10/25/2023 00:00:00,,10/25/2023 00:00:00,,0.00,0.00,15600.00,610013,0 0 0 0 0 2 51 16,False,False,1,
130,11/11/2023 02:22:00,10/25/2023 00:00:00,,10/25/2023 00:00:00,,0.00,0.00,81000.00,610013,0 0 0 0 0 2 51 18,False,False,1,
131,11/11/2023 02:33:00,10/25/2023 00:00:00,,10/25/2023 00:00:00,,0.00,0.00,0.00,610004,0 0 0 0 0 2 51 20,False,False,1,
132,11/11/2023 02:52:00,10/26/2023 00:00:00,,10/26/2023 00:00:00,,0.00,0.00,7800.00,610013,0 0 0 0 0 2 51 22,False,False,1,
133,11/11/2023 02:53:00,10/26/2023 00:00:00,,10/26/2023 00:00:00,,0.00,0.00,0.00,610005,0 0 0 0 0 2 51 24,False,False,1,
134,11/11/2023 03:07:00,10/28/2023 00:00:00,,10/28/2023 00:00:00,,0.00,0.00,6000.00,610006,0 0 0 0 0 2 51 26,False,False,1,
135,11/11/2023 03:08:00,10/28/2023 00:00:00,,10/28/2023 00:00:00,,0.00,0.00,3750.00,610013,0 0 0 0 0 2 51 28,False,False,1,
136,11/11/2023 03:09:00,10/28/2023 00:00:00,,10/28/2023 00:00:00,,0.00,0.00,4560.00,610015,0 0 0 0 0 2 51 30,False,False,1,From Party
137,11/11/2023 03:26:00,10/29/2023 00:00:00,,10/29/2023 00:00:00,,0.00,0.00,0.00,610005,0 0 0 0 0 2 51 32,False,False,1,
138,11/11/2023 03:36:00,10/29/2023 00:00:00,,10/29/2023 00:00:00,,0.00,0.00,0.00,610012,0 0 0 0 0 2 51 34,False,False,1,
139,11/11/2023 03:40:00,10/30/2023 00:00:00,,10/30/2023 00:00:00,,0.00,0.00,6400.00,610006,0 0 0 0 0 2 51 36,False,False,1,
140,11/11/2023 03:40:00,10/31/2023 00:00:00,,10/31/2023 00:00:00,,0.00,0.00,6000.00,610006,0 0 0 0 0 2 51 38,False,False,1,
141,12/11/2023 00:23:00,11/01/2023 00:00:00,,11/01/2023 00:00:00,,0.00,0.00,0.00,610014,0 0 0 0 0 2 66 134,False,False,1,
142,12/11/2023 00:25:00,11/01/2023 00:00:00,,11/01/2023 00:00:00,,0.00,0.00,70200.00,610013,0 0 0 0 0 2 66 136,False,False,1,
143,12/11/2023 01:32:00,11/01/2023 00:00:00,,11/01/2023 00:00:00,,0.00,0.00,0.00,610005,0 0 0 0 0 2 82 38,False,False,1,
144,12/19/2023 10:50:00,11/04/2023 00:00:00,,11/04/2023 00:00:00,,0.00,0.00,0.00,610016,0 0 0 0 0 2 129 9,False,False,1,
145,12/19/2023 10:51:00,11/08/2023 00:00:00,,11/08/2023 00:00:00,,0.00,0.00,0.00,610016,0 0 0 0 0 2 129 11,False,False,1,
146,12/19/2023 10:56:00,11/08/2023 00:00:00,,11/08/2023 00:00:00,,0.00,0.00,0.00,610004,0 0 0 0 0 2 129 13,False,False,1,
147,12/19/2023 13:17:00,11/14/2023 00:00:00,,11/14/2023 00:00:00,,0.00,0.00,162000.00,610013,0 0 0 0 0 2 129 26,False,False,1,
148,12/19/2023 13:28:00,11/14/2023 00:00:00,,11/14/2023 00:00:00,,0.00,0.00,15840.00,610013,0 0 0 0 0 2 129 28,False,False,1,
149,12/19/2023 16:03:00,11/16/2023 00:00:00,,11/16/2023 00:00:00,,0.00,0.00,0.00,610016,0 0 0 0 0 2 129 44,False,False,1,
150,12/19/2023 16:24:00,11/16/2023 00:00:00,,11/16/2023 00:00:00,,0.00,0.00,0.00,610004,0 0 0 0 0 2 129 47,False,False,1,
151,12/19/2023 16:52:00,11/15/2023 00:00:00,,11/15/2023 00:00:00,,0.00,0.00,100000.00,610006,0 0 0 0 0 2 129 56,False,False,1,
152,12/20/2023 17:40:00,11/08/2023 00:00:00,,11/08/2023 00:00:00,,0.00,0.00,0.00,610014,0 0 0 0 0 2 129 75,False,False,1,
153,12/20/2023 17:58:00,12/04/2023 00:00:00,,12/04/2023 00:00:00,,0.00,0.00,0.00,610014,0 0 0 0 0 2 129 85,False,False,1,
154,12/20/2023 18:00:00,12/06/2023 00:00:00,,12/06/2023 00:00:00,,0.00,0.00,0.00,610014,0 0 0 0 0 2 129 87,False,False,1,
155,12/20/2023 18:10:00,12/04/2023 00:00:00,,12/04/2023 00:00:00,,0.00,0.00,0.00,610004,0 0 0 0 0 2 129 89,False,False,1,
156,12/21/2023 12:01:00,12/05/2023 00:00:00,,12/05/2023 00:00:00,,0.00,0.00,0.00,610016,0 0 0 0 0 2 129 123,False,False,1,
157,12/20/2023 18:43:00,12/05/2023 00:00:00,,12/05/2023 00:00:00,,0.00,0.00,95010.00,610013,0 0 0 0 0 2 129 98,False,False,1,
158,12/20/2023 18:44:00,12/05/2023 00:00:00,,12/05/2023 00:00:00,,0.00,0.00,15000.00,610013,0 0 0 0 0 2 129 100,False,False,1,
159,12/20/2023 18:47:00,12/05/2023 00:00:00,,12/05/2023 00:00:00,,0.00,0.00,0.00,610004,0 0 0 0 0 2 129 102,False,False,1,
160,12/20/2023 20:08:00,12/07/2023 00:00:00,,12/07/2023 00:00:00,,0.00,0.00,100000.00,610006,0 0 0 0 0 2 129 115,False,False,1,
161,12/21/2023 12:11:00,12/07/2023 00:00:00,,12/07/2023 00:00:00,,0.00,0.00,0.00,610016,0 0 0 0 0 2 129 127,False,False,1,
162,12/21/2023 20:07:00,12/14/2023 00:00:00,,12/14/2023 00:00:00,,0.00,0.00,0.00,610016,0 0 0 0 0 2 129 155,False,False,1,
163,12/21/2023 20:20:00,12/17/2023 00:00:00,,12/17/2023 00:00:00,,0.00,0.00,0.00,610004,0 0 0 0 0 2 129 157,False,False,1,
164,12/27/2023 13:01:00,12/22/2023 00:00:00,,12/22/2023 00:00:00,,0.00,0.00,27000.00,610006,0 0 0 0 0 2 144 169,False,False,1,
165,12/27/2023 13:02:00,12/22/2023 00:00:00,,12/22/2023 00:00:00,,0.00,0.00,7000.00,610013,0 0 0 0 0 2 144 171,False,False,1,
166,12/27/2023 13:04:00,12/26/2023 00:00:00,,12/26/2023 00:00:00,,0.00,0.00,0.00,610004,0 0 0 0 0 2 144 173,False,False,1,
167,12/27/2023 13:05:00,12/26/2023 00:00:00,,12/26/2023 00:00:00,,0.00,0.00,0.00,610005,0 0 0 0 0 2 144 177,False,False,1,
168,12/27/2023 13:06:00,12/26/2023 00:00:00,,12/26/2023 00:00:00,,0.00,0.00,162000.00,610013,0 0 0 0 0 2 144 179,False,False,1,
169,12/27/2023 13:07:00,12/26/2023 00:00:00,,12/26/2023 00:00:00,,0.00,0.00,52700.00,610013,0 0 0 0 0 2 144 181,False,False,1,
170,12/30/2023 11:50:00,12/27/2023 00:00:00,,12/27/2023 00:00:00,,0.00,0.00,27000.00,610006,0 0 0 0 0 2 175 231,False,False,1,
171,12/30/2023 13:05:00,12/28/2023 00:00:00,,12/28/2023 00:00:00,,0.00,0.00,7900.00,610013,0 0 0 0 0 2 175 235,False,False,1,
172,01/07/2024 14:16:00,01/06/2024 00:00:00,,01/06/2024 00:00:00,,0.00,0.00,0.00,610016,0 0 0 0 0 2 222 199,False,False,1,
173,01/18/2024 18:28:00,01/08/2024 00:00:00,,01/08/2024 00:00:00,,0.00,0.00,0.00,610014,0 0 0 0 0 2 222 202,False,False,1,
174,01/18/2024 18:59:00,01/13/2024 00:00:00,,01/13/2024 00:00:00,,0.00,0.00,0.00,610014,0 0 0 0 0 2 222 204,False,False,1,
175,01/18/2024 19:02:00,01/17/2024 00:00:00,,01/17/2024 00:00:00,,0.00,0.00,0.00,610004,0 0 0 0 0 2 222 206,False,False,1,
176,01/18/2024 19:04:00,01/17/2024 00:00:00,,01/17/2024 00:00:00,,0.00,0.00,0.00,610014,0 0 0 0 0 2 222 208,False,False,1,
177,01/18/2024 19:06:00,01/17/2024 00:00:00,,01/17/2024 00:00:00,,0.00,0.00,0.00,610005,0 0 0 0 0 2 222 210,False,False,1,
178,01/18/2024 19:07:00,01/17/2024 00:00:00,,01/17/2024 00:00:00,,0.00,0.00,0.00,610012,0 0 0 0 0 2 222 212,False,False,1,
179,01/18/2024 19:16:00,01/17/2024 00:00:00,,01/17/2024 00:00:00,,0.00,0.00,0.00,610016,0 0 0 0 0 2 222 214,False,False,1,
180,01/22/2024 15:53:00,01/21/2024 00:00:00,,01/21/2024 00:00:00,,0.00,0.00,0.00,610014,0 0 0 0 0 2 222 247,False,False,1,
181,01/22/2024 15:54:00,01/21/2024 00:00:00,,01/21/2024 00:00:00,,0.00,0.00,0.00,610005,0 0 0 0 0 2 222 249,False,False,1,
182,01/22/2024 15:55:00,01/21/2024 00:00:00,,01/21/2024 00:00:00,,0.00,0.00,18750.00,610013,0 0 0 0 0 2 222 251,False,False,1,
183,01/22/2024 16:31:00,01/21/2024 00:00:00,,01/21/2024 00:00:00,,0.00,0.00,0.00,610004,0 0 0 0 0 2 222 253,False,False,1,
184,01/22/2024 16:44:00,01/21/2024 00:00:00,,01/21/2024 00:00:00,,0.00,0.00,8500.00,610016,0 0 0 0 0 2 222 255,False,False,1,
185,01/28/2024 11:39:00,01/27/2024 00:00:00,,01/27/2024 00:00:00,,0.00,0.00,0.00,610004,0 0 0 0 0 2 223 7,False,False,1,
186,01/28/2024 11:41:00,01/27/2024 00:00:00,,01/27/2024 00:00:00,,0.00,0.00,7000.00,610013,0 0 0 0 0 2 223 9,False,False,1,
187,01/28/2024 11:47:00,01/23/2024 00:00:00,,01/23/2024 00:00:00,,0.00,0.00,6000.00,610006,0 0 0 0 0 2 223 11,False,False,1,
188,01/28/2024 11:48:00,01/27/2024 00:00:00,,01/27/2024 00:00:00,,0.00,0.00,6000.00,610006,0 0 0 0 0 2 223 13,False,False,1,
189,01/30/2024 13:25:00,01/28/2024 00:00:00,,01/28/2024 00:00:00,,0.00,0.00,0.00,610006,0 0 0 0 0 2 223 19,False,False,1,
190,01/30/2024 13:28:00,01/28/2024 00:00:00,,01/28/2024 00:00:00,,0.00,0.00,4100.00,610013,0 0 0 0 0 2 223 21,False,False,1,
191,02/02/2024 10:10:00,01/31/2024 00:00:00,,01/31/2024 00:00:00,,0.00,0.00,0.00,610006,0 0 0 0 0 2 238 102,False,False,1,
192,02/02/2024 10:12:00,01/31/2024 00:00:00,,01/31/2024 00:00:00,,0.00,0.00,0.00,610013,0 0 0 0 0 2 238 104,False,False,1,
193,02/02/2024 10:13:00,01/31/2024 00:00:00,,01/31/2024 00:00:00,,0.00,0.00,0.00,610004,0 0 0 0 0 2 238 106,False,False,1,
194,02/04/2024 10:42:00,01/06/2024 00:00:00,,01/06/2024 00:00:00,,0.00,0.00,15000.00,610013,0 0 0 0 0 2 254 9,False,False,1,
195,02/04/2024 10:45:00,01/17/2024 00:00:00,,01/17/2024 00:00:00,,0.00,0.00,20000.00,610013,0 0 0 0 0 2 254 11,False,False,1,
196,02/10/2024 11:29:00,02/01/2024 00:00:00,,02/01/2024 00:00:00,,0.00,0.00,0.00,610013,0 0 0 0 0 2 254 19,False,False,1,
197,02/10/2024 11:36:00,02/03/2024 00:00:00,,02/03/2024 00:00:00,,0.00,0.00,0.00,610016,0 0 0 0 0 2 254 22,False,False,1,
198,02/20/2024 03:13:00,02/11/2024 00:00:00,,02/11/2024 00:00:00,,0.00,0.00,0.00,610014,0 0 0 0 0 3 44 250,False,False,1,
199,02/20/2024 02:24:00,02/11/2024 00:00:00,,02/11/2024 00:00:00,,0.00,0.00,0.00,610016,0 0 0 0 0 3 44 232,False,False,1,
200,02/20/2024 02:26:00,02/11/2024 00:00:00,,02/11/2024 00:00:00,,0.00,0.00,0.00,610013,0 0 0 0 0 3 44 234,False,False,1,
201,02/20/2024 02:27:00,02/11/2024 00:00:00,,02/11/2024 00:00:00,,0.00,0.00,0.00,610004,0 0 0 0 0 3 44 236,False,False,1,
202,02/20/2024 02:28:00,02/11/2024 00:00:00,,02/11/2024 00:00:00,,0.00,0.00,0.00,610005,0 0 0 0 0 3 44 238,False,False,1,
203,02/20/2024 02:29:00,02/11/2024 00:00:00,,02/11/2024 00:00:00,,0.00,0.00,0.00,610013,0 0 0 0 0 3 44 242,False,False,1,
204,02/20/2024 03:08:00,02/13/2024 00:00:00,,02/13/2024 00:00:00,,0.00,0.00,0.00,610013,0 0 0 0 0 3 44 244,False,False,1,
205,02/20/2024 03:09:00,02/13/2024 00:00:00,,02/13/2024 00:00:00,,0.00,0.00,0.00,610005,0 0 0 0 0 3 44 248,False,False,1,
206,02/20/2024 03:15:00,02/13/2024 00:00:00,,02/13/2024 00:00:00,,0.00,0.00,0.00,610004,0 0 0 0 0 3 44 252,False,False,1,
207,02/20/2024 04:09:00,02/16/2024 00:00:00,,02/16/2024 00:00:00,,0.00,0.00,0.00,610005,0 0 0 0 0 3 45 6,False,False,1,
208,02/20/2024 04:11:00,02/17/2024 00:00:00,,02/17/2024 00:00:00,,0.00,0.00,0.00,610006,0 0 0 0 0 3 45 8,False,False,1,
209,02/22/2024 03:47:00,02/19/2024 00:00:00,,02/19/2024 00:00:00,,0.00,0.00,0.00,610004,0 0 0 0 0 3 45 32,False,False,1,
210,02/22/2024 03:48:00,02/20/2024 00:00:00,,02/20/2024 00:00:00,,0.00,0.00,0.00,610016,0 0 0 0 0 3 45 34,False,False,1,
211,02/22/2024 03:49:00,02/20/2024 00:00:00,,02/20/2024 00:00:00,,0.00,0.00,0.00,610013,0 0 0 0 0 3 45 36,False,False,1,
212,02/22/2024 03:50:00,02/21/2024 00:00:00,,02/21/2024 00:00:00,,0.00,0.00,0.00,610016,0 0 0 0 0 3 45 38,False,False,1,
213,02/22/2024 03:51:00,02/21/2024 00:00:00,,02/21/2024 00:00:00,,0.00,0.00,0.00,610004,0 0 0 0 0 3 45 40,False,False,1,
214,02/24/2024 23:25:00,02/22/2024 00:00:00,,02/22/2024 00:00:00,,0.00,0.00,0.00,610006,0 0 0 0 0 3 45 46,False,False,1,
215,02/25/2024 01:05:00,02/10/2024 00:00:00,,02/10/2024 00:00:00,,0.00,0.00,0.00,610013,0 0 0 0 0 3 45 57,False,False,1,
216,02/25/2024 01:03:00,02/13/2024 00:00:00,,02/13/2024 00:00:00,,0.00,0.00,0.00,610013,0 0 0 0 0 3 45 53,False,False,1,
217,02/25/2024 01:04:00,02/11/2024 00:00:00,,02/11/2024 00:00:00,,0.00,0.00,0.00,610013,0 0 0 0 0 3 45 55,False,False,1,
218,02/25/2024 01:12:00,02/10/2024 00:00:00,,02/10/2024 00:00:00,,0.00,0.00,0.00,610013,0 0 0 0 0 3 45 59,False,False,1,
219,03/02/2024 01:26:00,02/27/2024 00:00:00,,02/27/2024 00:00:00,,0.00,0.00,0.00,610006,0 0 0 0 0 3 60 135,False,False,1,
220,03/02/2024 02:29:00,02/27/2024 00:00:00,,02/27/2024 00:00:00,,0.00,0.00,0.00,610014,0 0 0 0 0 3 60 143,False,False,1,
221,03/02/2024 01:43:00,02/27/2024 00:00:00,,02/27/2024 00:00:00,,0.00,0.00,0.00,610004,0 0 0 0 0 3 60 139,False,False,1,
222,03/02/2024 02:01:00,02/27/2024 00:00:00,,02/27/2024 00:00:00,,0.00,0.00,0.00,610013,0 0 0 0 0 3 60 141,False,False,1,
223,03/02/2024 03:29:00,02/28/2024 00:00:00,,02/28/2024 00:00:00,,0.00,0.00,0.00,610013,0 0 0 0 0 3 60 147,False,False,1,
224,03/02/2024 03:30:00,02/28/2024 00:00:00,,02/28/2024 00:00:00,,0.00,0.00,0.00,610005,0 0 0 0 0 3 60 149,False,False,1,
225,03/02/2024 03:32:00,02/28/2024 00:00:00,,02/28/2024 00:00:00,,0.00,0.00,0.00,610012,0 0 0 0 0 3 60 153,False,False,1,
226,03/07/2024 05:27:00,03/01/2024 00:00:00,,03/01/2024 00:00:00,,0.00,0.00,0.00,610012,0 0 0 0 0 3 91 206,False,False,1,
227,03/07/2024 05:28:00,03/01/2024 00:00:00,,03/01/2024 00:00:00,,0.00,0.00,0.00,610005,0 0 0 0 0 3 91 208,False,False,1,
228,03/07/2024 05:29:00,03/01/2024 00:00:00,,03/01/2024 00:00:00,,0.00,0.00,0.00,610014,0 0 0 0 0 3 91 210,False,False,1,
229,03/07/2024 05:33:00,03/02/2024 00:00:00,,03/02/2024 00:00:00,,0.00,0.00,0.00,610005,0 0 0 0 0 3 91 212,False,False,1,
230,03/07/2024 05:33:00,03/02/2024 00:00:00,,03/02/2024 00:00:00,,0.00,0.00,0.00,610014,0 0 0 0 0 3 91 214,False,False,1,
231,03/07/2024 05:34:00,03/02/2024 00:00:00,,03/02/2024 00:00:00,,0.00,0.00,0.00,610004,0 0 0 0 0 3 91 216,False,False,1,
232,03/07/2024 05:35:00,03/02/2024 00:00:00,,03/02/2024 00:00:00,,0.00,0.00,0.00,610013,0 0 0 0 0 3 91 218,False,False,1,
233,03/07/2024 05:36:00,03/02/2024 00:00:00,,03/02/2024 00:00:00,,0.00,0.00,0.00,610016,0 0 0 0 0 3 91 220,False,False,1,
234,03/07/2024 05:38:00,03/02/2024 00:00:00,,03/02/2024 00:00:00,,0.00,0.00,0.00,610013,0 0 0 0 0 3 91 222,False,False,1,
235,03/07/2024 05:51:00,03/03/2024 00:00:00,,03/03/2024 00:00:00,,0.00,0.00,0.00,610013,0 0 0 0 0 3 91 224,False,False,1,
236,03/07/2024 05:53:00,03/03/2024 00:00:00,,03/03/2024 00:00:00,,0.00,0.00,0.00,610004,0 0 0 0 0 3 91 226,False,False,1,
237,03/07/2024 06:29:00,03/06/2024 00:00:00,,03/06/2024 00:00:00,,0.00,0.00,0.00,610006,0 0 0 0 0 3 107 103,False,False,1,
238,03/07/2024 06:30:00,03/07/2024 00:00:00,,03/07/2024 00:00:00,,0.00,0.00,0.00,610012,0 0 0 0 0 3 107 105,False,False,1,
239,03/07/2024 06:31:00,03/07/2024 00:00:00,,03/07/2024 00:00:00,,0.00,0.00,0.00,610013,0 0 0 0 0 3 107 107,False,False,1,
240,03/07/2024 06:31:00,03/07/2024 00:00:00,,03/07/2024 00:00:00,,0.00,0.00,0.00,610005,0 0 0 0 0 3 107 109,False,False,1,
241,03/07/2024 06:32:00,03/07/2024 00:00:00,,03/07/2024 00:00:00,,0.00,0.00,0.00,610004,0 0 0 0 0 3 107 111,False,False,1,
242,03/13/2024 22:29:00,03/09/2024 00:00:00,,03/09/2024 00:00:00,,0.00,0.00,0.00,610005,0 0 0 0 0 3 107 132,False,False,1,
243,03/13/2024 22:34:00,03/09/2024 00:00:00,,03/09/2024 00:00:00,,0.00,0.00,0.00,610014,0 0 0 0 0 3 107 136,False,False,1,
244,03/13/2024 23:23:00,03/10/2024 00:00:00,,03/10/2024 00:00:00,,0.00,0.00,0.00,610013,0 0 0 0 0 3 107 138,False,False,1,
245,03/13/2024 23:24:00,03/11/2024 00:00:00,,03/11/2024 00:00:00,,0.00,0.00,0.00,610006,0 0 0 0 0 3 107 140,False,False,1,
246,03/13/2024 23:25:00,03/11/2024 00:00:00,,03/11/2024 00:00:00,,0.00,0.00,0.00,610005,0 0 0 0 0 3 107 142,False,False,1,
247,03/13/2024 23:26:00,03/11/2024 00:00:00,,03/11/2024 00:00:00,,0.00,0.00,0.00,610013,0 0 0 0 0 3 107 144,False,False,1,
248,03/14/2024 03:04:00,03/14/2024 00:00:00,,03/14/2024 00:00:00,,0.00,0.00,0.00,610006,0 0 0 0 0 3 107 157,False,False,1,
249,03/14/2024 03:04:00,03/14/2024 00:00:00,,03/14/2024 00:00:00,,0.00,0.00,0.00,610013,0 0 0 0 0 3 107 159,False,False,1,
250,04/01/2024 04:16:00,03/15/2024 00:00:00,,03/15/2024 00:00:00,,0.00,0.00,0.00,610004,0 0 0 0 0 3 123 8,False,False,1,
251,04/01/2024 04:17:00,03/15/2024 00:00:00,,03/15/2024 00:00:00,,0.00,0.00,0.00,610013,0 0 0 0 0 3 123 10,False,False,1,
252,04/03/2024 01:51:00,03/17/2024 00:00:00,,03/17/2024 00:00:00,,0.00,0.00,0.00,610012,0 0 0 0 0 3 138 166,False,False,1,
253,04/03/2024 02:49:00,03/19/2024 00:00:00,,03/19/2024 00:00:00,,0.00,0.00,0.00,610016,0 0 0 0 0 3 138 168,False,False,1,
254,04/03/2024 02:57:00,03/26/2024 00:00:00,,03/26/2024 00:00:00,,0.00,0.00,0.00,610013,0 0 0 0 0 3 138 170,False,False,1,
255,04/03/2024 02:58:00,03/26/2024 00:00:00,,03/26/2024 00:00:00,,0.00,0.00,0.00,610005,0 0 0 0 0 3 138 172,False,False,1,
256,04/03/2024 03:08:00,03/26/2024 00:00:00,,03/26/2024 00:00:00,,0.00,0.00,0.00,610004,0 0 0 0 0 3 138 174,False,False,1,
257,04/03/2024 03:09:00,03/26/2024 00:00:00,,03/26/2024 00:00:00,,0.00,0.00,0.00,610014,0 0 0 0 0 3 138 176,False,False,1,
258,04/03/2024 03:21:00,03/28/2024 00:00:00,,03/28/2024 00:00:00,,0.00,0.00,0.00,610016,0 0 0 0 0 3 138 178,False,False,1,
259,04/03/2024 03:21:00,03/28/2024 00:00:00,,03/28/2024 00:00:00,,0.00,0.00,0.00,610004,0 0 0 0 0 3 138 180,False,False,1,
260,04/03/2024 03:28:00,03/30/2024 00:00:00,,03/30/2024 00:00:00,,0.00,0.00,0.00,610013,0 0 0 0 0 3 138 182,False,False,1,
261,04/03/2024 03:29:00,03/30/2024 00:00:00,,03/30/2024 00:00:00,,0.00,0.00,0.00,610006,0 0 0 0 0 3 138 184,False,False,1,
262,04/03/2024 03:33:00,03/31/2024 00:00:00,,03/31/2024 00:00:00,,0.00,0.00,0.00,610016,0 0 0 0 0 3 138 186,False,False,1,
263,04/03/2024 04:39:00,04/03/2024 00:00:00,,04/03/2024 00:00:00,,0.00,0.00,0.00,610006,0 0 0 0 0 3 138 205,False,False,1,
264,04/15/2024 00:33:00,04/01/2024 00:00:00,,04/01/2024 00:00:00,,0.00,0.00,0.00,610014,0 0 0 0 0 3 154 70,False,False,1,
265,04/15/2024 00:40:00,04/01/2024 00:00:00,,04/01/2024 00:00:00,,0.00,0.00,0.00,610004,0 0 0 0 0 3 154 80,False,False,1,
266,04/15/2024 00:35:00,04/01/2024 00:00:00,,04/01/2024 00:00:00,,0.00,0.00,0.00,610013,0 0 0 0 0 3 154 74,False,False,1,
267,04/15/2024 00:39:00,04/02/2024 00:00:00,,04/02/2024 00:00:00,,0.00,0.00,0.00,610013,0 0 0 0 0 3 154 78,False,False,1,
268,04/15/2024 01:49:00,04/03/2024 00:00:00,,04/03/2024 00:00:00,,0.00,0.00,0.00,610013,0 0 0 0 0 3 154 82,False,False,1,
269,04/15/2024 01:51:00,04/03/2024 00:00:00,,04/03/2024 00:00:00,,0.00,0.00,0.00,610004,0 0 0 0 0 3 154 84,False,False,1,
270,04/15/2024 01:52:00,04/03/2024 00:00:00,,04/03/2024 00:00:00,,0.00,0.00,0.00,610006,0 0 0 0 0 3 154 86,False,False,1,
271,04/15/2024 02:31:00,04/06/2024 00:00:00,,04/06/2024 00:00:00,,0.00,0.00,0.00,610016,0 0 0 0 0 3 154 88,False,False,1,
272,04/15/2024 02:33:00,04/06/2024 00:00:00,,04/06/2024 00:00:00,,0.00,0.00,0.00,610014,0 0 0 0 0 3 154 90,False,False,1,
273,04/15/2024 02:37:00,04/07/2024 00:00:00,,04/07/2024 00:00:00,,0.00,0.00,0.00,610004,0 0 0 0 0 3 154 92,False,False,1,
274,04/15/2024 02:37:00,04/07/2024 00:00:00,,04/07/2024 00:00:00,,0.00,0.00,0.00,610013,0 0 0 0 0 3 154 94,False,False,1,
275,04/15/2024 02:49:00,04/07/2024 00:00:00,,04/07/2024 00:00:00,,0.00,0.00,0.00,610012,0 0 0 0 0 3 154 98,False,False,1,
276,04/15/2024 02:49:00,04/07/2024 00:00:00,,04/07/2024 00:00:00,,0.00,0.00,0.00,610005,0 0 0 0 0 3 154 100,False,False,1,
277,04/17/2024 23:59:00,04/16/2024 00:00:00,,04/16/2024 00:00:00,,0.00,0.00,0.00,610004,0 0 0 0 0 3 154 128,False,False,1,
278,04/24/2024 03:53:00,04/18/2024 00:00:00,,04/18/2024 00:00:00,,0.00,0.00,0.00,610012,0 0 0 0 0 3 169 230,False,False,1,
279,04/24/2024 03:55:00,04/18/2024 00:00:00,,04/18/2024 00:00:00,,0.00,0.00,0.00,610013,0 0 0 0 0 3 169 232,False,False,1,
280,04/24/2024 03:56:00,04/18/2024 00:00:00,,04/18/2024 00:00:00,,0.00,0.00,0.00,610005,0 0 0 0 0 3 169 234,False,False,1,
281,04/24/2024 05:14:00,04/20/2024 00:00:00,,04/20/2024 00:00:00,,0.00,0.00,0.00,610004,0 0 0 0 0 3 169 236,False,False,1,
282,04/24/2024 05:57:00,04/20/2024 00:00:00,,04/20/2024 00:00:00,,0.00,0.00,0.00,610012,0 0 0 0 0 3 170 1,False,False,1,
283,04/24/2024 05:16:00,04/20/2024 00:00:00,,04/20/2024 00:00:00,,0.00,0.00,0.00,610005,0 0 0 0 0 3 169 240,False,False,1,
284,04/24/2024 05:27:00,04/21/2024 00:00:00,,04/21/2024 00:00:00,,0.00,0.00,0.00,610013,0 0 0 0 0 3 169 242,False,False,1,
285,04/24/2024 05:28:00,04/22/2024 00:00:00,,04/22/2024 00:00:00,,0.00,0.00,0.00,610016,0 0 0 0 0 3 169 244,False,False,1,
286,04/24/2024 05:37:00,04/23/2024 00:00:00,,04/23/2024 00:00:00,,0.00,0.00,0.00,610016,0 0 0 0 0 3 169 246,False,False,1,
287,04/24/2024 05:40:00,04/23/2024 00:00:00,,04/23/2024 00:00:00,,0.00,0.00,0.00,610005,0 0 0 0 0 3 169 248,False,False,1,
288,04/24/2024 05:42:00,04/23/2024 00:00:00,,04/23/2024 00:00:00,,0.00,0.00,0.00,610012,0 0 0 0 0 3 169 250,False,False,1,
289,04/24/2024 05:56:00,04/23/2024 00:00:00,,04/23/2024 00:00:00,,0.00,0.00,0.00,610004,0 0 0 0 0 3 169 254,False,False,1,
290,04/24/2024 05:58:00,04/23/2024 00:00:00,,04/23/2024 00:00:00,,0.00,0.00,0.00,610013,0 0 0 0 0 3 170 3,False,False,1,
291,05/07/2024 02:51:00,04/24/2024 00:00:00,,04/24/2024 00:00:00,,0.00,0.00,0.00,610013,0 0 0 0 0 3 216 204,False,False,1,
292,04/30/2024 00:59:00,04/24/2024 00:00:00,,04/24/2024 00:00:00,,0.00,0.00,0.00,610012,0 0 0 0 0 3 185 149,False,False,1,
293,04/30/2024 01:23:00,04/25/2024 00:00:00,,04/25/2024 00:00:00,,0.00,0.00,0.00,610016,0 0 0 0 0 3 185 151,False,False,1,
294,04/30/2024 01:25:00,04/25/2024 00:00:00,,04/25/2024 00:00:00,,0.00,0.00,0.00,610004,0 0 0 0 0 3 185 153,False,False,1,
295,04/30/2024 02:44:00,04/27/2024 00:00:00,,04/27/2024 00:00:00,,0.00,0.00,0.00,610016,0 0 0 0 0 3 185 155,False,False,1,
296,04/30/2024 03:23:00,04/27/2024 00:00:00,,04/27/2024 00:00:00,,0.00,0.00,0.00,610004,0 0 0 0 0 3 185 157,False,False,1,
297,04/30/2024 03:27:00,04/28/2024 00:00:00,,04/28/2024 00:00:00,,0.00,0.00,0.00,610014,0 0 0 0 0 3 185 159,False,False,1,
298,04/30/2024 03:48:00,04/28/2024 00:00:00,,04/28/2024 00:00:00,,0.00,0.00,0.00,610005,0 0 0 0 0 3 185 161,False,False,1,
299,04/30/2024 03:49:00,04/28/2024 00:00:00,,04/28/2024 00:00:00,,0.00,0.00,0.00,610004,0 0 0 0 0 3 185 163,False,False,1,
300,04/30/2024 03:57:00,04/29/2024 00:00:00,,04/29/2024 00:00:00,,0.00,0.00,0.00,610012,0 0 0 0 0 3 185 169,False,False,1,
301,04/30/2024 03:54:00,04/29/2024 00:00:00,,04/29/2024 00:00:00,,0.00,0.00,0.00,610013,0 0 0 0 0 3 185 167,False,False,1,
302,04/30/2024 04:02:00,04/29/2024 00:00:00,,04/29/2024 00:00:00,,0.00,0.00,0.00,610004,0 0 0 0 0 3 185 171,False,False,1,
303,05/08/2024 03:27:00,04/30/2024 00:00:00,,04/30/2024 00:00:00,,0.00,0.00,0.00,610016,0 0 0 0 0 3 232 119,False,False,1,
304,05/07/2024 04:46:00,05/01/2024 00:00:00,,05/01/2024 00:00:00,,0.00,0.00,0.00,610013,0 0 0 0 0 3 216 206,False,False,1,
305,05/08/2024 02:53:00,05/02/2024 00:00:00,,05/02/2024 00:00:00,,0.00,0.00,0.00,610006,0 0 0 0 0 3 232 105,False,False,1,
306,05/08/2024 02:54:00,05/02/2024 00:00:00,,05/02/2024 00:00:00,,0.00,0.00,0.00,610014,0 0 0 0 0 3 232 107,False,False,1,
307,05/08/2024 03:01:00,05/04/2024 00:00:00,,05/04/2024 00:00:00,,0.00,0.00,0.00,610013,0 0 0 0 0 3 232 109,False,False,1,
308,05/08/2024 03:02:00,05/04/2024 00:00:00,,05/04/2024 00:00:00,,0.00,0.00,0.00,610005,0 0 0 0 0 3 232 111,False,False,1,
309,05/08/2024 03:04:00,05/04/2024 00:00:00,,05/04/2024 00:00:00,,0.00,0.00,0.00,610013,0 0 0 0 0 3 232 113,False,False,1,
310,05/08/2024 03:06:00,05/05/2024 00:00:00,,05/05/2024 00:00:00,,0.00,0.00,0.00,610012,0 0 0 0 0 3 232 115,False,False,1,
311,05/08/2024 03:21:00,05/06/2024 00:00:00,,05/06/2024 00:00:00,,0.00,0.00,0.00,610006,0 0 0 0 0 3 232 117,False,False,1,
312,05/08/2024 03:39:00,05/08/2024 00:00:00,,05/08/2024 00:00:00,,0.00,0.00,0.00,610013,0 0 0 0 0 3 232 121,False,False,1,
313,05/18/2024 01:23:00,05/06/2024 00:00:00,,05/06/2024 00:00:00,,0.00,0.00,0.00,610004,0 0 0 0 0 3 248 8,False,False,1,
314,05/18/2024 02:43:00,05/11/2024 00:00:00,,05/11/2024 00:00:00,,0.00,0.00,0.00,610013,0 0 0 0 0 3 248 10,False,False,1,Purchase Fat Oil + Starch
315,05/18/2024 03:02:00,05/12/2024 00:00:00,,05/12/2024 00:00:00,,0.00,0.00,0.00,610012,0 0 0 0 0 3 248 12,False,False,1,
316,05/18/2024 03:03:00,05/12/2024 00:00:00,,05/12/2024 00:00:00,,0.00,0.00,0.00,610005,0 0 0 0 0 3 248 14,False,False,1,
317,05/18/2024 03:05:00,05/12/2024 00:00:00,,05/12/2024 00:00:00,,0.00,0.00,0.00,610013,0 0 0 0 0 3 248 16,False,False,1,
318,05/18/2024 03:10:00,05/13/2024 00:00:00,,05/13/2024 00:00:00,,0.00,0.00,0.00,610005,0 0 0 0 0 3 248 18,False,False,1,
319,05/18/2024 03:12:00,05/13/2024 00:00:00,,05/13/2024 00:00:00,,0.00,0.00,0.00,610016,0 0 0 0 0 3 248 20,False,False,1,
320,05/18/2024 03:22:00,05/14/2024 00:00:00,,05/14/2024 00:00:00,,0.00,0.00,0.00,610013,0 0 0 0 0 3 248 22,False,False,1,Purchase Molasess
321,05/18/2024 03:29:00,05/15/2024 00:00:00,,05/15/2024 00:00:00,,0.00,0.00,0.00,610005,0 0 0 0 0 3 248 24,False,False,1,
322,05/18/2024 03:48:00,05/15/2024 00:00:00,,05/15/2024 00:00:00,,0.00,0.00,0.00,610014,0 0 0 0 0 3 248 26,False,False,1,
323,05/18/2024 04:00:00,05/16/2024 00:00:00,,05/16/2024 00:00:00,,0.00,0.00,0.00,610012,0 0 0 0 0 3 248 28,False,False,1,
324,05/18/2024 04:02:00,05/16/2024 00:00:00,,05/16/2024 00:00:00,,0.00,0.00,0.00,610001,0 0 0 0 0 3 248 30,False,False,1,
325,05/19/2024 04:35:00,05/18/2024 00:00:00,,05/18/2024 00:00:00,,0.00,0.00,0.00,610012,0 0 0 0 0 4 7 217,False,False,1,
326,05/19/2024 04:37:00,05/18/2024 00:00:00,,05/18/2024 00:00:00,,0.00,0.00,0.00,610014,0 0 0 0 0 4 7 219,False,False,1,
327,05/19/2024 04:38:00,05/18/2024 00:00:00,,05/18/2024 00:00:00,,0.00,0.00,0.00,610013,0 0 0 0 0 4 7 221,False,False,1,Purchase ARQ
328,05/19/2024 04:39:00,05/18/2024 00:00:00,,05/18/2024 00:00:00,,0.00,0.00,0.00,610004,0 0 0 0 0 4 7 223,False,False,1,
329,05/23/2024 02:51:00,05/19/2024 00:00:00,,05/19/2024 00:00:00,,0.00,0.00,0.00,610013,0 0 0 0 0 4 7 227,False,False,1,
330,05/23/2024 03:06:00,05/20/2024 00:00:00,,05/20/2024 00:00:00,,0.00,0.00,0.00,610012,0 0 0 0 0 4 7 229,False,False,1,
331,05/23/2024 03:07:00,05/20/2024 00:00:00,,05/20/2024 00:00:00,,0.00,0.00,0.00,610014,0 0 0 0 0 4 7 231,False,False,1,
332,05/23/2024 03:08:00,05/20/2024 00:00:00,,05/20/2024 00:00:00,,0.00,0.00,0.00,610005,0 0 0 0 0 4 7 233,False,False,1,
333,05/23/2024 03:09:00,05/20/2024 00:00:00,,05/20/2024 00:00:00,,0.00,0.00,0.00,610016,0 0 0 0 0 4 7 235,False,False,1,
334,05/23/2024 03:10:00,05/20/2024 00:00:00,,05/20/2024 00:00:00,,0.00,0.00,0.00,610013,0 0 0 0 0 4 7 237,False,False,1,ARQ Purchase
335,05/23/2024 03:30:00,05/21/2024 00:00:00,,05/21/2024 00:00:00,,0.00,0.00,0.00,610013,0 0 0 0 0 4 7 239,False,False,1,
336,05/23/2024 03:33:00,05/21/2024 00:00:00,,05/21/2024 00:00:00,,0.00,0.00,0.00,610004,0 0 0 0 0 4 7 241,False,False,1,
337,05/23/2024 03:38:00,05/22/2024 00:00:00,,05/22/2024 00:00:00,,0.00,0.00,0.00,610006,0 0 0 0 0 4 7 243,False,False,1,
338,05/31/2024 23:30:00,05/23/2024 00:00:00,,05/23/2024 00:00:00,,0.00,0.00,0.00,610016,0 0 0 0 0 4 38 231,False,False,1,
339,05/31/2024 23:56:00,05/25/2024 00:00:00,,05/25/2024 00:00:00,,0.00,0.00,0.00,610013,0 0 0 0 0 4 38 233,False,False,1,
340,05/31/2024 23:57:00,05/25/2024 00:00:00,,05/25/2024 00:00:00,,0.00,0.00,0.00,610004,0 0 0 0 0 4 38 235,False,False,1,
341,06/01/2024 00:08:00,05/26/2024 00:00:00,,05/26/2024 00:00:00,,0.00,0.00,0.00,610013,0 0 0 0 0 4 38 237,False,False,1,
342,06/01/2024 01:04:00,05/26/2024 00:00:00,,05/26/2024 00:00:00,,0.00,0.00,0.00,610004,0 0 0 0 0 4 38 241,False,False,1,
343,06/02/2024 00:59:00,05/27/2024 00:00:00,,05/27/2024 00:00:00,,0.00,0.00,0.00,610006,0 0 0 0 0 4 38 243,False,False,1,
344,06/02/2024 01:15:00,05/29/2024 00:00:00,,05/29/2024 00:00:00,,0.00,0.00,0.00,610013,0 0 0 0 0 4 38 245,False,False,1,
345,06/02/2024 01:15:00,05/29/2024 00:00:00,,05/29/2024 00:00:00,,0.00,0.00,0.00,610005,0 0 0 0 0 4 38 247,False,False,1,
346,06/02/2024 01:17:00,05/29/2024 00:00:00,,05/29/2024 00:00:00,,0.00,0.00,0.00,610004,0 0 0 0 0 4 38 249,False,False,1,
347,06/27/2024 04:14:00,06/01/2024 00:00:00,,06/01/2024 00:00:00,,0.00,0.00,0.00,610014,0 0 0 0 0 4 54 134,False,False,1,
348,06/27/2024 04:24:00,06/02/2024 00:00:00,,06/02/2024 00:00:00,,0.00,0.00,0.00,610013,0 0 0 0 0 4 54 138,False,False,1,
349,06/27/2024 04:30:00,06/03/2024 00:00:00,,06/03/2024 00:00:00,,0.00,0.00,0.00,610005,0 0 0 0 0 4 54 140,False,False,1,
350,06/27/2024 04:30:00,06/03/2024 00:00:00,,06/03/2024 00:00:00,,0.00,0.00,0.00,610013,0 0 0 0 0 4 54 142,False,False,1,
351,06/27/2024 04:31:00,06/03/2024 00:00:00,,06/03/2024 00:00:00,,0.00,0.00,0.00,610004,0 0 0 0 0 4 54 144,False,False,1,
352,06/27/2024 04:34:00,06/05/2024 00:00:00,,06/05/2024 00:00:00,,0.00,0.00,0.00,610006,0 0 0 0 0 4 54 146,False,False,1,
353,06/27/2024 04:36:00,06/05/2024 00:00:00,,06/05/2024 00:00:00,,0.00,0.00,0.00,610016,0 0 0 0 0 4 54 148,False,False,1,
354,06/27/2024 04:38:00,06/06/2024 00:00:00,,06/06/2024 00:00:00,,0.00,0.00,0.00,610013,0 0 0 0 0 4 54 150,False,False,1,
355,06/27/2024 04:39:00,06/06/2024 00:00:00,,06/06/2024 00:00:00,,0.00,0.00,0.00,610005,0 0 0 0 0 4 54 152,False,False,1,
356,08/05/2024 22:43:00,06/06/2024 00:00:00,,06/06/2024 00:00:00,,0.00,0.00,0.00,610012,0 0 0 0 0 4 164 69,False,False,1,
357,07/04/2024 01:32:00,06/09/2024 00:00:00,,06/09/2024 00:00:00,,0.00,0.00,0.00,610013,0 0 0 0 0 4 70 38,False,False,1,
358,07/04/2024 01:37:00,06/09/2024 00:00:00,,06/09/2024 00:00:00,,0.00,0.00,0.00,610012,0 0 0 0 0 4 70 40,False,False,1,
359,07/04/2024 01:45:00,06/10/2024 00:00:00,,06/10/2024 00:00:00,,0.00,0.00,0.00,610016,0 0 0 0 0 4 70 42,False,False,1,
360,07/04/2024 01:47:00,06/10/2024 00:00:00,,06/10/2024 00:00:00,,0.00,0.00,0.00,610013,0 0 0 0 0 4 70 44,False,False,1,
361,07/04/2024 02:36:00,06/10/2024 00:00:00,,06/10/2024 00:00:00,,0.00,0.00,0.00,610004,0 0 0 0 0 4 70 46,False,False,1,
362,07/04/2024 02:38:00,06/11/2024 00:00:00,,06/11/2024 00:00:00,,0.00,0.00,0.00,610013,0 0 0 0 0 4 70 48,False,False,1,
363,07/04/2024 02:39:00,06/11/2024 00:00:00,,06/11/2024 00:00:00,,0.00,0.00,0.00,610013,0 0 0 0 0 4 70 50,False,False,1,
364,07/04/2024 02:50:00,06/11/2024 00:00:00,,06/11/2024 00:00:00,,0.00,0.00,0.00,610014,0 0 0 0 0 4 70 52,False,False,1,
365,08/06/2024 00:27:00,06/11/2024 00:00:00,,06/11/2024 00:00:00,,0.00,0.00,0.00,610004,0 0 0 0 0 4 164 90,False,False,1,
366,07/04/2024 06:50:00,06/12/2024 00:00:00,,06/12/2024 00:00:00,,0.00,0.00,0.00,610013,0 0 0 0 0 4 70 56,False,False,1,
367,07/04/2024 06:51:00,06/12/2024 00:00:00,,06/12/2024 00:00:00,,0.00,0.00,0.00,610004,0 0 0 0 0 4 70 58,False,False,1,
368,07/06/2024 08:33:00,06/22/2024 00:00:00,,06/22/2024 00:00:00,,0.00,0.00,0.00,610013,0 0 0 0 0 4 85 198,False,False,1,
369,07/06/2024 09:11:00,06/25/2024 00:00:00,,06/25/2024 00:00:00,,0.00,0.00,0.00,610004,0 0 0 0 0 4 85 201,False,False,1,
370,07/06/2024 09:19:00,06/26/2024 00:00:00,,06/26/2024 00:00:00,,0.00,0.00,0.00,610012,0 0 0 0 0 4 85 203,False,False,1,
371,07/06/2024 09:26:00,06/29/2024 00:00:00,,06/29/2024 00:00:00,,0.00,0.00,0.00,610013,0 0 0 0 0 4 85 205,False,False,1,
372,07/06/2024 09:36:00,06/30/2024 00:00:00,,06/30/2024 00:00:00,,0.00,0.00,0.00,610016,0 0 0 0 0 4 85 207,False,False,1,
373,07/06/2024 09:37:00,06/30/2024 00:00:00,,06/30/2024 00:00:00,,0.00,0.00,0.00,610005,0 0 0 0 0 4 85 209,False,False,1,
374,07/31/2024 06:05:00,07/02/2024 00:00:00,,07/02/2024 00:00:00,,0.00,0.00,0.00,610014,0 0 0 0 0 4 132 181,False,False,1,
375,08/01/2024 00:22:00,07/03/2024 00:00:00,,07/03/2024 00:00:00,,0.00,0.00,0.00,610003,0 0 0 0 0 4 132 183,False,False,1,
376,08/01/2024 00:31:00,07/03/2024 00:00:00,,07/03/2024 00:00:00,,0.00,0.00,0.00,610013,0 0 0 0 0 4 132 187,False,False,1,
377,08/01/2024 00:35:00,07/04/2024 00:00:00,,07/04/2024 00:00:00,,0.00,0.00,0.00,610013,0 0 0 0 0 4 132 189,False,False,1,
378,08/01/2024 00:40:00,07/05/2024 00:00:00,,07/05/2024 00:00:00,,0.00,0.00,0.00,610005,0 0 0 0 0 4 132 191,False,False,1,
379,08/01/2024 00:47:00,07/05/2024 00:00:00,,07/05/2024 00:00:00,,0.00,0.00,0.00,610004,0 0 0 0 0 4 132 193,False,False,1,
380,08/01/2024 00:48:00,07/05/2024 00:00:00,,07/05/2024 00:00:00,,0.00,0.00,0.00,610013,0 0 0 0 0 4 132 195,False,False,1,
381,08/01/2024 04:06:00,07/06/2024 00:00:00,,07/06/2024 00:00:00,,0.00,0.00,0.00,610004,0 0 0 0 0 4 148 70,False,False,1,
382,08/01/2024 04:10:00,07/06/2024 00:00:00,,07/06/2024 00:00:00,,0.00,0.00,0.00,610013,0 0 0 0 0 4 148 72,False,False,1,
383,08/01/2024 04:15:00,07/06/2024 00:00:00,,07/06/2024 00:00:00,,0.00,0.00,0.00,610005,0 0 0 0 0 4 148 74,False,False,1,
384,08/01/2024 04:32:00,07/07/2024 00:00:00,,07/07/2024 00:00:00,,0.00,0.00,0.00,610012,0 0 0 0 0 4 148 78,False,False,1,
385,08/01/2024 04:33:00,07/07/2024 00:00:00,,07/07/2024 00:00:00,,0.00,0.00,0.00,610013,0 0 0 0 0 4 148 80,False,False,1,
386,08/01/2024 04:34:00,07/07/2024 00:00:00,,07/07/2024 00:00:00,,0.00,0.00,0.00,610005,0 0 0 0 0 4 148 82,False,False,1,
387,08/01/2024 04:54:00,07/08/2024 00:00:00,,07/08/2024 00:00:00,,0.00,0.00,0.00,610016,0 0 0 0 0 4 148 84,False,False,1,
388,08/01/2024 04:54:00,07/08/2024 00:00:00,,07/08/2024 00:00:00,,0.00,0.00,0.00,610014,0 0 0 0 0 4 148 86,False,False,1,
389,08/01/2024 04:55:00,07/08/2024 00:00:00,,07/08/2024 00:00:00,,0.00,0.00,0.00,610004,0 0 0 0 0 4 148 88,False,False,1,H.Opt FORTE
390,08/01/2024 05:05:00,07/09/2024 00:00:00,,07/09/2024 00:00:00,,0.00,0.00,0.00,610013,0 0 0 0 0 4 148 90,False,False,1,Hafiz Shafeeq Plastic
391,08/01/2024 05:40:00,07/10/2024 00:00:00,,07/10/2024 00:00:00,,0.00,0.00,0.00,610014,0 0 0 0 0 4 148 92,False,False,1,
392,08/01/2024 05:41:00,07/10/2024 00:00:00,,07/10/2024 00:00:00,,0.00,0.00,0.00,610016,0 0 0 0 0 4 148 94,False,False,1,
393,08/01/2024 05:43:00,07/10/2024 00:00:00,,07/10/2024 00:00:00,,0.00,0.00,0.00,610013,0 0 0 0 0 4 148 96,False,False,1,
394,08/01/2024 05:44:00,07/10/2024 00:00:00,,07/10/2024 00:00:00,,0.00,0.00,0.00,610012,0 0 0 0 0 4 148 98,False,False,1,
395,08/03/2024 01:57:00,07/11/2024 00:00:00,,07/11/2024 00:00:00,,0.00,0.00,0.00,610016,0 0 0 0 0 4 163 230,False,False,1,
396,08/03/2024 05:39:00,07/11/2024 00:00:00,,07/11/2024 00:00:00,,0.00,0.00,0.00,610006,0 0 0 0 0 4 164 33,False,False,1,
397,08/03/2024 05:50:00,07/11/2024 00:00:00,,07/11/2024 00:00:00,,0.00,0.00,0.00,610001,0 0 0 0 0 4 164 35,False,False,1,
398,08/03/2024 05:54:00,07/13/2024 00:00:00,,07/13/2024 00:00:00,,0.00,0.00,0.00,610005,0 0 0 0 0 4 164 37,False,False,1,
399,08/03/2024 06:00:00,07/14/2024 00:00:00,,07/14/2024 00:00:00,,0.00,0.00,0.00,610013,0 0 0 0 0 4 164 39,False,False,1,
400,08/03/2024 06:01:00,07/14/2024 00:00:00,,07/14/2024 00:00:00,,0.00,0.00,0.00,610012,0 0 0 0 0 4 164 41,False,False,1,
401,08/03/2024 06:02:00,07/14/2024 00:00:00,,07/14/2024 00:00:00,,0.00,0.00,0.00,610013,0 0 0 0 0 4 164 43,False,False,1,
402,08/03/2024 06:08:00,07/14/2024 00:00:00,,07/14/2024 00:00:00,,0.00,0.00,0.00,610016,0 0 0 0 0 4 164 45,False,False,1,
403,08/04/2024 01:00:00,07/15/2024 00:00:00,,07/15/2024 00:00:00,,0.00,0.00,0.00,610013,0 0 0 0 0 4 164 47,False,False,1,
404,08/04/2024 01:05:00,07/18/2024 00:00:00,,07/18/2024 00:00:00,,0.00,0.00,0.00,610013,0 0 0 0 0 4 164 51,False,False,1,
405,08/11/2024 07:57:00,07/20/2024 00:00:00,,07/20/2024 00:00:00,,0.00,0.00,0.00,610013,0 0 0 0 0 4 179 140,False,False,1,
406,08/04/2024 01:10:00,07/21/2024 00:00:00,,07/21/2024 00:00:00,,0.00,0.00,0.00,610013,0 0 0 0 0 4 164 55,False,False,1,From Dr Shokat UAF
407,08/04/2024 02:12:00,07/21/2024 00:00:00,,07/21/2024 00:00:00,,0.00,0.00,0.00,610014,0 0 0 0 0 4 164 67,False,False,1,
408,08/08/2024 03:40:00,07/22/2024 00:00:00,,07/22/2024 00:00:00,,0.00,0.00,0.00,610013,0 0 0 0 0 4 179 138,False,False,1,
409,08/04/2024 01:33:00,07/22/2024 00:00:00,,07/22/2024 00:00:00,,0.00,0.00,0.00,610004,0 0 0 0 0 4 164 61,False,False,1,
410,08/04/2024 01:48:00,07/24/2024 00:00:00,,07/24/2024 00:00:00,,0.00,0.00,0.00,610004,0 0 0 0 0 4 164 65,False,False,1,
411,08/05/2024 23:01:00,07/27/2024 00:00:00,,07/27/2024 00:00:00,,0.00,0.00,0.00,610004,0 0 0 0 0 4 164 74,False,False,1,
412,08/05/2024 23:12:00,07/28/2024 00:00:00,,07/28/2024 00:00:00,,0.00,0.00,0.00,610013,0 0 0 0 0 4 164 76,False,False,1,
413,08/05/2024 23:13:00,07/28/2024 00:00:00,,07/28/2024 00:00:00,,0.00,0.00,0.00,610012,0 0 0 0 0 4 164 78,False,False,1,
414,08/05/2024 23:26:00,07/29/2024 00:00:00,,07/29/2024 00:00:00,,0.00,0.00,0.00,610016,0 0 0 0 0 4 164 80,False,False,1,
415,08/05/2024 23:28:00,07/30/2024 00:00:00,,07/30/2024 00:00:00,,0.00,0.00,0.00,610012,0 0 0 0 0 4 164 82,False,False,1,
416,08/05/2024 23:34:00,07/30/2024 00:00:00,,07/30/2024 00:00:00,,0.00,0.00,0.00,610004,0 0 0 0 0 4 164 86,False,False,1,
417,08/05/2024 23:47:00,07/31/2024 00:00:00,,07/31/2024 00:00:00,,0.00,0.00,0.00,610013,0 0 0 0 0 4 164 88,False,False,1,
418,08/19/2024 00:33:00,08/03/2024 00:00:00,,08/03/2024 00:00:00,,0.00,0.00,0.00,610013,0 0 0 0 0 4 195 81,False,False,1,
419,08/07/2024 00:01:00,08/04/2024 00:00:00,,08/04/2024 00:00:00,,0.00,0.00,0.00,610005,0 0 0 0 0 4 164 171,False,False,1,
420,08/19/2024 02:59:00,08/04/2024 00:00:00,,08/04/2024 00:00:00,,0.00,0.00,0.00,610013,0 0 0 0 0 4 195 85,False,False,1,
421,08/19/2024 02:48:00,08/04/2024 00:00:00,,08/04/2024 00:00:00,,0.00,0.00,0.00,610004,0 0 0 0 0 4 195 83,False,False,1,
422,08/20/2024 02:53:00,08/10/2024 00:00:00,,08/10/2024 00:00:00,,0.00,0.00,0.00,610013,0 0 0 0 0 4 195 121,False,False,1,
423,08/20/2024 03:26:00,08/10/2024 00:00:00,,08/10/2024 00:00:00,,0.00,0.00,0.00,610004,0 0 0 0 0 4 195 125,False,False,1,
424,08/20/2024 03:27:00,08/10/2024 00:00:00,,08/10/2024 00:00:00,,0.00,0.00,0.00,610016,0 0 0 0 0 4 195 127,False,False,1,
425,08/20/2024 03:39:00,08/12/2024 00:00:00,,08/12/2024 00:00:00,,0.00,0.00,0.00,610013,0 0 0 0 0 4 195 129,False,False,1,
426,08/20/2024 03:49:00,08/15/2024 00:00:00,,08/15/2024 00:00:00,,0.00,0.00,0.00,610012,0 0 0 0 0 4 195 133,False,False,1,
427,08/20/2024 04:57:00,08/18/2024 00:00:00,,08/18/2024 00:00:00,,0.00,0.00,0.00,610013,0 0 0 0 0 4 195 135,False,False,1,
428,08/20/2024 04:59:00,08/18/2024 00:00:00,,08/18/2024 00:00:00,,0.00,0.00,0.00,610005,0 0 0 0 0 4 195 137,False,False,1,
429,08/20/2024 05:02:00,08/18/2024 00:00:00,,08/18/2024 00:00:00,,0.00,0.00,0.00,610006,0 0 0 0 0 4 195 139,False,False,1,
430,08/20/2024 05:25:00,08/18/2024 00:00:00,,08/18/2024 00:00:00,,0.00,0.00,0.00,610016,0 0 0 0 0 4 195 141,False,False,1,
431,08/20/2024 05:30:00,08/18/2024 00:00:00,,08/18/2024 00:00:00,,0.00,0.00,0.00,610004,0 0 0 0 0 4 195 143,False,False,1,
432,08/20/2024 05:49:00,08/19/2024 00:00:00,,08/19/2024 00:00:00,,0.00,0.00,0.00,610004,0 0 0 0 0 4 195 145,False,False,1,
433,08/21/2024 00:46:00,08/19/2024 00:00:00,,08/19/2024 00:00:00,,0.00,0.00,0.00,610013,0 0 0 0 0 4 195 147,False,False,1,
434,08/22/2024 04:32:00,08/20/2024 00:00:00,,08/20/2024 00:00:00,,0.00,0.00,0.00,610013,0 0 0 0 0 4 210 206,False,False,1,
435,08/28/2024 23:40:00,08/21/2024 00:00:00,,08/21/2024 00:00:00,,0.00,0.00,0.00,610013,0 0 0 0 0 4 210 231,False,False,1,
436,08/22/2024 03:37:00,08/21/2024 00:00:00,,08/21/2024 00:00:00,,0.00,0.00,0.00,610006,0 0 0 0 0 4 210 204,False,False,1,
437,08/23/2024 22:24:00,08/22/2024 00:00:00,,08/22/2024 00:00:00,,0.00,0.00,0.00,610016,0 0 0 0 0 4 210 208,False,False,1,
438,08/25/2024 04:30:00,08/24/2024 00:00:00,,08/24/2024 00:00:00,,0.00,0.00,0.00,610016,0 0 0 0 0 4 210 228,False,False,1,
439,08/28/2024 23:53:00,08/22/2024 00:00:00,,08/22/2024 00:00:00,,0.00,0.00,0.00,610004,0 0 0 0 0 4 210 233,False,False,1,
440,08/29/2024 00:06:00,08/26/2024 00:00:00,,08/26/2024 00:00:00,,0.00,0.00,0.00,610013,0 0 0 0 0 4 210 235,False,False,1,
441,08/29/2024 00:07:00,08/26/2024 00:00:00,,08/26/2024 00:00:00,,0.00,0.00,0.00,610006,0 0 0 0 0 4 210 237,False,False,1,
442,08/29/2024 00:17:00,08/26/2024 00:00:00,,08/26/2024 00:00:00,,0.00,0.00,0.00,610004,0 0 0 0 0 4 210 239,False,False,1,
443,08/31/2024 03:10:00,08/27/2024 00:00:00,,08/27/2024 00:00:00,,0.00,0.00,0.00,610013,0 0 0 0 0 4 210 245,False,False,1,
444,09/01/2024 03:57:00,08/27/2024 00:00:00,,08/27/2024 00:00:00,,0.00,0.00,0.00,610004,0 0 0 0 0 4 210 247,False,False,1,
445,09/01/2024 03:59:00,08/27/2024 00:00:00,,08/27/2024 00:00:00,,0.00,0.00,0.00,610013,0 0 0 0 0 4 210 249,False,False,1,
446,09/01/2024 04:18:00,08/31/2024 00:00:00,,08/31/2024 00:00:00,,0.00,0.00,0.00,610013,0 0 0 0 0 4 210 251,False,False,1,
447,09/02/2024 03:45:00,09/01/2024 00:00:00,,09/01/2024 00:00:00,,0.00,0.00,0.00,610004,0 0 0 0 0 4 211 42,False,False,1,
448,09/02/2024 03:46:00,09/01/2024 00:00:00,,09/01/2024 00:00:00,,0.00,0.00,0.00,610012,0 0 0 0 0 4 211 44,False,False,1,
449,09/02/2024 03:46:00,09/01/2024 00:00:00,,09/01/2024 00:00:00,,0.00,0.00,0.00,610006,0 0 0 0 0 4 211 46,False,False,1,
450,09/02/2024 03:47:00,09/01/2024 00:00:00,,09/01/2024 00:00:00,,0.00,0.00,0.00,610016,0 0 0 0 0 4 211 48,False,False,1,
451,09/04/2024 05:46:00,09/02/2024 00:00:00,,09/02/2024 00:00:00,,0.00,0.00,0.00,610001,0 0 0 0 0 4 226 110,False,False,1,
452,10/17/2024 00:16:00,09/03/2024 00:00:00,,09/03/2024 00:00:00,,0.00,0.00,0.00,610013,0 0 0 0 0 5 126 231,False,False,1,
453,09/04/2024 05:50:00,09/03/2024 00:00:00,,09/03/2024 00:00:00,,0.00,0.00,0.00,610004,0 0 0 0 0 4 226 114,False,False,1,
455,09/04/2024 05:55:00,09/03/2024 00:00:00,,09/03/2024 00:00:00,,0.00,0.00,0.00,610005,0 0 0 0 0 4 226 118,False,False,1,
456,09/04/2024 23:55:00,09/04/2024 00:00:00,,09/04/2024 00:00:00,,0.00,0.00,0.00,610013,0 0 0 0 0 4 226 124,False,False,1,
457,09/04/2024 23:56:00,09/04/2024 00:00:00,,09/04/2024 00:00:00,,0.00,0.00,0.00,610005,0 0 0 0 0 4 226 126,False,False,1,
458,09/05/2024 00:01:00,09/04/2024 00:00:00,,09/04/2024 00:00:00,,0.00,0.00,0.00,610016,0 0 0 0 0 4 226 128,False,False,1,
459,09/05/2024 05:12:00,09/04/2024 00:00:00,,09/04/2024 00:00:00,,0.00,0.00,0.00,610014,0 0 0 0 0 4 226 130,False,False,1,
460,09/05/2024 05:18:00,09/04/2024 00:00:00,,09/04/2024 00:00:00,,0.00,0.00,0.00,610004,0 0 0 0 0 4 226 132,False,False,1,
461,09/05/2024 06:11:00,09/05/2024 00:00:00,,09/05/2024 00:00:00,,0.00,0.00,0.00,610016,0 0 0 0 0 4 226 134,False,False,1,
462,09/08/2024 05:49:00,09/08/2024 00:00:00,,09/08/2024 00:00:00,,0.00,0.00,0.00,610012,0 0 0 0 0 4 242 6,False,False,1,
463,09/08/2024 05:52:00,09/08/2024 00:00:00,,09/08/2024 00:00:00,,0.00,0.00,0.00,610005,0 0 0 0 0 4 242 8,False,False,1,
464,09/08/2024 05:53:00,09/08/2024 00:00:00,,09/08/2024 00:00:00,,0.00,0.00,0.00,610005,0 0 0 0 0 4 242 10,False,False,1,
465,09/08/2024 06:00:00,09/08/2024 00:00:00,,09/08/2024 00:00:00,,0.00,0.00,0.00,610014,0 0 0 0 0 4 242 12,False,False,1,
466,09/08/2024 06:01:00,09/08/2024 00:00:00,,09/08/2024 00:00:00,,0.00,0.00,0.00,610013,0 0 0 0 0 4 242 14,False,False,1,
467,09/08/2024 06:06:00,09/08/2024 00:00:00,,09/08/2024 00:00:00,,0.00,0.00,0.00,610004,0 0 0 0 0 4 242 16,False,False,1,
468,09/09/2024 04:31:00,09/09/2024 00:00:00,,09/09/2024 00:00:00,,0.00,0.00,0.00,610013,0 0 0 0 0 5 1 166,False,False,1,
469,09/09/2024 04:53:00,09/09/2024 00:00:00,,09/09/2024 00:00:00,,0.00,0.00,0.00,610004,0 0 0 0 0 5 1 168,False,False,1,
470,09/10/2024 05:03:00,09/09/2024 00:00:00,,09/09/2024 00:00:00,,0.00,0.00,0.00,610004,0 0 0 0 0 5 1 177,False,False,1,
471,09/10/2024 05:27:00,09/10/2024 00:00:00,,09/10/2024 00:00:00,,0.00,0.00,0.00,610004,0 0 0 0 0 5 1 179,False,False,1,
472,09/14/2024 08:48:00,09/11/2024 00:00:00,,09/11/2024 00:00:00,,0.00,0.00,0.00,610004,0 0 0 0 0 5 17 100,False,False,1,
473,09/14/2024 05:29:00,09/11/2024 00:00:00,,09/11/2024 00:00:00,,0.00,0.00,0.00,610005,0 0 0 0 0 5 17 75,False,False,1,
474,09/14/2024 05:33:00,09/12/2024 00:00:00,,09/12/2024 00:00:00,,0.00,0.00,0.00,610013,0 0 0 0 0 5 17 79,False,False,1,
475,09/14/2024 05:36:00,09/12/2024 00:00:00,,09/12/2024 00:00:00,,0.00,0.00,0.00,610012,0 0 0 0 0 5 17 81,False,False,1,
476,09/14/2024 05:38:00,09/12/2024 00:00:00,,09/12/2024 00:00:00,,0.00,0.00,0.00,610005,0 0 0 0 0 5 17 83,False,False,1,
477,09/14/2024 05:41:00,09/14/2024 00:00:00,,09/14/2024 00:00:00,,0.00,0.00,0.00,610012,0 0 0 0 0 5 17 85,False,False,1,
478,09/14/2024 05:53:00,09/14/2024 00:00:00,,09/14/2024 00:00:00,,0.00,0.00,0.00,610013,0 0 0 0 0 5 17 95,False,False,1,
479,09/14/2024 05:46:00,09/14/2024 00:00:00,,09/14/2024 00:00:00,,0.00,0.00,0.00,610014,0 0 0 0 0 5 17 91,False,False,1,
480,09/14/2024 05:47:00,09/14/2024 00:00:00,,09/14/2024 00:00:00,,0.00,0.00,0.00,610004,0 0 0 0 0 5 17 93,False,False,1,
481,09/15/2024 03:26:00,09/15/2024 00:00:00,,09/15/2024 00:00:00,,0.00,0.00,0.00,610016,0 0 0 0 0 5 17 105,False,False,1,
482,09/16/2024 03:52:00,09/16/2024 00:00:00,,09/16/2024 00:00:00,,0.00,0.00,0.00,610013,0 0 0 0 0 5 17 110,False,False,1,
483,09/16/2024 04:21:00,09/16/2024 00:00:00,,09/16/2024 00:00:00,,0.00,0.00,0.00,610016,0 0 0 0 0 5 17 112,False,False,1,
484,09/16/2024 04:23:00,09/16/2024 00:00:00,,09/16/2024 00:00:00,,0.00,0.00,0.00,610005,0 0 0 0 0 5 17 114,False,False,1,
485,09/18/2024 07:48:00,09/18/2024 00:00:00,,09/18/2024 00:00:00,,0.00,0.00,0.00,610004,0 0 0 0 0 5 17 125,False,False,1,
486,09/19/2024 04:34:00,09/19/2024 00:00:00,,09/19/2024 00:00:00,,0.00,0.00,0.00,610012,0 0 0 0 0 5 17 129,False,False,1,
487,09/19/2024 04:36:00,09/19/2024 00:00:00,,09/19/2024 00:00:00,,0.00,0.00,0.00,610013,0 0 0 0 0 5 17 131,False,False,1,
488,09/21/2024 23:47:00,09/21/2024 00:00:00,,09/21/2024 00:00:00,,0.00,0.00,0.00,610004,0 0 0 0 0 5 32 230,False,False,1,
489,09/23/2024 00:11:00,09/22/2024 00:00:00,,09/22/2024 00:00:00,,0.00,0.00,0.00,610006,0 0 0 0 0 5 32 232,False,False,1,
490,09/23/2024 00:14:00,09/23/2024 00:00:00,,09/23/2024 00:00:00,,0.00,0.00,0.00,610013,0 0 0 0 0 5 32 234,False,False,1,
491,09/23/2024 23:44:00,09/24/2024 00:00:00,,09/24/2024 00:00:00,,0.00,0.00,0.00,610013,0 0 0 0 0 5 32 236,False,False,1,
492,09/25/2024 03:51:00,09/25/2024 00:00:00,,09/25/2024 00:00:00,,0.00,0.00,0.00,610014,0 0 0 0 0 5 48 136,False,False,1,
493,09/26/2024 00:08:00,09/26/2024 00:00:00,,09/26/2024 00:00:00,,0.00,0.00,0.00,610012,0 0 0 0 0 5 64 38,False,False,1,
494,09/26/2024 01:09:00,09/26/2024 00:00:00,,09/26/2024 00:00:00,,0.00,0.00,0.00,610014,0 0 0 0 0 5 64 40,False,False,1,
495,09/26/2024 05:45:00,09/26/2024 00:00:00,,09/26/2024 00:00:00,,0.00,0.00,0.00,610004,0 0 0 0 0 5 64 42,False,False,1,
496,09/30/2024 00:39:00,09/29/2024 00:00:00,,09/29/2024 00:00:00,,0.00,0.00,0.00,610014,0 0 0 0 0 5 64 47,False,False,1,
497,09/30/2024 05:45:00,09/29/2024 00:00:00,,09/29/2024 00:00:00,,468701.00,0.00,0.00,610004,0 0 0 0 0 5 64 53,False,False,1,
498,09/30/2024 05:46:00,09/29/2024 00:00:00,,09/29/2024 00:00:00,,0.00,0.00,0.00,610013,0 0 0 0 0 5 64 55,False,False,1,
499,09/30/2024 05:46:00,09/29/2024 00:00:00,,09/29/2024 00:00:00,,0.00,0.00,0.00,610005,0 0 0 0 0 5 64 57,False,False,1,
500,10/03/2024 04:05:00,10/01/2024 00:00:00,,10/01/2024 00:00:00,,0.00,0.00,0.00,610004,0 0 0 0 0 5 79 218,False,False,1,
501,10/01/2024 02:59:00,10/01/2024 00:00:00,,10/01/2024 00:00:00,,0.00,0.00,0.00,610013,0 0 0 0 0 5 79 205,False,False,1,
502,10/09/2024 01:04:00,10/02/2024 00:00:00,,10/02/2024 00:00:00,,0.00,0.00,0.00,610004,0 0 0 0 0 5 95 170,False,False,1,
503,10/03/2024 04:21:00,10/03/2024 00:00:00,,10/03/2024 00:00:00,,0.00,0.00,0.00,610016,0 0 0 0 0 5 79 222,False,False,1,
504,10/06/2024 03:30:00,10/05/2024 00:00:00,,10/05/2024 00:00:00,,0.00,0.00,0.00,610016,0 0 0 0 0 5 95 104,False,False,1,
505,10/06/2024 04:18:00,10/05/2024 00:00:00,,10/05/2024 00:00:00,,0.00,0.00,0.00,610004,0 0 0 0 0 5 95 110,False,False,1,
506,10/06/2024 04:21:00,10/06/2024 00:00:00,,10/06/2024 00:00:00,,0.00,0.00,0.00,610013,0 0 0 0 0 5 95 114,False,False,1,
507,10/09/2024 00:42:00,10/06/2024 00:00:00,,10/06/2024 00:00:00,,0.00,0.00,0.00,610005,0 0 0 0 0 5 95 164,False,False,1,
508,10/07/2024 05:43:00,10/07/2024 00:00:00,,10/07/2024 00:00:00,,0.00,0.00,0.00,610004,0 0 0 0 0 5 95 135,False,False,1,
509,10/09/2024 00:42:00,10/07/2024 00:00:00,,10/07/2024 00:00:00,,0.00,0.00,0.00,610005,0 0 0 0 0 5 95 162,False,False,1,
510,10/07/2024 05:47:00,10/07/2024 00:00:00,,10/07/2024 00:00:00,,0.00,0.00,0.00,610012,0 0 0 0 0 5 95 139,False,False,1,
511,10/07/2024 06:46:00,10/07/2024 00:00:00,,10/07/2024 00:00:00,,0.00,0.00,0.00,610013,0 0 0 0 0 5 95 145,False,False,1,
512,10/09/2024 00:43:00,10/08/2024 00:00:00,,10/08/2024 00:00:00,,0.00,0.00,0.00,610016,0 0 0 0 0 5 95 166,False,False,1,
513,10/09/2024 00:46:00,10/09/2024 00:00:00,,10/09/2024 00:00:00,,0.00,0.00,0.00,610013,0 0 0 0 0 5 95 168,False,False,1,
514,10/09/2024 23:29:00,10/10/2024 00:00:00,,10/10/2024 00:00:00,,0.00,0.00,0.00,610006,0 0 0 0 0 5 95 202,False,False,1,
515,10/10/2024 06:37:00,10/10/2024 00:00:00,,10/10/2024 00:00:00,,0.00,0.00,0.00,610004,0 0 0 0 0 5 126 174,False,False,1,
516,10/10/2024 06:22:00,10/10/2024 00:00:00,,10/10/2024 00:00:00,,0.00,0.00,0.00,610013,0 0 0 0 0 5 126 172,False,False,1,
517,10/13/2024 03:19:00,10/12/2024 00:00:00,,10/12/2024 00:00:00,,0.00,0.00,0.00,610013,0 0 0 0 0 5 126 181,False,False,1,
518,10/13/2024 03:25:00,10/12/2024 00:00:00,,10/12/2024 00:00:00,,0.00,0.00,0.00,610014,0 0 0 0 0 5 126 183,False,False,1,
519,10/13/2024 03:31:00,10/12/2024 00:00:00,,10/12/2024 00:00:00,,0.00,0.00,0.00,610013,0 0 0 0 0 5 126 185,False,False,1,
520,10/13/2024 03:33:00,10/12/2024 00:00:00,,10/12/2024 00:00:00,,0.00,0.00,0.00,610004,0 0 0 0 0 5 126 187,False,False,1,
521,10/13/2024 03:34:00,10/12/2024 00:00:00,,10/12/2024 00:00:00,,0.00,0.00,0.00,610005,0 0 0 0 0 5 126 189,False,False,1,
522,10/13/2024 03:36:00,10/13/2024 00:00:00,,10/13/2024 00:00:00,,0.00,0.00,0.00,610013,0 0 0 0 0 5 126 191,False,False,1,
523,10/13/2024 03:36:00,10/13/2024 00:00:00,,10/13/2024 00:00:00,,0.00,0.00,0.00,610005,0 0 0 0 0 5 126 193,False,False,1,
524,10/14/2024 01:30:00,10/14/2024 00:00:00,,10/14/2024 00:00:00,,0.00,0.00,0.00,610012,0 0 0 0 0 5 126 198,False,False,1,
525,10/15/2024 02:38:00,10/15/2024 00:00:00,,10/15/2024 00:00:00,,0.00,0.00,0.00,610012,0 0 0 0 0 5 126 210,False,False,1,
526,10/15/2024 02:46:00,10/15/2024 00:00:00,,10/15/2024 00:00:00,,0.00,0.00,0.00,610013,0 0 0 0 0 5 126 212,False,False,1,
527,10/17/2024 00:22:00,10/15/2024 00:00:00,,10/15/2024 00:00:00,,0.00,0.00,0.00,610013,0 0 0 0 0 5 126 233,False,False,1,
528,10/16/2024 01:34:00,10/14/2024 00:00:00,,10/14/2024 00:00:00,,0.00,0.00,0.00,610004,0 0 0 0 0 5 126 222,False,False,1,
529,10/16/2024 01:36:00,10/16/2024 00:00:00,,10/16/2024 00:00:00,,0.00,0.00,0.00,610012,0 0 0 0 0 5 126 224,False,False,1,
530,10/16/2024 01:37:00,10/16/2024 00:00:00,,10/16/2024 00:00:00,,0.00,0.00,0.00,610004,0 0 0 0 0 5 126 226,False,False,1,
531,10/17/2024 04:26:00,10/17/2024 00:00:00,,10/17/2024 00:00:00,,0.00,0.00,0.00,610016,0 0 0 0 0 5 126 235,False,False,1,
532,10/17/2024 04:28:00,10/17/2024 00:00:00,,10/17/2024 00:00:00,,0.00,0.00,0.00,610012,0 0 0 0 0 5 126 237,False,False,1,
533,10/20/2024 03:22:00,10/20/2024 00:00:00,,10/20/2024 00:00:00,,0.00,0.00,0.00,610016,0 0 0 0 0 5 142 72,False,False,1,
534,10/23/2024 01:35:00,10/21/2024 00:00:00,,10/21/2024 00:00:00,,0.00,0.00,0.00,610004,0 0 0 0 0 5 157 250,False,False,1,
536,10/23/2024 01:22:00,10/22/2024 00:00:00,,10/22/2024 00:00:00,,0.00,0.00,0.00,610013,0 0 0 0 0 5 157 248,False,False,1,
537,10/23/2024 01:02:00,10/22/2024 00:00:00,,10/22/2024 00:00:00,,0.00,0.00,0.00,610012,0 0 0 0 0 5 157 242,False,False,1,
538,10/23/2024 01:17:00,10/22/2024 00:00:00,,10/22/2024 00:00:00,,0.00,0.00,0.00,610014,0 0 0 0 0 5 157 246,False,False,1,
539,10/23/2024 02:03:00,10/22/2024 00:00:00,,10/22/2024 00:00:00,,0.00,0.00,0.00,610004,0 0 0 0 0 5 157 252,False,False,1,
540,10/23/2024 05:22:00,10/23/2024 00:00:00,,10/23/2024 00:00:00,,0.00,0.00,0.00,610004,0 0 0 0 0 5 158 15,False,False,1,
541,10/23/2024 07:43:00,10/23/2024 00:00:00,,10/23/2024 00:00:00,,0.00,0.00,0.00,610013,0 0 0 0 0 5 158 21,False,False,1,
542,10/23/2024 07:42:00,10/23/2024 00:00:00,,10/23/2024 00:00:00,,0.00,0.00,0.00,610006,0 0 0 0 0 5 158 19,False,False,1,
543,10/27/2024 00:10:00,10/24/2024 00:00:00,,10/24/2024 00:00:00,,0.00,0.00,0.00,610016,0 0 0 0 0 5 189 38,False,False,1,
544,10/28/2024 03:11:00,10/24/2024 00:00:00,,10/24/2024 00:00:00,,0.00,0.00,0.00,610005,0 0 0 0 0 5 204 198,False,False,1,
545,10/27/2024 00:19:00,10/26/2024 00:00:00,,10/26/2024 00:00:00,,0.00,0.00,0.00,610013,0 0 0 0 0 5 189 42,False,False,1,
546,10/27/2024 05:01:00,10/26/2024 00:00:00,,10/26/2024 00:00:00,,0.00,0.00,0.00,610012,0 0 0 0 0 5 189 55,False,False,1,
547,10/28/2024 03:33:00,10/27/2024 00:00:00,,10/27/2024 00:00:00,,0.00,0.00,0.00,610013,0 0 0 0 0 5 204 200,False,False,1,
548,10/28/2024 03:37:00,10/27/2024 00:00:00,,10/27/2024 00:00:00,,0.00,0.00,0.00,610004,0 0 0 0 0 5 204 202,False,False,1,
549,10/28/2024 06:28:00,10/27/2024 00:00:00,,10/27/2024 00:00:00,,0.00,0.00,0.00,610012,0 0 0 0 0 5 204 206,False,False,1,
550,10/28/2024 08:31:00,10/28/2024 00:00:00,,10/28/2024 00:00:00,,0.00,0.00,0.00,610013,0 0 0 0 0 5 204 212,False,False,1,
551,10/28/2024 07:52:00,10/28/2024 00:00:00,,10/28/2024 00:00:00,,0.00,0.00,0.00,610005,0 0 0 0 0 5 204 210,False,False,1,
552,10/29/2024 01:49:00,10/27/2024 00:00:00,,10/27/2024 00:00:00,,0.00,0.00,0.00,610014,0 0 0 0 0 5 220 102,False,False,1,
553,11/02/2024 00:19:00,10/29/2024 00:00:00,,10/29/2024 00:00:00,,0.00,0.00,0.00,610013,0 0 0 0 0 5 236 8,False,False,1,
554,10/29/2024 03:52:00,10/29/2024 00:00:00,,10/29/2024 00:00:00,,0.00,0.00,0.00,610006,0 0 0 0 0 5 220 106,False,False,1,
555,11/02/2024 01:10:00,10/29/2024 00:00:00,,10/29/2024 00:00:00,,0.00,0.00,0.00,610004,0 0 0 0 0 5 236 14,False,False,1,
556,11/02/2024 01:12:00,10/30/2024 00:00:00,,10/30/2024 00:00:00,,0.00,0.00,0.00,610013,0 0 0 0 0 5 236 16,False,False,1,
557,11/02/2024 01:43:00,10/31/2024 00:00:00,,10/31/2024 00:00:00,,0.00,0.00,0.00,610016,0 0 0 0 0 5 236 18,False,False,1,
558,11/02/2024 02:00:00,10/31/2024 00:00:00,,10/31/2024 00:00:00,,0.00,0.00,0.00,610014,0 0 0 0 0 5 236 20,False,False,1,
559,11/02/2024 02:02:00,10/31/2024 00:00:00,,10/31/2024 00:00:00,,0.00,0.00,0.00,610004,0 0 0 0 0 5 236 22,False,False,1,
560,11/02/2024 02:04:00,11/01/2024 00:00:00,,11/01/2024 00:00:00,,0.00,0.00,0.00,610018,0 0 0 0 0 5 236 24,False,False,1,
561,11/02/2024 02:05:00,11/02/2024 00:00:00,,11/02/2024 00:00:00,,0.00,0.00,0.00,610018,0 0 0 0 0 5 236 26,False,False,1,
562,11/05/2024 03:10:00,11/02/2024 00:00:00,,11/02/2024 00:00:00,,-705899.00,0.00,0.00,610004,0 0 0 0 0 5 236 39,False,False,1,
563,11/05/2024 03:14:00,11/03/2024 00:00:00,,11/03/2024 00:00:00,,0.00,0.00,0.00,610018,0 0 0 0 0 5 236 41,False,False,1,
564,11/05/2024 03:15:00,11/03/2024 00:00:00,,11/03/2024 00:00:00,,0.00,0.00,0.00,610005,0 0 0 0 0 5 236 43,False,False,1,
565,11/05/2024 03:17:00,11/03/2024 00:00:00,,11/03/2024 00:00:00,,0.00,0.00,0.00,610012,0 0 0 0 0 5 236 45,False,False,1,
566,11/05/2024 03:17:00,11/03/2024 00:00:00,,11/03/2024 00:00:00,,0.00,0.00,0.00,610004,0 0 0 0 0 5 236 47,False,False,1,
567,11/05/2024 03:19:00,11/04/2024 00:00:00,,11/04/2024 00:00:00,,0.00,0.00,0.00,610004,0 0 0 0 0 5 236 49,False,False,1,
568,11/05/2024 03:21:00,11/04/2024 00:00:00,,11/04/2024 00:00:00,,0.00,0.00,0.00,610006,0 0 0 0 0 5 236 51,False,False,1,
569,11/05/2024 06:29:00,11/05/2024 00:00:00,,11/05/2024 00:00:00,,0.00,0.00,0.00,610019,0 0 0 0 0 5 236 53,False,False,1,
570,11/05/2024 06:31:00,11/05/2024 00:00:00,,11/05/2024 00:00:00,,0.00,0.00,0.00,610005,0 0 0 0 0 5 236 55,False,False,1,
571,11/05/2024 06:33:00,11/05/2024 00:00:00,,11/05/2024 00:00:00,,0.00,0.00,0.00,610004,0 0 0 0 0 5 236 57,False,False,1,
572,11/06/2024 23:53:00,11/06/2024 00:00:00,,11/06/2024 00:00:00,,0.00,0.00,0.00,610018,0 0 0 0 0 5 236 79,False,False,1,
573,11/07/2024 00:02:00,11/06/2024 00:00:00,,11/06/2024 00:00:00,,0.00,0.00,0.00,610016,0 0 0 0 0 5 236 83,False,False,1,
574,11/07/2024 00:04:00,11/07/2024 00:00:00,,11/07/2024 00:00:00,,0.00,0.00,0.00,610019,0 0 0 0 0 5 236 85,False,False,1,
575,11/07/2024 00:04:00,11/07/2024 00:00:00,,11/07/2024 00:00:00,,0.00,0.00,0.00,610005,0 0 0 0 0 5 236 87,False,False,1,
576,11/12/2024 04:39:00,11/07/2024 00:00:00,,11/07/2024 00:00:00,,0.00,0.00,0.00,610004,0 0 0 0 0 5 236 118,False,False,1,
577,11/10/2024 08:03:00,11/10/2024 00:00:00,,11/10/2024 00:00:00,,0.00,0.00,0.00,610005,0 0 0 0 0 5 236 97,False,False,1,
578,11/10/2024 08:04:00,11/10/2024 00:00:00,,11/10/2024 00:00:00,,0.00,0.00,0.00,610019,0 0 0 0 0 5 236 99,False,False,1,
579,11/10/2024 08:07:00,11/10/2024 00:00:00,,11/10/2024 00:00:00,,0.00,0.00,0.00,610004,0 0 0 0 0 5 236 101,False,False,1,
580,11/12/2024 08:00:00,11/10/2024 00:00:00,,11/10/2024 00:00:00,,0.00,0.00,0.00,610016,0 0 0 0 0 5 236 138,False,False,1,
581,11/11/2024 04:28:00,11/10/2024 00:00:00,,11/10/2024 00:00:00,,0.00,0.00,0.00,610006,0 0 0 0 0 5 236 105,False,False,1,
582,11/11/2024 04:29:00,11/10/2024 00:00:00,,11/10/2024 00:00:00,,0.00,0.00,0.00,610005,0 0 0 0 0 5 236 107,False,False,1,
583,11/12/2024 08:01:00,11/11/2024 00:00:00,,11/11/2024 00:00:00,,0.00,0.00,0.00,610016,0 0 0 0 0 5 236 140,False,False,1,
584,11/12/2024 08:29:00,11/11/2024 00:00:00,,11/11/2024 00:00:00,,0.00,0.00,0.00,610018,0 0 0 0 0 5 236 142,False,False,1,
585,11/12/2024 08:31:00,11/12/2024 00:00:00,,11/12/2024 00:00:00,,0.00,0.00,0.00,610019,0 0 0 0 0 5 236 144,False,False,1,
586,11/12/2024 11:41:00,11/12/2024 00:00:00,,11/12/2024 00:00:00,,0.00,0.00,0.00,610019,0 0 0 0 0 5 236 172,False,False,1,
587,11/13/2024 04:59:00,11/12/2024 00:00:00,,11/12/2024 00:00:00,,0.00,0.00,0.00,610005,0 0 0 0 0 5 236 174,False,False,1,
588,11/13/2024 04:59:00,11/12/2024 00:00:00,,11/12/2024 00:00:00,,0.00,0.00,0.00,610005,0 0 0 0 0 5 236 176,False,False,1,
589,11/13/2024 05:01:00,11/12/2024 00:00:00,,11/12/2024 00:00:00,,0.00,0.00,0.00,610004,0 0 0 0 0 5 236 178,False,False,1,
590,11/14/2024 01:18:00,11/14/2024 00:00:00,,11/14/2024 00:00:00,,0.00,0.00,0.00,610019,0 0 0 0 0 5 251 166,False,False,1,
591,11/14/2024 01:21:00,11/14/2024 00:00:00,,11/14/2024 00:00:00,,0.00,0.00,0.00,610016,0 0 0 0 0 5 251 168,False,False,1,
592,11/16/2024 23:55:00,11/14/2024 00:00:00,,11/14/2024 00:00:00,,0.00,0.00,0.00,610004,0 0 0 0 0 6 11 70,False,False,1,
593,11/17/2024 23:59:00,11/10/2024 00:00:00,,11/10/2024 00:00:00,,0.00,0.00,0.00,610014,0 0 0 0 0 6 11 73,False,False,1,
594,11/18/2024 00:01:00,11/15/2024 00:00:00,,11/15/2024 00:00:00,,0.00,0.00,0.00,610018,0 0 0 0 0 6 11 75,False,False,1,
595,11/18/2024 00:03:00,11/15/2024 00:00:00,,11/15/2024 00:00:00,,0.00,0.00,0.00,610014,0 0 0 0 0 6 11 77,False,False,1,
596,11/18/2024 00:07:00,11/16/2024 00:00:00,,11/16/2024 00:00:00,,0.00,0.00,0.00,610004,0 0 0 0 0 6 11 79,False,False,1,
597,11/18/2024 00:09:00,11/17/2024 00:00:00,,11/17/2024 00:00:00,,0.00,0.00,0.00,610012,0 0 0 0 0 6 11 81,False,False,1,
598,11/18/2024 00:18:00,11/17/2024 00:00:00,,11/17/2024 00:00:00,,0.00,0.00,0.00,610005,0 0 0 0 0 6 11 83,False,False,1,
599,11/18/2024 00:41:00,11/17/2024 00:00:00,,11/17/2024 00:00:00,,0.00,0.00,0.00,610014,0 0 0 0 0 6 11 85,False,False,1,
600,11/18/2024 00:43:00,11/17/2024 00:00:00,,11/17/2024 00:00:00,,0.00,0.00,0.00,610019,0 0 0 0 0 6 11 87,False,False,1,
601,11/18/2024 00:44:00,11/18/2024 00:00:00,,11/18/2024 00:00:00,,0.00,0.00,0.00,610012,0 0 0 0 0 6 11 89,False,False,1,
602,11/19/2024 23:11:00,11/19/2024 00:00:00,,11/19/2024 00:00:00,,0.00,0.00,0.00,610005,0 0 0 0 0 6 11 127,False,False,1,
603,11/19/2024 23:14:00,11/20/2024 00:00:00,,11/20/2024 00:00:00,,0.00,0.00,0.00,610018,0 0 0 0 0 6 11 129,False,False,1,
604,11/19/2024 23:15:00,11/20/2024 00:00:00,,11/20/2024 00:00:00,,0.00,0.00,0.00,610019,0 0 0 0 0 6 11 131,False,False,1,
605,11/21/2024 00:40:00,11/20/2024 00:00:00,,11/20/2024 00:00:00,,0.00,0.00,0.00,610018,0 0 0 0 0 6 11 137,False,False,1,
606,11/21/2024 00:45:00,11/20/2024 00:00:00,,11/20/2024 00:00:00,,0.00,0.00,0.00,610004,0 0 0 0 0 6 11 139,False,False,1,
607,11/21/2024 00:48:00,11/21/2024 00:00:00,,11/21/2024 00:00:00,,0.00,0.00,0.00,610004,0 0 0 0 0 6 11 141,False,False,1,
608,11/25/2024 04:31:00,11/25/2024 00:00:00,,11/25/2024 00:00:00,,0.00,0.00,0.00,610004,0 0 0 0 0 6 26 234,False,False,1,
609,11/25/2024 04:34:00,11/25/2024 00:00:00,,11/25/2024 00:00:00,,0.00,0.00,0.00,610006,0 0 0 0 0 6 26 236,False,False,1,
610,11/27/2024 03:43:00,11/26/2024 00:00:00,,11/26/2024 00:00:00,,0.00,0.00,0.00,610018,0 0 0 0 0 6 26 247,False,False,1,
611,12/01/2024 01:13:00,11/26/2024 00:00:00,,11/26/2024 00:00:00,,0.00,0.00,0.00,610014,0 0 0 0 0 6 27 1,False,False,1,
612,12/01/2024 01:14:00,11/27/2024 00:00:00,,11/27/2024 00:00:00,,0.00,0.00,0.00,610005,0 0 0 0 0 6 27 3,False,False,1,
613,12/01/2024 01:32:00,11/27/2024 00:00:00,,11/27/2024 00:00:00,,0.00,0.00,0.00,610004,0 0 0 0 0 6 27 5,False,False,1,
614,12/01/2024 01:34:00,11/28/2024 00:00:00,,11/28/2024 00:00:00,,0.00,0.00,0.00,610004,0 0 0 0 0 6 27 7,False,False,1,
615,12/01/2024 01:36:00,11/30/2024 00:00:00,,11/30/2024 00:00:00,,0.00,0.00,0.00,610016,0 0 0 0 0 6 27 9,False,False,1,
616,12/01/2024 01:39:00,11/30/2024 00:00:00,,11/30/2024 00:00:00,,0.00,0.00,0.00,610018,0 0 0 0 0 6 27 11,False,False,1,
617,12/01/2024 02:20:00,11/27/2024 00:00:00,,11/27/2024 00:00:00,,0.00,0.00,0.00,610019,0 0 0 0 0 6 27 14,False,False,1,
618,12/01/2024 03:15:00,11/28/2024 00:00:00,,11/28/2024 00:00:00,,0.00,0.00,0.00,610012,0 0 0 0 0 6 27 18,False,False,1,
619,12/02/2024 01:00:00,12/02/2024 00:00:00,,12/02/2024 00:00:00,,0.00,0.00,0.00,610006,0 0 0 0 0 6 27 25,False,False,1,
620,12/02/2024 01:05:00,12/02/2024 00:00:00,,12/02/2024 00:00:00,,0.00,0.00,0.00,610018,0 0 0 0 0 6 27 27,False,False,1,
621,12/04/2024 22:37:00,12/03/2024 00:00:00,,12/03/2024 00:00:00,,0.00,0.00,0.00,610016,0 0 0 0 0 6 27 71,False,False,1,
622,12/04/2024 22:39:00,12/03/2024 00:00:00,,12/03/2024 00:00:00,,0.00,0.00,0.00,610005,0 0 0 0 0 6 27 73,False,False,1,
623,12/04/2024 22:40:00,12/03/2024 00:00:00,,12/03/2024 00:00:00,,0.00,0.00,0.00,610018,0 0 0 0 0 6 27 75,False,False,1,
624,12/04/2024 22:51:00,12/05/2024 00:00:00,,12/05/2024 00:00:00,,0.00,0.00,0.00,610019,0 0 0 0 0 6 27 77,False,False,1,
625,12/06/2024 23:22:00,12/05/2024 00:00:00,,12/05/2024 00:00:00,,0.00,0.00,0.00,610016,0 0 0 0 0 6 27 82,False,False,1,
626,12/07/2024 01:04:00,12/05/2024 00:00:00,,12/05/2024 00:00:00,,0.00,0.00,0.00,610004,0 0 0 0 0 6 27 84,False,False,1,
627,12/09/2024 22:57:00,12/06/2024 00:00:00,,12/06/2024 00:00:00,,0.00,0.00,0.00,610006,0 0 0 0 0 6 27 107,False,False,1,
628,12/09/2024 23:01:00,12/07/2024 00:00:00,,12/07/2024 00:00:00,,7374.00,0.00,0.00,610018,0 0 0 0 0 6 27 111,False,False,1,
629,12/15/2024 00:45:00,12/11/2024 00:00:00,,12/11/2024 00:00:00,,0.00,0.00,0.00,610005,0 0 0 0 0 6 27 113,False,False,1,
630,12/15/2024 23:47:00,12/12/2024 00:00:00,,12/12/2024 00:00:00,,0.00,0.00,0.00,610012,0 0 0 0 0 6 27 115,False,False,1,
631,12/15/2024 23:52:00,12/14/2024 00:00:00,,12/14/2024 00:00:00,,0.00,0.00,0.00,610016,0 0 0 0 0 6 27 117,False,False,1,
632,12/16/2024 03:09:00,12/15/2024 00:00:00,,12/15/2024 00:00:00,,0.00,0.00,0.00,610018,0 0 0 0 0 6 27 121,False,False,1,
633,12/16/2024 03:11:00,12/15/2024 00:00:00,,12/15/2024 00:00:00,,0.00,0.00,0.00,610012,0 0 0 0 0 6 27 123,False,False,1,
634,12/16/2024 03:12:00,12/16/2024 00:00:00,,12/16/2024 00:00:00,,0.00,0.00,0.00,610005,0 0 0 0 0 6 27 125,False,False,1,
635,12/16/2024 03:13:00,12/16/2024 00:00:00,,12/16/2024 00:00:00,,0.00,0.00,0.00,610018,0 0 0 0 0 6 27 127,False,False,1,
636,12/16/2024 03:14:00,12/16/2024 00:00:00,,12/16/2024 00:00:00,,0.00,0.00,0.00,610012,0 0 0 0 0 6 27 129,False,False,1,
637,12/16/2024 23:39:00,12/17/2024 00:00:00,,12/17/2024 00:00:00,,0.00,0.00,0.00,610012,0 0 0 0 0 6 27 151,False,False,1,
638,12/21/2024 23:12:00,12/19/2024 00:00:00,,12/19/2024 00:00:00,,0.00,0.00,0.00,610019,0 0 0 0 0 6 27 160,False,False,1,
639,12/21/2024 23:14:00,12/19/2024 00:00:00,,12/19/2024 00:00:00,,0.00,0.00,0.00,610018,0 0 0 0 0 6 27 162,False,False,1,
640,12/21/2024 23:15:00,12/19/2024 00:00:00,,12/19/2024 00:00:00,,0.00,0.00,0.00,610012,0 0 0 0 0 6 27 164,False,False,1,
641,12/21/2024 23:22:00,12/19/2024 00:00:00,,12/19/2024 00:00:00,,0.00,0.00,0.00,610004,0 0 0 0 0 6 27 166,False,False,1,
642,12/30/2024 01:29:00,12/22/2024 00:00:00,,12/22/2024 00:00:00,,0.00,0.00,0.00,610005,0 0 0 0 0 6 42 134,False,False,1,
643,12/30/2024 01:30:00,12/22/2024 00:00:00,,12/22/2024 00:00:00,,0.00,0.00,0.00,610016,0 0 0 0 0 6 42 136,False,False,1,
644,12/30/2024 01:41:00,12/22/2024 00:00:00,,12/22/2024 00:00:00,,0.00,0.00,0.00,610004,0 0 0 0 0 6 42 138,False,False,1,
645,12/30/2024 01:44:00,12/22/2024 00:00:00,,12/22/2024 00:00:00,,0.00,0.00,0.00,610018,0 0 0 0 0 6 42 140,False,False,1,
646,12/30/2024 01:46:00,12/22/2024 00:00:00,,12/22/2024 00:00:00,,0.00,0.00,0.00,610016,0 0 0 0 0 6 42 142,False,False,1,
647,12/30/2024 02:52:00,12/23/2024 00:00:00,,12/23/2024 00:00:00,,0.00,0.00,0.00,610004,0 0 0 0 0 6 42 146,False,False,1,
648,12/30/2024 02:52:00,12/26/2024 00:00:00,,12/26/2024 00:00:00,,0.00,0.00,0.00,610006,0 0 0 0 0 6 42 148,False,False,1,
649,12/30/2024 02:54:00,12/26/2024 00:00:00,,12/26/2024 00:00:00,,0.00,0.00,0.00,610018,0 0 0 0 0 6 42 150,False,False,1,
650,12/30/2024 02:55:00,12/27/2024 00:00:00,,12/27/2024 00:00:00,,0.00,0.00,0.00,610016,0 0 0 0 0 6 42 152,False,False,1,
651,12/30/2024 02:58:00,12/27/2024 00:00:00,,12/27/2024 00:00:00,,0.00,0.00,0.00,610018,0 0 0 0 0 6 42 154,False,False,1,
652,12/30/2024 03:00:00,12/29/2024 00:00:00,,12/29/2024 00:00:00,,0.00,0.00,0.00,610018,0 0 0 0 0 6 42 156,False,False,1,
653,12/30/2024 03:11:00,12/29/2024 00:00:00,,12/29/2024 00:00:00,,0.00,0.00,0.00,610004,0 0 0 0 0 6 42 158,False,False,1,
654,12/30/2024 03:38:00,12/24/2024 00:00:00,,12/24/2024 00:00:00,,0.00,0.00,0.00,610012,0 0 0 0 0 6 42 162,False,False,1,
655,12/30/2024 03:42:00,12/30/2024 00:00:00,,12/30/2024 00:00:00,,0.00,0.00,0.00,610004,0 0 0 0 0 6 42 164,False,False,1,
656,12/30/2024 03:43:00,12/30/2024 00:00:00,,12/30/2024 00:00:00,,0.00,0.00,0.00,610018,0 0 0 0 0 6 42 166,False,False,1,
657,12/30/2024 03:44:00,12/30/2024 00:00:00,,12/30/2024 00:00:00,,0.00,0.00,0.00,610012,0 0 0 0 0 6 42 168,False,False,1,
658,01/04/2025 02:35:00,12/31/2024 00:00:00,,12/31/2024 00:00:00,,0.00,0.00,0.00,610004,0 0 0 0 0 6 58 38,False,False,1,
659,01/04/2025 02:43:00,01/02/2025 00:00:00,,01/02/2025 00:00:00,,0.00,0.00,0.00,610005,0 0 0 0 0 6 58 40,False,False,1,
660,01/07/2025 02:20:00,01/04/2025 00:00:00,,01/04/2025 00:00:00,,0.00,0.00,0.00,610019,0 0 0 0 0 6 73 198,False,False,1,
661,01/07/2025 02:23:00,01/04/2025 00:00:00,,01/04/2025 00:00:00,,0.00,0.00,0.00,610004,0 0 0 0 0 6 73 200,False,False,1,
662,01/07/2025 02:25:00,01/05/2025 00:00:00,,01/05/2025 00:00:00,,0.00,0.00,0.00,610018,0 0 0 0 0 6 73 204,False,False,1,
663,01/07/2025 02:27:00,01/05/2025 00:00:00,,01/05/2025 00:00:00,,0.00,0.00,0.00,610005,0 0 0 0 0 6 73 206,False,False,1,
664,01/07/2025 02:35:00,01/05/2025 00:00:00,,01/05/2025 00:00:00,,0.00,0.00,0.00,610004,0 0 0 0 0 6 73 208,False,False,1,
665,01/25/2025 07:50:00,01/05/2025 00:00:00,,01/05/2025 00:00:00,,0.00,0.00,0.00,610014,0 0 0 0 0 6 105 64,False,False,1,
666,01/12/2025 03:28:00,01/07/2025 00:00:00,,01/07/2025 00:00:00,,0.00,0.00,0.00,610016,0 0 0 0 0 6 89 104,False,False,1,
667,01/12/2025 03:30:00,01/07/2025 00:00:00,,01/07/2025 00:00:00,,0.00,0.00,0.00,610004,0 0 0 0 0 6 89 106,False,False,1,
668,01/12/2025 03:31:00,01/09/2025 00:00:00,,01/09/2025 00:00:00,,0.00,0.00,0.00,610018,0 0 0 0 0 6 89 108,False,False,1,
669,01/12/2025 03:34:00,01/09/2025 00:00:00,,01/09/2025 00:00:00,,0.00,0.00,0.00,610016,0 0 0 0 0 6 89 110,False,False,1,
670,01/12/2025 03:37:00,01/10/2025 00:00:00,,01/10/2025 00:00:00,,0.00,0.00,0.00,610006,0 0 0 0 0 6 89 112,False,False,1,
671,01/12/2025 03:38:00,01/11/2025 00:00:00,,01/11/2025 00:00:00,,0.00,0.00,0.00,610012,0 0 0 0 0 6 89 114,False,False,1,
672,01/12/2025 03:38:00,01/11/2025 00:00:00,,01/11/2025 00:00:00,,0.00,0.00,0.00,610004,0 0 0 0 0 6 89 116,False,False,1,
673,01/12/2025 03:39:00,01/12/2025 00:00:00,,01/12/2025 00:00:00,,0.00,0.00,0.00,610018,0 0 0 0 0 6 89 118,False,False,1,
674,01/12/2025 04:06:00,01/02/2025 00:00:00,,01/02/2025 00:00:00,,0.00,0.00,0.00,610018,0 0 0 0 0 6 89 124,False,False,1,
675,01/14/2025 02:11:00,01/12/2025 00:00:00,,01/12/2025 00:00:00,,0.00,0.00,0.00,610004,0 0 0 0 0 6 89 142,False,False,1,
676,01/14/2025 02:14:00,01/12/2025 00:00:00,,01/12/2025 00:00:00,,0.00,0.00,0.00,610012,0 0 0 0 0 6 89 144,False,False,1,
677,01/14/2025 02:16:00,01/12/2025 00:00:00,,01/12/2025 00:00:00,,0.00,0.00,0.00,610019,0 0 0 0 0 6 89 148,False,False,1,
678,01/14/2025 02:18:00,01/13/2025 00:00:00,,01/13/2025 00:00:00,,0.00,0.00,0.00,610016,0 0 0 0 0 6 89 150,False,False,1,
679,01/14/2025 02:19:00,01/13/2025 00:00:00,,01/13/2025 00:00:00,,0.00,0.00,0.00,610004,0 0 0 0 0 6 89 152,False,False,1,
680,01/14/2025 02:20:00,01/14/2025 00:00:00,,01/14/2025 00:00:00,,0.00,0.00,0.00,610005,0 0 0 0 0 6 89 154,False,False,1,
681,01/15/2025 00:47:00,01/14/2025 00:00:00,,01/14/2025 00:00:00,,0.00,0.00,0.00,610004,0 0 0 0 0 6 89 156,False,False,1,
682,01/15/2025 00:48:00,01/15/2025 00:00:00,,01/15/2025 00:00:00,,0.00,0.00,0.00,610018,0 0 0 0 0 6 89 158,False,False,1,
683,01/15/2025 00:49:00,01/15/2025 00:00:00,,01/15/2025 00:00:00,,0.00,0.00,0.00,610005,0 0 0 0 0 6 89 160,False,False,1,
684,01/18/2025 23:27:00,01/16/2025 00:00:00,,01/16/2025 00:00:00,,0.00,0.00,0.00,610012,0 0 0 0 0 6 89 173,False,False,1,
685,01/18/2025 23:51:00,01/18/2025 00:00:00,,01/18/2025 00:00:00,,0.00,0.00,0.00,610004,0 0 0 0 0 6 89 175,False,False,1,
686,01/24/2025 23:37:00,01/18/2025 00:00:00,,01/18/2025 00:00:00,,0.00,0.00,0.00,610014,0 0 0 0 0 6 105 8,False,False,1,
687,01/18/2025 23:55:00,01/18/2025 00:00:00,,01/18/2025 00:00:00,,0.00,0.00,0.00,610016,0 0 0 0 0 6 89 179,False,False,1,
688,04/07/2025 04:00:00,01/18/2025 00:00:00,,01/18/2025 00:00:00,,0.00,0.00,0.00,610019,0 0 0 0 0 6 246 67,False,False,1,
689,01/19/2025 00:39:00,01/12/2025 00:00:00,,01/12/2025 00:00:00,,0.00,0.00,0.00,610014,0 0 0 0 0 6 89 183,False,False,1,
690,01/24/2025 23:59:00,01/19/2025 00:00:00,,01/19/2025 00:00:00,,0.00,0.00,0.00,610004,0 0 0 0 0 6 105 20,False,False,1,
691,01/19/2025 22:51:00,01/20/2025 00:00:00,,01/20/2025 00:00:00,,0.00,0.00,0.00,610019,0 0 0 0 0 6 89 206,False,False,1,
692,01/19/2025 22:52:00,01/20/2025 00:00:00,,01/20/2025 00:00:00,,0.00,0.00,0.00,610004,0 0 0 0 0 6 89 208,False,False,1,
693,01/24/2025 23:42:00,01/20/2025 00:00:00,,01/20/2025 00:00:00,,0.00,0.00,0.00,610016,0 0 0 0 0 6 105 10,False,False,1,
694,01/24/2025 23:44:00,01/22/2025 00:00:00,,01/22/2025 00:00:00,,0.00,0.00,0.00,610018,0 0 0 0 0 6 105 12,False,False,1,
695,01/25/2025 00:04:00,01/22/2025 00:00:00,,01/22/2025 00:00:00,,0.00,0.00,0.00,610004,0 0 0 0 0 6 105 22,False,False,1,
696,01/25/2025 00:06:00,01/23/2025 00:00:00,,01/23/2025 00:00:00,,0.00,0.00,0.00,610018,0 0 0 0 0 6 105 24,False,False,1,
697,01/25/2025 00:56:00,01/23/2025 00:00:00,,01/23/2025 00:00:00,,0.00,0.00,0.00,610004,0 0 0 0 0 6 105 30,False,False,1,
698,04/29/2025 00:34:00,01/23/2025 00:00:00,,01/23/2025 00:00:00,,0.00,0.00,0.00,610014,0 0 0 0 0 7 5 120,False,False,1,
699,01/25/2025 01:19:00,01/23/2025 00:00:00,,01/23/2025 00:00:00,,0.00,0.00,0.00,610005,0 0 0 0 0 6 105 48,False,False,1,
700,01/25/2025 21:58:00,01/25/2025 00:00:00,,01/25/2025 00:00:00,,0.00,0.00,0.00,610018,0 0 0 0 0 6 105 66,False,False,1,
701,01/25/2025 01:17:00,01/25/2025 00:00:00,,01/25/2025 00:00:00,,0.00,0.00,0.00,610019,0 0 0 0 0 6 105 44,False,False,1,
702,01/25/2025 01:15:00,01/25/2025 00:00:00,,01/25/2025 00:00:00,,0.00,0.00,0.00,610006,0 0 0 0 0 6 105 40,False,False,1,
703,01/25/2025 01:16:00,01/25/2025 00:00:00,,01/25/2025 00:00:00,,0.00,0.00,0.00,610012,0 0 0 0 0 6 105 42,False,False,1,
704,01/25/2025 01:18:00,01/25/2025 00:00:00,,01/25/2025 00:00:00,,0.00,0.00,0.00,610005,0 0 0 0 0 6 105 46,False,False,1,
705,01/27/2025 22:28:00,01/26/2025 00:00:00,,01/26/2025 00:00:00,,0.00,0.00,0.00,610018,0 0 0 0 0 6 105 82,False,False,1,
706,01/27/2025 22:25:00,01/26/2025 00:00:00,,01/26/2025 00:00:00,,0.00,0.00,0.00,610004,0 0 0 0 0 6 105 78,False,False,1,
707,04/29/2025 00:45:00,01/26/2025 00:00:00,,01/26/2025 00:00:00,,0.00,0.00,0.00,610014,0 0 0 0 0 7 5 122,False,False,1,
708,01/27/2025 22:32:00,01/26/2025 00:00:00,,01/26/2025 00:00:00,,0.00,0.00,0.00,610019,0 0 0 0 0 6 105 84,False,False,1,
709,01/28/2025 00:23:00,01/28/2025 00:00:00,,01/28/2025 00:00:00,,0.00,0.00,0.00,610006,0 0 0 0 0 6 105 86,False,False,1,
710,01/28/2025 04:19:00,01/28/2025 00:00:00,,01/28/2025 00:00:00,,0.00,0.00,0.00,610018,0 0 0 0 0 6 105 94,False,False,1,
711,01/28/2025 04:16:00,01/28/2025 00:00:00,,01/28/2025 00:00:00,,0.00,0.00,0.00,610012,0 0 0 0 0 6 105 92,False,False,1,
712,02/08/2025 23:15:00,01/28/2025 00:00:00,,01/28/2025 00:00:00,,0.00,0.00,0.00,610004,0 0 0 0 0 6 151 255,False,False,1,
713,02/03/2025 04:50:00,01/29/2025 00:00:00,,01/29/2025 00:00:00,,0.00,0.00,0.00,610016,0 0 0 0 0 6 120 170,False,False,1,
714,02/03/2025 04:52:00,01/30/2025 00:00:00,,01/30/2025 00:00:00,,0.00,0.00,0.00,610018,0 0 0 0 0 6 120 172,False,False,1,
715,02/03/2025 04:53:00,02/01/2025 00:00:00,,02/01/2025 00:00:00,,0.00,0.00,0.00,610016,0 0 0 0 0 6 120 174,False,False,1,
716,02/03/2025 04:53:00,02/02/2025 00:00:00,,02/02/2025 00:00:00,,0.00,0.00,0.00,610016,0 0 0 0 0 6 120 176,False,False,1,
717,02/03/2025 04:54:00,02/02/2025 00:00:00,,02/02/2025 00:00:00,,0.00,0.00,0.00,610006,0 0 0 0 0 6 120 178,False,False,1,
718,02/08/2025 23:13:00,02/02/2025 00:00:00,,02/02/2025 00:00:00,,0.00,0.00,0.00,610004,0 0 0 0 0 6 151 251,False,False,1,
719,02/03/2025 04:57:00,02/03/2025 00:00:00,,02/03/2025 00:00:00,,0.00,0.00,0.00,610005,0 0 0 0 0 6 120 182,False,False,1,
720,02/03/2025 04:58:00,02/03/2025 00:00:00,,02/03/2025 00:00:00,,0.00,0.00,0.00,610018,0 0 0 0 0 6 120 184,False,False,1,
721,02/03/2025 04:59:00,02/03/2025 00:00:00,,02/03/2025 00:00:00,,0.00,0.00,0.00,610012,0 0 0 0 0 6 120 186,False,False,1,
722,02/08/2025 23:14:00,02/03/2025 00:00:00,,02/03/2025 00:00:00,,0.00,0.00,0.00,610004,0 0 0 0 0 6 151 253,False,False,1,
723,02/07/2025 22:46:00,02/05/2025 00:00:00,,02/05/2025 00:00:00,,0.00,0.00,0.00,610018,0 0 0 0 0 6 120 191,False,False,1,
724,02/07/2025 23:46:00,02/06/2025 00:00:00,,02/06/2025 00:00:00,,0.00,0.00,0.00,610018,0 0 0 0 0 6 120 199,False,False,1,
725,02/07/2025 22:48:00,02/06/2025 00:00:00,,02/06/2025 00:00:00,,0.00,0.00,0.00,610016,0 0 0 0 0 6 120 195,False,False,1,
726,02/07/2025 23:49:00,02/06/2025 00:00:00,,02/06/2025 00:00:00,,0.00,0.00,0.00,610006,0 0 0 0 0 6 120 201,False,False,1,
727,02/08/2025 22:47:00,02/08/2025 00:00:00,,02/08/2025 00:00:00,,0.00,0.00,0.00,610016,0 0 0 0 0 6 151 241,False,False,1,
728,02/08/2025 22:48:00,02/08/2025 00:00:00,,02/08/2025 00:00:00,,0.00,0.00,0.00,610004,0 0 0 0 0 6 151 243,False,False,1,
729,02/08/2025 23:04:00,02/09/2025 00:00:00,,02/09/2025 00:00:00,,0.00,0.00,0.00,610018,0 0 0 0 0 6 151 247,False,False,1,
730,02/09/2025 00:14:00,02/09/2025 00:00:00,,02/09/2025 00:00:00,,0.00,0.00,0.00,610004,0 0 0 0 0 6 152 13,False,False,1,
731,02/09/2025 00:01:00,02/04/2025 00:00:00,,02/04/2025 00:00:00,,0.00,0.00,0.00,610019,0 0 0 0 0 6 152 11,False,False,1,
732,02/09/2025 04:14:00,02/09/2025 00:00:00,,02/09/2025 00:00:00,,0.00,0.00,0.00,610004,0 0 0 0 0 6 152 19,False,False,1,
733,02/10/2025 22:55:00,02/10/2025 00:00:00,,02/10/2025 00:00:00,,0.00,0.00,0.00,610004,0 0 0 0 0 6 152 31,False,False,1,
734,02/10/2025 22:57:00,02/11/2025 00:00:00,,02/11/2025 00:00:00,,0.00,0.00,0.00,610018,0 0 0 0 0 6 152 33,False,False,1,
735,04/29/2025 00:46:00,02/11/2025 00:00:00,,02/11/2025 00:00:00,,0.00,0.00,0.00,610014,0 0 0 0 0 7 5 124,False,False,1,
736,02/11/2025 00:27:00,02/11/2025 00:00:00,,02/11/2025 00:00:00,,0.00,0.00,0.00,610006,0 0 0 0 0 6 152 37,False,False,1,
737,02/11/2025 03:21:00,02/10/2025 00:00:00,,02/10/2025 00:00:00,,0.00,0.00,0.00,610004,0 0 0 0 0 6 152 39,False,False,1,
738,02/16/2025 00:07:00,02/13/2025 00:00:00,,02/13/2025 00:00:00,,0.00,0.00,0.00,610018,0 0 0 0 0 6 167 139,False,False,1,
739,02/16/2025 00:08:00,02/13/2025 00:00:00,,02/13/2025 00:00:00,,0.00,0.00,0.00,610005,0 0 0 0 0 6 167 141,False,False,1,
740,02/16/2025 00:09:00,02/13/2025 00:00:00,,02/13/2025 00:00:00,,0.00,0.00,0.00,610006,0 0 0 0 0 6 167 143,False,False,1,
741,02/16/2025 00:10:00,02/15/2025 00:00:00,,02/15/2025 00:00:00,,0.00,0.00,0.00,610014,0 0 0 0 0 6 167 145,False,False,1,
742,02/16/2025 00:11:00,02/15/2025 00:00:00,,02/15/2025 00:00:00,,0.00,0.00,0.00,610019,0 0 0 0 0 6 167 147,False,False,1,
743,02/16/2025 00:14:00,02/15/2025 00:00:00,,02/15/2025 00:00:00,,0.00,0.00,0.00,610004,0 0 0 0 0 6 167 149,False,False,1,
744,02/16/2025 00:15:00,02/16/2025 00:00:00,,02/16/2025 00:00:00,,0.00,0.00,0.00,610018,0 0 0 0 0 6 167 151,False,False,1,
745,02/16/2025 00:16:00,02/16/2025 00:00:00,,02/16/2025 00:00:00,,0.00,0.00,0.00,610012,0 0 0 0 0 6 167 153,False,False,1,
746,02/16/2025 00:57:00,02/13/2025 00:00:00,,02/13/2025 00:00:00,,0.00,0.00,0.00,610004,0 0 0 0 0 6 167 155,False,False,1,
747,02/16/2025 01:01:00,02/16/2025 00:00:00,,02/16/2025 00:00:00,,0.00,0.00,0.00,610016,0 0 0 0 0 6 167 161,False,False,1,
748,02/16/2025 01:00:00,02/16/2025 00:00:00,,02/16/2025 00:00:00,,0.00,0.00,0.00,610006,0 0 0 0 0 6 167 159,False,False,1,
749,02/16/2025 05:34:00,02/16/2025 00:00:00,,02/16/2025 00:00:00,,0.00,0.00,0.00,610005,0 0 0 0 0 6 167 172,False,False,1,
750,02/16/2025 05:34:00,02/16/2025 00:00:00,,02/16/2025 00:00:00,,0.00,0.00,0.00,610005,0 0 0 0 0 6 167 174,False,False,1,
751,02/16/2025 05:36:00,02/16/2025 00:00:00,,02/16/2025 00:00:00,,0.00,0.00,0.00,610004,0 0 0 0 0 6 167 176,False,False,1,
752,02/23/2025 02:42:00,02/17/2025 00:00:00,,02/17/2025 00:00:00,,0.00,0.00,0.00,610004,0 0 0 0 0 6 198 198,False,False,1,
753,02/23/2025 02:45:00,02/18/2025 00:00:00,,02/18/2025 00:00:00,,0.00,0.00,0.00,610018,0 0 0 0 0 6 198 200,False,False,1,
754,02/23/2025 02:45:00,02/18/2025 00:00:00,,02/18/2025 00:00:00,,0.00,0.00,0.00,610016,0 0 0 0 0 6 198 202,False,False,1,
755,02/23/2025 02:56:00,02/17/2025 00:00:00,,02/17/2025 00:00:00,,0.00,0.00,0.00,610018,0 0 0 0 0 6 198 204,False,False,1,
756,02/23/2025 02:57:00,02/19/2025 00:00:00,,02/19/2025 00:00:00,,0.00,0.00,0.00,610018,0 0 0 0 0 6 198 206,False,False,1,
757,02/23/2025 02:59:00,02/22/2025 00:00:00,,02/22/2025 00:00:00,,0.00,0.00,0.00,610019,0 0 0 0 0 6 198 208,False,False,1,
758,02/23/2025 03:00:00,02/22/2025 00:00:00,,02/22/2025 00:00:00,,0.00,0.00,0.00,610006,0 0 0 0 0 6 198 210,False,False,1,
759,04/29/2025 00:50:00,02/23/2025 00:00:00,,02/23/2025 00:00:00,,0.00,0.00,0.00,610014,0 0 0 0 0 7 5 126,False,False,1,
760,02/23/2025 03:03:00,02/23/2025 00:00:00,,02/23/2025 00:00:00,,0.00,0.00,0.00,610018,0 0 0 0 0 6 198 214,False,False,1,
761,02/23/2025 03:03:00,02/23/2025 00:00:00,,02/23/2025 00:00:00,,0.00,0.00,0.00,610019,0 0 0 0 0 6 198 216,False,False,1,
762,02/23/2025 03:04:00,02/23/2025 00:00:00,,02/23/2025 00:00:00,,0.00,0.00,0.00,610012,0 0 0 0 0 6 198 218,False,False,1,
763,06/28/2025 22:09:00,02/23/2025 00:00:00,,02/23/2025 00:00:00,,0.00,0.00,0.00,610004,0 0 0 0 0 7 208 126,False,False,1,
764,02/23/2025 04:41:00,02/23/2025 00:00:00,,02/23/2025 00:00:00,,0.00,0.00,0.00,610005,0 0 0 0 0 6 198 222,False,False,1,
765,04/29/2025 00:51:00,02/24/2025 00:00:00,,02/24/2025 00:00:00,,0.00,0.00,0.00,610014,0 0 0 0 0 7 5 128,False,False,1,
766,03/04/2025 20:43:00,02/24/2025 00:00:00,,02/24/2025 00:00:00,,0.00,0.00,0.00,610004,0 0 0 0 0 6 199 17,False,False,1,
767,03/04/2025 23:59:00,02/24/2025 00:00:00,,02/24/2025 00:00:00,,0.00,0.00,0.00,610018,0 0 0 0 0 6 199 27,False,False,1,
768,03/04/2025 20:23:00,02/26/2025 00:00:00,,02/26/2025 00:00:00,,0.00,0.00,0.00,610004,0 0 0 0 0 6 198 250,False,False,1,
769,03/04/2025 20:23:00,02/26/2025 00:00:00,,02/26/2025 00:00:00,,0.00,0.00,0.00,610006,0 0 0 0 0 6 198 252,False,False,1,
770,03/04/2025 20:24:00,02/26/2025 00:00:00,,02/26/2025 00:00:00,,0.00,0.00,0.00,610016,0 0 0 0 0 6 198 254,False,False,1,
771,03/04/2025 20:26:00,02/27/2025 00:00:00,,02/27/2025 00:00:00,,0.00,0.00,0.00,610004,0 0 0 0 0 6 199 1,False,False,1,
772,03/04/2025 20:27:00,03/01/2025 00:00:00,,03/01/2025 00:00:00,,0.00,0.00,0.00,610004,0 0 0 0 0 6 199 3,False,False,1,
773,03/04/2025 20:28:00,03/01/2025 00:00:00,,03/01/2025 00:00:00,,0.00,0.00,0.00,610006,0 0 0 0 0 6 199 5,False,False,1,
774,03/04/2025 20:29:00,03/02/2025 00:00:00,,03/02/2025 00:00:00,,0.00,0.00,0.00,610004,0 0 0 0 0 6 199 7,False,False,1,
775,03/04/2025 20:33:00,03/03/2025 00:00:00,,03/03/2025 00:00:00,,0.00,0.00,0.00,610004,0 0 0 0 0 6 199 9,False,False,1,
776,03/04/2025 23:35:00,03/03/2025 00:00:00,,03/03/2025 00:00:00,,0.00,0.00,0.00,610016,0 0 0 0 0 6 199 19,False,False,1,
777,03/04/2025 20:37:00,02/24/2025 00:00:00,,02/24/2025 00:00:00,,0.00,0.00,0.00,610012,0 0 0 0 0 6 199 13,False,False,1,
778,03/05/2025 00:00:00,02/24/2025 00:00:00,,02/24/2025 00:00:00,,0.00,0.00,0.00,610019,0 0 0 0 0 6 199 29,False,False,1,
779,03/09/2025 00:16:00,03/05/2025 00:00:00,,03/05/2025 00:00:00,,0.00,0.00,0.00,610018,0 0 0 0 0 6 214 102,False,False,1,
780,03/09/2025 00:17:00,03/05/2025 00:00:00,,03/05/2025 00:00:00,,0.00,0.00,0.00,610016,0 0 0 0 0 6 214 104,False,False,1,
781,03/09/2025 00:19:00,03/06/2025 00:00:00,,03/06/2025 00:00:00,,0.00,0.00,0.00,610018,0 0 0 0 0 6 214 106,False,False,1,
782,03/09/2025 00:42:00,03/06/2025 00:00:00,,03/06/2025 00:00:00,,0.00,0.00,0.00,610004,0 0 0 0 0 6 214 110,False,False,1,
783,03/09/2025 00:43:00,03/06/2025 00:00:00,,03/06/2025 00:00:00,,0.00,0.00,0.00,610014,0 0 0 0 0 6 214 112,False,False,1,
784,03/09/2025 00:44:00,03/06/2025 00:00:00,,03/06/2025 00:00:00,,0.00,0.00,0.00,610012,0 0 0 0 0 6 214 114,False,False,1,
785,04/07/2025 04:19:00,03/08/2025 00:00:00,,03/08/2025 00:00:00,,0.00,0.00,0.00,610019,0 0 0 0 0 6 246 69,False,False,1,
786,03/10/2025 03:13:00,03/08/2025 00:00:00,,03/08/2025 00:00:00,,0.00,0.00,0.00,610018,0 0 0 0 0 6 214 142,False,False,1,
787,04/29/2025 01:47:00,03/08/2025 00:00:00,,03/08/2025 00:00:00,,0.00,0.00,0.00,610014,0 0 0 0 0 7 5 132,False,False,1,
788,03/09/2025 22:18:00,03/09/2025 00:00:00,,03/09/2025 00:00:00,,0.00,0.00,0.00,610018,0 0 0 0 0 6 214 124,False,False,1,
789,03/09/2025 22:18:00,03/09/2025 00:00:00,,03/09/2025 00:00:00,,0.00,0.00,0.00,610006,0 0 0 0 0 6 214 126,False,False,1,
790,03/10/2025 04:07:00,03/06/2025 00:00:00,,03/03/2025 00:00:00,,0.00,0.00,0.00,610005,0 0 0 0 0 6 214 160,False,False,1,
791,03/14/2025 22:18:00,03/10/2025 00:00:00,,03/10/2025 00:00:00,,0.00,0.00,0.00,610018,0 0 0 0 0 6 230 6,False,False,1,
792,03/14/2025 22:26:00,03/10/2025 00:00:00,,03/10/2025 00:00:00,,0.00,0.00,0.00,610004,0 0 0 0 0 6 230 10,False,False,1,
793,03/14/2025 22:30:00,03/11/2025 00:00:00,,03/11/2025 00:00:00,,0.00,0.00,0.00,610006,0 0 0 0 0 6 230 12,False,False,1,
794,03/14/2025 22:31:00,03/11/2025 00:00:00,,03/11/2025 00:00:00,,0.00,0.00,0.00,610004,0 0 0 0 0 6 230 14,False,False,1,
795,03/14/2025 23:48:00,03/13/2025 00:00:00,,03/13/2025 00:00:00,,0.00,0.00,0.00,610006,0 0 0 0 0 6 230 16,False,False,1,
796,03/14/2025 23:49:00,03/13/2025 00:00:00,,03/13/2025 00:00:00,,0.00,0.00,0.00,610018,0 0 0 0 0 6 230 18,False,False,1,
797,03/15/2025 21:46:00,03/15/2025 00:00:00,,03/15/2025 00:00:00,,0.00,0.00,0.00,610016,0 0 0 0 0 6 245 166,False,False,1,
798,03/18/2025 23:36:00,03/15/2025 00:00:00,,03/15/2025 00:00:00,,0.00,0.00,0.00,610018,0 0 0 0 0 6 245 177,False,False,1,
799,03/18/2025 23:37:00,03/16/2025 00:00:00,,03/16/2025 00:00:00,,0.00,0.00,0.00,610006,0 0 0 0 0 6 245 179,False,False,1,
800,03/18/2025 23:37:00,03/16/2025 00:00:00,,03/16/2025 00:00:00,,0.00,0.00,0.00,610018,0 0 0 0 0 6 245 181,False,False,1,
801,03/22/2025 23:01:00,03/17/2025 00:00:00,,03/17/2025 00:00:00,,0.00,0.00,0.00,610004,0 0 0 0 0 6 245 194,False,False,1,
802,04/29/2025 02:24:00,03/17/2025 00:00:00,,03/17/2025 00:00:00,,0.00,0.00,0.00,610014,0 0 0 0 0 7 5 134,False,False,1,
803,03/24/2025 23:00:00,03/17/2025 00:00:00,,03/17/2025 00:00:00,,0.00,0.00,0.00,610018,0 0 0 0 0 6 245 198,False,False,1,
804,03/24/2025 23:02:00,03/16/2025 00:00:00,,03/16/2025 00:00:00,,0.00,0.00,0.00,610005,0 0 0 0 0 6 245 200,False,False,1,
805,03/24/2025 23:15:00,03/18/2025 00:00:00,,03/18/2025 00:00:00,,0.00,0.00,0.00,610004,0 0 0 0 0 6 245 204,False,False,1,
806,03/25/2025 00:59:00,03/18/2025 00:00:00,,03/18/2025 00:00:00,,0.00,0.00,0.00,610019,0 0 0 0 0 6 245 252,False,False,1,
807,03/24/2025 23:22:00,03/18/2025 00:00:00,,03/18/2025 00:00:00,,0.00,0.00,0.00,610018,0 0 0 0 0 6 245 208,False,False,1,
808,03/24/2025 23:23:00,03/19/2025 00:00:00,,03/19/2025 00:00:00,,0.00,0.00,0.00,610005,0 0 0 0 0 6 245 210,False,False,1,
809,03/24/2025 23:24:00,03/20/2025 00:00:00,,03/20/2025 00:00:00,,0.00,0.00,0.00,610012,0 0 0 0 0 6 245 212,False,False,1,
810,03/24/2025 23:25:00,03/20/2025 00:00:00,,03/20/2025 00:00:00,,0.00,0.00,0.00,610005,0 0 0 0 0 6 245 214,False,False,1,
811,03/24/2025 23:28:00,03/20/2025 00:00:00,,03/20/2025 00:00:00,,0.00,0.00,0.00,610004,0 0 0 0 0 6 245 216,False,False,1,
812,03/24/2025 23:30:00,03/20/2025 00:00:00,,03/20/2025 00:00:00,,0.00,0.00,0.00,610006,0 0 0 0 0 6 245 218,False,False,1,
813,03/24/2025 23:31:00,03/20/2025 00:00:00,,03/20/2025 00:00:00,,0.00,0.00,0.00,610018,0 0 0 0 0 6 245 220,False,False,1,
814,03/24/2025 23:34:00,03/20/2025 00:00:00,,03/20/2025 00:00:00,,0.00,0.00,0.00,610016,0 0 0 0 0 6 245 224,False,False,1,
815,04/07/2025 04:20:00,03/21/2025 00:00:00,,03/21/2025 00:00:00,,0.00,0.00,0.00,610019,0 0 0 0 0 6 246 71,False,False,1,
816,03/24/2025 23:42:00,03/21/2025 00:00:00,,03/21/2025 00:00:00,,0.00,0.00,0.00,610016,0 0 0 0 0 6 245 232,False,False,1,
817,03/24/2025 23:42:00,03/21/2025 00:00:00,,03/21/2025 00:00:00,,0.00,0.00,0.00,610012,0 0 0 0 0 6 245 234,False,False,1,
818,04/29/2025 02:27:00,03/21/2025 00:00:00,,03/21/2025 00:00:00,,0.00,0.00,0.00,610014,0 0 0 0 0 7 5 136,False,False,1,
819,04/29/2025 02:29:00,03/22/2025 00:00:00,,03/22/2025 00:00:00,,0.00,0.00,0.00,610014,0 0 0 0 0 7 5 138,False,False,1,
820,03/24/2025 23:50:00,03/23/2025 00:00:00,,03/23/2025 00:00:00,,0.00,0.00,0.00,610016,0 0 0 0 0 6 245 240,False,False,1,
821,03/25/2025 01:00:00,03/23/2025 00:00:00,,03/23/2025 00:00:00,,0.00,0.00,0.00,610019,0 0 0 0 0 6 245 254,False,False,1,
822,03/25/2025 03:42:00,03/23/2025 00:00:00,,03/23/2025 00:00:00,,0.00,0.00,0.00,610004,0 0 0 0 0 6 246 4,False,False,1,
823,04/29/2025 02:29:00,03/23/2025 00:00:00,,03/23/2025 00:00:00,,0.00,0.00,0.00,610014,0 0 0 0 0 7 5 140,False,False,1,
824,03/25/2025 00:02:00,03/25/2025 00:00:00,,03/25/2025 00:00:00,,0.00,0.00,0.00,610018,0 0 0 0 0 6 245 250,False,False,1,
825,03/25/2025 01:42:00,03/15/2025 00:00:00,,03/15/2025 00:00:00,,0.00,0.00,0.00,610004,0 0 0 0 0 6 246 1,False,False,1,
826,03/25/2025 03:43:00,03/25/2025 00:00:00,,03/25/2025 00:00:00,,0.00,0.00,0.00,610018,0 0 0 0 0 6 246 6,False,False,1,
827,03/25/2025 03:56:00,03/24/2025 00:00:00,,03/24/2025 00:00:00,,0.00,0.00,0.00,610012,0 0 0 0 0 6 246 8,False,False,1,
828,03/29/2025 00:31:00,03/22/2025 00:00:00,,03/22/2025 00:00:00,,0.00,0.00,0.00,610005,0 0 0 0 0 6 246 28,False,False,1,
829,03/29/2025 00:32:00,03/26/2025 00:00:00,,03/26/2025 00:00:00,,0.00,0.00,0.00,610006,0 0 0 0 0 6 246 30,False,False,1,
830,03/29/2025 00:33:00,03/26/2025 00:00:00,,03/26/2025 00:00:00,,0.00,0.00,0.00,610019,0 0 0 0 0 6 246 32,False,False,1,
831,03/29/2025 00:34:00,03/26/2025 00:00:00,,03/26/2025 00:00:00,,0.00,0.00,0.00,610004,0 0 0 0 0 6 246 36,False,False,1,
832,03/29/2025 00:42:00,03/27/2025 00:00:00,,03/27/2025 00:00:00,,0.00,0.00,0.00,610018,0 0 0 0 0 6 246 38,False,False,1,
833,04/07/2025 00:07:00,04/06/2025 00:00:00,,04/06/2025 00:00:00,,0.00,0.00,0.00,610018,0 0 0 0 0 6 246 52,False,False,1,
834,04/07/2025 00:12:00,04/06/2025 00:00:00,,04/06/2025 00:00:00,,0.00,0.00,0.00,610012,0 0 0 0 0 6 246 56,False,False,1,
835,04/29/2025 02:30:00,04/06/2025 00:00:00,,04/06/2025 00:00:00,,0.00,0.00,0.00,610014,0 0 0 0 0 7 5 142,False,False,1,
836,04/07/2025 00:15:00,04/07/2025 00:00:00,,04/07/2025 00:00:00,,0.00,0.00,0.00,610018,0 0 0 0 0 6 246 60,False,False,1,
837,04/07/2025 02:33:00,03/06/2025 00:00:00,,03/06/2025 00:00:00,,0.00,0.00,0.00,610004,0 0 0 0 0 6 246 62,False,False,1,
838,04/07/2025 04:22:00,04/07/2025 00:00:00,,04/07/2025 00:00:00,,0.00,0.00,0.00,610016,0 0 0 0 0 6 246 73,False,False,1,
839,04/08/2025 23:27:00,04/07/2025 00:00:00,,04/07/2025 00:00:00,,0.00,0.00,0.00,610019,0 0 0 0 0 6 246 78,False,False,1,
840,04/08/2025 23:29:00,04/07/2025 00:00:00,,04/07/2025 00:00:00,,0.00,0.00,0.00,610018,0 0 0 0 0 6 246 80,False,False,1,
841,04/08/2025 23:41:00,04/07/2025 00:00:00,,04/07/2025 00:00:00,,0.00,0.00,0.00,610004,0 0 0 0 0 6 246 84,False,False,1,
842,04/08/2025 23:43:00,04/08/2025 00:00:00,,04/08/2025 00:00:00,,0.00,0.00,0.00,610019,0 0 0 0 0 6 246 86,False,False,1,
843,04/08/2025 23:47:00,04/08/2025 00:00:00,,04/08/2025 00:00:00,,0.00,0.00,0.00,610018,0 0 0 0 0 6 246 90,False,False,1,
844,04/29/2025 02:32:00,04/09/2025 00:00:00,,04/09/2025 00:00:00,,0.00,0.00,0.00,610014,0 0 0 0 0 7 5 144,False,False,1,
845,04/09/2025 23:46:00,04/09/2025 00:00:00,,04/09/2025 00:00:00,,0.00,0.00,0.00,610016,0 0 0 0 0 6 246 94,False,False,1,
846,04/09/2025 23:49:00,04/09/2025 00:00:00,,04/09/2025 00:00:00,,0.00,0.00,0.00,610018,0 0 0 0 0 6 246 96,False,False,1,
847,04/10/2025 01:54:00,04/09/2025 00:00:00,,04/09/2025 00:00:00,,0.00,0.00,0.00,610005,0 0 0 0 0 6 246 104,False,False,1,
848,04/09/2025 23:52:00,04/09/2025 00:00:00,,04/09/2025 00:00:00,,0.00,0.00,0.00,610012,0 0 0 0 0 6 246 100,False,False,1,
849,04/09/2025 23:53:00,04/09/2025 00:00:00,,04/09/2025 00:00:00,,0.00,0.00,0.00,610004,0 0 0 0 0 6 246 102,False,False,1,
850,04/15/2025 01:06:00,04/10/2025 00:00:00,,04/10/2025 00:00:00,,0.00,0.00,0.00,610014,0 0 0 0 0 6 246 164,False,False,1,
851,04/12/2025 01:08:00,04/10/2025 00:00:00,,04/10/2025 00:00:00,,0.00,0.00,0.00,610012,0 0 0 0 0 6 246 118,False,False,1,
852,04/12/2025 01:09:00,04/10/2025 00:00:00,,04/10/2025 00:00:00,,0.00,0.00,0.00,610019,0 0 0 0 0 6 246 120,False,False,1,
853,04/12/2025 01:09:00,04/11/2025 00:00:00,,04/11/2025 00:00:00,,0.00,0.00,0.00,610006,0 0 0 0 0 6 246 122,False,False,1,
854,04/12/2025 01:10:00,04/11/2025 00:00:00,,04/11/2025 00:00:00,,0.00,0.00,0.00,610018,0 0 0 0 0 6 246 124,False,False,1,
855,04/21/2025 23:26:00,04/12/2025 00:00:00,,04/12/2025 00:00:00,,0.00,0.00,0.00,610016,0 0 0 0 0 6 246 186,False,False,1,
856,04/13/2025 23:49:00,04/12/2025 00:00:00,,04/12/2025 00:00:00,,0.00,0.00,0.00,610019,0 0 0 0 0 6 246 130,False,False,1,
857,04/15/2025 03:14:00,04/14/2025 00:00:00,,04/14/2025 00:00:00,,0.00,0.00,0.00,610012,0 0 0 0 0 6 246 168,False,False,1,
858,04/15/2025 00:54:00,04/14/2025 00:00:00,,04/14/2025 00:00:00,,0.00,0.00,0.00,610004,0 0 0 0 0 6 246 158,False,False,1,
859,04/29/2025 02:36:00,04/14/2025 00:00:00,,04/14/2025 00:00:00,,0.00,0.00,0.00,610014,0 0 0 0 0 7 5 146,False,False,1,
860,04/15/2025 22:58:00,04/15/2025 00:00:00,,04/15/2025 00:00:00,,0.00,0.00,0.00,610012,0 0 0 0 0 6 246 173,False,False,1,
861,04/15/2025 22:58:00,04/15/2025 00:00:00,,04/15/2025 00:00:00,,0.00,0.00,0.00,610005,0 0 0 0 0 6 246 175,False,False,1,
862,04/21/2025 22:43:00,04/16/2025 00:00:00,,04/16/2025 00:00:00,,0.00,0.00,0.00,610018,0 0 0 0 0 6 246 180,False,False,1,
863,04/21/2025 22:49:00,04/19/2025 00:00:00,,04/19/2025 00:00:00,,0.00,0.00,0.00,610004,0 0 0 0 0 6 246 182,False,False,1,
864,07/14/2025 00:55:00,04/19/2025 00:00:00,,04/19/2025 00:00:00,,0.00,0.00,0.00,610014,0 0 0 0 0 7 255 70,False,False,1,
865,04/21/2025 23:42:00,04/18/2025 00:00:00,,04/18/2025 00:00:00,,0.00,0.00,0.00,610018,0 0 0 0 0 6 246 188,False,False,1,
866,04/22/2025 01:41:00,04/20/2025 00:00:00,,04/20/2025 00:00:00,,0.00,0.00,0.00,610019,0 0 0 0 0 6 246 190,False,False,1,
867,04/22/2025 01:41:00,04/20/2025 00:00:00,,04/20/2025 00:00:00,,0.00,0.00,0.00,610016,0 0 0 0 0 6 246 192,False,False,1,
868,04/22/2025 01:44:00,04/20/2025 00:00:00,,04/20/2025 00:00:00,,0.00,0.00,0.00,610004,0 0 0 0 0 6 246 196,False,False,1,
869,04/22/2025 01:45:00,04/21/2025 00:00:00,,04/21/2025 00:00:00,,0.00,0.00,0.00,610006,0 0 0 0 0 6 246 198,False,False,1,
870,04/22/2025 01:46:00,04/21/2025 00:00:00,,04/21/2025 00:00:00,,0.00,0.00,0.00,610018,0 0 0 0 0 6 246 200,False,False,1,
871,04/23/2025 02:40:00,03/27/2025 00:00:00,,03/27/2025 00:00:00,,0.00,0.00,0.00,610019,0 0 0 0 0 7 5 72,False,False,1,
872,04/23/2025 04:06:00,04/22/2025 00:00:00,,04/22/2025 00:00:00,,0.00,0.00,0.00,610004,0 0 0 0 0 7 5 75,False,False,1,
873,04/23/2025 04:09:00,04/23/2025 00:00:00,,04/23/2025 00:00:00,,0.00,0.00,0.00,610018,0 0 0 0 0 7 5 77,False,False,1,
874,04/23/2025 04:10:00,04/23/2025 00:00:00,,04/23/2025 00:00:00,,0.00,0.00,0.00,610019,0 0 0 0 0 7 5 79,False,False,1,
875,04/28/2025 00:54:00,04/24/2025 00:00:00,,04/24/2025 00:00:00,,0.00,0.00,0.00,610005,0 0 0 0 0 7 5 87,False,False,1,
876,07/14/2025 00:56:00,04/24/2025 00:00:00,,04/24/2025 00:00:00,,0.00,0.00,0.00,610014,0 0 0 0 0 7 255 72,False,False,1,
877,05/04/2025 00:02:00,04/24/2025 00:00:00,,04/24/2025 00:00:00,,0.00,0.00,0.00,610019,0 0 0 0 0 7 20 250,False,False,1,
878,04/28/2025 01:09:00,04/26/2025 00:00:00,,04/26/2025 00:00:00,,0.00,0.00,0.00,610005,0 0 0 0 0 7 5 93,False,False,1,
879,04/28/2025 02:27:00,04/26/2025 00:00:00,,04/26/2025 00:00:00,,0.00,0.00,0.00,610006,0 0 0 0 0 7 5 97,False,False,1,
880,04/28/2025 02:28:00,04/26/2025 00:00:00,,04/26/2025 00:00:00,,0.00,0.00,0.00,610014,0 0 0 0 0 7 5 99,False,False,1,
881,04/28/2025 02:33:00,04/26/2025 00:00:00,,04/26/2025 00:00:00,,0.00,0.00,0.00,610018,0 0 0 0 0 7 5 101,False,False,1,
882,04/28/2025 02:34:00,04/26/2025 00:00:00,,04/26/2025 00:00:00,,0.00,0.00,0.00,610005,0 0 0 0 0 7 5 103,False,False,1,
883,04/28/2025 04:58:00,04/26/2025 00:00:00,,04/26/2025 00:00:00,,0.00,0.00,0.00,610004,0 0 0 0 0 7 5 118,False,False,1,
884,07/14/2025 00:57:00,04/27/2025 00:00:00,,04/27/2025 00:00:00,,0.00,0.00,0.00,610014,0 0 0 0 0 7 255 74,False,False,1,
885,04/28/2025 03:08:00,04/27/2025 00:00:00,,04/27/2025 00:00:00,,0.00,0.00,0.00,610005,0 0 0 0 0 7 5 109,False,False,1,
886,04/28/2025 03:09:00,04/27/2025 00:00:00,,04/27/2025 00:00:00,,0.00,0.00,0.00,610012,0 0 0 0 0 7 5 111,False,False,1,
887,04/28/2025 03:12:00,04/27/2025 00:00:00,,04/27/2025 00:00:00,,0.00,0.00,0.00,610004,0 0 0 0 0 7 5 113,False,False,1,
888,04/28/2025 03:14:00,04/28/2025 00:00:00,,04/28/2025 00:00:00,,0.00,0.00,0.00,610012,0 0 0 0 0 7 5 115,False,False,1,
889,04/29/2025 01:08:00,03/05/2025 00:00:00,,03/05/2025 00:00:00,,0.00,0.00,0.00,610014,0 0 0 0 0 7 5 130,False,False,1,
890,04/29/2025 03:12:00,04/28/2025 00:00:00,,04/28/2025 00:00:00,,0.00,0.00,0.00,610018,0 0 0 0 0 7 5 148,False,False,1,
891,05/03/2025 22:09:00,04/29/2025 00:00:00,,04/29/2025 00:00:00,,0.00,0.00,0.00,610004,0 0 0 0 0 7 20 234,False,False,1,
892,05/06/2025 21:43:00,04/29/2025 00:00:00,,04/29/2025 00:00:00,,0.00,0.00,0.00,610018,0 0 0 0 0 7 21 8,False,False,1,
893,05/03/2025 23:01:00,04/30/2025 00:00:00,,04/30/2025 00:00:00,,0.00,0.00,0.00,610004,0 0 0 0 0 7 20 240,False,False,1,
894,05/03/2025 23:02:00,05/03/2025 00:00:00,,05/03/2025 00:00:00,,0.00,0.00,0.00,610006,0 0 0 0 0 7 20 242,False,False,1,
895,05/03/2025 23:03:00,05/03/2025 00:00:00,,05/03/2025 00:00:00,,0.00,0.00,0.00,610018,0 0 0 0 0 7 20 244,False,False,1,
896,05/03/2025 23:05:00,05/03/2025 00:00:00,,05/03/2025 00:00:00,,0.00,0.00,0.00,610004,0 0 0 0 0 7 20 246,False,False,1,
897,05/10/2025 01:19:00,05/06/2025 00:00:00,,05/06/2025 00:00:00,,0.00,0.00,0.00,610018,0 0 0 0 0 7 21 10,False,False,1,
898,05/10/2025 01:20:00,05/06/2025 00:00:00,,05/06/2025 00:00:00,,0.00,0.00,0.00,610012,0 0 0 0 0 7 21 12,False,False,1,
899,05/18/2025 01:54:00,05/06/2025 00:00:00,,05/06/2025 00:00:00,,0.00,0.00,0.00,610004,0 0 0 0 0 7 36 148,False,False,1,
900,05/10/2025 02:37:00,05/07/2025 00:00:00,,05/07/2025 00:00:00,,0.00,0.00,0.00,610018,0 0 0 0 0 7 21 40,False,False,1,
901,05/10/2025 01:29:00,05/07/2025 00:00:00,,05/07/2025 00:00:00,,0.00,0.00,0.00,610016,0 0 0 0 0 7 21 18,False,False,1,
902,05/10/2025 01:36:00,05/07/2025 00:00:00,,05/07/2025 00:00:00,,0.00,0.00,0.00,610019,0 0 0 0 0 7 21 20,False,False,1,
903,05/10/2025 01:37:00,05/07/2025 00:00:00,,05/07/2025 00:00:00,,0.00,0.00,0.00,610001,0 0 0 0 0 7 21 22,False,False,1,
904,05/10/2025 02:28:00,05/08/2025 00:00:00,,05/08/2025 00:00:00,,0.00,0.00,0.00,610018,0 0 0 0 0 7 21 32,False,False,1,
905,05/10/2025 02:20:00,05/08/2025 00:00:00,,05/08/2025 00:00:00,,0.00,0.00,0.00,610004,0 0 0 0 0 7 21 30,False,False,1,
906,05/10/2025 02:32:00,05/08/2025 00:00:00,,05/08/2025 00:00:00,,0.00,0.00,0.00,610019,0 0 0 0 0 7 21 34,False,False,1,
907,05/10/2025 02:33:00,05/10/2025 00:00:00,,05/10/2025 00:00:00,,0.00,0.00,0.00,610004,0 0 0 0 0 7 21 36,False,False,1,
908,05/10/2025 02:35:00,05/10/2025 00:00:00,,05/10/2025 00:00:00,,0.00,0.00,0.00,610016,0 0 0 0 0 7 21 38,False,False,1,
909,05/12/2025 01:01:00,05/06/2025 00:00:00,,05/06/2025 00:00:00,,0.00,0.00,0.00,610005,0 0 0 0 0 7 21 55,False,False,1,
910,07/14/2025 01:07:00,05/10/2025 00:00:00,,05/10/2025 00:00:00,,0.00,0.00,0.00,610014,0 0 0 0 0 7 255 76,False,False,1,
911,05/13/2025 00:56:00,05/11/2025 00:00:00,,05/11/2025 00:00:00,,0.00,0.00,0.00,610012,0 0 0 0 0 7 21 69,False,False,1,
912,05/13/2025 00:57:00,05/11/2025 00:00:00,,05/11/2025 00:00:00,,0.00,0.00,0.00,610005,0 0 0 0 0 7 21 71,False,False,1,
913,05/13/2025 00:59:00,05/11/2025 00:00:00,,05/11/2025 00:00:00,,0.00,0.00,0.00,610004,0 0 0 0 0 7 21 73,False,False,1,
914,05/13/2025 01:00:00,05/12/2025 00:00:00,,05/12/2025 00:00:00,,0.00,0.00,0.00,610004,0 0 0 0 0 7 21 75,False,False,1,
915,05/13/2025 01:10:00,05/12/2025 00:00:00,,05/12/2025 00:00:00,,0.00,0.00,0.00,610018,0 0 0 0 0 7 21 77,False,False,1,
916,05/13/2025 01:31:00,05/12/2025 00:00:00,,05/12/2025 00:00:00,,0.00,0.00,0.00,610019,0 0 0 0 0 7 21 79,False,False,1,
917,05/13/2025 01:39:00,05/12/2025 00:00:00,,05/12/2025 00:00:00,,0.00,0.00,0.00,610016,0 0 0 0 0 7 21 81,False,False,1,
918,05/18/2025 01:18:00,05/13/2025 00:00:00,,05/13/2025 00:00:00,,0.00,0.00,0.00,610018,0 0 0 0 0 7 36 136,False,False,1,
919,05/18/2025 01:19:00,05/13/2025 00:00:00,,05/13/2025 00:00:00,,0.00,0.00,0.00,610016,0 0 0 0 0 7 36 138,False,False,1,
920,05/18/2025 01:26:00,05/13/2025 00:00:00,,05/13/2025 00:00:00,,0.00,0.00,0.00,610005,0 0 0 0 0 7 36 140,False,False,1,
921,05/18/2025 01:33:00,05/13/2025 00:00:00,,05/13/2025 00:00:00,,0.00,0.00,0.00,610004,0 0 0 0 0 7 36 144,False,False,1,
922,05/18/2025 01:36:00,05/14/2025 00:00:00,,05/14/2025 00:00:00,,0.00,0.00,0.00,610012,0 0 0 0 0 7 36 146,False,False,1,
923,05/19/2025 04:50:00,05/14/2025 00:00:00,,05/14/2025 00:00:00,,0.00,0.00,0.00,610019,0 0 0 0 0 7 36 187,False,False,1,
924,05/19/2025 04:14:00,05/14/2025 00:00:00,,05/14/2025 00:00:00,,0.00,0.00,0.00,610004,0 0 0 0 0 7 36 175,False,False,1,
925,05/19/2025 04:35:00,05/15/2025 00:00:00,,05/15/2025 00:00:00,,0.00,0.00,0.00,610012,0 0 0 0 0 7 36 177,False,False,1,
926,05/19/2025 04:36:00,05/15/2025 00:00:00,,05/15/2025 00:00:00,,0.00,0.00,0.00,610018,0 0 0 0 0 7 36 179,False,False,1,
927,05/19/2025 04:41:00,05/16/2025 00:00:00,,05/16/2025 00:00:00,,0.00,0.00,0.00,610004,0 0 0 0 0 7 36 183,False,False,1,
928,07/15/2025 22:43:00,05/17/2025 00:00:00,,05/17/2025 00:00:00,,0.00,0.00,0.00,610014,0 0 0 0 0 8 30 134,False,False,1,
929,05/20/2025 22:07:00,05/18/2025 00:00:00,,05/18/2025 00:00:00,,0.00,0.00,0.00,610004,0 0 0 0 0 7 36 191,False,False,1,
930,05/21/2025 05:34:00,05/18/2025 00:00:00,,05/18/2025 00:00:00,,0.00,0.00,0.00,610019,0 0 0 0 0 7 36 221,False,False,1,
931,05/20/2025 22:09:00,05/18/2025 00:00:00,,05/18/2025 00:00:00,,0.00,0.00,0.00,610006,0 0 0 0 0 7 36 195,False,False,1,
932,07/14/2025 01:27:00,05/19/2025 00:00:00,,05/19/2025 00:00:00,,0.00,0.00,0.00,610014,0 0 0 0 0 7 255 80,False,False,1,
933,05/20/2025 22:12:00,05/19/2025 00:00:00,,05/19/2025 00:00:00,,0.00,0.00,0.00,610005,0 0 0 0 0 7 36 199,False,False,1,
934,05/20/2025 22:15:00,05/19/2025 00:00:00,,05/19/2025 00:00:00,,0.00,0.00,0.00,610018,0 0 0 0 0 7 36 201,False,False,1,
935,07/14/2025 01:35:00,05/19/2025 00:00:00,,05/19/2025 00:00:00,,0.00,0.00,0.00,610014,0 0 0 0 0 7 255 84,False,False,1,
936,05/20/2025 22:17:00,05/20/2025 00:00:00,,05/20/2025 00:00:00,,0.00,0.00,0.00,610018,0 0 0 0 0 7 36 205,False,False,1,
937,05/24/2025 21:46:00,05/20/2025 00:00:00,,05/20/2025 00:00:00,,0.00,0.00,0.00,610004,0 0 0 0 0 7 52 38,False,False,1,
938,05/24/2025 21:48:00,05/20/2025 00:00:00,,05/20/2025 00:00:00,,0.00,0.00,0.00,610005,0 0 0 0 0 7 52 40,False,False,1,
939,07/14/2025 01:33:00,05/21/2025 00:00:00,,05/21/2025 00:00:00,,0.00,0.00,0.00,610014,0 0 0 0 0 7 255 82,False,False,1,
940,05/24/2025 21:53:00,05/21/2025 00:00:00,,05/21/2025 00:00:00,,0.00,0.00,0.00,610012,0 0 0 0 0 7 52 44,False,False,1,
941,05/24/2025 21:54:00,05/22/2025 00:00:00,,05/22/2025 00:00:00,,0.00,0.00,0.00,610012,0 0 0 0 0 7 52 46,False,False,1,
942,05/24/2025 21:57:00,05/22/2025 00:00:00,,05/22/2025 00:00:00,,0.00,0.00,0.00,610005,0 0 0 0 0 7 52 48,False,False,1,
943,05/24/2025 22:01:00,05/24/2025 00:00:00,,05/24/2025 00:00:00,,0.00,0.00,0.00,610018,0 0 0 0 0 7 52 50,False,False,1,
944,05/24/2025 22:02:00,05/24/2025 00:00:00,,05/24/2025 00:00:00,,0.00,0.00,0.00,610019,0 0 0 0 0 7 52 52,False,False,1,
945,05/24/2025 22:10:00,05/24/2025 00:00:00,,05/24/2025 00:00:00,,0.00,0.00,0.00,610004,0 0 0 0 0 7 52 54,False,False,1,
946,05/24/2025 22:31:00,05/24/2025 00:00:00,,05/24/2025 00:00:00,,0.00,0.00,0.00,610018,0 0 0 0 0 7 52 56,False,False,1,
947,06/14/2025 02:12:00,05/25/2025 00:00:00,,05/25/2025 00:00:00,,0.00,0.00,0.00,610005,0 0 0 0 0 7 145 236,False,False,1,
948,05/26/2025 22:33:00,05/25/2025 00:00:00,,05/25/2025 00:00:00,,0.00,0.00,0.00,610012,0 0 0 0 0 7 67 200,False,False,1,
949,05/26/2025 22:38:00,05/25/2025 00:00:00,,05/25/2025 00:00:00,,0.00,0.00,0.00,610004,0 0 0 0 0 7 67 202,False,False,1,
950,05/28/2025 21:55:00,05/26/2025 00:00:00,,05/26/2025 00:00:00,,0.00,0.00,0.00,610018,0 0 0 0 0 7 83 104,False,False,1,
951,05/26/2025 22:42:00,05/26/2025 00:00:00,,05/26/2025 00:00:00,,0.00,0.00,0.00,610016,0 0 0 0 0 7 67 206,False,False,1,
952,05/26/2025 22:46:00,05/26/2025 00:00:00,,05/26/2025 00:00:00,,0.00,0.00,0.00,610012,0 0 0 0 0 7 67 208,False,False,1,
953,05/26/2025 22:49:00,05/26/2025 00:00:00,,05/26/2025 00:00:00,,0.00,0.00,0.00,610018,0 0 0 0 0 7 67 210,False,False,1,
954,05/28/2025 02:38:00,05/24/2025 00:00:00,,05/24/2025 00:00:00,,0.00,0.00,0.00,610014,0 0 0 0 0 7 83 102,False,False,1,
955,05/28/2025 21:56:00,05/27/2025 00:00:00,,05/27/2025 00:00:00,,0.00,0.00,0.00,610006,0 0 0 0 0 7 83 106,False,False,1,
956,05/28/2025 21:57:00,05/27/2025 00:00:00,,05/27/2025 00:00:00,,0.00,0.00,0.00,610018,0 0 0 0 0 7 83 108,False,False,1,
957,05/28/2025 22:00:00,05/27/2025 00:00:00,,05/27/2025 00:00:00,,0.00,0.00,0.00,610012,0 0 0 0 0 7 83 110,False,False,1,
958,05/29/2025 00:05:00,05/28/2025 00:00:00,,05/28/2025 00:00:00,,0.00,0.00,0.00,610018,0 0 0 0 0 7 83 124,False,False,1,
959,05/28/2025 22:39:00,05/28/2025 00:00:00,,05/28/2025 00:00:00,,0.00,0.00,0.00,610004,0 0 0 0 0 7 83 118,False,False,1,
960,05/28/2025 23:29:00,05/28/2025 00:00:00,,05/28/2025 00:00:00,,0.00,0.00,0.00,610019,0 0 0 0 0 7 83 120,False,False,1,
961,05/30/2025 23:17:00,05/29/2025 00:00:00,,05/29/2025 00:00:00,,0.00,0.00,0.00,610019,0 0 0 0 0 7 99 8,False,False,1,
962,05/31/2025 21:30:00,05/29/2025 00:00:00,,05/29/2025 00:00:00,,0.00,0.00,0.00,610004,0 0 0 0 0 7 114 166,False,False,1,
963,05/31/2025 23:49:00,05/31/2025 00:00:00,,05/31/2025 00:00:00,,0.00,0.00,0.00,610004,0 0 0 0 0 7 130 70,False,False,1,
964,06/01/2025 03:24:00,05/31/2025 00:00:00,,05/31/2025 00:00:00,,0.00,0.00,0.00,610019,0 0 0 0 0 7 130 74,False,False,1,
965,06/01/2025 22:19:00,05/30/2025 00:00:00,,05/30/2025 00:00:00,,0.00,0.00,0.00,610018,0 0 0 0 0 7 130 76,False,False,1,
966,06/11/2025 23:42:00,06/04/2025 00:00:00,,06/04/2025 00:00:00,,0.00,0.00,0.00,610019,0 0 0 0 0 7 130 89,False,False,1,
967,06/12/2025 00:05:00,06/10/2025 00:00:00,,06/10/2025 00:00:00,,0.00,0.00,0.00,610018,0 0 0 0 0 7 130 93,False,False,1,
968,06/14/2025 00:06:00,06/01/2025 00:00:00,,06/01/2025 00:00:00,,0.00,0.00,0.00,610004,0 0 0 0 0 7 145 230,False,False,1,
969,06/14/2025 00:09:00,06/03/2025 00:00:00,,06/03/2025 00:00:00,,0.00,0.00,0.00,610004,0 0 0 0 0 7 145 232,False,False,1,
970,06/14/2025 00:10:00,06/04/2025 00:00:00,,06/04/2025 00:00:00,,0.00,0.00,0.00,610004,0 0 0 0 0 7 145 234,False,False,1,
971,07/14/2025 01:40:00,06/10/2025 00:00:00,,06/10/2025 00:00:00,,0.00,0.00,0.00,610014,0 0 0 0 0 7 255 86,False,False,1,
972,06/14/2025 02:38:00,06/12/2025 00:00:00,,06/12/2025 00:00:00,,0.00,0.00,0.00,610004,0 0 0 0 0 7 145 240,False,False,1,
973,07/15/2025 22:50:00,06/12/2025 00:00:00,,06/12/2025 00:00:00,,0.00,0.00,0.00,610014,0 0 0 0 0 8 30 136,False,False,1,
974,06/14/2025 02:43:00,06/12/2025 00:00:00,,06/12/2025 00:00:00,,0.00,0.00,0.00,610012,0 0 0 0 0 7 145 244,False,False,1,
975,06/14/2025 02:46:00,06/12/2025 00:00:00,,06/12/2025 00:00:00,,0.00,0.00,0.00,610005,0 0 0 0 0 7 145 246,False,False,1,
976,06/14/2025 02:48:00,06/13/2025 00:00:00,,06/13/2025 00:00:00,,0.00,0.00,0.00,610018,0 0 0 0 0 7 145 248,False,False,1,
977,06/14/2025 23:15:00,06/14/2025 00:00:00,,06/14/2025 00:00:00,,0.00,0.00,0.00,610004,0 0 0 0 0 7 146 3,False,False,1,
978,07/14/2025 01:47:00,06/14/2025 00:00:00,,06/14/2025 00:00:00,,0.00,0.00,0.00,610014,0 0 0 0 0 7 255 88,False,False,1,
979,06/14/2025 23:25:00,06/14/2025 00:00:00,,06/14/2025 00:00:00,,0.00,0.00,0.00,610018,0 0 0 0 0 7 146 7,False,False,1,
980,06/14/2025 23:26:00,06/14/2025 00:00:00,,06/14/2025 00:00:00,,0.00,0.00,0.00,610019,0 0 0 0 0 7 146 9,False,False,1,
981,06/16/2025 22:32:00,06/15/2025 00:00:00,,06/15/2025 00:00:00,,0.00,0.00,0.00,610005,0 0 0 0 0 7 161 144,False,False,1,
982,06/16/2025 22:45:00,06/15/2025 00:00:00,,06/15/2025 00:00:00,,0.00,0.00,0.00,610019,0 0 0 0 0 7 161 148,False,False,1,
983,06/16/2025 22:54:00,06/15/2025 00:00:00,,06/15/2025 00:00:00,,0.00,0.00,0.00,610018,0 0 0 0 0 7 161 150,False,False,1,
984,06/17/2025 00:01:00,06/15/2025 00:00:00,,06/15/2025 00:00:00,,0.00,0.00,0.00,610004,0 0 0 0 0 7 161 152,False,False,1,
985,06/17/2025 00:26:00,06/15/2025 00:00:00,,06/15/2025 00:00:00,,0.00,0.00,0.00,610012,0 0 0 0 0 7 161 154,False,False,1,
986,06/17/2025 04:01:00,06/16/2025 00:00:00,,06/16/2025 00:00:00,,0.00,0.00,0.00,610004,0 0 0 0 0 7 161 156,False,False,1,
987,06/17/2025 04:02:00,06/16/2025 00:00:00,,06/16/2025 00:00:00,,0.00,0.00,0.00,610012,0 0 0 0 0 7 161 158,False,False,1,
988,06/17/2025 05:28:00,06/16/2025 00:00:00,,06/16/2025 00:00:00,,0.00,0.00,0.00,610006,0 0 0 0 0 7 161 160,False,False,1,
989,06/17/2025 05:30:00,06/16/2025 00:00:00,,06/16/2025 00:00:00,,0.00,0.00,0.00,610019,0 0 0 0 0 7 161 162,False,False,1,
990,06/17/2025 22:22:00,06/17/2025 00:00:00,,06/17/2025 00:00:00,,0.00,0.00,0.00,610018,0 0 0 0 0 7 161 164,False,False,1,
991,06/17/2025 22:24:00,06/17/2025 00:00:00,,06/17/2025 00:00:00,,0.00,0.00,0.00,610012,0 0 0 0 0 7 161 166,False,False,1,
992,06/18/2025 22:22:00,06/17/2025 00:00:00,,06/17/2025 00:00:00,,0.00,0.00,0.00,610018,0 0 0 0 0 7 177 38,False,False,1,
993,06/18/2025 22:23:00,06/18/2025 00:00:00,,06/18/2025 00:00:00,,0.00,0.00,0.00,610019,0 0 0 0 0 7 177 40,False,False,1,
994,07/14/2025 01:48:00,06/18/2025 00:00:00,,06/18/2025 00:00:00,,0.00,0.00,0.00,610014,0 0 0 0 0 7 255 90,False,False,1,
995,06/21/2025 03:06:00,06/18/2025 00:00:00,,06/18/2025 00:00:00,,0.00,0.00,0.00,610012,0 0 0 0 0 7 177 44,False,False,1,
996,06/21/2025 03:17:00,06/18/2025 00:00:00,,06/18/2025 00:00:00,,0.00,0.00,0.00,610018,0 0 0 0 0 7 177 52,False,False,1,
997,06/21/2025 03:15:00,06/18/2025 00:00:00,,06/18/2025 00:00:00,,0.00,0.00,0.00,610004,0 0 0 0 0 7 177 48,False,False,1,
998,06/21/2025 03:16:00,06/18/2025 00:00:00,,06/18/2025 00:00:00,,0.00,0.00,0.00,610004,0 0 0 0 0 7 177 50,False,False,1,
999,06/21/2025 03:22:00,06/19/2025 00:00:00,,06/19/2025 00:00:00,,0.00,0.00,0.00,610018,0 0 0 0 0 7 177 54,False,False,1,
1000,06/21/2025 03:27:00,06/19/2025 00:00:00,,06/19/2025 00:00:00,,0.00,0.00,0.00,610012,0 0 0 0 0 7 177 56,False,False,1,
1001,06/22/2025 04:12:00,06/21/2025 00:00:00,,06/21/2025 00:00:00,,0.00,0.00,0.00,610016,0 0 0 0 0 7 177 82,False,False,1,
1002,06/22/2025 04:26:00,06/21/2025 00:00:00,,06/21/2025 00:00:00,,0.00,0.00,0.00,610018,0 0 0 0 0 7 177 86,False,False,1,
1003,07/14/2025 01:50:00,06/21/2025 00:00:00,,06/21/2025 00:00:00,,0.00,0.00,0.00,610014,0 0 0 0 0 7 255 92,False,False,1,
1004,06/23/2025 03:59:00,06/21/2025 00:00:00,,06/21/2025 00:00:00,,0.00,0.00,0.00,610012,0 0 0 0 0 7 192 200,False,False,1,
1005,06/23/2025 04:00:00,06/22/2025 00:00:00,,06/22/2025 00:00:00,,0.00,0.00,0.00,610004,0 0 0 0 0 7 192 202,False,False,1,
1006,06/28/2025 22:02:00,06/23/2025 00:00:00,,06/23/2025 00:00:00,,0.00,0.00,0.00,610014,0 0 0 0 0 7 208 124,False,False,1,
1007,07/14/2025 01:51:00,06/23/2025 00:00:00,,06/23/2025 00:00:00,,0.00,0.00,0.00,610014,0 0 0 0 0 7 255 94,False,False,1,
1008,06/24/2025 22:35:00,06/23/2025 00:00:00,,06/23/2025 00:00:00,,0.00,0.00,0.00,610005,0 0 0 0 0 7 208 110,False,False,1,
1009,06/24/2025 22:46:00,06/23/2025 00:00:00,,06/23/2025 00:00:00,,0.00,0.00,0.00,610004,0 0 0 0 0 7 208 112,False,False,1,
1010,06/24/2025 22:52:00,06/24/2025 00:00:00,,06/24/2025 00:00:00,,0.00,0.00,0.00,610005,0 0 0 0 0 7 208 114,False,False,1,
1011,06/24/2025 23:17:00,06/24/2025 00:00:00,,06/24/2025 00:00:00,,0.00,0.00,0.00,610004,0 0 0 0 0 7 208 118,False,False,1,
1012,06/28/2025 22:35:00,06/25/2025 00:00:00,,06/25/2025 00:00:00,,0.00,0.00,0.00,610019,0 0 0 0 0 7 208 128,False,False,1,
1013,06/28/2025 22:36:00,06/25/2025 00:00:00,,06/25/2025 00:00:00,,0.00,0.00,0.00,610018,0 0 0 0 0 7 208 130,False,False,1,
1014,06/28/2025 22:37:00,06/25/2025 00:00:00,,06/25/2025 00:00:00,,0.00,0.00,0.00,610006,0 0 0 0 0 7 208 132,False,False,1,
1015,06/28/2025 23:23:00,06/26/2025 00:00:00,,06/26/2025 00:00:00,,0.00,0.00,0.00,610004,0 0 0 0 0 7 208 138,False,False,1,
1016,06/28/2025 23:21:00,06/26/2025 00:00:00,,06/26/2025 00:00:00,,0.00,0.00,0.00,610016,0 0 0 0 0 7 208 136,False,False,1,
1017,06/28/2025 23:55:00,06/26/2025 00:00:00,,06/26/2025 00:00:00,,0.00,0.00,0.00,610018,0 0 0 0 0 7 208 140,False,False,1,
1018,06/29/2025 22:23:00,06/29/2025 00:00:00,,06/29/2025 00:00:00,,0.00,0.00,0.00,610012,0 0 0 0 0 7 208 142,False,False,1,
1019,06/29/2025 22:28:00,06/29/2025 00:00:00,,06/29/2025 00:00:00,,0.00,0.00,0.00,610004,0 0 0 0 0 7 208 144,False,False,1,
1020,07/01/2025 20:42:00,06/29/2025 00:00:00,,06/29/2025 00:00:00,,0.00,0.00,0.00,610014,0 0 0 0 0 7 208 146,False,False,1,
1021,07/14/2025 01:54:00,06/30/2025 00:00:00,,06/30/2025 00:00:00,,0.00,0.00,0.00,610014,0 0 0 0 0 7 255 96,False,False,1,
1022,07/07/2025 00:15:00,06/30/2025 00:00:00,,06/30/2025 00:00:00,,0.00,0.00,0.00,610019,0 0 0 0 0 7 224 14,False,False,1,
1023,07/07/2025 00:16:00,07/03/2025 00:00:00,,07/03/2025 00:00:00,,0.00,0.00,0.00,610019,0 0 0 0 0 7 224 16,False,False,1,
1024,07/07/2025 00:16:00,07/03/2025 00:00:00,,07/03/2025 00:00:00,,0.00,0.00,0.00,610018,0 0 0 0 0 7 224 18,False,False,1,
1025,07/07/2025 00:22:00,07/04/2025 00:00:00,,07/04/2025 00:00:00,,0.00,0.00,0.00,610012,0 0 0 0 0 7 224 20,False,False,1,
1026,07/07/2025 00:34:00,07/04/2025 00:00:00,,07/04/2025 00:00:00,,0.00,0.00,0.00,610004,0 0 0 0 0 7 224 24,False,False,1,
1027,07/11/2025 21:15:00,07/07/2025 00:00:00,,07/07/2025 00:00:00,,0.00,0.00,0.00,610018,0 0 0 0 0 7 224 40,False,False,1,
1028,07/11/2025 21:21:00,07/07/2025 00:00:00,,07/07/2025 00:00:00,,0.00,0.00,0.00,610005,0 0 0 0 0 7 224 42,False,False,1,
1029,07/11/2025 21:37:00,07/07/2025 00:00:00,,07/07/2025 00:00:00,,0.00,0.00,0.00,610004,0 0 0 0 0 7 224 46,False,False,1,
1030,07/11/2025 21:38:00,07/08/2025 00:00:00,,07/08/2025 00:00:00,,0.00,0.00,0.00,610004,0 0 0 0 0 7 224 48,False,False,1,
1031,07/11/2025 22:22:00,07/09/2025 00:00:00,,07/09/2025 00:00:00,,0.00,0.00,0.00,610004,0 0 0 0 0 7 224 54,False,False,1,
1032,07/11/2025 22:23:00,07/09/2025 00:00:00,,07/09/2025 00:00:00,,0.00,0.00,0.00,610012,0 0 0 0 0 7 224 56,False,False,1,
1033,07/11/2025 22:24:00,07/09/2025 00:00:00,,07/09/2025 00:00:00,,0.00,0.00,0.00,610005,0 0 0 0 0 7 224 58,False,False,1,
1034,07/12/2025 00:33:00,07/10/2025 00:00:00,,07/10/2025 00:00:00,,-2313341.00,0.00,0.00,610004,0 0 0 0 0 7 224 64,False,False,1,
1035,07/12/2025 00:34:00,07/10/2025 00:00:00,,07/10/2025 00:00:00,,0.00,0.00,0.00,610019,0 0 0 0 0 7 224 66,False,False,1,
1036,07/12/2025 00:39:00,07/10/2025 00:00:00,,07/10/2025 00:00:00,,0.00,0.00,0.00,610016,0 0 0 0 0 7 224 68,False,False,1,
1037,07/17/2025 00:29:00,07/10/2025 00:00:00,,07/10/2025 00:00:00,,0.00,0.00,0.00,610012,0 0 0 0 0 8 30 140,False,False,1,
1038,07/12/2025 23:30:00,06/30/2025 00:00:00,,06/30/2025 00:00:00,,0.00,0.00,0.00,610005,0 0 0 0 0 7 239 170,False,False,1,
1039,07/14/2025 21:35:00,07/12/2025 00:00:00,,07/12/2025 00:00:00,,0.00,0.00,0.00,610005,0 0 0 0 0 8 14 230,False,False,1,
1040,07/14/2025 21:36:00,07/12/2025 00:00:00,,07/12/2025 00:00:00,,0.00,0.00,0.00,610004,0 0 0 0 0 8 14 232,False,False,1,
1041,07/14/2025 21:38:00,07/12/2025 00:00:00,,07/12/2025 00:00:00,,0.00,0.00,0.00,610014,0 0 0 0 0 8 14 234,False,False,1,
1042,07/17/2025 00:28:00,07/03/2025 00:00:00,,07/03/2025 00:00:00,,0.00,0.00,0.00,610014,0 0 0 0 0 8 30 138,False,False,1,
1043,07/19/2025 21:27:00,07/13/2025 00:00:00,,07/13/2025 00:00:00,,0.00,0.00,0.00,610016,0 0 0 0 0 8 46 38,False,False,1,
1044,07/17/2025 00:50:00,07/13/2025 00:00:00,,07/13/2025 00:00:00,,0.00,0.00,0.00,610006,0 0 0 0 0 8 30 144,False,False,1,
1045,07/17/2025 00:51:00,07/13/2025 00:00:00,,07/13/2025 00:00:00,,0.00,0.00,0.00,610018,0 0 0 0 0 8 30 146,False,False,1,
1046,07/17/2025 00:53:00,07/13/2025 00:00:00,,07/13/2025 00:00:00,,0.00,0.00,0.00,610014,0 0 0 0 0 8 30 148,False,False,1,
1047,07/17/2025 00:54:00,07/13/2025 00:00:00,,07/13/2025 00:00:00,,0.00,0.00,0.00,610012,0 0 0 0 0 8 30 150,False,False,1,
1048,07/17/2025 00:56:00,07/16/2025 00:00:00,,07/16/2025 00:00:00,,0.00,0.00,0.00,610018,0 0 0 0 0 8 30 152,False,False,1,
1049,07/17/2025 00:57:00,07/16/2025 00:00:00,,07/16/2025 00:00:00,,0.00,0.00,0.00,610014,0 0 0 0 0 8 30 154,False,False,1,
1050,07/17/2025 00:58:00,07/16/2025 00:00:00,,07/16/2025 00:00:00,,0.00,0.00,0.00,610019,0 0 0 0 0 8 30 156,False,False,1,
1051,07/19/2025 22:09:00,07/16/2025 00:00:00,,07/16/2025 00:00:00,,0.00,0.00,0.00,610004,0 0 0 0 0 8 46 40,False,False,1,
1052,07/19/2025 23:02:00,07/16/2025 00:00:00,,07/16/2025 00:00:00,,0.00,0.00,0.00,610012,0 0 0 0 0 8 61 198,False,False,1,
1053,07/19/2025 23:30:00,07/19/2025 00:00:00,,07/19/2025 00:00:00,,0.00,0.00,0.00,610012,0 0 0 0 0 8 77 108,False,False,1,
1054,07/21/2025 22:23:00,07/19/2025 00:00:00,,07/19/2025 00:00:00,,0.00,0.00,0.00,610018,0 0 0 0 0 8 93 56,False,False,1,
1055,07/21/2025 21:21:00,07/19/2025 00:00:00,,07/19/2025 00:00:00,,0.00,0.00,0.00,610019,0 0 0 0 0 8 93 54,False,False,1,
1056,07/21/2025 21:19:00,07/19/2025 00:00:00,,07/19/2025 00:00:00,,0.00,0.00,0.00,610014,0 0 0 0 0 8 93 50,False,False,1,
1057,07/22/2025 20:52:00,07/16/2025 00:00:00,,07/16/2025 00:00:00,,0.00,0.00,0.00,610005,0 0 0 0 0 8 93 58,False,False,1,
1058,07/22/2025 20:54:00,07/17/2025 00:00:00,,07/17/2025 00:00:00,,0.00,0.00,0.00,610005,0 0 0 0 0 8 93 60,False,False,1,
1059,07/22/2025 21:22:00,07/20/2025 00:00:00,,07/20/2025 00:00:00,,0.00,0.00,0.00,610004,0 0 0 0 0 8 93 62,False,False,1,
1060,07/22/2025 22:02:00,07/20/2025 00:00:00,,07/20/2025 00:00:00,,0.00,0.00,0.00,610018,0 0 0 0 0 8 93 66,False,False,1,
1061,07/22/2025 22:04:00,07/20/2025 00:00:00,,07/20/2025 00:00:00,,0.00,0.00,0.00,610005,0 0 0 0 0 8 93 68,False,False,1,
1062,07/22/2025 22:07:00,07/20/2025 00:00:00,,07/20/2025 00:00:00,,0.00,0.00,0.00,610014,0 0 0 0 0 8 93 70,False,False,1,Calcium Chloride Bag (4800)             Air Humidifier ( 6500 )
1063,07/22/2025 22:08:00,07/22/2025 00:00:00,,07/22/2025 00:00:00,,0.00,0.00,0.00,610018,0 0 0 0 0 8 93 72,False,False,1,
1064,07/26/2025 21:05:00,07/22/2025 00:00:00,,07/22/2025 00:00:00,,0.00,0.00,0.00,610016,0 0 0 0 0 8 108 166,False,False,1,
1065,07/26/2025 21:06:00,07/23/2025 00:00:00,,07/23/2025 00:00:00,,0.00,0.00,0.00,610018,0 0 0 0 0 8 108 168,False,False,1,
1066,07/26/2025 21:07:00,07/23/2025 00:00:00,,07/23/2025 00:00:00,,0.00,0.00,0.00,610014,0 0 0 0 0 8 108 170,False,False,1,
1067,07/26/2025 21:08:00,07/23/2025 00:00:00,,07/23/2025 00:00:00,,0.00,0.00,0.00,610016,0 0 0 0 0 8 108 172,False,False,1,
1068,07/26/2025 21:09:00,07/23/2025 00:00:00,,07/23/2025 00:00:00,,0.00,0.00,0.00,610012,0 0 0 0 0 8 108 174,False,False,1,
1069,07/26/2025 21:10:00,07/24/2025 00:00:00,,07/24/2025 00:00:00,,0.00,0.00,0.00,610016,0 0 0 0 0 8 108 176,False,False,1,
1070,07/26/2025 21:10:00,07/26/2025 00:00:00,,07/26/2025 00:00:00,,0.00,0.00,0.00,610019,0 0 0 0 0 8 108 178,False,False,1,
1071,07/26/2025 21:11:00,07/26/2025 00:00:00,,07/26/2025 00:00:00,,0.00,0.00,0.00,610012,0 0 0 0 0 8 108 180,False,False,1,
1072,07/30/2025 21:20:00,07/26/2025 00:00:00,,07/26/2025 00:00:00,,0.00,0.00,0.00,610018,0 0 0 0 0 8 124 84,False,False,1,
1073,07/30/2025 21:22:00,07/26/2025 00:00:00,,07/26/2025 00:00:00,,0.00,0.00,0.00,610012,0 0 0 0 0 8 124 86,False,False,1,
1074,07/30/2025 21:23:00,07/27/2025 00:00:00,,07/27/2025 00:00:00,,0.00,0.00,0.00,610018,0 0 0 0 0 8 124 88,False,False,1,
1075,07/30/2025 21:26:00,07/27/2025 00:00:00,,07/27/2025 00:00:00,,0.00,0.00,0.00,610012,0 0 0 0 0 8 124 92,False,False,1,
1076,07/30/2025 21:28:00,07/29/2025 00:00:00,,07/29/2025 00:00:00,,0.00,0.00,0.00,610016,0 0 0 0 0 8 124 94,False,False,1,
1077,08/10/2025 22:04:00,08/02/2025 00:00:00,,08/02/2025 00:00:00,,0.00,0.00,0.00,610004,0 0 0 0 0 8 124 119,False,False,1,
1078,08/10/2025 22:10:00,08/02/2025 00:00:00,,08/02/2025 00:00:00,,0.00,0.00,0.00,610018,0 0 0 0 0 8 124 121,False,False,1,
1079,08/11/2025 23:23:00,08/03/2025 00:00:00,,08/03/2025 00:00:00,,0.00,0.00,0.00,610004,0 0 0 0 0 8 124 123,False,False,1,
1080,08/11/2025 23:26:00,08/03/2025 00:00:00,,08/03/2025 00:00:00,,0.00,0.00,0.00,610018,0 0 0 0 0 8 124 125,False,False,1,
1081,08/12/2025 06:26:00,08/04/2025 00:00:00,,08/04/2025 00:00:00,,0.00,0.00,0.00,610006,0 0 0 0 0 8 124 127,False,False,1,
1082,08/12/2025 06:33:00,08/05/2025 00:00:00,,08/05/2025 00:00:00,,0.00,0.00,0.00,610006,0 0 0 0 0 8 124 129,False,False,1,
1083,08/12/2025 06:41:00,08/06/2025 00:00:00,,08/06/2025 00:00:00,,0.00,0.00,0.00,610004,0 0 0 0 0 8 124 131,False,False,1,
1084,08/12/2025 06:47:00,08/06/2025 00:00:00,,08/06/2025 00:00:00,,0.00,0.00,0.00,610019,0 0 0 0 0 8 124 133,False,False,1,
1085,08/16/2025 02:17:00,08/09/2025 00:00:00,,08/09/2025 00:00:00,,0.00,0.00,0.00,610005,0 0 0 0 0 8 139 230,False,False,1,
1086,08/16/2025 02:44:00,08/09/2025 00:00:00,,08/09/2025 00:00:00,,0.00,0.00,0.00,610012,0 0 0 0 0 8 139 236,False,False,1,
1087,08/16/2025 02:32:00,08/09/2025 00:00:00,,08/09/2025 00:00:00,,0.00,0.00,0.00,610018,0 0 0 0 0 8 139 234,False,False,1,Dr.Shokat UAF
1088,08/16/2025 02:50:00,08/10/2025 00:00:00,,08/10/2025 00:00:00,,0.00,0.00,0.00,610012,0 0 0 0 0 8 139 238,False,False,1,
1089,08/16/2025 03:08:00,08/10/2025 00:00:00,,08/10/2025 00:00:00,,0.00,0.00,0.00,610004,0 0 0 0 0 8 139 244,False,False,1,
1090,08/16/2025 04:19:00,08/11/2025 00:00:00,,08/11/2025 00:00:00,,0.00,0.00,0.00,610005,0 0 0 0 0 8 155 134,False,False,1,press waly
1091,08/16/2025 04:22:00,08/11/2025 00:00:00,,08/11/2025 00:00:00,,0.00,0.00,0.00,610014,0 0 0 0 0 8 155 136,False,False,1,
1092,08/16/2025 04:25:00,08/11/2025 00:00:00,,08/11/2025 00:00:00,,0.00,0.00,0.00,610004,0 0 0 0 0 8 155 138,False,False,1,
1093,08/16/2025 04:32:00,08/11/2025 00:00:00,,08/11/2025 00:00:00,,0.00,0.00,0.00,610019,0 0 0 0 0 8 155 140,False,False,1,
1094,08/16/2025 04:50:00,08/12/2025 00:00:00,,08/12/2025 00:00:00,,0.00,0.00,0.00,610018,0 0 0 0 0 8 155 145,False,False,1,
1095,08/16/2025 04:51:00,08/12/2025 00:00:00,,08/12/2025 00:00:00,,0.00,0.00,0.00,610016,0 0 0 0 0 8 155 147,False,False,1,
1096,08/16/2025 06:02:00,08/13/2025 00:00:00,,08/13/2025 00:00:00,,0.00,0.00,0.00,610004,0 0 0 0 0 8 155 149,False,False,1,
1097,08/16/2025 06:03:00,08/13/2025 00:00:00,,08/13/2025 00:00:00,,0.00,0.00,0.00,610012,0 0 0 0 0 8 155 151,False,False,1,
1098,08/21/2025 05:12:00,08/16/2025 00:00:00,,08/16/2025 00:00:00,,0.00,0.00,0.00,610016,0 0 0 0 0 8 186 236,False,False,1,
1099,08/21/2025 05:13:00,08/16/2025 00:00:00,,08/16/2025 00:00:00,,0.00,0.00,0.00,610006,0 0 0 0 0 8 186 238,False,False,1,
1100,08/21/2025 05:13:00,08/16/2025 00:00:00,,08/16/2025 00:00:00,,0.00,0.00,0.00,610018,0 0 0 0 0 8 186 240,False,False,1,
1101,08/21/2025 05:14:00,08/16/2025 00:00:00,,08/16/2025 00:00:00,,0.00,0.00,0.00,610004,0 0 0 0 0 8 186 242,False,False,1,
1102,08/23/2025 00:55:00,08/17/2025 00:00:00,,08/17/2025 00:00:00,,0.00,0.00,0.00,610012,0 0 0 0 0 8 186 246,False,False,1,
1103,08/23/2025 00:56:00,08/17/2025 00:00:00,,08/17/2025 00:00:00,,0.00,0.00,0.00,610016,0 0 0 0 0 8 186 248,False,False,1,
1104,08/23/2025 01:11:00,08/18/2025 00:00:00,,08/18/2025 00:00:00,,0.00,0.00,0.00,610016,0 0 0 0 0 8 186 250,False,False,1,
1105,08/23/2025 01:27:00,08/19/2025 00:00:00,,08/19/2025 00:00:00,,0.00,0.00,0.00,610014,0 0 0 0 0 8 186 252,False,False,1,
1106,08/23/2025 01:30:00,08/19/2025 00:00:00,,08/19/2025 00:00:00,,0.00,0.00,0.00,610012,0 0 0 0 0 8 186 254,False,False,1,
1107,08/23/2025 02:07:00,08/21/2025 00:00:00,,08/21/2025 00:00:00,,0.00,0.00,0.00,610018,0 0 0 0 0 8 187 1,False,False,1,
1108,08/23/2025 02:08:00,08/21/2025 00:00:00,,08/21/2025 00:00:00,,0.00,0.00,0.00,610005,0 0 0 0 0 8 187 3,False,False,1,
1109,08/26/2025 05:58:00,08/21/2025 00:00:00,,08/21/2025 00:00:00,,0.00,0.00,0.00,610014,0 0 0 0 0 8 218 6,False,False,1,
1110,08/26/2025 05:59:00,08/23/2025 00:00:00,,08/23/2025 00:00:00,,0.00,0.00,0.00,610016,0 0 0 0 0 8 218 8,False,False,1,
1111,08/26/2025 06:01:00,08/24/2025 00:00:00,,08/24/2025 00:00:00,,0.00,0.00,0.00,610019,0 0 0 0 0 8 218 10,False,False,1,
1112,08/26/2025 06:02:00,08/24/2025 00:00:00,,08/24/2025 00:00:00,,0.00,0.00,0.00,610012,0 0 0 0 0 8 218 12,False,False,1,
1113,08/26/2025 06:03:00,08/25/2025 00:00:00,,08/25/2025 00:00:00,,0.00,0.00,0.00,610012,0 0 0 0 0 8 218 14,False,False,1,
1114,08/26/2025 06:04:00,08/25/2025 00:00:00,,08/25/2025 00:00:00,,0.00,0.00,0.00,610016,0 0 0 0 0 8 218 16,False,False,1,
1115,08/26/2025 06:05:00,08/25/2025 00:00:00,,08/25/2025 00:00:00,,0.00,0.00,0.00,610019,0 0 0 0 0 8 218 18,False,False,1,
1116,08/26/2025 06:07:00,08/25/2025 00:00:00,,08/25/2025 00:00:00,,0.00,0.00,0.00,610018,0 0 0 0 0 8 218 20,False,False,1,
1117,08/26/2025 06:09:00,08/25/2025 00:00:00,,08/25/2025 00:00:00,,0.00,0.00,0.00,610004,0 0 0 0 0 8 218 22,False,False,1,
1118,08/31/2025 05:34:00,08/26/2025 00:00:00,,08/26/2025 00:00:00,,0.00,0.00,0.00,610012,0 0 0 0 0 8 218 41,False,False,1,
1119,08/31/2025 05:38:00,08/26/2025 00:00:00,,08/26/2025 00:00:00,,0.00,0.00,0.00,610018,0 0 0 0 0 8 218 43,False,False,1,
1120,08/31/2025 05:39:00,08/26/2025 00:00:00,,08/26/2025 00:00:00,,0.00,0.00,0.00,610006,0 0 0 0 0 8 218 45,False,False,1,
1121,08/31/2025 05:39:00,08/26/2025 00:00:00,,08/26/2025 00:00:00,,0.00,0.00,0.00,610019,0 0 0 0 0 8 218 47,False,False,1,
1122,08/31/2025 05:40:00,08/26/2025 00:00:00,,08/26/2025 00:00:00,,0.00,0.00,0.00,610014,0 0 0 0 0 8 218 49,False,False,1,
1123,08/31/2025 05:41:00,08/26/2025 00:00:00,,08/26/2025 00:00:00,,0.00,0.00,0.00,610005,0 0 0 0 0 8 218 51,False,False,1,
1124,08/31/2025 05:42:00,08/26/2025 00:00:00,,08/26/2025 00:00:00,,0.00,0.00,0.00,610004,0 0 0 0 0 8 218 53,False,False,1,
1125,08/31/2025 05:52:00,08/27/2025 00:00:00,,08/27/2025 00:00:00,,0.00,0.00,0.00,610006,0 0 0 0 0 8 218 55,False,False,1,
1126,08/31/2025 05:54:00,08/27/2025 00:00:00,,08/27/2025 00:00:00,,0.00,0.00,0.00,610018,0 0 0 0 0 8 218 57,False,False,1,
1127,08/31/2025 05:55:00,08/27/2025 00:00:00,,08/27/2025 00:00:00,,0.00,0.00,0.00,610012,0 0 0 0 0 8 218 59,False,False,1,
1128,08/31/2025 05:56:00,08/27/2025 00:00:00,,08/27/2025 00:00:00,,0.00,0.00,0.00,610005,0 0 0 0 0 8 218 61,False,False,1,
1129,08/31/2025 05:59:00,08/27/2025 00:00:00,,08/27/2025 00:00:00,,0.00,0.00,0.00,610014,0 0 0 0 0 8 218 63,False,False,1,
1130,08/31/2025 06:00:00,08/27/2025 00:00:00,,08/27/2025 00:00:00,,0.00,0.00,0.00,610004,0 0 0 0 0 8 218 65,False,False,1,
1131,08/31/2025 06:11:00,08/30/2025 00:00:00,,08/30/2025 00:00:00,,0.00,0.00,0.00,610016,0 0 0 0 0 8 218 67,False,False,1,
1132,08/31/2025 06:12:00,08/30/2025 00:00:00,,08/30/2025 00:00:00,,0.00,0.00,0.00,610018,0 0 0 0 0 8 218 69,False,False,1,
1133,08/31/2025 06:13:00,08/30/2025 00:00:00,,08/30/2025 00:00:00,,0.00,0.00,0.00,610004,0 0 0 0 0 8 218 71,False,False,1,
1134,09/02/2025 00:08:00,08/31/2025 00:00:00,,08/31/2025 00:00:00,,0.00,0.00,0.00,610018,0 0 0 0 0 8 218 73,False,False,1,
1135,09/02/2025 00:09:00,08/31/2025 00:00:00,,08/31/2025 00:00:00,,0.00,0.00,0.00,610016,0 0 0 0 0 8 218 75,False,False,1,
1136,09/02/2025 00:12:00,08/31/2025 00:00:00,,08/31/2025 00:00:00,,0.00,0.00,0.00,610005,0 0 0 0 0 8 218 77,False,False,1,
1137,09/10/2025 04:38:00,09/01/2025 00:00:00,,09/01/2025 00:00:00,,0.00,0.00,0.00,610014,0 0 0 0 0 8 233 172,False,False,1,
1138,09/10/2025 04:39:00,09/01/2025 00:00:00,,09/01/2025 00:00:00,,0.00,0.00,0.00,610019,0 0 0 0 0 8 233 174,False,False,1,
1139,09/10/2025 04:41:00,09/01/2025 00:00:00,,09/01/2025 00:00:00,,0.00,0.00,0.00,610005,0 0 0 0 0 8 233 176,False,False,1,Merlin Logo
1140,09/14/2025 00:56:00,09/02/2025 00:00:00,,09/02/2025 00:00:00,,0.00,0.00,0.00,610006,0 0 0 0 0 8 233 178,False,False,1,
1141,09/14/2025 00:58:00,09/02/2025 00:00:00,,09/02/2025 00:00:00,,0.00,0.00,0.00,610004,0 0 0 0 0 8 233 180,False,False,1,
1142,09/14/2025 00:58:00,09/02/2025 00:00:00,,09/02/2025 00:00:00,,0.00,0.00,0.00,610018,0 0 0 0 0 8 233 182,False,False,1,
1143,09/14/2025 00:59:00,09/02/2025 00:00:00,,09/02/2025 00:00:00,,0.00,0.00,0.00,610014,0 0 0 0 0 8 233 184,False,False,1,
1144,09/14/2025 01:20:00,09/03/2025 00:00:00,,09/03/2025 00:00:00,,0.00,0.00,0.00,610004,0 0 0 0 0 8 233 186,False,False,1,
1145,09/14/2025 01:21:00,09/03/2025 00:00:00,,09/03/2025 00:00:00,,0.00,0.00,0.00,610014,0 0 0 0 0 8 233 188,False,False,1,
1146,09/14/2025 01:30:00,09/03/2025 00:00:00,,09/03/2025 00:00:00,,0.00,0.00,0.00,610012,0 0 0 0 0 8 233 190,False,False,1,
1147,09/14/2025 02:59:00,09/07/2025 00:00:00,,09/07/2025 00:00:00,,0.00,0.00,0.00,610004,0 0 0 0 0 8 233 194,False,False,1,
1148,09/14/2025 03:01:00,09/07/2025 00:00:00,,09/07/2025 00:00:00,,0.00,0.00,0.00,610018,0 0 0 0 0 8 233 196,False,False,1,
1149,09/14/2025 03:02:00,09/07/2025 00:00:00,,09/07/2025 00:00:00,,0.00,0.00,0.00,610005,0 0 0 0 0 8 233 198,False,False,1,
1150,09/14/2025 03:23:00,09/09/2025 00:00:00,,09/09/2025 00:00:00,,0.00,0.00,0.00,610018,0 0 0 0 0 8 233 200,False,False,1,
1151,09/14/2025 03:28:00,09/09/2025 00:00:00,,09/09/2025 00:00:00,,0.00,0.00,0.00,610018,0 0 0 0 0 8 233 206,False,False,1,
1152,09/14/2025 03:27:00,09/09/2025 00:00:00,,09/09/2025 00:00:00,,0.00,0.00,0.00,610006,0 0 0 0 0 8 233 204,False,False,1,
1153,09/14/2025 03:30:00,09/09/2025 00:00:00,,09/09/2025 00:00:00,,0.00,0.00,0.00,610012,0 0 0 0 0 8 233 208,False,False,1,
1154,09/14/2025 03:30:00,09/09/2025 00:00:00,,09/09/2025 00:00:00,,0.00,0.00,0.00,610019,0 0 0 0 0 8 233 210,False,False,1,
1155,09/14/2025 03:59:00,09/10/2025 00:00:00,,09/10/2025 00:00:00,,0.00,0.00,0.00,610014,0 0 0 0 0 8 233 212,False,False,1,
1156,09/14/2025 04:03:00,09/10/2025 00:00:00,,09/10/2025 00:00:00,,0.00,0.00,0.00,610004,0 0 0 0 0 8 233 214,False,False,1,
1157,09/14/2025 04:25:00,09/11/2025 00:00:00,,09/11/2025 00:00:00,,0.00,0.00,0.00,610016,0 0 0 0 0 8 233 216,False,False,1,
1158,09/14/2025 04:27:00,09/11/2025 00:00:00,,09/11/2025 00:00:00,,0.00,0.00,0.00,610012,0 0 0 0 0 8 233 218,False,False,1,
1159,09/14/2025 04:28:00,09/11/2025 00:00:00,,09/11/2025 00:00:00,,0.00,0.00,0.00,610005,0 0 0 0 0 8 233 220,False,False,1,
1160,09/14/2025 04:28:00,09/11/2025 00:00:00,,09/11/2025 00:00:00,,0.00,0.00,0.00,610006,0 0 0 0 0 8 233 222,False,False,1,
1161,09/14/2025 04:47:00,09/13/2025 00:00:00,,09/13/2025 00:00:00,,0.00,0.00,0.00,610006,0 0 0 0 0 8 233 224,False,False,1,
1162,09/22/2025 02:34:00,09/14/2025 00:00:00,,09/14/2025 00:00:00,,0.00,0.00,0.00,610016,0 0 0 0 0 8 234 6,False,False,1,
1163,09/22/2025 02:34:00,09/14/2025 00:00:00,,09/14/2025 00:00:00,,0.00,0.00,0.00,610019,0 0 0 0 0 8 234 8,False,False,1,
1164,09/22/2025 02:35:00,09/14/2025 00:00:00,,09/14/2025 00:00:00,,0.00,0.00,0.00,610018,0 0 0 0 0 8 234 10,False,False,1,
1165,09/22/2025 02:35:00,09/14/2025 00:00:00,,09/14/2025 00:00:00,,0.00,0.00,0.00,610004,0 0 0 0 0 8 234 12,False,False,1,
1166,09/22/2025 02:45:00,09/15/2025 00:00:00,,09/15/2025 00:00:00,,0.00,0.00,0.00,610016,0 0 0 0 0 8 234 14,False,False,1,
1167,09/22/2025 23:24:00,09/16/2025 00:00:00,,09/16/2025 00:00:00,,0.00,0.00,0.00,610014,0 0 0 0 0 9 8 230,False,False,1,
1168,09/22/2025 23:27:00,09/16/2025 00:00:00,,09/16/2025 00:00:00,,0.00,0.00,0.00,610018,0 0 0 0 0 9 8 232,False,False,1,
1169,09/22/2025 23:28:00,09/16/2025 00:00:00,,09/16/2025 00:00:00,,0.00,0.00,0.00,610005,0 0 0 0 0 9 8 234,False,False,1,
1170,09/22/2025 23:29:00,09/16/2025 00:00:00,,09/16/2025 00:00:00,,0.00,0.00,0.00,610016,0 0 0 0 0 9 8 236,False,False,1,
1171,09/22/2025 23:30:00,09/16/2025 00:00:00,,09/16/2025 00:00:00,,0.00,0.00,0.00,610018,0 0 0 0 0 9 8 238,False,False,1,
1172,09/22/2025 23:47:00,09/17/2025 00:00:00,,09/17/2025 00:00:00,,0.00,0.00,0.00,610018,0 0 0 0 0 9 8 240,False,False,1,
1173,09/22/2025 23:47:00,09/17/2025 00:00:00,,09/17/2025 00:00:00,,0.00,0.00,0.00,610005,0 0 0 0 0 9 8 242,False,False,1,
1174,09/22/2025 23:48:00,09/17/2025 00:00:00,,09/17/2025 00:00:00,,0.00,0.00,0.00,610004,0 0 0 0 0 9 8 244,False,False,1,
1175,09/23/2025 00:10:00,09/17/2025 00:00:00,,09/17/2025 00:00:00,,0.00,0.00,0.00,610018,0 0 0 0 0 9 8 252,False,False,1,
1176,09/22/2025 23:59:00,09/18/2025 00:00:00,,09/18/2025 00:00:00,,0.00,0.00,0.00,610005,0 0 0 0 0 9 8 248,False,False,1,Merlin
1177,09/23/2025 00:02:00,09/18/2025 00:00:00,,09/18/2025 00:00:00,,0.00,0.00,0.00,610004,0 0 0 0 0 9 8 250,False,False,1,
1178,09/23/2025 04:13:00,09/20/2025 00:00:00,,09/20/2025 00:00:00,,0.00,0.00,0.00,610004,0 0 0 0 0 9 8 255,False,False,1,
1179,09/23/2025 04:15:00,09/20/2025 00:00:00,,09/20/2025 00:00:00,,0.00,0.00,0.00,610019,0 0 0 0 0 9 9 2,False,False,1,
1180,09/23/2025 04:16:00,09/20/2025 00:00:00,,09/20/2025 00:00:00,,0.00,0.00,0.00,610012,0 0 0 0 0 9 9 4,False,False,1,
1181,09/23/2025 04:16:00,09/20/2025 00:00:00,,09/20/2025 00:00:00,,0.00,0.00,0.00,610018,0 0 0 0 0 9 9 6,False,False,1,
1182,09/23/2025 04:27:00,09/21/2025 00:00:00,,09/21/2025 00:00:00,,0.00,0.00,0.00,610018,0 0 0 0 0 9 9 8,False,False,1,
1183,09/23/2025 04:37:00,09/22/2025 00:00:00,,09/22/2025 00:00:00,,0.00,0.00,0.00,610004,0 0 0 0 0 9 9 10,False,False,1,
1184,09/23/2025 04:39:00,09/22/2025 00:00:00,,09/22/2025 00:00:00,,0.00,0.00,0.00,610005,0 0 0 0 0 9 9 12,False,False,1,
1185,09/23/2025 04:39:00,09/22/2025 00:00:00,,09/22/2025 00:00:00,,0.00,0.00,0.00,610018,0 0 0 0 0 9 9 14,False,False,1,
1186,09/29/2025 21:51:00,09/23/2025 00:00:00,,09/23/2025 00:00:00,,0.00,0.00,0.00,610019,0 0 0 0 0 9 9 42,False,False,1,
1187,09/29/2025 21:53:00,09/23/2025 00:00:00,,09/23/2025 00:00:00,,0.00,0.00,0.00,610018,0 0 0 0 0 9 9 44,False,False,1,
1188,09/29/2025 21:59:00,09/23/2025 00:00:00,,09/23/2025 00:00:00,,0.00,0.00,0.00,610004,0 0 0 0 0 9 9 46,False,False,1,
1189,09/29/2025 22:07:00,09/24/2025 00:00:00,,09/24/2025 00:00:00,,0.00,0.00,0.00,610016,0 0 0 0 0 9 9 48,False,False,1,
1190,09/29/2025 22:09:00,09/24/2025 00:00:00,,09/24/2025 00:00:00,,0.00,0.00,0.00,610018,0 0 0 0 0 9 9 50,False,False,1,M.Hasnat
1191,09/29/2025 23:57:00,09/24/2025 00:00:00,,09/24/2025 00:00:00,,0.00,0.00,0.00,610004,0 0 0 0 0 9 9 52,False,False,1,
1192,09/29/2025 23:57:00,09/24/2025 00:00:00,,09/24/2025 00:00:00,,0.00,0.00,0.00,610014,0 0 0 0 0 9 9 54,False,False,1,
1193,09/30/2025 00:03:00,09/25/2025 00:00:00,,09/25/2025 00:00:00,,0.00,0.00,0.00,610019,0 0 0 0 0 9 9 56,False,False,1,
1194,09/30/2025 00:05:00,09/25/2025 00:00:00,,09/25/2025 00:00:00,,0.00,0.00,0.00,610004,0 0 0 0 0 9 9 58,False,False,1,
1195,09/30/2025 00:07:00,09/25/2025 00:00:00,,09/25/2025 00:00:00,,0.00,0.00,0.00,610018,0 0 0 0 0 9 9 60,False,False,1,
1196,09/30/2025 01:15:00,09/27/2025 00:00:00,,09/27/2025 00:00:00,,0.00,0.00,0.00,610004,0 0 0 0 0 9 9 64,False,False,1,
1197,09/30/2025 01:16:00,09/27/2025 00:00:00,,09/27/2025 00:00:00,,0.00,0.00,0.00,610019,0 0 0 0 0 9 9 66,False,False,1,
1198,09/30/2025 01:41:00,09/28/2025 00:00:00,,09/28/2025 00:00:00,,0.00,0.00,0.00,610018,0 0 0 0 0 9 9 68,False,False,1,
1199,09/30/2025 01:42:00,09/28/2025 00:00:00,,09/28/2025 00:00:00,,0.00,0.00,0.00,610006,0 0 0 0 0 9 9 70,False,False,1,
1200,09/30/2025 01:43:00,09/28/2025 00:00:00,,09/28/2025 00:00:00,,0.00,0.00,0.00,610012,0 0 0 0 0 9 9 72,False,False,1,
1201,09/30/2025 01:54:00,09/29/2025 00:00:00,,09/29/2025 00:00:00,,0.00,0.00,0.00,610014,0 0 0 0 0 9 9 76,False,False,1,
1202,10/01/2025 03:06:00,09/29/2025 00:00:00,,09/29/2025 00:00:00,,0.00,0.00,0.00,610018,0 0 0 0 0 9 24 134,False,False,1,
1203,10/01/2025 03:20:00,09/30/2025 00:00:00,,09/30/2025 00:00:00,,0.00,0.00,0.00,610004,0 0 0 0 0 9 24 136,False,False,1,
1204,10/08/2025 00:35:00,10/01/2025 00:00:00,,10/01/2025 00:00:00,,0.00,0.00,0.00,610004,0 0 0 0 0 9 40 38,False,False,1,
1205,10/08/2025 00:36:00,10/01/2025 00:00:00,,10/01/2025 00:00:00,,0.00,0.00,0.00,610018,0 0 0 0 0 9 40 40,False,False,1,
1206,10/08/2025 01:06:00,10/04/2025 00:00:00,,10/04/2025 00:00:00,,0.00,0.00,0.00,610018,0 0 0 0 0 9 40 42,False,False,1,
1207,10/17/2025 23:28:00,10/05/2025 00:00:00,,10/05/2025 00:00:00,,0.00,0.00,0.00,610014,0 0 0 0 0 9 40 44,False,False,1,
1208,10/17/2025 23:30:00,10/05/2025 00:00:00,,10/05/2025 00:00:00,,0.00,0.00,0.00,610016,0 0 0 0 0 9 40 46,False,False,1,
1209,10/17/2025 23:38:00,10/07/2025 00:00:00,,10/07/2025 00:00:00,,0.00,0.00,0.00,610005,0 0 0 0 0 9 40 48,False,False,1,
1210,10/18/2025 03:21:00,10/08/2025 00:00:00,,10/08/2025 00:00:00,,0.00,0.00,0.00,610018,0 0 0 0 0 9 40 56,False,False,1,From Hasnaat
1211,10/18/2025 03:31:00,10/09/2025 00:00:00,,10/09/2025 00:00:00,,0.00,0.00,0.00,610004,0 0 0 0 0 9 40 58,False,False,1,
1212,10/18/2025 03:37:00,10/09/2025 00:00:00,,10/09/2025 00:00:00,,0.00,0.00,0.00,610018,0 0 0 0 0 9 40 60,False,False,1,
1213,10/18/2025 03:38:00,10/09/2025 00:00:00,,10/09/2025 00:00:00,,0.00,0.00,0.00,610018,0 0 0 0 0 9 40 62,False,False,1,
1214,10/18/2025 03:39:00,10/09/2025 00:00:00,,10/09/2025 00:00:00,,0.00,0.00,0.00,610005,0 0 0 0 0 9 40 64,False,False,1,
1215,10/19/2025 00:09:00,10/11/2025 00:00:00,,10/11/2025 00:00:00,,0.00,0.00,0.00,610018,0 0 0 0 0 9 55 198,False,False,1,
1216,10/19/2025 00:13:00,10/11/2025 00:00:00,,10/11/2025 00:00:00,,0.00,0.00,0.00,610014,0 0 0 0 0 9 55 200,False,False,1,
1217,10/19/2025 00:14:00,10/11/2025 00:00:00,,10/11/2025 00:00:00,,0.00,0.00,0.00,610005,0 0 0 0 0 9 55 202,False,False,1,
1218,10/19/2025 02:18:00,10/12/2025 00:00:00,,10/12/2025 00:00:00,,0.00,0.00,0.00,610012,0 0 0 0 0 9 55 204,False,False,1,
1219,10/19/2025 02:43:00,10/12/2025 00:00:00,,10/12/2025 00:00:00,,0.00,0.00,0.00,610018,0 0 0 0 0 9 55 206,False,False,1,
1220,10/19/2025 03:05:00,10/13/2025 00:00:00,,10/13/2025 00:00:00,,0.00,0.00,0.00,610004,0 0 0 0 0 9 55 210,False,False,1,
1221,10/19/2025 03:30:00,10/13/2025 00:00:00,,10/13/2025 00:00:00,,0.00,0.00,0.00,610012,0 0 0 0 0 9 55 214,False,False,1,
1222,10/19/2025 03:35:00,10/14/2025 00:00:00,,10/14/2025 00:00:00,,0.00,0.00,0.00,610005,0 0 0 0 0 9 55 216,False,False,1,
1223,10/19/2025 03:58:00,10/15/2025 00:00:00,,10/15/2025 00:00:00,,0.00,0.00,0.00,610005,0 0 0 0 0 9 55 218,False,False,1,
1224,10/19/2025 03:59:00,10/15/2025 00:00:00,,10/15/2025 00:00:00,,0.00,0.00,0.00,610018,0 0 0 0 0 9 55 220,False,False,1,
1225,10/19/2025 04:05:00,10/16/2025 00:00:00,,10/16/2025 00:00:00,,0.00,0.00,0.00,610004,0 0 0 0 0 9 55 222,False,False,1,
1226,10/19/2025 04:06:00,10/16/2025 00:00:00,,10/16/2025 00:00:00,,0.00,0.00,0.00,610018,0 0 0 0 0 9 55 224,False,False,1,
1227,10/31/2025 23:26:00,10/18/2025 00:00:00,,10/18/2025 00:00:00,,0.00,0.00,0.00,610018,0 0 0 0 0 9 56 11,False,False,1,
1228,10/31/2025 23:27:00,10/18/2025 00:00:00,,10/18/2025 00:00:00,,0.00,0.00,0.00,610005,0 0 0 0 0 9 56 13,False,False,1,
1229,10/31/2025 23:28:00,10/18/2025 00:00:00,,10/18/2025 00:00:00,,0.00,0.00,0.00,610004,0 0 0 0 0 9 56 15,False,False,1,
1230,10/31/2025 23:35:00,10/19/2025 00:00:00,,10/19/2025 00:00:00,,0.00,0.00,0.00,610018,0 0 0 0 0 9 56 17,False,False,1,
1231,10/31/2025 23:36:00,10/19/2025 00:00:00,,10/19/2025 00:00:00,,0.00,0.00,0.00,610018,0 0 0 0 0 9 56 19,False,False,1,
1232,10/31/2025 23:39:00,10/19/2025 00:00:00,,10/19/2025 00:00:00,,0.00,0.00,0.00,610012,0 0 0 0 0 9 56 21,False,False,1,
1233,11/01/2025 00:01:00,10/20/2025 00:00:00,,10/20/2025 00:00:00,,0.00,0.00,0.00,610016,0 0 0 0 0 9 56 23,False,False,1,
1234,11/01/2025 00:08:00,10/21/2025 00:00:00,,10/21/2025 00:00:00,,0.00,0.00,0.00,610016,0 0 0 0 0 9 56 25,False,False,1,
1235,11/01/2025 01:28:00,10/22/2025 00:00:00,,10/22/2025 00:00:00,,0.00,0.00,0.00,610018,0 0 0 0 0 9 56 27,False,False,1,
1236,11/01/2025 01:47:00,10/22/2025 00:00:00,,10/22/2025 00:00:00,,0.00,0.00,0.00,610012,0 0 0 0 0 9 56 29,False,False,1,
1237,11/01/2025 01:48:00,10/22/2025 00:00:00,,10/22/2025 00:00:00,,0.00,0.00,0.00,610004,0 0 0 0 0 9 56 31,False,False,1,
1238,11/01/2025 04:19:00,10/23/2025 00:00:00,,10/23/2025 00:00:00,,0.00,0.00,0.00,610018,0 0 0 0 0 9 56 33,False,False,1,
1239,11/03/2025 21:14:00,10/25/2025 00:00:00,,10/25/2025 00:00:00,,0.00,0.00,0.00,610005,0 0 0 0 0 9 71 102,False,False,1,
1240,11/03/2025 21:15:00,10/25/2025 00:00:00,,10/25/2025 00:00:00,,0.00,0.00,0.00,610019,0 0 0 0 0 9 71 104,False,False,1,
1241,11/03/2025 21:16:00,10/25/2025 00:00:00,,10/25/2025 00:00:00,,0.00,0.00,0.00,610004,0 0 0 0 0 9 71 106,False,False,1,
1242,11/03/2025 21:26:00,10/26/2025 00:00:00,,10/26/2025 00:00:00,,0.00,0.00,0.00,610012,0 0 0 0 0 9 71 108,False,False,1,
1243,11/03/2025 21:27:00,10/26/2025 00:00:00,,10/26/2025 00:00:00,,0.00,0.00,0.00,610005,0 0 0 0 0 9 71 110,False,False,1,
1244,11/03/2025 21:33:00,10/26/2025 00:00:00,,10/26/2025 00:00:00,,0.00,0.00,0.00,610004,0 0 0 0 0 9 71 114,False,False,1,
1245,11/03/2025 21:33:00,10/26/2025 00:00:00,,10/26/2025 00:00:00,,0.00,0.00,0.00,610014,0 0 0 0 0 9 71 116,False,False,1,
1246,11/03/2025 21:34:00,10/26/2025 00:00:00,,10/26/2025 00:00:00,,0.00,0.00,0.00,610019,0 0 0 0 0 9 71 118,False,False,1,
1247,11/03/2025 22:33:00,10/27/2025 00:00:00,,10/27/2025 00:00:00,,0.00,0.00,0.00,610005,0 0 0 0 0 9 71 120,False,False,1,
1248,11/03/2025 22:34:00,10/27/2025 00:00:00,,10/27/2025 00:00:00,,0.00,0.00,0.00,610019,0 0 0 0 0 9 71 122,False,False,1,
1249,11/04/2025 03:47:00,10/28/2025 00:00:00,,10/28/2025 00:00:00,,0.00,0.00,0.00,610018,0 0 0 0 0 9 71 124,False,False,1,From Dr Shokat UAF
1250,11/04/2025 03:48:00,10/28/2025 00:00:00,,10/28/2025 00:00:00,,0.00,0.00,0.00,610018,0 0 0 0 0 9 71 126,False,False,1,
1251,11/04/2025 03:48:00,10/28/2025 00:00:00,,10/28/2025 00:00:00,,0.00,0.00,0.00,610014,0 0 0 0 0 9 71 128,False,False,1,
1252,11/04/2025 03:49:00,10/28/2025 00:00:00,,10/28/2025 00:00:00,,0.00,0.00,0.00,610018,0 0 0 0 0 9 71 130,False,False,1,
1253,11/04/2025 04:10:00,10/28/2025 00:00:00,,10/28/2025 00:00:00,,0.00,0.00,0.00,610004,0 0 0 0 0 9 71 136,False,False,1,
1254,11/04/2025 04:16:00,10/29/2025 00:00:00,,10/29/2025 00:00:00,,0.00,0.00,0.00,610012,0 0 0 0 0 9 71 138,False,False,1,
1255,11/04/2025 05:13:00,10/30/2025 00:00:00,,10/30/2025 00:00:00,,0.00,0.00,0.00,610016,0 0 0 0 0 9 71 140,False,False,1,
1256,11/04/2025 05:15:00,10/30/2025 00:00:00,,10/30/2025 00:00:00,,0.00,0.00,0.00,610018,0 0 0 0 0 9 71 142,False,False,1,
1257,11/16/2025 21:01:00,11/02/2025 00:00:00,,11/02/2025 00:00:00,,0.00,0.00,0.00,610005,0 0 0 0 0 9 87 10,False,False,1,
1258,11/16/2025 21:20:00,11/02/2025 00:00:00,,11/02/2025 00:00:00,,0.00,0.00,0.00,610004,0 0 0 0 0 9 87 18,False,False,1,
1259,11/16/2025 21:05:00,11/02/2025 00:00:00,,11/02/2025 00:00:00,,0.00,0.00,0.00,610018,0 0 0 0 0 9 87 14,False,False,1,
1260,11/16/2025 21:05:00,11/02/2025 00:00:00,,11/02/2025 00:00:00,,0.00,0.00,0.00,610016,0 0 0 0 0 9 87 16,False,False,1,
1261,11/16/2025 21:20:00,11/02/2025 00:00:00,,11/02/2025 00:00:00,,0.00,0.00,0.00,610019,0 0 0 0 0 9 87 20,False,False,1,
1262,11/16/2025 21:33:00,11/03/2025 00:00:00,,11/03/2025 00:00:00,,0.00,0.00,0.00,610016,0 0 0 0 0 9 87 22,False,False,1,
1263,11/16/2025 21:35:00,11/03/2025 00:00:00,,11/03/2025 00:00:00,,0.00,0.00,0.00,610018,0 0 0 0 0 9 87 24,False,False,1,
1264,11/19/2025 21:03:00,11/04/2025 00:00:00,,11/04/2025 00:00:00,,0.00,0.00,0.00,610014,0 0 0 0 0 9 87 26,False,False,1,
1265,11/19/2025 21:06:00,11/04/2025 00:00:00,,11/04/2025 00:00:00,,0.00,0.00,0.00,610018,0 0 0 0 0 9 87 28,False,False,1,
1266,11/25/2025 05:21:00,11/05/2025 00:00:00,,11/05/2025 00:00:00,,0.00,0.00,0.00,610016,0 0 0 0 0 9 102 166,False,False,1,
1267,11/25/2025 05:22:00,11/05/2025 00:00:00,,11/05/2025 00:00:00,,0.00,0.00,0.00,610018,0 0 0 0 0 9 102 168,False,False,1,
1268,11/25/2025 05:23:00,11/05/2025 00:00:00,,11/05/2025 00:00:00,,0.00,0.00,0.00,610014,0 0 0 0 0 9 102 170,False,False,1,
1269,11/25/2025 05:43:00,11/06/2025 00:00:00,,11/06/2025 00:00:00,,0.00,0.00,0.00,610004,0 0 0 0 0 9 102 174,False,False,1,
1270,11/25/2025 05:44:00,11/06/2025 00:00:00,,11/06/2025 00:00:00,,0.00,0.00,0.00,610018,0 0 0 0 0 9 102 176,False,False,1,
1271,11/25/2025 05:55:00,11/06/2025 00:00:00,,11/06/2025 00:00:00,,0.00,0.00,0.00,610012,0 0 0 0 0 9 102 178,False,False,1,
1272,11/25/2025 06:05:00,11/08/2025 00:00:00,,11/08/2025 00:00:00,,0.00,0.00,0.00,610018,0 0 0 0 0 9 102 180,False,False,1,
1273,11/25/2025 06:06:00,11/08/2025 00:00:00,,11/08/2025 00:00:00,,0.00,0.00,0.00,610005,0 0 0 0 0 9 102 182,False,False,1,
1274,11/25/2025 06:07:00,11/08/2025 00:00:00,,11/08/2025 00:00:00,,0.00,0.00,0.00,610016,0 0 0 0 0 9 102 184,False,False,1,
1275,11/25/2025 06:24:00,11/08/2025 00:00:00,,11/08/2025 00:00:00,,0.00,0.00,0.00,610004,0 0 0 0 0 9 102 186,False,False,1,
1276,11/25/2025 06:25:00,11/08/2025 00:00:00,,11/08/2025 00:00:00,,0.00,0.00,0.00,610019,0 0 0 0 0 9 102 188,False,False,1,
1277,11/25/2025 06:49:00,11/09/2025 00:00:00,,11/09/2025 00:00:00,,0.00,0.00,0.00,610018,0 0 0 0 0 9 102 190,False,False,1,
1278,11/25/2025 20:56:00,11/10/2025 00:00:00,,11/10/2025 00:00:00,,0.00,0.00,0.00,610018,0 0 0 0 0 9 102 192,False,False,1,
1279,11/25/2025 21:01:00,11/10/2025 00:00:00,,11/10/2025 00:00:00,,0.00,0.00,0.00,610016,0 0 0 0 0 9 102 194,False,False,1,
1280,11/25/2025 21:14:00,11/10/2025 00:00:00,,11/10/2025 00:00:00,,0.00,0.00,0.00,610004,0 0 0 0 0 9 102 196,False,False,1,
1281,11/25/2025 21:14:00,11/10/2025 00:00:00,,11/10/2025 00:00:00,,0.00,0.00,0.00,610012,0 0 0 0 0 9 102 198,False,False,1,
1282,11/25/2025 21:15:00,11/10/2025 00:00:00,,11/10/2025 00:00:00,,0.00,0.00,0.00,610005,0 0 0 0 0 9 102 200,False,False,1,
1283,11/25/2025 21:56:00,11/11/2025 00:00:00,,11/11/2025 00:00:00,,0.00,0.00,0.00,610018,0 0 0 0 0 9 102 202,False,False,1,
1284,11/25/2025 21:58:00,11/11/2025 00:00:00,,11/11/2025 00:00:00,,-96912.00,0.00,0.00,610005,0 0 0 0 0 9 102 204,False,False,1,
1285,11/25/2025 22:03:00,11/12/2025 00:00:00,,11/12/2025 00:00:00,,0.00,0.00,0.00,610004,0 0 0 0 0 9 102 206,False,False,1,
1286,11/25/2025 22:04:00,11/12/2025 00:00:00,,11/12/2025 00:00:00,,0.00,0.00,0.00,610018,0 0 0 0 0 9 102 208,False,False,1,
1287,11/25/2025 22:08:00,11/12/2025 00:00:00,,11/12/2025 00:00:00,,0.00,0.00,0.00,610014,0 0 0 0 0 9 102 210,False,False,1,
1288,11/25/2025 22:09:00,11/12/2025 00:00:00,,11/12/2025 00:00:00,,0.00,0.00,0.00,610005,0 0 0 0 0 9 102 212,False,False,1,
1289,11/25/2025 22:09:00,11/12/2025 00:00:00,,11/12/2025 00:00:00,,0.00,0.00,0.00,610012,0 0 0 0 0 9 102 214,False,False,1,
1290,11/25/2025 22:46:00,11/12/2025 00:00:00,,11/12/2025 00:00:00,,0.00,0.00,0.00,610004,0 0 0 0 0 9 102 218,False,False,1,
1291,11/25/2025 22:47:00,11/13/2025 00:00:00,,11/13/2025 00:00:00,,0.00,0.00,0.00,610019,0 0 0 0 0 9 102 220,False,False,1,
1292,11/25/2025 22:54:00,11/15/2025 00:00:00,,11/15/2025 00:00:00,,0.00,0.00,0.00,610004,0 0 0 0 0 9 102 224,False,False,1,
1293,11/25/2025 22:55:00,11/15/2025 00:00:00,,11/15/2025 00:00:00,,0.00,0.00,0.00,610018,0 0 0 0 0 9 102 226,False,False,1,
1294,11/25/2025 22:59:00,11/15/2025 00:00:00,,11/15/2025 00:00:00,,0.00,0.00,0.00,610019,0 0 0 0 0 9 102 228,False,False,1,
1295,11/26/2025 23:27:00,11/18/2025 00:00:00,,11/18/2025 00:00:00,,0.00,0.00,0.00,610019,0 0 0 0 0 9 118 70,False,False,1,
1296,11/26/2025 23:34:00,11/18/2025 00:00:00,,11/18/2025 00:00:00,,0.00,0.00,0.00,610004,0 0 0 0 0 9 118 72,False,False,1,
1297,11/26/2025 23:35:00,11/18/2025 00:00:00,,11/18/2025 00:00:00,,0.00,0.00,0.00,610014,0 0 0 0 0 9 118 74,False,False,1,
1298,11/26/2025 23:35:00,11/18/2025 00:00:00,,11/18/2025 00:00:00,,0.00,0.00,0.00,610005,0 0 0 0 0 9 118 76,False,False,1,
1299,11/26/2025 23:37:00,11/18/2025 00:00:00,,11/18/2025 00:00:00,,0.00,0.00,0.00,610012,0 0 0 0 0 9 118 78,False,False,1,
1300,11/27/2025 01:26:00,11/19/2025 00:00:00,,11/19/2025 00:00:00,,0.00,0.00,0.00,610004,0 0 0 0 0 9 118 80,False,False,1,
1301,11/27/2025 01:26:00,11/19/2025 00:00:00,,11/19/2025 00:00:00,,0.00,0.00,0.00,610005,0 0 0 0 0 9 118 82,False,False,1,
1302,11/27/2025 01:27:00,11/19/2025 00:00:00,,11/19/2025 00:00:00,,0.00,0.00,0.00,610016,0 0 0 0 0 9 118 84,False,False,1,
1303,11/27/2025 01:40:00,11/20/2025 00:00:00,,11/20/2025 00:00:00,,0.00,0.00,0.00,610016,0 0 0 0 0 9 118 86,False,False,1,
1304,11/27/2025 01:42:00,11/20/2025 00:00:00,,11/20/2025 00:00:00,,0.00,0.00,0.00,610018,0 0 0 0 0 9 118 88,False,False,1,
1305,11/27/2025 01:46:00,11/20/2025 00:00:00,,11/20/2025 00:00:00,,0.00,0.00,0.00,610004,0 0 0 0 0 9 118 90,False,False,1,
1306,11/27/2025 01:49:00,11/23/2025 00:00:00,,11/23/2025 00:00:00,,0.00,0.00,0.00,610014,0 0 0 0 0 9 118 92,False,False,1,
1307,11/27/2025 01:51:00,11/23/2025 00:00:00,,11/23/2025 00:00:00,,0.00,0.00,0.00,610004,0 0 0 0 0 9 118 94,False,False,1,
1308,11/27/2025 02:04:00,11/25/2025 00:00:00,,11/25/2025 00:00:00,,0.00,0.00,0.00,610018,0 0 0 0 0 9 118 96,False,False,1,
1309,11/27/2025 02:05:00,11/25/2025 00:00:00,,11/25/2025 00:00:00,,0.00,0.00,0.00,610014,0 0 0 0 0 9 118 98,False,False,1,
1310,12/02/2025 02:55:00,11/29/2025 00:00:00,,11/29/2025 00:00:00,,0.00,0.00,0.00,610004,0 0 0 0 0 9 118 100,False,False,1,
1311,12/02/2025 02:56:00,11/29/2025 00:00:00,,11/29/2025 00:00:00,,0.00,0.00,0.00,610012,0 0 0 0 0 9 118 102,False,False,1,
1312,12/02/2025 03:03:00,11/30/2025 00:00:00,,11/30/2025 00:00:00,,0.00,0.00,0.00,610012,0 0 0 0 0 9 118 104,False,False,1,
1313,12/02/2025 03:06:00,11/30/2025 00:00:00,,11/30/2025 00:00:00,,0.00,0.00,0.00,610005,0 0 0 0 0 9 118 106,False,False,1,
1314,12/02/2025 03:10:00,11/30/2025 00:00:00,,11/30/2025 00:00:00,,0.00,0.00,0.00,610014,0 0 0 0 0 9 118 108,False,False,1,
1315,12/02/2025 03:11:00,11/30/2025 00:00:00,,11/30/2025 00:00:00,,0.00,0.00,0.00,610018,0 0 0 0 0 9 118 110,False,False,1,
1316,12/09/2025 01:43:00,12/01/2025 00:00:00,,12/01/2025 00:00:00,,0.00,0.00,0.00,610004,0 0 0 0 0 9 133 234,False,False,1,
1317,12/09/2025 01:44:00,12/01/2025 00:00:00,,12/01/2025 00:00:00,,0.00,0.00,0.00,610014,0 0 0 0 0 9 133 236,False,False,1,
1318,12/09/2025 01:54:00,12/01/2025 00:00:00,,12/01/2025 00:00:00,,0.00,0.00,0.00,610018,0 0 0 0 0 9 133 238,False,False,1,
1319,12/21/2025 04:00:00,12/02/2025 00:00:00,,12/02/2025 00:00:00,,0.00,0.00,0.00,610005,0 0 0 0 0 9 133 250,False,False,1,
1320,12/21/2025 04:11:00,12/03/2025 00:00:00,,12/03/2025 00:00:00,,0.00,0.00,0.00,610018,0 0 0 0 0 9 133 252,False,False,1,
1321,12/21/2025 04:12:00,12/03/2025 00:00:00,,12/03/2025 00:00:00,,0.00,0.00,0.00,610004,0 0 0 0 0 9 133 254,False,False,1,
1322,12/21/2025 04:35:00,12/04/2025 00:00:00,,12/04/2025 00:00:00,,0.00,0.00,0.00,610016,0 0 0 0 0 9 134 1,False,False,1,
1323,12/21/2025 04:35:00,12/04/2025 00:00:00,,12/04/2025 00:00:00,,0.00,0.00,0.00,610004,0 0 0 0 0 9 134 3,False,False,1,
1324,12/21/2025 04:43:00,12/06/2025 00:00:00,,12/06/2025 00:00:00,,0.00,0.00,0.00,610016,0 0 0 0 0 9 134 5,False,False,1,
1325,12/21/2025 04:45:00,12/06/2025 00:00:00,,12/06/2025 00:00:00,,0.00,0.00,0.00,610018,0 0 0 0 0 9 134 7,False,False,1,
1326,12/21/2025 04:46:00,12/06/2025 00:00:00,,12/06/2025 00:00:00,,0.00,0.00,0.00,610014,0 0 0 0 0 9 134 9,False,False,1,
1327,12/21/2025 04:47:00,12/06/2025 00:00:00,,12/06/2025 00:00:00,,0.00,0.00,0.00,610004,0 0 0 0 0 9 134 11,False,False,1,
1328,12/21/2025 05:09:00,12/07/2025 00:00:00,,12/07/2025 00:00:00,,0.00,0.00,0.00,610014,0 0 0 0 0 9 134 13,False,False,1,
1329,12/21/2025 05:10:00,12/07/2025 00:00:00,,12/07/2025 00:00:00,,0.00,0.00,0.00,610018,0 0 0 0 0 9 134 15,False,False,1,
1330,12/21/2025 05:19:00,12/11/2025 00:00:00,,12/11/2025 00:00:00,,0.00,0.00,0.00,610004,0 0 0 0 0 9 134 21,False,False,1,
1331,12/21/2025 05:19:00,12/11/2025 00:00:00,,12/11/2025 00:00:00,,0.00,0.00,0.00,610018,0 0 0 0 0 9 134 23,False,False,1,
1332,12/21/2025 05:28:00,12/11/2025 00:00:00,,12/11/2025 00:00:00,,0.00,0.00,0.00,610014,0 0 0 0 0 9 134 25,False,False,1,
1333,12/21/2025 06:05:00,12/13/2025 00:00:00,,12/13/2025 00:00:00,,0.00,0.00,0.00,610004,0 0 0 0 0 9 134 39,False,False,1,
1334,12/21/2025 06:07:00,12/13/2025 00:00:00,,12/13/2025 00:00:00,,0.00,0.00,0.00,610018,0 0 0 0 0 9 134 41,False,False,1,
1335,12/21/2025 05:53:00,12/13/2025 00:00:00,,12/13/2025 00:00:00,,0.00,0.00,0.00,610016,0 0 0 0 0 9 134 35,False,False,1,
1336,12/21/2025 06:25:00,12/15/2025 00:00:00,,12/15/2025 00:00:00,,0.00,0.00,0.00,610012,0 0 0 0 0 9 134 43,False,False,1,
1337,12/21/2025 06:26:00,12/15/2025 00:00:00,,12/15/2025 00:00:00,,0.00,0.00,0.00,610005,0 0 0 0 0 9 134 45,False,False,1,
1338,12/21/2025 06:27:00,12/15/2025 00:00:00,,12/15/2025 00:00:00,,0.00,0.00,0.00,610019,0 0 0 0 0 9 134 47,False,False,1,
1339,12/21/2025 06:28:00,12/15/2025 00:00:00,,12/15/2025 00:00:00,,0.00,0.00,0.00,610014,0 0 0 0 0 9 134 49,False,False,1,
1340,12/21/2025 06:29:00,12/15/2025 00:00:00,,12/15/2025 00:00:00,,0.00,0.00,0.00,610018,0 0 0 0 0 9 134 51,False,False,1,
1341,12/21/2025 06:37:00,12/15/2025 00:00:00,,12/15/2025 00:00:00,,0.00,0.00,0.00,610004,0 0 0 0 0 9 134 55,False,False,1,
1342,12/22/2025 04:08:00,12/16/2025 00:00:00,,12/16/2025 00:00:00,,0.00,0.00,0.00,610004,0 0 0 0 0 9 134 57,False,False,1,
1343,12/22/2025 04:48:00,12/17/2025 00:00:00,,12/17/2025 00:00:00,,0.00,0.00,0.00,610004,0 0 0 0 0 9 134 59,False,False,1,
1344,12/22/2025 04:51:00,12/18/2025 00:00:00,,12/18/2025 00:00:00,,0.00,0.00,0.00,610016,0 0 0 0 0 9 134 61,False,False,1,
1345,12/22/2025 04:52:00,12/18/2025 00:00:00,,12/18/2025 00:00:00,,0.00,0.00,0.00,610005,0 0 0 0 0 9 134 63,False,False,1,
1346,12/22/2025 04:57:00,12/18/2025 00:00:00,,12/18/2025 00:00:00,,0.00,0.00,0.00,610018,0 0 0 0 0 9 134 67,False,False,1,
1347,12/22/2025 04:58:00,12/18/2025 00:00:00,,12/18/2025 00:00:00,,0.00,0.00,0.00,610014,0 0 0 0 0 9 134 69,False,False,1,
1348,12/22/2025 05:06:00,12/18/2025 00:00:00,,12/18/2025 00:00:00,,0.00,0.00,0.00,610004,0 0 0 0 0 9 134 73,False,False,1,
1349,12/23/2025 04:48:00,12/20/2025 00:00:00,,12/20/2025 00:00:00,,0.00,0.00,0.00,610018,0 0 0 0 0 9 134 75,False,False,1,
1350,12/23/2025 04:50:00,12/20/2025 00:00:00,,12/20/2025 00:00:00,,0.00,0.00,0.00,610004,0 0 0 0 0 9 134 77,False,False,1,
1351,12/23/2025 04:51:00,12/20/2025 00:00:00,,12/20/2025 00:00:00,,0.00,0.00,0.00,610019,0 0 0 0 0 9 134 79,False,False,1,
1352,12/23/2025 05:01:00,12/20/2025 00:00:00,,12/20/2025 00:00:00,,0.00,0.00,0.00,610016,0 0 0 0 0 9 134 81,False,False,1,
1353,12/23/2025 05:02:00,12/20/2025 00:00:00,,12/20/2025 00:00:00,,0.00,0.00,0.00,610012,0 0 0 0 0 9 134 83,False,False,1,
1354,12/23/2025 05:59:00,12/21/2025 00:00:00,,12/21/2025 00:00:00,,0.00,0.00,0.00,610004,0 0 0 0 0 9 134 91,False,False,1,
1355,12/23/2025 06:00:00,12/21/2025 00:00:00,,12/21/2025 00:00:00,,0.00,0.00,0.00,610018,0 0 0 0 0 9 134 93,False,False,1,
1356,12/24/2025 04:46:00,12/03/2025 00:00:00,,12/03/2025 00:00:00,,0.00,0.00,0.00,610019,0 0 0 0 0 9 134 95,False,False,1,
1357,12/24/2025 05:42:00,12/22/2025 00:00:00,,12/22/2025 00:00:00,,0.00,0.00,0.00,610005,0 0 0 0 0 9 134 97,False,False,1,
1358,12/24/2025 05:44:00,12/22/2025 00:00:00,,12/22/2025 00:00:00,,0.00,0.00,0.00,610004,0 0 0 0 0 9 134 99,False,False,1,
1359,12/24/2025 06:04:00,12/23/2025 00:00:00,,12/23/2025 00:00:00,,0.00,0.00,0.00,610005,0 0 0 0 0 9 134 101,False,False,1,
1360,12/24/2025 06:10:00,12/23/2025 00:00:00,,12/23/2025 00:00:00,,0.00,0.00,0.00,610012,0 0 0 0 0 9 134 103,False,False,1,
1361,12/24/2025 06:17:00,12/23/2025 00:00:00,,12/23/2025 00:00:00,,0.00,0.00,0.00,610004,0 0 0 0 0 9 134 105,False,False,1,
1362,12/24/2025 06:19:00,12/23/2025 00:00:00,,12/23/2025 00:00:00,,0.00,0.00,0.00,610014,0 0 0 0 0 9 134 107,False,False,1,
1363,12/24/2025 06:21:00,12/23/2025 00:00:00,,12/23/2025 00:00:00,,0.00,0.00,0.00,610018,0 0 0 0 0 9 134 109,False,False,1,
1364,12/28/2025 03:28:00,12/24/2025 00:00:00,,12/24/2025 00:00:00,,0.00,0.00,0.00,610018,0 0 0 0 0 9 149 134,False,False,1,
1365,12/28/2025 03:32:00,12/24/2025 00:00:00,,12/24/2025 00:00:00,,0.00,0.00,0.00,610016,0 0 0 0 0 9 149 136,False,False,1,
1366,12/28/2025 03:40:00,12/24/2025 00:00:00,,12/24/2025 00:00:00,,0.00,0.00,0.00,610004,0 0 0 0 0 9 149 140,False,False,1,
1367,12/28/2025 03:50:00,12/25/2025 00:00:00,,12/25/2025 00:00:00,,0.00,0.00,0.00,610018,0 0 0 0 0 9 149 142,False,False,1,
1368,12/28/2025 03:57:00,12/25/2025 00:00:00,,12/25/2025 00:00:00,,0.00,0.00,0.00,610012,0 0 0 0 0 9 149 144,False,False,1,
1369,12/28/2025 04:11:00,12/27/2025 00:00:00,,12/27/2025 00:00:00,,0.00,0.00,0.00,610004,0 0 0 0 0 9 149 146,False,False,1,
1370,01/01/2026 03:41:00,12/30/2025 00:00:00,,12/30/2025 00:00:00,,0.00,0.00,0.00,610004,0 0 0 0 0 9 180 198,False,False,1,
1371,01/01/2026 03:42:00,12/30/2025 00:00:00,,12/30/2025 00:00:00,,0.00,0.00,0.00,610016,0 0 0 0 0 9 180 200,False,False,1,
1372,01/01/2026 03:42:00,12/30/2025 00:00:00,,12/30/2025 00:00:00,,0.00,0.00,0.00,610019,0 0 0 0 0 9 180 202,False,False,1,
1373,01/01/2026 03:43:00,12/30/2025 00:00:00,,12/30/2025 00:00:00,,0.00,0.00,0.00,610012,0 0 0 0 0 9 180 204,False,False,1,
1374,01/27/2026 05:02:00,01/01/2026 00:00:00,,01/01/2026 00:00:00,,0.00,0.00,0.00,610019,0 0 0 0 0 9 212 7,False,False,1,
1375,01/27/2026 05:03:00,01/01/2026 00:00:00,,01/01/2026 00:00:00,,0.00,0.00,0.00,610005,0 0 0 0 0 9 212 9,False,False,1,
1376,01/27/2026 05:37:00,01/03/2026 00:00:00,,01/03/2026 00:00:00,,0.00,0.00,0.00,610016,0 0 0 0 0 9 212 11,False,False,1,
1377,01/27/2026 05:39:00,01/03/2026 00:00:00,,01/03/2026 00:00:00,,0.00,0.00,0.00,610012,0 0 0 0 0 9 212 13,False,False,1,
1378,01/27/2026 05:50:00,01/04/2026 00:00:00,,01/04/2026 00:00:00,,0.00,0.00,0.00,610014,0 0 0 0 0 9 212 15,False,False,1,
1379,01/27/2026 05:51:00,01/04/2026 00:00:00,,01/04/2026 00:00:00,,0.00,0.00,0.00,610012,0 0 0 0 0 9 212 17,False,False,1,
1380,01/27/2026 05:54:00,01/04/2026 00:00:00,,01/04/2026 00:00:00,,0.00,0.00,0.00,610004,0 0 0 0 0 9 212 19,False,False,1,
1381,01/27/2026 05:54:00,01/04/2026 00:00:00,,01/04/2026 00:00:00,,0.00,0.00,0.00,610005,0 0 0 0 0 9 212 21,False,False,1,
1382,01/27/2026 06:11:00,01/05/2026 00:00:00,,01/05/2026 00:00:00,,0.00,0.00,0.00,610016,0 0 0 0 0 9 212 23,False,False,1,
1383,01/27/2026 06:12:00,01/05/2026 00:00:00,,01/05/2026 00:00:00,,0.00,0.00,0.00,610018,0 0 0 0 0 9 212 25,False,False,1,
1384,01/27/2026 06:16:00,01/05/2026 00:00:00,,01/05/2026 00:00:00,,0.00,0.00,0.00,610004,0 0 0 0 0 9 212 27,False,False,1,
1385,01/27/2026 06:17:00,01/05/2026 00:00:00,,01/05/2026 00:00:00,,0.00,0.00,0.00,610019,0 0 0 0 0 9 212 29,False,False,1,
1386,01/27/2026 06:53:00,01/06/2026 00:00:00,,01/06/2026 00:00:00,,0.00,0.00,0.00,610018,0 0 0 0 0 9 212 31,False,False,1,
1387,01/27/2026 06:54:00,01/06/2026 00:00:00,,01/06/2026 00:00:00,,0.00,0.00,0.00,610012,0 0 0 0 0 9 212 33,False,False,1,
1388,01/27/2026 06:55:00,01/06/2026 00:00:00,,01/06/2026 00:00:00,,0.00,0.00,0.00,610019,0 0 0 0 0 9 212 35,False,False,1,
1389,01/27/2026 06:58:00,01/06/2026 00:00:00,,01/06/2026 00:00:00,,0.00,0.00,0.00,610004,0 0 0 0 0 9 212 37,False,False,1,
1390,01/27/2026 06:59:00,01/06/2026 00:00:00,,01/06/2026 00:00:00,,0.00,0.00,0.00,610014,0 0 0 0 0 9 212 39,False,False,1,Ethanol 2.5 lit
1391,01/27/2026 07:00:00,01/06/2026 00:00:00,,01/06/2026 00:00:00,,0.00,0.00,0.00,610005,0 0 0 0 0 9 212 41,False,False,1,merlin
1392,01/27/2026 07:03:00,01/06/2026 00:00:00,,01/06/2026 00:00:00,,0.00,0.00,0.00,610016,0 0 0 0 0 9 212 43,False,False,1,
1393,01/28/2026 06:24:00,01/11/2026 00:00:00,,01/11/2026 00:00:00,,0.00,0.00,0.00,610018,0 0 0 0 0 9 212 45,False,False,1,
1394,01/28/2026 06:24:00,01/11/2026 00:00:00,,01/11/2026 00:00:00,,0.00,0.00,0.00,610012,0 0 0 0 0 9 212 47,False,False,1,
1395,01/28/2026 06:27:00,01/11/2026 00:00:00,,01/11/2026 00:00:00,,0.00,0.00,0.00,610014,0 0 0 0 0 9 212 49,False,False,1,
1396,01/28/2026 06:29:00,01/11/2026 00:00:00,,01/11/2026 00:00:00,,0.00,0.00,0.00,610019,0 0 0 0 0 9 212 51,False,False,1,
1397,01/28/2026 06:30:00,01/11/2026 00:00:00,,01/11/2026 00:00:00,,0.00,0.00,0.00,610004,0 0 0 0 0 9 212 53,False,False,1,
1398,01/28/2026 06:50:00,01/12/2026 00:00:00,,01/12/2026 00:00:00,,0.00,0.00,0.00,610012,0 0 0 0 0 9 212 55,False,False,1,
1399,01/28/2026 06:51:00,01/12/2026 00:00:00,,01/12/2026 00:00:00,,0.00,0.00,0.00,610016,0 0 0 0 0 9 212 57,False,False,1,
1400,01/29/2026 05:30:00,01/13/2026 00:00:00,,01/13/2026 00:00:00,,0.00,0.00,0.00,610018,0 0 0 0 0 9 212 59,False,False,1,
1401,01/29/2026 05:30:00,01/13/2026 00:00:00,,01/13/2026 00:00:00,,0.00,0.00,0.00,610005,0 0 0 0 0 9 212 61,False,False,1,
1402,01/29/2026 05:31:00,01/13/2026 00:00:00,,01/13/2026 00:00:00,,0.00,0.00,0.00,610004,0 0 0 0 0 9 212 63,False,False,1,
1403,01/29/2026 05:32:00,01/13/2026 00:00:00,,01/13/2026 00:00:00,,0.00,0.00,0.00,610012,0 0 0 0 0 9 212 65,False,False,1,
1404,01/29/2026 05:45:00,01/14/2026 00:00:00,,01/14/2026 00:00:00,,0.00,0.00,0.00,610004,0 0 0 0 0 9 212 67,False,False,1,
1405,01/29/2026 05:45:00,01/14/2026 00:00:00,,01/14/2026 00:00:00,,0.00,0.00,0.00,610018,0 0 0 0 0 9 212 69,False,False,1,
1406,01/29/2026 05:46:00,01/14/2026 00:00:00,,01/14/2026 00:00:00,,0.00,0.00,0.00,610019,0 0 0 0 0 9 212 71,False,False,1,
1407,01/29/2026 05:49:00,01/17/2026 00:00:00,,01/17/2026 00:00:00,,0.00,0.00,0.00,610016,0 0 0 0 0 9 212 73,False,False,1,
1408,01/29/2026 05:59:00,01/17/2026 00:00:00,,01/17/2026 00:00:00,,0.00,0.00,0.00,610004,0 0 0 0 0 9 212 75,False,False,1,
1409,01/29/2026 06:00:00,01/17/2026 00:00:00,,01/17/2026 00:00:00,,0.00,0.00,0.00,610014,0 0 0 0 0 9 212 77,False,False,1,
1410,01/29/2026 06:01:00,01/17/2026 00:00:00,,01/17/2026 00:00:00,,0.00,0.00,0.00,610018,0 0 0 0 0 9 212 79,False,False,1,
1411,02/09/2026 01:57:00,01/18/2026 00:00:00,,01/18/2026 00:00:00,,0.00,0.00,0.00,610005,0 0 0 0 0 9 227 168,False,False,1,
1412,02/09/2026 02:03:00,01/18/2026 00:00:00,,01/18/2026 00:00:00,,0.00,0.00,0.00,610014,0 0 0 0 0 9 227 170,False,False,1,
1413,02/09/2026 02:07:00,01/18/2026 00:00:00,,01/18/2026 00:00:00,,0.00,0.00,0.00,610012,0 0 0 0 0 9 227 172,False,False,1,
1414,02/09/2026 02:09:00,01/18/2026 00:00:00,,01/18/2026 00:00:00,,0.00,0.00,0.00,610004,0 0 0 0 0 9 227 174,False,False,1,
1415,02/11/2026 01:51:00,01/19/2026 00:00:00,,01/19/2026 00:00:00,,0.00,0.00,0.00,610012,0 0 0 0 0 9 243 70,False,False,1,
1416,02/11/2026 01:54:00,01/19/2026 00:00:00,,01/19/2026 00:00:00,,0.00,0.00,0.00,610018,0 0 0 0 0 9 243 72,False,False,1,Hasnaat
1417,02/12/2026 00:18:00,01/19/2026 00:00:00,,01/19/2026 00:00:00,,0.00,0.00,0.00,610004,0 0 0 0 0 9 243 74,False,False,1,
1418,02/14/2026 00:14:00,01/20/2026 00:00:00,,01/20/2026 00:00:00,,0.00,0.00,0.00,610004,0 0 0 0 0 10 2 230,False,False,1,
1419,02/14/2026 00:25:00,01/20/2026 00:00:00,,01/20/2026 00:00:00,,0.00,0.00,0.00,610019,0 0 0 0 0 10 2 232,False,False,1,
1420,02/14/2026 00:26:00,01/20/2026 00:00:00,,01/20/2026 00:00:00,,0.00,0.00,0.00,610016,0 0 0 0 0 10 2 234,False,False,1,
1421,02/14/2026 03:06:00,01/21/2026 00:00:00,,01/21/2026 00:00:00,,0.00,0.00,0.00,610014,0 0 0 0 0 10 2 236,False,False,1,
1422,02/14/2026 03:14:00,01/21/2026 00:00:00,,01/21/2026 00:00:00,,0.00,0.00,0.00,610004,0 0 0 0 0 10 2 238,False,False,1,
1423,02/14/2026 03:47:00,01/21/2026 00:00:00,,01/21/2026 00:00:00,,0.00,0.00,0.00,610012,0 0 0 0 0 10 2 240,False,False,1,
1424,02/14/2026 05:28:00,01/22/2026 00:00:00,,01/22/2026 00:00:00,,0.00,0.00,0.00,610019,0 0 0 0 0 10 18 134,False,False,1,
1425,02/14/2026 05:30:00,01/22/2026 00:00:00,,01/22/2026 00:00:00,,0.00,0.00,0.00,610014,0 0 0 0 0 10 18 136,False,False,1,
1426,02/14/2026 05:30:00,01/22/2026 00:00:00,,01/22/2026 00:00:00,,0.00,0.00,0.00,610018,0 0 0 0 0 10 18 138,False,False,1,
1427,02/14/2026 05:31:00,01/22/2026 00:00:00,,01/22/2026 00:00:00,,0.00,0.00,0.00,610005,0 0 0 0 0 10 18 140,False,False,1,
1428,02/14/2026 05:58:00,01/22/2026 00:00:00,,01/22/2026 00:00:00,,0.00,0.00,0.00,610004,0 0 0 0 0 10 18 142,False,False,1,
1429,02/14/2026 20:49:00,01/24/2026 00:00:00,,01/24/2026 00:00:00,,0.00,0.00,0.00,610018,0 0 0 0 0 10 18 146,False,False,1,From LHR
1430,02/14/2026 20:49:00,01/24/2026 00:00:00,,01/24/2026 00:00:00,,0.00,0.00,0.00,610012,0 0 0 0 0 10 18 148,False,False,1,
1431,02/14/2026 23:04:00,01/26/2026 00:00:00,,01/26/2026 00:00:00,,0.00,0.00,0.00,610004,0 0 0 0 0 10 18 150,False,False,1,
1432,02/14/2026 23:07:00,01/26/2026 00:00:00,,01/26/2026 00:00:00,,0.00,0.00,0.00,610019,0 0 0 0 0 10 18 152,False,False,1,
1433,02/14/2026 23:08:00,01/26/2026 00:00:00,,01/26/2026 00:00:00,,0.00,0.00,0.00,610005,0 0 0 0 0 10 18 154,False,False,1,
1434,02/14/2026 23:27:00,01/27/2026 00:00:00,,01/27/2026 00:00:00,,0.00,0.00,0.00,610014,0 0 0 0 0 10 18 156,False,False,1,
1435,02/14/2026 23:27:00,01/27/2026 00:00:00,,01/27/2026 00:00:00,,0.00,0.00,0.00,610019,0 0 0 0 0 10 18 158,False,False,1,
1436,02/14/2026 23:31:00,01/27/2026 00:00:00,,01/27/2026 00:00:00,,0.00,0.00,0.00,610004,0 0 0 0 0 10 18 160,False,False,1,
1437,02/14/2026 23:33:00,01/27/2026 00:00:00,,01/27/2026 00:00:00,,0.00,0.00,0.00,610018,0 0 0 0 0 10 18 162,False,False,1,
1438,02/14/2026 23:34:00,01/27/2026 00:00:00,,01/27/2026 00:00:00,,0.00,0.00,0.00,610012,0 0 0 0 0 10 18 164,False,False,1,
1439,02/15/2026 00:09:00,01/28/2026 00:00:00,,01/28/2026 00:00:00,,0.00,0.00,0.00,610004,0 0 0 0 0 10 18 166,False,False,1,
1440,02/15/2026 00:10:00,01/28/2026 00:00:00,,01/28/2026 00:00:00,,0.00,0.00,0.00,610014,0 0 0 0 0 10 18 168,False,False,1,
1441,02/15/2026 00:11:00,01/28/2026 00:00:00,,01/28/2026 00:00:00,,0.00,0.00,0.00,610016,0 0 0 0 0 10 18 170,False,False,1,
1442,02/15/2026 00:11:00,01/28/2026 00:00:00,,01/28/2026 00:00:00,,0.00,0.00,0.00,610019,0 0 0 0 0 10 18 172,False,False,1,
1443,02/15/2026 00:40:00,01/29/2026 00:00:00,,01/29/2026 00:00:00,,0.00,0.00,0.00,610012,0 0 0 0 0 10 18 174,False,False,1,
1444,02/15/2026 00:46:00,01/29/2026 00:00:00,,01/29/2026 00:00:00,,0.00,0.00,0.00,610014,0 0 0 0 0 10 18 176,False,False,1,
1445,02/15/2026 00:48:00,01/29/2026 00:00:00,,01/29/2026 00:00:00,,0.00,0.00,0.00,610018,0 0 0 0 0 10 18 178,False,False,1,
1446,02/15/2026 00:54:00,01/29/2026 00:00:00,,01/29/2026 00:00:00,,0.00,0.00,0.00,610004,0 0 0 0 0 10 18 182,False,False,1,
1447,02/16/2026 04:05:00,01/31/2026 00:00:00,,01/31/2026 00:00:00,,0.00,0.00,0.00,610014,0 0 0 0 0 10 18 184,False,False,1,
1448,02/16/2026 04:05:00,01/31/2026 00:00:00,,01/31/2026 00:00:00,,0.00,0.00,0.00,610005,0 0 0 0 0 10 18 186,False,False,1,
1449,02/16/2026 04:15:00,01/31/2026 00:00:00,,01/31/2026 00:00:00,,0.00,0.00,0.00,610004,0 0 0 0 0 10 18 190,False,False,1,
1450,02/16/2026 04:19:00,01/31/2026 00:00:00,,01/31/2026 00:00:00,,0.00,0.00,0.00,610019,0 0 0 0 0 10 18 192,False,False,1,
1451,02/19/2026 02:16:00,02/01/2026 00:00:00,,02/01/2026 00:00:00,,0.00,0.00,0.00,610019,0 0 0 0 0 10 49 232,False,False,1,
1452,02/19/2026 02:26:00,02/01/2026 00:00:00,,02/01/2026 00:00:00,,0.00,0.00,0.00,610004,0 0 0 0 0 10 49 234,False,False,1,
1453,02/19/2026 02:31:00,02/01/2026 00:00:00,,02/01/2026 00:00:00,,0.00,0.00,0.00,610014,0 0 0 0 0 10 49 236,False,False,1,
1454,02/19/2026 03:33:00,02/02/2026 00:00:00,,02/02/2026 00:00:00,,0.00,0.00,0.00,610004,0 0 0 0 0 10 49 238,False,False,1,
1455,02/19/2026 03:36:00,02/02/2026 00:00:00,,02/02/2026 00:00:00,,0.00,0.00,0.00,610012,0 0 0 0 0 10 49 240,False,False,1,
1456,02/25/2026 02:17:00,02/03/2026 00:00:00,,02/03/2026 00:00:00,,0.00,0.00,0.00,610016,0 0 0 0 0 10 65 103,False,False,1,
1457,02/27/2026 22:14:00,02/04/2026 00:00:00,,02/04/2026 00:00:00,,0.00,0.00,0.00,610019,0 0 0 0 0 10 81 6,False,False,1,
1458,02/27/2026 22:18:00,02/04/2026 00:00:00,,02/04/2026 00:00:00,,0.00,0.00,0.00,610004,0 0 0 0 0 10 81 8,False,False,1,
1459,02/27/2026 22:20:00,02/04/2026 00:00:00,,02/04/2026 00:00:00,,0.00,0.00,0.00,610018,0 0 0 0 0 10 81 10,False,False,1,
1460,02/27/2026 23:38:00,02/05/2026 00:00:00,,02/05/2026 00:00:00,,0.00,0.00,0.00,610014,0 0 0 0 0 10 96 166,False,False,1,
1461,02/27/2026 23:41:00,02/05/2026 00:00:00,,02/05/2026 00:00:00,,0.00,0.00,0.00,610004,0 0 0 0 0 10 96 168,False,False,1,
1462,02/28/2026 00:18:00,02/07/2026 00:00:00,,02/07/2026 00:00:00,,0.00,0.00,0.00,610018,0 0 0 0 0 10 96 170,False,False,1,
1463,02/28/2026 00:22:00,02/07/2026 00:00:00,,02/07/2026 00:00:00,,0.00,0.00,0.00,610005,0 0 0 0 0 10 96 172,False,False,1,
1464,02/28/2026 00:47:00,02/08/2026 00:00:00,,02/08/2026 00:00:00,,0.00,0.00,0.00,610018,0 0 0 0 0 10 96 174,False,False,1,
1465,02/28/2026 00:57:00,02/08/2026 00:00:00,,02/08/2026 00:00:00,,0.00,0.00,0.00,610014,0 0 0 0 0 10 96 176,False,False,1,
1466,02/28/2026 01:01:00,02/08/2026 00:00:00,,02/08/2026 00:00:00,,0.00,0.00,0.00,610018,0 0 0 0 0 10 96 178,False,False,1,
1467,02/28/2026 01:14:00,02/08/2026 00:00:00,,02/08/2026 00:00:00,,0.00,0.00,0.00,610004,0 0 0 0 0 10 96 180,False,False,1,
1468,02/28/2026 01:16:00,02/08/2026 00:00:00,,02/08/2026 00:00:00,,0.00,0.00,0.00,610016,0 0 0 0 0 10 96 182,False,False,1,
1469,02/28/2026 01:18:00,02/08/2026 00:00:00,,02/08/2026 00:00:00,,0.00,0.00,0.00,610004,0 0 0 0 0 10 96 184,False,False,1,
1470,02/28/2026 01:20:00,02/08/2026 00:00:00,,02/08/2026 00:00:00,,0.00,0.00,0.00,610016,0 0 0 0 0 10 96 186,False,False,1,
1471,02/28/2026 01:22:00,02/08/2026 00:00:00,,02/08/2026 00:00:00,,0.00,0.00,0.00,610012,0 0 0 0 0 10 96 188,False,False,1,
1472,02/28/2026 02:25:00,02/09/2026 00:00:00,,02/09/2026 00:00:00,,0.00,0.00,0.00,610018,0 0 0 0 0 10 96 190,False,False,1,
1473,02/28/2026 02:37:00,02/10/2026 00:00:00,,02/10/2026 00:00:00,,0.00,0.00,0.00,610004,0 0 0 0 0 10 96 192,False,False,1,
1474,02/28/2026 02:38:00,02/10/2026 00:00:00,,02/10/2026 00:00:00,,0.00,0.00,0.00,610018,0 0 0 0 0 10 96 194,False,False,1,
1475,02/28/2026 03:36:00,02/11/2026 00:00:00,,12/11/2026 00:00:00,,0.00,0.00,0.00,610012,0 0 0 0 0 10 112 70,False,False,1,
1476,02/28/2026 03:38:00,02/11/2026 00:00:00,,02/11/2026 00:00:00,,0.00,0.00,0.00,610004,0 0 0 0 0 10 112 72,False,False,1,
1477,02/28/2026 04:18:00,02/12/2026 00:00:00,,02/12/2026 00:00:00,,0.00,0.00,0.00,610018,0 0 0 0 0 10 112 74,False,False,1,
1478,02/28/2026 04:20:00,02/12/2026 00:00:00,,02/12/2026 00:00:00,,0.00,0.00,0.00,610005,0 0 0 0 0 10 112 76,False,False,1,
1479,02/28/2026 04:20:00,02/12/2026 00:00:00,,02/12/2026 00:00:00,,0.00,0.00,0.00,610005,0 0 0 0 0 10 112 78,False,False,1,
1480,02/28/2026 04:28:00,02/12/2026 00:00:00,,02/12/2026 00:00:00,,0.00,0.00,0.00,610014,0 0 0 0 0 10 112 80,False,False,1,
1481,02/28/2026 04:35:00,02/12/2026 00:00:00,,02/12/2026 00:00:00,,0.00,0.00,0.00,610014,0 0 0 0 0 10 112 82,False,False,1,
1482,02/28/2026 04:36:00,02/12/2026 00:00:00,,02/12/2026 00:00:00,,0.00,0.00,0.00,610018,0 0 0 0 0 10 112 84,False,False,1,
1483,02/28/2026 04:41:00,02/12/2026 00:00:00,,02/12/2026 00:00:00,,0.00,0.00,0.00,610004,0 0 0 0 0 10 112 86,False,False,1,
1484,02/28/2026 21:58:00,02/13/2026 00:00:00,,02/13/2026 00:00:00,,0.00,0.00,0.00,610012,0 0 0 0 0 10 112 88,False,False,1,
1485,02/28/2026 22:02:00,02/13/2026 00:00:00,,02/13/2026 00:00:00,,0.00,0.00,0.00,610018,0 0 0 0 0 10 112 90,False,False,1,
1486,02/28/2026 22:05:00,02/14/2026 00:00:00,,02/14/2026 00:00:00,,0.00,0.00,0.00,610018,0 0 0 0 0 10 112 92,False,False,1,
1487,02/28/2026 23:55:00,02/15/2026 00:00:00,,02/15/2026 00:00:00,,0.00,0.00,0.00,610019,0 0 0 0 0 10 127 230,False,False,1,
1488,02/28/2026 23:56:00,02/15/2026 00:00:00,,02/15/2026 00:00:00,,0.00,0.00,0.00,610012,0 0 0 0 0 10 127 232,False,False,1,
1489,02/28/2026 23:56:00,02/15/2026 00:00:00,,02/15/2026 00:00:00,,0.00,0.00,0.00,610018,0 0 0 0 0 10 127 234,False,False,1,
1490,03/01/2026 01:04:00,02/16/2026 00:00:00,,02/16/2026 00:00:00,,0.00,0.00,0.00,610018,0 0 0 0 0 10 127 236,False,False,1,Hasnaat
1491,03/01/2026 01:21:00,02/17/2026 00:00:00,,02/17/2026 00:00:00,,0.00,0.00,0.00,610019,0 0 0 0 0 10 127 238,False,False,1,
1492,03/01/2026 01:22:00,02/17/2026 00:00:00,,02/17/2026 00:00:00,,0.00,0.00,0.00,610012,0 0 0 0 0 10 127 240,False,False,1,
1493,03/01/2026 01:23:00,02/17/2026 00:00:00,,02/17/2026 00:00:00,,0.00,0.00,0.00,610014,0 0 0 0 0 10 127 242,False,False,1,
1494,03/01/2026 01:43:00,02/17/2026 00:00:00,,02/17/2026 00:00:00,,0.00,0.00,0.00,610004,0 0 0 0 0 10 127 246,False,False,1,
1495,03/01/2026 02:43:00,02/18/2026 00:00:00,,02/18/2026 00:00:00,,0.00,0.00,0.00,610012,0 0 0 0 0 10 127 248,False,False,1,
1496,03/01/2026 02:48:00,02/18/2026 00:00:00,,02/18/2026 00:00:00,,0.00,0.00,0.00,610014,0 0 0 0 0 10 127 250,False,False,1,
1497,03/01/2026 02:49:00,02/18/2026 00:00:00,,02/18/2026 00:00:00,,0.00,0.00,0.00,610018,0 0 0 0 0 10 127 252,False,False,1,
1498,03/01/2026 02:51:00,02/18/2026 00:00:00,,02/18/2026 00:00:00,,0.00,0.00,0.00,610004,0 0 0 0 0 10 127 254,False,False,1,
1499,03/01/2026 03:20:00,02/19/2026 00:00:00,,02/19/2026 00:00:00,,0.00,0.00,0.00,610004,0 0 0 0 0 10 128 1,False,False,1,
1500,03/01/2026 03:21:00,02/19/2026 00:00:00,,02/19/2026 00:00:00,,0.00,0.00,0.00,610018,0 0 0 0 0 10 128 3,False,False,1,
1501,03/01/2026 03:36:00,02/21/2026 00:00:00,,02/21/2026 00:00:00,,0.00,0.00,0.00,610018,0 0 0 0 0 10 128 5,False,False,1,
1502,03/01/2026 03:37:00,02/21/2026 00:00:00,,02/21/2026 00:00:00,,0.00,0.00,0.00,610014,0 0 0 0 0 10 128 7,False,False,1,
1503,03/01/2026 03:38:00,02/21/2026 00:00:00,,02/21/2026 00:00:00,,0.00,0.00,0.00,610005,0 0 0 0 0 10 128 9,False,False,1,
1504,03/01/2026 03:39:00,02/21/2026 00:00:00,,02/21/2026 00:00:00,,0.00,0.00,0.00,610018,0 0 0 0 0 10 128 11,False,False,1,
1505,03/01/2026 03:50:00,02/21/2026 00:00:00,,02/21/2026 00:00:00,,0.00,0.00,0.00,610004,0 0 0 0 0 10 128 13,False,False,1,
1506,03/01/2026 03:51:00,02/21/2026 00:00:00,,02/21/2026 00:00:00,,0.00,0.00,0.00,610012,0 0 0 0 0 10 128 15,False,False,1,
1507,03/01/2026 03:53:00,02/21/2026 00:00:00,,02/21/2026 00:00:00,,0.00,0.00,0.00,610005,0 0 0 0 0 10 128 17,False,False,1,
1508,03/01/2026 03:55:00,02/21/2026 00:00:00,,02/21/2026 00:00:00,,0.00,0.00,0.00,610004,0 0 0 0 0 10 128 19,False,False,1,
1509,03/01/2026 04:00:00,02/21/2026 00:00:00,,02/21/2026 00:00:00,,0.00,0.00,0.00,610004,0 0 0 0 0 10 128 21,False,False,1,
1510,03/02/2026 23:27:00,02/22/2026 00:00:00,,02/22/2026 00:00:00,,0.00,0.00,0.00,610016,0 0 0 0 0 10 128 23,False,False,1,
1511,03/02/2026 23:29:00,02/22/2026 00:00:00,,02/22/2026 00:00:00,,0.00,0.00,0.00,610012,0 0 0 0 0 10 128 25,False,False,1,
1512,03/02/2026 23:39:00,02/22/2026 00:00:00,,02/22/2026 00:00:00,,0.00,0.00,0.00,610004,0 0 0 0 0 10 128 27,False,False,1,
1513,03/04/2026 00:16:00,02/23/2026 00:00:00,,02/23/2026 00:00:00,,0.00,0.00,0.00,610018,0 0 0 0 0 10 128 33,False,False,1,
1514,03/05/2026 00:19:00,02/23/2026 00:00:00,,02/23/2026 00:00:00,,0.00,0.00,0.00,610004,0 0 0 0 0 10 128 39,False,False,1,
1515,03/05/2026 00:33:00,02/24/2026 00:00:00,,02/24/2026 00:00:00,,0.00,0.00,0.00,610012,0 0 0 0 0 10 128 43,False,False,1,
1516,03/05/2026 00:41:00,02/24/2026 00:00:00,,02/24/2026 00:00:00,,0.00,0.00,0.00,610014,0 0 0 0 0 10 128 45,False,False,1,
1517,03/05/2026 00:42:00,02/24/2026 00:00:00,,02/24/2026 00:00:00,,0.00,0.00,0.00,610018,0 0 0 0 0 10 128 47,False,False,1,
1518,03/05/2026 02:00:00,02/24/2026 00:00:00,,02/24/2026 00:00:00,,0.00,0.00,0.00,610004,0 0 0 0 0 10 128 49,False,False,1,
1519,03/05/2026 02:40:00,02/25/2026 00:00:00,,02/25/2026 00:00:00,,0.00,0.00,0.00,610004,0 0 0 0 0 10 128 53,False,False,1,
1520,03/05/2026 02:41:00,02/25/2026 00:00:00,,02/25/2026 00:00:00,,0.00,0.00,0.00,610012,0 0 0 0 0 10 128 55,False,False,1,
1521,03/05/2026 02:42:00,02/25/2026 00:00:00,,02/25/2026 00:00:00,,0.00,0.00,0.00,610005,0 0 0 0 0 10 128 57,False,False,1,
1522,03/05/2026 03:18:00,02/26/2026 00:00:00,,02/26/2026 00:00:00,,0.00,0.00,0.00,610018,0 0 0 0 0 10 128 59,False,False,1,
1523,03/05/2026 03:19:00,02/26/2026 00:00:00,,02/26/2026 00:00:00,,0.00,0.00,0.00,610016,0 0 0 0 0 10 128 61,False,False,1,
1524,03/05/2026 03:20:00,02/26/2026 00:00:00,,02/26/2026 00:00:00,,0.00,0.00,0.00,610012,0 0 0 0 0 10 128 63,False,False,1,
1525,03/05/2026 05:43:00,02/26/2026 00:00:00,,02/26/2026 00:00:00,,0.00,0.00,0.00,610004,0 0 0 0 0 10 143 134,False,False,1,
1526,03/05/2026 05:55:00,02/27/2026 00:00:00,,02/27/2026 00:00:00,,0.00,0.00,0.00,610018,0 0 0 0 0 10 143 136,False,False,1,
1527,03/05/2026 06:03:00,02/28/2026 00:00:00,,02/28/2026 00:00:00,,0.00,0.00,0.00,610004,0 0 0 0 0 10 143 138,False,False,1,
1528,03/06/2026 20:52:00,03/01/2026 00:00:00,,03/01/2026 00:00:00,,0.00,0.00,0.00,610004,0 0 0 0 0 10 159 38,False,False,1,
1529,03/06/2026 21:49:00,03/02/2026 00:00:00,,03/02/2026 00:00:00,,0.00,0.00,0.00,610014,0 0 0 0 0 10 159 40,False,False,1,
1530,03/06/2026 22:09:00,03/02/2026 00:00:00,,03/02/2026 00:00:00,,0.00,0.00,0.00,610004,0 0 0 0 0 10 159 44,False,False,1,
1531,03/06/2026 23:19:00,03/03/2026 00:00:00,,03/03/2026 00:00:00,,0.00,0.00,0.00,610018,0 0 0 0 0 10 159 46,False,False,1,
1532,03/06/2026 23:22:00,03/03/2026 00:00:00,,03/03/2026 00:00:00,,0.00,0.00,0.00,610004,0 0 0 0 0 10 159 48,False,False,1,
1533,03/06/2026 23:41:00,03/04/2026 00:00:00,,03/04/2026 00:00:00,,0.00,0.00,0.00,610018,0 0 0 0 0 10 159 50,False,False,1,
1534,03/06/2026 23:42:00,03/04/2026 00:00:00,,03/04/2026 00:00:00,,0.00,0.00,0.00,610016,0 0 0 0 0 10 159 52,False,False,1,
1535,03/10/2026 00:55:00,03/03/2026 00:00:00,,03/03/2026 00:00:00,,0.00,0.00,0.00,610018,0 0 0 0 0 10 174 198,False,False,1,
1536,03/10/2026 21:49:00,03/05/2026 00:00:00,,03/05/2026 00:00:00,,0.00,0.00,0.00,610014,0 0 0 0 0 10 190 102,False,False,1,
1537,03/10/2026 21:50:00,03/05/2026 00:00:00,,03/05/2026 00:00:00,,0.00,0.00,0.00,610004,0 0 0 0 0 10 190 104,False,False,1,
1538,03/10/2026 21:51:00,03/05/2026 00:00:00,,03/05/2026 00:00:00,,0.00,0.00,0.00,610005,0 0 0 0 0 10 190 106,False,False,1,
1539,03/10/2026 21:52:00,03/05/2026 00:00:00,,03/05/2026 00:00:00,,0.00,0.00,0.00,610012,0 0 0 0 0 10 190 108,False,False,1,
1540,03/10/2026 22:52:00,03/07/2026 00:00:00,,03/07/2026 00:00:00,,0.00,0.00,0.00,610004,0 0 0 0 0 10 190 118,False,False,1,
1541,03/10/2026 22:41:00,03/07/2026 00:00:00,,03/07/2026 00:00:00,,0.00,0.00,0.00,610012,0 0 0 0 0 10 190 112,False,False,1,
1542,03/10/2026 22:42:00,03/07/2026 00:00:00,,03/07/2026 00:00:00,,0.00,0.00,0.00,610005,0 0 0 0 0 10 190 114,False,False,1,
1543,03/10/2026 22:45:00,03/07/2026 00:00:00,,03/07/2026 00:00:00,,0.00,0.00,0.00,610018,0 0 0 0 0 10 190 116,False,False,1,
1544,03/10/2026 23:52:00,03/08/2026 00:00:00,,03/08/2026 00:00:00,,0.00,0.00,0.00,610004,0 0 0 0 0 10 190 122,False,False,1,
1545,03/11/2026 00:19:00,03/09/2026 00:00:00,,03/09/2026 00:00:00,,0.00,0.00,0.00,610012,0 0 0 0 0 10 190 124,False,False,1,
1546,03/11/2026 00:24:00,03/09/2026 00:00:00,,03/09/2026 00:00:00,,0.00,0.00,0.00,610004,0 0 0 0 0 10 190 126,False,False,1,
1547,03/11/2026 00:25:00,03/09/2026 00:00:00,,03/09/2026 00:00:00,,0.00,0.00,0.00,610014,0 0 0 0 0 10 190 128,False,False,1,
1548,03/11/2026 00:25:00,03/09/2026 00:00:00,,03/09/2026 00:00:00,,0.00,0.00,0.00,610012,0 0 0 0 0 10 190 130,False,False,1,
1549,03/11/2026 00:26:00,03/09/2026 00:00:00,,03/09/2026 00:00:00,,0.00,0.00,0.00,610005,0 0 0 0 0 10 190 132,False,False,1,
1550,03/12/2026 01:28:00,03/10/2026 00:00:00,,03/10/2026 00:00:00,,0.00,0.00,0.00,610004,0 0 0 0 0 10 206 8,False,False,1,
1551,03/11/2026 04:18:00,03/10/2026 00:00:00,,03/10/2026 00:00:00,,0.00,0.00,0.00,610014,0 0 0 0 0 10 190 136,False,False,1,
1552,03/12/2026 00:18:00,03/11/2026 00:00:00,,03/11/2026 00:00:00,,0.00,0.00,0.00,610018,0 0 0 0 0 10 206 6,False,False,1,
1553,03/12/2026 01:30:00,03/11/2026 00:00:00,,03/11/2026 00:00:00,,0.00,0.00,0.00,610004,0 0 0 0 0 10 206 10,False,False,1,
1554,03/12/2026 01:31:00,03/11/2026 00:00:00,,03/11/2026 00:00:00,,0.00,0.00,0.00,610005,0 0 0 0 0 10 206 12,False,False,1,
1555,03/14/2026 01:39:00,03/12/2026 00:00:00,,03/12/2026 00:00:00,,0.00,0.00,0.00,610018,0 0 0 0 0 10 221 166,False,False,1,
1556,03/14/2026 01:39:00,03/12/2026 00:00:00,,03/12/2026 00:00:00,,0.00,0.00,0.00,610016,0 0 0 0 0 10 221 168,False,False,1,
1557,03/16/2026 00:11:00,03/12/2026 00:00:00,,03/12/2026 00:00:00,,0.00,0.00,0.00,610004,0 0 0 0 0 10 221 214,False,False,1,
1558,03/14/2026 01:42:00,03/12/2026 00:00:00,,03/12/2026 00:00:00,,0.00,0.00,0.00,610012,0 0 0 0 0 10 221 172,False,False,1,
1559,03/16/2026 00:13:00,03/14/2026 00:00:00,,03/14/2026 00:00:00,,0.00,0.00,0.00,610019,0 0 0 0 0 10 221 216,False,False,1,
1560,03/16/2026 00:14:00,03/14/2026 00:00:00,,03/14/2026 00:00:00,,0.00,0.00,0.00,610014,0 0 0 0 0 10 221 218,False,False,1,
1561,03/16/2026 00:15:00,03/14/2026 00:00:00,,03/14/2026 00:00:00,,0.00,0.00,0.00,610018,0 0 0 0 0 10 221 220,False,False,1,
1562,03/16/2026 00:18:00,03/14/2026 00:00:00,,03/14/2026 00:00:00,,0.00,0.00,0.00,610004,0 0 0 0 0 10 221 222,False,False,1,
1563,03/16/2026 01:27:00,03/14/2026 00:00:00,,03/14/2026 00:00:00,,0.00,0.00,0.00,610005,0 0 0 0 0 10 221 224,False,False,1,
1564,03/16/2026 01:53:00,03/15/2026 00:00:00,,03/15/2026 00:00:00,,0.00,0.00,0.00,610004,0 0 0 0 0 10 221 230,False,False,1,
1565,03/16/2026 01:51:00,03/15/2026 00:00:00,,03/15/2026 00:00:00,,0.00,0.00,0.00,610005,0 0 0 0 0 10 221 228,False,False,1,
1566,03/16/2026 02:00:00,03/15/2026 00:00:00,,03/15/2026 00:00:00,,0.00,0.00,0.00,610016,0 0 0 0 0 10 221 232,False,False,1,
1567,03/23/2026 23:04:00,03/15/2026 00:00:00,,03/15/2026 00:00:00,,0.00,0.00,0.00,610018,0 0 0 0 0 10 221 241,False,False,1,
1568,03/23/2026 23:07:00,03/17/2026 00:00:00,,03/17/2026 00:00:00,,0.00,0.00,0.00,610018,0 0 0 0 0 10 221 243,False,False,1,
1569,03/23/2026 23:08:00,03/17/2026 00:00:00,,03/17/2026 00:00:00,,0.00,0.00,0.00,610012,0 0 0 0 0 10 221 245,False,False,1,
1570,03/23/2026 23:09:00,03/17/2026 00:00:00,,03/17/2026 00:00:00,,0.00,0.00,0.00,610004,0 0 0 0 0 10 221 247,False,False,1,
1571,03/23/2026 23:11:00,03/18/2026 00:00:00,,03/18/2026 00:00:00,,0.00,0.00,0.00,610018,0 0 0 0 0 10 221 249,False,False,1,
1572,03/23/2026 23:12:00,03/18/2026 00:00:00,,03/18/2026 00:00:00,,0.00,0.00,0.00,610005,0 0 0 0 0 10 221 251,False,False,1,
1573,03/23/2026 23:15:00,03/18/2026 00:00:00,,03/18/2026 00:00:00,,0.00,0.00,0.00,610004,0 0 0 0 0 10 221 253,False,False,1,
1574,03/27/2026 21:41:00,03/26/2026 00:00:00,,03/26/2026 00:00:00,,0.00,0.00,0.00,610018,0 0 0 0 0 10 221 255,False,False,1,
1575,03/27/2026 21:42:00,03/26/2026 00:00:00,,03/26/2026 00:00:00,,0.00,0.00,0.00,610012,0 0 0 0 0 10 222 2,False,False,1,
1576,03/27/2026 21:43:00,03/26/2026 00:00:00,,03/26/2026 00:00:00,,0.00,0.00,0.00,610004,0 0 0 0 0 10 222 4,False,False,1,
1577,03/29/2026 00:10:00,03/28/2026 00:00:00,,03/28/2026 00:00:00,,0.00,0.00,0.00,610018,0 0 0 0 0 10 237 70,False,False,1,
1578,03/29/2026 00:27:00,03/28/2026 00:00:00,,03/28/2026 00:00:00,,0.00,0.00,0.00,610004,0 0 0 0 0 10 237 72,False,False,1,
1579,03/29/2026 02:35:00,03/28/2026 00:00:00,,03/28/2026 00:00:00,,0.00,0.00,0.00,610014,0 0 0 0 0 10 237 74,False,False,1,
1580,03/31/2026 21:46:00,03/29/2026 00:00:00,,03/29/2026 00:00:00,,0.00,0.00,0.00,610014,0 0 0 0 0 10 237 76,False,False,1,
1581,03/31/2026 21:47:00,03/29/2026 00:00:00,,03/29/2026 00:00:00,,0.00,0.00,0.00,610012,0 0 0 0 0 10 237 78,False,False,1,
1582,03/31/2026 22:39:00,03/29/2026 00:00:00,,03/29/2026 00:00:00,,0.00,0.00,0.00,610004,0 0 0 0 0 10 237 92,False,False,1,
1583,03/31/2026 21:54:00,03/30/2026 00:00:00,,03/30/2026 00:00:00,,0.00,0.00,0.00,610018,0 0 0 0 0 10 237 82,False,False,1,
1584,03/31/2026 21:57:00,03/30/2026 00:00:00,,03/30/2026 00:00:00,,0.00,0.00,0.00,610019,0 0 0 0 0 10 237 84,False,False,1,
1585,03/31/2026 21:58:00,03/30/2026 00:00:00,,03/30/2026 00:00:00,,0.00,0.00,0.00,610014,0 0 0 0 0 10 237 86,False,False,1,
1586,03/31/2026 21:59:00,03/30/2026 00:00:00,,03/30/2026 00:00:00,,0.00,0.00,0.00,610012,0 0 0 0 0 10 237 88,False,False,1,
1587,03/31/2026 22:00:00,03/30/2026 00:00:00,,03/30/2026 00:00:00,,0.00,0.00,0.00,610005,0 0 0 0 0 10 237 90,False,False,1,
1588,04/01/2026 22:37:00,03/30/2026 00:00:00,,03/30/2026 00:00:00,,0.00,0.00,0.00,610018,0 0 0 0 0 10 252 230,False,False,1,
1589,04/05/2026 21:49:00,03/31/2026 00:00:00,,03/31/2026 00:00:00,,-1730841.00,0.00,0.00,610004,0 0 0 0 0 11 59 102,False,False,1,
1590,04/01/2026 22:44:00,03/31/2026 00:00:00,,03/31/2026 00:00:00,,0.00,0.00,0.00,610014,0 0 0 0 0 10 252 234,False,False,1,
1591,04/02/2026 03:57:00,03/31/2026 00:00:00,,03/31/2026 00:00:00,,0.00,0.00,0.00,610012,0 0 0 0 0 11 12 134,False,False,1,
1592,04/02/2026 04:00:00,04/01/2026 00:00:00,,04/01/2026 00:00:00,,0.00,0.00,0.00,610004,0 0 0 0 0 11 12 136,False,False,1,
1593,04/02/2026 04:02:00,04/01/2026 00:00:00,,04/01/2026 00:00:00,,0.00,0.00,0.00,610005,0 0 0 0 0 11 12 138,False,False,1,
1594,04/02/2026 04:03:00,04/01/2026 00:00:00,,04/01/2026 00:00:00,,0.00,0.00,0.00,610018,0 0 0 0 0 11 12 140,False,False,1,
1595,04/03/2026 22:33:00,04/02/2026 00:00:00,,04/02/2026 00:00:00,,0.00,0.00,0.00,610018,0 0 0 0 0 11 28 38,False,False,1,
1596,04/05/2026 21:51:00,04/04/2026 00:00:00,,04/04/2026 00:00:00,,0.00,0.00,0.00,610012,0 0 0 0 0 11 59 104,False,False,1,
1597,04/05/2026 21:52:00,04/04/2026 00:00:00,,04/04/2026 00:00:00,,0.00,0.00,0.00,610019,0 0 0 0 0 11 59 106,False,False,1,
1598,04/05/2026 21:55:00,04/04/2026 00:00:00,,04/04/2026 00:00:00,,0.00,0.00,0.00,610004,0 0 0 0 0 11 59 108,False,False,1,
1599,04/06/2026 03:26:00,04/05/2026 00:00:00,,04/05/2026 00:00:00,,0.00,0.00,0.00,610004,0 0 0 0 0 11 59 110,False,False,1,
1600,04/06/2026 03:28:00,04/05/2026 00:00:00,,04/05/2026 00:00:00,,0.00,0.00,0.00,610018,0 0 0 0 0 11 59 112,False,False,1,
1601,04/06/2026 03:29:00,04/05/2026 00:00:00,,04/05/2026 00:00:00,,0.00,0.00,0.00,610005,0 0 0 0 0 11 59 114,False,False,1,
1602,04/06/2026 03:30:00,04/05/2026 00:00:00,,04/05/2026 00:00:00,,0.00,0.00,0.00,610019,0 0 0 0 0 11 59 116,False,False,1,
1603,04/07/2026 04:47:00,04/06/2026 00:00:00,,04/06/2026 00:00:00,,0.00,0.00,0.00,610018,0 0 0 0 0 11 59 118,False,False,1,
1604,04/07/2026 04:50:00,04/06/2026 00:00:00,,04/06/2026 00:00:00,,0.00,0.00,0.00,610014,0 0 0 0 0 11 59 120,False,False,1,
1605,04/07/2026 05:45:00,04/06/2026 00:00:00,,04/06/2026 00:00:00,,0.00,0.00,0.00,610004,0 0 0 0 0 11 59 122,False,False,1,
1606,04/09/2026 03:07:00,04/08/2026 00:00:00,,04/08/2026 00:00:00,,0.00,0.00,0.00,610004,0 0 0 0 0 11 75 21,False,False,1,
1607,04/14/2026 01:08:00,04/08/2026 00:00:00,,04/08/2026 00:00:00,,0.00,0.00,0.00,610018,0 0 0 0 0 11 122 11,False,False,1,
1608,04/09/2026 03:18:00,04/08/2026 00:00:00,,04/08/2026 00:00:00,,0.00,0.00,0.00,610014,0 0 0 0 0 11 75 28,False,False,1,
1609,04/09/2026 03:18:00,04/08/2026 00:00:00,,04/08/2026 00:00:00,,0.00,0.00,0.00,610019,0 0 0 0 0 11 75 30,False,False,1,
1610,04/09/2026 03:26:00,04/09/2026 00:00:00,,04/09/2026 00:00:00,,0.00,0.00,0.00,610004,0 0 0 0 0 11 75 32,False,False,1,
1611,04/09/2026 03:28:00,04/06/2026 00:00:00,,04/06/2026 00:00:00,,0.00,0.00,0.00,610012,0 0 0 0 0 11 75 34,False,False,1,
1612,04/11/2026 01:38:00,04/09/2026 00:00:00,,04/09/2026 00:00:00,,0.00,0.00,0.00,610019,0 0 0 0 0 11 90 166,False,False,1,
1613,04/11/2026 01:42:00,04/09/2026 00:00:00,,04/09/2026 00:00:00,,0.00,0.00,0.00,610018,0 0 0 0 0 11 90 168,False,False,1,
1614,04/11/2026 02:35:00,04/10/2026 00:00:00,,04/10/2026 00:00:00,,0.00,0.00,0.00,610004,0 0 0 0 0 11 90 170,False,False,1,
1615,04/11/2026 23:51:00,04/11/2026 00:00:00,,04/11/2026 00:00:00,,0.00,0.00,0.00,610005,0 0 0 0 0 11 106 71,False,False,1,
1616,04/11/2026 23:54:00,04/11/2026 00:00:00,,04/11/2026 00:00:00,,0.00,0.00,0.00,610018,0 0 0 0 0 11 106 73,False,False,1,
1617,04/11/2026 23:55:00,04/11/2026 00:00:00,,04/11/2026 00:00:00,,0.00,0.00,0.00,610019,0 0 0 0 0 11 106 75,False,False,1,Q.P
1618,04/14/2026 23:22:00,04/11/2026 00:00:00,,04/11/2026 00:00:00,,0.00,0.00,0.00,610004,0 0 0 0 0 11 122 13,False,False,1,
1619,04/13/2026 23:41:00,04/13/2026 00:00:00,,04/13/2026 00:00:00,,0.00,0.00,0.00,610022,0 0 0 0 0 11 121 236,False,False,1,
1620,04/13/2026 23:42:00,04/12/2026 00:00:00,,04/12/2026 00:00:00,,0.00,0.00,0.00,610005,0 0 0 0 0 11 121 238,False,False,1,
1621,04/14/2026 00:04:00,04/13/2026 00:00:00,,04/13/2026 00:00:00,,0.00,0.00,0.00,610018,0 0 0 0 0 11 121 240,False,False,1,
1622,04/14/2026 00:07:00,04/13/2026 00:00:00,,04/13/2026 00:00:00,,0.00,0.00,0.00,610014,0 0 0 0 0 11 121 242,False,False,1,
1623,04/14/2026 00:08:00,04/13/2026 00:00:00,,04/13/2026 00:00:00,,0.00,0.00,0.00,610019,0 0 0 0 0 11 121 244,False,False,1,
1624,04/14/2026 00:10:00,04/13/2026 00:00:00,,04/13/2026 00:00:00,,0.00,0.00,0.00,610005,0 0 0 0 0 11 121 246,False,False,1,
1625,04/14/2026 00:10:00,04/13/2026 00:00:00,,04/13/2026 00:00:00,,0.00,0.00,0.00,610005,0 0 0 0 0 11 121 248,False,False,1,
1626,04/14/2026 00:12:00,04/13/2026 00:00:00,,04/13/2026 00:00:00,,0.00,0.00,0.00,610012,0 0 0 0 0 11 121 250,False,False,1,
1627,04/15/2026 00:21:00,04/14/2026 00:00:00,,04/14/2026 00:00:00,,0.00,0.00,0.00,610022,0 0 0 0 0 11 137 134,False,False,1,Hasnat
1628,04/15/2026 00:22:00,04/14/2026 00:00:00,,04/14/2026 00:00:00,,0.00,0.00,0.00,610012,0 0 0 0 0 11 137 136,False,False,1,
1629,04/15/2026 00:24:00,04/14/2026 00:00:00,,04/14/2026 00:00:00,,0.00,0.00,0.00,610018,0 0 0 0 0 11 137 138,False,False,1,
1630,04/15/2026 00:29:00,04/14/2026 00:00:00,,04/14/2026 00:00:00,,0.00,0.00,0.00,610004,0 0 0 0 0 11 137 140,False,False,1,
1631,04/25/2026 00:25:00,04/15/2026 00:00:00,,04/15/2026 00:00:00,,0.00,0.00,0.00,610018,0 0 0 0 0 11 168 201,False,False,1,
1632,04/25/2026 00:26:00,04/15/2026 00:00:00,,04/15/2026 00:00:00,,0.00,0.00,0.00,610019,0 0 0 0 0 11 168 203,False,False,1,
1633,04/25/2026 00:27:00,04/15/2026 00:00:00,,04/15/2026 00:00:00,,0.00,0.00,0.00,610005,0 0 0 0 0 11 168 205,False,False,1,
1634,04/25/2026 00:42:00,04/16/2026 00:00:00,,04/16/2026 00:00:00,,0.00,0.00,0.00,610018,0 0 0 0 0 11 168 207,False,False,1,
1635,04/25/2026 00:57:00,04/18/2026 00:00:00,,04/18/2026 00:00:00,,0.00,0.00,0.00,610004,0 0 0 0 0 11 168 209,False,False,1,
1636,04/25/2026 01:24:00,04/19/2026 00:00:00,,04/19/2026 00:00:00,,0.00,0.00,0.00,610018,0 0 0 0 0 11 168 211,False,False,1,
1637,04/25/2026 01:26:00,04/19/2026 00:00:00,,04/19/2026 00:00:00,,0.00,0.00,0.00,610004,0 0 0 0 0 11 168 213,False,False,1,
1638,04/25/2026 02:17:00,04/20/2026 00:00:00,,04/20/2026 00:00:00,,0.00,0.00,0.00,610022,0 0 0 0 0 11 168 215,False,False,1,From Khalid
1639,04/25/2026 02:22:00,04/20/2026 00:00:00,,04/20/2026 00:00:00,,0.00,0.00,0.00,610018,0 0 0 0 0 11 168 221,False,False,1,
1640,04/25/2026 02:23:00,04/20/2026 00:00:00,,04/20/2026 00:00:00,,0.00,0.00,0.00,610012,0 0 0 0 0 11 168 223,False,False,1,
1641,04/25/2026 02:26:00,04/20/2026 00:00:00,,04/20/2026 00:00:00,,0.00,0.00,0.00,610005,0 0 0 0 0 11 168 225,False,False,1,
1642,04/25/2026 02:45:00,04/20/2026 00:00:00,,04/20/2026 00:00:00,,0.00,0.00,0.00,610004,0 0 0 0 0 11 168 233,False,False,1,
1643,04/25/2026 02:52:00,04/20/2026 00:00:00,,04/20/2026 00:00:00,,0.00,0.00,0.00,610014,0 0 0 0 0 11 168 235,False,False,1,
1644,04/27/2026 22:37:00,04/23/2026 00:00:00,,04/23/2026 00:00:00,,0.00,0.00,0.00,610005,0 0 0 0 0 11 168 240,False,False,1,
1645,04/27/2026 22:38:00,04/23/2026 00:00:00,,04/23/2026 00:00:00,,0.00,0.00,0.00,610014,0 0 0 0 0 11 168 242,False,False,1,
1646,04/27/2026 22:39:00,04/23/2026 00:00:00,,04/23/2026 00:00:00,,0.00,0.00,0.00,610018,0 0 0 0 0 11 168 244,False,False,1,
1647,04/27/2026 22:40:00,04/23/2026 00:00:00,,04/23/2026 00:00:00,,0.00,0.00,0.00,610021,0 0 0 0 0 11 168 246,False,False,1,
1648,04/28/2026 00:28:00,04/25/2026 00:00:00,,04/25/2026 00:00:00,,0.00,0.00,0.00,610004,0 0 0 0 0 11 168 248,False,False,1,
1649,04/28/2026 01:39:00,04/26/2026 00:00:00,,04/26/2026 00:00:00,,0.00,0.00,0.00,610004,0 0 0 0 0 11 168 250,False,False,1,
1650,04/28/2026 01:40:00,04/26/2026 00:00:00,,04/26/2026 00:00:00,,0.00,0.00,0.00,610018,0 0 0 0 0 11 168 252,False,False,1,
1651,04/28/2026 01:41:00,04/26/2026 00:00:00,,04/26/2026 00:00:00,,0.00,0.00,0.00,610014,0 0 0 0 0 11 168 254,False,False,1,
1652,04/28/2026 01:42:00,04/26/2026 00:00:00,,04/26/2026 00:00:00,,0.00,0.00,0.00,610019,0 0 0 0 0 11 169 1,False,False,1,
1653,04/28/2026 02:08:00,04/27/2026 00:00:00,,04/27/2026 00:00:00,,0.00,0.00,0.00,610004,0 0 0 0 0 11 169 3,False,False,1,
1654,04/30/2026 03:08:00,04/28/2026 00:00:00,,04/28/2026 00:00:00,,0.00,0.00,0.00,610018,0 0 0 0 0 11 169 25,False,False,1,
1655,04/30/2026 03:10:00,04/28/2026 00:00:00,,04/28/2026 00:00:00,,0.00,0.00,0.00,610004,0 0 0 0 0 11 169 27,False,False,1,
1656,04/30/2026 03:37:00,04/29/2026 00:00:00,,04/29/2026 00:00:00,,0.00,0.00,0.00,610014,0 0 0 0 0 11 169 29,False,False,1,
1657,04/30/2026 03:38:00,04/29/2026 00:00:00,,04/29/2026 00:00:00,,0.00,0.00,0.00,610018,0 0 0 0 0 11 169 31,False,False,1,
1658,04/30/2026 03:42:00,04/29/2026 00:00:00,,04/29/2026 00:00:00,,0.00,0.00,0.00,610005,0 0 0 0 0 11 169 33,False,False,1,
1659,04/30/2026 03:45:00,04/29/2026 00:00:00,,04/29/2026 00:00:00,,0.00,0.00,0.00,610004,0 0 0 0 0 11 169 35,False,False,1,
1660,05/02/2026 01:26:00,04/30/2026 00:00:00,,04/30/2026 00:00:00,,0.00,0.00,0.00,610018,0 0 0 0 0 11 184 102,False,False,1,Shokat UAF
1661,05/02/2026 01:27:00,04/30/2026 00:00:00,,04/30/2026 00:00:00,,0.00,0.00,0.00,610014,0 0 0 0 0 11 184 104,False,False,1,
1662,05/02/2026 01:28:00,04/30/2026 00:00:00,,04/30/2026 00:00:00,,0.00,0.00,0.00,610012,0 0 0 0 0 11 184 106,False,False,1,
1663,05/02/2026 01:30:00,04/30/2026 00:00:00,,04/30/2026 00:00:00,,0.00,0.00,0.00,610004,0 0 0 0 0 11 184 108,False,False,1,
1664,05/02/2026 03:15:00,04/30/2026 00:00:00,,04/30/2026 00:00:00,,0.00,0.00,0.00,610022,0 0 0 0 0 11 184 115,False,False,1,
1665,05/06/2026 03:07:00,05/02/2026 00:00:00,,05/02/2026 00:00:00,,0.00,0.00,0.00,610005,0 0 0 0 0 0 94 39,False,False,1,
1666,05/13/2026 00:38:00,05/02/2026 00:00:00,,05/02/2026 00:00:00,,0.00,0.00,0.00,610004,0 0 0 0 0 0 125 139,False,False,1,
1667,05/06/2026 06:00:00,05/03/2026 00:00:00,,05/03/2026 00:00:00,,0.00,0.00,0.00,610004,0 0 0 0 0 0 94 60,False,False,1,
1668,05/06/2026 06:00:00,05/03/2026 00:00:00,,05/03/2026 00:00:00,,0.00,0.00,0.00,610019,0 0 0 0 0 0 94 62,False,False,1,Ayyoub
1669,05/06/2026 06:02:00,05/03/2026 00:00:00,,05/03/2026 00:00:00,,0.00,0.00,0.00,610022,0 0 0 0 0 0 94 64,False,False,1,Khalid
1670,05/06/2026 06:04:00,05/03/2026 00:00:00,,05/03/2026 00:00:00,,0.00,0.00,0.00,610018,0 0 0 0 0 0 94 66,False,False,1,
1671,05/07/2026 02:55:00,05/04/2026 00:00:00,,05/04/2026 00:00:00,,0.00,0.00,0.00,610018,0 0 0 0 0 0 109 241,False,False,1,
1672,05/06/2026 06:49:00,05/04/2026 00:00:00,,05/04/2026 00:00:00,,0.00,0.00,0.00,610022,0 0 0 0 0 0 94 70,False,False,1,Khalid
1673,05/06/2026 07:00:00,05/05/2026 00:00:00,,05/05/2026 00:00:00,,0.00,0.00,0.00,610014,0 0 0 0 0 0 94 74,False,False,1,
1674,05/06/2026 07:01:00,05/05/2026 00:00:00,,05/05/2026 00:00:00,,0.00,0.00,0.00,610018,0 0 0 0 0 0 94 76,False,False,1,
1675,05/06/2026 07:49:00,05/05/2026 00:00:00,,05/05/2026 00:00:00,,0.00,0.00,0.00,610004,0 0 0 0 0 0 94 83,False,False,1,
1676,05/07/2026 00:16:00,05/06/2026 00:00:00,,05/06/2026 00:00:00,,0.00,0.00,0.00,610004,0 0 0 0 0 0 109 199,False,False,1,
1677,06/02/2026 06:16:00,05/06/2026 00:00:00,,05/06/2026 00:00:00,,0.00,0.00,0.00,610014,0 0 0 0 0 0 187 230,False,False,1,
1678,05/07/2026 00:20:00,05/07/2026 00:00:00,,05/06/2026 00:00:00,,0.00,0.00,0.00,610010,0 0 0 0 0 0 109 203,False,False,1,
1679,05/12/2026 22:33:00,05/07/2026 00:00:00,,05/07/2026 00:00:00,,0.00,0.00,0.00,610014,0 0 0 0 0 0 125 104,False,False,1,
1680,05/12/2026 22:34:00,05/07/2026 00:00:00,,05/07/2026 00:00:00,,0.00,0.00,0.00,610012,0 0 0 0 0 0 125 106,False,False,1,
1681,05/12/2026 22:54:00,05/07/2026 00:00:00,,05/07/2026 00:00:00,,0.00,0.00,0.00,610004,0 0 0 0 0 0 125 110,False,False,1,
1682,05/12/2026 22:58:00,05/07/2026 00:00:00,,05/07/2026 00:00:00,,0.00,0.00,0.00,610018,0 0 0 0 0 0 125 114,False,False,1,
1683,05/12/2026 23:17:00,05/09/2026 00:00:00,,05/09/2026 00:00:00,,0.00,0.00,0.00,610004,0 0 0 0 0 0 125 118,False,False,1,
1684,05/12/2026 23:20:00,05/09/2026 00:00:00,,05/09/2026 00:00:00,,0.00,0.00,0.00,610014,0 0 0 0 0 0 125 120,False,False,1,
1685,05/12/2026 23:38:00,05/10/2026 00:00:00,,05/10/2026 00:00:00,,0.00,0.00,0.00,610004,0 0 0 0 0 0 125 122,False,False,1,
1686,05/12/2026 23:41:00,05/10/2026 00:00:00,,05/10/2026 00:00:00,,0.00,0.00,0.00,610014,0 0 0 0 0 0 125 124,False,False,1,
1687,05/12/2026 23:57:00,05/11/2026 00:00:00,,05/11/2026 00:00:00,,0.00,0.00,0.00,610019,0 0 0 0 0 0 125 126,False,False,1,
1688,05/16/2026 06:53:00,05/12/2026 00:00:00,,05/12/2026 00:00:00,,0.00,0.00,0.00,610022,0 0 0 0 0 0 141 6,False,False,1,Hasnaat
1689,05/16/2026 06:53:00,05/12/2026 00:00:00,,05/12/2026 00:00:00,,0.00,0.00,0.00,610022,0 0 0 0 0 0 141 8,False,False,1,Khalid
1690,05/16/2026 06:54:00,05/12/2026 00:00:00,,05/12/2026 00:00:00,,0.00,0.00,0.00,610018,0 0 0 0 0 0 141 10,False,False,1,
1691,05/16/2026 07:03:00,05/12/2026 00:00:00,,05/12/2026 00:00:00,,0.00,0.00,0.00,610004,0 0 0 0 0 0 141 12,False,False,1,
1692,05/16/2026 07:04:00,05/12/2026 00:00:00,,05/12/2026 00:00:00,,0.00,0.00,0.00,610005,0 0 0 0 0 0 141 14,False,False,1,
1693,05/16/2026 07:05:00,05/12/2026 00:00:00,,05/12/2026 00:00:00,,0.00,0.00,0.00,610018,0 0 0 0 0 0 141 16,False,False,1,
1694,05/16/2026 07:15:00,05/13/2026 00:00:00,,05/13/2026 00:00:00,,0.00,0.00,0.00,610014,0 0 0 0 0 0 141 18,False,False,1,
1695,05/16/2026 07:16:00,05/13/2026 00:00:00,,05/13/2026 00:00:00,,0.00,0.00,0.00,610005,0 0 0 0 0 0 141 20,False,False,1,Merlin
1696,05/16/2026 07:17:00,05/13/2026 00:00:00,,05/13/2026 00:00:00,,0.00,0.00,0.00,610019,0 0 0 0 0 0 141 22,False,False,1,Ayyoub
1697,05/16/2026 07:18:00,05/13/2026 00:00:00,,05/13/2026 00:00:00,,0.00,0.00,0.00,610018,0 0 0 0 0 0 141 24,False,False,1,
1698,05/17/2026 22:55:00,05/14/2026 00:00:00,,05/14/2026 00:00:00,,0.00,0.00,0.00,610004,0 0 0 0 0 0 141 26,False,False,1,
1699,05/17/2026 22:58:00,05/14/2026 00:00:00,,05/14/2026 00:00:00,,0.00,0.00,0.00,610018,0 0 0 0 0 0 141 28,False,False,1,
1700,05/17/2026 22:59:00,05/14/2026 00:00:00,,05/14/2026 00:00:00,,0.00,0.00,0.00,610014,0 0 0 0 0 0 141 30,False,False,1,
1701,05/17/2026 23:00:00,05/14/2026 00:00:00,,05/14/2026 00:00:00,,0.00,0.00,0.00,610012,0 0 0 0 0 0 141 32,False,False,1,
1702,05/17/2026 23:21:00,05/16/2026 00:00:00,,05/16/2026 00:00:00,,0.00,0.00,0.00,610019,0 0 0 0 0 0 141 34,False,False,1,
1703,05/17/2026 23:25:00,05/16/2026 00:00:00,,05/16/2026 00:00:00,,0.00,0.00,0.00,610004,0 0 0 0 0 0 141 38,False,False,1,
1704,05/17/2026 23:26:00,05/16/2026 00:00:00,,05/16/2026 00:00:00,,0.00,0.00,0.00,610018,0 0 0 0 0 0 141 40,False,False,1,
1705,05/18/2026 22:44:00,05/18/2026 00:00:00,,05/18/2026 00:00:00,,0.00,0.00,0.00,610005,0 0 0 0 0 0 141 42,False,False,1,
1706,05/18/2026 22:45:00,05/18/2026 00:00:00,,05/18/2026 00:00:00,,0.00,0.00,0.00,610012,0 0 0 0 0 0 141 44,False,False,1,
1707,05/20/2026 04:55:00,05/19/2026 00:00:00,,05/19/2026 00:00:00,,0.00,0.00,0.00,610004,0 0 0 0 0 0 156 168,False,False,1,
1708,05/20/2026 04:56:00,05/19/2026 00:00:00,,05/19/2026 00:00:00,,0.00,0.00,0.00,610004,0 0 0 0 0 0 156 170,False,False,1,
1709,05/20/2026 04:57:00,05/19/2026 00:00:00,,05/19/2026 00:00:00,,0.00,0.00,0.00,610012,0 0 0 0 0 0 156 172,False,False,1,
1710,05/20/2026 05:01:00,05/19/2026 00:00:00,,05/19/2026 00:00:00,,0.00,0.00,0.00,610019,0 0 0 0 0 0 156 178,False,False,1,Ayyoub
1711,05/20/2026 05:04:00,05/19/2026 00:00:00,,05/19/2026 00:00:00,,0.00,0.00,0.00,610018,0 0 0 0 0 0 156 182,False,False,1,
1712,05/20/2026 05:44:00,05/19/2026 00:00:00,,05/19/2026 00:00:00,,0.00,0.00,0.00,610014,0 0 0 0 0 0 156 184,False,False,1,
1713,05/26/2026 02:37:00,05/19/2026 00:00:00,,05/19/2026 00:00:00,,0.00,0.00,0.00,610005,0 0 0 0 0 0 172 70,False,False,1,
1714,05/26/2026 02:39:00,05/20/2026 00:00:00,,05/20/2026 00:00:00,,0.00,0.00,0.00,610018,0 0 0 0 0 0 172 72,False,False,1,
1715,06/01/2026 00:03:00,05/20/2026 00:00:00,,05/20/2026 00:00:00,,0.00,0.00,0.00,610014,0 0 0 0 0 0 172 169,False,False,1,
1716,05/26/2026 02:45:00,05/20/2026 00:00:00,,05/20/2026 00:00:00,,0.00,0.00,0.00,610004,0 0 0 0 0 0 172 76,False,False,1,
1717,05/26/2026 03:10:00,05/21/2026 00:00:00,,05/21/2026 00:00:00,,0.00,0.00,0.00,610004,0 0 0 0 0 0 172 78,False,False,1,
1718,05/26/2026 03:11:00,05/21/2026 00:00:00,,05/21/2026 00:00:00,,0.00,0.00,0.00,610018,0 0 0 0 0 0 172 80,False,False,1,From Shokat UAF
1719,05/26/2026 03:12:00,05/21/2026 00:00:00,,05/21/2026 00:00:00,,0.00,0.00,0.00,610005,0 0 0 0 0 0 172 82,False,False,1,
1720,05/26/2026 03:12:00,05/21/2026 00:00:00,,05/21/2026 00:00:00,,0.00,0.00,0.00,610005,0 0 0 0 0 0 172 84,False,False,1,Plane
1721,05/26/2026 03:13:00,05/21/2026 00:00:00,,05/21/2026 00:00:00,,0.00,0.00,0.00,610012,0 0 0 0 0 0 172 86,False,False,1,
1722,05/26/2026 03:13:00,05/21/2026 00:00:00,,05/21/2026 00:00:00,,0.00,0.00,0.00,610014,0 0 0 0 0 0 172 88,False,False,1,
1723,05/26/2026 03:37:00,05/23/2026 00:00:00,,05/23/2026 00:00:00,,0.00,0.00,0.00,610012,0 0 0 0 0 0 172 90,False,False,1,
1724,05/26/2026 03:38:00,05/23/2026 00:00:00,,05/23/2026 00:00:00,,0.00,0.00,0.00,610022,0 0 0 0 0 0 172 92,False,False,1,CA/Khalid
1725,05/26/2026 03:40:00,05/23/2026 00:00:00,,05/23/2026 00:00:00,,0.00,0.00,0.00,610021,0 0 0 0 0 0 172 94,False,False,1,
1726,05/26/2026 03:41:00,05/23/2026 00:00:00,,05/23/2026 00:00:00,,0.00,0.00,0.00,610004,0 0 0 0 0 0 172 96,False,False,1,
1727,05/26/2026 03:51:00,05/24/2026 00:00:00,,05/24/2026 00:00:00,,0.00,0.00,0.00,610021,0 0 0 0 0 0 172 98,False,False,1,
1728,05/26/2026 03:53:00,05/24/2026 00:00:00,,05/24/2026 00:00:00,,0.00,0.00,0.00,610004,0 0 0 0 0 0 172 100,False,False,1,
1729,05/26/2026 03:54:00,05/24/2026 00:00:00,,05/24/2026 00:00:00,,0.00,0.00,0.00,610012,0 0 0 0 0 0 172 102,False,False,1,
1730,05/26/2026 04:08:00,05/25/2026 00:00:00,,05/25/2026 00:00:00,,0.00,0.00,0.00,610018,0 0 0 0 0 0 172 104,False,False,1,
1731,06/06/2026 03:07:00,06/02/2026 00:00:00,,06/02/2026 00:00:00,,0.00,0.00,0.00,610022,0 0 0 0 0 0 187 232,False,False,1,Hasnaat
1732,06/06/2026 03:10:00,06/02/2026 00:00:00,,06/02/2026 00:00:00,,0.00,0.00,0.00,610018,0 0 0 0 0 0 187 234,False,False,1,
1733,06/06/2026 03:25:00,06/03/2026 00:00:00,,06/03/2026 00:00:00,,0.00,0.00,0.00,610022,0 0 0 0 0 0 187 236,False,False,1,
1734,06/06/2026 03:26:00,06/03/2026 00:00:00,,06/03/2026 00:00:00,,0.00,0.00,0.00,610022,0 0 0 0 0 0 187 238,False,False,1,Khalid
1735,06/06/2026 03:27:00,06/03/2026 00:00:00,,06/03/2026 00:00:00,,0.00,0.00,0.00,610018,0 0 0 0 0 0 187 240,False,False,1,
1736,06/06/2026 03:42:00,06/04/2026 00:00:00,,06/04/2026 00:00:00,,0.00,0.00,0.00,610004,0 0 0 0 0 0 187 242,False,False,1,
1737,06/06/2026 03:44:00,06/04/2026 00:00:00,,06/04/2026 00:00:00,,0.00,0.00,0.00,610012,0 0 0 0 0 0 187 244,False,False,1,
1738,06/06/2026 04:05:00,06/05/2026 00:00:00,,06/05/2026 00:00:00,,0.00,0.00,0.00,610004,0 0 0 0 0 0 187 246,False,False,1,
1739,06/06/2026 04:05:00,06/05/2026 00:00:00,,06/05/2026 00:00:00,,0.00,0.00,0.00,610022,0 0 0 0 0 0 187 248,False,False,1,Khalid
1740,06/07/2026 03:02:00,06/06/2026 00:00:00,,06/06/2026 00:00:00,,0.00,0.00,0.00,610018,0 0 0 0 0 0 187 250,False,False,1,
1741,06/07/2026 03:18:00,06/06/2026 00:00:00,,06/06/2026 00:00:00,,0.00,0.00,0.00,610004,0 0 0 0 0 0 187 252,False,False,1,
1742,06/07/2026 04:18:00,06/04/2026 00:00:00,,06/04/2026 00:00:00,,0.00,0.00,0.00,610014,0 0 0 0 0 0 188 9,False,False,1,total 4 items
1743,06/18/2026 02:58:00,06/06/2026 00:00:00,,06/06/2026 00:00:00,,0.00,0.00,0.00,610004,0 0 0 0 0 0 203 134,False,False,1,
1744,06/18/2026 02:59:00,06/07/2026 00:00:00,,06/07/2026 00:00:00,,0.00,0.00,0.00,610005,0 0 0 0 0 0 203 136,False,False,1,Merlin
1745,06/18/2026 02:59:00,06/07/2026 00:00:00,,06/07/2026 00:00:00,,0.00,0.00,0.00,610005,0 0 0 0 0 0 203 138,False,False,1,
1746,06/18/2026 03:01:00,06/07/2026 00:00:00,,06/07/2026 00:00:00,,0.00,0.00,0.00,610018,0 0 0 0 0 0 203 140,False,False,1,
1747,06/18/2026 03:01:00,06/07/2026 00:00:00,,06/07/2026 00:00:00,,0.00,0.00,0.00,610019,0 0 0 0 0 0 203 142,False,False,1,
1748,06/18/2026 03:05:00,06/07/2026 00:00:00,,06/07/2026 00:00:00,,0.00,0.00,0.00,610014,0 0 0 0 0 0 203 144,False,False,1,
1749,06/18/2026 03:07:00,06/07/2026 00:00:00,,06/07/2026 00:00:00,,0.00,0.00,0.00,610018,0 0 0 0 0 0 203 146,False,False,1,
1750,06/20/2026 02:05:00,06/08/2026 00:00:00,,06/08/2026 00:00:00,,0.00,0.00,0.00,610004,0 0 0 0 0 0 203 148,False,False,1,
1751,06/20/2026 02:06:00,06/08/2026 00:00:00,,06/08/2026 00:00:00,,0.00,0.00,0.00,610012,0 0 0 0 0 0 203 150,False,False,1,
1752,06/20/2026 02:39:00,06/09/2026 00:00:00,,06/09/2026 00:00:00,,0.00,0.00,0.00,610014,0 0 0 0 0 0 203 152,False,False,1,
1753,06/20/2026 02:40:00,06/09/2026 00:00:00,,06/09/2026 00:00:00,,0.00,0.00,0.00,610018,0 0 0 0 0 0 203 154,False,False,1,
1754,06/20/2026 02:43:00,06/09/2026 00:00:00,,06/09/2026 00:00:00,,0.00,0.00,0.00,610004,0 0 0 0 0 0 203 156,False,False,1,
1755,06/20/2026 02:43:00,06/09/2026 00:00:00,,06/09/2026 00:00:00,,0.00,0.00,0.00,610012,0 0 0 0 0 0 203 158,False,False,1,
1756,06/20/2026 03:00:00,06/10/2026 00:00:00,,06/10/2026 00:00:00,,0.00,0.00,0.00,610018,0 0 0 0 0 0 203 160,False,False,1,
1757,06/20/2026 03:00:00,06/10/2026 00:00:00,,06/10/2026 00:00:00,,0.00,0.00,0.00,610014,0 0 0 0 0 0 203 162,False,False,1,
1758,06/20/2026 03:01:00,06/10/2026 00:00:00,,06/10/2026 00:00:00,,0.00,0.00,0.00,610019,0 0 0 0 0 0 203 164,False,False,1,
1759,06/20/2026 03:02:00,06/10/2026 00:00:00,,06/10/2026 00:00:00,,0.00,0.00,0.00,610005,0 0 0 0 0 0 203 166,False,False,1,
1760,06/20/2026 03:04:00,06/10/2026 00:00:00,,06/10/2026 00:00:00,,0.00,0.00,0.00,610004,0 0 0 0 0 0 203 168,False,False,1,
1761,06/20/2026 03:51:00,06/11/2026 00:00:00,,06/11/2026 00:00:00,,0.00,0.00,0.00,610018,0 0 0 0 0 0 203 172,False,False,1,
1762,06/20/2026 03:52:00,06/11/2026 00:00:00,,06/11/2026 00:00:00,,0.00,0.00,0.00,610018,0 0 0 0 0 0 203 174,False,False,1,
1763,06/20/2026 03:53:00,06/11/2026 00:00:00,,06/11/2026 00:00:00,,0.00,0.00,0.00,610019,0 0 0 0 0 0 203 176,False,False,1,
1764,06/20/2026 03:56:00,06/11/2026 00:00:00,,06/11/2026 00:00:00,,0.00,0.00,0.00,610014,0 0 0 0 0 0 203 178,False,False,1,
1765,06/20/2026 04:00:00,06/11/2026 00:00:00,,06/11/2026 00:00:00,,0.00,0.00,0.00,610005,0 0 0 0 0 0 203 180,False,False,1,
1766,06/20/2026 04:02:00,06/11/2026 00:00:00,,06/11/2026 00:00:00,,0.00,0.00,0.00,610021,0 0 0 0 0 0 203 182,False,False,1,
1767,06/20/2026 04:06:00,06/11/2026 00:00:00,,06/11/2026 00:00:00,,0.00,0.00,0.00,610004,0 0 0 0 0 0 203 184,False,False,1,
1768,06/21/2026 00:38:00,06/13/2026 00:00:00,,06/13/2026 00:00:00,,0.00,0.00,0.00,610010,0 0 0 0 0 0 203 192,False,False,1,
1769,06/21/2026 00:55:00,06/13/2026 00:00:00,,06/13/2026 00:00:00,,0.00,0.00,0.00,610004,0 0 0 0 0 0 203 194,False,False,1,
1770,06/21/2026 00:56:00,06/13/2026 00:00:00,,06/13/2026 00:00:00,,0.00,0.00,0.00,610018,0 0 0 0 0 0 203 196,False,False,1,
1771,06/21/2026 00:58:00,06/13/2026 00:00:00,,06/13/2026 00:00:00,,0.00,0.00,0.00,610014,0 0 0 0 0 0 203 198,False,False,1,
1772,06/23/2026 00:02:00,06/14/2026 00:00:00,,06/14/2026 00:00:00,,0.00,0.00,0.00,610004,0 0 0 0 0 0 203 200,False,False,1,
1773,06/23/2026 00:06:00,06/14/2026 00:00:00,,06/14/2026 00:00:00,,0.00,0.00,0.00,610018,0 0 0 0 0 0 203 202,False,False,1,
1774,06/23/2026 00:07:00,06/14/2026 00:00:00,,06/14/2026 00:00:00,,0.00,0.00,0.00,610014,0 0 0 0 0 0 203 204,False,False,1,
1775,06/23/2026 00:08:00,06/14/2026 00:00:00,,06/14/2026 00:00:00,,0.00,0.00,0.00,610019,0 0 0 0 0 0 203 206,False,False,1,
1776,06/23/2026 00:09:00,06/14/2026 00:00:00,,06/14/2026 00:00:00,,0.00,0.00,0.00,610012,0 0 0 0 0 0 203 208,False,False,1,
1777,06/23/2026 01:17:00,06/16/2026 00:00:00,,06/16/2026 00:00:00,,0.00,0.00,0.00,610004,0 0 0 0 0 0 203 212,False,False,1,
1778,06/23/2026 05:12:00,06/17/2026 00:00:00,,06/17/2026 00:00:00,,0.00,0.00,0.00,610014,0 0 0 0 0 0 203 216,False,False,1,
1779,06/23/2026 05:15:00,06/17/2026 00:00:00,,06/17/2026 00:00:00,,17580.00,0.00,0.00,610018,0 0 0 0 0 0 203 220,False,False,1,
1780,06/23/2026 05:24:00,06/17/2026 00:00:00,,06/17/2026 00:00:00,,0.00,0.00,0.00,610004,0 0 0 0 0 0 203 224,False,False,1,
1781,06/23/2026 05:25:00,06/17/2026 00:00:00,,06/17/2026 00:00:00,,0.00,0.00,0.00,610012,0 0 0 0 0 0 203 226,False,False,1,
1782,06/23/2026 06:30:00,06/18/2026 00:00:00,,06/18/2026 00:00:00,,0.00,0.00,0.00,610014,0 0 0 0 0 0 219 38,False,False,1,
1783,06/23/2026 06:36:00,06/20/2026 00:00:00,,06/20/2026 00:00:00,,0.00,0.00,0.00,610014,0 0 0 0 0 0 219 40,False,False,1,
1784,06/24/2026 00:20:00,06/21/2026 00:00:00,,06/21/2026 00:00:00,,0.00,0.00,0.00,610004,0 0 0 0 0 0 219 46,False,False,1,
1785,06/24/2026 00:13:00,06/21/2026 00:00:00,,06/21/2026 00:00:00,,0.00,0.00,0.00,610018,0 0 0 0 0 0 219 44,False,False,1,
1786,06/24/2026 00:21:00,06/21/2026 00:00:00,,06/21/2026 00:00:00,,0.00,0.00,0.00,610014,0 0 0 0 0 0 219 48,False,False,1,
1787,06/24/2026 00:24:00,06/21/2026 00:00:00,,06/21/2026 00:00:00,,0.00,0.00,0.00,610019,0 0 0 0 0 0 219 50,False,False,1,
1788,06/24/2026 01:15:00,06/22/2026 00:00:00,,06/22/2026 00:00:00,,0.00,0.00,0.00,610014,0 0 0 0 0 0 219 61,False,False,1,
1789,06/24/2026 01:18:00,06/22/2026 00:00:00,,06/22/2026 00:00:00,,0.00,0.00,0.00,610018,0 0 0 0 0 0 219 63,False,False,1,
1790,06/24/2026 01:28:00,06/22/2026 00:00:00,,06/22/2026 00:00:00,,0.00,0.00,0.00,610004,0 0 0 0 0 0 219 65,False,False,1,
1791,06/24/2026 01:30:00,06/22/2026 00:00:00,,06/22/2026 00:00:00,,0.00,0.00,0.00,610005,0 0 0 0 0 0 219 67,False,False,1,
1792,06/24/2026 01:30:00,06/22/2026 00:00:00,,06/22/2026 00:00:00,,0.00,0.00,0.00,610005,0 0 0 0 0 0 219 69,False,False,1,
1793,06/24/2026 01:31:00,06/22/2026 00:00:00,,06/22/2026 00:00:00,,-1134.00,0.00,0.00,610022,0 0 0 0 0 0 219 71,False,False,1,
1794,06/24/2026 01:32:00,06/22/2026 00:00:00,,06/22/2026 00:00:00,,0.00,0.00,0.00,610012,0 0 0 0 0 0 219 73,False,False,1,
1795,06/24/2026 01:40:00,06/23/2026 00:00:00,,06/23/2026 00:00:00,,0.00,0.00,0.00,610018,0 0 0 0 0 0 219 75,False,False,1,
1796,06/24/2026 01:41:00,06/23/2026 00:00:00,,06/23/2026 00:00:00,,0.00,0.00,0.00,610014,0 0 0 0 0 0 219 77,False,False,1,
1797,06/24/2026 01:43:00,06/23/2026 00:00:00,,06/23/2026 00:00:00,,0.00,0.00,0.00,610004,0 0 0 0 0 0 219 79,False,False,1,
1798,06/24/2026 01:43:00,06/23/2026 00:00:00,,06/23/2026 00:00:00,,0.00,0.00,0.00,610005,0 0 0 0 0 0 219 81,False,False,1,
1799,06/30/2026 04:55:00,06/24/2026 00:00:00,,06/24/2026 00:00:00,,0.00,0.00,0.00,610004,0 0 0 0 0 0 219 94,False,False,1,
1800,06/30/2026 05:47:00,06/27/2026 00:00:00,,06/27/2026 00:00:00,,0.00,0.00,0.00,610022,0 0 0 0 0 0 219 104,False,False,1,Hasnaat
1801,06/30/2026 05:09:00,06/27/2026 00:00:00,,06/27/2026 00:00:00,,0.00,0.00,0.00,610014,0 0 0 0 0 0 219 98,False,False,1,
1802,06/30/2026 05:09:00,06/27/2026 00:00:00,,06/27/2026 00:00:00,,0.00,0.00,0.00,610019,0 0 0 0 0 0 219 100,False,False,1,
1803,06/30/2026 05:45:00,06/28/2026 00:00:00,,06/28/2026 00:00:00,,0.00,0.00,0.00,610022,0 0 0 0 0 0 219 102,False,False,1,Khalid
1804,06/30/2026 06:03:00,06/28/2026 00:00:00,,06/28/2026 00:00:00,,0.00,0.00,0.00,610004,0 0 0 0 0 0 219 106,False,False,1,
1805,06/30/2026 06:04:00,06/28/2026 00:00:00,,06/28/2026 00:00:00,,0.00,0.00,0.00,610019,0 0 0 0 0 0 219 108,False,False,1,
1806,06/30/2026 06:07:00,06/28/2026 00:00:00,,06/28/2026 00:00:00,,14283516.00,0.00,0.00,610014,0 0 0 0 0 0 219 110,False,False,1,Peppet+Petri Dish
1807,06/30/2026 06:08:00,06/27/2026 00:00:00,,06/27/2026 00:00:00,,0.00,0.00,0.00,610010,0 0 0 0 0 0 219 112,False,False,1,
1808,07/04/2026 00:04:00,06/29/2026 00:00:00,,06/29/2026 00:00:00,,0.00,0.00,0.00,610004,0 0 0 0 0 0 234 200,False,False,1,
1809,07/04/2026 00:08:00,06/29/2026 00:00:00,,06/29/2026 00:00:00,,0.00,0.00,0.00,610018,0 0 0 0 0 0 234 202,False,False,1,
1810,07/04/2026 00:10:00,06/29/2026 00:00:00,,06/29/2026 00:00:00,,0.00,0.00,0.00,610014,0 0 0 0 0 0 234 204,False,False,1,
1811,07/04/2026 00:10:00,06/29/2026 00:00:00,,06/29/2026 00:00:00,,0.00,0.00,0.00,610019,0 0 0 0 0 0 234 206,False,False,1,
1812,07/04/2026 00:12:00,06/29/2026 00:00:00,,06/29/2026 00:00:00,,0.00,0.00,0.00,610005,0 0 0 0 0 0 234 208,False,False,1,
1813,07/04/2026 01:53:00,06/30/2026 00:00:00,,06/30/2026 00:00:00,,0.00,0.00,0.00,610010,0 0 0 0 0 0 234 210,False,False,1,
1814,07/04/2026 01:58:00,06/30/2026 00:00:00,,06/30/2026 00:00:00,,0.00,0.00,0.00,610014,0 0 0 0 0 0 234 212,False,False,1,
1815,07/04/2026 02:16:00,06/30/2026 00:00:00,,06/30/2026 00:00:00,,0.00,0.00,0.00,610004,0 0 0 0 0 0 234 218,False,False,1,
1816,07/04/2026 02:09:00,06/30/2026 00:00:00,,06/30/2026 00:00:00,,0.00,0.00,0.00,610005,0 0 0 0 0 0 234 216,False,False,1,
1817,07/15/2026 00:17:00,07/01/2026 00:00:00,,07/01/2026 00:00:00,,0.00,0.00,0.00,610004,0 0 0 0 0 1 10 8,False,False,1,
1818,07/15/2026 00:19:00,07/04/2026 00:00:00,,07/04/2026 00:00:00,,0.00,0.00,0.00,610012,0 0 0 0 0 1 10 10,False,False,1,
1819,07/15/2026 00:20:00,07/04/2026 00:00:00,,07/04/2026 00:00:00,,0.00,0.00,0.00,610019,0 0 0 0 0 1 10 12,False,False,1,
1820,07/15/2026 00:21:00,07/04/2026 00:00:00,,07/04/2026 00:00:00,,0.00,0.00,0.00,610018,0 0 0 0 0 1 10 14,False,False,1,
1821,07/15/2026 01:16:00,07/05/2026 00:00:00,,07/05/2026 00:00:00,,0.00,0.00,0.00,610012,0 0 0 0 0 1 10 16,False,False,1,
1822,07/15/2026 01:17:00,07/05/2026 00:00:00,,07/05/2026 00:00:00,,0.00,0.00,0.00,610019,0 0 0 0 0 1 10 18,False,False,1,
1823,07/15/2026 01:18:00,07/05/2026 00:00:00,,07/05/2026 00:00:00,,0.00,0.00,0.00,610014,0 0 0 0 0 1 10 20,False,False,1,
1824,07/15/2026 01:19:00,07/05/2026 00:00:00,,07/05/2026 00:00:00,,0.00,0.00,0.00,610014,0 0 0 0 0 1 10 22,False,False,1,
1825,07/15/2026 01:26:00,07/05/2026 00:00:00,,07/05/2026 00:00:00,,0.00,0.00,0.00,610004,0 0 0 0 0 1 10 24,False,False,1,
1826,07/15/2026 01:43:00,07/06/2026 00:00:00,,07/06/2026 00:00:00,,0.00,0.00,0.00,610014,0 0 0 0 0 1 10 26,False,False,1,
1827,07/15/2026 01:49:00,07/06/2026 00:00:00,,07/06/2026 00:00:00,,0.00,0.00,0.00,610018,0 0 0 0 0 1 10 28,False,False,1,
1828,07/15/2026 01:51:00,07/06/2026 00:00:00,,07/06/2026 00:00:00,,0.00,0.00,0.00,610014,0 0 0 0 0 1 10 30,False,False,1,
1829,07/15/2026 23:21:00,07/07/2026 00:00:00,,07/07/2026 00:00:00,,0.00,0.00,0.00,610018,0 0 0 0 0 1 25 166,False,False,1,
1830,07/15/2026 23:30:00,07/07/2026 00:00:00,,07/07/2026 00:00:00,,0.00,0.00,0.00,610004,0 0 0 0 0 1 25 168,False,False,1,
1831,07/15/2026 23:49:00,07/08/2026 00:00:00,,07/08/2026 00:00:00,,0.00,0.00,0.00,610012,0 0 0 0 0 1 25 170,False,False,1,
1832,07/16/2026 01:03:00,07/08/2026 00:00:00,,07/08/2026 00:00:00,,0.00,0.00,0.00,610005,0 0 0 0 0 1 25 172,False,False,1,
1833,07/16/2026 01:09:00,07/08/2026 00:00:00,,07/08/2026 00:00:00,,0.00,0.00,0.00,610018,0 0 0 0 0 1 25 174,False,False,1,
1834,07/16/2026 01:14:00,07/08/2026 00:00:00,,07/08/2026 00:00:00,,0.00,0.00,0.00,610018,0 0 0 0 0 1 25 176,False,False,1,
1835,07/16/2026 01:18:00,07/08/2026 00:00:00,,07/08/2026 00:00:00,,0.00,0.00,0.00,610014,0 0 0 0 0 1 25 178,False,False,1,
1836,07/16/2026 01:19:00,07/08/2026 00:00:00,,07/08/2026 00:00:00,,0.00,0.00,0.00,610019,0 0 0 0 0 1 25 180,False,False,1,
1837,07/16/2026 01:23:00,07/08/2026 00:00:00,,07/08/2026 00:00:00,,0.00,0.00,0.00,610014,0 0 0 0 0 1 25 182,False,False,1,
1838,07/16/2026 01:26:00,07/09/2026 00:00:00,,07/09/2026 00:00:00,,0.00,0.00,0.00,610018,0 0 0 0 0 1 25 184,False,False,1,
1839,07/16/2026 01:35:00,07/09/2026 00:00:00,,07/09/2026 00:00:00,,0.00,0.00,0.00,610016,0 0 0 0 0 1 25 186,False,False,1,
1840,07/23/2026 02:53:00,07/09/2026 00:00:00,,07/09/2026 00:00:00,,0.00,0.00,0.00,610004,0 0 0 0 0 1 56 230,False,False,1,
1841,07/16/2026 01:54:00,07/11/2026 00:00:00,,07/11/2026 00:00:00,,0.00,0.00,0.00,610018,0 0 0 0 0 1 25 190,False,False,1,
1842,07/23/2026 03:20:00,07/11/2026 00:00:00,,07/11/2026 00:00:00,,0.00,0.00,0.00,610004,0 0 0 0 0 1 56 232,False,False,1,
1844,07/16/2026 02:20:00,07/12/2026 00:00:00,,07/12/2026 00:00:00,,0.00,0.00,0.00,610004,0 0 0 0 0 1 25 196,False,False,1,
1845,07/16/2026 02:22:00,07/12/2026 00:00:00,,07/12/2026 00:00:00,,0.00,0.00,0.00,610014,0 0 0 0 0 1 25 198,False,False,1,
1846,07/16/2026 02:24:00,07/12/2026 00:00:00,,07/12/2026 00:00:00,,-918400.00,0.00,0.00,610019,0 0 0 0 0 1 25 200,False,False,1,
1847,07/19/2026 22:58:00,07/13/2026 00:00:00,,07/13/2026 00:00:00,,0.00,0.00,0.00,610012,0 0 0 0 0 1 41 70,False,False,1,
1848,07/19/2026 23:03:00,07/13/2026 00:00:00,,07/13/2026 00:00:00,,0.00,0.00,0.00,610014,0 0 0 0 0 1 41 72,False,False,1,
1849,07/19/2026 23:05:00,07/13/2026 00:00:00,,07/13/2026 00:00:00,,0.00,0.00,0.00,610018,0 0 0 0 0 1 41 74,False,False,1,
1850,07/25/2026 04:47:00,07/13/2026 00:00:00,,07/13/2026 00:00:00,,0.00,0.00,0.00,610004,0 0 0 0 0 1 72 134,False,False,1,
1851,07/25/2026 04:48:00,07/13/2026 00:00:00,,07/13/2026 00:00:00,,0.00,0.00,0.00,610004,0 0 0 0 0 1 72 138,False,False,1,
1852,07/19/2026 23:24:00,07/13/2026 00:00:00,,07/13/2026 00:00:00,,0.00,0.00,0.00,610010,0 0 0 0 0 1 41 80,False,False,1,
1853,07/19/2026 23:31:00,07/14/2026 00:00:00,,07/14/2026 00:00:00,,0.00,0.00,0.00,610018,0 0 0 0 0 1 41 82,False,False,1,
1854,07/19/2026 23:32:00,07/14/2026 00:00:00,,07/14/2026 00:00:00,,0.00,0.00,0.00,610012,0 0 0 0 0 1 41 84,False,False,1,
1855,07/25/2026 05:29:00,07/14/2026 00:00:00,,07/14/2026 00:00:00,,0.00,0.00,0.00,610004,0 0 0 0 0 1 72 140,False,False,1,
1856,07/19/2026 23:54:00,07/15/2026 00:00:00,,07/15/2026 00:00:00,,0.00,0.00,0.00,610019,0 0 0 0 0 1 41 88,False,False,1,
1857,07/19/2026 23:55:00,07/15/2026 00:00:00,,07/15/2026 00:00:00,,0.00,0.00,0.00,610012,0 0 0 0 0 1 41 90,False,False,1,
1858,07/19/2026 23:56:00,07/15/2026 00:00:00,,07/15/2026 00:00:00,,0.00,0.00,0.00,610005,0 0 0 0 0 1 41 92,False,False,1,
1859,07/20/2026 00:14:00,07/12/2026 00:00:00,,07/12/2026 00:00:00,,0.00,0.00,0.00,610022,0 0 0 0 0 1 41 94,False,False,1,From Khalid
1860,07/20/2026 00:45:00,07/16/2026 00:00:00,,07/16/2026 00:00:00,,0.00,0.00,0.00,610012,0 0 0 0 0 1 41 96,False,False,1,
1861,07/20/2026 01:08:00,07/16/2026 00:00:00,,07/16/2026 00:00:00,,0.00,0.00,0.00,610022,0 0 0 0 0 1 41 98,False,False,1,FROM KHALID
1862,07/25/2026 06:38:00,07/16/2026 00:00:00,,07/16/2026 00:00:00,,0.00,0.00,0.00,610004,0 0 0 0 0 1 72 148,False,False,1,
1863,07/20/2026 01:23:00,07/16/2026 00:00:00,,07/16/2026 00:00:00,,0.00,0.00,0.00,610005,0 0 0 0 0 1 41 102,False,False,1,
1864,07/20/2026 02:01:00,07/17/2026 00:00:00,,07/17/2026 00:00:00,,0.00,0.00,0.00,610022,0 0 0 0 0 1 41 104,False,False,1,
1865,07/20/2026 02:02:00,07/17/2026 00:00:00,,07/17/2026 00:00:00,,0.00,0.00,0.00,610018,0 0 0 0 0 1 41 106,False,False,1,
1866,07/20/2026 23:45:00,07/19/2026 00:00:00,,07/19/2026 00:00:00,,0.00,0.00,0.00,610022,0 0 0 0 0 1 41 108,False,False,1,from khalid
1867,07/20/2026 23:48:00,07/19/2026 00:00:00,,07/19/2026 00:00:00,,0.00,0.00,0.00,610012,0 0 0 0 0 1 41 110,False,False,1,
1868,07/20/2026 23:49:00,07/19/2026 00:00:00,,07/19/2026 00:00:00,,0.00,0.00,0.00,610012,0 0 0 0 0 1 41 112,False,False,1,
1869,07/20/2026 23:50:00,07/19/2026 00:00:00,,07/19/2026 00:00:00,,0.00,0.00,0.00,610019,0 0 0 0 0 1 41 114,False,False,1,
1870,07/20/2026 23:53:00,07/19/2026 00:00:00,,07/19/2026 00:00:00,,0.00,0.00,0.00,610004,0 0 0 0 0 1 41 116,False,False,1,
1871,07/20/2026 23:54:00,07/19/2026 00:00:00,,07/19/2026 00:00:00,,0.00,0.00,0.00,610004,0 0 0 0 0 1 41 118,False,False,1,
1872,07/20/2026 23:55:00,07/19/2026 00:00:00,,07/19/2026 00:00:00,,0.00,0.00,0.00,610004,0 0 0 0 0 1 41 120,False,False,1,
1873,07/20/2026 23:57:00,07/19/2026 00:00:00,,07/19/2026 00:00:00,,0.00,0.00,0.00,610004,0 0 0 0 0 1 41 122,False,False,1,
1874,07/20/2026 23:58:00,07/19/2026 00:00:00,,07/19/2026 00:00:00,,0.00,0.00,0.00,610004,0 0 0 0 0 1 41 124,False,False,1,
1875,07/20/2026 23:59:00,07/19/2026 00:00:00,,07/19/2026 00:00:00,,0.00,0.00,0.00,610004,0 0 0 0 0 1 41 126,False,False,1,
1876,07/21/2026 00:15:00,07/20/2026 00:00:00,,07/20/2026 00:00:00,,0.00,0.00,0.00,610014,0 0 0 0 0 1 41 128,False,False,1,
1877,07/21/2026 00:35:00,07/19/2026 00:00:00,,07/19/2026 00:00:00,,0.00,0.00,0.00,610018,0 0 0 0 0 1 41 130,False,False,1,
1878,07/21/2026 00:36:00,07/19/2026 00:00:00,,07/19/2026 00:00:00,,0.00,0.00,0.00,610014,0 0 0 0 0 1 41 132,False,False,1,
1879,07/21/2026 00:36:00,07/19/2026 00:00:00,,07/19/2026 00:00:00,,0.00,0.00,0.00,610014,0 0 0 0 0 1 41 134,False,False,1,
1880,07/21/2026 00:38:00,07/19/2026 00:00:00,,07/19/2026 00:00:00,,0.00,0.00,0.00,610018,0 0 0 0 0 1 41 136,False,False,1,
1881,07/26/2026 03:57:00,07/19/2026 00:00:00,,07/19/2026 00:00:00,,0.00,0.00,0.00,610004,0 0 0 0 0 1 72 150,False,False,1,
1882,07/21/2026 01:24:00,07/19/2026 00:00:00,,07/19/2026 00:00:00,,0.00,0.00,0.00,610004,0 0 0 0 0 1 41 142,False,False,1,
1883,07/21/2026 01:24:00,07/19/2026 00:00:00,,07/19/2026 00:00:00,,0.00,0.00,0.00,610004,0 0 0 0 0 1 41 144,False,False,1,
1884,07/21/2026 01:25:00,07/19/2026 00:00:00,,07/19/2026 00:00:00,,0.00,0.00,0.00,610004,0 0 0 0 0 1 41 146,False,False,1,
1885,07/21/2026 01:27:00,07/19/2026 00:00:00,,07/19/2026 00:00:00,,0.00,0.00,0.00,610004,0 0 0 0 0 1 41 148,False,False,1,
1886,07/23/2026 05:18:00,07/14/2026 00:00:00,,07/14/2026 00:00:00,,0.00,0.00,0.00,610014,0 0 0 0 0 1 56 236,False,False,1,
1887,07/25/2026 05:57:00,07/16/2026 00:00:00,,07/16/2026 00:00:00,,0.00,0.00,0.00,610014,0 0 0 0 0 1 72 142,False,False,1,
1888,07/26/2026 04:11:00,07/20/2026 00:00:00,,07/20/2026 00:00:00,,0.00,0.00,0.00,610012,0 0 0 0 0 1 72 152,False,False,1,
1889,07/26/2026 04:12:00,07/20/2026 00:00:00,,07/20/2026 00:00:00,,0.00,0.00,0.00,610005,0 0 0 0 0 1 72 154,False,False,1,
1890,07/26/2026 22:48:00,07/22/2026 00:00:00,,07/22/2026 00:00:00,,0.00,0.00,0.00,610018,0 0 0 0 0 1 72 156,False,False,1,
1891,07/26/2026 22:50:00,07/22/2026 00:00:00,,07/22/2026 00:00:00,,0.00,0.00,0.00,610019,0 0 0 0 0 1 72 158,False,False,1,
1892,07/26/2026 22:52:00,07/22/2026 00:00:00,,07/22/2026 00:00:00,,0.00,0.00,0.00,610004,0 0 0 0 0 1 72 160,False,False,1,
1893,07/26/2026 23:29:00,07/23/2026 00:00:00,,07/23/2026 00:00:00,,0.00,0.00,0.00,610018,0 0 0 0 0 1 72 162,False,False,1,
1894,07/27/2026 00:44:00,07/23/2026 00:00:00,,07/23/2026 00:00:00,,0.00,0.00,0.00,610004,0 0 0 0 0 1 72 168,False,False,1,
1895,07/27/2026 00:10:00,07/25/2026 00:00:00,,07/25/2026 00:00:00,,0.00,0.00,0.00,610018,0 0 0 0 0 1 72 166,False,False,1,
1896,07/27/2026 00:45:00,07/23/2026 00:00:00,,07/23/2026 00:00:00,,0.00,0.00,0.00,610012,0 0 0 0 0 1 72 170,False,False,1,
1897,07/27/2026 01:11:00,07/25/2026 00:00:00,,07/25/2026 00:00:00,,0.00,0.00,0.00,610004,0 0 0 0 0 1 72 178,False,False,1,
1898,07/27/2026 00:55:00,07/25/2026 00:00:00,,07/25/2026 00:00:00,,0.00,0.00,0.00,610012,0 0 0 0 0 1 72 174,False,False,1,
1899,07/27/2026 00:56:00,07/25/2026 00:00:00,,07/25/2026 00:00:00,,0.00,0.00,0.00,610021,0 0 0 0 0 1 72 176,False,False,1,
1900,07/27/2026 23:15:00,07/26/2026 00:00:00,,07/26/2026 00:00:00,,0.00,0.00,0.00,610018,0 0 0 0 0 1 72 194,False,False,1,
1901,07/27/2026 23:59:00,07/27/2026 00:00:00,,07/27/2026 00:00:00,,0.00,0.00,0.00,610021,0 0 0 0 0 1 72 196,False,False,1,
1902,07/28/2026 00:01:00,07/27/2026 00:00:00,,07/27/2026 00:00:00,,0.00,0.00,0.00,610016,0 0 0 0 0 1 72 198,False,False,1,from khalid
1903,07/28/2026 00:03:00,07/27/2026 00:00:00,,07/27/2026 00:00:00,,0.00,0.00,0.00,610005,0 0 0 0 0 1 72 200,False,False,1,
1904,07/28/2026 00:10:00,07/27/2026 00:00:00,,07/27/2026 00:00:00,,0.00,0.00,0.00,610014,0 0 0 0 0 1 72 204,False,False,1,
1905,07/28/2026 00:18:00,07/28/2026 00:00:00,,07/28/2026 00:00:00,,0.00,0.00,0.00,610005,0 0 0 0 0 1 72 206,False,False,1,
1906,07/28/2026 00:23:00,07/27/2026 00:00:00,,07/27/2026 00:00:00,,0.00,0.00,0.00,610012,0 0 0 0 0 1 72 208,False,False,1,
1907,07/28/2026 00:26:00,07/27/2026 00:00:00,,07/27/2026 00:00:00,,0.00,0.00,0.00,610004,0 0 0 0 0 1 72 210,False,False,1,
1908,07/29/2026 23:54:00,07/28/2026 00:00:00,,07/28/2026 00:00:00,,0.00,0.00,0.00,610022,0 0 0 0 0 1 88 81,False,False,1,FROM KHALID
1909,07/29/2026 23:56:00,07/28/2026 00:00:00,,07/28/2026 00:00:00,,0.00,0.00,0.00,610018,0 0 0 0 0 1 88 83,False,False,1,
1910,07/29/2026 23:57:00,07/28/2026 00:00:00,,07/28/2026 00:00:00,,0.00,0.00,0.00,610019,0 0 0 0 0 1 88 85,False,False,1,
1911,07/30/2026 00:03:00,07/28/2026 00:00:00,,07/28/2026 00:00:00,,0.00,0.00,0.00,610014,0 0 0 0 0 1 88 87,False,False,1,
1912,07/30/2026 01:03:00,07/28/2026 00:00:00,,07/28/2026 00:00:00,,0.00,0.00,0.00,610005,0 0 0 0 0 1 88 91,False,False,1,
1913,07/30/2026 01:08:00,07/28/2026 00:00:00,,07/28/2026 00:00:00,,0.00,0.00,0.00,610004,0 0 0 0 0 1 88 93,False,False,1,
1914,07/30/2026 01:45:00,07/29/2026 00:00:00,,07/29/2026 00:00:00,,0.00,0.00,0.00,610018,0 0 0 0 0 1 88 95,False,False,1,
1915,07/30/2026 01:46:00,07/29/2026 00:00:00,,07/29/2026 00:00:00,,0.00,0.00,0.00,610014,0 0 0 0 0 1 88 97,False,False,1,
1916,07/30/2026 01:48:00,07/29/2026 00:00:00,,07/29/2026 00:00:00,,0.00,0.00,0.00,610004,0 0 0 0 0 1 88 99,False,False,1,
1917,07/30/2026 01:49:00,07/29/2026 00:00:00,,07/29/2026 00:00:00,,0.00,0.00,0.00,610019,0 0 0 0 0 1 88 101,False,False,1,
1918,07/30/2026 01:52:00,07/29/2026 00:00:00,,07/29/2026 00:00:00,,0.00,0.00,0.00,610012,0 0 0 0 0 1 88 103,False,False,1,
1919,08/02/2026 01:14:00,07/30/2026 00:00:00,,07/30/2026 00:00:00,,0.00,0.00,0.00,610022,0 0 0 0 0 1 103 198,False,False,1,from hasnaat
1920,08/02/2026 01:16:00,07/30/2026 00:00:00,,07/30/2026 00:00:00,,0.00,0.00,0.00,610012,0 0 0 0 0 1 103 200,False,False,1,
1921,08/02/2026 01:17:00,07/30/2026 00:00:00,,07/30/2026 00:00:00,,0.00,0.00,0.00,610018,0 0 0 0 0 1 103 202,False,False,1,
1922,08/02/2026 01:21:00,08/01/2026 00:00:00,,08/01/2026 00:00:00,,0.00,0.00,0.00,610014,0 0 0 0 0 1 103 204,False,False,1,
1923,08/03/2026 00:20:00,08/02/2026 00:00:00,,08/02/2026 00:00:00,,0.00,0.00,0.00,610018,0 0 0 0 0 1 103 217,False,False,1,
1924,08/03/2026 00:21:00,08/02/2026 00:00:00,,08/02/2026 00:00:00,,0.00,0.00,0.00,610012,0 0 0 0 0 1 103 219,False,False,1,
1925,08/03/2026 00:35:00,08/02/2026 00:00:00,,08/02/2026 00:00:00,,0.00,0.00,0.00,610004,0 0 0 0 0 1 103 221,False,False,1,
1926,08/03/2026 00:36:00,08/02/2026 00:00:00,,08/02/2026 00:00:00,,0.00,0.00,0.00,610005,0 0 0 0 0 1 103 223,False,False,1,
1927,08/10/2026 00:53:00,08/03/2026 00:00:00,,08/03/2026 00:00:00,,0.00,0.00,0.00,610012,0 0 0 0 0 1 119 102,False,False,1,
1928,08/10/2026 00:54:00,08/03/2026 00:00:00,,08/03/2026 00:00:00,,0.00,0.00,0.00,610014,0 0 0 0 0 1 119 104,False,False,1,
1929,08/10/2026 00:55:00,08/03/2026 00:00:00,,08/03/2026 00:00:00,,0.00,0.00,0.00,610018,0 0 0 0 0 1 119 106,False,False,1,
1930,08/10/2026 22:53:00,08/03/2026 00:00:00,,08/03/2026 00:00:00,,883394.00,0.00,0.00,610004,0 0 0 0 0 1 119 116,False,False,1,
1931,08/10/2026 22:56:00,08/03/2026 00:00:00,,08/03/2026 00:00:00,,915694.00,0.00,0.00,610004,0 0 0 0 0 1 119 118,False,False,1,
1932,08/10/2026 02:44:00,08/04/2026 00:00:00,,08/04/2026 00:00:00,,0.00,0.00,0.00,610018,0 0 0 0 0 1 119 112,False,False,1,
1933,08/10/2026 22:47:00,08/05/2026 00:00:00,,08/05/2026 00:00:00,,0.00,0.00,0.00,610014,0 0 0 0 0 1 119 114,False,False,1,
1934,08/10/2026 23:00:00,08/05/2026 00:00:00,,08/05/2026 00:00:00,,931054.00,0.00,0.00,610004,0 0 0 0 0 1 119 120,False,False,1,
1935,08/10/2026 23:02:00,08/05/2026 00:00:00,,08/05/2026 00:00:00,,0.00,0.00,0.00,610018,0 0 0 0 0 1 119 122,False,False,1,
1936,08/10/2026 23:03:00,08/05/2026 00:00:00,,08/05/2026 00:00:00,,0.00,0.00,0.00,610019,0 0 0 0 0 1 119 124,False,False,1,
1937,08/10/2026 23:31:00,08/06/2026 00:00:00,,08/06/2026 00:00:00,,0.00,0.00,0.00,610004,0 0 0 0 0 1 119 126,False,False,1,
1938,08/10/2026 23:46:00,08/08/2026 00:00:00,,08/08/2026 00:00:00,,0.00,0.00,0.00,610018,0 0 0 0 0 1 119 128,False,False,1,
1939,08/10/2026 23:47:00,08/08/2026 00:00:00,,08/08/2026 00:00:00,,0.00,0.00,0.00,610012,0 0 0 0 0 1 119 130,False,False,1,
1940,08/10/2026 23:48:00,08/08/2026 00:00:00,,08/08/2026 00:00:00,,0.00,0.00,0.00,610005,0 0 0 0 0 1 119 132,False,False,1,
1941,08/11/2026 00:09:00,08/08/2026 00:00:00,,08/08/2026 00:00:00,,0.00,0.00,0.00,610004,0 0 0 0 0 1 119 138,False,False,1,
1942,08/11/2026 00:04:00,08/08/2026 00:00:00,,08/08/2026 00:00:00,,0.00,0.00,0.00,610014,0 0 0 0 0 1 119 136,False,False,1,
1943,08/11/2026 00:37:00,08/04/2026 00:00:00,,08/04/2026 00:00:00,,0.00,0.00,0.00,610022,0 0 0 0 0 1 119 140,False,False,1,
1944,08/11/2026 00:53:00,08/09/2026 00:00:00,,08/09/2026 00:00:00,,0.00,0.00,0.00,610012,0 0 0 0 0 1 119 142,False,False,1,
1945,08/11/2026 00:54:00,08/09/2026 00:00:00,,08/09/2026 00:00:00,,0.00,0.00,0.00,610005,0 0 0 0 0 1 119 144,False,False,1,
1946,08/11/2026 00:56:00,08/09/2026 00:00:00,,08/09/2026 00:00:00,,0.00,0.00,0.00,610018,0 0 0 0 0 1 119 146,False,False,1,
1947,08/11/2026 00:57:00,08/09/2026 00:00:00,,08/09/2026 00:00:00,,0.00,0.00,0.00,610019,0 0 0 0 0 1 119 148,False,False,1,
1948,08/12/2026 01:44:00,08/09/2026 00:00:00,,08/09/2026 00:00:00,,0.00,0.00,0.00,610014,0 0 0 0 0 1 135 19,False,False,1,
1949,08/12/2026 02:00:00,08/10/2026 00:00:00,,08/10/2026 00:00:00,,0.00,0.00,0.00,610005,0 0 0 0 0 1 135 21,False,False,1,
1950,08/12/2026 02:01:00,08/10/2026 00:00:00,,08/10/2026 00:00:00,,0.00,0.00,0.00,610012,0 0 0 0 0 1 135 23,False,False,1,
1951,08/12/2026 22:26:00,08/10/2026 00:00:00,,08/10/2026 00:00:00,,0.00,0.00,0.00,610018,0 0 0 0 0 1 135 25,False,False,1,
1952,08/12/2026 22:33:00,08/10/2026 00:00:00,,08/10/2026 00:00:00,,0.00,0.00,0.00,610004,0 0 0 0 0 1 135 27,False,False,1,
1953,08/13/2026 00:55:00,08/10/2026 00:00:00,,08/10/2026 00:00:00,,0.00,0.00,0.00,610004,0 0 0 0 0 1 135 39,False,False,1,
1954,08/13/2026 01:11:00,08/12/2026 00:00:00,,08/12/2026 00:00:00,,0.00,0.00,0.00,610004,0 0 0 0 0 1 135 41,False,False,1,
1955,08/13/2026 01:12:00,08/12/2026 00:00:00,,08/12/2026 00:00:00,,0.00,0.00,0.00,610022,0 0 0 0 0 1 135 43,False,False,1,FROM KHALID
1956,08/13/2026 01:13:00,08/12/2026 00:00:00,,08/12/2026 00:00:00,,0.00,0.00,0.00,610018,0 0 0 0 0 1 135 45,False,False,1,
1957,08/15/2026 21:29:00,08/13/2026 00:00:00,,08/13/2026 00:00:00,,0.00,0.00,0.00,610018,0 0 0 0 0 1 150 166,False,False,1,
1958,08/15/2026 21:34:00,08/13/2026 00:00:00,,08/13/2026 00:00:00,,0.00,0.00,0.00,610012,0 0 0 0 0 1 150 168,False,False,1,
1959,08/15/2026 21:35:00,08/13/2026 00:00:00,,08/13/2026 00:00:00,,0.00,0.00,0.00,610005,0 0 0 0 0 1 150 170,False,False,1,
1960,08/15/2026 23:47:00,08/13/2026 00:00:00,,08/13/2026 00:00:00,,1581664.00,0.00,0.00,610004,0 0 0 0 0 1 150 178,False,False,1,
1961,08/16/2026 00:01:00,08/15/2026 00:00:00,,08/15/2026 00:00:00,,0.00,0.00,0.00,610018,0 0 0 0 0 1 150 180,False,False,1,
1962,08/16/2026 00:02:00,08/15/2026 00:00:00,,08/15/2026 00:00:00,,0.00,0.00,0.00,610012,0 0 0 0 0 1 150 182,False,False,1,
1963,08/16/2026 00:02:00,08/15/2026 00:00:00,,08/15/2026 00:00:00,,0.00,0.00,0.00,610005,0 0 0 0 0 1 150 184,False,False,1,
1964,08/16/2026 00:04:00,08/15/2026 00:00:00,,08/15/2026 00:00:00,,0.00,0.00,0.00,610022,0 0 0 0 0 1 150 186,False,False,1,FROM KHALID
1965,08/16/2026 00:14:00,08/15/2026 00:00:00,,08/15/2026 00:00:00,,0.00,0.00,0.00,610004,0 0 0 0 0 1 150 189,False,False,1,
1966,08/17/2026 00:26:00,08/16/2026 00:00:00,,08/16/2026 00:00:00,,0.00,0.00,0.00,610012,0 0 0 0 0 1 181 230,False,False,1,
1967,08/17/2026 00:27:00,08/16/2026 00:00:00,,08/16/2026 00:00:00,,0.00,0.00,0.00,610005,0 0 0 0 0 1 181 232,False,False,1,
1968,08/17/2026 00:29:00,08/16/2026 00:00:00,,08/16/2026 00:00:00,,0.00,0.00,0.00,610014,0 0 0 0 0 1 181 234,False,False,1,
1969,08/17/2026 23:09:00,08/17/2026 00:00:00,,08/17/2026 00:00:00,,-937700.00,0.00,0.00,610019,0 0 0 0 0 1 197 137,False,False,1,
1970,08/17/2026 23:13:00,08/17/2026 00:00:00,,08/17/2026 00:00:00,,0.00,0.00,0.00,610005,0 0 0 0 0 1 197 139,False,False,1,
1971,08/17/2026 23:33:00,08/17/2026 00:00:00,,08/17/2026 00:00:00,,0.00,0.00,0.00,610014,0 0 0 0 0 1 197 143,False,False,1,
1972,08/17/2026 23:34:00,08/17/2026 00:00:00,,08/17/2026 00:00:00,,0.00,0.00,0.00,610004,0 0 0 0 0 1 197 145,False,False,1,
1973,08/19/2026 02:17:00,08/18/2026 00:00:00,,08/18/2026 00:00:00,,0.00,0.00,0.00,610018,0 0 0 0 0 1 213 145,False,False,1,
1974,08/19/2026 02:32:00,08/18/2026 00:00:00,,08/18/2026 00:00:00,,1651784.00,0.00,0.00,610004,0 0 0 0 0 1 213 149,False,False,1,
1975,08/19/2026 02:33:00,08/18/2026 00:00:00,,08/18/2026 00:00:00,,0.00,0.00,0.00,610014,0 0 0 0 0 1 213 151,False,False,1,
1976,08/21/2026 23:11:00,08/19/2026 00:00:00,,08/19/2026 00:00:00,,0.00,0.00,0.00,610004,0 0 0 0 0 1 228 198,False,False,1,
1977,08/21/2026 23:15:00,08/19/2026 00:00:00,,08/19/2026 00:00:00,,0.00,0.00,0.00,610014,0 0 0 0 0 1 228 200,False,False,1,
1978,08/21/2026 23:59:00,08/19/2026 00:00:00,,08/19/2026 00:00:00,,0.00,0.00,0.00,610018,0 0 0 0 0 1 228 202,False,False,1,
1979,08/21/2026 23:59:00,08/19/2026 00:00:00,,08/19/2026 00:00:00,,0.00,0.00,0.00,610012,0 0 0 0 0 1 228 204,False,False,1,
1980,08/23/2026 01:34:00,08/20/2026 00:00:00,,08/20/2026 00:00:00,,0.00,0.00,0.00,610018,0 0 0 0 0 1 228 216,False,False,1,
1981,08/23/2026 01:41:00,08/20/2026 00:00:00,,08/20/2026 00:00:00,,0.00,0.00,0.00,610004,0 0 0 0 0 1 228 218,False,False,1,
1982,08/23/2026 01:46:00,08/20/2026 00:00:00,,08/20/2026 00:00:00,,141217.00,0.00,0.00,610005,0 0 0 0 0 1 228 220,False,False,1,
1983,08/23/2026 01:46:00,08/20/2026 00:00:00,,08/20/2026 00:00:00,,0.00,0.00,0.00,610005,0 0 0 0 0 1 228 222,False,False,1,
1984,08/23/2026 01:47:00,08/20/2026 00:00:00,,08/20/2026 00:00:00,,0.00,0.00,0.00,610012,0 0 0 0 0 1 228 224,False,False,1,
1985,08/23/2026 02:10:00,08/22/2026 00:00:00,,08/22/2026 00:00:00,,0.00,0.00,0.00,610014,0 0 0 0 0 1 228 226,False,False,1,
1986,08/23/2026 02:13:00,08/22/2026 00:00:00,,08/22/2026 00:00:00,,0.00,0.00,0.00,610018,0 0 0 0 0 1 228 228,False,False,1,
1987,08/23/2026 02:15:00,08/22/2026 00:00:00,,08/22/2026 00:00:00,,0.00,0.00,0.00,610018,0 0 0 0 0 1 228 230,False,False,1,
1988,08/23/2026 02:15:00,08/22/2026 00:00:00,,08/22/2026 00:00:00,,0.00,0.00,0.00,610019,0 0 0 0 0 1 228 232,False,False,1,
1989,08/23/2026 23:46:00,08/23/2026 00:00:00,,08/23/2026 00:00:00,,205457.00,0.00,0.00,610018,0 0 0 0 0 1 244 102,False,False,1,
1990,08/23/2026 23:52:00,08/23/2026 00:00:00,,08/23/2026 00:00:00,,0.00,0.00,0.00,610014,0 0 0 0 0 1 244 104,False,False,1,
1991,08/24/2026 00:51:00,08/23/2026 00:00:00,,08/23/2026 00:00:00,,0.00,0.00,0.00,610004,0 0 0 0 0 1 244 109,False,False,1,
1992,08/24/2026 00:51:00,08/23/2026 00:00:00,,08/23/2026 00:00:00,,0.00,0.00,0.00,610012,0 0 0 0 0 1 244 111,False,False,1,
1993,08/25/2026 00:08:00,08/24/2026 00:00:00,,08/24/2026 00:00:00,,0.00,0.00,0.00,610018,0 0 0 0 0 1 244 114,False,False,1,
1994,08/25/2026 00:11:00,08/24/2026 00:00:00,,08/24/2026 00:00:00,,0.00,0.00,0.00,610019,0 0 0 0 0 1 244 116,False,False,1,
1995,08/25/2026 00:13:00,08/24/2026 00:00:00,,08/24/2026 00:00:00,,0.00,0.00,0.00,610014,0 0 0 0 0 1 244 118,False,False,1,
1996,08/25/2026 00:35:00,08/24/2026 00:00:00,,08/24/2026 00:00:00,,0.00,0.00,0.00,610004,0 0 0 0 0 1 244 126,False,False,1,
1997,08/25/2026 00:18:00,08/24/2026 00:00:00,,08/24/2026 00:00:00,,0.00,0.00,0.00,610005,0 0 0 0 0 1 244 122,False,False,1,
1998,08/28/2026 23:26:00,08/25/2026 00:00:00,,08/25/2026 00:00:00,,324666.00,0.00,0.00,610022,0 0 0 0 0 2 4 6,False,False,1,from khalid
1999,08/29/2026 00:00:00,08/27/2026 00:00:00,,08/27/2026 00:00:00,,0.00,0.00,0.00,610022,0 0 0 0 0 2 4 9,False,False,1,FROM HASNAT
2000,08/29/2026 00:03:00,08/27/2026 00:00:00,,08/27/2026 00:00:00,,0.00,0.00,0.00,610014,0 0 0 0 0 2 4 11,False,False,1,
2001,08/29/2026 00:07:00,08/27/2026 00:00:00,,08/27/2026 00:00:00,,0.00,0.00,0.00,610018,0 0 0 0 0 2 4 13,False,False,1,
2002,08/31/2026 22:44:00,08/29/2026 00:00:00,,08/29/2026 00:00:00,,0.00,0.00,0.00,610018,0 0 0 0 0 2 19 166,False,False,1,
2003,08/31/2026 22:45:00,08/29/2026 00:00:00,,08/29/2026 00:00:00,,0.00,0.00,0.00,610019,0 0 0 0 0 2 19 168,False,False,1,
2004,08/31/2026 22:46:00,08/29/2026 00:00:00,,08/29/2026 00:00:00,,0.00,0.00,0.00,610014,0 0 0 0 0 2 19 170,False,False,1,
2005,09/02/2026 23:48:00,08/29/2026 00:00:00,,08/29/2026 00:00:00,,0.00,0.00,0.00,610022,0 0 0 0 0 2 19 172,False,False,1,FROM KHALID
2006,09/02/2026 23:52:00,08/30/2026 00:00:00,,08/30/2026 00:00:00,,701166.00,0.00,0.00,610022,0 0 0 0 0 2 19 174,False,False,1,FROM KHALID
2007,09/02/2026 23:55:00,08/30/2026 00:00:00,,08/30/2026 00:00:00,,0.00,0.00,0.00,610018,0 0 0 0 0 2 19 176,False,False,1,
2008,09/02/2026 23:57:00,08/30/2026 00:00:00,,08/30/2026 00:00:00,,13502266.00,0.00,0.00,610014,0 0 0 0 0 2 19 178,False,False,1,
2009,09/03/2026 00:08:00,08/30/2026 00:00:00,,08/30/2026 00:00:00,,0.00,0.00,0.00,610004,0 0 0 0 0 2 19 180,False,False,1,
2010,09/03/2026 00:44:00,08/30/2026 00:00:00,,08/30/2026 00:00:00,,0.00,0.00,0.00,610012,0 0 0 0 0 2 19 182,False,False,1,
2011,09/03/2026 00:45:00,08/30/2026 00:00:00,,08/30/2026 00:00:00,,0.00,0.00,0.00,610012,0 0 0 0 0 2 19 184,False,False,1,
2012,09/09/2026 23:36:00,09/03/2026 00:00:00,,09/03/2026 00:00:00,,0.00,0.00,0.00,610022,0 0 0 0 0 2 50 230,False,False,1,from khalid
2013,09/09/2026 23:37:00,09/03/2026 00:00:00,,09/03/2026 00:00:00,,0.00,0.00,0.00,610004,0 0 0 0 0 2 50 232,False,False,1,
2014,09/10/2026 00:00:00,09/05/2026 00:00:00,,09/05/2026 00:00:00,,0.00,0.00,0.00,610014,0 0 0 0 0 2 50 234,False,False,1,
2015,09/10/2026 00:09:00,09/05/2026 00:00:00,,09/05/2026 00:00:00,,0.00,0.00,0.00,610004,0 0 0 0 0 2 50 236,False,False,1,
