SaleId,ProductId,BatchNo,ExpiryDate,Quantity,Cost,IsDeleted
1,00008,001,07/03/2025 00:00:00,800.000000000,26.20483,False
1,00013,001,09/28/2025 00:00:00,800.000000000,53.51762,False
1,00016,003,09/28/2024 00:00:00,5.000000000,3732.00000,False
2,00013,001,09/28/2025 00:00:00,600.000000000,53.51762,False
2,00040,001,09/28/2024 00:00:00,1.000000000,235.08500,False
3,00009,001,07/04/2025 00:00:00,1000.000000000,24.77447,False
4,00022,003,07/04/2025 00:00:00,5.000000000,622.00000,False
5,00008,001,07/03/2025 00:00:00,1900.000000000,26.20483,False
5,00009,001,07/04/2025 00:00:00,1700.000000000,24.77447,False
5,00010,001,07/02/2025 00:00:00,1700.000000000,21.66400,False
5,00013,001,09/28/2025 00:00:00,2000.000000000,53.51762,False
6,00013,001,09/28/2025 00:00:00,700.000000000,53.51762,False
7,00014,0013,07/12/2025 00:00:00,25.000000000,88.01301,False
8,00022,009,07/10/2025 00:00:00,100.000000000,476.00000,False
9,00040,0013,07/12/2025 00:00:00,5.000000000,1177.66667,False
9,00041,0013,07/12/2025 00:00:00,15.000000000,1407.00000,False
9,00074,0013,07/12/2025 00:00:00,5.000000000,593.00000,False
10,00022,0013,07/12/2025 00:00:00,2.000000000,622.00000,False
10,00038,0013,07/12/2025 00:00:00,5.000000000,1130.50000,False
10,00041,0013,07/12/2025 00:00:00,5.000000000,1407.00000,False
10,00051,002,07/12/2025 00:00:00,8.000000000,1773.00000,False
10,00052,001,07/10/2025 00:00:00,20.000000000,983.97500,False
11,00040,0013,07/12/2025 00:00:00,5.000000000,1177.66667,False
11,00049,001,10/01/2025 00:00:00,4.000000000,7500.00000,False
12,00014,0013,07/12/2025 00:00:00,1100.000000000,88.01301,False
13,00014,001,10/02/2025 00:00:00,25.000000000,250.00000,False
13,00014,0013,07/12/2025 00:00:00,275.000000000,88.01301,False
14,00016,002,10/02/2025 00:00:00,25.000000000,4000.00000,False
14,00019,002,10/02/2025 00:00:00,50.000000000,1800.00000,False
14,00022,002,10/02/2025 00:00:00,25.000000000,3500.00000,False
15,00012,001,10/02/2025 00:00:00,48.000000000,120.00000,False
15,00014,001,10/02/2025 00:00:00,40.000000000,44.21254,False
16,00012,001,10/02/2025 00:00:00,96.000000000,120.00000,False
17,00008,001,07/03/2025 00:00:00,100.000000000,26.20483,False
17,00009,001,07/04/2025 00:00:00,100.000000000,24.77447,False
17,00010,001,07/02/2025 00:00:00,100.000000000,21.66400,False
17,00013,001,09/28/2025 00:00:00,100.000000000,53.51762,False
17,00014,001,10/02/2025 00:00:00,20.000000000,44.21254,False
18,00014,001,10/02/2025 00:00:00,200.000000000,44.21254,False
19,00008,001,07/03/2025 00:00:00,100.000000000,26.20483,False
19,00009,001,07/04/2025 00:00:00,100.000000000,24.77447,False
19,00010,001,07/02/2025 00:00:00,100.000000000,21.66400,False
19,00012,001,10/02/2025 00:00:00,48.000000000,120.00000,False
19,00013,001,09/28/2025 00:00:00,100.000000000,53.51762,False
19,00014,001,10/02/2025 00:00:00,300.000000000,44.21254,False
20,00014,001,10/02/2025 00:00:00,60.000000000,44.21254,False
22,00009,002,07/15/2025 00:00:00,500.000000000,24.96263,False
23,00009,002,07/15/2025 00:00:00,500.000000000,24.96263,False
24,00009,002,07/15/2025 00:00:00,1000.000000000,24.96263,False
25,00010,001,07/02/2025 00:00:00,500.000000000,21.66400,False
26,00010,001,07/02/2025 00:00:00,100.000000000,21.66400,False
26,00010,002,07/16/2025 00:00:00,1900.000000000,21.96974,False
27,00008,002,07/17/2025 00:00:00,1000.000000000,25.89950,False
28,00040,0013,07/12/2025 00:00:00,8.000000000,1177.66667,False
29,00014,002,07/17/2025 00:00:00,100.000000000,56.00625,False
30,00014,002,07/17/2025 00:00:00,100.000000000,56.00625,False
31,00014,001,10/02/2025 00:00:00,340.000000000,44.21254,False
31,00014,002,07/17/2025 00:00:00,120.000000000,56.00625,False
32,00022,002,07/21/2025 00:00:00,10.000000000,476.00000,False
32,00036,02,07/21/2025 00:00:00,975.000000000,41.69128,False
33,00036,002,07/05/2025 00:00:00,500.000000000,41.12000,False
34,00022,002,07/23/2025 00:00:00,2.000000000,475.00000,False
34,00074,002,07/23/2025 00:00:00,5.000000000,494.00480,False
35,00076,001,07/24/2025 00:00:00,100.000000000,888.20576,False
37,00016,002,10/13/2025 00:00:00,1.000000000,3000.00000,False
38,00013,002,07/26/2025 00:00:00,800.000000000,33.62230,False
38,00014,002,07/29/2025 00:00:00,60.000000000,46.63250,False
38,00032,001,07/29/2025 00:00:00,336.000000000,326.40500,False
39,00008,002,07/26/2025 00:00:00,100.000000000,24.22850,False
39,00009,002,07/26/2025 00:00:00,100.000000000,22.45830,False
39,00010,002,07/26/2025 00:00:00,100.000000000,21.11025,False
39,00013,002,07/26/2025 00:00:00,100.000000000,33.62230,False
39,00014,002,07/29/2025 00:00:00,40.000000000,46.63250,False
39,00022,002,07/26/2025 00:00:00,8.000000000,622.00000,False
39,00032,001,07/29/2025 00:00:00,120.000000000,326.40500,False
40,00032,001,07/29/2025 00:00:00,120.000000000,326.40500,False
41,00019,002,07/26/2025 00:00:00,10.000000000,495.00000,False
42,00019,002,07/26/2025 00:00:00,7.000000000,495.00000,False
43,00024,001,07/30/2025 00:00:00,24.000000000,397.57622,False
43,00032,001,07/29/2025 00:00:00,12.000000000,326.40500,False
44,00040,0013,07/12/2025 00:00:00,42.000000000,1177.66667,False
44,00040,002,07/17/2025 00:00:00,8.000000000,1197.12500,False
45,00013,002,07/26/2025 00:00:00,100.000000000,33.62230,False
45,00016,002,10/24/2025 00:00:00,5.000000000,3000.00000,False
46,00024,001,07/30/2025 00:00:00,180.000000000,397.57622,False
47,00024,001,07/30/2025 00:00:00,120.000000000,397.57622,False
48,00024,001,07/30/2025 00:00:00,12.000000000,397.57622,False
48,00032,001,07/29/2025 00:00:00,12.000000000,326.40500,False
48,00046,001,10/02/2025 00:00:00,4.000000000,12500.00000,False
48,00049,002,07/31/2025 00:00:00,4.000000000,871.98650,False
48,00050,002,07/31/2026 00:00:00,12.000000000,412.58421,False
48,00054,001,07/31/2026 00:00:00,12.000000000,402.13699,False
49,00024,001,07/30/2025 00:00:00,24.000000000,397.57622,False
49,00046,001,10/02/2025 00:00:00,8.000000000,12500.00000,False
49,00050,002,07/31/2026 00:00:00,24.000000000,412.58421,False
49,00054,001,07/31/2026 00:00:00,24.000000000,402.13699,False
50,00024,001,07/30/2025 00:00:00,24.000000000,397.57622,False
50,00046,001,10/02/2025 00:00:00,8.000000000,12500.00000,False
50,00049,002,07/31/2025 00:00:00,8.000000000,871.98650,False
50,00050,002,07/31/2026 00:00:00,24.000000000,412.58421,False
50,00054,001,07/31/2026 00:00:00,24.000000000,402.13699,False
51,00049,002,08/01/2025 00:00:00,100.000000000,640.85650,False
52,00077,001,08/01/2025 00:00:00,252.000000000,372.64214,False
53,00047,002,08/02/2025 00:00:00,96.000000000,672.32375,False
54,00016,002,10/25/2025 00:00:00,45.000000000,3000.00000,False
55,00019,002,10/25/2025 00:00:00,7.000000000,1800.00000,False
56,00047,002,08/05/2025 00:00:00,104.000000000,656.10498,False
57,00024,001,07/30/2025 00:00:00,24.000000000,397.57622,False
57,00046,001,10/02/2025 00:00:00,8.000000000,12500.00000,False
57,00050,002,07/31/2026 00:00:00,24.000000000,412.58421,False
57,00054,001,07/31/2026 00:00:00,24.000000000,402.13699,False
59,00019,001,11/01/2025 00:00:00,40.000000000,495.00000,False
60,00026,001,11/02/2025 00:00:00,988.000000000,24.32533,False
60,00028,001,11/02/2025 00:00:00,100.000000000,584.13325,False
61,00014,0002,11/02/2025 00:00:00,600.000000000,43.74949,False
62,00008,0002,11/02/2025 00:00:00,300.000000000,25.53569,False
62,00008,002,07/26/2025 00:00:00,100.000000000,24.22850,False
62,00009,0002,11/02/2025 00:00:00,700.000000000,23.91330,False
62,00009,002,07/26/2025 00:00:00,100.000000000,22.45830,False
62,00010,002,07/26/2025 00:00:00,100.000000000,21.11025,False
62,00014,0002,11/02/2025 00:00:00,380.000000000,43.74949,False
63,00019,0003,11/02/2025 00:00:00,100.000000000,495.00000,False
64,00019,0003,11/02/2025 00:00:00,40.000000000,495.00000,False
65,00019,0003,11/02/2025 00:00:00,10.000000000,495.00000,False
66,00052,004,11/13/2025 00:00:00,4.000000000,818.62546,False
67,00078,002,11/13/2025 00:00:00,297.000000000,292.92525,False
68,00014,004,11/14/2025 00:00:00,400.000000000,39.72415,False
69,00014,004,11/14/2025 00:00:00,1000.000000000,39.72415,False
70,00014,004,11/14/2025 00:00:00,600.000000000,39.72415,False
71,00026,001,11/15/2025 00:00:00,996.000000000,44.07096,False
71,00082,001,11/15/2025 00:00:00,884.000000000,152.11320,False
72,00068,001,11/15/2025 00:00:00,250.000000000,302.47307,False
73,00052,002,11/14/2025 00:00:00,40.000000000,1438.71401,False
74,00008,0002,11/02/2025 00:00:00,200.000000000,25.53569,False
75,00012,001,12/10/2025 00:00:00,240.000000000,42.60639,False
75,00013,0003,11/17/2025 00:00:00,1370.000000000,32.19489,False
76,00014,0003,11/16/2025 00:00:00,1260.000000000,42.30117,False
76,00039,001,11/17/2024 00:00:00,815.000000000,34.32604,False
77,00014,0003,11/16/2025 00:00:00,200.000000000,42.30117,False
78,00079,001,11/12/2025 00:00:00,435.000000000,224.80158,False
79,00052,0005,12/20/2025 00:00:00,4.000000000,1274.97804,False
79,00052,002,11/14/2025 00:00:00,52.000000000,1438.71401,False
79,00068,001,11/17/2025 00:00:00,114.000000000,377.82135,False
80,00024,001,07/30/2025 00:00:00,36.000000000,397.57622,False
80,00052,0005,12/20/2025 00:00:00,20.000000000,1274.97804,False
81,00024,001,07/30/2025 00:00:00,24.000000000,397.57622,False
82,00039,001,11/17/2024 00:00:00,180.000000000,34.32604,False
83,00040,0002,10/12/2025 00:00:00,10.000000000,368.80576,False
84,00038,0004,10/12/2025 00:00:00,10.000000000,383.80576,False
85,00052,0005,12/20/2025 00:00:00,20.000000000,1274.97804,False
86,00019,0005,11/17/2025 00:00:00,12.000000000,498.96763,False
87,00012,001,12/10/2025 00:00:00,480.000000000,42.60639,False
87,00032,0003,11/23/2025 00:00:00,60.000000000,308.16929,False
88,00012,001,12/10/2025 00:00:00,816.000000000,42.60639,False
89,00014,0003,11/16/2025 00:00:00,200.000000000,42.30117,False
89,00032,0003,11/23/2025 00:00:00,10.000000000,308.16929,False
89,00032,001,11/23/2025 00:00:00,50.000000000,1500.00000,False
90,00010,0003,11/23/2025 00:00:00,2000.000000000,21.96207,False
91,00010,0003,11/23/2025 00:00:00,500.000000000,21.96207,False
92,00014,0003,11/16/2025 00:00:00,160.000000000,42.30117,False
92,00032,0003,11/23/2025 00:00:00,48.000000000,308.16929,False
93,00010,0003,11/23/2025 00:00:00,200.000000000,21.96207,False
94,00008,0002,11/02/2025 00:00:00,500.000000000,25.53569,False
94,00008,0003,12/20/2025 00:00:00,500.000000000,32.52120,False
94,00009,0002,11/02/2025 00:00:00,300.000000000,23.91330,False
95,00008,0003,12/20/2025 00:00:00,400.000000000,32.52120,False
96,00008,0001,11/23/2025 00:00:00,570.000000000,15.24781,False
96,00008,0003,12/20/2025 00:00:00,30.000000000,32.52120,False
97,00024,001,07/30/2025 00:00:00,60.000000000,397.57622,False
97,00046,001,10/02/2025 00:00:00,20.000000000,12500.00000,False
97,00050,0001,11/23/2025 00:00:00,36.000000000,431.33932,False
97,00072,0001,11/23/2025 00:00:00,20.000000000,1010.47382,False
98,00009,0001,11/23/2025 00:00:00,230.000000000,11.17334,False
98,00009,001,11/23/2025 00:00:00,470.000000000,11.84323,False
99,00024,001,07/30/2025 00:00:00,12.000000000,397.57622,False
99,00024,002,11/14/2025 00:00:00,108.000000000,462.17765,False
99,00032,0001,11/23/2025 00:00:00,120.000000000,325.99970,False
100,00086,0001,11/23/2025 00:00:00,249.000000000,451.16827,False
101,00047,0001,11/23/2025 00:00:00,66.000000000,802.66407,False
102,00049,0003,11/23/2025 00:00:00,16.000000000,772.72215,False
103,00038,003,11/23/2025 00:00:00,3.000000000,310.00000,False
103,00040,0003,11/23/2025 00:00:00,2.000000000,310.00000,False
104,00040,0003,11/23/2025 00:00:00,10.000000000,310.00000,False
105,00049,0001,11/23/2025 00:00:00,8.000000000,941.47622,False
105,00049,0003,11/23/2025 00:00:00,8.000000000,772.72215,False
106,00012,0002,11/26/2025 00:00:00,960.000000000,51.62739,False
107,00008,0003,12/20/2025 00:00:00,570.000000000,32.52120,False
107,00009,0001,11/23/2025 00:00:00,470.000000000,11.17334,False
107,00013,0001,11/26/2025 00:00:00,56.000000000,7.06949,False
108,00046,0001,11/23/2025 00:00:00,4.000000000,983.66044,False
109,00047,0002,12/14/2025 00:00:00,212.000000000,1021.72444,False
110,00047,0002,12/14/2025 00:00:00,41.000000000,1021.72444,False
111,00010,0002,11/29/2025 00:00:00,300.000000000,22.16116,False
111,00010,0003,11/23/2025 00:00:00,300.000000000,21.96207,False
111,00014,0003,11/16/2025 00:00:00,200.000000000,46.71630,False
112,00008,0002,11/29/2025 00:00:00,500.000000000,25.42519,False
112,00010,0002,11/29/2025 00:00:00,500.000000000,22.16116,False
112,00014,0003,11/16/2025 00:00:00,300.000000000,46.71630,False
113,00012,0002,11/26/2025 00:00:00,336.000000000,51.62739,False
114,00032,0001,10/22/2026 00:00:00,96.000000000,686.67279,False
115,00009,0003,12/14/2025 00:00:00,600.000000000,22.20075,False
115,00032,0003,12/14/2025 00:00:00,48.000000000,206.63699,False
116,00087,0001,11/26/2025 00:00:00,50.000000000,434.45183,False
117,00045,0001,11/23/2025 00:00:00,24.000000000,356.96788,False
117,00052,0003,12/14/2025 00:00:00,8.000000000,1509.39832,False
118,00024,0003,11/17/2025 00:00:00,106.000000000,411.95783,False
118,00024,002,11/14/2025 00:00:00,12.000000000,462.17765,False
118,00032,0003,12/14/2025 00:00:00,72.000000000,206.63699,False
118,00045,0001,11/23/2025 00:00:00,84.000000000,356.96788,False
118,00046,0001,11/23/2025 00:00:00,16.000000000,983.66044,False
118,00049,0001,11/23/2025 00:00:00,8.000000000,941.47622,False
118,00072,0001,11/23/2025 00:00:00,20.000000000,1010.47382,False
119,00072,0001,11/23/2025 00:00:00,20.000000000,1010.47382,False
120,00050,0002,11/26/2025 00:00:00,60.000000000,529.13249,False
120,00051,0002,11/26/2025 00:00:00,20.000000000,2013.89153,False
121,00008,0002,11/29/2025 00:00:00,500.000000000,25.42519,False
121,00009,0003,12/14/2025 00:00:00,100.000000000,22.20075,False
121,00010,0002,11/29/2025 00:00:00,240.000000000,22.16116,False
121,00032,0003,12/14/2025 00:00:00,60.000000000,206.63699,False
122,00041,0001,12/14/2025 00:00:00,5.000000000,563.66274,False
123,00026,0001,12/14/2025 00:00:00,1836.000000000,54.64268,False
123,00028,0001,12/14/2025 00:00:00,199.000000000,1379.12498,False
123,00078,0002,12/14/2025 00:00:00,2.000000000,275.00000,False
124,00076,0002,12/14/2025 00:00:00,90.000000000,800.07099,False
125,00016,0001,12/14/2025 00:00:00,24.000000000,471.87500,False
125,00016,0003,11/17/2025 00:00:00,2.000000000,489.67226,False
126,00024,0003,11/17/2025 00:00:00,12.000000000,411.95783,False
126,00052,0002,12/14/2025 00:00:00,12.000000000,1135.24668,False
126,00052,0003,12/14/2025 00:00:00,16.000000000,1509.39832,False
126,00076,0001,12/14/2025 00:00:00,123.000000000,656.08592,False
127,00009,0001,12/21/2025 00:00:00,22.000000000,110.00000,False
127,00014,0005,12/18/2025 00:00:00,20.000000000,40.07407,False
128,00041,0001,12/14/2025 00:00:00,5.000000000,563.66274,False
129,00032,0003,12/14/2025 00:00:00,60.000000000,206.63699,False
129,00045,0003,12/18/2025 00:00:00,12.000000000,331.12367,False
129,00050,0002,11/26/2025 00:00:00,12.000000000,529.13249,False
130,00049,0003,12/14/2025 00:00:00,24.000000000,694.05679,False
130,00052,0001,12/21/2025 00:00:00,1.000000000,12500.00000,False
130,00052,0002,12/14/2025 00:00:00,19.000000000,1135.24668,False
130,00052,0005,12/20/2025 00:00:00,4.000000000,1274.97804,False
131,00036,0002,12/14/2025 00:00:00,240.000000000,46.48388,False
132,00032,0003,12/14/2025 00:00:00,120.000000000,206.63699,False
133,00032,0003,12/14/2025 00:00:00,120.000000000,206.63699,False
134,00014,0005,12/18/2025 00:00:00,620.000000000,40.07407,False
136,00013,0001,12/18/2025 00:00:00,100.000000000,14.02205,False
136,00036,0002,12/14/2025 00:00:00,240.000000000,46.48388,False
137,00014,0004,12/18/2025 00:00:00,620.000000000,41.48443,False
137,00014,0005,12/18/2025 00:00:00,160.000000000,40.07407,False
137,00014,001,10/02/2025 00:00:00,20.000000000,250.00000,False
138,00045,0002,12/18/2025 00:00:00,36.000000000,398.73755,False
138,00050,0002,11/26/2025 00:00:00,24.000000000,529.13249,False
138,00050,0003,12/18/2025 00:00:00,12.000000000,513.70167,False
138,00051,0002,11/26/2025 00:00:00,8.000000000,2013.89153,False
138,00074,0001,12/18/2025 00:00:00,10.000000000,621.50000,False
139,00022,0004,12/19/2025 00:00:00,1.000000000,688.48360,False
139,00047,0002,12/19/2025 00:00:00,3.000000000,3599.76156,False
139,00052,0001,12/21/2025 00:00:00,3.000000000,12500.00000,False
140,00022,0004,12/19/2025 00:00:00,50.000000000,688.48360,False
141,00038,0001,12/19/2025 00:00:00,60.000000000,661.49992,False
142,00026,0001,12/14/2025 00:00:00,160.000000000,54.64268,False
143,00019,0003,12/19/2025 00:00:00,83.000000000,500.00000,False
144,00022,0004,12/19/2025 00:00:00,20.000000000,688.48360,False
145,00032,0003,12/14/2025 00:00:00,60.000000000,206.63699,False
145,00074,0004,12/19/2025 00:00:00,50.000000000,665.20000,False
146,00022,0003,12/19/2025 00:00:00,1.000000000,648.61971,False
146,00022,0004,12/19/2025 00:00:00,1.000000000,688.48360,False
147,00016,0001,12/14/2025 00:00:00,2.000000000,471.87500,False
147,00016,0004,12/19/2025 00:00:00,17.000000000,489.76975,False
147,00022,0003,12/19/2025 00:00:00,20.000000000,648.61971,False
148,00022,0004,12/19/2025 00:00:00,20.000000000,688.48360,False
149,00022,0003,12/19/2025 00:00:00,10.000000000,648.61971,False
149,00022,0004,12/19/2025 00:00:00,30.000000000,688.48360,False
150,00022,0003,12/19/2025 00:00:00,40.000000000,648.61971,False
151,00024,0001,11/23/2025 00:00:00,118.000000000,605.36879,False
151,00024,0003,11/17/2025 00:00:00,2.000000000,411.95783,False
151,00046,0001,11/23/2025 00:00:00,20.000000000,983.66044,False
151,00050,002,07/31/2026 00:00:00,120.000000000,412.58421,False
151,00051,002,07/31/2026 00:00:00,24.000000000,1266.27777,False
152,00024,0001,11/23/2025 00:00:00,120.000000000,605.36879,False
152,00052,0001,12/21/2025 00:00:00,40.000000000,12500.00000,False
153,00016,0004,12/19/2025 00:00:00,2.000000000,489.76975,False
154,00088,0001,12/14/2025 00:00:00,49.000000000,525.00000,False
155,00032,0003,12/14/2025 00:00:00,228.000000000,206.63699,False
155,00032,0004,12/18/2025 00:00:00,60.000000000,452.85555,False
155,00032,001,11/23/2025 00:00:00,12.000000000,1500.00000,False
155,00054,0001,11/23/2025 00:00:00,128.000000000,423.73024,False
155,00054,0002,12/18/2025 00:00:00,172.000000000,109.92500,False
155,00089,0002,12/18/2025 00:00:00,750.000000000,10.06435,False
156,00074,0001,12/18/2025 00:00:00,10.000000000,621.50000,False
157,00080,001,11/14/2025 00:00:00,265.000000000,187.63091,False
158,00084,0001,12/28/2025 00:00:00,12.000000000,3096.83655,False
159,00054,0002,12/18/2025 00:00:00,24.000000000,109.92500,False
159,00085,0001,12/20/2025 00:00:00,20.000000000,1790.63987,False
160,00084,0001,12/28/2025 00:00:00,20.000000000,2380.87738,False
161,00019,0002,12/18/2026 00:00:00,100.000000000,500.00000,False
161,00038,0002,12/19/2026 00:00:00,100.000000000,650.60000,False
161,00090,0001,12/18/2025 00:00:00,18.000000000,913.78974,False
161,00091,0001,12/18/2025 00:00:00,20.000000000,869.10499,False
162,00024,0004,12/25/2025 00:00:00,300.000000000,426.38673,False
163,00013,0001,12/18/2025 00:00:00,1096.000000000,14.02205,False
163,00032,0004,12/26/2025 00:00:00,24.000000000,342.11010,False
163,00036,0002,12/14/2025 00:00:00,20.000000000,46.48388,False
163,00036,0003,12/26/2025 00:00:00,890.000000000,41.84354,False
164,00009,0003,12/25/2025 00:00:00,200.000000000,29.84416,False
164,00014,0005,12/25/2025 00:00:00,345.000000000,44.33152,False
165,00016,0005,12/25/2025 00:00:00,43.000000000,543.95825,False
166,00009,0003,12/25/2025 00:00:00,470.000000000,29.84416,False
166,00016,0004,12/26/2025 00:00:00,6.000000000,543.95825,False
166,00022,0004,12/25/2025 00:00:00,20.000000000,496.95181,False
166,00032,0004,12/26/2025 00:00:00,36.000000000,342.11010,False
166,00038,0004,12/26/2025 00:00:00,10.000000000,735.80425,False
166,00041,0003,12/26/2025 00:00:00,25.000000000,936.25000,False
166,00074,0003,12/26/2025 00:00:00,40.000000000,624.19096,False
166,00090,0002,12/26/2025 00:00:00,8.000000000,989.73229,False
166,00091,0002,12/26/2025 00:00:00,8.000000000,965.22999,False
167,00032,0003,12/25/2025 00:00:00,60.000000000,339.15772,False
167,00032,0004,12/26/2025 00:00:00,24.000000000,342.11010,False
168,00019,0005,12/26/2025 00:00:00,10.000000000,666.64025,False
169,00022,0004,12/25/2025 00:00:00,100.000000000,496.95181,False
170,00095,0001,12/25/2025 00:00:00,45.000000000,823.84738,False
171,00095,0001,12/25/2025 00:00:00,305.000000000,823.84738,False
172,00019,0005,12/26/2025 00:00:00,75.000000000,666.64025,False
172,00022,0004,12/25/2025 00:00:00,125.000000000,496.95181,False
173,00022,0004,12/25/2025 00:00:00,100.000000000,496.95181,False
174,00019,0005,12/26/2025 00:00:00,10.000000000,666.64025,False
175,00047,0002,12/26/2025 00:00:00,200.000000000,841.55621,False
176,00038,0003,12/26/2025 00:00:00,50.000000000,513.80000,False
177,00074,0003,12/26/2025 00:00:00,8.000000000,624.19096,False
178,00019,0004,12/26/2025 00:00:00,45.000000000,2333.04200,False
178,00019,0005,12/26/2025 00:00:00,4.000000000,666.64025,False
179,00014,0005,12/25/2025 00:00:00,400.000000000,44.33152,False
179,00019,0004,12/26/2025 00:00:00,40.000000000,2333.04200,False
180,00014,0004,12/26/2025 00:00:00,200.000000000,43.00542,False
181,00016,0001,12/27/2031 00:00:00,1.000000000,4000.00000,False
182,00022,0004,12/25/2025 00:00:00,60.000000000,496.95181,False
183,00016,0004,12/28/2025 00:00:00,3.000000000,408.67875,False
184,00014,0004,12/26/2025 00:00:00,400.000000000,42.76332,False
185,00044,0001,12/18/2025 00:00:00,16.000000000,641.84983,False
185,00052,0003,12/28/2025 00:00:00,20.000000000,1136.35862,False
186,00014,0005,12/28/2025 00:00:00,2000.000000000,39.65846,False
187,00014,0005,12/31/2025 00:00:00,400.000000000,42.98477,False
188,00014,0005,12/31/2025 00:00:00,1080.000000000,42.98477,False
189,00016,0001,01/03/2025 00:00:00,20.000000000,2129.63229,False
190,00068,0002,01/03/2025 00:00:00,252.000000000,178.18214,False
191,00022,0004,12/25/2025 00:00:00,10.000000000,496.95181,False
192,00072,0002,12/26/2025 00:00:00,20.000000000,938.66009,False
193,00014,0001,01/03/2025 00:00:00,800.000000000,42.96298,False
194,00054,0001,01/03/2025 00:00:00,36.000000000,279.33889,False
195,00016,0001,01/03/2025 00:00:00,8.000000000,2129.63229,False
196,00014,0001,01/08/2025 00:00:00,800.000000000,45.38402,False
197,00040,0001,01/08/2025 00:00:00,13.000000000,976.21498,False
198,00054,0002,12/18/2025 00:00:00,104.000000000,109.92500,False
198,00092,0001,12/25/2025 00:00:00,120.000000000,446.07100,False
198,00093,0001,12/25/2025 00:00:00,300.000000000,313.15750,False
198,00094,0001,12/25/2025 00:00:00,300.000000000,405.28036,False
199,00014,0001,10/14/2025 00:00:00,1795.000000000,30.03638,False
200,00053,0001,10/14/2025 00:00:00,4.000000000,915.58890,False
201,00024,0004,10/14/2025 00:00:00,58.000000000,349.86947,False
201,00052,0004,10/14/2025 00:00:00,8.000000000,968.35472,False
201,00053,0001,10/14/2025 00:00:00,20.000000000,915.58890,False
202,00049,0004,10/14/2025 00:00:00,40.000000000,768.85477,False
203,00046,0002,10/14/2025 00:00:00,4.000000000,1030.39054,False
203,00052,0003,10/27/2025 00:00:00,4.000000000,875.47599,False
204,00097,0001,10/14/2025 00:00:00,60.000000000,787.19913,False
204,00098,0001,10/14/2025 00:00:00,60.000000000,835.16068,False
204,00099,0001,10/14/2025 00:00:00,60.000000000,1133.43259,False
205,00047,0001,10/16/2025 00:00:00,200.000000000,753.31048,False
206,00049,0004,10/14/2025 00:00:00,20.000000000,768.85477,False
207,00014,0001,10/14/2025 00:00:00,622.000000000,30.03638,False
208,00014,0005,10/18/2025 00:00:00,940.000000000,41.69600,False
209,00100,0001,10/18/2025 00:00:00,300.000000000,383.40195,False
210,00101,0001,10/18/2025 00:00:00,12.000000000,192.17067,False
210,00102,0001,10/18/2025 00:00:00,12.000000000,446.43292,False
210,00103,0001,10/24/2025 00:00:00,12.000000000,264.76580,False
211,00032,0003,10/20/2025 00:00:00,144.000000000,306.97843,False
211,00032,0004,10/14/2025 00:00:00,120.000000000,316.76285,False
213,00014,0005,10/18/2025 00:00:00,480.000000000,41.69600,False
214,00014,0005,10/18/2025 00:00:00,200.000000000,41.69600,False
215,00073,0001,10/24/2025 00:00:00,300.000000000,443.69095,False
215,00103,0001,10/24/2025 00:00:00,120.000000000,264.76580,False
216,00040,0003,10/24/2025 00:00:00,4.000000000,189.96725,False
217,00077,0001,10/25/2025 00:00:00,58.000000000,667.39718,False
218,00008,0001,10/25/2025 00:00:00,570.000000000,21.69548,False
218,00019,0001,10/25/2025 00:00:00,10.000000000,475.00000,False
219,00008,0001,10/25/2025 00:00:00,500.000000000,21.69548,False
220,00016,0001,10/25/2025 00:00:00,1.000000000,765.37166,False
221,00016,0001,10/25/2025 00:00:00,20.000000000,765.37166,False
222,00052,0003,10/27/2025 00:00:00,36.000000000,875.47599,False
222,00052,0004,10/14/2025 00:00:00,4.000000000,876.65972,False
223,00016,0005,10/27/2025 00:00:00,11.000000000,1120.75432,False
224,00022,0001,01/29/2025 00:00:00,15.000000000,2800.00000,False
225,00009,0001,01/29/2025 00:00:00,100.000000000,88.00000,False
225,00010,0001,01/29/2025 00:00:00,100.000000000,100.00000,False
225,00013,0001,01/29/2025 00:00:00,100.000000000,64.00000,False
226,00101,0001,10/30/2025 00:00:00,300.000000000,210.08609,False
226,00102,0001,11/01/2025 00:00:00,96.000000000,454.08949,False
226,00103,0001,10/30/2025 00:00:00,180.000000000,198.75138,False
226,00106,0001,11/01/2025 00:00:00,300.000000000,500.00000,False
226,00107,0001,11/01/2025 00:00:00,294.000000000,400.00000,False
227,00016,0005,11/03/2025 00:00:00,6.000000000,1231.75025,False
228,00052,0003,11/03/2025 00:00:00,12.000000000,837.64370,False
229,00044,0001,11/03/2025 00:00:00,20.000000000,911.86418,False
230,00012,0001,11/03/2025 00:00:00,624.000000000,49.55763,False
230,00044,0001,11/03/2025 00:00:00,20.000000000,911.86418,False
231,00109,0001,11/05/2025 00:00:00,60.000000000,1500.00000,False
231,00110,0001,11/05/2025 00:00:00,60.000000000,2000.00000,False
232,00016,0005,11/04/2025 00:00:00,20.000000000,944.75378,False
234,00012,0001,11/04/2025 00:00:00,297.000000000,44.64486,False
234,00044,0001,11/04/2025 00:00:00,20.000000000,991.78442,False
235,00026,0001,11/06/2025 00:00:00,1860.000000000,145.00000,False
236,00112,0001,11/05/2025 00:00:00,60.000000000,2200.00000,False
236,00113,0001,11/05/2025 00:00:00,60.000000000,1500.00000,False
237,00022,0005,03/06/2025 00:00:00,100.000000000,666.15002,False
238,00022,0005,03/06/2025 00:00:00,200.000000000,666.15002,False
239,00022,0005,03/06/2025 00:00:00,40.000000000,666.15002,False
240,00016,0004,03/06/2025 00:00:00,10.000000000,1110.44822,False
241,00016,0004,03/06/2025 00:00:00,18.000000000,1110.44822,False
241,00016,0005,11/04/2025 00:00:00,1.000000000,944.75378,False
242,00016,0004,03/06/2025 00:00:00,36.000000000,495.95825,False
243,00114,0001,11/05/2025 00:00:00,30.000000000,6000.00000,False
244,00014,0005,03/06/2025 00:00:00,198.000000000,41.35076,False
244,00016,0005,03/06/2025 00:00:00,20.000000000,444.35075,False
244,00049,0001,03/06/2025 00:00:00,20.000000000,816.72293,False
244,00050,0001,03/06/2025 00:00:00,60.000000000,415.19250,False
244,00072,0001,10/17/2025 00:00:00,12.000000000,1431.89000,False
245,00016,0005,03/06/2025 00:00:00,1.000000000,444.35075,False
245,00115,0001,03/06/2025 00:00:00,20.000000000,3000.00000,False
246,00024,0003,03/06/2025 00:00:00,60.000000000,310.38925,False
246,00032,0001,03/06/2025 00:00:00,120.000000000,332.12098,False
246,00052,0003,03/06/2025 00:00:00,20.000000000,736.98395,False
247,00073,0001,03/06/2025 00:00:00,96.000000000,366.83167,False
247,00102,0001,03/06/2025 00:00:00,168.000000000,409.58477,False
248,00073,0001,03/06/2025 00:00:00,504.000000000,366.83167,False
249,00016,0005,03/06/2025 00:00:00,50.000000000,442.13924,False
250,00040,0002,11/06/2025 00:00:00,10.000000000,10000.00000,False
251,00052,0002,03/06/2025 00:00:00,20.000000000,604.79011,False
252,00022,0003,03/06/2025 00:00:00,40.000000000,475.00000,False
252,00024,0001,03/06/2025 00:00:00,24.000000000,14.16692,False
252,00041,0001,03/06/2025 00:00:00,60.000000000,487.50000,False
252,00046,0001,03/06/2025 00:00:00,20.000000000,1054.81343,False
252,00051,0001,03/06/2025 00:00:00,20.000000000,1278.74718,False
252,00052,0002,03/06/2025 00:00:00,8.000000000,604.79011,False
252,00054,0001,03/06/2025 00:00:00,36.000000000,412.70000,False
252,00116,0001,03/06/2025 00:00:00,48.000000000,783.27444,False
253,00078,0002,03/06/2025 00:00:00,279.000000000,476.00000,False
254,00019,0002,07/01/2026 00:00:00,30.000000000,509.10256,False
254,00032,0003,10/20/2025 00:00:00,48.000000000,306.97843,False
255,00019,0002,07/01/2026 00:00:00,20.000000000,504.33333,False
255,00022,0001,03/06/2025 00:00:00,3.000000000,2800.00000,False
256,00019,0001,03/06/2025 00:00:00,20.000000000,1400.00000,False
257,00016,0002,03/06/2025 00:00:00,2.000000000,439.56650,False
258,00016,0003,03/06/2025 00:00:00,94.000000000,512.05386,False
259,00016,0003,03/06/2025 00:00:00,40.000000000,512.05386,False
259,00022,0004,03/06/2025 00:00:00,50.000000000,622.00000,False
260,00032,0003,10/20/2025 00:00:00,72.000000000,306.97843,False
261,00016,0002,03/06/2025 00:00:00,23.000000000,439.56650,False
261,00016,0003,03/06/2025 00:00:00,17.000000000,512.05386,False
262,00016,0002,03/06/2025 00:00:00,25.000000000,439.56650,False
263,00090,0001,10/17/2025 00:00:00,8.000000000,4504.38580,False
264,00016,0002,03/06/2025 00:00:00,30.000000000,439.56650,False
265,00014,0004,03/06/2025 00:00:00,1300.000000000,32.22447,False
265,00022,0004,03/06/2025 00:00:00,21.000000000,629.00000,False
266,00052,0003,03/06/2025 00:00:00,20.000000000,687.35036,False
266,00117,0001,03/06/2025 00:00:00,4.000000000,12500.00000,False
267,00014,0005,03/06/2025 00:00:00,500.000000000,36.32800,False
268,00052,0003,03/06/2025 00:00:00,20.000000000,687.35036,False
268,00084,0001,12/28/2025 00:00:00,20.000000000,3966.21554,False
269,00014,0005,11/07/2025 00:00:00,600.000000000,31.28560,False
270,00052,0003,03/06/2025 00:00:00,20.000000000,687.35036,False
270,00117,0001,03/06/2025 00:00:00,4.000000000,12500.00000,False
271,00118,0001,11/07/2025 00:00:00,2.000000000,8000.00000,False
272,00014,0005,11/07/2025 00:00:00,800.000000000,31.28560,False
273,00054,0002,11/07/2025 00:00:00,120.000000000,292.06666,False
274,00048,0001,11/07/2025 00:00:00,199.000000000,352.03820,False
275,00118,0001,11/07/2025 00:00:00,2.000000000,8000.00000,False
276,00119,0001,11/07/2025 00:00:00,12.000000000,644.64944,False
277,00009,0002,12/07/2025 00:00:00,300.000000000,22.67284,False
277,00010,0002,12/07/2025 00:00:00,100.000000000,21.46199,False
277,00014,0005,12/07/2025 00:00:00,300.000000000,32.95033,False
278,00009,0002,12/07/2025 00:00:00,300.000000000,22.67284,False
278,00010,0002,12/07/2025 00:00:00,100.000000000,21.46199,False
279,00009,0002,12/07/2025 00:00:00,700.000000000,22.67284,False
279,00010,0002,12/07/2025 00:00:00,1000.000000000,21.46199,False
280,00009,0002,12/07/2025 00:00:00,300.000000000,22.67284,False
281,00009,0002,12/07/2025 00:00:00,400.000000000,22.67284,False
281,00010,0002,12/07/2025 00:00:00,300.000000000,21.46199,False
282,00032,0005,12/07/2025 00:00:00,96.000000000,308.98288,False
283,00040,0003,12/04/2025 00:00:00,5.000000000,1167.90000,False
284,00040,0003,12/04/2025 00:00:00,5.000000000,1167.90000,False
285,00028,0002,12/05/2025 00:00:00,130.000000000,1013.72179,False
286,00009,0002,12/07/2025 00:00:00,960.000000000,22.67284,False
286,00010,0002,12/07/2025 00:00:00,949.000000000,21.46199,False
286,00032,0005,12/07/2025 00:00:00,300.000000000,308.98288,False
287,00008,0001,03/07/2025 00:00:00,500.000000000,80.00000,False
288,00045,0001,12/05/2025 00:00:00,12.000000000,394.56018,False
289,00024,0004,12/06/2025 00:00:00,48.000000000,48.72692,False
289,00045,0001,12/05/2025 00:00:00,36.000000000,394.56018,False
290,00016,0005,12/07/2025 00:00:00,30.000000000,507.62500,False
291,00016,0005,12/07/2025 00:00:00,10.000000000,507.62500,False
292,00046,0001,12/06/2025 00:00:00,20.000000000,1060.80152,False
292,00052,0002,03/06/2025 00:00:00,20.000000000,604.79011,False
293,00016,0002,12/08/2025 00:00:00,3.000000000,1607.48800,False
294,00016,0002,12/08/2025 00:00:00,3.000000000,1607.48800,False
295,00016,0005,12/08/2025 00:00:00,24.000000000,508.04225,False
295,00019,0004,12/08/2025 00:00:00,76.000000000,501.01351,False
296,00019,0004,12/08/2025 00:00:00,50.000000000,501.01351,False
297,00014,0005,12/08/2025 00:00:00,220.000000000,32.44169,False
298,00016,0005,12/08/2025 00:00:00,28.000000000,508.04225,False
299,00016,0005,12/08/2025 00:00:00,38.000000000,508.04225,False
300,00016,0005,12/08/2025 00:00:00,3.000000000,508.04225,False
301,00019,0004,12/08/2025 00:00:00,50.000000000,501.01351,False
302,00016,0005,12/08/2025 00:00:00,18.000000000,508.04225,False
303,00050,0001,12/05/2025 00:00:00,36.000000000,402.89059,False
304,00019,0004,12/08/2025 00:00:00,120.000000000,501.01351,False
305,00040,0004,12/08/2025 00:00:00,5.000000000,1197.47694,False
306,00123,0001,12/08/2025 00:00:00,12.000000000,1200.00000,False
307,00040,0004,12/08/2025 00:00:00,1.000000000,1197.47694,False
308,00040,0004,12/08/2025 00:00:00,5.000000000,1197.47694,False
309,00124,0001,12/08/2025 00:00:00,4.000000000,6000.00000,False
310,00123,0001,12/08/2025 00:00:00,12.000000000,1200.00000,False
311,00016,0005,12/08/2025 00:00:00,20.000000000,511.94853,False
312,00016,0005,12/08/2025 00:00:00,5.000000000,511.94853,False
313,00040,0004,12/08/2025 00:00:00,12.000000000,1197.47694,False
314,00016,0005,12/08/2025 00:00:00,43.000000000,511.94853,False
315,00032,0004,12/08/2025 00:00:00,18.000000000,312.39525,False
315,00123,0001,12/08/2025 00:00:00,12.000000000,1200.00000,False
316,00040,0004,12/08/2025 00:00:00,1.000000000,1197.47694,False
317,00040,0004,12/08/2025 00:00:00,2.000000000,1197.47694,False
318,00123,0001,12/08/2025 00:00:00,12.000000000,1200.00000,False
319,00123,0001,12/08/2025 00:00:00,36.000000000,1200.00000,False
320,00038,0005,12/08/2025 00:00:00,18.000000000,5500.00000,False
320,00040,0004,12/08/2025 00:00:00,30.000000000,1127.83342,False
321,00040,0004,12/08/2025 00:00:00,19.000000000,1127.83342,False
322,00118,0001,11/07/2025 00:00:00,2.000000000,8000.00000,False
323,00019,0005,12/11/2025 00:00:00,20.000000000,513.23525,False
324,00012,0004,12/11/2025 00:00:00,912.000000000,45.76400,False
324,00019,0005,12/11/2025 00:00:00,150.000000000,513.23525,False
324,00022,0005,12/11/2025 00:00:00,99.000000000,661.21212,False
324,00032,0004,12/11/2025 00:00:00,83.000000000,305.16633,False
324,00040,0004,12/08/2025 00:00:00,10.000000000,1127.83342,False
325,00040,0004,12/08/2025 00:00:00,31.000000000,1127.83342,False
326,00125,0001,12/11/2025 00:00:00,5.000000000,4375.00000,False
326,00127,0002,12/11/2025 00:00:00,1000.000000000,44.19973,False
327,00016,0005,12/01/2025 00:00:00,25.000000000,519.54392,False
328,00016,0005,12/01/2025 00:00:00,12.000000000,519.54392,False
329,00013,0001,12/11/2025 00:00:00,900.000000000,64.00000,False
330,00022,0001,03/14/2025 00:00:00,2.000000000,1900.00000,False
331,00125,0001,12/11/2025 00:00:00,5.000000000,4375.00000,False
331,00126,0001,12/11/2025 00:00:00,220.000000000,200.00000,False
332,00125,0001,12/11/2025 00:00:00,5.000000000,4375.00000,False
332,00126,0001,12/11/2025 00:00:00,200.000000000,200.00000,False
333,00016,0005,12/14/2025 00:00:00,70.000000000,574.06313,False
333,00022,0005,12/14/2025 00:00:00,8.000000000,659.37500,False
333,00126,0001,12/14/2025 00:00:00,400.000000000,86.79020,False
334,00016,0005,12/14/2025 00:00:00,29.000000000,574.06313,False
335,00052,0002,03/06/2025 00:00:00,40.000000000,604.79011,False
336,00117,0001,12/14/2025 00:00:00,8.000000000,594.46457,False
337,00117,0001,12/14/2025 00:00:00,20.000000000,594.46457,False
338,00016,0005,12/14/2025 00:00:00,3.000000000,574.06313,False
339,00016,0005,12/14/2025 00:00:00,40.000000000,574.06313,False
340,00073,0001,12/14/2025 00:00:00,600.000000000,411.33333,False
341,00126,0001,12/17/2025 00:00:00,25.000000000,51.73839,False
342,00126,0001,12/17/2025 00:00:00,25.000000000,51.73839,False
343,00016,0005,12/17/2025 00:00:00,29.000000000,526.55472,False
344,00072,0001,12/17/2025 00:00:00,24.000000000,833.61322,False
345,00128,0001,12/17/2025 00:00:00,8.000000000,1149.00820,False
346,00038,0005,12/08/2025 00:00:00,12.000000000,5500.00000,False
346,00074,0001,12/18/2025 00:00:00,18.000000000,3500.00000,False
347,00022,0001,03/14/2025 00:00:00,2.000000000,1900.00000,False
348,00010,0001,03/22/2025 00:00:00,200.000000000,120.00000,False
349,00010,0002,12/07/2025 00:00:00,400.000000000,21.46199,False
349,00046,0001,12/06/2025 00:00:00,40.000000000,1060.80152,False
349,00051,0001,12/05/2025 00:00:00,20.000000000,1005.73918,False
349,00052,0001,12/21/2025 00:00:00,16.000000000,9462.50000,False
349,00064,0001,12/05/2025 00:00:00,60.000000000,1.00000,False
349,00083,0001,12/05/2025 00:00:00,60.000000000,1.00000,False
349,00120,0001,12/05/2025 00:00:00,60.000000000,1.00000,False
349,00121,0001,12/05/2025 00:00:00,120.000000000,1.00000,False
349,00122,0001,12/05/2025 00:00:00,60.000000000,1.00000,False
350,00052,0001,12/21/2025 00:00:00,20.000000000,12500.00000,False
351,00013,0002,12/17/2025 00:00:00,99.000000000,29.27904,False
352,00016,0006,12/31/2025 00:00:00,30.000000000,459.00000,False
353,00040,0002,12/31/2025 00:00:00,9.000000000,669.31035,False
354,00040,0002,12/31/2025 00:00:00,5.000000000,669.31035,False
355,00040,0002,12/31/2025 00:00:00,15.000000000,669.31035,False
356,00022,0001,03/14/2025 00:00:00,7.000000000,1900.00000,False
356,00022,0004,12/31/2025 00:00:00,33.000000000,626.90000,False
356,00022,0005,12/31/2025 00:00:00,60.000000000,626.90000,False
357,00038,0004,12/31/2025 00:00:00,50.000000000,380.88000,False
358,00022,0004,12/31/2025 00:00:00,40.000000000,626.90000,False
359,00019,0004,12/31/2025 00:00:00,2.000000000,494.25675,False
360,00019,0004,12/31/2025 00:00:00,5.000000000,494.25675,False
361,00019,0004,12/31/2025 00:00:00,10.000000000,494.25675,False
362,00019,0004,12/31/2025 00:00:00,30.000000000,494.25675,False
362,00038,0003,12/31/2025 00:00:00,50.000000000,662.38000,False
363,00019,0004,12/31/2025 00:00:00,12.000000000,494.25675,False
363,00022,0004,12/31/2025 00:00:00,12.000000000,626.90000,False
363,00125,0001,12/31/2025 00:00:00,12.000000000,641.23450,False
364,00019,0004,12/31/2025 00:00:00,1.000000000,494.25675,False
365,00097,0001,12/31/2025 00:00:00,60.000000000,706.28885,False
365,00098,0001,12/31/2025 00:00:00,68.000000000,1060.36789,False
365,00099,0001,12/31/2025 00:00:00,68.000000000,1186.14342,False
365,00109,0001,11/05/2025 00:00:00,60.000000000,1500.00000,False
366,00032,0001,12/31/2025 00:00:00,240.000000000,350.11816,False
367,00032,0001,12/31/2025 00:00:00,60.000000000,350.11816,False
368,00129,0001,02/26/2026 00:00:00,8.000000000,7364.29688,False
368,00130,0001,02/26/2026 00:00:00,8.000000000,2600.40486,False
368,00131,0001,02/26/2026 00:00:00,8.000000000,2390.68175,False
369,00016,0005,12/31/2025 00:00:00,10.000000000,352.86050,False
370,00019,0003,12/31/2025 00:00:00,11.000000000,498.40425,False
370,00019,0004,12/31/2025 00:00:00,14.000000000,494.25675,False
371,00016,0005,12/31/2025 00:00:00,20.000000000,352.86050,False
372,00047,0002,12/31/2025 00:00:00,200.000000000,1062.93769,False
373,00016,0005,12/31/2025 00:00:00,20.000000000,352.86050,False
373,00019,0003,12/31/2025 00:00:00,30.000000000,498.40425,False
374,00010,0001,12/31/2025 00:00:00,99.000000000,10.78740,False
374,00014,0005,12/31/2025 00:00:00,27.000000000,26.23442,False
375,00022,0004,12/31/2025 00:00:00,40.000000000,626.90000,False
376,00041,0003,12/31/2025 00:00:00,10.000000000,1116.40000,False
376,00046,0002,12/31/2025 00:00:00,64.000000000,1101.45754,False
376,00049,0001,12/31/2025 00:00:00,20.000000000,741.26248,False
376,00053,0001,10/14/2025 00:00:00,16.000000000,915.58890,False
377,00046,0002,12/31/2025 00:00:00,36.000000000,1101.45754,False
378,00022,0004,12/31/2025 00:00:00,20.000000000,626.90000,False
379,00123,0001,12/08/2025 00:00:00,12.000000000,1200.00000,False
380,00032,0001,12/31/2025 00:00:00,36.000000000,350.11816,False
381,00008,001,07/03/2025 00:00:00,100.000000000,26.20483,False
381,00009,001,07/04/2025 00:00:00,100.000000000,24.77447,False
381,00010,001,07/02/2025 00:00:00,100.000000000,21.66400,False
381,00012,001,10/02/2025 00:00:00,48.000000000,120.00000,False
381,00013,001,09/28/2025 00:00:00,100.000000000,53.51762,False
381,00014,001,10/02/2025 00:00:00,40.000000000,44.21254,False
382,00110,0001,01/20/2026 00:00:00,60.000000000,834.15000,False
382,00112,0001,01/20/2026 00:00:00,60.000000000,1075.76000,False
382,00113,0001,01/20/2026 00:00:00,60.000000000,1114.06359,False
382,00114,0001,01/20/2026 00:00:00,25.000000000,1643.40000,False
383,00040,0005,01/20/2026 00:00:00,11.000000000,485.32253,False
384,00014,001,10/02/2025 00:00:00,175.000000000,250.00000,False
385,00052,0004,01/25/2026 00:00:00,40.000000000,962.48913,False
386,00040,0005,01/20/2026 00:00:00,20.000000000,485.32253,False
387,00014,0005,01/25/2026 00:00:00,660.000000000,40.78607,False
388,00014,0005,01/27/2026 00:00:00,1000.000000000,37.06357,False
389,00087,0002,01/30/2026 00:00:00,121.000000000,382.74707,False
390,00022,0001,03/14/2025 00:00:00,5.000000000,1900.00000,False
390,00022,0004,12/31/2025 00:00:00,5.000000000,626.90000,False
391,00014,0005,01/27/2026 00:00:00,800.000000000,31.38659,False
392,00019,0003,12/31/2025 00:00:00,6.000000000,498.40425,False
392,00019,0004,02/02/2026 00:00:00,28.000000000,425.00000,False
392,00040,0003,02/02/2026 00:00:00,6.000000000,1017.10792,False
393,00040,0003,02/02/2026 00:00:00,3.000000000,1017.10792,False
394,00040,0003,02/04/2026 00:00:00,1.000000000,1286.02950,False
395,00014,0005,02/04/2026 00:00:00,400.000000000,29.69606,False
396,00014,0005,02/04/2026 00:00:00,400.000000000,29.69606,False
397,00126,0001,02/05/2026 00:00:00,120.000000000,39.02421,False
398,00040,0003,02/04/2026 00:00:00,9.000000000,1286.02950,False
399,00016,0005,02/04/2026 00:00:00,2.000000000,439.40150,False
400,00019,0004,02/02/2026 00:00:00,50.000000000,526.87504,False
401,00016,0005,02/10/2026 00:00:00,14.000000000,329.76162,False
401,00022,0005,02/10/2026 00:00:00,10.000000000,689.00000,False
402,00014,0005,02/10/2026 00:00:00,400.000000000,41.10547,False
402,00019,0004,02/02/2026 00:00:00,30.000000000,526.87504,False
402,00046,0003,02/10/2026 00:00:00,60.000000000,1082.50208,False
402,00049,0005,02/10/2026 00:00:00,24.000000000,787.89292,False
402,00090,0001,02/10/2026 00:00:00,12.000000000,1226.23335,False
402,00091,0001,02/10/2026 00:00:00,12.000000000,1282.71665,False
403,00102,0002,02/12/2026 00:00:00,504.000000000,387.32143,False
403,00107,0001,02/12/2026 00:00:00,610.000000000,159.38394,False
404,00019,0003,05/08/2026 00:00:00,55.000000000,491.63648,False
405,00016,0005,02/10/2026 00:00:00,50.000000000,329.76162,False
405,00019,0003,05/08/2026 00:00:00,50.000000000,491.63648,False
406,00016,0005,02/10/2026 00:00:00,50.000000000,329.76162,False
406,00019,0003,05/08/2026 00:00:00,50.000000000,491.63648,False
406,00125,0001,12/11/2025 00:00:00,5.000000000,4375.00000,False
407,00016,0005,02/10/2026 00:00:00,17.000000000,329.76162,False
407,00022,0005,02/13/2026 00:00:00,50.000000000,633.30769,False
408,00022,0005,02/13/2026 00:00:00,3.000000000,633.30769,False
408,00032,0005,02/14/2026 00:00:00,120.000000000,327.76284,False
408,00127,0003,05/08/2026 00:00:00,200.000000000,180.00000,False
409,00019,0003,05/08/2026 00:00:00,50.000000000,491.63648,False
409,00125,0001,12/11/2025 00:00:00,24.000000000,4375.00000,False
410,00022,0005,02/13/2026 00:00:00,7.000000000,633.30769,False
410,00127,0003,05/08/2026 00:00:00,820.000000000,180.00000,False
411,00016,0005,02/16/2026 00:00:00,15.000000000,543.40814,False
412,00016,0005,02/16/2026 00:00:00,10.000000000,543.40814,False
413,00019,0003,05/08/2026 00:00:00,15.000000000,491.63648,False
414,00039,0001,02/16/2026 00:00:00,75.000000000,46.34682,False
415,00039,0001,02/16/2026 00:00:00,165.000000000,46.34682,False
416,00125,0001,05/08/2026 00:00:00,2.000000000,6000.00000,False
417,00123,0001,12/08/2025 00:00:00,36.000000000,1000.00000,False
418,00052,0005,02/18/2026 00:00:00,80.000000000,1095.79700,False
419,00016,0005,02/16/2026 00:00:00,40.000000000,543.40814,False
419,00019,0003,05/08/2026 00:00:00,50.000000000,491.63648,False
421,00012,0002,02/18/2026 00:00:00,184.000000000,178.13112,False
422,00022,0004,02/19/2026 00:00:00,100.000000000,636.95000,False
423,00016,0005,02/19/2026 00:00:00,35.000000000,416.46425,False
424,00076,0003,02/20/2026 00:00:00,100.000000000,1605.97875,False
425,00016,0005,02/19/2026 00:00:00,21.000000000,416.46425,False
426,00016,0005,02/21/2026 00:00:00,29.000000000,497.37031,False
427,00016,0005,02/21/2026 00:00:00,25.000000000,497.37031,False
428,00090,0002,02/21/2026 00:00:00,8.000000000,947.02500,False
429,00132,0001,02/20/2026 00:00:00,8.000000000,1431.20000,False
430,00016,0008,02/23/2026 00:00:00,36.000000000,452.62325,False
430,00019,0005,02/23/2026 00:00:00,66.000000000,486.36367,False
430,00040,0005,02/23/2026 00:00:00,11.000000000,1075.89580,False
432,00016,0008,02/23/2026 00:00:00,19.000000000,452.62325,False
433,00052,0003,02/26/2026 00:00:00,16.000000000,998.46875,False
434,00129,0001,02/26/2026 00:00:00,8.000000000,1519.59375,False
435,00129,0001,02/26/2026 00:00:00,8.000000000,1519.59375,False
435,00133,0001,02/26/2026 00:00:00,12.000000000,1779.88745,False
436,00129,0001,02/26/2026 00:00:00,8.000000000,1519.59375,False
436,00130,0001,02/26/2026 00:00:00,8.000000000,1265.48583,False
437,00129,0001,02/26/2026 00:00:00,8.000000000,7364.29688,False
437,00130,0001,02/26/2026 00:00:00,40.000000000,2600.40486,False
437,00131,0001,02/26/2026 00:00:00,40.000000000,2390.68175,False
437,00132,0001,02/26/2026 00:00:00,8.000000000,1281.25000,False
437,00134,0001,02/26/2026 00:00:00,20.000000000,963.92500,False
437,00135,0001,02/26/2026 00:00:00,8.000000000,2062.84090,False
437,00136,0001,02/26/2026 00:00:00,12.000000000,785.05000,False
438,00125,0003,02/27/2026 00:00:00,2.000000000,629.66725,False
439,00024,0005,02/27/2026 00:00:00,300.000000000,328.05938,False
439,00032,0005,02/27/2026 00:00:00,60.000000000,317.09417,False
440,00032,0004,02/28/2026 00:00:00,360.000000000,317.10042,False
441,00078,001,11/01/2025 00:00:00,100.000000000,453.29200,False
442,00078,0003,10/21/2025 00:00:00,221.000000000,390.01375,False
443,00028,0005,05/24/2026 00:00:00,2.000000000,840.20900,False
444,00047,0005,02/28/2026 00:00:00,200.000000000,1214.79541,False
444,00073,0002,05/24/2026 00:00:00,600.000000000,343.94601,False
445,00026,0005,03/01/2026 00:00:00,1716.000000000,53.92029,False
445,00068,0002,05/24/2026 00:00:00,228.000000000,175.75000,False
445,00078,0003,05/24/2026 00:00:00,98.000000000,203.57150,False
446,00137,0001,03/01/2026 00:00:00,35.000000000,2139.82675,False
447,00026,0005,03/01/2026 00:00:00,792.000000000,53.92029,False
448,00134,0001,05/24/2026 00:00:00,12.000000000,1144.75844,False
449,00084,0001,12/28/2025 00:00:00,8.000000000,3966.21554,False
449,00084,0002,05/24/2026 00:00:00,4.000000000,881.37344,False
449,00119,0001,05/24/2026 00:00:00,12.000000000,1331.98344,False
449,00138,0001,05/24/2026 00:00:00,8.000000000,1045.25011,False
451,00140,0001,05/24/2026 00:00:00,5.000000000,392.87900,False
452,00139,0001,05/24/2026 00:00:00,2.000000000,12067.00000,False
452,00140,0001,05/24/2026 00:00:00,1.000000000,392.87900,False
453,00022,0005,05/24/2026 00:00:00,3.000000000,671.00000,False
454,00028,0005,05/24/2026 00:00:00,100.000000000,1040.11475,False
455,00127,0003,05/23/2026 00:00:00,1020.000000000,67.28678,False
456,00125,0002,05/24/2026 00:00:00,20.000000000,609.02900,False
457,00052,0005,03/08/2026 00:00:00,80.000000000,1195.88673,False
458,00032,0005,03/08/2026 00:00:00,60.000000000,347.34931,False
459,00052,0004,05/24/2026 00:00:00,12.000000000,989.41434,False
459,00072,0002,03/08/2026 00:00:00,12.000000000,332.72741,False
459,00090,0002,03/08/2026 00:00:00,12.000000000,970.68788,False
460,00016,0005,03/09/2026 00:00:00,20.000000000,466.01263,False
461,00016,0005,03/09/2026 00:00:00,20.000000000,466.01263,False
462,00016,0005,03/09/2026 00:00:00,10.000000000,466.01263,False
463,00138,0001,03/10/2026 00:00:00,12.000000000,919.20451,False
464,00032,0005,03/08/2026 00:00:00,168.000000000,347.34931,False
465,00016,0005,03/09/2026 00:00:00,50.000000000,466.01263,False
466,00016,0006,03/13/2026 00:00:00,38.000000000,474.07725,False
467,00016,0006,03/19/2026 00:00:00,1.000000000,294.55550,False
467,00019,0005,06/20/2026 00:00:00,2.000000000,495.00000,False
468,00141,0001,03/14/2026 00:00:00,1014.000000000,66.69679,False
468,00142,0001,03/14/2026 00:00:00,50.000000000,842.49544,False
469,00019,0003,06/20/2026 00:00:00,2.000000000,495.00000,False
469,00019,0005,06/20/2026 00:00:00,8.000000000,495.00000,False
470,00129,0001,03/16/2026 00:00:00,8.000000000,1511.12275,False
470,00133,0001,03/16/2026 00:00:00,8.000000000,1661.22275,False
470,00135,0001,03/16/2026 00:00:00,8.000000000,2100.96365,False
470,00144,0001,03/16/2026 00:00:00,8.000000000,907.49775,False
471,00045,0003,03/16/2026 00:00:00,60.000000000,489.13607,False
472,00022,0005,03/18/2026 00:00:00,10.000000000,666.27273,False
473,00016,0006,03/19/2026 00:00:00,40.000000000,294.55550,False
474,00014,0006,03/19/2026 00:00:00,500.000000000,35.90381,False
475,00073,0003,03/25/2026 00:00:00,768.000000000,441.67187,False
476,00086,0003,06/20/2026 00:00:00,240.000000000,407.29367,False
477,00019,0005,06/20/2026 00:00:00,100.000000000,495.00000,False
477,00022,0005,03/18/2026 00:00:00,50.000000000,666.27273,False
478,00022,0005,03/18/2026 00:00:00,20.000000000,666.27273,False
479,00019,0005,06/20/2026 00:00:00,90.000000000,495.00000,False
479,00022,0005,03/18/2026 00:00:00,10.000000000,666.27273,False
480,00019,0005,06/20/2026 00:00:00,2.000000000,495.00000,False
481,00019,0001,06/20/2026 00:00:00,10.000000000,1000.00000,False
481,00019,0005,06/20/2026 00:00:00,40.000000000,495.00000,False
481,00041,0003,06/20/2026 00:00:00,50.000000000,1204.00000,False
482,00022,0005,03/18/2026 00:00:00,20.000000000,666.27273,False
483,00028,0005,06/20/2026 00:00:00,100.000000000,1140.01625,False
483,00078,0005,06/20/2026 00:00:00,200.000000000,479.75000,False
484,00053,0001,10/14/2025 00:00:00,4.000000000,12183.11778,False
485,00016,0006,03/19/2026 00:00:00,10.000000000,294.55550,False
486,00014,0006,03/19/2026 00:00:00,200.000000000,35.90381,False
486,00016,0005,06/20/2026 00:00:00,1.000000000,386.50000,False
486,00016,0006,03/19/2026 00:00:00,9.000000000,294.55550,False
487,00032,0001,07/03/2026 00:00:00,4.000000000,1020.00000,False
487,00032,0005,07/02/2026 00:00:00,32.000000000,81.68358,False
488,00048,0003,07/02/2026 00:00:00,262.000000000,442.82061,False
488,00137,0003,07/02/2026 00:00:00,20.000000000,2758.65150,False
489,00019,0005,07/02/2026 00:00:00,3.000000000,488.22594,False
490,00040,0003,06/20/2026 00:00:00,12.000000000,576.95100,False
491,00054,0001,07/02/2026 00:00:00,48.000000000,422.45143,False
491,00119,0001,07/02/2026 00:00:00,8.000000000,1399.79775,False
491,00134,0001,07/02/2026 00:00:00,4.000000000,1858.12119,False
491,00135,0001,07/02/2026 00:00:00,8.000000000,2285.94890,False
491,00138,0001,07/02/2026 00:00:00,12.000000000,1073.32954,False
492,00046,0004,07/02/2026 00:00:00,128.000000000,979.07220,False
493,00134,0001,07/02/2026 00:00:00,8.000000000,1858.12119,False
495,00019,0005,07/02/2026 00:00:00,5.000000000,488.22594,False
496,00019,0002,07/01/2026 00:00:00,100.000000000,509.10256,False
496,00019,0005,07/02/2026 00:00:00,39.000000000,488.22594,False
497,00073,0003,07/02/2026 00:00:00,996.000000000,389.76908,False
498,00032,0001,07/03/2026 00:00:00,32.000000000,1020.00000,False
499,00132,0001,07/02/2026 00:00:00,8.000000000,1587.50014,False
499,00133,0001,07/02/2026 00:00:00,12.000000000,2355.29778,False
499,00135,0001,07/02/2026 00:00:00,8.000000000,2285.94890,False
499,00136,0001,07/02/2026 00:00:00,8.000000000,989.42514,False
499,00144,0001,07/02/2026 00:00:00,8.000000000,973.99778,False
500,00040,0005,07/03/2026 00:00:00,12.000000000,343.74992,False
501,00040,0003,07/05/2026 00:00:00,3.000000000,10000.00000,False
502,00129,0002,07/05/2026 00:00:00,20.000000000,1187.05006,False
502,00147,0001,07/05/2026 00:00:00,5.000000000,1252.50000,False
503,00147,0001,07/05/2026 00:00:00,5.000000000,1252.50000,False
504,00137,0003,07/05/2026 00:00:00,30.000000000,1815.77800,False
505,00054,0001,07/11/2026 00:00:00,240.000000000,461.49430,False
506,00129,0001,07/11/2026 00:00:00,4.000000000,1206.30000,False
506,00131,0001,07/11/2026 00:00:00,4.000000000,1430.93750,False
506,00133,0001,07/11/2026 00:00:00,4.000000000,1653.67500,False
506,00134,0001,07/11/2026 00:00:00,4.000000000,1207.05000,False
506,00135,0001,07/11/2026 00:00:00,4.000000000,2099.15910,False
506,00145,0001,07/11/2026 00:00:00,4.000000000,1287.82500,False
507,00150,0001,07/11/2026 00:00:00,100.000000000,1030.33781,False
508,00008,0001,07/16/2026 00:00:00,100.000000000,80.00000,False
509,00008,0001,07/16/2026 00:00:00,700.000000000,80.00000,False
510,00016,0008,07/11/2026 00:00:00,2.000000000,442.28575,False
511,00019,0006,07/11/2026 00:00:00,25.000000000,495.00000,False
512,00038,0005,07/11/2026 00:00:00,10.000000000,727.96875,False
512,00041,0002,07/11/2026 00:00:00,25.000000000,538.76000,False
512,00051,0003,07/01/2026 00:00:00,20.000000000,1097.16255,False
512,00054,0001,07/11/2026 00:00:00,36.000000000,461.49430,False
512,00064,0001,07/11/2026 00:00:00,60.000000000,217.79767,False
512,00074,0002,07/11/2026 00:00:00,20.000000000,730.45000,False
512,00090,0003,07/11/2026 00:00:00,16.000000000,917.27344,False
512,00091,0001,07/11/2026 00:00:00,8.000000000,883.57788,False
512,00121,0001,07/11/2026 00:00:00,120.000000000,208.89011,False
512,00151,0001,07/11/2026 00:00:00,60.000000000,303.00275,False
512,00152,0001,07/11/2026 00:00:00,60.000000000,146.49360,False
513,00038,0005,07/11/2026 00:00:00,22.000000000,727.96875,False
514,00016,0008,07/11/2026 00:00:00,10.000000000,442.28575,False
514,00125,0002,07/11/2026 00:00:00,20.000000000,370.81250,False
515,00016,0001,07/16/2026 00:00:00,2.000000000,3200.00000,False
515,00016,0008,07/11/2026 00:00:00,23.000000000,442.28575,False
516,00152,0001,07/11/2026 00:00:00,40.000000000,146.49360,False
517,00024,0001,07/17/2026 00:00:00,24.000000000,460.62244,False
517,00045,0001,07/17/2026 00:00:00,24.000000000,343.04610,False
517,00050,0001,07/17/2026 00:00:00,24.000000000,380.13945,False
517,00054,0001,07/17/2026 00:00:00,24.000000000,65.63139,False
517,00072,0003,07/17/2026 00:00:00,8.000000000,896.00557,False
517,00129,0001,07/17/2026 00:00:00,8.000000000,1137.01875,False
517,00130,0001,07/17/2026 00:00:00,8.000000000,1552.93012,False
517,00131,0001,07/17/2026 00:00:00,8.000000000,1063.14012,False
517,00133,0001,07/17/2026 00:00:00,4.000000000,1646.56875,False
517,00135,0001,07/17/2026 00:00:00,8.000000000,2201.82788,False
517,00145,0001,07/17/2026 00:00:00,8.000000000,1252.54375,False
518,00038,0003,07/17/2026 00:00:00,5.000000000,1048.83325,False
518,00046,0003,07/17/2026 00:00:00,16.000000000,739.29750,False
518,00051,0003,07/17/2026 00:00:00,20.000000000,957.91875,False
518,00052,0003,07/17/2026 00:00:00,24.000000000,1223.08555,False
518,00072,0002,07/17/2026 00:00:00,20.000000000,608.50610,False
519,00019,0005,07/17/2026 00:00:00,40.000000000,495.13321,False
520,00040,0004,07/17/2026 00:00:00,10.000000000,1536.49236,False
521,00050,0001,07/17/2026 00:00:00,12.000000000,380.13945,False
521,00054,0001,07/17/2026 00:00:00,12.000000000,65.63139,False
521,00090,0002,07/17/2026 00:00:00,4.000000000,872.56150,False
521,00136,0001,07/17/2026 00:00:00,4.000000000,860.19150,False
522,00040,0003,07/17/2026 00:00:00,10.000000000,1966.50000,False
523,00053,0001,10/14/2025 00:00:00,60.000000000,1361.63398,False
524,00040,0009,07/24/2026 00:00:00,9.000000000,1436.94442,False
525,00038,0008,07/24/2026 00:00:00,30.000000000,948.22233,False
525,00076,0005,07/24/2026 00:00:00,100.000000000,535.97500,False
526,00047,0003,07/17/2026 00:00:00,100.000000000,2822.09351,False
526,00154,0001,07/24/2026 00:00:00,500.000000000,23.99936,False
526,00155,0001,07/24/2026 00:00:00,500.000000000,21.82863,False
526,00156,0001,07/24/2026 00:00:00,50.000000000,542.00000,False
526,00157,0001,07/24/2026 00:00:00,50.000000000,678.10000,False
527,00158,0001,07/25/2026 00:00:00,20.000000000,560.20550,False
527,00159,0001,07/25/2026 00:00:00,200.000000000,58.48322,False
528,00016,0010,07/25/2026 00:00:00,10.000000000,571.31825,False
528,00019,0006,07/25/2026 00:00:00,10.000000000,958.33342,False
528,00022,0010,07/25/2026 00:00:00,10.000000000,662.73342,False
529,00040,0006,07/25/2026 00:00:00,1.000000000,584.65000,False
530,00160,0001,07/24/2026 00:00:00,20.000000000,734.55575,False
530,00161,0001,07/25/2026 00:00:00,200.000000000,70.39242,False
531,00040,0006,07/25/2026 00:00:00,9.000000000,584.65000,False
531,00053,0001,10/14/2025 00:00:00,8.000000000,1361.63398,False
532,00016,0010,07/25/2026 00:00:00,10.000000000,571.31825,False
532,00016,0012,08/04/2026 00:00:00,10.000000000,286.50000,False
533,00129,0002,07/25/2026 00:00:00,12.000000000,1529.43480,False
533,00131,0002,07/25/2026 00:00:00,12.000000000,1002.64886,False
534,00040,0005,07/25/2026 00:00:00,10.000000000,1400.56650,False
535,00019,0001,07/25/2026 00:00:00,10.000000000,1800.00000,False
535,00019,0006,07/25/2026 00:00:00,38.000000000,958.33342,False
535,00022,0010,07/25/2026 00:00:00,52.000000000,662.73342,False
535,00125,0003,07/25/2026 00:00:00,3.000000000,1010.93075,False
536,00072,0002,07/25/2026 00:00:00,4.000000000,1011.42885,False
537,00054,0004,07/25/2026 00:00:00,24.000000000,107.64673,False
538,00086,0003,07/25/2026 00:00:00,360.000000000,490.13849,False
539,00022,0010,07/25/2026 00:00:00,5.000000000,662.73342,False
540,00028,0005,07/25/2026 00:00:00,197.000000000,1315.75350,False
541,00072,0002,07/25/2026 00:00:00,8.000000000,1011.42885,False
541,00129,0003,08/04/2026 00:00:00,12.000000000,1086.06640,False
541,00130,0002,08/04/2026 00:00:00,8.000000000,1214.64814,False
541,00131,0002,07/25/2026 00:00:00,16.000000000,1002.64886,False
541,00134,0001,08/04/2026 00:00:00,16.000000000,1012.99946,False
541,00135,0001,08/04/2026 00:00:00,12.000000000,2021.94715,False
541,00145,0001,08/04/2026 00:00:00,12.000000000,1252.90920,False
542,00016,0012,08/04/2026 00:00:00,20.000000000,286.50000,False
543,00022,0010,07/25/2026 00:00:00,5.000000000,662.73342,False
544,00009,0001,08/04/2026 00:00:00,500.000000000,20.43480,False
544,00010,0003,08/04/2026 00:00:00,200.000000000,21.04562,False
545,00009,0001,08/04/2026 00:00:00,200.000000000,20.43480,False
546,00009,0001,08/04/2026 00:00:00,791.000000000,20.43480,False
547,00009,0001,10/18/2026 00:00:00,400.000000000,23.83923,False
548,00010,0003,08/04/2026 00:00:00,400.000000000,21.04562,False
549,00010,0003,08/04/2026 00:00:00,400.000000000,21.04562,False
550,00010,0003,08/04/2026 00:00:00,1000.000000000,21.04562,False
551,00072,0003,08/04/2026 00:00:00,8.000000000,790.08420,False
551,00129,0001,08/04/2026 00:00:00,4.000000000,1229.14105,False
551,00131,0003,08/04/2026 00:00:00,4.000000000,902.44371,False
552,00022,0009,07/25/2026 00:00:00,10.000000000,811.40000,False
552,00022,0010,07/25/2026 00:00:00,78.000000000,662.73342,False
552,00022,010,07/25/2026 00:00:00,10.000000000,681.40000,False
553,00008,0001,08/04/2026 00:00:00,400.000000000,25.01350,False
553,00010,0003,08/04/2026 00:00:00,100.000000000,21.04562,False
554,00008,0001,08/04/2026 00:00:00,900.000000000,25.01350,False
555,00008,0001,08/04/2026 00:00:00,500.000000000,25.01350,False
556,00008,0001,08/04/2026 00:00:00,200.000000000,25.01350,False
557,00008,0001,08/04/2026 00:00:00,500.000000000,25.01350,False
558,00016,0001,12/27/2031 00:00:00,10.000000000,4000.00000,False
558,00016,0012,08/04/2026 00:00:00,8.000000000,286.50000,False
558,00016,011,08/04/2026 00:00:00,20.000000000,335.91650,False
559,00130,0001,08/04/2026 00:00:00,8.000000000,1270.08735,False
559,00131,0001,08/04/2026 00:00:00,4.000000000,954.41635,False
559,00131,0003,08/04/2026 00:00:00,8.000000000,902.44371,False
560,00022,0010,08/05/2026 00:00:00,3.000000000,720.00000,False
561,00052,0001,08/04/2026 00:00:00,84.000000000,882.13599,False
562,00012,0002,08/04/2026 00:00:00,480.000000000,40.46208,False
563,00012,0002,08/04/2026 00:00:00,480.000000000,40.46208,False
564,00008,0001,08/04/2026 00:00:00,500.000000000,25.01350,False
565,00047,0004,08/05/2026 00:00:00,164.000000000,1109.54903,False
566,00054,0002,08/05/2026 00:00:00,60.000000000,110.54167,False
566,00119,0002,08/05/2026 00:00:00,16.000000000,1026.09527,False
566,00138,0003,08/05/2026 00:00:00,16.000000000,828.59527,False
567,00019,0011,08/09/2026 00:00:00,50.000000000,468.40000,False
567,00022,0008,08/09/2026 00:00:00,30.000000000,689.16667,False
567,00022,0012,08/09/2026 00:00:00,20.000000000,634.73684,False
568,00163,0001,08/09/2026 00:00:00,44.000000000,1621.48894,False
569,00072,0005,08/09/2026 00:00:00,12.000000000,807.57307,False
569,00163,0001,08/09/2026 00:00:00,4.000000000,1621.48894,False
570,00037,0008,08/09/2026 00:00:00,1.000000000,392.91425,False
571,00009,0001,08/09/2026 00:00:00,300.000000000,17.43142,False
572,00047,0004,08/05/2026 00:00:00,36.000000000,1109.54903,False
573,00008,0001,08/09/2026 00:00:00,800.000000000,48.66475,False
573,00009,0001,08/09/2026 00:00:00,300.000000000,17.43142,False
573,00010,0003,08/04/2026 00:00:00,400.000000000,21.04562,False
573,00016,0001,12/27/2031 00:00:00,30.000000000,4000.00000,False
573,00022,0012,08/09/2026 00:00:00,7.000000000,634.73684,False
573,00046,0007,08/09/2026 00:00:00,88.000000000,738.24425,False
574,00022,0012,08/09/2026 00:00:00,30.000000000,634.73684,False
575,00039,0001,08/09/2026 00:00:00,120.000000000,204.11159,False
576,00040,0006,08/09/2026 00:00:00,5.000000000,1447.17300,False
577,00022,0007,08/09/2026 00:00:00,40.000000000,678.02500,False
578,00164,0001,08/17/2026 00:00:00,1.000000000,5194.88636,False
579,00078,0005,08/17/2026 00:00:00,66.000000000,476.58875,False
580,00078,0005,08/17/2026 00:00:00,233.000000000,476.58875,False
581,00022,0012,08/17/2026 00:00:00,10.000000000,401.80974,False
582,00020,0014,07/01/2026 00:00:00,200.000000000,58.08696,False
583,00020,0001,08/18/2026 00:00:00,200.000000000,63.30313,False
584,00020,0001,08/18/2026 00:00:00,20.000000000,63.30313,False
585,00144,0001,08/17/2026 00:00:00,12.000000000,935.89807,False
586,00125,0004,08/18/2026 00:00:00,50.000000000,711.78000,False
587,00022,0012,08/17/2026 00:00:00,9.000000000,401.80974,False
587,00142,0003,08/19/2026 00:00:00,50.000000000,1141.00350,False
588,00022,0012,08/17/2026 00:00:00,3.000000000,401.80974,False
588,00165,0001,08/19/2026 00:00:00,14.000000000,6261.27325,False
589,00125,0003,08/19/2026 00:00:00,20.000000000,726.11925,False
590,00164,0001,08/17/2026 00:00:00,10.000000000,5194.88636,False
591,00040,009,08/19/2026 00:00:00,6.000000000,954.50543,False
592,00165,0001,08/19/2026 00:00:00,1.000000000,6261.27325,False
593,00022,0012,08/17/2026 00:00:00,45.000000000,401.80974,False
594,00040,009,08/19/2026 00:00:00,4.000000000,954.50543,False
595,00022,0012,08/17/2026 00:00:00,3.000000000,401.80974,False
595,00022,0013,08/19/2026 00:00:00,2.000000000,826.24992,False
596,00016,0013,08/19/2026 00:00:00,20.000000000,493.10000,False
596,00022,0013,08/19/2026 00:00:00,10.000000000,826.24992,False
597,00159,0001,08/19/2026 00:00:00,525.000000000,67.19677,False
597,00161,0001,08/19/2026 00:00:00,630.000000000,71.62785,False
598,00016,0013,08/19/2026 00:00:00,10.000000000,493.10000,False
599,00040,0012,08/19/2026 00:00:00,6.000000000,1657.60683,False
599,00040,009,08/19/2026 00:00:00,4.000000000,954.50543,False
600,00041,001,08/19/2026 00:00:00,2.000000000,10000.00000,False
601,00154,0001,08/19/2026 00:00:00,1000.000000000,24.35936,False
601,00155,0001,08/19/2026 00:00:00,900.000000000,26.00807,False
603,00164,0001,09/13/2026 00:00:00,11.000000000,4431.20843,False
604,00144,0001,09/13/2026 00:00:00,60.000000000,824.70410,False
605,00016,0012,09/13/2026 00:00:00,20.000000000,659.59050,False
606,00116,0002,09/20/2026 00:00:00,12.000000000,743.69712,False
607,00016,0013,09/20/2026 00:00:00,10.000000000,573.21773,False
608,00073,0002,09/13/2026 00:00:00,1000.000000000,375.74000,False
609,00164,0001,09/13/2026 00:00:00,9.000000000,4431.20843,False
610,00129,0001,09/13/2026 00:00:00,8.000000000,1296.86213,False
610,00131,0001,09/13/2026 00:00:00,16.000000000,1006.68908,False
610,00134,0001,09/13/2026 00:00:00,8.000000000,1018.87301,False
610,00135,0001,09/13/2026 00:00:00,8.000000000,2335.07855,False
610,00145,0001,09/13/2026 00:00:00,16.000000000,1289.81283,False
611,00014,0012,09/20/2026 00:00:00,150.000000000,45.70562,False
612,00040,0005,09/20/2026 00:00:00,10.000000000,480.33475,False
613,00040,0005,09/20/2026 00:00:00,8.000000000,480.33475,False
614,00019,0010,06/22/2026 00:00:00,100.000000000,499.80000,False
615,00116,0002,09/20/2026 00:00:00,16.000000000,743.69712,False
616,00008,0001,09/25/2026 00:00:00,26.000000000,100.00000,False
616,00009,0001,12/21/2025 00:00:00,38.000000000,110.00000,False
617,00016,0013,09/20/2026 00:00:00,50.000000000,573.21773,False
617,00019,0013,09/20/2026 00:00:00,50.000000000,500.38166,False
618,00022,0009,09/20/2026 00:00:00,30.000000000,671.19608,False
619,00072,0003,09/20/2026 00:00:00,2.000000000,267.07015,False
620,00016,0013,09/20/2026 00:00:00,50.000000000,573.21773,False
620,00019,0013,09/20/2026 00:00:00,51.000000000,500.38166,False
621,00137,0003,09/20/2026 00:00:00,50.000000000,2109.73600,False
622,00074,0004,09/22/2026 00:00:00,4.000000000,771.25000,False
623,00073,0003,09/22/2026 00:00:00,12.000000000,69.36667,False
623,00172,0001,09/20/2026 00:00:00,40.000000000,998.80000,False
624,00134,0002,09/22/2026 00:00:00,12.000000000,926.06580,False
625,00040,0009,09/22/2026 00:00:00,10.000000000,1082.23325,False
626,00016,0014,09/22/2026 00:00:00,10.000000000,389.51900,False
626,00019,0013,09/20/2026 00:00:00,10.000000000,500.38166,False
626,00022,0009,09/20/2026 00:00:00,10.000000000,671.19608,False
627,00009,0002,09/22/2026 00:00:00,1000.000000000,24.35725,False
627,00010,0004,09/22/2026 00:00:00,1000.000000000,24.82473,False
627,00126,0002,09/22/2026 00:00:00,500.000000000,46.44450,False
628,00016,0014,09/22/2026 00:00:00,20.000000000,389.51900,False
629,00022,0009,09/20/2026 00:00:00,40.000000000,671.19608,False
630,00022,0009,09/20/2026 00:00:00,10.000000000,671.19608,False
630,00127,0002,09/22/2026 00:00:00,1011.000000000,63.57400,False
631,00116,0001,09/25/2026 00:00:00,12.000000000,5000.00000,False
631,00116,0002,09/20/2026 00:00:00,8.000000000,743.69712,False
632,00123,0001,12/08/2025 00:00:00,60.000000000,1000.00000,False
633,00016,0001,12/27/2031 00:00:00,10.000000000,4000.00000,False
633,00016,0014,09/22/2026 00:00:00,30.000000000,389.51900,False
633,00019,0008,09/20/2026 00:00:00,80.000000000,495.00000,False
633,00019,0013,09/20/2026 00:00:00,20.000000000,500.38166,False
633,00022,0009,09/20/2026 00:00:00,50.000000000,671.19608,False
634,00053,0001,10/14/2025 00:00:00,8.000000000,1361.63398,False
635,00019,0008,09/20/2026 00:00:00,20.000000000,495.00000,False
635,00019,002,09/22/2026 00:00:00,10.000000000,1000.00000,False
635,00022,0009,09/20/2026 00:00:00,20.000000000,671.19608,False
635,00171,0001,09/20/2026 00:00:00,750.000000000,175.17087,False
636,00072,0001,09/25/2026 00:00:00,2.000000000,4000.00000,False
636,00072,0003,09/20/2026 00:00:00,30.000000000,267.07015,False
636,00171,0001,09/20/2026 00:00:00,100.000000000,175.17087,False
637,00044,0001,09/13/2026 00:00:00,12.000000000,851.27022,False
637,00131,0001,09/13/2026 00:00:00,12.000000000,1006.68908,False
638,00166,0001,09/20/2026 00:00:00,120.000000000,1.00000,False
638,00167,0001,09/19/2026 00:00:00,240.000000000,300.62742,False
638,00168,0001,09/19/2026 00:00:00,120.000000000,330.83533,False
639,00169,0001,09/20/2026 00:00:00,119.000000000,317.64064,False
639,00170,0001,09/20/2026 00:00:00,51.000000000,722.85085,False
640,00173,0001,09/20/2026 00:00:00,240.000000000,272.69888,False
641,00022,0001,03/14/2025 00:00:00,1.000000000,1900.00000,False
641,00022,0009,09/20/2026 00:00:00,44.000000000,671.19608,False
641,00123,0001,12/08/2025 00:00:00,60.000000000,1000.00000,False
642,00118,0001,06/22/2026 00:00:00,5.000000000,792.73600,False
643,00171,0001,09/20/2026 00:00:00,129.000000000,175.17087,False
644,00017,0002,07/01/2026 00:00:00,175.000000000,56.37647,False
644,00019,0003,07/02/2026 00:00:00,3.000000000,495.00000,False
644,00019,0005,07/02/2026 00:00:00,97.000000000,488.22594,False
644,00020,0014,07/01/2026 00:00:00,250.000000000,58.08696,False
644,00126,0001,07/01/2026 00:00:00,250.000000000,45.85507,False
645,00017,0002,07/01/2026 00:00:00,250.000000000,56.37647,False
646,00022,0014,10/18/2026 00:00:00,100.000000000,631.53035,False
647,00022,0014,10/18/2026 00:00:00,10.000000000,631.53035,False
648,00022,0014,10/18/2026 00:00:00,5.000000000,631.53035,False
649,00041,0001,10/18/2026 00:00:00,5.000000000,1398.06675,False
650,00040,0001,10/18/2026 00:00:00,12.000000000,1213.11125,False
650,00040,0002,10/18/2026 00:00:00,3.000000000,1351.00000,False
651,00009,0001,10/18/2026 00:00:00,1000.000000000,24.26912,False
652,00009,0001,10/18/2026 00:00:00,1000.000000000,24.26912,False
653,00009,0001,10/18/2026 00:00:00,1000.000000000,24.26912,False
654,00073,0002,10/18/2026 00:00:00,1032.000000000,395.92500,False
655,00047,0005,10/18/2026 00:00:00,180.000000000,725.27509,False
655,00137,0001,09/25/2026 00:00:00,34.000000000,4896.42517,False
656,00032,0001,10/22/2026 00:00:00,180.000000000,837.21460,False
657,00010,0001,10/18/2026 00:00:00,2000.000000000,24.65755,False
658,00047,0005,10/18/2026 00:00:00,20.000000000,725.27509,False
658,00073,0002,10/18/2026 00:00:00,168.000000000,395.92500,False
658,00155,0001,10/18/2026 00:00:00,1500.000000000,23.41225,False
658,00164,0001,10/18/2026 00:00:00,1.000000000,4846.28306,False
659,00010,0001,10/18/2026 00:00:00,500.000000000,24.65755,False
660,00010,0001,10/18/2026 00:00:00,500.000000000,24.65755,False
661,00010,0001,10/18/2026 00:00:00,200.000000000,24.65755,False
662,00010,0001,10/18/2026 00:00:00,1000.000000000,24.65755,False
663,00009,0001,10/18/2026 00:00:00,200.000000000,24.26912,False
663,00010,0001,10/18/2026 00:00:00,500.000000000,24.65755,False
663,00038,0005,10/18/2026 00:00:00,35.000000000,687.46340,False
664,00164,0001,10/18/2026 00:00:00,16.000000000,4846.28306,False
665,00040,0001,10/18/2026 00:00:00,3.000000000,1213.11125,False
666,00176,0001,10/18/2026 00:00:00,240.000000000,499.97500,False
667,00053,0001,10/14/2025 00:00:00,8.000000000,1361.63398,False
667,00084,0001,10/18/2026 00:00:00,12.000000000,776.14637,False
667,00084,0002,05/24/2026 00:00:00,8.000000000,881.37344,False
667,00144,0001,10/18/2026 00:00:00,60.000000000,422.03409,False
668,00016,0006,10/18/2026 00:00:00,10.000000000,410.08475,False
668,00038,0002,10/18/2026 00:00:00,15.000000000,756.40003,False
668,00052,0005,10/18/2026 00:00:00,20.000000000,1221.20241,False
668,00054,0007,10/18/2026 00:00:00,24.000000000,177.87500,False
668,00090,0003,10/18/2026 00:00:00,12.000000000,844.76136,False
668,00091,0002,10/18/2026 00:00:00,8.000000000,854.14773,False
669,00008,0001,10/20/2026 00:00:00,1000.000000000,30.44241,False
670,00008,0001,10/20/2026 00:00:00,1000.000000000,30.44241,False
671,00008,0001,10/20/2026 00:00:00,400.000000000,30.44241,False
672,00008,0001,10/20/2026 00:00:00,1000.000000000,30.44241,False
673,00008,0001,10/20/2026 00:00:00,300.000000000,30.44241,False
674,00024,0001,10/20/2026 00:00:00,93.000000000,1227.41976,False
675,00022,0015,10/20/2026 00:00:00,50.000000000,640.50000,False
676,00008,0001,10/20/2026 00:00:00,500.000000000,30.44241,False
677,00133,0001,10/20/2026 00:00:00,8.000000000,1724.37280,False
678,00020,0001,08/18/2026 00:00:00,200.000000000,63.30313,False
678,00020,0014,07/01/2026 00:00:00,125.000000000,58.08696,False
679,00129,0001,10/20/2026 00:00:00,8.000000000,1311.99268,False
679,00130,0001,10/20/2026 00:00:00,8.000000000,1262.53362,False
679,00131,0001,10/20/2026 00:00:00,16.000000000,910.41977,False
679,00133,0001,10/20/2026 00:00:00,4.000000000,1724.37280,False
679,00135,0001,10/20/2026 00:00:00,8.000000000,1977.40438,False
679,00145,0001,10/20/2026 00:00:00,8.000000000,982.98864,False
679,00177,0001,10/18/2026 00:00:00,8.000000000,948.27273,False
680,00019,0001,10/20/2026 00:00:00,99.000000000,499.29300,False
680,00024,0001,10/20/2026 00:00:00,60.000000000,1316.04877,False
680,00084,0001,10/18/2026 00:00:00,8.000000000,776.14637,False
680,00090,0001,10/20/2026 00:00:00,8.000000000,943.64773,False
680,00118,0004,10/20/2026 00:00:00,5.000000000,2663.56100,False
680,00131,0001,10/20/2026 00:00:00,12.000000000,910.41977,False
680,00134,0001,10/20/2026 00:00:00,16.000000000,940.16807,False
680,00177,0001,10/18/2026 00:00:00,8.000000000,948.27273,False
681,00086,0001,10/20/2026 00:00:00,240.000000000,315.77667,False
682,00008,0001,10/20/2026 00:00:00,761.000000000,30.44241,False
682,00010,0001,03/22/2025 00:00:00,91.000000000,120.00000,False
683,00013,0001,10/21/2026 00:00:00,1000.000000000,32.26376,False
684,00013,0001,10/21/2026 00:00:00,400.000000000,32.26376,False
685,00013,0001,10/21/2026 00:00:00,1000.000000000,32.26376,False
686,00013,0001,10/21/2026 00:00:00,800.000000000,32.26376,False
687,00013,0001,10/21/2026 00:00:00,700.000000000,32.26376,False
688,00157,0001,10/21/2026 00:00:00,50.000000000,679.50000,False
688,00158,0001,10/21/2026 00:00:00,43.000000000,588.90255,False
689,00137,0001,09/25/2026 00:00:00,50.000000000,4896.42517,False
690,00160,0001,10/21/2026 00:00:00,50.000000000,908.07375,False
691,00051,0001,10/21/2026 00:00:00,12.000000000,1499.68182,False
691,00052,0001,10/21/2026 00:00:00,60.000000000,919.34082,False
692,00051,0001,10/21/2026 00:00:00,8.000000000,1499.68182,False
693,00009,0001,10/18/2026 00:00:00,500.000000000,24.26912,False
693,00123,0001,10/21/2026 00:00:00,36.000000000,350.00000,False
694,00178,0001,10/21/2026 00:00:00,40.000000000,295.94693,False
694,00179,0001,10/21/2026 00:00:00,8.000000000,1462.78647,False
694,00180,0001,10/22/2026 00:00:00,8.000000000,804.83610,False
695,00048,0001,10/22/2026 00:00:00,300.000000000,323.65176,False
696,00009,0001,10/18/2026 00:00:00,1040.000000000,65.48589,False
697,00046,0001,10/22/2026 00:00:00,120.000000000,625.19254,False
698,00130,0001,10/20/2026 00:00:00,20.000000000,1262.53362,False
699,00032,0001,10/22/2026 00:00:00,60.000000000,837.21460,False
700,00022,0016,10/22/2026 00:00:00,25.000000000,649.87500,False
701,00022,0016,10/22/2026 00:00:00,15.000000000,649.87500,False
702,00053,0001,10/14/2025 00:00:00,8.000000000,1361.63398,False
703,00052,0001,10/21/2026 00:00:00,24.000000000,919.34082,False
703,00180,0001,10/22/2026 00:00:00,20.000000000,804.83610,False
704,00116,0001,10/22/2026 00:00:00,12.000000000,580.72285,False
705,00181,0001,10/22/2026 00:00:00,40.000000000,52.06556,False
706,00181,0001,10/22/2026 00:00:00,80.000000000,52.06556,False
707,00181,0001,10/22/2026 00:00:00,40.000000000,52.06556,False
708,00181,0001,10/22/2026 00:00:00,145.000000000,52.06556,False
709,00121,0001,10/22/2026 00:00:00,60.000000000,147.36597,False
709,00152,0001,10/22/2026 00:00:00,40.000000000,145.62763,False
709,00182,0001,10/23/2026 00:00:00,200.000000000,38.37633,False
710,00182,0001,10/23/2026 00:00:00,100.000000000,38.37633,False
711,00182,0001,10/23/2026 00:00:00,100.000000000,38.37633,False
712,00182,0001,10/23/2026 00:00:00,800.000000000,38.37633,False
713,00182,0001,10/23/2026 00:00:00,700.000000000,38.37633,False
714,00019,0001,10/25/2026 00:00:00,12.000000000,1400.00000,False
715,00016,0013,08/19/2026 00:00:00,10.000000000,493.10000,False
716,00008,0001,09/25/2026 00:00:00,400.000000000,100.00000,False
717,00030,0001,10/23/2026 00:00:00,1000.000000000,26.50950,False
718,00030,0001,10/23/2026 00:00:00,819.000000000,26.50950,False
719,00133,0001,10/20/2026 00:00:00,20.000000000,1724.37280,False
720,00030,0001,10/23/2026 00:00:00,300.000000000,26.50950,False
721,00164,0001,10/18/2026 00:00:00,10.000000000,3518.51350,False
722,00155,0001,08/03/2026 00:00:00,1300.000000000,24.80793,False
722,00159,0001,08/03/2026 00:00:00,460.000000000,39.75013,False
722,00161,0001,08/03/2026 00:00:00,200.000000000,62.76269,False
723,00016,0001,08/04/2026 00:00:00,30.000000000,721.99907,False
724,00091,0001,08/03/2026 00:00:00,12.000000000,811.13597,False
724,00131,0001,10/20/2026 00:00:00,20.000000000,608.75068,False
725,00084,0001,10/18/2026 00:00:00,4.000000000,687.52405,False
725,00090,0001,08/03/2026 00:00:00,4.000000000,800.51097,False
726,00183,0001,08/03/2026 00:00:00,8.000000000,982.04737,False
727,00164,0001,10/18/2026 00:00:00,17.000000000,3518.51350,False
728,00016,0001,08/04/2026 00:00:00,11.000000000,721.99907,False
729,00040,0001,08/06/2026 00:00:00,15.000000000,1004.46704,False
730,00019,0001,08/09/2026 00:00:00,49.000000000,472.99323,False
731,00147,0001,08/09/2026 00:00:00,2.000000000,3575.68314,False
732,00084,0001,10/18/2026 00:00:00,40.000000000,687.52405,False
733,00143,0001,11/06/2026 00:00:00,2.000000000,15050.00000,False
733,00183,0001,08/03/2026 00:00:00,8.000000000,982.04737,False
734,00146,0001,07/03/2026 00:00:00,100.000000000,168.52763,False
735,00164,0001,10/18/2026 00:00:00,30.000000000,3518.51350,False
736,00022,0001,08/04/2026 00:00:00,100.000000000,665.13393,False
737,00019,0001,08/09/2026 00:00:00,10.000000000,472.99323,False
737,00022,0001,08/04/2026 00:00:00,10.000000000,665.13393,False
738,00037,0001,08/30/2026 00:00:00,1.000000000,2500.00000,False
739,00184,0001,08/14/2026 00:00:00,60.000000000,313.45000,False
740,00053,0001,10/14/2025 00:00:00,20.000000000,960.81336,False
741,00150,0001,08/18/2026 00:00:00,100.000000000,701.09981,False
741,00154,0001,08/18/2026 00:00:00,1260.000000000,27.77808,False
741,00157,0001,08/18/2026 00:00:00,50.000000000,664.80000,False
742,00019,0001,08/09/2026 00:00:00,48.000000000,472.99323,False
742,00126,0001,08/20/2026 00:00:00,250.000000000,51.67324,False
743,00040,0001,08/06/2026 00:00:00,11.000000000,1004.46704,False
744,00022,0001,08/04/2026 00:00:00,2.000000000,665.13393,False
744,00022,0015,08/18/2026 00:00:00,8.000000000,622.00000,False
745,00040,0001,08/06/2026 00:00:00,18.000000000,1004.46704,False
746,00028,0005,08/20/2026 00:00:00,100.000000000,1141.99500,False
747,00147,0001,08/09/2026 00:00:00,3.000000000,3575.68314,False
748,00019,0001,08/09/2026 00:00:00,40.000000000,472.99323,False
748,00022,0015,08/18/2026 00:00:00,2.000000000,622.00000,False
749,00156,0001,08/23/2026 00:00:00,41.000000000,550.60980,False
749,00185,0001,08/23/2026 00:00:00,10.000000000,1576.67525,False
750,00147,0001,08/09/2026 00:00:00,3.000000000,3575.68314,False
751,00016,0001,08/04/2026 00:00:00,25.000000000,721.99907,False
751,00040,0001,08/06/2026 00:00:00,6.000000000,1004.46704,False
751,00186,001,08/25/2026 00:00:00,10.000000000,810.71425,False
752,00016,0001,08/04/2026 00:00:00,25.000000000,721.99907,False
753,00016,0001,08/04/2026 00:00:00,25.000000000,721.99907,False
754,00016,0001,08/04/2026 00:00:00,25.000000000,721.99907,False
754,00177,0001,10/18/2026 00:00:00,8.000000000,948.27273,False
754,00186,001,08/25/2026 00:00:00,4.000000000,810.71425,False
755,00187,0001,08/26/2026 00:00:00,52.000000000,2113.88393,False
756,00164,0001,10/18/2026 00:00:00,25.000000000,3518.51350,False
756,00172,0001,11/18/2026 00:00:00,4.000000000,2000.00000,False
757,00129,0001,08/30/2026 00:00:00,20.000000000,1167.54511,False
757,00130,0001,08/30/2026 00:00:00,20.000000000,1177.37326,False
758,00052,0001,08/31/2026 00:00:00,60.000000000,2313.25555,False
758,00076,0001,08/31/2026 00:00:00,101.000000000,1626.03954,False
759,00019,0001,09/01/2026 00:00:00,30.000000000,386.33342,False
760,00156,0001,09/01/2026 00:00:00,3.000000000,933.33333,False
761,00127,0005,09/02/2026 00:00:00,823.000000000,68.89554,False
762,00151,0001,09/03/2026 00:00:00,144.000000000,336.73933,False
763,00181,0001,09/03/2026 00:00:00,494.000000000,59.73137,False
764,00038,0001,09/03/2026 00:00:00,30.000000000,551.98260,False
765,00032,0001,10/22/2026 00:00:00,120.000000000,514.95462,False
766,00164,0003,09/03/2026 00:00:00,43.000000000,3235.23099,False
767,00188,0001,09/03/2026 00:00:00,40.000000000,746.44819,False
767,00189,0001,09/03/2026 00:00:00,40.000000000,1432.06654,False
768,00026,0005,09/02/2026 00:00:00,1008.000000000,72.48519,False
768,00078,0005,09/04/2026 00:00:00,201.000000000,477.36325,False
769,00186,001,09/06/2026 00:00:00,100.000000000,805.00000,False
770,00186,001,09/13/2026 00:00:00,3.000000000,797.16970,False
771,00022,0015,09/06/2026 00:00:00,3.000000000,487.66675,False
772,00072,0001,09/07/2026 00:00:00,16.000000000,775.17345,False
772,00116,0001,09/07/2026 00:00:00,16.000000000,1054.84805,False
772,00129,0001,09/07/2026 00:00:00,48.000000000,1167.28401,False
772,00130,0001,09/07/2026 00:00:00,48.000000000,1235.57476,False
772,00131,0001,10/20/2026 00:00:00,16.000000000,542.20481,False
772,00133,0001,09/07/2026 00:00:00,32.000000000,1488.39805,False
772,00134,0001,09/07/2026 00:00:00,32.000000000,844.40261,False
772,00135,0001,09/07/2026 00:00:00,48.000000000,2069.26485,False
772,00144,0001,09/07/2026 00:00:00,16.000000000,402.01595,False
772,00145,0001,09/07/2026 00:00:00,32.000000000,1221.48884,False
773,00047,0001,09/07/2026 00:00:00,200.000000000,1083.67505,False
774,00052,0001,09/07/2026 00:00:00,20.000000000,1087.94920,False
775,00126,0001,09/08/2026 00:00:00,1000.000000000,58.62741,False
776,00164,0003,09/03/2026 00:00:00,6.000000000,3235.23099,False
777,00126,0001,09/10/2026 00:00:00,1000.000000000,90.53898,False
778,00125,0001,09/09/2026 00:00:00,42.000000000,703.85966,False
779,00161,0001,09/11/2026 00:00:00,996.000000000,30.37021,False
780,00186,001,09/13/2026 00:00:00,50.000000000,797.16970,False
781,00047,0001,09/13/2026 00:00:00,200.000000000,602.74276,False
781,00160,0001,09/13/2026 00:00:00,50.000000000,740.94284,False
782,00019,0001,09/14/2026 00:00:00,100.000000000,495.85000,False
782,00186,001,09/14/2026 00:00:00,20.000000000,807.50000,False
782,00190,0001,09/13/2026 00:00:00,60.000000000,283.14958,False
783,00019,0001,09/14/2026 00:00:00,100.000000000,495.85000,False
784,00049,001,09/14/2026 00:00:00,40.000000000,710.56864,False
785,00022,0001,09/15/2026 00:00:00,50.000000000,615.95000,False
786,00019,0001,09/15/2026 00:00:00,50.000000000,486.41168,False
787,00156,001,09/15/2026 00:00:00,50.000000000,528.70000,False
787,00159,001,09/15/2026 00:00:00,850.000000000,24.10331,False
788,00019,0001,09/15/2026 00:00:00,52.000000000,486.41168,False
788,00022,0001,09/15/2026 00:00:00,50.000000000,615.95000,False
789,00022,0016,09/16/2026 00:00:00,60.000000000,700.13639,False
790,00022,0016,09/16/2026 00:00:00,50.000000000,700.13639,False
791,00040,002,09/16/2026 00:00:00,2.000000000,964.57875,False
792,00191,0001,09/16/2026 00:00:00,30.000000000,977.08842,False
793,00016,0015,09/18/2026 00:00:00,100.000000000,509.33935,False
794,00016,0015,09/18/2026 00:00:00,30.000000000,509.33935,False
795,00052,001,09/18/2026 00:00:00,40.000000000,999.85044,False
796,00016,0018,09/21/2026 00:00:00,30.000000000,520.96694,False
796,00022,0018,09/21/2026 00:00:00,10.000000000,624.50000,False
797,00017,0002,09/19/2026 00:00:00,571.000000000,55.34099,False
798,00016,0018,09/21/2026 00:00:00,50.000000000,520.96694,False
799,00090,001,09/19/2026 00:00:00,12.000000000,993.76115,False
799,00188,001,09/19/2026 00:00:00,12.000000000,1385.90168,False
800,00131,0001,10/20/2026 00:00:00,12.000000000,3911.10241,False
800,00135,0001,09/07/2026 00:00:00,12.000000000,7280.00000,False
800,00144,0001,09/07/2026 00:00:00,12.000000000,9280.00000,False
800,00145,0001,09/07/2026 00:00:00,12.000000000,12040.00000,False
800,00147,0001,09/07/2026 00:00:00,1.000000000,14840.00000,False
800,00148,0001,09/07/2026 00:00:00,12.000000000,7420.00000,False
800,00184,0001,08/14/2026 00:00:00,12.000000000,709.20833,False
801,00016,0015,09/24/2026 00:00:00,92.000000000,1252.11474,False
801,00186,0015,09/24/2026 00:00:00,20.000000000,806.25000,False
802,00186,0015,09/24/2026 00:00:00,4.000000000,806.25000,False
803,00150,002,09/25/2026 00:00:00,76.000000000,1336.00085,False
803,00157,0001,09/25/2026 00:00:00,50.000000000,650.30000,False
804,00040,0001,09/27/2026 00:00:00,6.000000000,1012.07875,False
804,00125,0001,09/27/2026 00:00:00,5.000000000,657.00000,False
805,00038,0001,09/27/2026 00:00:00,5.000000000,637.83761,False
806,00040,0001,09/27/2026 00:00:00,13.000000000,1012.07875,False
807,00040,0001,09/27/2026 00:00:00,15.000000000,1012.07875,False
808,00189,0015,09/28/2026 00:00:00,40.000000000,1044.66739,False
808,00192,0001,09/28/2026 00:00:00,60.000000000,953.14785,False
808,00193,0002,09/28/2026 00:00:00,40.000000000,877.96434,False
808,00194,0001,09/28/2026 00:00:00,40.000000000,1672.18884,False
808,00195,0001,09/28/2026 00:00:00,60.000000000,766.58325,False
809,00016,0015,09/30/2026 00:00:00,20.000000000,2578.63500,False
810,00040,0001,10/01/2026 00:00:00,20.000000000,964.57875,False
811,00186,0015,09/26/2026 00:00:00,4.000000000,902.83015,False
812,00186,0015,09/26/2026 00:00:00,1.000000000,902.83015,False
815,00022,0015,10/02/2026 00:00:00,30.000000000,616.97472,False
815,00040,0001,10/01/2026 00:00:00,4.000000000,990.51623,False
816,00022,0015,10/02/2026 00:00:00,20.000000000,616.97472,False
818,00016,0001,10/02/2026 00:00:00,9.000000000,2275.00000,False
821,00154,0002,10/05/2026 00:00:00,1519.000000000,23.90765,False
821,00155,0002,10/05/2026 00:00:00,1528.000000000,23.56896,False
822,00200,001,10/05/2026 00:00:00,60.000000000,243.27698,False
823,00095,0001,10/06/2026 00:00:00,100.000000000,495.60000,False
823,00156,0002,10/05/2026 00:00:00,50.000000000,528.70000,False
823,00172,001,10/06/2026 00:00:00,20.000000000,1006.59464,False
824,00186,0015,09/26/2026 00:00:00,5.000000000,902.83015,False
826,00157,0002,10/07/2026 00:00:00,120.000000000,658.75000,False
827,00084,0001,10/18/2026 00:00:00,20.000000000,687.52405,False
828,00040,0001,10/08/2026 00:00:00,30.000000000,919.81250,False
829,00022,0015,10/02/2026 00:00:00,40.000000000,616.97472,False
830,00016,0001,10/02/2026 00:00:00,10.000000000,2275.00000,False
830,00022,0001,10/04/2026 00:00:00,15.000000000,622.60000,False
830,00040,0001,10/01/2026 00:00:00,2.000000000,990.51623,False
831,00016,0001,10/02/2026 00:00:00,5.000000000,2275.00000,False
831,00022,0001,10/04/2026 00:00:00,10.000000000,622.60000,False
831,00040,0001,10/01/2026 00:00:00,2.000000000,990.51623,False
832,00142,005,10/09/2026 00:00:00,50.000000000,2976.77225,False
832,00186,0015,09/26/2026 00:00:00,50.000000000,902.83015,False
833,00016,0001,10/09/2026 00:00:00,5.000000000,2800.00000,False
833,00022,0001,10/09/2026 00:00:00,5.000000000,634.00000,False
833,00040,0001,10/09/2026 00:00:00,1.000000000,999.28850,False
834,00016,0001,10/09/2026 00:00:00,5.000000000,2800.00000,False
834,00022,0001,10/09/2026 00:00:00,10.000000000,634.00000,False
835,00196,002,10/09/2026 00:00:00,20.000000000,708.01325,False
836,00022,005,10/11/2026 00:00:00,30.000000000,630.83325,False
837,00052,0001,10/11/2026 00:00:00,80.000000000,1127.77909,False
838,00173,0001,10/11/2026 00:00:00,120.000000000,270.70446,False
839,00186,0015,09/26/2026 00:00:00,5.000000000,902.83015,False
840,00202,0001,10/12/2026 00:00:00,48.000000000,97.39673,False
840,00203,0001,10/12/2026 00:00:00,48.000000000,145.27504,False
840,00204,0001,10/12/2026 00:00:00,48.000000000,98.78863,False
840,00205,0001,10/12/2026 00:00:00,48.000000000,120.29070,False
841,00022,0001,10/13/2026 00:00:00,15.000000000,646.66675,False
842,00190,0001,10/13/2026 00:00:00,48.000000000,42.31897,False
842,00205,0001,10/12/2026 00:00:00,12.000000000,120.29070,False
842,00206,0001,10/13/2026 00:00:00,48.000000000,190.26962,False
843,00116,0001,10/13/2026 00:00:00,12.000000000,1016.97130,False
843,00131,0001,10/13/2026 00:00:00,24.000000000,205.52284,False
844,00164,005,10/13/2026 00:00:00,13.000000000,1171.43475,False
845,00147,0002,10/14/2026 00:00:00,3.000000000,1973.85525,False
846,00047,0002,10/14/2026 00:00:00,200.000000000,951.23385,False
847,00046,00001,10/14/2026 00:00:00,100.000000000,791.47204,False
847,00091,0002,10/14/2026 00:00:00,12.000000000,836.39572,False
848,00053,0001,10/14/2025 00:00:00,44.000000000,856.86056,False
848,00144,0001,10/15/2026 00:00:00,20.000000000,995.68619,False
848,00147,005,10/15/2026 00:00:00,7.000000000,2350.47075,False
848,00184,0001,08/14/2026 00:00:00,60.000000000,709.20833,False
849,00207,0001,10/15/2026 00:00:00,20.000000000,832.92975,False
850,00022,0001,10/13/2026 00:00:00,10.000000000,646.66675,False
850,00084,0001,10/15/2026 00:00:00,8.000000000,885.73808,False
851,00019,0001,10/15/2026 00:00:00,29.000000000,433.79300,False
852,00022,0001,10/13/2026 00:00:00,100.000000000,622.23334,False
853,00133,0002,10/16/2026 00:00:00,24.000000000,1373.13025,False
853,00145,005,10/16/2026 00:00:00,24.000000000,1180.85944,False
854,00049,0005,10/15/2026 00:00:00,24.000000000,686.93779,False
855,00040,0001,10/16/2026 00:00:00,3.000000000,1080.24250,False
856,00040,0001,10/16/2026 00:00:00,5.000000000,1080.24250,False
856,00049,0001,10/16/2026 00:00:00,12.000000000,707.77114,False
857,00156,0001,10/19/2026 00:00:00,100.000000000,442.00000,False
858,00040,0001,10/21/2026 00:00:00,15.000000000,917.33739,False
859,00078,0005,10/20/2026 00:00:00,188.000000000,480.05325,False
860,00049,0001,10/21/2026 00:00:00,28.000000000,673.41610,False
860,00084,0001,10/20/2026 00:00:00,40.000000000,762.84304,False
861,00192,0001,10/20/2026 00:00:00,40.000000000,1054.78366,False
862,00164,005,10/13/2026 00:00:00,1.000000000,1171.43475,False
863,00016,0001,10/21/2026 00:00:00,8.000000000,695.76275,False
863,00022,0001,10/21/2026 00:00:00,10.000000000,616.85368,False
864,00016,0001,10/21/2026 00:00:00,20.000000000,695.76275,False
864,00022,0001,10/21/2026 00:00:00,20.000000000,616.85368,False
864,00049,0001,10/21/2026 00:00:00,12.000000000,673.41610,False
865,00009,0001,10/21/2026 00:00:00,300.000000000,20.21020,False
866,00022,0001,10/21/2026 00:00:00,3.000000000,616.85368,False
866,00040,0001,10/21/2026 00:00:00,2.000000000,917.33739,False
867,00022,0001,10/21/2026 00:00:00,2.000000000,616.85368,False
867,00040,0001,10/21/2026 00:00:00,3.000000000,917.33739,False
867,00147,0001,10/21/2026 00:00:00,5.000000000,2396.31900,False
868,00040,0001,10/21/2026 00:00:00,10.000000000,917.33739,False
869,00040,0001,10/21/2026 00:00:00,5.000000000,917.33739,False
870,00022,0001,10/21/2026 00:00:00,5.000000000,616.85368,False
870,00049,0001,10/21/2026 00:00:00,4.000000000,673.41610,False
871,00137,0001,10/21/2026 00:00:00,35.000000000,4023.80521,False
871,00158,0001,10/21/2026 00:00:00,40.000000000,618.30900,False
872,00040,0001,10/21/2026 00:00:00,2.000000000,917.33739,False
873,00016,0001,10/22/2026 00:00:00,16.000000000,588.76775,False
873,00019,0001,10/22/2026 00:00:00,81.000000000,501.74475,False
874,00019,0001,10/22/2026 00:00:00,20.000000000,501.74475,False
875,00019,0001,10/22/2026 00:00:00,10.000000000,501.74475,False
877,00019,0001,10/22/2026 00:00:00,30.000000000,501.74475,False
878,00035,0001,10/22/2026 00:00:00,1.000000000,1361.77050,False
879,00077,0001,09/28/2026 00:00:00,24.000000000,289.70266,False
879,00197,001,10/01/2026 00:00:00,20.000000000,1134.68229,False
879,00198,001,10/01/2026 00:00:00,8.000000000,987.61604,False
880,00035,0001,10/22/2026 00:00:00,5.000000000,1361.77050,False
880,00208,0001,10/22/2026 00:00:00,300.000000000,362.68860,False
881,00086,0006,10/23/2026 00:00:00,240.000000000,332.37474,False
882,00157,0001,10/23/2026 00:00:00,201.000000000,655.74625,False
884,00022,0001,10/21/2026 00:00:00,2.000000000,618.68950,False
884,00209,0001,10/23/2026 00:00:00,68.000000000,617.79450,False
885,00028,0002,10/25/2026 00:00:00,58.000000000,856.51675,False
885,00078,0001,10/25/2026 00:00:00,12.000000000,490.83325,False
886,00127,0001,10/25/2026 00:00:00,158.000000000,70.90872,False
887,00053,0001,10/26/2026 00:00:00,8.000000000,880.92975,False
887,00131,0001,10/26/2026 00:00:00,40.000000000,804.54315,False
887,00133,0001,10/26/2026 00:00:00,12.000000000,1136.13980,False
887,00134,0001,10/26/2026 00:00:00,8.000000000,1122.87963,False
887,00144,0001,10/26/2026 00:00:00,32.000000000,976.68410,False
887,00210,0001,10/26/2026 00:00:00,32.000000000,761.72065,False
888,00211,0001,10/26/2026 00:00:00,40.000000000,767.04420,False
889,00084,0001,10/26/2026 00:00:00,16.000000000,747.89344,False
890,00073,0001,10/27/2026 00:00:00,1200.000000000,400.15453,False
890,00160,0001,10/27/2026 00:00:00,100.000000000,513.67659,False
892,00028,0001,10/28/2026 00:00:00,39.000000000,1233.31875,False
893,00186,0015,09/26/2026 00:00:00,5.000000000,902.83015,False
894,00077,001,10/28/2026 00:00:00,264.000000000,399.47228,False
895,00195,0001,10/29/2026 00:00:00,16.000000000,797.50000,False
896,00147,0001,10/26/2026 00:00:00,1.000000000,871.16925,False
896,00213,0001,10/29/2026 00:00:00,40.000000000,868.07908,False
897,00213,0001,10/29/2026 00:00:00,8.000000000,868.07908,False
898,00019,0001,10/31/2026 00:00:00,100.000000000,505.65225,False
899,00022,0001,11/10/2026 00:00:00,50.000000000,620.10873,False
900,00019,0001,10/31/2026 00:00:00,91.000000000,505.65225,False
901,00009,0001,11/01/2026 00:00:00,200.000000000,20.90788,False
901,00127,0001,11/01/2026 00:00:00,220.000000000,76.41460,False
907,00020,0001,11/04/2026 00:00:00,425.000000000,49.71637,False
907,00038,0001,11/04/2026 00:00:00,31.000000000,611.84631,False
907,00040,0001,11/03/2026 00:00:00,1.000000000,990.66318,False
908,00147,0002,11/04/2026 00:00:00,20.000000000,3061.97525,False
909,00014,0001,11/04/2026 00:00:00,500.000000000,48.53217,False
909,00016,0002,11/04/2026 00:00:00,10.000000000,598.54000,False
909,00020,0001,11/04/2026 00:00:00,125.000000000,49.71637,False
909,00022,0001,11/10/2026 00:00:00,10.000000000,628.87285,False
910,00014,0001,11/04/2026 00:00:00,400.000000000,48.53217,False
911,00014,0001,11/04/2026 00:00:00,420.000000000,48.53217,False
912,00019,0001,10/31/2026 00:00:00,20.000000000,507.31438,False
912,00022,0001,11/10/2026 00:00:00,20.000000000,628.87285,False
913,00019,0001,10/31/2026 00:00:00,20.000000000,507.31438,False
913,00022,0001,11/10/2026 00:00:00,50.000000000,628.87285,False
914,00077,0001,11/06/2026 00:00:00,120.000000000,240.54559,False
914,00198,0002,11/06/2026 00:00:00,32.000000000,1105.09085,False
914,00214,0001,11/06/2026 00:00:00,4.000000000,1742.47675,False
915,00116,0002,11/06/2026 00:00:00,24.000000000,1067.72255,False
915,00132,0002,11/06/2026 00:00:00,16.000000000,1566.28090,False
915,00145,0002,11/06/2026 00:00:00,24.000000000,810.17093,False
915,00213,0002,11/06/2026 00:00:00,20.000000000,938.74535,False
916,00077,0001,11/06/2026 00:00:00,60.000000000,240.54559,False
917,00014,002,11/08/2026 00:00:00,625.000000000,48.22885,False
917,00016,002,11/08/2026 00:00:00,5.000000000,591.29275,False
918,00014,002,11/08/2026 00:00:00,250.000000000,48.22885,False
919,00173,0001,11/09/2026 00:00:00,180.000000000,243.69116,False
920,00041,0001,11/09/2026 00:00:00,10.000000000,941.01150,False
920,00045,0001,11/09/2026 00:00:00,36.000000000,356.67594,False
920,00046,0001,11/09/2026 00:00:00,20.000000000,869.54715,False
920,00052,0001,11/09/2026 00:00:00,8.000000000,1071.30025,False
920,00064,0001,11/09/2026 00:00:00,60.000000000,236.06408,False
920,00122,0001,11/09/2026 00:00:00,24.000000000,348.99576,False
920,00151,0001,11/09/2026 00:00:00,60.000000000,353.50530,False
921,00215,0001,11/09/2026 00:00:00,725.000000000,47.16715,False
922,00215,0001,11/09/2026 00:00:00,625.000000000,47.16715,False
923,00215,0001,11/09/2026 00:00:00,125.000000000,47.16715,False
924,00215,0001,11/09/2026 00:00:00,500.000000000,47.16715,False
925,00215,0001,11/09/2026 00:00:00,175.000000000,47.16715,False
926,00215,0001,11/09/2026 00:00:00,50.000000000,47.16715,False
927,00182,0001,11/10/2026 00:00:00,1500.000000000,15.14724,False
928,00009,0001,10/11/2026 00:00:00,2500.000000000,21.56883,False
928,00182,0001,11/10/2026 00:00:00,1500.000000000,15.14724,False
929,00077,0001,10/11/2026 00:00:00,120.000000000,258.92205,False
930,00009,0001,10/11/2026 00:00:00,300.000000000,21.56883,False
931,00182,0001,11/10/2026 00:00:00,300.000000000,15.14724,False
932,00182,001,10/29/2026 00:00:00,450.000000000,12.84872,False
933,00182,0001,11/10/2026 00:00:00,750.000000000,15.14724,False
934,00052,0001,10/11/2026 00:00:00,40.000000000,1041.11025,False
935,00019,0001,10/13/2026 00:00:00,229.000000000,504.24258,False
935,00022,0001,11/10/2026 00:00:00,18.000000000,621.85256,False
935,00022,0002,10/16/2026 00:00:00,82.000000000,622.43895,False
936,00019,0001,10/13/2026 00:00:00,200.000000000,504.24258,False
936,00022,0001,11/10/2026 00:00:00,20.000000000,621.85256,False
937,00022,0001,11/10/2026 00:00:00,150.000000000,621.85256,False
937,00201,0001,10/15/2026 00:00:00,500.000000000,32.81438,False
937,00215,0001,11/09/2026 00:00:00,1250.000000000,47.60449,False
938,00197,0002,10/15/2026 00:00:00,20.000000000,1135.14000,False
939,00010,0001,10/15/2026 00:00:00,1000.000000000,21.59568,False
939,00032,0001,10/15/2026 00:00:00,240.000000000,89.66766,False
939,00201,0001,10/15/2026 00:00:00,500.000000000,32.81438,False
940,00123,0001,10/15/2026 00:00:00,48.000000000,373.67159,False
941,00040,0001,10/16/2026 00:00:00,5.000000000,18000.00000,False
942,00022,0001,11/10/2026 00:00:00,50.000000000,621.85256,False
942,00032,0001,10/15/2026 00:00:00,36.000000000,89.66766,False
942,00201,0001,10/15/2026 00:00:00,1000.000000000,32.81438,False
942,00215,0001,11/09/2026 00:00:00,375.000000000,47.60449,False
943,00022,0001,11/10/2026 00:00:00,5.000000000,621.85256,False
944,00020,0001,10/16/2026 00:00:00,25.000000000,60.22581,False
944,00022,0001,11/10/2026 00:00:00,5.000000000,621.85256,False
944,00032,0001,10/15/2026 00:00:00,24.000000000,89.66766,False
944,00215,0001,11/09/2026 00:00:00,50.000000000,47.60449,False
945,00053,0001,10/16/2026 00:00:00,4.000000000,847.78050,False
945,00084,0001,10/16/2026 00:00:00,40.000000000,2175.00000,False
945,00116,0002,10/16/2026 00:00:00,20.000000000,1054.75270,False
945,00129,0002,10/16/2026 00:00:00,40.000000000,1006.45900,False
945,00130,0001,10/16/2026 00:00:00,4.000000000,9275.00000,False
945,00131,0001,10/16/2026 00:00:00,4.000000000,9100.00000,False
945,00131,0002,10/16/2026 00:00:00,24.000000000,857.41466,False
945,00132,0002,10/16/2026 00:00:00,16.000000000,1621.40575,False
945,00135,0001,10/16/2026 00:00:00,8.000000000,9100.00000,False
945,00144,0001,10/16/2026 00:00:00,12.000000000,11600.00000,False
945,00144,0002,10/16/2026 00:00:00,32.000000000,1019.11690,False
945,00145,0001,10/16/2026 00:00:00,4.000000000,15050.00000,False
945,00145,0002,10/16/2026 00:00:00,16.000000000,1204.69109,False
945,00177,0001,10/18/2026 00:00:00,16.000000000,948.27273,False
945,00183,0002,10/16/2026 00:00:00,32.000000000,778.89715,False
945,00190,0002,10/16/2026 00:00:00,24.000000000,64.82568,False
945,00191,0002,10/16/2026 00:00:00,10.000000000,1339.51700,False
945,00202,0002,10/16/2026 00:00:00,24.000000000,62.22745,False
945,00203,0002,10/16/2026 00:00:00,24.000000000,121.03588,False
945,00216,0002,10/16/2026 00:00:00,24.000000000,157.65559,False
946,00022,0015,10/02/2026 00:00:00,29.000000000,616.97472,False
947,00186,0015,09/26/2026 00:00:00,12.000000000,902.83015,False
947,00212,004,10/28/2026 00:00:00,10.000000000,1462.11725,False
948,00022,0001,11/10/2026 00:00:00,71.000000000,626.69179,False
949,00022,0001,11/10/2026 00:00:00,50.000000000,628.02170,False
950,00019,0001,10/31/2026 00:00:00,100.000000000,507.31438,False
950,00022,0001,11/10/2026 00:00:00,100.000000000,628.79081,False
950,00032,0001,11/03/2026 00:00:00,192.000000000,306.41742,False
950,00040,0001,11/03/2026 00:00:00,20.000000000,990.66318,False
950,00049,0001,11/03/2026 00:00:00,40.000000000,701.23415,False
950,00186,0015,09/26/2026 00:00:00,10.000000000,902.83015,False
950,00212,0001,11/03/2026 00:00:00,50.000000000,1236.00575,False
951,00019,0001,10/31/2026 00:00:00,100.000000000,507.31438,False
951,00022,0001,11/10/2026 00:00:00,200.000000000,628.79081,False
951,00032,0001,11/03/2026 00:00:00,48.000000000,306.41742,False
951,00040,0001,11/03/2026 00:00:00,30.000000000,990.66318,False
951,00049,0001,11/03/2026 00:00:00,60.000000000,701.23415,False
951,00186,0015,09/26/2026 00:00:00,13.000000000,902.83015,False
951,00212,0001,11/03/2026 00:00:00,150.000000000,1236.00575,False
952,00048,0001,10/17/2026 00:00:00,300.000000000,262.01724,False
952,00150,002,10/17/2026 00:00:00,40.000000000,1148.79550,False
953,00076,0002,10/17/2026 00:00:00,100.000000000,739.10975,False
954,00204,0001,10/17/2026 00:00:00,24.000000000,82.30411,False
954,00216,0001,10/17/2026 00:00:00,84.000000000,152.70723,False
955,00008,0001,10/17/2026 00:00:00,400.000000000,29.49400,False
956,00008,0004,10/18/2026 00:00:00,1000.000000000,28.90599,False
957,00008,0004,10/18/2026 00:00:00,1000.000000000,28.90599,False
959,00014,0001,10/18/2026 00:00:00,500.000000000,47.17994,False
960,00215,0001,10/19/2026 00:00:00,775.000000000,47.12414,False
961,00022,0001,11/10/2026 00:00:00,5.000000000,628.79081,False
962,00014,002,10/20/2026 00:00:00,30.000000000,70.99520,False
963,00008,0004,10/18/2026 00:00:00,100.000000000,28.90599,False
964,00032,001,10/20/2026 00:00:00,36.000000000,42.71595,False
964,00125,0002,10/20/2026 00:00:00,5.000000000,2061.70925,False
964,00127,0001,10/20/2026 00:00:00,753.000000000,86.29102,False
964,00127,002,10/20/2026 00:00:00,975.000000000,84.77463,False
965,00040,0002,10/20/2026 00:00:00,25.000000000,1147.07500,False
966,00040,0002,10/20/2026 00:00:00,15.000000000,1147.07500,False
967,00206,0001,10/20/2026 00:00:00,60.000000000,261.68122,False
968,00019,001,10/20/2026 00:00:00,10.000000000,432.51450,False
969,00008,0004,10/18/2026 00:00:00,500.000000000,28.90599,False
969,00032,001,10/20/2026 00:00:00,22.000000000,42.71595,False
969,00201,0001,10/15/2026 00:00:00,100.000000000,32.81438,False
970,00186,0001,10/22/2026 00:00:00,15.000000000,2800.00000,False
971,00125,0001,10/22/2026 00:00:00,24.000000000,1264.16925,False
972,00217,0001,10/22/2026 00:00:00,180.000000000,252.91308,False
973,00125,0001,10/22/2026 00:00:00,26.000000000,1264.16925,False
974,00122,002,10/23/2026 00:00:00,48.000000000,157.72016,False
974,00131,001,10/23/2026 00:00:00,16.000000000,971.83751,False
974,00133,002,10/23/2026 00:00:00,16.000000000,876.46427,False
974,00204,001,10/22/2026 00:00:00,36.000000000,70.11701,False
974,00205,002,10/23/2026 00:00:00,24.000000000,71.58119,False
975,00156,001,10/24/2026 00:00:00,12.000000000,638.65125,False
976,00009,001,10/24/2026 00:00:00,1000.000000000,23.74793,False
976,00019,001,10/24/2026 00:00:00,100.000000000,510.66475,False
977,00016,0002,10/25/2026 00:00:00,30.000000000,544.35275,False
978,00019,001,10/24/2026 00:00:00,56.000000000,510.66475,False
978,00186,001,10/24/2026 00:00:00,6.000000000,2500.00000,False
979,00014,0002,10/25/2026 00:00:00,525.000000000,46.15690,False
980,00022,0001,11/10/2026 00:00:00,27.000000000,628.79081,False
981,00073,002,10/26/2026 00:00:00,1200.000000000,394.48423,False
982,00187,0002,10/27/2026 00:00:00,8.000000000,1138.60492,False
983,00008,0001,10/28/2026 00:00:00,200.000000000,28.42039,False
983,00009,0002,10/28/2026 00:00:00,300.000000000,18.85929,False
983,00009,001,10/24/2026 00:00:00,400.000000000,23.74793,False
983,00010,002,10/28/2026 00:00:00,500.000000000,25.91923,False
983,00182,001,10/29/2026 00:00:00,750.000000000,12.84872,False
984,00182,001,10/29/2026 00:00:00,1500.000000000,12.84872,False
985,00041,001,10/29/2026 00:00:00,2.000000000,567.50000,False
986,00008,0001,10/28/2026 00:00:00,300.000000000,28.42039,False
986,00009,0002,10/28/2026 00:00:00,300.000000000,18.85929,False
986,00016,0002,11/30/2026 00:00:00,20.000000000,590.77000,False
986,00016,002,10/28/2026 00:00:00,30.000000000,585.73375,False
986,00019,001,11/30/2026 00:00:00,50.000000000,511.70000,False
986,00020,0002,11/30/2026 00:00:00,125.000000000,50.41327,False
986,00182,0001,11/10/2026 00:00:00,450.000000000,15.14724,False
986,00182,001,10/29/2026 00:00:00,450.000000000,12.84872,False
986,00201,0001,10/15/2026 00:00:00,200.000000000,32.81438,False
986,00215,001,11/30/2026 00:00:00,125.000000000,50.40527,False
987,00009,0002,10/28/2026 00:00:00,45.000000000,18.85929,False
987,00040,001,10/30/2026 00:00:00,11.000000000,980.36375,False
988,00026,001,11/01/2026 00:00:00,855.000000000,37.49980,False
988,00086,0001,10/26/2026 00:00:00,240.000000000,345.66283,False
989,00156,001,11/02/2026 00:00:00,150.000000000,620.70000,False
990,00016,0001,11/02/2026 00:00:00,5.000000000,654.67025,False
990,00016,0005,02/16/2026 00:00:00,2.000000000,543.40814,False
990,00016,0007,07/02/2026 00:00:00,14.000000000,423.37609,False
990,00016,0008,02/23/2026 00:00:00,5.000000000,452.62325,False
991,00016,0001,11/02/2026 00:00:00,15.000000000,654.67025,False
992,00212,0005,11/02/2026 00:00:00,3.000000000,1098.01875,False
993,00016,0001,11/02/2026 00:00:00,22.000000000,654.67025,False
993,00016,001,11/03/2026 00:00:00,19.000000000,516.85725,False
994,00022,001,11/03/2026 00:00:00,5.000000000,634.00000,False
995,00022,0001,11/04/2026 00:00:00,100.000000000,615.86375,False
996,00212,005,11/04/2026 00:00:00,10.000000000,1088.85500,False
997,00019,0003,05/08/2026 00:00:00,5.000000000,491.63648,False
998,00019,0005,07/02/2026 00:00:00,30.000000000,508.20191,False
998,00125,0002,11/02/2026 00:00:00,2.000000000,776.23775,False
999,00019,0005,07/02/2026 00:00:00,10.000000000,508.20191,False
999,00019,001,11/02/2026 00:00:00,40.000000000,513.99103,False
999,00022,0001,11/04/2026 00:00:00,10.000000000,615.86375,False
999,00147,0003,11/04/2026 00:00:00,6.000000000,3064.97675,False
999,00186,001,11/04/2026 00:00:00,50.000000000,677.50000,False
1000,00016,0002,11/04/2026 00:00:00,20.000000000,640.57550,False
1000,00125,001,11/04/2026 00:00:00,11.000000000,864.13000,False
1001,00076,0005,11/06/2026 00:00:00,2.000000000,742.42625,False
1002,00130,0001,11/06/2026 00:00:00,32.000000000,1048.48012,False
1002,00147,0003,11/04/2026 00:00:00,4.000000000,3064.97675,False
1002,00190,001,11/06/2026 00:00:00,22.000000000,132.43573,False
1002,00202,0001,11/06/2026 00:00:00,23.000000000,118.80319,False
1002,00203,002,11/06/2026 00:00:00,22.000000000,94.19824,False
1002,00205,0001,11/06/2026 00:00:00,12.000000000,156.94538,False
1003,00122,0003,11/06/2026 00:00:00,24.000000000,94.91213,False
1003,00190,001,11/06/2026 00:00:00,24.000000000,132.43573,False
1003,00202,0001,11/06/2026 00:00:00,24.000000000,118.80319,False
1003,00203,002,11/06/2026 00:00:00,24.000000000,94.19824,False
1003,00204,001,11/06/2026 00:00:00,12.000000000,48.77616,False
1003,00205,0001,11/06/2026 00:00:00,24.000000000,156.94538,False
1003,00206,001,11/06/2026 00:00:00,12.000000000,430.59824,False
1003,00216,0005,11/06/2026 00:00:00,12.000000000,92.68260,False
1004,00198,007,11/07/2026 00:00:00,40.000000000,1064.80505,False
1004,00208,001,11/07/2026 00:00:00,150.000000000,228.02173,False
1005,00129,0001,11/09/2026 00:00:00,10.000000000,748.89723,False
1005,00145,001,11/09/2026 00:00:00,10.000000000,1080.00880,False
1006,00087,001,11/09/2026 00:00:00,33.000000000,230.78780,False
1007,00019,001,11/02/2026 00:00:00,9.000000000,513.99103,False
1008,00019,001,11/02/2026 00:00:00,20.000000000,513.99103,False
1009,00045,0002,11/10/2026 00:00:00,60.000000000,326.23043,False
1009,00046,0002,11/10/2026 00:00:00,56.000000000,444.20185,False
1009,00090,001,11/10/2026 00:00:00,12.000000000,1051.74260,False
1009,00187,0001,11/10/2026 00:00:00,12.000000000,1172.64145,False
1010,00132,001,11/10/2026 00:00:00,4.000000000,1542.36110,False
1011,00184,0001,11/13/2026 00:00:00,120.000000000,116.51433,False
1011,00186,005,11/13/2026 00:00:00,10.000000000,687.50000,False
1013,00130,002,11/14/2026 00:00:00,32.000000000,949.30562,False
1013,00132,0003,11/14/2026 00:00:00,20.000000000,789.46385,False
1013,00135,001,11/14/2026 00:00:00,24.000000000,1409.02815,False
1013,00145,0001,11/14/2026 00:00:00,32.000000000,1027.30075,False
1013,00202,002,11/14/2026 00:00:00,120.000000000,356.56420,False
1013,00206,001,11/06/2026 00:00:00,119.000000000,430.59824,False
1014,00019,0002,11/04/2026 00:00:00,50.000000000,511.61775,False
1014,00019,001,11/02/2026 00:00:00,50.000000000,513.99103,False
1015,00051,001,11/14/2026 00:00:00,20.000000000,975.98437,False
1015,00052,0015,11/14/2026 00:00:00,40.000000000,447.17800,False
1016,00014,003,11/13/2026 00:00:00,100.000000000,59.23228,False
1016,00016,003,11/13/2026 00:00:00,10.000000000,555.80700,False
1016,00038,0004,11/13/2026 00:00:00,1.000000000,710.00000,False
1017,00016,002,11/15/2026 00:00:00,6.000000000,654.20150,False
1017,00019,0001,11/15/2026 00:00:00,50.000000000,513.40000,False
1017,00186,001,11/15/2026 00:00:00,50.000000000,680.00000,False
1018,00156,001,11/15/2026 00:00:00,300.000000000,611.68325,False
1019,00122,001,11/15/2026 00:00:00,120.000000000,216.14860,False
1019,00129,0002,11/15/2026 00:00:00,40.000000000,657.45981,False
1019,00216,0002,11/15/2026 00:00:00,120.000000000,170.60808,False
1020,00016,001,11/16/2026 00:00:00,30.000000000,548.58814,False
1020,00019,001,11/16/2026 00:00:00,33.000000000,504.84845,False
1020,00032,001,06/21/2027 00:00:00,12.000000000,740.16536,False
1020,00032,002,11/16/2026 00:00:00,48.000000000,751.66059,False
1020,00044,0001,11/16/2026 00:00:00,16.000000000,776.16627,False
1020,00182,002,11/16/2026 00:00:00,450.000000000,13.12332,False
1021,00147,0002,11/18/2026 00:00:00,25.000000000,2987.79050,False
1021,00184,0002,11/18/2026 00:00:00,60.000000000,299.22846,False
1022,00218,001,11/21/2026 00:00:00,1092.000000000,49.88681,False
1023,00131,002,11/21/2026 00:00:00,20.000000000,920.11865,False
1024,00010,001,11/25/2026 00:00:00,100.000000000,100.00000,False
1024,00032,002,11/16/2026 00:00:00,12.000000000,751.66059,False
1024,00038,001,11/25/2026 00:00:00,3.000000000,667.50000,False
1024,00182,003,11/25/2026 00:00:00,150.000000000,12.48999,False
1024,00212,0005,11/25/2026 00:00:00,2.000000000,567.43812,False
1024,00215,005,11/22/2026 00:00:00,50.000000000,47.62327,False
1025,00212,0005,11/25/2026 00:00:00,2.000000000,567.43812,False
1025,00215,005,11/22/2026 00:00:00,150.000000000,47.62327,False
1026,00010,001,11/25/2026 00:00:00,100.000000000,100.00000,False
1026,00182,003,11/25/2026 00:00:00,150.000000000,12.48999,False
1027,00186,001,11/25/2026 00:00:00,10.000000000,687.50000,False
1028,00008,001,11/25/2026 00:00:00,50.000000000,80.00000,False
1028,00010,001,11/25/2026 00:00:00,50.000000000,100.00000,False
1028,00020,001,11/25/2026 00:00:00,25.000000000,48.77327,False
1028,00022,002,11/25/2026 00:00:00,2.000000000,662.50000,False
1028,00182,003,11/25/2026 00:00:00,150.000000000,12.48999,False
1028,00201,0001,10/15/2026 00:00:00,100.000000000,32.81438,False
1029,00139,0001,11/22/2026 00:00:00,101.000000000,660.49496,False
1029,00219,001,11/22/2026 00:00:00,50.000000000,700.60000,False
1029,00220,002,11/22/2026 00:00:00,10.000000000,658.39600,False
1030,00040,005,11/28/2026 00:00:00,25.000000000,1166.11766,False
1030,00138,001,11/28/2026 00:00:00,20.000000000,1062.21502,False
1031,00049,0001,11/28/2026 00:00:00,16.000000000,625.68557,False
1031,00049,001,11/07/2026 00:00:00,1.000000000,6000.00000,False
1031,00049,002,11/18/2026 00:00:00,3.000000000,6000.00000,False
1031,00072,001,11/07/2026 00:00:00,1.000000000,2600.00000,False
1031,00072,002,11/28/2026 00:00:00,19.000000000,702.98742,False
1032,00016,001,11/16/2026 00:00:00,23.000000000,548.58814,False
1033,00040,005,11/28/2026 00:00:00,9.000000000,1166.11766,False
1034,00019,002,11/28/2026 00:00:00,1.000000000,510.00000,False
1034,00022,001,11/28/2026 00:00:00,1.000000000,710.00000,False
1035,00038,0002,11/29/2026 00:00:00,10.000000000,570.00000,False
1035,00212,001,11/29/2026 00:00:00,17.000000000,627.27037,False
1036,00053,001,11/29/2026 00:00:00,60.000000000,583.03957,False
1036,00134,002,11/29/2026 00:00:00,20.000000000,746.96765,False
1037,00184,0005,11/30/2026 00:00:00,240.000000000,299.34375,False
1038,00220,002,11/22/2026 00:00:00,90.000000000,658.39600,False
1038,00221,001,11/30/2026 00:00:00,40.000000000,594.89542,False
1039,00044,005,11/30/2026 00:00:00,24.000000000,637.57597,False
1040,00040,005,01/03/2027 00:00:00,10.000000000,1254.00000,False
1040,00127,002,03/01/2027 00:00:00,800.000000000,53.01115,False
1041,00131,005,01/03/2027 00:00:00,20.000000000,1092.67679,False
1041,00190,005,01/03/2027 00:00:00,240.000000000,386.87698,False
1042,00047,003,01/04/2027 00:00:00,200.000000000,985.82974,False
1042,00073,002,01/04/2027 00:00:00,1200.000000000,421.58124,False
1042,00137,005,01/04/2027 00:00:00,50.000000000,3835.23025,False
1043,00019,002,01/06/2027 00:00:00,50.000000000,510.66667,False
1044,00014,002,01/06/2027 00:00:00,425.000000000,54.68733,False
1045,00182,003,01/08/2027 00:00:00,1500.000000000,13.79271,False
1046,00019,002,01/06/2027 00:00:00,5.000000000,510.66667,False
1046,00052,001,11/07/2026 00:00:00,1.000000000,6000.00000,False
1046,00052,005,01/08/2027 00:00:00,79.000000000,1286.29812,False
1046,00186,005,01/08/2027 00:00:00,5.000000000,800.00000,False
1047,00022,004,01/08/2027 00:00:00,20.000000000,637.80000,False
1048,00022,004,01/08/2027 00:00:00,5.000000000,637.80000,False
1049,00052,005,01/08/2027 00:00:00,20.000000000,1286.29812,False
1050,00129,002,01/08/2027 00:00:00,20.000000000,918.00000,False
1051,00016,001,01/09/2027 00:00:00,50.000000000,532.56825,False
1051,00019,002,01/06/2027 00:00:00,395.000000000,510.66667,False
1051,00019,005,01/08/2027 00:00:00,5.000000000,556.00000,False
1051,00022,002,01/09/2027 00:00:00,200.000000000,624.50000,False
1052,00157,006,01/10/2027 00:00:00,100.000000000,659.75000,False
1053,00049,0001,11/28/2026 00:00:00,4.000000000,625.68557,False
1053,00049,001,01/10/2027 00:00:00,16.000000000,704.95871,False
1053,00051,001,11/07/2026 00:00:00,20.000000000,1340.57424,False
1054,00016,0002,01/11/2027 00:00:00,25.000000000,538.61350,False
1055,00019,001,01/11/2027 00:00:00,36.000000000,552.22225,False
1056,00053,001,01/11/2027 00:00:00,40.000000000,929.06857,False
1056,00129,003,01/11/2027 00:00:00,28.000000000,1047.45056,False
1056,00130,002,01/11/2027 00:00:00,80.000000000,993.52216,False
1056,00131,006,01/11/2027 00:00:00,20.000000000,1048.71708,False
1056,00138,0001,01/11/2027 00:00:00,20.000000000,1037.56857,False
1056,00145,005,01/11/2027 00:00:00,80.000000000,895.78132,False
1056,00147,001,01/11/2027 00:00:00,30.000000000,1862.96849,False
1056,00186,002,01/11/2027 00:00:00,21.000000000,714.28581,False
1056,00191,001,01/11/2027 00:00:00,10.000000000,930.87425,False
1056,00203,005,01/11/2027 00:00:00,120.000000000,342.87588,False
1056,00213,001,01/11/2027 00:00:00,20.000000000,823.87157,False
1056,00222,001,01/11/2027 00:00:00,12.000000000,682.10190,False
1057,00198,0005,01/12/2027 00:00:00,20.000000000,1149.89297,False
1057,00223,0003,01/12/2027 00:00:00,20.000000000,1626.92832,False
1058,00016,001,01/12/2027 00:00:00,10.000000000,473.40375,False
1060,00019,005,01/12/2027 00:00:00,41.000000000,158.24397,False
1060,00022,002,01/12/2027 00:00:00,40.000000000,673.75000,False
1060,00032,0001,01/12/2027 00:00:00,1.000000000,324.51788,False
1060,00032,002,11/16/2026 00:00:00,59.000000000,751.66059,False
1061,00134,001,01/12/2027 00:00:00,40.000000000,1007.96442,False
1062,00022,008,01/13/2027 00:00:00,30.000000000,488.33325,False
1063,00078,001,01/13/2027 00:00:00,100.000000000,476.90000,False
1064,00150,002,01/13/2027 00:00:00,60.000000000,756.46037,False
1065,00197,0005,01/13/2027 00:00:00,28.000000000,1324.44873,False
1066,00016,001,01/12/2027 00:00:00,10.000000000,473.40375,False
1066,00016,002,01/13/2027 00:00:00,1.000000000,466.58650,False
1067,00016,002,01/13/2027 00:00:00,5.000000000,466.58650,False
1068,00016,002,01/13/2027 00:00:00,5.000000000,466.58650,False
1069,00016,002,01/13/2027 00:00:00,10.000000000,466.58650,False
1070,00046,003,01/14/2027 00:00:00,20.000000000,868.00751,False
1071,00032,0001,01/12/2027 00:00:00,59.000000000,324.51788,False
1071,00032,002,01/14/2027 00:00:00,1.000000000,316.44583,False
1072,00116,0001,01/15/2027 00:00:00,16.000000000,1202.36894,False
1073,00086,001,01/17/2027 00:00:00,240.000000000,360.64865,False
1074,00022,001,01/17/2027 00:00:00,10.000000000,650.60000,False
1075,00182,0002,01/17/2027 00:00:00,1500.000000000,11.74387,False
1076,00022,001,01/17/2027 00:00:00,40.000000000,650.60000,False
1077,00022,001,01/18/2027 00:00:00,170.000000000,619.11765,False
1078,00224,001,01/18/2027 00:00:00,360.000000000,386.70420,False
1079,00019,002,01/18/2027 00:00:00,50.000000000,508.54175,False
1080,00019,002,01/18/2027 00:00:00,22.000000000,508.54175,False
1081,00186,0001,01/19/2027 00:00:00,44.000000000,667.04546,False
1082,00019,001,01/19/2027 00:00:00,25.000000000,518.20000,False
1082,00220,002,01/19/2027 00:00:00,2.000000000,647.50000,False
1083,00019,001,01/20/2027 00:00:00,53.000000000,506.60375,False
1083,00020,002,01/20/2027 00:00:00,1500.000000000,49.05656,False
1083,00181,001,01/20/2027 00:00:00,995.000000000,77.12760,False
1084,00028,001,01/20/2027 00:00:00,60.000000000,1044.95850,False
1085,00020,001,01/20/2027 00:00:00,50.000000000,52.88323,False
1086,00078,003,01/22/2027 00:00:00,100.000000000,475.00000,False
1087,00020,002,01/23/2027 00:00:00,497.000000000,45.99386,False
1087,00182,002,01/23/2027 00:00:00,786.000000000,12.74753,False
1088,00019,001,01/21/2027 00:00:00,40.000000000,513.25000,False
1089,00016,002,01/21/2027 00:00:00,10.000000000,757.01825,False
1090,00186,001,01/22/2027 00:00:00,100.000000000,912.03050,False
1091,00198,001,01/22/2027 00:00:00,20.000000000,1024.42671,False
1092,00218,001,01/23/2027 00:00:00,998.000000000,46.58275,False
1092,00225,001,01/23/2027 00:00:00,40.000000000,663.00550,False
1093,00040,002,01/23/2027 00:00:00,7.000000000,1131.42850,False
1094,00009,003,01/24/2027 00:00:00,186.000000000,13.90882,False
1094,00125,001,01/24/2027 00:00:00,2.000000000,3064.53650,False
1094,00127,002,01/24/2027 00:00:00,200.000000000,92.52968,False
1095,00041,002,01/24/2027 00:00:00,10.000000000,274.82650,False
1095,00045,001,11/02/2026 00:00:00,36.000000000,1350.00000,False
1095,00046,004,01/24/2027 00:00:00,100.000000000,910.04696,False
1095,00050,001,11/07/2026 00:00:00,17.000000000,2200.00000,False
1095,00050,002,11/18/2026 00:00:00,7.000000000,2200.00000,False
1095,00064,002,01/24/2027 00:00:00,36.000000000,243.93941,False
1095,00122,002,01/24/2027 00:00:00,60.000000000,379.45649,False
1095,00151,0001,01/24/2027 00:00:00,60.000000000,350.45894,False
1095,00187,001,01/06/2027 00:00:00,28.000000000,13000.00000,False
1096,00051,001,11/07/2026 00:00:00,1.000000000,1340.57424,False
1096,00051,005,01/24/2027 00:00:00,19.000000000,1061.34476,False
1096,00133,002,01/24/2027 00:00:00,20.000000000,1437.69571,False
1096,00135,001,01/24/2027 00:00:00,20.000000000,1538.23181,False
1096,00144,003,01/24/2027 00:00:00,20.000000000,968.04316,False
1096,00147,008,01/24/2027 00:00:00,15.000000000,2535.13798,False
1096,00186,001,01/24/2027 00:00:00,20.000000000,908.75550,False
1096,00204,003,01/24/2027 00:00:00,59.000000000,140.20880,False
1096,00205,002,01/24/2027 00:00:00,60.000000000,233.93450,False
1096,00206,001,01/24/2027 00:00:00,60.000000000,475.06611,False
1097,00016,002,01/25/2027 00:00:00,20.000000000,560.23485,False
1097,00019,001,01/25/2027 00:00:00,100.000000000,505.85000,False
1098,00016,002,01/25/2027 00:00:00,20.000000000,560.23485,False
1099,00016,002,01/25/2027 00:00:00,15.000000000,560.23485,False
1100,00016,002,01/25/2027 00:00:00,5.000000000,560.23485,False
1101,00208,003,01/25/2027 00:00:00,75.000000000,227.28122,False
1102,00016,005,01/26/2027 00:00:00,10.000000000,685.29310,False
1103,00016,005,01/26/2027 00:00:00,10.000000000,685.29310,False
1104,00016,005,01/26/2027 00:00:00,5.000000000,685.29310,False
1105,00016,005,01/26/2027 00:00:00,15.000000000,685.29310,False
1106,00047,005,01/25/2027 00:00:00,200.000000000,1153.53531,False
1107,00182,002,01/12/2027 00:00:00,1036.000000000,12.81877,False
1108,00048,005,01/27/2027 00:00:00,311.000000000,149.05338,False
1109,00131,001,01/27/2027 00:00:00,20.000000000,960.32755,False
1109,00177,002,01/27/2027 00:00:00,32.000000000,1152.06858,False
1109,00190,001,01/27/2027 00:00:00,60.000000000,360.35818,False
1109,00212,001,01/27/2027 00:00:00,5.000000000,886.31312,False
1109,00226,002,01/27/2027 00:00:00,60.000000000,401.86120,False
1110,00152,002,01/27/2027 00:00:00,94.000000000,234.41257,False
1110,00201,0001,10/15/2026 00:00:00,100.000000000,32.81438,False
1110,00201,001,01/27/2027 00:00:00,7.000000000,30.47258,False
1111,00199,002,01/28/2027 00:00:00,5.000000000,1055.20600,False
1112,00187,001,01/06/2027 00:00:00,4.000000000,13000.00000,False
1112,00187,003,01/27/2027 00:00:00,28.000000000,1051.25745,False
1113,00026,002,01/29/2027 00:00:00,1020.000000000,58.33687,False
1113,00028,002,01/29/2027 00:00:00,40.000000000,1196.65125,False
1114,00040,001,01/28/2027 00:00:00,1.000000000,1110.20600,False
1114,00040,002,01/29/2027 00:00:00,12.000000000,1120.49775,False
1114,00212,002,01/29/2027 00:00:00,7.000000000,1620.52687,False
1114,00215,002,01/29/2027 00:00:00,500.000000000,54.84062,False
1115,00040,002,01/29/2027 00:00:00,1.000000000,1120.49775,False
1116,00116,004,01/29/2027 00:00:00,16.000000000,1050.36105,False
1117,00077,004,01/30/2027 00:00:00,12.000000000,296.12560,False
1118,00086,008,01/30/2027 00:00:00,240.000000000,170.29565,False
1119,00016,002,01/30/2027 00:00:00,21.000000000,530.56924,False
1120,00139,001,01/30/2027 00:00:00,5.000000000,641.00000,False
1121,00077,004,01/30/2027 00:00:00,12.000000000,296.12560,False
1121,00177,002,01/27/2027 00:00:00,8.000000000,1152.06858,False
1122,00040,003,02/01/2027 00:00:00,10.000000000,1016.02950,False
1123,00022,005,02/01/2027 00:00:00,15.000000000,615.00000,False
1124,00131,0002,02/02/2027 00:00:00,20.000000000,957.16190,False
1124,00145,006,02/02/2027 00:00:00,40.000000000,993.78857,False
1125,00050,002,11/18/2026 00:00:00,24.000000000,1523.99089,False
1126,00014,001,02/02/2027 00:00:00,375.000000000,46.68598,False
1127,00016,002,01/30/2027 00:00:00,20.000000000,530.56924,False
1128,00014,001,02/02/2027 00:00:00,125.000000000,46.68598,False
1128,00215,002,01/29/2027 00:00:00,475.000000000,54.84062,False
1129,00077,0001,02/01/2027 00:00:00,48.000000000,275.95477,False
1129,00133,002,02/01/2027 00:00:00,12.000000000,1474.46987,False
1130,00014,002,02/03/2027 00:00:00,850.000000000,40.93407,False
1130,00016,001,02/02/2027 00:00:00,20.000000000,608.20160,False
1130,00019,002,02/03/2027 00:00:00,11.000000000,505.00000,False
1131,00014,003,02/04/2027 00:00:00,250.000000000,37.36179,False
1131,00020,002,02/04/2027 00:00:00,125.000000000,49.64744,False
1131,00215,005,02/04/2027 00:00:00,125.000000000,48.04744,False
1132,00014,003,02/04/2027 00:00:00,375.000000000,37.36179,False
1133,00016,001,02/02/2027 00:00:00,2.000000000,608.20160,False
1133,00016,003,02/04/2027 00:00:00,18.000000000,353.09685,False
1134,00147,001,01/05/2027 00:00:00,30.000000000,1741.69465,False
1135,00019,003,02/07/2027 00:00:00,50.000000000,505.00000,False
1135,00022,002,02/07/2027 00:00:00,50.000000000,615.00000,False
1135,00212,0001,02/07/2027 00:00:00,10.000000000,1521.29387,False
1136,00014,002,02/07/2027 00:00:00,25.000000000,46.27976,False
1136,00016,002,02/07/2027 00:00:00,8.000000000,552.80800,False
1136,00016,003,02/04/2027 00:00:00,2.000000000,353.09685,False
1136,00019,003,02/07/2027 00:00:00,20.000000000,505.00000,False
1136,00022,002,02/07/2027 00:00:00,15.000000000,615.00000,False
1136,00212,0001,02/07/2027 00:00:00,10.000000000,1521.29387,False
1137,00052,0002,02/07/2027 00:00:00,39.000000000,1038.55697,False
1137,00052,005,01/08/2027 00:00:00,1.000000000,1286.29812,False
1137,00170,001,02/07/2027 00:00:00,40.000000000,736.60902,False
1138,00016,001,02/08/2027 00:00:00,48.000000000,462.87825,False
1138,00016,002,02/07/2027 00:00:00,2.000000000,552.80800,False
1138,00040,002,02/08/2027 00:00:00,11.000000000,1057.31825,False
1138,00142,001,06/17/2027 00:00:00,50.000000000,2293.13283,False
1139,00016,003,02/08/2027 00:00:00,10.000000000,640.76700,False
1140,00209,002,02/09/2027 00:00:00,57.000000000,618.33325,False
1141,00016,001,02/08/2027 00:00:00,6.000000000,1068.83633,False
1141,00016,005,02/09/2027 00:00:00,34.000000000,556.75850,False
1142,00016,005,02/09/2027 00:00:00,2.000000000,556.75850,False
1143,00016,005,02/09/2027 00:00:00,4.000000000,556.75850,False
1144,00130,0001,02/10/2027 00:00:00,40.000000000,1030.44537,False
1144,00131,004,02/10/2027 00:00:00,20.000000000,952.58580,False
1144,00132,002,02/10/2027 00:00:00,40.000000000,1343.22807,False
1144,00133,0005,02/10/2027 00:00:00,19.000000000,1429.23770,False
1144,00135,002,02/10/2027 00:00:00,40.000000000,1551.99728,False
1144,00183,001,02/10/2027 00:00:00,32.000000000,855.26942,False
1145,00016,0002,02/10/2027 00:00:00,10.000000000,584.01700,False
1146,00016,0002,02/10/2027 00:00:00,10.000000000,584.01700,False
1147,00014,001,02/12/2027 00:00:00,500.000000000,44.77800,False
1148,00186,001,02/12/2027 00:00:00,120.000000000,915.23475,False
1149,00055,003,02/12/2027 00:00:00,192.000000000,299.62904,False
1150,00019,001,02/14/2027 00:00:00,50.000000000,508.40000,False
1150,00022,002,02/14/2027 00:00:00,40.000000000,617.81475,False
1150,00212,0001,02/14/2027 00:00:00,10.000000000,1442.47062,False
1151,00022,002,02/14/2027 00:00:00,30.000000000,617.81475,False
1153,00032,001,01/06/2027 00:00:00,30.000000000,1020.00000,False
1153,00032,002,01/14/2027 00:00:00,59.000000000,316.44583,False
1153,00032,003,02/14/2027 00:00:00,31.000000000,313.19461,False
1153,00127,0001,02/14/2027 00:00:00,1005.000000000,59.94893,False
1154,00141,002,02/14/2027 00:00:00,810.000000000,72.95762,False
1155,00141,002,02/14/2027 00:00:00,200.000000000,72.95762,False
1156,00103,001,02/15/2027 00:00:00,480.000000000,219.95275,False
1156,00150,001,02/14/2027 00:00:00,40.000000000,1096.67525,False
1157,00053,0005,02/15/2027 00:00:00,139.000000000,809.18934,False
1157,00138,0001,02/15/2027 00:00:00,20.000000000,1098.45752,False
1158,00016,002,02/15/2027 00:00:00,40.000000000,600.59175,False
1158,00019,001,02/15/2027 00:00:00,50.000000000,497.77778,False
1158,00022,002,02/15/2027 00:00:00,30.000000000,618.16675,False
1159,00026,0006,02/16/2027 00:00:00,1054.000000000,20.49059,False
1159,00028,001,02/16/2027 00:00:00,100.000000000,1122.37675,False
1159,00078,0002,02/16/2027 00:00:00,100.000000000,473.67000,False
1160,00016,0005,02/16/2027 00:00:00,20.000000000,543.25000,False
1161,00138,0001,02/15/2027 00:00:00,20.000000000,1098.45752,False
1162,00016,006,02/17/2027 00:00:00,41.000000000,572.62200,False
1163,00014,0001,02/21/2027 00:00:00,900.000000000,82.92649,False
1164,00073,001,02/21/2027 00:00:00,240.000000000,385.95710,False
1165,00086,002,02/21/2027 00:00:00,240.000000000,371.39460,False
1166,00019,001,02/15/2027 00:00:00,4.000000000,497.77778,False
1166,00125,001,02/21/2027 00:00:00,1.000000000,614.23950,False
1167,00228,0001,02/18/2027 00:00:00,7.000000000,578.39186,False
1168,00100,003,02/22/2027 00:00:00,240.000000000,42.19240,False
1168,00229,003,02/22/2027 00:00:00,240.000000000,71.99248,False
1169,00130,002,02/22/2027 00:00:00,40.000000000,982.16674,False
1169,00145,001,02/22/2027 00:00:00,60.000000000,861.88018,False
1169,00202,002,02/22/2027 00:00:00,119.000000000,363.90925,False
1170,00032,001,02/09/2027 00:00:00,95.000000000,1500.00000,False
1170,00032,003,02/14/2027 00:00:00,25.000000000,313.19461,False
1171,00032,003,02/14/2027 00:00:00,60.000000000,313.19461,False
1171,00125,001,02/22/2027 00:00:00,16.000000000,553.60625,False
1171,00212,0002,02/22/2027 00:00:00,20.000000000,671.13462,False
1172,00052,0002,02/07/2027 00:00:00,1.000000000,1038.55697,False
1172,00052,004,02/23/2027 00:00:00,39.000000000,1214.18233,False
1172,00180,001,10/29/2026 00:00:00,40.000000000,1397.19278,False
1172,00230,001,02/23/2027 00:00:00,40.000000000,874.55133,False
1173,00016,0001,02/23/2027 00:00:00,40.000000000,559.71875,False
1174,00040,0001,02/25/2027 00:00:00,52.000000000,1158.84625,False
1175,00024,001,11/02/2026 00:00:00,300.000000000,391.75867,False
1175,00063,005,02/25/2027 00:00:00,300.000000000,30.76567,False
1176,00147,001,03/01/2027 00:00:00,25.000000000,3595.00164,False
1177,00228,001,03/01/2027 00:00:00,15.000000000,3721.37264,False
1178,00014,001,03/01/2027 00:00:00,600.000000000,45.06071,False
1178,00016,001,03/01/2027 00:00:00,67.000000000,521.53850,False
1179,00138,006,03/01/2027 00:00:00,20.000000000,1129.60066,False
1180,00137,0001,02/18/2027 00:00:00,8.000000000,6000.00000,False
1180,00137,0002,03/02/2027 00:00:00,33.000000000,3506.88922,False
1180,00137,001,01/26/2027 00:00:00,9.000000000,6000.00000,False
1181,00052,002,03/02/2027 00:00:00,19.000000000,814.71053,False
1181,00052,004,02/23/2027 00:00:00,1.000000000,1214.18233,False
1181,00119,002,03/02/2027 00:00:00,20.000000000,1087.33883,False
1181,00214,001,03/02/2027 00:00:00,5.000000000,4768.03922,False
1182,00022,001,03/03/2027 00:00:00,100.000000000,624.50000,False
1182,00035,0005,03/03/2027 00:00:00,2.000000000,2517.45875,False
1183,00035,0001,03/04/2027 00:00:00,7.000000000,1460.43575,False
1184,00047,002,03/05/2027 00:00:00,200.000000000,833.48101,False
1184,00073,001,03/05/2027 00:00:00,1392.000000000,340.88433,False
1185,00157,001,03/07/2027 00:00:00,200.000000000,666.75000,False
1185,00160,005,03/07/2027 00:00:00,50.000000000,624.70000,False
1186,00231,001,03/07/2027 00:00:00,110.000000000,506.30775,False
1187,00231,001,03/07/2027 00:00:00,150.000000000,506.30775,False
1188,00218,001,03/08/2027 00:00:00,996.000000000,32.39491,False
1188,00225,001,03/08/2027 00:00:00,40.000000000,711.36675,False
1189,00208,005,03/08/2027 00:00:00,150.000000000,249.91599,False
1191,00016,001,03/09/2027 00:00:00,20.000000000,605.11200,False
1192,00016,001,03/09/2027 00:00:00,47.000000000,605.11200,False
1192,00022,002,03/09/2027 00:00:00,50.000000000,611.16675,False
1192,00231,005,03/09/2027 00:00:00,30.000000000,510.66675,False
1193,00231,002,03/10/2027 00:00:00,40.000000000,509.25000,False
1194,00016,002,03/11/2027 00:00:00,10.000000000,570.75000,False
1195,00016,002,03/11/2027 00:00:00,10.000000000,570.75000,False
1196,00028,0001,03/12/2027 00:00:00,100.000000000,1866.74525,False
1197,00126,001,03/13/2027 00:00:00,2040.000000000,56.61464,False
1198,00232,003,03/15/2027 00:00:00,995.000000000,50.01005,False
1199,00050,002,11/18/2026 00:00:00,24.000000000,1523.99089,False
1199,00052,002,03/02/2027 00:00:00,8.000000000,811.69490,False
1200,00016,001,03/16/2027 00:00:00,100.000000000,560.50000,False
1201,00022,001,03/16/2027 00:00:00,90.000000000,478.80000,False
1201,00022,002,03/09/2027 00:00:00,10.000000000,611.16675,False
1202,00014,005,03/16/2027 00:00:00,100.000000000,43.20711,False
1202,00126,001,03/16/2027 00:00:00,60.000000000,250.00000,False
1203,00231,002,03/16/2027 00:00:00,30.000000000,646.66675,False
1204,00008,002,03/18/2027 00:00:00,100.000000000,25.48821,False
1204,00010,002,03/18/2027 00:00:00,100.000000000,25.11465,False
1204,00013,002,03/18/2027 00:00:00,100.000000000,54.29214,False
1204,00014,002,03/18/2027 00:00:00,20.000000000,49.76951,False
1204,00016,002,03/18/2027 00:00:00,200.000000000,428.00000,False
1204,00020,001,03/18/2027 00:00:00,20.000000000,50.06893,False
1204,00022,001,07/02/2027 00:00:00,550.000000000,601.21102,False
1204,00040,001,03/18/2027 00:00:00,1.000000000,1675.00000,False
1204,00182,001,03/18/2027 00:00:00,70.000000000,37.60179,False
1204,00220,001,03/18/2027 00:00:00,9.000000000,820.58914,False
1204,00231,005,03/18/2027 00:00:00,240.000000000,506.41675,False
1204,00233,001,03/18/2027 00:00:00,100.000000000,22.99566,False
1205,00156,002,03/19/2027 00:00:00,404.000000000,1056.00500,False
1205,00158,001,03/19/2027 00:00:00,35.000000000,474.36925,False
1206,00129,001,03/19/2027 00:00:00,60.000000000,1043.76591,False
1206,00130,003,03/19/2027 00:00:00,72.000000000,478.93662,False
1206,00131,002,03/19/2027 00:00:00,60.000000000,762.27687,False
1206,00147,002,03/19/2027 00:00:00,39.000000000,1932.21248,False
1207,00047,0002,03/20/2027 00:00:00,200.000000000,681.66913,False
1207,00048,001,03/20/2027 00:00:00,312.000000000,242.43784,False
1207,00073,001,03/20/2027 00:00:00,1356.000000000,384.05810,False
1208,00073,002,03/21/2027 00:00:00,444.000000000,393.00860,False
1209,00038,002,03/21/2027 00:00:00,25.000000000,555.00000,False
1210,00086,005,03/21/2027 00:00:00,240.000000000,349.75956,False
1211,00077,002,03/22/2027 00:00:00,120.000000000,267.85566,False
1211,00090,001,02/11/2027 00:00:00,3.000000000,6500.00000,False
1211,00090,002,03/21/2027 00:00:00,17.000000000,770.80623,False
1211,00188,002,03/21/2027 00:00:00,60.000000000,592.19499,False
1212,00032,0001,02/22/2027 00:00:00,56.000000000,308.15228,False
1212,00032,003,02/14/2027 00:00:00,4.000000000,313.19461,False
1212,00046,001,03/22/2027 00:00:00,80.000000000,882.59753,False
1212,00049,001,01/10/2027 00:00:00,8.000000000,5983.62135,False
1212,00052,002,03/02/2027 00:00:00,8.000000000,814.96946,False
1212,00090,002,03/21/2027 00:00:00,8.000000000,770.80623,False
1212,00091,001,03/22/2027 00:00:00,8.000000000,735.77833,False
1212,00234,001,03/22/2027 00:00:00,36.000000000,214.24933,False
1213,00125,001,03/22/2027 00:00:00,5.000000000,575.97500,False
1214,00220,001,03/18/2027 00:00:00,40.000000000,820.58914,False
1215,00087,001,03/24/2027 00:00:00,50.000000000,225.00000,False
1216,00008,002,03/24/2027 00:00:00,300.000000000,20.71584,False
1216,00013,002,03/24/2027 00:00:00,300.000000000,21.04834,False
1216,00022,0002,03/22/2027 00:00:00,40.000000000,610.00000,False
1216,00182,002,03/24/2027 00:00:00,1500.000000000,14.28010,False
1216,00215,001,03/24/2027 00:00:00,225.000000000,50.39560,False
1216,00231,002,03/24/2027 00:00:00,42.000000000,444.28575,False
1217,00235,001,03/24/2027 00:00:00,40.000000000,609.25000,False
1217,00236,001,03/24/2027 00:00:00,18.000000000,486.94450,False
1217,00237,002,03/24/2027 00:00:00,40.000000000,655.00000,False
1218,00182,002,03/24/2027 00:00:00,900.000000000,14.28010,False
1219,00137,0002,03/02/2027 00:00:00,17.000000000,3506.88922,False
1219,00137,001,03/26/2027 00:00:00,33.000000000,3687.40000,False
1220,00219,001,03/26/2027 00:00:00,10.000000000,620.00000,False
1221,00144,001,03/26/2027 00:00:00,16.000000000,777.43833,False
1222,00016,002,03/26/2027 00:00:00,90.000000000,303.66806,False
1223,00008,002,03/24/2027 00:00:00,100.000000000,20.71584,False
1223,00013,002,03/24/2027 00:00:00,100.000000000,21.04834,False
1223,00020,001,03/18/2027 00:00:00,100.000000000,59.21814,False
1223,00182,002,03/24/2027 00:00:00,150.000000000,14.28010,False
1223,00215,001,03/24/2027 00:00:00,25.000000000,50.39560,False
1224,00008,002,03/18/2027 00:00:00,300.000000000,25.48821,False
1224,00010,002,03/18/2027 00:00:00,500.000000000,25.11465,False
1224,00020,001,03/18/2027 00:00:00,50.000000000,50.90068,False
1224,00022,001,03/16/2027 00:00:00,10.000000000,619.15707,False
1224,00201,001,03/22/2027 00:00:00,495.000000000,28.46061,False
1224,00212,001,03/22/2027 00:00:00,15.000000000,968.00962,False
1224,00215,002,03/22/2027 00:00:00,150.000000000,47.47560,False
1225,00038,001,04/04/2027 00:00:00,5.000000000,674.00000,False
1226,00198,0002,04/05/2027 00:00:00,20.000000000,645.19450,False
1227,00053,001,04/05/2027 00:00:00,100.000000000,725.82850,False
1227,00130,002,04/05/2027 00:00:00,100.000000000,684.75203,False
1227,00131,002,04/05/2027 00:00:00,44.000000000,677.45601,False
1227,00136,0001,04/05/2027 00:00:00,48.000000000,690.02375,False
1227,00144,001,04/05/2027 00:00:00,48.000000000,905.71843,False
1228,00038,001,04/06/2027 00:00:00,50.000000000,656.90000,False
1228,00041,002,04/06/2027 00:00:00,50.000000000,615.00000,False
1229,00051,005,01/24/2027 00:00:00,20.000000000,607.38208,False
1229,00072,001,04/06/2027 00:00:00,19.000000000,594.47945,False
1229,00072,002,11/28/2026 00:00:00,1.000000000,702.98742,False
1229,00084,001,11/07/2026 00:00:00,1.000000000,4500.00000,False
1229,00084,002,04/06/2027 00:00:00,19.000000000,607.30819,False
1229,00180,001,10/29/2026 00:00:00,20.000000000,1381.19718,False
1229,00207,001,06/26/2033 00:00:00,16.000000000,898.35445,False
1229,00209,002,04/06/2027 00:00:00,40.000000000,660.00000,False
1229,00238,0001,04/06/2027 00:00:00,20.000000000,651.42145,False
1230,00053,001,04/07/2027 00:00:00,20.000000000,257.72945,False
1231,00016,001,04/08/2027 00:00:00,100.000000000,355.05000,False
1232,00022,0002,03/22/2027 00:00:00,10.000000000,610.00000,False
1232,00022,001,04/08/2027 00:00:00,10.000000000,632.50000,False
1232,00032,0001,02/22/2027 00:00:00,60.000000000,308.15228,False
1233,00022,001,04/08/2027 00:00:00,20.000000000,632.50000,False
1234,00045,004,01/24/2027 00:00:00,36.000000000,346.28475,False
1234,00052,0002,04/08/2027 00:00:00,7.000000000,777.26070,False
1234,00052,002,03/02/2027 00:00:00,1.000000000,814.96946,False
1234,00054,002,11/07/2026 00:00:00,36.000000000,1500.00000,False
1234,00090,0002,04/08/2027 00:00:00,9.000000000,708.12390,False
1234,00090,002,03/21/2027 00:00:00,3.000000000,770.80623,False
1234,00091,001,06/27/2033 00:00:00,12.000000000,704.24890,False
1234,00122,0002,04/08/2027 00:00:00,60.000000000,175.45402,False
1234,00151,001,04/08/2027 00:00:00,36.000000000,325.08249,False
1235,00052,0002,04/08/2027 00:00:00,60.000000000,777.26070,False
1235,00170,001,04/08/2027 00:00:00,40.000000000,848.65025,False
1236,00138,0001,04/09/2027 00:00:00,40.000000000,971.76096,False
1236,00145,001,04/09/2027 00:00:00,160.000000000,855.88645,False
1236,00147,005,04/09/2027 00:00:00,50.000000000,3378.73420,False
1236,00203,001,04/09/2027 00:00:00,239.000000000,337.89672,False
1237,00014,002,04/11/2027 00:00:00,625.000000000,47.49455,False
1237,00016,002,04/11/2027 00:00:00,30.000000000,516.36375,False
1238,00127,001,04/11/2027 00:00:00,998.000000000,91.32766,False
1239,00125,005,04/11/2027 00:00:00,42.000000000,1436.19050,False
1240,00208,001,04/12/2027 00:00:00,277.000000000,205.59860,False
1241,00053,001,04/12/2027 00:00:00,4.000000000,822.72945,False
1242,00121,002,04/12/2027 00:00:00,100.000000000,180.55263,False
1242,00152,0001,04/12/2027 00:00:00,60.000000000,242.50102,False
1243,00053,002,04/13/2027 00:00:00,20.000000000,801.22945,False
1243,00186,001,04/13/2027 00:00:00,31.000000000,799.53104,False
1244,00049,002,04/13/2027 00:00:00,20.000000000,600.95895,False
1245,00138,001,04/13/2027 00:00:00,24.000000000,851.50268,False
1246,00053,002,04/14/2027 00:00:00,166.000000000,677.72239,False
1247,00020,001,04/14/2027 00:00:00,1000.000000000,49.18000,False
1248,00014,001,04/16/2027 00:00:00,400.000000000,47.75500,False
1248,00126,001,04/16/2027 00:00:00,100.000000000,250.00000,False
1249,00014,001,04/16/2027 00:00:00,400.000000000,47.75500,False
1249,00126,001,04/16/2027 00:00:00,100.000000000,250.00000,False
1250,00197,001,04/16/2027 00:00:00,20.000000000,1216.50000,False
1251,00078,001,04/16/2027 00:00:00,100.000000000,478.80000,False
1251,00086,0002,04/16/2027 00:00:00,240.000000000,81.20943,False
1252,00231,002,04/17/2027 00:00:00,100.000000000,508.40000,False
1253,00231,005,04/18/2027 00:00:00,100.000000000,508.40000,False
1254,00157,005,04/18/2027 00:00:00,80.000000000,666.87500,False
1254,00158,001,04/18/2027 00:00:00,40.000000000,526.37500,False
1254,00160,006,04/18/2027 00:00:00,40.000000000,831.75000,False
1255,00242,005,04/19/2027 00:00:00,4.000000000,844.04395,False
1256,00147,001,04/19/2027 00:00:00,12.000000000,2118.30018,False
1257,00050,004,04/19/2027 00:00:00,24.000000000,247.52738,False
1257,00051,004,04/19/2027 00:00:00,12.000000000,880.95830,False
1258,00040,001,04/19/2027 00:00:00,8.000000000,2051.70575,False
1259,00014,001,04/16/2027 00:00:00,200.000000000,47.75500,False
1260,00048,001,04/21/2027 00:00:00,291.000000000,218.60027,False
1261,00022,002,04/21/2027 00:00:00,25.000000000,622.60000,False
1261,00207,003,04/21/2027 00:00:00,16.000000000,856.17185,False
1261,00231,005,04/21/2027 00:00:00,10.000000000,522.00000,False
1262,00243,001,04/21/2027 00:00:00,100.000000000,381.00000,False
1263,00240,001,04/19/2027 00:00:00,40.000000000,678.75000,False
1263,00241,001,04/19/2027 00:00:00,40.000000000,294.37500,False
1264,00239,002,04/16/2027 00:00:00,1000.000000000,56.08500,False
1265,00086,005,04/22/2027 00:00:00,240.000000000,351.69459,False
1266,00147,001,04/22/2027 00:00:00,25.000000000,2272.30018,False
1267,00197,002,04/23/2027 00:00:00,20.000000000,1241.41724,False
1269,00138,0003,04/25/2027 00:00:00,28.000000000,978.79005,False
1269,00212,005,04/25/2027 00:00:00,10.000000000,1024.75577,False
1270,00052,002,04/22/2027 00:00:00,20.000000000,1001.94044,False
1271,00244,001,04/25/2027 00:00:00,1274.000000000,23.27869,False
1272,00047,005,04/26/2027 00:00:00,200.000000000,795.58998,False
1272,00073,002,04/26/2027 00:00:00,1750.000000000,385.12435,False
1272,00150,006,04/26/2027 00:00:00,80.000000000,983.88687,False
1272,00155,001,04/26/2027 00:00:00,1252.000000000,24.39265,False
1273,00233,002,04/27/2027 00:00:00,500.000000000,22.37078,False
1274,00233,002,04/27/2027 00:00:00,300.000000000,22.37078,False
1275,00233,002,04/27/2027 00:00:00,200.000000000,22.37078,False
1276,00233,002,04/27/2027 00:00:00,1000.000000000,22.37078,False
1277,00190,002,04/26/2027 00:00:00,36.000000000,388.67484,False
1278,00095,002,04/27/2027 00:00:00,62.000000000,458.06444,False
1279,00196,002,04/28/2027 00:00:00,25.000000000,3308.58750,False
1279,00245,002,04/28/2027 00:00:00,10.000000000,3962.50000,False
1280,00016,005,04/23/2027 00:00:00,10.000000000,553.25000,False
1280,00231,004,04/23/2027 00:00:00,20.000000000,513.92500,False
1281,00196,001,05/02/2027 00:00:00,30.000000000,1957.26508,False
1282,00016,001,05/04/2027 00:00:00,100.000000000,458.85450,False
1282,00020,004,05/04/2027 00:00:00,750.000000000,52.74676,False
1282,00022,002,05/04/2027 00:00:00,50.000000000,616.90000,False
1282,00215,002,05/04/2027 00:00:00,1000.000000000,59.29852,False
1283,00196,001,05/04/2027 00:00:00,5.000000000,472.87000,False
1283,00196,002,05/04/2027 00:00:00,16.000000000,3374.70400,False
1284,00053,003,05/05/2027 00:00:00,140.000000000,819.18513,False
1284,00130,005,05/05/2027 00:00:00,160.000000000,853.19935,False
1285,00218,002,05/05/2027 00:00:00,984.000000000,29.38081,False
1285,00225,002,05/05/2027 00:00:00,40.000000000,559.69700,False
1286,00016,002,05/05/2027 00:00:00,25.000000000,462.99325,False
1287,00156,005,05/06/2027 00:00:00,386.000000000,882.50562,False
1288,00186,001,05/06/2027 00:00:00,100.000000000,902.17700,False
1289,00051,003,05/06/2027 00:00:00,20.000000000,801.90135,False
1289,00052,0001,05/06/2027 00:00:00,40.000000000,894.08366,False
1289,00180,002,05/06/2027 00:00:00,20.000000000,966.76040,False
1290,00231,002,05/06/2027 00:00:00,25.000000000,511.80000,False
1291,00052,0001,05/06/2027 00:00:00,20.000000000,894.08366,False
1291,00170,004,05/06/2027 00:00:00,20.000000000,789.06568,False
1292,00022,002,05/04/2027 00:00:00,30.000000000,616.90000,False
1293,00040,001,05/07/2027 00:00:00,1.000000000,1240.91050,False
1293,00139,002,05/07/2027 00:00:00,10.000000000,709.95000,False
1294,00186,006,05/07/2027 00:00:00,60.000000000,890.00000,False
1294,00231,001,05/07/2027 00:00:00,40.000000000,509.25000,False
1294,00233,004,05/07/2027 00:00:00,500.000000000,22.09303,False
1295,00156,001,05/09/2027 00:00:00,331.000000000,727.97629,False
1296,00022,001,05/07/2027 00:00:00,30.000000000,646.98325,False
1296,00022,002,05/04/2027 00:00:00,70.000000000,616.90000,False
1297,00147,005,05/09/2027 00:00:00,50.000000000,3009.21058,False
1298,00247,001,05/07/2027 00:00:00,20.000000000,895.13200,False
1299,00247,001,05/07/2027 00:00:00,20.000000000,895.13200,False
1300,00122,005,05/10/2027 00:00:00,120.000000000,404.66574,False
1300,00133,004,05/10/2027 00:00:00,32.000000000,1427.86760,False
1300,00134,002,05/10/2027 00:00:00,20.000000000,1016.11684,False
1300,00138,001,05/10/2027 00:00:00,48.000000000,948.82628,False
1300,00138,005,05/04/2027 00:00:00,12.000000000,780.41586,False
1300,00177,005,05/10/2027 00:00:00,60.000000000,1169.71182,False
1300,00184,001,05/10/2027 00:00:00,60.000000000,337.66119,False
1300,00190,001,05/10/2027 00:00:00,132.000000000,292.54804,False
1300,00206,0002,05/10/2027 00:00:00,60.000000000,556.87032,False
1300,00216,002,05/10/2027 00:00:00,117.000000000,72.17117,False
1301,00032,0004,05/11/2027 00:00:00,60.000000000,325.36240,False
1302,00138,001,05/10/2027 00:00:00,12.000000000,948.82628,False
1303,00246,005,05/07/2027 00:00:00,10.000000000,5116.38375,False
1304,00138,002,03/08/2027 00:00:00,24.000000000,663.23257,False
1305,00054,001,03/23/2027 00:00:00,12.000000000,1420.00000,False
1305,00063,0001,04/30/2027 00:00:00,12.000000000,121.14400,False
1306,00010,0004,05/11/2027 00:00:00,200.000000000,24.78923,False
1306,00032,0004,05/11/2027 00:00:00,34.000000000,325.36240,False
1306,00032,001,03/23/2027 00:00:00,13.000000000,1020.00000,False
1307,00008,001,05/13/2027 00:00:00,1000.000000000,23.72154,False
1307,00010,002,05/13/2027 00:00:00,500.000000000,24.05226,False
1307,00014,002,05/14/2027 00:00:00,500.000000000,45.85788,False
1307,00016,005,05/13/2027 00:00:00,50.000000000,474.83925,False
1307,00020,005,05/13/2027 00:00:00,125.000000000,47.86402,False
1307,00022,001,05/13/2027 00:00:00,100.000000000,546.58225,False
1307,00024,005,05/13/2027 00:00:00,120.000000000,277.02715,False
1307,00040,002,05/13/2027 00:00:00,25.000000000,1209.29925,False
1307,00052,005,05/13/2027 00:00:00,20.000000000,1049.00620,False
1307,00182,001,05/13/2027 00:00:00,750.000000000,26.15730,False
1307,00220,001,05/13/2027 00:00:00,62.000000000,806.95700,False
1307,00231,002,05/13/2027 00:00:00,50.000000000,483.68425,False
1307,00233,002,05/13/2027 00:00:00,500.000000000,23.18739,False
1307,00248,001,05/13/2027 00:00:00,125.000000000,16.01922,False
1308,00052,001,03/23/2027 00:00:00,2.000000000,6000.00000,False
1308,00052,005,05/13/2027 00:00:00,18.000000000,1049.00620,False
1309,00053,002,05/13/2027 00:00:00,84.000000000,943.57470,False
1310,00197,004,05/14/2027 00:00:00,32.000000000,1076.73310,False
1311,00053,005,05/14/2027 00:00:00,52.000000000,913.92551,False
1312,00014,002,05/14/2027 00:00:00,500.000000000,45.85788,False
1312,00014,005,05/13/2027 00:00:00,500.000000000,44.36957,False
1313,00014,002,05/14/2027 00:00:00,500.000000000,45.85788,False
1314,00014,002,05/14/2027 00:00:00,560.000000000,45.85788,False
1315,00048,001,05/14/2027 00:00:00,300.000000000,289.93054,False
1316,00186,001,05/14/2027 00:00:00,1.000000000,1050.00000,False
1317,00026,002,05/16/2027 00:00:00,1033.000000000,39.55100,False
1317,00028,002,05/16/2027 00:00:00,100.000000000,732.04700,False
1317,00078,001,05/16/2027 00:00:00,100.000000000,404.58325,False
1318,00116,006,05/16/2027 00:00:00,12.000000000,1270.24005,False
1318,00213,001,05/16/2027 00:00:00,40.000000000,924.28205,False
1319,00249,001,05/16/2027 00:00:00,16.000000000,919.83841,False
1320,00249,001,05/16/2027 00:00:00,12.000000000,919.83841,False
1321,00014,005,05/17/2027 00:00:00,1020.000000000,45.94995,False
1321,00016,004,05/17/2027 00:00:00,27.000000000,517.47100,False
1321,00215,001,05/17/2027 00:00:00,475.000000000,55.68727,False
1322,00180,006,05/17/2027 00:00:00,40.000000000,1038.15470,False
1322,00230,001,05/17/2027 00:00:00,20.000000000,1163.95960,False
1323,00180,006,05/17/2027 00:00:00,32.000000000,1038.15470,False
1324,00022,001,05/17/2027 00:00:00,20.000000000,553.49925,False
1325,00020,001,05/17/2027 00:00:00,275.000000000,38.53997,False
1326,00009,001,05/18/2027 00:00:00,300.000000000,9.16932,False
1327,00086,002,05/19/2027 00:00:00,240.000000000,348.14052,False
1328,00184,001,05/19/2027 00:00:00,60.000000000,301.93691,False
1329,00129,002,05/19/2027 00:00:00,5.000000000,1094.13130,False
1330,00048,0001,05/19/2027 00:00:00,600.000000000,203.34740,False
1330,00073,005,05/19/2027 00:00:00,960.000000000,371.98145,False
1331,00207,002,05/20/2027 00:00:00,20.000000000,971.60970,False
1332,00053,002,05/23/2027 00:00:00,88.000000000,940.83276,False
1332,00116,005,05/21/2027 00:00:00,60.000000000,1030.03432,False
1332,00131,006,05/21/2027 00:00:00,63.000000000,996.69799,False
1332,00184,002,05/23/2027 00:00:00,60.000000000,352.94079,False
1332,00204,0002,05/23/2027 00:00:00,36.000000000,102.34450,False
1333,00010,001,05/23/2027 00:00:00,200.000000000,24.04858,False
1333,00016,001,05/23/2027 00:00:00,89.000000000,575.49085,False
1333,00182,003,05/23/2027 00:00:00,900.000000000,13.73150,False
1333,00233,002,05/23/2027 00:00:00,400.000000000,22.86524,False
1334,00054,0002,04/30/2027 00:00:00,12.000000000,160.72723,False
1334,00054,001,03/23/2027 00:00:00,31.000000000,1420.00000,False
1334,00054,003,05/23/2027 00:00:00,17.000000000,288.89174,False
1334,00165,001,05/23/2027 00:00:00,1.000000000,36250.00000,False
1335,00138,0001,05/21/2027 00:00:00,40.000000000,1046.92805,False
1336,00250,002,05/21/2027 00:00:00,40.000000000,1453.48165,False
1337,00039,001,05/23/2027 00:00:00,15.000000000,198.49671,False
1338,00051,001,03/23/2027 00:00:00,2.000000000,11000.00000,False
1338,00051,005,05/24/2027 00:00:00,22.000000000,875.31980,False
1338,00230,002,05/24/2027 00:00:00,20.000000000,1198.95960,False
1338,00247,0002,05/24/2027 00:00:00,24.000000000,1075.03430,False
1338,00251,0002,05/24/2027 00:00:00,120.000000000,277.01558,False
1338,00252,0004,05/24/2027 00:00:00,120.000000000,258.56181,False
1339,00251,0002,05/24/2027 00:00:00,60.000000000,277.01558,False
1339,00252,0004,05/24/2027 00:00:00,60.000000000,258.56181,False
1340,00010,003,05/24/2027 00:00:00,1000.000000000,23.68076,False
1341,00039,002,05/24/2027 00:00:00,30.000000000,1360.81079,False
1342,00008,005,05/24/2027 00:00:00,500.000000000,29.60698,False
1342,00014,001,05/24/2027 00:00:00,280.000000000,47.94137,False
1342,00020,002,05/24/2027 00:00:00,500.000000000,47.86402,False
1342,00040,001,05/24/2027 00:00:00,9.000000000,1721.49356,False
1343,00157,003,05/25/2027 00:00:00,100.000000000,601.40050,False
1344,00028,005,05/25/2027 00:00:00,200.000000000,1824.36350,False
1345,00220,0001,05/25/2027 00:00:00,190.000000000,499.21566,False
1346,00122,001,05/25/2027 00:00:00,120.000000000,340.26829,False
1346,00129,001,05/25/2027 00:00:00,42.000000000,1842.26829,False
1346,00130,0004,05/25/2027 00:00:00,36.000000000,1067.91932,False
1346,00131,002,05/25/2027 00:00:00,32.000000000,1190.09345,False
1346,00145,0002,05/25/2027 00:00:00,84.000000000,854.08247,False
1346,00177,0003,05/25/2027 00:00:00,40.000000000,1302.03430,False
1346,00203,001,05/25/2027 00:00:00,120.000000000,341.67062,False
1346,00204,0001,05/25/2027 00:00:00,120.000000000,100.53103,False
1346,00206,0002,05/25/2027 00:00:00,120.000000000,494.99052,False
1346,00253,002,05/25/2027 00:00:00,120.000000000,180.72760,False
1347,00186,002,05/26/2027 00:00:00,72.000000000,874.72225,False
1348,00010,001,05/26/2027 00:00:00,1000.000000000,23.18905,False
1348,00201,003,05/26/2027 00:00:00,500.000000000,26.09867,False
1349,00032,0004,05/11/2027 00:00:00,13.000000000,325.36240,False
1349,00032,001,05/26/2027 00:00:00,71.000000000,308.91179,False
1350,00008,001,05/26/2027 00:00:00,100.000000000,34.30753,False
1350,00010,001,05/26/2027 00:00:00,100.000000000,23.18905,False
1350,00016,001,05/26/2027 00:00:00,1.000000000,549.50125,False
1350,00020,001,05/26/2027 00:00:00,25.000000000,53.94772,False
1350,00182,0002,05/26/2027 00:00:00,150.000000000,14.05444,False
1350,00212,002,05/26/2027 00:00:00,1.000000000,1248.51450,False
1350,00215,0001,05/26/2027 00:00:00,25.000000000,51.22000,False
1350,00233,003,05/26/2027 00:00:00,100.000000000,27.88412,False
1350,00248,001,05/26/2027 00:00:00,25.000000000,33.84006,False
1351,00046,002,05/14/2027 00:00:00,20.000000000,1022.54235,False
1352,00020,001,05/26/2027 00:00:00,25.000000000,53.94772,False
1352,00022,002,05/27/2027 00:00:00,101.000000000,488.10459,False
1352,00032,0005,05/27/2027 00:00:00,23.000000000,318.97340,False
1352,00032,001,05/26/2027 00:00:00,13.000000000,308.91179,False
1352,00215,006,05/27/2027 00:00:00,25.000000000,55.54000,False
1352,00220,005,05/27/2027 00:00:00,50.000000000,693.91375,False
1353,00137,003,05/27/2027 00:00:00,50.000000000,3601.31025,False
1353,00245,002,05/27/2027 00:00:00,16.000000000,2880.16925,False
1354,00135,005,05/27/2027 00:00:00,8.000000000,874.91120,False
1354,00147,001,05/27/2027 00:00:00,50.000000000,2882.73225,False
1354,00213,001,05/27/2027 00:00:00,20.000000000,990.04645,False
1355,00231,002,05/27/2027 00:00:00,50.000000000,545.28625,False
1356,00053,005,05/28/2027 00:00:00,136.000000000,734.19541,False
1356,00184,005,05/28/2027 00:00:00,239.000000000,313.76009,False
1357,00063,001,05/28/2027 00:00:00,24.000000000,264.37467,False
1358,00063,001,05/28/2027 00:00:00,36.000000000,264.37467,False
1359,00016,001,05/30/2027 00:00:00,20.000000000,483.09125,False
1359,00212,003,05/30/2027 00:00:00,10.000000000,1033.06400,False
1360,00138,0002,05/30/2027 00:00:00,12.000000000,1026.39834,False
1360,00198,005,05/30/2027 00:00:00,12.000000000,1105.97485,False
1361,00247,0002,06/01/2027 00:00:00,40.000000000,942.85311,False
1363,00072,001,03/23/2027 00:00:00,20.000000000,2600.00000,False
1363,00247,0002,06/01/2027 00:00:00,12.000000000,942.85311,False
1364,00147,002,06/03/2027 00:00:00,50.000000000,2396.02700,False
1365,00138,005,06/03/2027 00:00:00,20.000000000,968.65548,False
1366,00138,001,06/09/2027 00:00:00,40.000000000,994.12545,False
1367,00211,002,06/01/2027 00:00:00,16.000000000,864.10860,False
1368,00198,0003,06/09/2027 00:00:00,20.000000000,1096.53820,False
1369,00197,006,06/11/2027 00:00:00,20.000000000,1128.92750,False
1370,00207,002,06/11/2027 00:00:00,60.000000000,800.04855,False
1370,00254,005,06/11/2027 00:00:00,60.000000000,1234.24037,False
1371,00254,005,06/11/2027 00:00:00,24.000000000,1234.24037,False
1372,00156,005,06/13/2027 00:00:00,400.000000000,888.03466,False
1373,00231,001,06/13/2027 00:00:00,150.000000000,483.74739,False
1374,00165,001,06/13/2027 00:00:00,2.000000000,36390.00000,False
1375,00218,005,06/14/2027 00:00:00,996.000000000,256.90665,False
1375,00225,005,06/14/2027 00:00:00,40.000000000,5757.49962,False
1376,00208,005,06/15/2027 00:00:00,297.000000000,253.69909,False
1377,00032,0001,06/14/2027 00:00:00,47.000000000,319.40777,False
1377,00032,0005,05/27/2027 00:00:00,13.000000000,318.97340,False
1377,00231,002,06/14/2027 00:00:00,50.000000000,482.94846,False
1378,00038,005,06/14/2027 00:00:00,5.000000000,580.55800,False
1378,00046,0001,06/14/2027 00:00:00,16.000000000,1205.35645,False
1378,00052,0002,06/14/2027 00:00:00,10.000000000,1170.56461,False
1378,00052,005,05/13/2027 00:00:00,2.000000000,1049.00620,False
1378,00064,004,06/14/2027 00:00:00,36.000000000,274.11730,False
1378,00074,001,06/14/2027 00:00:00,10.000000000,575.57750,False
1378,00091,004,06/14/2027 00:00:00,12.000000000,875.19683,False
1378,00121,0001,06/14/2027 00:00:00,100.000000000,151.92813,False
1378,00122,0002,06/14/2027 00:00:00,36.000000000,379.24819,False
1378,00151,004,06/14/2027 00:00:00,60.000000000,372.39121,False
1378,00234,002,06/14/2027 00:00:00,24.000000000,374.03083,False
1379,00129,001,06/15/2027 00:00:00,84.000000000,940.19622,False
1379,00186,001,06/15/2027 00:00:00,120.000000000,889.33325,False
1379,00190,0003,06/15/2027 00:00:00,236.000000000,350.01604,False
1380,00131,0005,06/16/2027 00:00:00,84.000000000,985.82189,False
1380,00133,001,06/16/2027 00:00:00,19.000000000,1509.42762,False
1380,00134,0002,05/25/2027 00:00:00,12.000000000,1150.96673,False
1380,00134,006,06/16/2027 00:00:00,28.000000000,784.34173,False
1380,00135,0003,06/16/2027 00:00:00,38.000000000,1794.04332,False
1380,00145,0002,06/16/2027 00:00:00,88.000000000,1270.83706,False
1380,00205,001,06/16/2027 00:00:00,120.000000000,223.78026,False
1380,00216,001,06/16/2027 00:00:00,120.000000000,358.86696,False
1381,00211,002,06/16/2027 00:00:00,12.000000000,365.70807,False
1382,00053,003,06/17/2027 00:00:00,12.000000000,1107.72470,False
1382,00142,001,06/17/2027 00:00:00,20.000000000,2918.35671,False
1383,00147,001,06/17/2027 00:00:00,50.000000000,2813.61450,False
1383,00177,005,06/17/2027 00:00:00,40.000000000,1028.51435,False
1383,00206,001,06/17/2027 00:00:00,120.000000000,483.21971,False
1383,00210,002,06/17/2027 00:00:00,40.000000000,752.38760,False
1384,00016,005,06/17/2027 00:00:00,40.000000000,547.00125,False
1385,00049,001,03/23/2027 00:00:00,20.000000000,2700.00000,False
1385,00180,0002,06/17/2027 00:00:00,20.000000000,873.01575,False
1386,00142,001,06/17/2027 00:00:00,30.000000000,2918.35671,False
1386,00220,0001,06/18/2027 00:00:00,20.000000000,528.19350,False
1386,00231,001,06/18/2027 00:00:00,50.000000000,479.28971,False
1387,00008,001,06/18/2027 00:00:00,200.000000000,31.77409,False
1387,00032,0001,06/14/2027 00:00:00,13.000000000,319.40777,False
1387,00032,003,06/18/2027 00:00:00,11.000000000,297.55592,False
1387,00212,005,06/18/2027 00:00:00,60.000000000,1891.31850,False
1387,00231,001,06/18/2027 00:00:00,50.000000000,479.28971,False
1388,00138,001,06/18/2027 00:00:00,20.000000000,933.60114,False
1389,00048,0002,06/22/2027 00:00:00,445.000000000,289.04880,False
1389,00154,002,06/22/2027 00:00:00,1000.000000000,23.49797,False
1389,00155,001,06/22/2027 00:00:00,1000.000000000,23.50597,False
1390,00022,001,06/21/2027 00:00:00,300.000000000,474.95086,False
1390,00032,001,06/21/2027 00:00:00,227.000000000,315.70261,False
1390,00032,003,06/18/2027 00:00:00,13.000000000,297.55592,False
1390,00039,002,06/21/2027 00:00:00,506.000000000,239.53237,False
1390,00220,0001,06/21/2027 00:00:00,700.000000000,635.01857,False
1390,00233,0002,06/21/2027 00:00:00,200.000000000,23.14712,False
1391,00220,003,06/22/2027 00:00:00,25.000000000,647.47666,False
1392,00053,0001,06/22/2027 00:00:00,112.000000000,953.66271,False
1392,00226,002,06/21/2027 00:00:00,120.000000000,369.74196,False
1393,00220,003,06/22/2027 00:00:00,10.000000000,647.47666,False
1393,00231,002,06/22/2027 00:00:00,40.000000000,479.89247,False
1394,00255,002,06/24/2027 00:00:00,1143.000000000,23.79205,False
1394,00256,001,06/24/2027 00:00:00,1160.000000000,33.24729,False
1395,00220,005,06/25/2027 00:00:00,30.000000000,682.49839,False
1396,00197,003,06/25/2027 00:00:00,20.000000000,1074.64365,False
1396,00208,0001,06/25/2027 00:00:00,252.000000000,203.40116,False
1397,00180,005,06/28/2027 00:00:00,40.000000000,652.98645,False
1397,00254,003,06/28/2027 00:00:00,40.000000000,1135.91690,False
1398,00127,001,06/28/2027 00:00:00,1000.000000000,76.47880,False
1398,00231,005,06/28/2027 00:00:00,50.000000000,477.66221,False
1399,00019,005,06/27/2027 00:00:00,100.000000000,879.96000,False
1399,00022,001,06/21/2027 00:00:00,201.000000000,474.95086,False
1399,00182,0002,06/27/2027 00:00:00,300.000000000,13.72382,False
1399,00220,001,06/27/2027 00:00:00,550.000000000,701.52290,False
1399,00233,0002,06/21/2027 00:00:00,1000.000000000,23.14712,False
1399,00257,003,06/27/2027 00:00:00,1000.000000000,19.91942,False
1399,00258,001,06/27/2027 00:00:00,1.000000000,2360.54125,False
1400,00186,001,06/28/2027 00:00:00,2.000000000,956.00000,False
1401,00040,001,06/29/2027 00:00:00,16.000000000,1259.31975,False
1402,00022,002,02/14/2027 00:00:00,200.000000000,617.81475,False
1403,00022,001,07/02/2027 00:00:00,100.000000000,536.13285,False
1404,00008,002,07/06/2027 00:00:00,2000.000000000,28.00653,False
1404,00010,003,07/06/2027 00:00:00,2000.000000000,24.10391,False
1404,00013,001,07/06/2027 00:00:00,1000.000000000,36.05195,False
1404,00022,001,07/02/2027 00:00:00,100.000000000,536.13285,False
1404,00233,0002,07/06/2027 00:00:00,1800.000000000,22.03612,False
1404,00233,004,04/11/2027 00:00:00,200.000000000,23.28315,False
1404,00257,0001,07/06/2027 00:00:00,1000.000000000,30.07985,False
1404,00258,001,07/06/2027 00:00:00,20.000000000,2673.65612,False
1404,00259,001,07/06/2027 00:00:00,960.000000000,16.27358,False
1405,00207,002,07/06/2027 00:00:00,40.000000000,823.78645,False
1406,00249,001,07/06/2027 00:00:00,20.000000000,830.52875,False
1407,00013,001,07/06/2027 00:00:00,1000.000000000,36.05195,False
1407,00022,001,07/02/2027 00:00:00,100.000000000,536.13285,False
1407,00201,001,07/06/2027 00:00:00,500.000000000,25.40627,False
1407,00231,002,07/06/2027 00:00:00,110.000000000,478.19504,False
1407,00233,0002,07/06/2027 00:00:00,1000.000000000,22.03612,False
1407,00257,0001,07/06/2027 00:00:00,500.000000000,30.07985,False
1407,00258,001,07/06/2027 00:00:00,10.000000000,2673.65612,False
1407,00259,001,07/06/2027 00:00:00,1920.000000000,16.27358,False
1408,00211,001,07/07/2027 00:00:00,20.000000000,824.71682,False
1408,00231,002,07/06/2027 00:00:00,20.000000000,478.19504,False
1409,00016,001,07/07/2027 00:00:00,20.000000000,564.01150,False
1409,00231,002,07/06/2027 00:00:00,20.000000000,478.19504,False
1410,00259,001,07/06/2027 00:00:00,960.000000000,16.27358,False
1411,00259,001,07/06/2027 00:00:00,960.000000000,16.27358,False
1412,00049,001,03/23/2027 00:00:00,20.000000000,3128.29844,False
1412,00211,001,07/07/2027 00:00:00,24.000000000,824.71682,False
1413,00258,001,07/06/2027 00:00:00,20.000000000,2673.65612,False
1414,00077,001,07/07/2027 00:00:00,120.000000000,243.95195,False
1414,00186,002,07/07/2027 00:00:00,47.000000000,879.40425,False
1415,00257,001,07/08/2027 00:00:00,400.000000000,28.26794,False
1415,00259,004,07/07/2027 00:00:00,960.000000000,16.31410,False
1416,00072,001,03/23/2027 00:00:00,8.000000000,1389.59714,False
1416,00118,001,07/08/2027 00:00:00,2.000000000,2535.64100,False
1417,00197,003,07/09/2027 00:00:00,40.000000000,1266.08082,False
1418,00260,001,07/09/2027 00:00:00,20.000000000,1018.88532,False
1419,00198,0002,07/09/2027 00:00:00,12.000000000,971.27847,False
1420,00084,002,04/06/2027 00:00:00,1.000000000,607.30819,False
1420,00084,003,07/09/2027 00:00:00,19.000000000,756.84711,False
1420,00138,002,07/09/2027 00:00:00,20.000000000,476.10126,False
1420,00188,003,07/09/2027 00:00:00,24.000000000,1141.85347,False
1420,00228,001,07/09/2027 00:00:00,14.000000000,2370.70325,False
1420,00261,005,07/09/2027 00:00:00,24.000000000,1841.19237,False
1421,00197,001,07/11/2027 00:00:00,40.000000000,1247.08082,False
1422,00032,0001,02/22/2027 00:00:00,64.000000000,308.15228,False
1422,00032,001,06/21/2027 00:00:00,56.000000000,360.26783,False
1422,00262,001,07/11/2027 00:00:00,3000.000000000,10.95624,False
1423,00051,005,05/24/2027 00:00:00,20.000000000,827.84344,False
1423,00052,0001,07/11/2027 00:00:00,37.000000000,1073.37573,False
1423,00052,0002,06/14/2027 00:00:00,3.000000000,1039.46331,False
1423,00170,003,07/11/2027 00:00:00,20.000000000,995.27033,False
1424,00047,001,07/11/2027 00:00:00,120.000000000,997.55272,False
1425,00262,001,07/11/2027 00:00:00,1200.000000000,10.95624,False
1426,00013,0002,07/11/2027 00:00:00,100.000000000,64.96345,False
1426,00231,005,07/11/2027 00:00:00,30.000000000,476.99070,False
1426,00233,0002,07/06/2027 00:00:00,200.000000000,22.03612,False
1426,00257,002,07/11/2027 00:00:00,100.000000000,34.48409,False
1426,00258,001,07/06/2027 00:00:00,1.000000000,2673.65612,False
1426,00258,004,07/11/2027 00:00:00,9.000000000,2892.42750,False
1426,00259,004,07/07/2027 00:00:00,240.000000000,16.31410,False
1426,00262,001,07/11/2027 00:00:00,300.000000000,10.95624,False
1426,00263,001,07/11/2027 00:00:00,300.000000000,11.50674,False
1427,00008,004,07/12/2027 00:00:00,1000.000000000,27.46066,False
1427,00010,002,07/12/2027 00:00:00,1300.000000000,23.98873,False
1427,00013,005,07/12/2027 00:00:00,900.000000000,36.04806,False
1427,00020,001,03/18/2027 00:00:00,100.000000000,44.81379,False
1427,00022,001,07/02/2027 00:00:00,30.000000000,536.13285,False
1427,00022,002,07/12/2027 00:00:00,70.000000000,503.37775,False
1427,00032,001,06/21/2027 00:00:00,60.000000000,360.26783,False
1427,00220,004,07/12/2027 00:00:00,90.000000000,645.19432,False
1427,00231,005,07/11/2027 00:00:00,220.000000000,476.99070,False
1427,00258,003,07/12/2027 00:00:00,9.000000000,2908.86050,False
1427,00258,004,07/11/2027 00:00:00,1.000000000,2892.42750,False
1427,00259,004,07/07/2027 00:00:00,720.000000000,16.31410,False
1427,00259,005,07/12/2027 00:00:00,240.000000000,16.63207,False
1428,00020,001,03/18/2027 00:00:00,5.000000000,44.81379,False
1428,00020,002,07/12/2027 00:00:00,245.000000000,44.55027,False
1428,00022,002,07/12/2027 00:00:00,10.000000000,503.37775,False
1428,00264,003,07/12/2027 00:00:00,100.000000000,521.00000,False
1429,00049,001,03/23/2027 00:00:00,3.000000000,3128.29844,False
1429,00049,003,06/17/2027 00:00:00,17.000000000,720.70088,False
1429,00052,0001,07/11/2027 00:00:00,3.000000000,1073.37573,False
1429,00052,001,07/13/2027 00:00:00,17.000000000,1056.98679,False
1429,00072,0001,06/01/2027 00:00:00,15.000000000,969.08280,False
1429,00072,001,03/23/2027 00:00:00,5.000000000,1389.59714,False
1429,00180,001,10/29/2026 00:00:00,20.000000000,1088.93557,False
1430,00247,0001,07/13/2027 00:00:00,40.000000000,970.25747,False
1431,00137,0001,07/04/2026 00:00:00,5.000000000,6000.00000,False
1431,00137,001,03/26/2027 00:00:00,15.000000000,3954.53250,False
1431,00157,005,07/13/2027 00:00:00,200.000000000,522.68149,False
1432,00010,005,07/13/2027 00:00:00,500.000000000,24.65597,False
1432,00016,005,07/13/2027 00:00:00,6.000000000,570.01225,False
1432,00020,002,07/12/2027 00:00:00,100.000000000,44.55027,False
1432,00022,002,07/12/2027 00:00:00,20.000000000,503.37775,False
1432,00032,001,06/21/2027 00:00:00,17.000000000,360.26783,False
1432,00032,002,07/12/2027 00:00:00,60.000000000,322.12953,False
1432,00032,005,07/13/2027 00:00:00,43.000000000,161.52890,False
1432,00046,005,07/13/2027 00:00:00,92.000000000,952.25757,False
1432,00220,002,07/13/2027 00:00:00,20.000000000,694.83264,False
1432,00258,0001,07/13/2027 00:00:00,19.000000000,3385.16475,False
1432,00258,003,07/12/2027 00:00:00,1.000000000,2908.86050,False
1432,00259,001,07/12/2027 00:00:00,720.000000000,15.69252,False
1432,00263,0001,07/13/2027 00:00:00,600.000000000,17.73652,False
1432,00265,0001,07/13/2027 00:00:00,100.000000000,97.20175,False
1433,00231,005,07/11/2027 00:00:00,5.000000000,476.99070,False
1435,00055,002,07/08/2027 00:00:00,12.000000000,454.62335,False
1435,00190,001,07/08/2027 00:00:00,60.000000000,361.52086,False
1435,00202,001,07/08/2027 00:00:00,60.000000000,367.07794,False
1435,00252,003,07/08/2027 00:00:00,12.000000000,113.02242,False
1436,00052,001,07/13/2027 00:00:00,24.000000000,1056.98679,False
1436,00178,002,07/15/2027 00:00:00,200.000000000,154.50671,False
1437,00138,001,07/15/2027 00:00:00,12.000000000,921.34697,False
1437,00246,002,07/15/2027 00:00:00,2.000000000,1512.94775,False
1438,00122,001,07/15/2027 00:00:00,47.000000000,289.43622,False
1438,00202,0001,07/15/2027 00:00:00,60.000000000,345.05794,False
1438,00213,005,07/15/2027 00:00:00,20.000000000,646.21045,False
1439,00231,0001,07/12/2027 00:00:00,220.000000000,479.69696,False
1439,00231,001,07/13/2027 00:00:00,5.000000000,492.06046,False
1439,00231,005,07/11/2027 00:00:00,175.000000000,476.99070,False
1440,00144,0002,07/18/2027 00:00:00,44.000000000,1078.06960,False
1440,00190,0001,07/09/2034 00:00:00,60.000000000,1600.00000,False
1440,00190,001,07/18/2027 00:00:00,120.000000000,361.90882,False
1440,00203,002,07/18/2027 00:00:00,240.000000000,339.41765,False
1440,00204,0002,07/18/2027 00:00:00,120.000000000,338.13059,False
1440,00205,001,07/18/2027 00:00:00,120.000000000,361.50299,False
1440,00206,004,07/18/2027 00:00:00,120.000000000,544.06613,False
1440,00216,002,07/18/2027 00:00:00,144.000000000,366.96582,False
1440,00253,0001,07/18/2027 00:00:00,120.000000000,243.80512,False
1441,00122,004,07/19/2027 00:00:00,120.000000000,548.87125,False
1441,00132,004,07/19/2027 00:00:00,40.000000000,2008.79650,False
1441,00147,001,07/19/2027 00:00:00,70.000000000,2449.95100,False
1441,00184,0003,07/19/2027 00:00:00,180.000000000,343.14686,False
1441,00202,0001,07/19/2027 00:00:00,240.000000000,92.81839,False
1441,00213,001,07/19/2027 00:00:00,40.000000000,876.99020,False
1441,00226,002,07/19/2027 00:00:00,119.000000000,388.27902,False
1442,00049,003,06/17/2027 00:00:00,23.000000000,720.70088,False
1442,00049,005,07/13/2027 00:00:00,1.000000000,775.35397,False
1442,00052,001,07/13/2027 00:00:00,3.000000000,1056.98679,False
1442,00052,006,07/19/2027 00:00:00,21.000000000,1066.30514,False
1442,00178,005,07/19/2027 00:00:00,100.000000000,160.92299,False
1442,00230,005,07/19/2027 00:00:00,20.000000000,1066.94755,False
1443,00026,002,07/20/2027 00:00:00,1010.000000000,71.60952,False
1443,00078,001,07/20/2027 00:00:00,100.000000000,353.06325,False
1443,00086,004,07/20/2027 00:00:00,502.000000000,382.20786,False
1444,00016,002,07/21/2027 00:00:00,70.000000000,557.30150,False
1444,00231,005,07/21/2027 00:00:00,30.000000000,481.39346,False
1444,00258,001,07/21/2027 00:00:00,8.000000000,2553.61275,False
1444,00262,001,07/21/2027 00:00:00,1500.000000000,12.23931,False
1444,00263,001,07/21/2027 00:00:00,1500.000000000,14.13489,False
1444,00265,001,07/21/2027 00:00:00,100.000000000,48.85530,False
1445,00016,005,07/22/2027 00:00:00,15.000000000,328.01225,False
1445,00220,005,07/22/2027 00:00:00,200.000000000,669.87439,False
1445,00233,002,07/22/2027 00:00:00,500.000000000,22.50740,False
1445,00262,001,07/21/2027 00:00:00,300.000000000,12.23931,False
1446,00182,002,07/22/2027 00:00:00,1050.000000000,14.52471,False
1446,00190,001,07/18/2027 00:00:00,60.000000000,361.90882,False
1446,00190,004,07/22/2027 00:00:00,60.000000000,364.96103,False
1446,00215,005,07/22/2027 00:00:00,450.000000000,46.69981,False
1446,00220,005,07/22/2027 00:00:00,100.000000000,669.87439,False
1446,00231,004,07/22/2027 00:00:00,50.000000000,482.46021,False
1446,00233,002,07/22/2027 00:00:00,1000.000000000,22.50740,False
1446,00248,002,07/22/2027 00:00:00,1000.000000000,40.18453,False
1446,00265,001,07/21/2027 00:00:00,200.000000000,48.85530,False
1447,00047,002,07/25/2027 00:00:00,200.000000000,993.33605,False
1447,00073,0001,07/25/2027 00:00:00,1198.000000000,395.95790,False
1447,00137,001,03/26/2027 00:00:00,25.000000000,3954.53250,False
1447,00137,002,07/25/2027 00:00:00,25.000000000,2083.02300,False
1448,00125,001,07/25/2027 00:00:00,10.000000000,420.01750,False
1449,00231,0001,07/26/2027 00:00:00,70.000000000,478.34596,False
1450,00072,0001,06/01/2027 00:00:00,5.000000000,969.08280,False
1450,00072,0002,07/13/2027 00:00:00,15.000000000,724.65962,False
1451,00022,002,07/12/2027 00:00:00,5.000000000,503.37775,False
1452,00020,002,07/12/2027 00:00:00,5.000000000,44.55027,False
1452,00020,005,07/28/2027 00:00:00,495.000000000,44.19071,False
1452,00022,002,07/12/2027 00:00:00,5.000000000,503.37775,False
1452,00022,005,07/26/2027 00:00:00,41.000000000,500.51742,False
1452,00182,0001,07/28/2027 00:00:00,1500.000000000,75.00000,False
1452,00220,0001,07/28/2027 00:00:00,50.000000000,1500.00000,False
1452,00233,0001,07/28/2027 00:00:00,500.000000000,110.00000,False
1452,00262,005,07/28/2027 00:00:00,1500.000000000,12.17316,False
1453,00223,0001,07/09/2027 00:00:00,12.000000000,1502.49482,False
1454,00054,0001,10/29/2027 00:00:00,48.000000000,852.00000,False
1454,00063,0001,10/29/2027 00:00:00,24.000000000,450.00000,False
1454,00122,0001,12/05/2027 00:00:00,36.000000000,2000.00000,False
1455,00158,0002,08/01/2027 00:00:00,50.000000000,399.51225,False
1456,00051,0003,10/28/2027 00:00:00,20.000000000,1302.51890,False
1456,00180,0001,10/28/2027 00:00:00,20.000000000,2085.58440,False
1456,00266,0001,10/29/2027 00:00:00,20.000000000,879.28539,False
1457,00266,0001,10/29/2027 00:00:00,16.000000000,879.28539,False
1458,00197,0001,10/29/2027 00:00:00,8.000000000,1311.84911,False
1458,00208,0001,10/29/2027 00:00:00,238.000000000,337.42187,False
1459,00259,0001,08/01/2027 00:00:00,960.000000000,19.40924,False
1459,00262,0002,10/29/2027 00:00:00,600.000000000,18.11819,False
1460,00156,0001,11/02/2027 00:00:00,151.000000000,486.87156,False
1461,00264,0001,11/02/2027 00:00:00,189.000000000,440.47619,False
1462,00016,0005,08/01/2027 00:00:00,35.000000000,337.51225,False
1462,00016,009,11/02/2027 00:00:00,5.000000000,585.38500,False
1463,00016,009,11/02/2027 00:00:00,30.000000000,585.38500,False
1464,00049,0008,11/02/2027 00:00:00,12.000000000,1168.38396,False
1465,00032,0005,11/02/2027 00:00:00,120.000000000,355.91245,False
1466,00032,0005,11/02/2027 00:00:00,120.000000000,355.91245,False
1467,00122,0004,11/02/2027 00:00:00,240.000000000,674.40128,False
1467,00129,0004,11/02/2027 00:00:00,76.000000000,1296.77135,False
1467,00130,0004,11/02/2027 00:00:00,72.000000000,1419.63517,False
1467,00131,0004,11/02/2027 00:00:00,32.000000000,1598.43138,False
1467,00144,0004,11/02/2027 00:00:00,32.000000000,1089.82670,False
1467,00145,0004,11/02/2027 00:00:00,80.000000000,1897.04395,False
1467,00147,0004,11/02/2027 00:00:00,50.000000000,4571.70364,False
1467,00190,0004,11/02/2027 00:00:00,120.000000000,482.25757,False
1467,00202,0004,11/02/2027 00:00:00,119.000000000,439.03931,False
1467,00203,0004,11/02/2027 00:00:00,240.000000000,537.12688,False
1467,00204,0004,11/02/2027 00:00:00,120.000000000,379.13110,False
1467,00205,0004,11/02/2027 00:00:00,180.000000000,526.71377,False
1467,00206,0004,11/02/2027 00:00:00,119.000000000,754.60750,False
1467,00213,0004,11/02/2027 00:00:00,40.000000000,1239.18915,False
1467,00216,0004,11/02/2027 00:00:00,96.000000000,418.22772,False
1467,00253,0004,11/02/2027 00:00:00,120.000000000,295.14668,False
1468,00197,0001,10/29/2027 00:00:00,20.000000000,1311.84911,False
1469,00246,0001,11/02/2027 00:00:00,5.000000000,3051.48500,False
1470,00177,0001,11/02/2027 00:00:00,4.000000000,1093.42820,False
1470,00191,0001,11/02/2027 00:00:00,5.000000000,1143.01798,False
1470,00267,0001,11/02/2027 00:00:00,84.000000000,122.64286,False
1470,00268,0001,11/02/2027 00:00:00,120.000000000,354.59123,False
1471,00245,0001,11/02/2025 00:00:00,21.000000000,1836.43436,False
1472,00180,0001,11/05/2028 00:00:00,44.000000000,2800.00000,False
1473,00267,0001,11/02/2027 00:00:00,4.000000000,122.64286,False
1474,00199,0002,11/02/2027 00:00:00,76.000000000,340.98364,False
1475,00049,0005,11/02/2027 00:00:00,12.000000000,1111.91773,False
1475,00247,0001,11/02/2027 00:00:00,8.000000000,1414.26445,False
1476,00084,0001,11/02/2027 00:00:00,8.000000000,2401.61336,False
1476,00198,0001,11/02/2027 00:00:00,12.000000000,1103.86768,False
1476,00223,0001,11/02/2027 00:00:00,4.000000000,1800.50890,False
1476,00269,0001,11/02/2027 00:00:00,12.000000000,1175.70783,False
1476,00270,0001,11/02/2027 00:00:00,4.000000000,975.84510,False
1476,00271,0001,11/02/2027 00:00:00,20.000000000,974.29525,False
1476,00272,0001,11/02/2027 00:00:00,12.000000000,997.32047,False
1477,00019,0002,11/07/2026 00:00:00,15.000000000,1000.00000,False
1478,00040,0003,11/07/2027 00:00:00,20.000000000,1860.43218,False
1478,00212,0004,11/07/2027 00:00:00,101.000000000,1484.38422,False
1478,00220,0001,08/01/2027 00:00:00,100.000000000,166.37347,False
1478,00231,0001,08/01/2027 00:00:00,20.000000000,476.06021,False
1478,00258,0004,11/07/2027 00:00:00,20.000000000,536.43650,False
1479,00258,0004,11/07/2027 00:00:00,20.000000000,536.43650,False
1480,00144,0003,11/09/2027 00:00:00,100.000000000,824.28030,False
1480,00145,0004,11/09/2027 00:00:00,20.000000000,1414.65780,False
1481,00040,0005,11/09/2027 00:00:00,34.000000000,1629.78350,False
1482,00156,0004,11/09/2027 00:00:00,643.000000000,836.69434,False
1483,00013,0001,08/01/2027 00:00:00,464.000000000,44.68679,False
1483,00258,0004,11/09/2027 00:00:00,20.000000000,513.93650,False
1483,00259,0001,08/01/2027 00:00:00,240.000000000,19.40924,False
1483,00259,0003,11/09/2027 00:00:00,720.000000000,17.97816,False
1484,00212,0005,11/09/2027 00:00:00,20.000000000,1450.92050,False
1485,00010,0003,08/01/2027 00:00:00,1000.000000000,26.30899,False
1485,00013,0001,08/01/2027 00:00:00,636.000000000,44.68679,False
1485,00013,0004,11/09/2027 00:00:00,364.000000000,29.26180,False
1485,00020,0001,10/27/2027 00:00:00,495.000000000,140.00000,False
1485,00020,005,07/28/2027 00:00:00,5.000000000,44.19071,False
1485,00032,0005,11/09/2027 00:00:00,120.000000000,308.16307,False
1485,00038,0004,11/09/2027 00:00:00,20.000000000,807.50000,False
1485,00182,0001,07/28/2027 00:00:00,1200.000000000,47.24414,False
1485,00215,0001,11/09/2027 00:00:00,250.000000000,58.32000,False
1485,00231,0001,08/01/2027 00:00:00,30.000000000,476.06021,False
1485,00231,0004,11/07/2027 00:00:00,20.000000000,498.86021,False
1485,00231,0009,11/09/2027 00:00:00,38.000000000,610.02363,False
1486,00016,009,11/02/2027 00:00:00,30.000000000,585.38500,False
1487,00040,0005,11/09/2027 00:00:00,11.000000000,1629.78350,False
1488,00040,0005,11/09/2027 00:00:00,5.000000000,1629.78350,False
1489,00022,0012,11/12/2027 00:00:00,90.000000000,647.56250,False
1489,00022,005,07/26/2027 00:00:00,10.000000000,500.51742,False
1490,00040,0008,11/12/2027 00:00:00,15.000000000,729.59349,False
1491,00016,009,11/02/2027 00:00:00,5.000000000,585.38500,False
1491,00016,012,11/09/2027 00:00:00,15.000000000,902.55425,False
1492,00010,0003,08/01/2027 00:00:00,300.000000000,26.30899,False
1492,00010,0005,11/02/2027 00:00:00,200.000000000,35.02685,False
1492,00019,0004,11/12/2027 00:00:00,30.000000000,594.66658,False
1492,00032,0006,11/12/2027 00:00:00,84.000000000,329.35652,False
1492,00046,0005,11/12/2027 00:00:00,8.000000000,1257.46080,False
1492,00052,0005,11/12/2027 00:00:00,4.000000000,1767.79923,False
1492,00212,0009,11/12/2027 00:00:00,20.000000000,1292.30875,False
1492,00265,0005,11/12/2027 00:00:00,100.000000000,39.70585,False
1493,00125,0004,11/12/2027 00:00:00,10.000000000,737.64625,False
1494,00053,0003,11/09/2027 00:00:00,200.000000000,753.52945,False
1495,00050,0001,11/02/2027 00:00:00,12.000000000,244.40670,False
1496,00010,0006,11/12/2027 00:00:00,300.000000000,28.06979,False
1496,00013,0002,11/09/2027 00:00:00,1000.000000000,32.37487,False
1496,00013,0004,11/09/2027 00:00:00,100.000000000,29.26180,False
1496,00016,0015,11/12/2027 00:00:00,20.000000000,558.01225,False
1496,00016,012,11/09/2027 00:00:00,15.000000000,902.55425,False
1496,00020,0001,10/27/2027 00:00:00,205.000000000,140.00000,False
1496,00020,0009,11/09/2027 00:00:00,495.000000000,48.19728,False
1496,00076,0001,08/01/2027 00:00:00,75.000000000,843.44442,False
1496,00182,0001,07/28/2027 00:00:00,750.000000000,47.24414,False
1496,00182,0003,11/09/2027 00:00:00,900.000000000,27.65261,False
1496,00201,0001,08/01/2027 00:00:00,300.000000000,34.57484,False
1496,00209,0001,08/01/2027 00:00:00,75.000000000,285.16549,False
1496,00220,0001,08/01/2027 00:00:00,702.000000000,356.34876,False
1496,00231,0009,11/09/2027 00:00:00,50.000000000,610.02363,False
1496,00233,0001,08/01/2027 00:00:00,1500.000000000,23.59662,False
1496,00248,0001,10/27/2027 00:00:00,1500.000000000,84.00000,False
1496,00259,0003,11/09/2027 00:00:00,240.000000000,17.97816,False
1497,00016,0013,11/17/2027 00:00:00,50.000000000,422.29650,False
1497,00020,0009,11/09/2027 00:00:00,5.000000000,48.19728,False
1497,00020,0011,11/17/2027 00:00:00,295.000000000,51.97086,False
1497,00142,0008,11/17/2027 00:00:00,39.000000000,1554.81229,False
1497,00182,0003,11/09/2027 00:00:00,300.000000000,27.65261,False
1497,00182,0005,11/17/2027 00:00:00,450.000000000,32.52040,False
1497,00263,0008,11/17/2027 00:00:00,750.000000000,12.77870,False
1498,00016,0013,11/17/2027 00:00:00,20.000000000,422.29650,False
1499,00032,0012,11/17/2027 00:00:00,96.000000000,311.45473,False
1499,00049,0012,11/17/2027 00:00:00,20.000000000,963.74450,False
1500,00016,0013,11/17/2027 00:00:00,40.000000000,422.29650,False
1500,00022,0011,11/17/2027 00:00:00,10.000000000,643.34300,False
1500,00022,0012,11/12/2027 00:00:00,10.000000000,647.56250,False
1500,00182,0005,11/17/2027 00:00:00,1500.000000000,32.52040,False
1500,00220,0004,11/17/2027 00:00:00,15.000000000,373.33325,False
1500,00258,0008,11/17/2027 00:00:00,20.000000000,361.34175,False
1500,00262,0001,11/02/2027 00:00:00,150.000000000,19.48695,False
1500,00262,0011,11/17/2027 00:00:00,450.000000000,13.93516,False
1501,00050,0007,11/17/2027 00:00:00,60.000000000,397.27808,False
1501,00151,0004,11/17/2027 00:00:00,60.000000000,293.71144,False
1501,00152,0005,11/17/2027 00:00:00,97.000000000,165.33735,False
1502,00086,0004,11/17/2027 00:00:00,240.000000000,416.05307,False
1503,00049,0012,11/17/2027 00:00:00,20.000000000,963.74450,False
1503,00051,0003,11/09/2027 00:00:00,20.000000000,1279.80720,False
1503,00179,0001,11/17/2027 00:00:00,20.000000000,1733.75030,False
1503,00252,0001,11/17/2027 00:00:00,120.000000000,251.82663,False
1503,00266,0001,11/17/2027 00:00:00,20.000000000,1148.95545,False
1504,00267,0001,11/17/2027 00:00:00,68.000000000,756.62236,False
1505,00047,0006,11/17/2027 00:00:00,200.000000000,1571.36009,False
1505,00048,0003,11/17/2027 00:00:00,150.000000000,324.19528,False
1505,00150,0004,11/17/2027 00:00:00,104.000000000,1277.47195,False
1506,00125,0004,11/17/2027 00:00:00,20.000000000,717.64625,False
1507,00125,0004,11/17/2027 00:00:00,5.000000000,717.64625,False
1508,00156,0004,11/17/2027 00:00:00,21.000000000,2345.23810,False
1509,00016,0008,11/17/2027 00:00:00,1.000000000,395.01225,False
1509,00022,0011,11/17/2027 00:00:00,1.000000000,643.34300,False
1509,00231,0005,11/17/2027 00:00:00,5.000000000,580.00000,False
1510,00208,0003,11/19/2027 00:00:00,168.000000000,288.52210,False
1511,00026,0006,11/27/2027 00:00:00,1000.000000000,43.45683,False
1511,00028,0006,11/27/2027 00:00:00,100.000000000,1086.42075,False
1511,00078,0006,11/27/2027 00:00:00,189.000000000,498.16800,False
1512,00273,0001,11/27/2027 00:00:00,40.000000000,1830.50000,False
1512,00274,0001,11/27/2027 00:00:00,20.000000000,965.26944,False
1512,00275,0001,11/27/2027 00:00:00,60.000000000,322.55966,False
1512,00276,0001,11/27/2027 00:00:00,20.000000000,1028.31344,False
1512,00277,0001,11/27/2027 00:00:00,60.000000000,247.66846,False
1512,00278,0001,11/27/2027 00:00:00,20.000000000,1348.65458,False
1512,00279,0001,11/27/2027 00:00:00,84.000000000,399.36872,False
1512,00280,0001,11/27/2027 00:00:00,20.000000000,1612.08979,False
1512,00281,0001,11/27/2027 00:00:00,20.000000000,1044.37911,False
1512,00282,0001,11/27/2027 00:00:00,120.000000000,402.48621,False
1513,00218,0001,12/01/2027 00:00:00,1008.000000000,67.38540,False
1513,00225,0001,12/01/2027 00:00:00,40.000000000,870.20754,False
1514,00016,0012,12/01/2027 00:00:00,13.000000000,458.14025,False
1514,00231,0008,12/01/2027 00:00:00,15.000000000,613.33325,False
1515,00150,0003,12/01/2027 00:00:00,40.000000000,3000.00000,False
1516,00125,0004,12/01/2028 00:00:00,99.000000000,657.10626,False
1516,00231,0009,12/01/2028 00:00:00,100.000000000,590.39305,False
1517,00133,0001,12/01/2028 00:00:00,12.000000000,1769.27099,False
1518,00131,0003,12/01/2028 00:00:00,95.000000000,909.87121,False
1518,00135,0003,12/01/2028 00:00:00,112.000000000,1129.60416,False
1518,00136,0001,12/01/2028 00:00:00,20.000000000,884.10324,False
1519,00010,0006,11/12/2027 00:00:00,1000.000000000,24.23064,False
1519,00032,0006,12/01/2027 00:00:00,168.000000000,303.90781,False
1520,00010,0006,11/12/2027 00:00:00,500.000000000,24.23064,False
1520,00032,0006,12/01/2027 00:00:00,70.000000000,303.90781,False
1520,00182,0001,12/01/2028 00:00:00,600.000000000,19.98803,False
1520,00182,0005,11/17/2027 00:00:00,150.000000000,32.52040,False
1520,00215,0001,12/01/2028 00:00:00,125.000000000,55.04260,False
1520,00231,0009,12/01/2028 00:00:00,10.000000000,590.39305,False
1520,00233,0003,12/01/2027 00:00:00,400.000000000,22.97935,False
1520,00263,0001,12/01/2028 00:00:00,450.000000000,12.68570,False
1521,00049,0006,12/01/2027 00:00:00,12.000000000,810.57840,False
1521,00049,0011,12/01/2027 00:00:00,32.000000000,714.00589,False
1521,00072,0005,12/01/2028 00:00:00,20.000000000,261.34190,False
1522,00182,0001,12/01/2028 00:00:00,748.000000000,19.98803,False
1522,00262,0005,12/01/2028 00:00:00,564.000000000,14.72989,False
1522,00262,0011,11/17/2027 00:00:00,150.000000000,13.93516,False
1523,00156,0004,12/01/2027 00:00:00,1448.000000000,594.47523,False
1524,00019,0008,12/01/2027 00:00:00,30.000000000,609.33325,False
1525,00201,0001,12/01/2027 00:00:00,200.000000000,23.35400,False
1526,00154,0003,12/01/2027 00:00:00,2100.000000000,25.17891,False
1526,00155,0002,12/01/2027 00:00:00,2188.000000000,17.70447,False
1527,00233,0003,12/01/2027 00:00:00,2000.000000000,22.97935,False
1527,00263,0001,12/01/2028 00:00:00,750.000000000,12.68570,False
1528,00016,0012,12/01/2027 00:00:00,40.000000000,458.14025,False
1528,00019,0007,12/01/2027 00:00:00,803.000000000,579.15327,False
1528,00032,0006,12/01/2027 00:00:00,50.000000000,303.90781,False
1528,00032,0011,12/01/2027 00:00:00,454.000000000,299.86052,False
1528,00049,0009,12/01/2028 00:00:00,32.000000000,776.20509,False
1528,00049,0011,12/01/2027 00:00:00,48.000000000,714.00589,False
1528,00231,0009,12/01/2028 00:00:00,119.000000000,590.39305,False
1529,00116,0001,12/01/2027 00:00:00,12.000000000,743.93110,False
1529,00198,0001,12/01/2027 00:00:00,12.000000000,1021.25839,False
1529,00246,0001,12/01/2027 00:00:00,5.000000000,1872.73500,False
1530,00052,0009,12/01/2027 00:00:00,40.000000000,1147.31786,False
1530,00072,0003,12/01/2028 00:00:00,20.000000000,306.31304,False
1530,00180,0004,12/01/2027 00:00:00,40.000000000,473.04050,False
1531,00137,0011,12/01/2027 00:00:00,40.000000000,3861.45950,False
1531,00245,0003,12/01/2027 00:00:00,51.000000000,2237.01212,False
1532,00010,0006,11/12/2027 00:00:00,200.000000000,24.23064,False
1532,00010,0009,12/01/2028 00:00:00,300.000000000,24.07905,False
1532,00020,0011,11/17/2027 00:00:00,5.000000000,51.97086,False
1532,00020,0012,12/01/2027 00:00:00,495.000000000,44.12562,False
1532,00032,0009,12/01/2028 00:00:00,58.000000000,304.49178,False
1532,00032,0011,12/01/2027 00:00:00,50.000000000,299.86052,False
1533,00052,0009,12/01/2027 00:00:00,8.000000000,1147.31786,False
1533,00091,0001,12/01/2027 00:00:00,12.000000000,1182.50479,False
1533,00187,0001,12/01/2027 00:00:00,12.000000000,1427.49197,False
1534,00010,0009,12/01/2028 00:00:00,500.000000000,24.07905,False
1534,00020,0012,12/01/2027 00:00:00,125.000000000,44.12562,False
1534,00032,0009,12/01/2028 00:00:00,72.000000000,304.49178,False
1535,00010,0009,12/01/2028 00:00:00,300.000000000,24.07905,False
1535,00032,0009,12/01/2028 00:00:00,60.000000000,304.49178,False
1535,00049,0009,12/01/2028 00:00:00,12.000000000,776.20509,False
1536,00008,0004,12/01/2027 00:00:00,1000.000000000,25.04945,False
1536,00020,0012,12/01/2027 00:00:00,250.000000000,44.12562,False
1537,00038,0008,12/01/2027 00:00:00,15.000000000,777.64717,False
1538,00016,0011,12/01/2027 00:00:00,94.000000000,480.36901,False
1539,00223,0002,12/01/2027 00:00:00,20.000000000,1339.17484,False
1540,00008,0004,12/01/2027 00:00:00,500.000000000,25.04945,False
1540,00010,0009,12/01/2028 00:00:00,200.000000000,24.07905,False
1540,00020,0012,12/01/2027 00:00:00,100.000000000,44.12562,False
1540,00022,0008,11/17/2027 00:00:00,1.000000000,621.25000,False
1540,00022,0011,11/17/2027 00:00:00,9.000000000,643.34300,False
1540,00032,0009,12/01/2028 00:00:00,48.000000000,304.49178,False
1540,00233,0004,12/01/2028 00:00:00,400.000000000,16.43034,False
1541,00016,0012,12/09/2027 00:00:00,49.000000000,579.53470,False
1542,00022,0012,12/01/2027 00:00:00,15.000000000,674.93736,False
1542,00142,0004,12/09/2027 00:00:00,40.000000000,1687.28934,False
1542,00215,0002,12/09/2027 00:00:00,125.000000000,48.20264,False
1542,00215,0005,12/09/2027 00:00:00,375.000000000,50.54746,False
1542,00248,0004,12/09/2027 00:00:00,500.000000000,42.38976,False
1543,00265,0006,12/09/2027 00:00:00,400.000000000,50.40446,False
1544,00022,0012,12/01/2027 00:00:00,5.000000000,674.93736,False
1544,00265,0006,12/09/2027 00:00:00,600.000000000,50.40446,False
1545,00248,0009,12/09/2027 00:00:00,300.000000000,44.90698,False
1545,00258,0006,12/09/2027 00:00:00,9.000000000,581.45674,False
1546,00258,0006,12/09/2027 00:00:00,4.000000000,581.45674,False
1546,00265,0006,12/09/2027 00:00:00,200.000000000,50.40446,False
1547,00144,0006,12/09/2027 00:00:00,20.000000000,729.88674,False
1547,00267,0003,12/09/2027 00:00:00,24.000000000,718.68316,False
1548,00160,0004,12/09/2027 00:00:00,50.000000000,858.52600,False
1548,00283,0001,12/09/2027 00:00:00,588.000000000,941.95905,False
1549,00187,0003,12/09/2027 00:00:00,20.000000000,1041.65314,False
1550,00022,0012,12/01/2027 00:00:00,60.000000000,674.93736,False
1550,00215,0005,12/09/2027 00:00:00,125.000000000,50.54746,False
1550,00231,0009,12/09/2027 00:00:00,40.000000000,536.71050,False
1550,00258,0006,12/09/2027 00:00:00,67.000000000,581.45674,False
1550,00263,0006,12/09/2027 00:00:00,750.000000000,14.76534,False
1551,00208,0003,12/09/2027 00:00:00,360.000000000,282.14317,False
1552,00019,0005,12/10/2027 00:00:00,100.000000000,590.53399,False
1553,00147,0001,11/02/2027 00:00:00,10.000000000,3993.57250,False
1553,00147,0009,12/10/2027 00:00:00,30.000000000,3399.55728,False
1554,00278,0001,12/10/2027 00:00:00,40.000000000,1265.46724,False
1554,00280,0001,12/10/2027 00:00:00,52.000000000,1343.55608,False
1554,00281,0001,12/10/2027 00:00:00,20.000000000,620.55519,False
1555,00019,0005,12/10/2027 00:00:00,151.000000000,590.53399,False
1555,00022,0012,12/01/2027 00:00:00,68.000000000,674.93736,False
1555,00212,0008,12/10/2027 00:00:00,31.000000000,1252.82894,False
1555,00220,0004,12/10/2027 00:00:00,150.000000000,523.35300,False
1556,00182,0004,12/10/2027 00:00:00,600.000000000,42.55265,False
1556,00212,0008,12/10/2027 00:00:00,5.000000000,1252.82894,False
1556,00215,0003,12/10/2027 00:00:00,100.000000000,50.20330,False
1556,00220,0004,12/10/2027 00:00:00,15.000000000,523.35300,False
1556,00231,0009,12/09/2027 00:00:00,10.000000000,536.71050,False
1556,00248,0009,12/09/2027 00:00:00,125.000000000,44.90698,False
1556,00258,0006,12/09/2027 00:00:00,20.000000000,581.45674,False
1556,00265,0006,12/09/2027 00:00:00,100.000000000,50.40446,False
1557,00022,0012,12/01/2027 00:00:00,30.000000000,674.93736,False
1557,00220,0004,12/10/2027 00:00:00,80.000000000,523.35300,False
1558,00019,0004,12/10/2027 00:00:00,50.000000000,600.00000,False
1558,00038,0007,12/10/2027 00:00:00,46.000000000,696.08704,False
1558,00231,0009,12/09/2027 00:00:00,50.000000000,536.71050,False
1559,00016,0012,12/09/2027 00:00:00,40.000000000,579.53470,False
1559,00040,0004,12/10/2027 00:00:00,10.000000000,2504.80109,False
1559,00258,0006,12/09/2027 00:00:00,20.000000000,581.45674,False
1560,00267,0001,12/10/2027 00:00:00,8.000000000,587.50000,False
1561,00022,0012,12/01/2027 00:00:00,100.000000000,674.93736,False
1561,00024,0004,12/10/2027 00:00:00,120.000000000,269.55521,False
1561,00076,0002,12/10/2027 00:00:00,125.000000000,970.61675,False
1561,00252,0001,12/10/2027 00:00:00,120.000000000,293.73430,False
1561,00284,0001,12/10/2027 00:00:00,362.000000000,522.41998,False
1562,00016,0012,12/09/2027 00:00:00,88.000000000,579.53470,False
1562,00039,0004,12/10/2027 00:00:00,150.000000000,224.98521,False
1563,00010,0008,12/10/2027 00:00:00,200.000000000,20.64252,False
1563,00032,0008,12/10/2027 00:00:00,12.000000000,308.89820,False
1563,00039,0004,12/10/2027 00:00:00,30.000000000,224.98521,False
1563,00248,0005,12/10/2027 00:00:00,250.000000000,41.02717,False
1563,00284,0001,12/10/2027 00:00:00,200.000000000,522.41998,False
1564,00039,0004,12/10/2027 00:00:00,30.000000000,224.98521,False
1565,00039,0004,12/10/2027 00:00:00,45.000000000,224.98521,False
1566,00077,0003,12/16/2027 00:00:00,300.000000000,353.79656,False
1566,00192,0002,12/17/2027 00:00:00,72.000000000,893.63958,False
1566,00194,0002,12/16/2027 00:00:00,24.000000000,950.10192,False
1566,00195,0002,12/16/2027 00:00:00,50.000000000,799.40000,False
1566,00228,0002,12/16/2027 00:00:00,25.000000000,2712.99575,False
1567,00276,0001,12/16/2027 00:00:00,40.000000000,1160.39044,False
1567,00285,0001,12/16/2027 00:00:00,120.000000000,216.42287,False
1568,00225,0002,12/16/2027 00:00:00,80.000000000,682.39866,False
1569,00147,0009,12/10/2027 00:00:00,6.000000000,3399.55728,False
1570,00055,0004,12/17/2027 00:00:00,60.000000000,270.92684,False
1571,00008,0004,12/17/2027 00:00:00,1000.000000000,24.52557,False
1571,00010,0004,12/17/2027 00:00:00,1500.000000000,23.69628,False
1571,00212,0006,12/17/2027 00:00:00,20.000000000,1166.54261,False
1571,00233,0006,12/17/2027 00:00:00,2500.000000000,22.38958,False
1571,00248,0004,12/17/2027 00:00:00,250.000000000,42.30453,False
1571,00265,0007,12/17/2027 00:00:00,300.000000000,50.85485,False
1572,00022,0012,12/01/2027 00:00:00,10.000000000,674.93736,False
1572,00022,0013,12/17/2027 00:00:00,390.000000000,540.13625,False
1572,00199,0004,12/17/2027 00:00:00,17.000000000,3282.68940,False
1572,00212,0006,12/17/2027 00:00:00,50.000000000,1166.54261,False
1572,00220,0004,12/17/2027 00:00:00,803.000000000,621.11890,False
1573,00064,0003,12/17/2027 00:00:00,60.000000000,278.85618,False
1573,00072,0003,12/17/2027 00:00:00,12.000000000,780.01127,False
1574,00051,0007,11/17/2027 00:00:00,20.000000000,1278.15175,False
1575,00052,008,12/17/2027 00:00:00,44.000000000,564.52620,False
1575,00266,0003,12/17/2027 00:00:00,20.000000000,267.46755,False
1576,00116,0003,12/17/2027 00:00:00,20.000000000,1218.63050,False
1576,00223,0001,12/17/2027 00:00:00,8.000000000,1204.19270,False
1577,00055,0003,12/17/2027 00:00:00,60.000000000,267.62684,False
1577,00091,0003,12/17/2027 00:00:00,24.000000000,882.78092,False
1578,00267,0001,12/17/2027 00:00:00,36.000000000,702.22224,False
1579,00016,0014,12/17/2027 00:00:00,25.000000000,583.58888,False
1580,00213,0011,12/17/2027 00:00:00,100.000000000,672.83915,False
1581,00016,0014,12/17/2027 00:00:00,134.000000000,583.58888,False
1581,00032,0008,12/10/2027 00:00:00,120.000000000,308.89820,False
1581,00049,0008,12/17/2027 00:00:00,20.000000000,683.78415,False
1582,00286,0001,12/18/2027 00:00:00,48.000000000,11343.33035,False
1583,00032,0008,12/18/2027 00:00:00,60.000000000,310.76713,False
1583,00039,0008,12/18/2027 00:00:00,45.000000000,148.79412,False
1583,00040,0008,12/18/2027 00:00:00,4.000000000,672.35300,False
1583,00127,0004,12/18/2027 00:00:00,1000.000000000,57.26600,False
1584,00220,0006,12/18/2027 00:00:00,20.000000000,617.90000,False
1584,00231,0012,12/18/2027 00:00:00,10.000000000,505.00000,False
1585,00010,0005,01/04/2027 00:00:00,300.000000000,22.65996,False
1585,00032,0006,12/25/2027 00:00:00,24.000000000,314.76713,False
1585,00182,0004,01/04/2027 00:00:00,300.000000000,22.23709,False
1585,00233,0006,01/04/2027 00:00:00,500.000000000,22.21024,False
1586,00223,0001,12/25/2027 00:00:00,20.000000000,1037.53760,False
1587,00090,0004,01/05/2027 00:00:00,12.000000000,1606.06028,False
1587,00287,0001,12/25/2027 00:00:00,20.000000000,741.68090,False
1588,00028,0006,12/25/2027 00:00:00,88.000000000,1112.11800,False
1589,00016,0015,01/05/2027 00:00:00,120.000000000,585.36808,False
1589,00039,0008,01/04/2027 00:00:00,16.000000000,178.87609,False
1590,00016,0015,01/05/2027 00:00:00,20.000000000,585.36808,False
1590,00248,0012,01/03/2027 00:00:00,500.000000000,43.77590,False
1590,00264,0003,01/03/2027 00:00:00,204.000000000,452.65996,False
1591,00210,0005,01/03/2027 00:00:00,48.000000000,597.51167,False
1592,00157,0008,01/03/2027 00:00:00,100.000000000,502.01349,False
1593,00008,0005,01/04/2027 00:00:00,1000.000000000,22.86848,False
1593,00010,0005,01/04/2027 00:00:00,200.000000000,22.65996,False
1593,00010,0006,12/25/2027 00:00:00,300.000000000,25.82993,False
1593,00016,0014,12/25/2027 00:00:00,196.000000000,722.42015,False
1593,00016,0015,01/05/2027 00:00:00,4.000000000,585.36808,False
1593,00022,0014,01/03/2027 00:00:00,291.000000000,550.81539,False
1593,00039,0008,01/04/2027 00:00:00,510.000000000,178.87609,False
1593,00182,0001,12/01/2028 00:00:00,300.000000000,16.16484,False
1593,00182,0004,01/04/2027 00:00:00,600.000000000,22.23709,False
1593,00212,0004,01/04/2027 00:00:00,100.000000000,1337.33300,False
1593,00231,0012,01/03/2027 00:00:00,201.000000000,518.67826,False
1593,00233,0004,12/25/2027 00:00:00,500.000000000,22.21024,False
1593,00233,0006,01/04/2027 00:00:00,500.000000000,22.21024,False
1593,00248,0012,01/03/2027 00:00:00,500.000000000,43.77590,False
1593,00265,0006,01/04/2027 00:00:00,800.000000000,49.46063,False
1594,00039,0001,12/25/2027 00:00:00,16.000000000,160.35662,False
1594,00039,0008,01/04/2027 00:00:00,89.000000000,178.87609,False
1595,00124,0001,12/08/2027 00:00:00,40.000000000,5000.00000,False
1596,00231,0012,01/03/2027 00:00:00,100.000000000,518.67826,False
1597,00147,0011,01/05/2027 00:00:00,73.000000000,3901.85036,False
1598,00047,0011,01/05/2027 00:00:00,200.000000000,1588.65618,False
1599,00231,0012,01/03/2027 00:00:00,100.000000000,518.67826,False
1600,00022,0014,01/03/2027 00:00:00,100.000000000,550.81539,False
1601,00129,0006,01/05/2027 00:00:00,92.000000000,599.66434,False
1601,00145,0006,01/05/2027 00:00:00,100.000000000,1281.63371,False
1601,00216,0006,01/05/2027 00:00:00,180.000000000,394.82648,False
1602,00016,0014,12/25/2027 00:00:00,100.000000000,722.42015,False
1602,00022,0014,01/03/2027 00:00:00,100.000000000,550.81539,False
1602,00212,0006,01/05/2027 00:00:00,100.000000000,1334.55550,False
1602,00231,0012,01/03/2027 00:00:00,34.000000000,518.67826,False
1602,00231,008,01/05/2027 00:00:00,66.000000000,526.00000,False
1602,00248,0012,01/03/2027 00:00:00,1000.000000000,43.77590,False
1602,00258,0003,01/05/2027 00:00:00,70.000000000,987.09946,False
1602,00265,0003,01/05/2027 00:00:00,200.000000000,51.55186,False
1603,00125,0004,01/05/2027 00:00:00,20.000000000,691.10950,False
1604,00274,0001,01/05/2027 00:00:00,52.000000000,1734.06195,False
1604,00278,0001,01/05/2027 00:00:00,40.000000000,1068.96219,False
1605,00016,0014,12/25/2027 00:00:00,30.000000000,722.42015,False
1605,00231,008,01/05/2027 00:00:00,30.000000000,526.00000,False
1606,00116,0002,01/05/2027 00:00:00,20.000000000,1000.13964,False
1606,00130,0004,01/05/2027 00:00:00,68.000000000,1081.61597,False
1606,00131,0008,01/05/2027 00:00:00,68.000000000,850.39204,False
1606,00133,0002,01/05/2027 00:00:00,28.000000000,1799.92210,False
1606,00144,0004,01/05/2027 00:00:00,64.000000000,851.20182,False
1606,00202,0004,01/05/2027 00:00:00,120.000000000,371.92583,False
1606,00253,0004,01/05/2027 00:00:00,120.000000000,319.88753,False
1607,00266,0003,01/05/2027 00:00:00,24.000000000,910.81183,False
1608,00213,0006,01/05/2027 00:00:00,60.000000000,1184.52181,False
1609,00049,0009,01/05/2027 00:00:00,20.000000000,686.86404,False
1609,00052,0008,01/05/2027 00:00:00,40.000000000,1022.12589,False
1609,00072,0006,01/05/2027 00:00:00,20.000000000,482.14339,False
1609,00180,0001,01/05/2027 00:00:00,20.000000000,1094.50226,False
1609,00211,0001,01/05/2027 00:00:00,20.000000000,844.72594,False
1609,00223,0001,12/25/2027 00:00:00,20.000000000,1037.53760,False
1609,00266,0003,01/05/2027 00:00:00,20.000000000,910.81183,False
1610,00124,0001,12/08/2027 00:00:00,40.000000000,5000.00000,False
1611,00016,0014,12/25/2027 00:00:00,14.000000000,722.42015,False
1611,00022,0014,01/03/2027 00:00:00,10.000000000,550.81539,False
1611,00231,008,01/05/2027 00:00:00,4.000000000,526.00000,False
1612,00053,0001,01/05/2027 00:00:00,20.000000000,12800.00000,False
1612,00209,0004,01/05/2027 00:00:00,50.000000000,647.48500,False
1613,00211,0001,01/05/2027 00:00:00,44.000000000,844.72594,False
1614,00022,0014,01/03/2027 00:00:00,10.000000000,550.81539,False
1615,00041,0003,01/05/2027 00:00:00,20.000000000,936.16500,False
1615,00046,0003,01/05/2027 00:00:00,8.000000000,1063.37644,False
1615,00052,0008,01/05/2027 00:00:00,8.000000000,1022.12589,False
1615,00084,0001,01/05/2027 00:00:00,8.000000000,756.83939,False
1615,00091,0001,01/05/2027 00:00:00,8.000000000,857.24984,False
1615,00119,0001,01/05/2027 00:00:00,8.000000000,1247.33394,False
1616,00288,0001,01/05/2027 00:00:00,100.000000000,1432.54161,False
1617,00073,0008,01/05/2027 00:00:00,660.000000000,463.83399,False
1617,00158,0004,01/05/2027 00:00:00,100.000000000,607.19400,False
1618,00197,0001,01/05/2027 00:00:00,20.000000000,1102.55584,False
1619,00285,0001,01/05/2027 00:00:00,225.000000000,212.99796,False
1620,00049,0008,01/05/2027 00:00:00,24.000000000,771.60798,False
1620,00052,0008,01/05/2027 00:00:00,8.000000000,1022.12589,False
1620,00090,0003,12/25/2027 00:00:00,12.000000000,1022.57795,False
1620,00091,0001,01/05/2027 00:00:00,12.000000000,857.24984,False
1620,00187,0002,01/05/2027 00:00:00,20.000000000,1403.74245,False
1621,00265,0003,01/05/2027 00:00:00,500.000000000,51.55186,False
1622,00213,0006,01/05/2027 00:00:00,40.000000000,1184.52181,False
1623,00016,0014,01/17/2027 00:00:00,30.000000000,534.59365,False
1623,00141,0005,01/17/2027 00:00:00,991.000000000,58.75584,False
1623,00142,0005,01/17/2027 00:00:00,16.000000000,1473.46106,False
1623,00258,0008,01/20/2027 00:00:00,40.000000000,590.90950,False
1624,00053,0003,01/17/2027 00:00:00,88.000000000,764.26953,False
1624,00124,0001,12/08/2027 00:00:00,44.000000000,5000.00000,False
1624,00129,0003,01/17/2027 00:00:00,31.000000000,2571.91612,False
1624,00132,0003,01/17/2027 00:00:00,40.000000000,1834.39455,False
1624,00184,0003,01/17/2027 00:00:00,240.000000000,311.47295,False
1624,00210,0003,01/17/2027 00:00:00,64.000000000,1039.72870,False
1625,00053,0003,01/17/2027 00:00:00,80.000000000,764.26953,False
1626,00084,0003,01/18/2027 00:00:00,40.000000000,899.90585,False
1627,00238,0003,01/18/2027 00:00:00,44.000000000,794.48766,False
1628,00258,0008,01/20/2027 00:00:00,10.000000000,590.90950,False
1628,00265,0006,01/18/2027 00:00:00,300.000000000,52.16953,False
1629,00038,0007,01/18/2027 00:00:00,20.000000000,663.14275,False
1630,00289,0001,01/18/2027 00:00:00,20.000000000,3024.73675,False
1631,00124,0001,12/08/2027 00:00:00,32.000000000,5000.00000,False
1632,00124,0001,12/08/2027 00:00:00,8.000000000,5000.00000,False
1633,00016,0014,01/17/2027 00:00:00,100.000000000,534.59365,False
1634,00292,0001,01/19/2027 00:00:00,100.000000000,756.02805,False
1635,00039,0005,01/19/2027 00:00:00,103.000000000,221.77646,False
1636,00016,0014,01/17/2027 00:00:00,25.000000000,534.59365,False
1636,00020,0012,12/01/2027 00:00:00,100.000000000,61.30303,False
1636,00215,0004,01/18/2027 00:00:00,500.000000000,49.72952,False
1636,00233,0004,01/19/2027 00:00:00,500.000000000,19.71758,False
1636,00258,0009,01/21/2027 00:00:00,25.000000000,1573.51825,False
1636,00265,0006,01/18/2027 00:00:00,500.000000000,52.16953,False
1637,00008,0002,01/19/2027 00:00:00,300.000000000,22.11170,False
1637,00013,0003,01/19/2027 00:00:00,400.000000000,30.39168,False
1637,00022,0012,01/19/2027 00:00:00,40.000000000,609.04750,False
1637,00032,0004,01/20/2027 00:00:00,180.000000000,299.58217,False
1637,00182,0001,12/01/2028 00:00:00,132.000000000,16.16484,False
1637,00215,0004,01/18/2027 00:00:00,250.000000000,49.72952,False
1637,00233,0004,01/19/2027 00:00:00,400.000000000,19.71758,False
1637,00263,0006,01/19/2027 00:00:00,300.000000000,13.34564,False
1637,00265,0006,01/18/2027 00:00:00,500.000000000,52.16953,False
1638,00016,0014,01/17/2027 00:00:00,80.000000000,534.59365,False
1638,00215,0004,01/18/2027 00:00:00,500.000000000,49.72952,False
1638,00231,0004,01/20/2027 00:00:00,10.000000000,483.85000,False
1638,00231,0009,01/18/2027 00:00:00,50.000000000,525.14275,False
1638,00258,0006,12/09/2027 00:00:00,45.000000000,507.91258,False
1638,00258,0009,01/21/2027 00:00:00,5.000000000,1573.51825,False
1639,00019,0004,01/20/2027 00:00:00,5.000000000,780.00000,False
1639,00077,0001,01/20/2027 00:00:00,252.000000000,284.34298,False
1639,00197,0003,01/20/2027 00:00:00,20.000000000,1021.74425,False
1640,00032,0004,01/20/2027 00:00:00,60.000000000,299.58217,False
1640,00049,0004,01/20/2027 00:00:00,8.000000000,745.51595,False
1640,00142,0005,01/17/2027 00:00:00,100.000000000,1473.46106,False
1641,00049,0004,01/20/2027 00:00:00,12.000000000,745.51595,False
1641,00051,0003,01/20/2027 00:00:00,12.000000000,1072.31013,False
1642,00032,0004,01/20/2027 00:00:00,60.000000000,299.58217,False
1642,00049,0004,01/20/2027 00:00:00,20.000000000,745.51595,False
1643,00124,0001,12/08/2027 00:00:00,88.000000000,5000.00000,False
1644,00218,0003,01/20/2027 00:00:00,1404.000000000,48.75368,False
1645,00049,0005,01/21/2027 00:00:00,8.000000000,709.06595,False
1646,00156,0003,01/21/2027 00:00:00,1270.000000000,701.41731,False
1647,00049,0005,01/21/2027 00:00:00,24.000000000,709.06595,False
1647,00266,0004,01/21/2027 00:00:00,24.000000000,834.92703,False
1648,00049,0005,01/21/2027 00:00:00,44.000000000,709.06595,False
1649,00049,0005,01/21/2027 00:00:00,4.000000000,709.06595,False
1649,00090,0003,01/21/2027 00:00:00,24.000000000,932.27433,False
1649,00138,0003,01/21/2027 00:00:00,32.000000000,896.27100,False
1649,00188,0003,01/21/2027 00:00:00,24.000000000,971.81117,False
1649,00194,0003,01/21/2027 00:00:00,40.000000000,899.74590,False
1649,00228,0003,01/21/2027 00:00:00,50.000000000,2401.18425,False
1649,00287,0001,01/21/2027 00:00:00,12.000000000,730.78877,False
1649,00291,0001,01/21/2027 00:00:00,24.000000000,1028.35543,False
1649,00294,0001,01/21/2027 00:00:00,20.000000000,789.08375,False
1649,00295,0001,01/21/2027 00:00:00,40.000000000,1097.91305,False
1650,00032,0005,01/21/2027 00:00:00,240.000000000,304.38986,False
1650,00051,0003,01/20/2027 00:00:00,12.000000000,1072.31013,False
1650,00052,0003,01/20/2027 00:00:00,12.000000000,1263.87540,False
1650,00091,0004,01/21/2027 00:00:00,16.000000000,884.25845,False
1650,00187,0003,01/21/2027 00:00:00,20.000000000,1432.20430,False
1651,00040,0004,01/21/2027 00:00:00,16.000000000,967.09468,False
1652,00013,0003,01/19/2027 00:00:00,400.000000000,30.39168,False
1652,00019,0005,01/21/2027 00:00:00,50.000000000,730.00000,False
1652,00022,0014,01/21/2027 00:00:00,20.000000000,627.80950,False
1652,00032,0005,01/21/2027 00:00:00,120.000000000,304.38986,False
1652,00201,0004,01/21/2027 00:00:00,468.000000000,27.54772,False
1652,00212,0004,01/21/2027 00:00:00,25.000000000,1186.20125,False
1652,00257,0001,01/21/2027 00:00:00,300.000000000,26.03673,False
1652,00258,0006,12/09/2027 00:00:00,30.000000000,507.91258,False
1652,00265,0009,01/21/2027 00:00:00,125.000000000,55.06873,False
1653,00268,0002,12/17/2027 00:00:00,119.000000000,46.16211,False
1654,00019,0001,02/18/2027 00:00:00,434.000000000,588.55066,False
1654,00019,0004,02/05/2027 00:00:00,118.000000000,641.10168,False
1655,00028,0001,02/18/2027 00:00:00,112.000000000,1673.30200,False
1655,00078,0001,02/18/2027 00:00:00,110.000000000,456.93875,False
1655,00086,0003,02/13/2027 00:00:00,240.000000000,374.75100,False
1656,00095,0003,02/02/2027 00:00:00,50.000000000,2735.09750,False
1656,00159,0003,02/02/2027 00:00:00,500.000000000,55.04159,False
1656,00161,0003,02/02/2027 00:00:00,500.000000000,57.40044,False
1657,00297,0001,02/02/2027 00:00:00,120.000000000,310.93384,False
1658,00274,0003,02/02/2027 00:00:00,40.000000000,1735.89270,False
1658,00276,0002,02/02/2027 00:00:00,20.000000000,962.27515,False
1658,00278,0003,02/02/2027 00:00:00,40.000000000,916.55785,False
1658,00281,0002,02/02/2027 00:00:00,20.000000000,970.63455,False
1659,00264,0001,02/05/2027 00:00:00,50.000000000,738.35520,False
1659,00296,0001,02/03/2027 00:00:00,52.000000000,685.00000,False
1660,00019,0001,02/18/2027 00:00:00,118.000000000,588.55066,False
1660,00220,0001,02/11/2027 00:00:00,150.000000000,448.27601,False
1660,00220,0003,01/18/2027 00:00:00,50.000000000,536.96750,False
1660,00264,0001,02/05/2027 00:00:00,101.000000000,738.35520,False
1661,00215,0004,01/18/2027 00:00:00,19.000000000,49.72952,False
1661,00220,0001,02/11/2027 00:00:00,48.000000000,448.27601,False
1661,00257,0001,02/11/2027 00:00:00,500.000000000,24.68695,False
1661,00263,0001,02/11/2027 00:00:00,865.000000000,14.31606,False
1662,00231,0004,01/20/2027 00:00:00,50.000000000,489.89286,False
1662,00258,0003,02/11/2027 00:00:00,40.000000000,1618.68050,False
1662,00265,0003,02/11/2027 00:00:00,875.000000000,51.58151,False
1663,00231,0001,02/11/2027 00:00:00,6.000000000,537.69225,False
1663,00231,0004,01/20/2027 00:00:00,20.000000000,489.89286,False
1663,00231,0009,02/11/2027 00:00:00,14.000000000,513.84200,False
1664,00022,0014,02/11/2027 00:00:00,5.000000000,566.49648,False
1664,00038,004,02/11/2027 00:00:00,5.000000000,545.83325,False
1665,00246,0001,02/11/2027 00:00:00,5.000000000,2143.40875,False
1666,00248,0009,01/18/2027 00:00:00,250.000000000,41.88501,False
1667,00049,0006,02/11/2027 00:00:00,40.000000000,752.46775,False
1667,00051,0001,02/11/2027 00:00:00,40.000000000,1070.91746,False
1668,00138,0001,02/11/2027 00:00:00,36.000000000,872.62273,False
1668,00188,0001,02/11/2027 00:00:00,36.000000000,1121.20272,False
1668,00194,0001,02/11/2027 00:00:00,20.000000000,879.81285,False
1668,00287,0001,02/11/2027 00:00:00,36.000000000,722.60120,False
1668,00294,0001,02/11/2027 00:00:00,36.000000000,810.33344,False
1668,00295,0001,02/11/2027 00:00:00,16.000000000,972.18675,False
1668,00298,0001,02/11/2027 00:00:00,20.000000000,737.05345,False
1669,00299,0001,02/11/2027 00:00:00,3.000000000,1733.62999,False
1670,00264,0001,02/05/2027 00:00:00,1.000000000,738.35520,False
1671,00077,0001,02/11/2027 00:00:00,240.000000000,244.85733,False
1673,00147,0004,02/11/2027 00:00:00,50.000000000,3810.45444,False
1674,00137,0004,02/11/2027 00:00:00,50.000000000,3936.28550,False
1675,00072,0001,02/11/2027 00:00:00,20.000000000,734.08180,False
1675,00180,0001,02/11/2027 00:00:00,44.000000000,1024.57717,False
1675,00266,0001,02/11/2027 00:00:00,16.000000000,785.87980,False
1676,00291,0001,02/11/2027 00:00:00,32.000000000,866.55120,False
1676,00294,0001,02/11/2027 00:00:00,32.000000000,810.33344,False
1677,00022,0014,02/11/2027 00:00:00,100.000000000,566.49648,False
1678,00159,0001,02/11/2027 00:00:00,1544.000000000,55.54998,False
1679,00008,0001,02/11/2027 00:00:00,400.000000000,23.60630,False
1679,00032,0001,02/11/2027 00:00:00,120.000000000,297.59355,False
1679,00182,0001,12/01/2028 00:00:00,1500.000000000,15.26256,False
1679,00215,0001,02/11/2027 00:00:00,19.000000000,68.10214,False
1679,00215,0004,01/18/2027 00:00:00,481.000000000,49.72952,False
1679,00220,0001,02/11/2027 00:00:00,70.000000000,448.27601,False
1679,00248,0009,01/18/2027 00:00:00,500.000000000,41.88501,False
1679,00265,0001,02/11/2027 00:00:00,500.000000000,52.43869,False
1680,00274,0001,02/11/2027 00:00:00,40.000000000,2137.40170,False
1681,00208,0001,02/11/2027 00:00:00,132.000000000,253.23698,False
1682,00022,0014,02/11/2027 00:00:00,2.000000000,566.49648,False
1682,00231,0009,02/11/2027 00:00:00,6.000000000,513.84200,False
1683,00022,0014,02/11/2027 00:00:00,100.000000000,566.49648,False
1684,00073,0001,02/11/2027 00:00:00,1800.000000000,405.16256,False
1685,00047,0004,02/11/2027 00:00:00,200.000000000,1021.28340,False
1685,00048,0001,02/11/2027 00:00:00,450.000000000,235.28912,False
1686,00051,0001,02/11/2027 00:00:00,4.000000000,1070.91746,False
1686,00170,0001,02/12/2027 00:00:00,4.000000000,1010.03803,False
1686,00223,0001,02/12/2027 00:00:00,4.000000000,1189.97330,False
1686,00247,0001,02/12/2027 00:00:00,4.000000000,768.62998,False
1686,00292,0001,02/12/2027 00:00:00,4.000000000,1002.42311,False
1687,00292,0001,02/12/2027 00:00:00,100.000000000,1002.42311,False
1688,00301,0001,02/12/2027 00:00:00,60.000000000,948.11502,False
1689,00124,0001,12/08/2027 00:00:00,88.000000000,5000.00000,False
1690,00040,0003,02/12/2027 00:00:00,14.000000000,1700.84296,False
1691,00022,0014,02/11/2027 00:00:00,50.000000000,566.49648,False
1691,00142,0003,02/12/2027 00:00:00,110.000000000,1444.71920,False
1692,00022,0014,02/11/2027 00:00:00,50.000000000,566.49648,False
1692,00125,0001,02/12/2027 00:00:00,20.000000000,733.50316,False
1693,00040,0003,02/12/2027 00:00:00,20.000000000,1700.84296,False
1694,00038,0005,02/13/2027 00:00:00,50.000000000,556.03591,False
1694,00040,0003,02/12/2027 00:00:00,10.000000000,1700.84296,False
1694,00051,0003,02/12/2027 00:00:00,8.000000000,1021.01707,False
1694,00084,0001,02/13/2027 00:00:00,20.000000000,532.13210,False
1694,00091,0001,02/13/2027 00:00:00,20.000000000,837.36810,False
1695,00278,0001,02/12/2027 00:00:00,20.000000000,1190.97353,False
1695,00279,0001,02/12/2027 00:00:00,120.000000000,327.04925,False
1695,00281,0001,02/12/2027 00:00:00,20.000000000,1062.98465,False
1696,00086,0001,02/18/2034 00:00:00,240.000000000,1300.00000,False
1696,00086,0003,02/13/2027 00:00:00,168.000000000,374.75100,False
1697,00050,0003,02/13/2027 00:00:00,12.000000000,360.44508,False
1698,00116,0001,02/13/2027 00:00:00,40.000000000,992.88010,False
1698,00122,0001,02/13/2027 00:00:00,60.000000000,472.45655,False
1698,00124,0001,12/08/2027 00:00:00,46.000000000,5000.00000,False
1698,00129,0004,02/13/2027 00:00:00,80.000000000,1077.67195,False
1698,00131,0004,02/13/2027 00:00:00,40.000000000,958.19280,False
1698,00144,0004,02/13/2027 00:00:00,40.000000000,549.24705,False
1698,00145,0004,02/13/2027 00:00:00,40.000000000,1397.41785,False
1698,00191,0001,02/13/2027 00:00:00,10.000000000,826.13009,False
1699,00020,0014,02/13/2027 00:00:00,400.000000000,51.83007,False
1699,00024,0003,02/13/2027 00:00:00,120.000000000,280.22902,False
1699,00182,0001,12/01/2028 00:00:00,2944.000000000,15.26256,False
1699,00212,0003,02/13/2027 00:00:00,36.000000000,1769.25188,False
1700,00231,0008,02/13/2027 00:00:00,150.000000000,510.66675,False
1700,00231,0009,02/11/2027 00:00:00,50.000000000,513.84200,False
1701,00010,0004,02/13/2027 00:00:00,1000.000000000,21.09725,False
1701,00016,0008,02/13/2027 00:00:00,222.000000000,542.63414,False
1701,00020,0014,02/13/2027 00:00:00,500.000000000,51.83007,False
1701,00022,0013,12/17/2027 00:00:00,5.000000000,540.13625,False
1701,00022,0014,02/11/2027 00:00:00,298.000000000,566.49648,False
1701,00182,0001,12/01/2028 00:00:00,1050.000000000,15.26256,False
1701,00212,0003,02/13/2027 00:00:00,50.000000000,1769.25188,False
1701,00231,0005,02/13/2027 00:00:00,150.000000000,513.50000,False
1701,00231,0008,02/13/2027 00:00:00,150.000000000,510.66675,False
1701,00233,0004,02/13/2027 00:00:00,1000.000000000,22.59103,False
1701,00257,0001,02/11/2027 00:00:00,1000.000000000,24.68695,False
1702,00051,0003,02/12/2027 00:00:00,40.000000000,1021.01707,False
1702,00163,0001,02/13/2027 00:00:00,40.000000000,1173.98645,False
1703,00156,0003,02/13/2027 00:00:00,1205.000000000,523.29464,False
1704,00182,0001,12/01/2028 00:00:00,3150.000000000,15.26256,False
1704,00215,0001,02/11/2027 00:00:00,275.000000000,68.10214,False
1704,00220,0001,02/11/2027 00:00:00,61.000000000,448.27601,False
1705,00124,0001,12/08/2027 00:00:00,80.000000000,5000.00000,False
1706,00016,0006,02/17/2027 00:00:00,30.000000000,616.26908,False
1706,00124,0001,12/08/2027 00:00:00,4.000000000,5000.00000,False
1707,00032,0006,02/17/2027 00:00:00,120.000000000,304.76022,False
1707,00039,0001,02/17/2027 00:00:00,759.000000000,164.67459,False
1707,00124,0001,12/08/2027 00:00:00,4.000000000,5000.00000,False
1708,00124,0001,12/08/2027 00:00:00,4.000000000,5000.00000,False
1708,00181,0001,02/17/2027 00:00:00,999.000000000,22.13642,False
1709,00016,0006,02/17/2027 00:00:00,53.000000000,616.26908,False
1710,00138,0001,02/11/2027 00:00:00,8.000000000,872.62273,False
1711,00010,0006,02/17/2027 00:00:00,200.000000000,22.00382,False
1711,00016,0006,02/17/2027 00:00:00,40.000000000,616.26908,False
1711,00032,0006,02/17/2027 00:00:00,60.000000000,304.76022,False
1714,00274,0001,02/11/2027 00:00:00,20.000000000,2137.40170,False
1714,00276,0001,02/18/2027 00:00:00,20.000000000,945.60845,False
1714,00278,0001,02/12/2027 00:00:00,20.000000000,1190.97353,False
1715,00052,0004,02/18/2027 00:00:00,40.000000000,995.65440,False
1715,00209,0001,02/18/2027 00:00:00,30.000000000,642.60849,False
1715,00247,0001,02/12/2027 00:00:00,40.000000000,768.62998,False
1716,00131,0001,02/18/2027 00:00:00,24.000000000,656.32682,False
1717,00182,0001,12/01/2028 00:00:00,34.000000000,15.26256,False
1717,00248,0001,02/11/2027 00:00:00,75.000000000,41.62268,False
1718,00122,0001,02/13/2027 00:00:00,180.000000000,472.45655,False
1718,00129,0003,03/10/2027 00:00:00,104.000000000,925.03411,False
1718,00130,0001,02/18/2027 00:00:00,48.000000000,1134.73150,False
1718,00144,0001,02/18/2027 00:00:00,40.000000000,360.23800,False
1718,00145,0001,02/18/2027 00:00:00,40.000000000,1249.48260,False
1719,00273,0001,02/26/2027 00:00:00,19.000000000,525.10263,False
1720,00131,0001,02/18/2027 00:00:00,80.000000000,656.32682,False
1720,00147,0001,02/26/2027 00:00:00,70.000000000,4544.32775,False
1721,00124,0001,12/08/2027 00:00:00,4.000000000,5000.00000,False
1721,00284,0001,03/09/2027 00:00:00,50.000000000,632.66667,False
1721,00302,0001,03/09/2027 00:00:00,51.000000000,335.27053,False
1722,00010,006,03/09/2027 00:00:00,500.000000000,22.15041,False
1722,00022,0014,03/09/2027 00:00:00,10.000000000,623.54545,False
1722,00032,006,03/09/2027 00:00:00,60.000000000,302.93829,False
1722,00037,0001,03/09/2027 00:00:00,20.000000000,1069.85466,False
1722,00039,0001,02/17/2027 00:00:00,75.000000000,153.58730,False
1722,00127,0001,03/09/2027 00:00:00,1508.000000000,75.12840,False
1722,00284,0001,03/09/2027 00:00:00,20.000000000,632.66667,False
1723,00219,0001,03/09/2027 00:00:00,100.000000000,807.23883,False
1724,00016,0008,03/09/2027 00:00:00,50.000000000,562.75000,False
1724,00299,0001,03/09/2027 00:00:00,50.000000000,1451.35083,False
1725,00139,0001,03/09/2027 00:00:00,20.000000000,703.53000,False
1726,00139,0001,03/09/2027 00:00:00,19.000000000,703.53000,False
1726,00284,0001,03/09/2027 00:00:00,50.000000000,632.66667,False
1726,00299,0001,03/09/2027 00:00:00,50.000000000,1451.35083,False
1727,00026,0006,03/09/2027 00:00:00,1000.000000000,56.23860,False
1727,00028,0006,03/09/2027 00:00:00,100.000000000,1405.96500,False
1727,00078,0006,03/09/2027 00:00:00,100.000000000,475.00000,False
1728,00220,0001,02/11/2027 00:00:00,10.000000000,457.52299,False
1729,00125,0001,03/09/2027 00:00:00,5.000000000,694.30424,False
1730,00052,0003,03/09/2027 00:00:00,20.000000000,799.52810,False
1730,00261,0001,03/09/2027 00:00:00,8.000000000,1070.50000,False
1731,00095,0001,03/09/2027 00:00:00,50.000000000,1964.00000,False
1732,00040,0001,03/09/2027 00:00:00,10.000000000,1315.78591,False
1733,00126,0001,03/09/2027 00:00:00,525.000000000,61.75098,False
1734,00304,0001,03/09/2027 00:00:00,1000.000000000,79.94558,False
1735,00247,0001,03/09/2027 00:00:00,20.000000000,807.66667,False
1736,00220,0001,02/11/2027 00:00:00,10.000000000,457.52299,False
1737,00231,0005,02/13/2027 00:00:00,40.000000000,513.50000,False
1738,00186,0001,03/09/2027 00:00:00,20.000000000,576.00000,False
1739,00273,0001,02/26/2027 00:00:00,20.000000000,525.10263,False
1739,00274,0001,03/09/2027 00:00:00,20.000000000,2356.58791,False
1740,00206,0001,03/16/2034 00:00:00,60.000000000,1600.00000,False
1741,00220,0001,02/11/2027 00:00:00,25.000000000,457.52299,False
1742,00186,0001,03/09/2027 00:00:00,20.000000000,576.00000,False
1742,00220,0001,02/11/2027 00:00:00,25.000000000,457.52299,False
1742,00231,0005,02/13/2027 00:00:00,10.000000000,513.50000,False
1742,00231,0006,03/09/2027 00:00:00,50.000000000,512.86888,False
1743,00010,0006,03/10/2027 00:00:00,500.000000000,23.55583,False
1743,00020,0012,12/01/2027 00:00:00,500.000000000,45.34982,False
1743,00022,0014,03/09/2027 00:00:00,50.000000000,623.54545,False
1743,00212,0005,03/10/2027 00:00:00,50.000000000,1638.99041,False
1743,00233,0003,03/10/2027 00:00:00,500.000000000,21.17197,False
1743,00248,0001,02/11/2027 00:00:00,500.000000000,41.62268,False
1743,00264,0001,03/10/2027 00:00:00,35.000000000,734.14524,False
1744,00249,0001,03/10/2027 00:00:00,64.000000000,987.20094,False
1744,00260,0001,03/10/2027 00:00:00,64.000000000,905.19755,False
1744,00306,0001,03/10/2027 00:00:00,64.000000000,1593.09054,False
1745,00051,0003,03/10/2027 00:00:00,40.000000000,1115.61250,False
1745,00053,0003,03/10/2027 00:00:00,40.000000000,996.02585,False
1745,00247,0001,03/09/2027 00:00:00,40.000000000,807.66667,False
1745,00249,0001,03/10/2027 00:00:00,20.000000000,987.20094,False
1745,00260,0001,03/10/2027 00:00:00,20.000000000,905.19755,False
1745,00266,0001,03/10/2027 00:00:00,40.000000000,858.32500,False
1745,00306,0001,03/10/2027 00:00:00,20.000000000,1593.09054,False
1746,00010,0006,03/10/2027 00:00:00,200.000000000,23.55583,False
1746,00032,0006,03/10/2027 00:00:00,180.000000000,262.57584,False
1747,00077,0001,03/10/2027 00:00:00,240.000000000,262.03879,False
1747,00116,0001,03/10/2027 00:00:00,20.000000000,347.02000,False
1747,00129,0003,03/10/2027 00:00:00,60.000000000,925.03411,False
1747,00130,0003,03/10/2027 00:00:00,80.000000000,1107.64090,False
1747,00131,0003,03/10/2027 00:00:00,60.000000000,966.25550,False
1747,00133,0001,03/10/2027 00:00:00,20.000000000,1476.39125,False
1747,00145,0003,03/10/2027 00:00:00,60.000000000,1376.35458,False
1748,00051,0004,03/12/2027 00:00:00,12.000000000,1197.92726,False
1749,00211,0001,03/10/2027 00:00:00,84.000000000,230.69049,False
1750,00049,0006,03/10/2027 00:00:00,44.000000000,730.63400,False
1750,00052,0003,03/09/2027 00:00:00,20.000000000,799.52810,False
1751,00129,0003,03/10/2027 00:00:00,60.000000000,925.03411,False
1751,00131,0003,03/10/2027 00:00:00,40.000000000,966.25550,False
1752,00016,0004,03/10/2027 00:00:00,2.000000000,562.75000,False
1753,00049,0006,03/10/2027 00:00:00,20.000000000,730.63400,False
1754,00138,0001,03/11/2027 00:00:00,8.000000000,962.22111,False
1755,00157,0001,03/10/2027 00:00:00,100.000000000,653.01124,False
1756,00022,0012,03/10/2027 00:00:00,50.000000000,526.37863,False
1756,00022,0014,03/09/2027 00:00:00,50.000000000,623.54545,False
1757,00274,0001,03/09/2027 00:00:00,40.000000000,2356.58791,False
1757,00276,0001,03/11/2027 00:00:00,20.000000000,666.95560,False
1758,00014,0006,03/11/2027 00:00:00,1050.000000000,63.87985,False
1758,00016,0006,03/11/2027 00:00:00,100.000000000,538.18675,False
1758,00212,0004,03/11/2027 00:00:00,10.000000000,2025.39624,False
1758,00231,0006,03/09/2027 00:00:00,5.000000000,512.86888,False
1758,00258,0003,03/11/2027 00:00:00,30.000000000,1636.14575,False
1759,00050,0003,03/11/2027 00:00:00,36.000000000,318.63722,False
1759,00055,0003,03/11/2027 00:00:00,36.000000000,244.20278,False
1759,00072,0006,03/11/2027 00:00:00,12.000000000,443.71128,False
1759,00151,0006,03/11/2027 00:00:00,60.000000000,313.07903,False
1760,00048,0001,03/11/2027 00:00:00,300.000000000,217.53926,False
1760,00303,0001,03/11/2027 00:00:00,219.000000000,105.51827,False
1761,00208,0001,03/11/2027 00:00:00,240.000000000,447.62089,False
1762,00177,0001,03/11/2027 00:00:00,8.000000000,5201.29380,False
1762,00308,0001,03/11/2027 00:00:00,8.000000000,1506.59933,False
1763,00177,0001,03/11/2027 00:00:00,32.000000000,5201.29380,False
1763,00308,0001,03/11/2027 00:00:00,36.000000000,1506.59933,False
1764,00048,0001,03/11/2027 00:00:00,240.000000000,217.53926,False
1765,00084,0001,03/12/2027 00:00:00,20.000000000,463.49458,False
1765,00124,0001,12/08/2027 00:00:00,8.000000000,5000.00000,False
1765,00214,0001,03/12/2027 00:00:00,10.000000000,4250.38630,False
1765,00223,0001,03/12/2027 00:00:00,20.000000000,1225.14125,False
1765,00249,0001,03/10/2027 00:00:00,8.000000000,987.20094,False
1765,00271,0001,03/12/2027 00:00:00,12.000000000,931.77255,False
1765,00272,0001,03/12/2027 00:00:00,20.000000000,917.57725,False
1765,00309,0001,03/12/2027 00:00:00,20.000000000,1409.72890,False
1765,00311,0001,03/12/2027 00:00:00,12.000000000,1466.62500,False
1765,00312,0001,03/12/2027 00:00:00,10.000000000,1389.69174,False
1765,00313,0001,03/12/2027 00:00:00,12.000000000,769.69955,False
1766,00231,0006,03/09/2027 00:00:00,500.000000000,512.86888,False
1767,00281,0001,03/12/2027 00:00:00,20.000000000,1124.58060,False
1767,00286,0001,03/12/2027 00:00:00,40.000000000,947.12430,False
1767,00289,0001,03/12/2027 00:00:00,20.000000000,5495.36163,False
1768,00051,0001,03/16/2034 00:00:00,12.000000000,6480.00000,False
1768,00051,0004,03/12/2027 00:00:00,32.000000000,1197.92726,False
1769,00124,0001,12/08/2027 00:00:00,124.000000000,5000.00000,False
1769,00307,0001,03/12/2027 00:00:00,40.000000000,3021.56250,False
1769,00314,0001,03/12/2027 00:00:00,40.000000000,1283.80340,False
1770,00010,0006,03/10/2027 00:00:00,300.000000000,23.55583,False
1770,00032,0006,03/10/2027 00:00:00,120.000000000,262.57584,False
1771,00010,0006,03/10/2027 00:00:00,1000.000000000,23.55583,False
1771,00032,0006,03/10/2027 00:00:00,60.000000000,262.57584,False
1771,00248,0006,03/09/2027 00:00:00,250.000000000,44.18122,False
1772,00138,0001,03/11/2027 00:00:00,36.000000000,962.22111,False
1772,00295,0001,03/16/2027 00:00:00,36.000000000,972.34448,False
1774,00159,0003,03/16/2027 00:00:00,500.000000000,56.78000,False
1774,00161,0003,03/16/2027 00:00:00,500.000000000,62.00685,False
1775,00022,0012,03/10/2027 00:00:00,50.000000000,526.37863,False
1775,00032,0006,03/10/2027 00:00:00,180.000000000,262.57584,False
1776,00238,0001,03/16/2027 00:00:00,44.000000000,808.80446,False
1777,00315,0001,03/16/2027 00:00:00,100.000000000,722.04174,False
1778,00292,0001,03/16/2027 00:00:00,200.000000000,1105.48390,False
1779,00084,0001,03/12/2027 00:00:00,24.000000000,463.49458,False
1779,00091,0001,03/16/2027 00:00:00,20.000000000,855.25000,False
1780,00196,0001,03/16/2027 00:00:00,25.000000000,2373.50000,False
1781,00196,0001,03/20/2027 00:00:00,25.000000000,2236.20000,False
1782,00278,0001,03/20/2027 00:00:00,32.000000000,1315.50875,False
1783,00016,0008,03/20/2027 00:00:00,10.000000000,562.75000,False
1784,00072,0006,03/20/2027 00:00:00,24.000000000,773.64470,False
1785,00129,0001,03/20/2027 00:00:00,48.000000000,1025.43945,False
1786,00022,0014,03/20/2027 00:00:00,10.000000000,640.00000,False
1787,00132,0001,03/20/2027 00:00:00,24.000000000,1400.67712,False
1787,00210,0001,03/20/2027 00:00:00,24.000000000,720.55255,False
1787,00292,0001,03/20/2027 00:00:00,40.000000000,914.40085,False
1787,00316,0001,03/20/2027 00:00:00,180.000000000,262.72893,False
1788,00032,0006,03/20/2027 00:00:00,180.000000000,318.60660,False
1789,00180,0001,03/20/2027 00:00:00,40.000000000,612.82005,False
1789,00209,0001,03/20/2027 00:00:00,10.000000000,565.94174,False
1790,00139,0001,02/11/2027 00:00:00,20.000000000,737.41375,False
1790,00221,0001,02/11/2027 00:00:00,16.000000000,705.46775,False
1790,00231,0009,02/11/2027 00:00:00,20.000000000,513.84200,False
1790,00299,0001,02/11/2027 00:00:00,21.000000000,1733.62999,False
1790,00300,0001,02/11/2027 00:00:00,20.000000000,688.69174,False
1791,00073,0001,04/15/2028 00:00:00,1200.000000000,381.63333,False
1792,00086,0001,04/15/2028 00:00:00,240.000000000,344.30000,False
1793,00022,0001,04/15/2028 00:00:00,30.000000000,532.12907,False
1793,00022,0013,12/17/2027 00:00:00,5.000000000,540.13625,False
1793,00032,0001,04/15/2028 00:00:00,48.000000000,314.50340,False
1793,00231,0001,04/15/2028 00:00:00,47.000000000,524.54731,False
1793,00231,0006,03/09/2027 00:00:00,50.000000000,512.86888,False
1793,00248,0001,04/15/2028 00:00:00,125.000000000,43.89483,False
1793,00248,0006,03/09/2027 00:00:00,500.000000000,44.18122,False
1794,00130,0001,04/15/2028 00:00:00,124.000000000,910.76447,False
1794,00132,0001,04/15/2028 00:00:00,84.000000000,1242.44338,False
1794,00135,0001,04/15/2028 00:00:00,60.000000000,1676.29176,False
1794,00136,0001,05/03/2028 00:00:00,80.000000000,678.30000,False
1794,00216,0001,04/15/2028 00:00:00,60.000000000,382.40000,False
1795,00010,0001,04/15/2028 00:00:00,500.000000000,25.95328,False
1795,00022,0001,04/15/2028 00:00:00,15.000000000,532.12907,False
1795,00032,0001,04/15/2028 00:00:00,12.000000000,314.50340,False
1795,00186,0001,04/15/2028 00:00:00,15.000000000,609.33325,False
1795,00248,0001,04/15/2028 00:00:00,375.000000000,43.89483,False
1795,00262,0001,04/15/2028 00:00:00,600.000000000,14.08383,False
1795,00284,0001,04/15/2028 00:00:00,105.000000000,438.28296,False
1796,00273,0001,04/15/2028 00:00:00,20.000000000,958.75000,False
1796,00276,0001,04/15/2028 00:00:00,40.000000000,914.95851,False
1796,00278,0001,04/15/2028 00:00:00,20.000000000,1066.56550,False
1797,00228,0001,05/20/2028 00:00:00,15.000000000,2372.69197,False
1798,00022,0001,04/15/2028 00:00:00,15.000000000,532.12907,False
1798,00231,0001,04/15/2028 00:00:00,15.000000000,524.54731,False
1799,00038,0001,04/15/2028 00:00:00,10.000000000,603.44174,False
1799,00190,0001,04/15/2028 00:00:00,60.000000000,349.52833,False
1799,00220,0001,02/11/2027 00:00:00,40.000000000,485.19879,False
1799,00284,0001,04/15/2028 00:00:00,65.000000000,438.28296,False
1800,00220,0001,02/11/2027 00:00:00,6.000000000,485.62322,False
1801,00008,0001,04/15/2028 00:00:00,500.000000000,26.99124,False
1801,00010,0001,04/15/2028 00:00:00,1000.000000000,25.95328,False
1801,00013,0001,04/15/2028 00:00:00,1000.000000000,41.93050,False
1801,00022,0001,04/15/2028 00:00:00,100.000000000,532.12907,False
1801,00032,0001,04/15/2028 00:00:00,120.000000000,314.50340,False
1801,00220,0001,02/11/2027 00:00:00,150.000000000,485.19879,False
1801,00231,0001,04/15/2028 00:00:00,100.000000000,524.54731,False
1801,00258,0001,04/15/2028 00:00:00,91.000000000,2171.11104,False
1801,00258,0006,12/09/2027 00:00:00,1.000000000,507.91258,False
1802,00053,0001,04/15/2028 00:00:00,92.000000000,878.44954,False
1802,00133,0001,04/15/2028 00:00:00,40.000000000,1254.54250,False
1802,00308,0001,04/15/2028 00:00:00,44.000000000,929.42273,False
1802,00314,0001,04/15/2028 00:00:00,40.000000000,1119.93005,False
1803,00220,0001,02/11/2027 00:00:00,54.000000000,485.19879,False
1803,00258,0001,04/15/2028 00:00:00,16.000000000,2171.11104,False
1803,00262,0001,04/15/2028 00:00:00,450.000000000,14.08383,False
1804,00281,0001,04/16/2028 00:00:00,32.000000000,810.08125,False
1804,00285,0001,04/15/2028 00:00:00,150.000000000,234.84351,False
1805,00294,0001,04/16/2028 00:00:00,40.000000000,724.96010,False
1806,00024,0001,04/16/2028 00:00:00,60.000000000,323.17327,False
1806,00052,0001,04/16/2028 00:00:00,8.000000000,1004.34556,False
1806,00063,0001,04/16/2028 00:00:00,60.000000000,306.11051,False
1806,00064,0001,04/16/2028 00:00:00,60.000000000,251.06667,False
1807,00209,0001,04/16/2028 00:00:00,15.000000000,561.85006,False
1807,00266,0001,04/16/2028 00:00:00,40.000000000,694.12500,False
1808,00008,0001,04/15/2028 00:00:00,800.000000000,26.99124,False
1809,00274,0001,04/16/2028 00:00:00,20.000000000,1806.55000,False
1810,00049,0001,04/17/2028 00:00:00,40.000000000,600.33508,False
1810,00209,0001,04/16/2028 00:00:00,40.000000000,561.85006,False
1810,00247,0001,04/17/2028 00:00:00,28.000000000,1054.78571,False
1811,00022,0001,04/15/2028 00:00:00,50.000000000,532.12907,False
1811,00231,0001,04/15/2028 00:00:00,100.000000000,524.54731,False
1812,00047,0001,04/17/2028 00:00:00,200.000000000,1477.05000,False
1813,00022,0001,04/15/2028 00:00:00,100.000000000,532.12907,False
1814,00019,0001,04/17/2028 00:00:00,200.000000000,589.52381,False
1815,00040,0001,05/27/2028 00:00:00,7.000000000,833.26156,False
1816,00008,0001,04/15/2028 00:00:00,299.000000000,26.99124,False
1816,00032,0001,04/15/2028 00:00:00,120.000000000,314.50340,False
1816,00231,0001,04/15/2028 00:00:00,100.000000000,524.54731,False
1816,00262,0001,05/07/2034 00:00:00,1350.000000000,48.00000,False
1816,00262,0005,12/01/2028 00:00:00,150.000000000,14.72989,False
1817,00051,0001,04/20/2028 00:00:00,4.000000000,668.45000,False
1817,00064,0001,04/16/2028 00:00:00,36.000000000,251.06667,False
1817,00121,0001,04/20/2028 00:00:00,40.000000000,130.62500,False
1818,00032,0001,04/15/2028 00:00:00,120.000000000,314.50340,False
1818,00215,0001,02/11/2027 00:00:00,250.000000000,54.39609,False
1818,00231,0001,04/15/2028 00:00:00,10.000000000,524.54731,False
1819,00274,0001,04/16/2028 00:00:00,60.000000000,1806.55000,False
1820,00278,0001,04/15/2028 00:00:00,32.000000000,1066.56550,False
1821,00016,0001,04/28/2028 00:00:00,20.000000000,458.55669,False
1821,00265,0001,04/28/2028 00:00:00,225.000000000,44.42822,False
1822,00053,0001,04/15/2028 00:00:00,40.000000000,878.44954,False
1822,00116,0001,04/28/2028 00:00:00,40.000000000,877.00000,False
1822,00130,0001,04/15/2028 00:00:00,120.000000000,910.76447,False
1822,00132,0001,04/15/2028 00:00:00,40.000000000,1242.44338,False
1822,00145,0001,04/17/2028 00:00:00,120.000000000,788.18713,False
1822,00147,0001,04/15/2028 00:00:00,30.000000000,2389.83174,False
1822,00147,0008,12/16/2027 00:00:00,6.000000000,4547.77645,False
1822,00147,0009,12/10/2027 00:00:00,4.000000000,3399.55728,False
1822,00202,0001,04/29/2028 00:00:00,120.000000000,378.37700,False
1822,00203,0001,04/30/2028 00:00:00,239.000000000,343.00223,False
1822,00205,0001,04/30/2028 00:00:00,120.000000000,428.99683,False
1822,00210,0001,04/15/2028 00:00:00,40.000000000,545.72338,False
1822,00213,0001,04/30/2028 00:00:00,40.000000000,813.18290,False
1823,00022,0001,04/15/2028 00:00:00,10.000000000,532.12907,False
1824,00049,0001,04/17/2028 00:00:00,12.000000000,600.33508,False
1824,00052,0001,04/16/2028 00:00:00,12.000000000,1004.34556,False
1824,00072,0001,05/02/2028 00:00:00,12.000000000,322.90000,False
1824,00170,0001,05/03/2028 00:00:00,12.000000000,873.45769,False
1824,00180,0001,05/03/2028 00:00:00,12.000000000,1304.11667,False
1824,00209,0001,04/16/2028 00:00:00,6.000000000,561.85006,False
1824,00211,0001,05/02/2028 00:00:00,8.000000000,730.67755,False
1824,00223,0001,05/03/2028 00:00:00,12.000000000,701.87375,False
1825,00022,0001,04/15/2028 00:00:00,50.000000000,532.12907,False
1825,00041,0001,05/02/2028 00:00:00,50.000000000,632.60000,False
1826,00130,0001,04/15/2028 00:00:00,8.000000000,910.76446,False
1826,00131,0001,05/01/2028 00:00:00,48.000000000,815.91759,False
1827,00147,0001,04/15/2028 00:00:00,40.000000000,2389.83174,False
1828,00016,0001,04/28/2028 00:00:00,50.000000000,458.55669,False
1829,00191,0001,05/03/2028 00:00:00,10.000000000,910.00000,False
1830,00016,0001,04/28/2028 00:00:00,10.000000000,458.55669,False
1831,00022,0001,04/15/2028 00:00:00,20.000000000,532.12907,False
1831,00125,0001,05/03/2028 00:00:00,12.000000000,605.76250,False
1831,00265,0001,04/28/2028 00:00:00,75.000000000,44.42822,False
1832,00054,0001,05/03/2028 00:00:00,24.000000000,530.26542,False
1833,00119,0001,05/03/2028 00:00:00,20.000000000,836.12500,False
1833,00198,0001,05/03/2028 00:00:00,20.000000000,730.45000,False
1833,00223,0001,05/03/2028 00:00:00,20.000000000,701.87375,False
1833,00246,0001,05/03/2028 00:00:00,10.000000000,1887.75000,False
1834,00077,0001,05/03/2028 00:00:00,480.000000000,237.63750,False
1834,00132,0001,04/15/2028 00:00:00,40.000000000,1242.44338,False
1834,00145,0001,04/17/2028 00:00:00,120.000000000,788.18713,False
1834,00210,0001,04/15/2028 00:00:00,80.000000000,545.72338,False
1835,00016,0001,04/28/2028 00:00:00,15.000000000,458.55669,False
1835,00019,0001,04/17/2028 00:00:00,10.000000000,589.52381,False
1836,00016,0001,04/28/2028 00:00:00,2.000000000,458.55669,False
1837,00129,0001,04/17/2028 00:00:00,88.000000000,724.69149,False
1837,00130,0001,04/15/2028 00:00:00,120.000000000,910.76446,False
1837,00147,0001,04/15/2028 00:00:00,30.000000000,2389.83174,False
1838,00129,0001,04/17/2028 00:00:00,72.000000000,724.69149,False
1839,00246,0001,05/03/2028 00:00:00,10.000000000,1887.75000,False
1840,00032,0001,04/15/2028 00:00:00,384.000000000,314.50340,False
1840,00265,0001,04/28/2028 00:00:00,600.000000000,44.42822,False
1841,00124,0001,12/08/2027 00:00:00,4.000000000,45352.94118,False
1841,00129,0001,04/17/2028 00:00:00,4.000000000,724.69149,False
1841,00130,0001,04/15/2028 00:00:00,4.000000000,910.76446,False
1841,00145,0001,04/17/2028 00:00:00,4.000000000,788.18713,False
1842,00280,0001,05/03/2028 00:00:00,40.000000000,972.87500,False
1843,00053,0001,04/15/2028 00:00:00,40.000000000,878.44954,False
1843,00131,0001,05/01/2028 00:00:00,60.000000000,815.91759,False
1843,00292,0001,05/03/2028 00:00:00,200.000000000,744.77320,False
1844,00053,0001,04/15/2028 00:00:00,12.000000000,878.44954,False
1845,00076,0001,05/03/2028 00:00:00,10.000000000,1005.00000,False
1845,00163,0001,05/03/2028 00:00:00,8.000000000,1305.37500,False
1845,00178,0001,05/03/2028 00:00:00,40.000000000,210.55000,False
1845,00209,0001,04/16/2028 00:00:00,5.000000000,561.85006,False
1845,00260,0001,05/03/2028 00:00:00,16.000000000,786.20500,False
1846,00182,0001,04/20/2028 00:00:00,300.000000000,17.70152,False
1847,00137,0001,05/04/2028 00:00:00,40.000000000,2668.87500,False
1847,00157,0001,05/04/2028 00:00:00,100.000000000,575.62481,False
1847,00160,0001,05/04/2028 00:00:00,50.000000000,599.00875,False
1848,00086,0001,04/15/2028 00:00:00,240.000000000,344.30000,False
1849,00228,0001,05/20/2028 00:00:00,11.000000000,2254.68993,False
1849,00294,0001,04/16/2028 00:00:00,36.000000000,724.96010,False
1849,00296,0001,05/20/2028 00:00:00,22.000000000,811.91489,False
1850,00330,0001,05/04/2028 00:00:00,60.000000000,767.47498,False
1851,00049,0001,04/17/2028 00:00:00,44.000000000,600.33508,False
1852,00052,0001,04/16/2028 00:00:00,44.000000000,1004.34556,False
1853,00032,0001,04/15/2028 00:00:00,60.000000000,314.50340,False
1854,00028,0001,05/05/2028 00:00:00,100.000000000,1349.77875,False
1855,00231,0001,04/15/2028 00:00:00,20.000000000,524.54731,False
1856,00273,0001,04/15/2028 00:00:00,20.000000000,958.75000,False
1856,00276,0001,04/15/2028 00:00:00,32.000000000,914.95851,False
1856,00278,0001,04/15/2028 00:00:00,32.000000000,1066.56550,False
1856,00285,0001,04/15/2028 00:00:00,150.000000000,234.84351,False
1857,00147,0001,04/15/2028 00:00:00,50.000000000,3061.98896,False
1858,00317,0001,04/16/2028 00:00:00,240.000000000,206.80000,False
1858,00318,0001,04/16/2028 00:00:00,240.000000000,207.73946,False
1858,00319,0001,04/16/2028 00:00:00,240.000000000,228.12500,False
1859,00053,0001,04/15/2028 00:00:00,20.000000000,878.44954,False
1859,00129,0001,04/17/2028 00:00:00,20.000000000,912.10188,False
1859,00145,0001,04/17/2028 00:00:00,20.000000000,752.34513,False
1860,00124,0001,12/08/2027 00:00:00,20.000000000,20080.05916,False
1861,00323,0001,05/03/2028 00:00:00,10.000000000,760.00000,False
1861,00324,0001,05/03/2028 00:00:00,10.000000000,710.00000,False
1861,00325,0001,05/03/2028 00:00:00,10.000000000,685.00000,False
1861,00326,0001,05/03/2028 00:00:00,8.000000000,1082.62500,False
1861,00327,0001,05/03/2028 00:00:00,8.000000000,1183.83868,False
1861,00328,0001,05/03/2028 00:00:00,8.000000000,914.91071,False
1861,00329,0001,05/03/2028 00:00:00,8.000000000,847.93063,False
1862,00331,0001,05/18/2034 00:00:00,4.000000000,9000.00000,False
1863,00220,0001,02/11/2027 00:00:00,10.000000000,586.89912,False
1864,00281,0001,05/08/2028 00:00:00,32.000000000,913.34000,False
1865,00016,0001,05/08/2028 00:00:00,17.000000000,556.40790,False
1865,00049,0001,05/08/2028 00:00:00,8.000000000,631.87805,False
1866,00073,0001,05/08/2028 00:00:00,1368.000000000,382.81506,False
1867,00147,0001,04/15/2028 00:00:00,30.000000000,3061.98896,False
1867,00326,0001,05/03/2028 00:00:00,16.000000000,1082.62500,False
1867,00327,0001,05/03/2028 00:00:00,12.000000000,1183.83868,False
1867,00328,0001,05/03/2028 00:00:00,20.000000000,914.91071,False
1867,00329,0001,05/03/2028 00:00:00,20.000000000,847.93063,False
1868,00016,0001,05/08/2028 00:00:00,30.000000000,556.40790,False
1868,00032,0001,05/09/2028 00:00:00,60.000000000,287.32821,False
1868,00233,0001,05/09/2028 00:00:00,100.000000000,23.61256,False
1868,00258,0001,04/15/2028 00:00:00,5.000000000,1873.10832,False
1868,00265,0001,05/09/2028 00:00:00,250.000000000,65.45583,False
1869,00019,0001,05/14/2028 00:00:00,1.000000000,600.00000,False
1870,00016,0001,05/08/2028 00:00:00,25.000000000,556.40790,False
1870,00022,0001,04/15/2028 00:00:00,25.000000000,671.06163,False
1870,00032,0001,05/09/2028 00:00:00,60.000000000,287.32821,False
1870,00054,0001,05/14/2028 00:00:00,24.000000000,405.13611,False
1870,00090,0001,05/14/2028 00:00:00,16.000000000,564.50000,False
1870,00212,0001,05/14/2028 00:00:00,25.000000000,941.69261,False
1870,00231,0001,04/15/2028 00:00:00,15.000000000,544.02326,False
1870,00233,0001,05/09/2028 00:00:00,200.000000000,23.61256,False
1870,00258,0001,04/15/2028 00:00:00,20.000000000,1873.10832,False
1871,00010,0002,05/14/2028 00:00:00,100.000000000,25.42262,False
1872,00010,0001,05/16/2028 00:00:00,300.000000000,24.36075,False
1872,00016,0001,05/08/2028 00:00:00,12.000000000,556.40790,False
1872,00032,0001,05/09/2028 00:00:00,60.000000000,287.32821,False
1872,00049,0001,05/08/2028 00:00:00,8.000000000,631.87805,False
1872,00231,0001,04/15/2028 00:00:00,10.000000000,544.02326,False
1872,00258,0001,04/15/2028 00:00:00,20.000000000,1873.10832,False
1873,00051,0001,05/16/2028 00:00:00,20.000000000,756.71000,False
1873,00052,0001,05/16/2028 00:00:00,60.000000000,1350.16811,False
1873,00076,0001,05/16/2028 00:00:00,40.000000000,903.08648,False
1874,00051,0001,05/16/2028 00:00:00,40.000000000,756.71000,False
1874,00211,0001,05/16/2028 00:00:00,40.000000000,710.30206,False
1875,00208,0001,05/16/2028 00:00:00,240.000000000,181.85653,False
1876,00188,0001,05/03/2028 00:00:00,8.000000000,1210.85762,False
1876,00287,0001,05/03/2028 00:00:00,8.000000000,698.96358,False
1876,00291,0001,05/17/2028 00:00:00,8.000000000,734.01965,False
1876,00295,0001,05/16/2028 00:00:00,8.000000000,1562.54666,False
1877,00231,0001,04/15/2028 00:00:00,100.000000000,544.02326,False
1877,00248,0001,04/15/2028 00:00:00,500.000000000,43.93082,False
1877,00258,0001,04/15/2028 00:00:00,57.000000000,1873.10832,False
1878,00127,0001,05/17/2028 00:00:00,1000.000000000,79.28360,False
1879,00161,0001,05/17/2028 00:00:00,500.000000000,59.87435,False
1880,00304,0001,05/17/2028 00:00:00,1000.000000000,59.09640,False
1881,00186,0001,05/17/2028 00:00:00,50.000000000,542.76397,False
1881,00315,0001,05/17/2028 00:00:00,151.000000000,742.06839,False
1882,00220,0001,02/11/2027 00:00:00,15.000000000,586.89912,False
1883,00269,0001,05/17/2028 00:00:00,20.000000000,1001.91965,False
1883,00309,0001,05/17/2028 00:00:00,20.000000000,1837.83700,False
1884,00209,0001,04/16/2028 00:00:00,40.000000000,620.37001,False
1885,00134,0001,05/17/2028 00:00:00,16.000000000,973.59815,False
1886,00218,0001,05/17/2028 00:00:00,1920.000000000,43.76042,False
1887,00010,0001,05/16/2028 00:00:00,1000.000000000,24.36075,False
1887,00016,0001,05/08/2028 00:00:00,50.000000000,556.40790,False
1887,00022,0001,04/15/2028 00:00:00,100.000000000,671.06163,False
1887,00032,0001,05/09/2028 00:00:00,240.000000000,287.32821,False
1887,00220,0001,02/11/2027 00:00:00,101.000000000,586.89912,False
1887,00231,0001,04/15/2028 00:00:00,100.000000000,544.02326,False
1888,00139,0001,05/17/2028 00:00:00,40.000000000,741.00000,False
1889,00197,0001,05/17/2028 00:00:00,60.000000000,651.25768,False
1890,00052,0001,05/16/2028 00:00:00,44.000000000,1350.16811,False
1890,00211,0001,05/16/2028 00:00:00,20.000000000,710.30206,False
1891,00052,0001,05/16/2028 00:00:00,40.000000000,1350.16811,False
1891,00076,0001,05/16/2028 00:00:00,26.000000000,903.08648,False
1891,00247,0001,05/17/2028 00:00:00,48.000000000,1085.12501,False
1892,00047,0001,05/17/2028 00:00:00,100.000000000,1962.00460,False
1892,00158,0001,05/17/2028 00:00:00,72.000000000,515.00000,False
1893,00199,0001,05/17/2028 00:00:00,100.000000000,1478.87575,False
1894,00273,0001,05/17/2028 00:00:00,10.000000000,1349.90000,False
1894,00274,0001,05/17/2028 00:00:00,20.000000000,2165.72115,False
1894,00276,0001,05/17/2028 00:00:00,32.000000000,1037.57500,False
1894,00278,0002,05/17/2028 00:00:00,20.000000000,939.75000,False
1894,00289,0001,05/17/2028 00:00:00,10.000000000,4043.96150,False
1895,00091,0001,05/17/2028 00:00:00,24.000000000,722.52085,False
1896,00223,0001,05/17/2028 00:00:00,40.000000000,752.82134,False
1897,00116,0001,05/17/2028 00:00:00,40.000000000,912.90000,False
1897,00129,0001,04/17/2028 00:00:00,80.000000000,912.10188,False
1897,00132,0002,05/17/2028 00:00:00,80.000000000,1199.89805,False
1897,00133,0001,05/17/2028 00:00:00,40.000000000,1052.50770,False
1897,00144,0002,05/17/2028 00:00:00,80.000000000,750.84805,False
1897,00145,0001,04/17/2028 00:00:00,60.000000000,752.34513,False
1897,00307,0002,05/17/2028 00:00:00,44.000000000,1886.35796,False
1898,00016,0001,05/08/2028 00:00:00,100.000000000,556.40790,False
1898,00040,0001,05/27/2028 00:00:00,15.000000000,711.00843,False
1898,00040,0003,05/27/2028 00:00:00,5.000000000,784.37497,False
1899,00016,0001,05/08/2028 00:00:00,20.000000000,556.40790,False
1899,00220,0001,02/11/2027 00:00:00,20.000000000,586.89912,False
1900,00053,0002,05/18/2028 00:00:00,160.000000000,890.81250,False
1900,00124,0001,12/08/2027 00:00:00,60.000000000,27762.80835,False
1900,00147,0001,04/15/2028 00:00:00,55.000000000,3061.98896,False
1900,00177,0002,05/18/2028 00:00:00,80.000000000,1279.06250,False
1901,00131,0002,05/18/2028 00:00:00,92.000000000,954.85834,False
1901,00191,0002,05/18/2028 00:00:00,15.000000000,745.83325,False
1901,00210,0002,05/18/2028 00:00:00,108.000000000,631.07873,False
1902,00032,0001,05/09/2028 00:00:00,120.000000000,287.32821,False
1902,00049,0002,05/18/2028 00:00:00,20.000000000,217.45615,False
1903,00197,0002,05/18/2028 00:00:00,60.000000000,767.36878,False
1903,00208,0002,05/18/2028 00:00:00,120.000000000,237.14716,False
1904,00158,0002,05/18/2028 00:00:00,28.000000000,668.09636,False
1904,00159,0002,05/18/2028 00:00:00,544.000000000,57.50064,False
1905,00199,0001,05/17/2028 00:00:00,99.000000000,1478.87575,False
1906,00131,0002,05/18/2028 00:00:00,52.000000000,954.85834,False
1906,00252,0001,05/18/2028 00:00:00,120.000000000,380.14584,False
1906,00260,0001,05/18/2028 00:00:00,40.000000000,1211.73065,False
1906,00333,0001,05/18/2028 00:00:00,120.000000000,475.91834,False
1906,00334,0001,05/18/2028 00:00:00,120.000000000,409.33731,False
1906,00335,0001,05/18/2028 00:00:00,120.000000000,562.66453,False
1906,00336,0001,05/18/2028 00:00:00,120.000000000,405.07860,False
1906,00337,0001,05/18/2028 00:00:00,120.000000000,437.56280,False
1907,00332,0001,05/18/2028 00:00:00,36.000000000,1173.94443,False
1908,00016,0001,05/08/2028 00:00:00,100.000000000,556.40790,False
1908,00125,0001,05/18/2028 00:00:00,12.000000000,618.42775,False
1909,00022,0001,04/15/2028 00:00:00,200.000000000,671.06163,False
1910,00306,0001,05/18/2028 00:00:00,100.000000000,859.34490,False
1911,00178,0001,05/18/2028 00:00:00,50.000000000,366.51111,False
1911,00211,0001,05/16/2028 00:00:00,40.000000000,710.30206,False
1912,00040,0001,03/09/2027 00:00:00,17.000000000,696.34835,False
1912,00040,0002,05/18/2028 00:00:00,8.000000000,1544.33333,False
1913,00231,0001,04/15/2028 00:00:00,20.000000000,544.02326,False
1914,00118,0001,05/18/2028 00:00:00,10.000000000,3036.26500,False
1915,00156,0001,05/18/2028 00:00:00,1205.000000000,457.24060,False
1915,00338,0001,05/18/2028 00:00:00,200.000000000,439.50000,False
1916,00231,0001,04/15/2028 00:00:00,100.000000000,544.02326,False
1917,00274,0001,05/17/2028 00:00:00,32.000000000,2165.72115,False
1917,00278,0001,05/18/2028 00:00:00,20.000000000,937.23000,False
1917,00281,0001,05/08/2028 00:00:00,32.000000000,913.34000,False
1917,00285,0001,05/18/2028 00:00:00,150.000000000,361.10667,False
1917,00289,0001,05/17/2028 00:00:00,10.000000000,4043.96150,False
1918,00040,0002,05/18/2028 00:00:00,2.000000000,1544.33333,False
1919,00016,0001,05/08/2028 00:00:00,30.000000000,556.40790,False
1920,00163,0001,05/19/2028 00:00:00,4.000000000,2005.37500,False
1920,00178,0001,05/18/2028 00:00:00,40.000000000,366.51111,False
1921,00024,0001,05/19/2028 00:00:00,60.000000000,452.63622,False
1921,00223,0001,05/17/2028 00:00:00,4.000000000,752.82134,False
1922,00186,0001,05/17/2028 00:00:00,25.000000000,542.76397,False
1923,00016,0001,05/08/2028 00:00:00,25.000000000,556.40790,False
1923,00032,0001,05/09/2028 00:00:00,36.000000000,287.32821,False
1923,00264,0001,05/20/2028 00:00:00,200.000000000,447.89180,False
1924,00196,0001,05/19/2028 00:00:00,50.000000000,715.00000,False
1924,00245,0001,05/21/2028 00:00:00,10.000000000,5975.00000,False
1925,00016,0001,05/08/2028 00:00:00,124.000000000,556.40790,False
1925,00016,0002,05/17/2028 00:00:00,26.000000000,562.75000,False
1925,00212,0001,05/14/2028 00:00:00,50.000000000,941.69261,False
1926,00022,0001,04/15/2028 00:00:00,10.000000000,671.06163,False
1926,00022,001,05/18/2028 00:00:00,90.000000000,514.50000,False
1927,00016,0002,05/17/2028 00:00:00,20.000000000,562.75000,False
1927,00022,001,05/18/2028 00:00:00,25.000000000,514.50000,False
1927,00032,0002,05/18/2028 00:00:00,120.000000000,297.31577,False
1927,00186,0001,05/17/2028 00:00:00,105.000000000,542.76397,False
1927,00220,0001,02/11/2027 00:00:00,50.000000000,586.89912,False
1928,00147,0001,04/15/2028 00:00:00,25.000000000,3061.98896,False
1929,00054,0001,05/14/2028 00:00:00,12.000000000,405.13611,False
1930,00286,0001,05/21/2028 00:00:00,32.000000000,709.05313,False
1931,00150,0001,05/22/2028 00:00:00,100.000000000,764.23190,False
1932,00134,0001,05/17/2028 00:00:00,40.000000000,973.59815,False
1932,00147,0001,04/15/2028 00:00:00,5.000000000,3061.98896,False
1932,00147,0002,05/18/2028 00:00:00,45.000000000,1940.73675,False
1933,00247,0001,05/17/2028 00:00:00,8.000000000,1085.12501,False
1933,00297,0001,05/22/2028 00:00:00,120.000000000,371.98850,False
1934,00022,001,05/18/2028 00:00:00,30.000000000,514.50000,False
1934,00125,0001,05/18/2028 00:00:00,20.000000000,618.42775,False
1934,00231,0001,04/15/2028 00:00:00,50.000000000,544.02326,False
1934,00258,0001,04/15/2028 00:00:00,5.000000000,1873.10832,False
1935,00022,001,05/18/2028 00:00:00,5.000000000,514.50000,False
1935,00284,0001,05/22/2028 00:00:00,5.000000000,798.26929,False
1936,00341,0001,05/22/2028 00:00:00,120.000000000,394.52517,False
1936,00342,0001,05/22/2028 00:00:00,120.000000000,415.07167,False
1937,00187,0001,05/22/2028 00:00:00,20.000000000,1702.30250,False
1938,00248,0001,04/15/2028 00:00:00,250.000000000,43.93082,False
1938,00258,0001,04/15/2028 00:00:00,10.000000000,1873.10832,False
1939,00199,0001,05/17/2028 00:00:00,102.000000000,1478.87575,False
1940,00343,0001,05/22/2028 00:00:00,100.000000000,806.00000,False
1941,00126,0002,05/22/2028 00:00:00,1375.000000000,52.22509,False
1941,00220,0001,02/11/2027 00:00:00,30.000000000,586.89912,False
1941,00220,0002,05/18/2028 00:00:00,20.000000000,537.70250,False
1941,00248,0001,04/15/2028 00:00:00,500.000000000,43.93082,False
1941,00248,0002,05/22/2028 00:00:00,250.000000000,42.07150,False
1942,00040,0002,05/18/2028 00:00:00,1.000000000,1544.33333,False
1943,00339,0001,05/22/2028 00:00:00,120.000000000,1605.20000,False
1943,00340,0001,05/22/2028 00:00:00,120.000000000,1105.90000,False
1944,00199,0001,05/17/2028 00:00:00,49.000000000,1478.87575,False
1944,00199,0002,05/22/2028 00:00:00,53.000000000,608.82347,False
1944,00339,0001,05/22/2028 00:00:00,80.000000000,1605.20000,False
1944,00340,0001,05/22/2028 00:00:00,80.000000000,1105.90000,False
1945,00292,0002,05/22/2028 00:00:00,200.000000000,908.88000,False
1946,00228,0001,05/20/2028 00:00:00,20.000000000,2372.69197,False
1947,00138,0001,05/03/2028 00:00:00,24.000000000,838.97055,False
1947,00188,0001,05/03/2028 00:00:00,24.000000000,1210.85762,False
1947,00287,0001,05/03/2028 00:00:00,12.000000000,698.96358,False
1947,00298,0001,05/03/2028 00:00:00,12.000000000,631.23173,False
1947,00320,0001,05/03/2028 00:00:00,120.000000000,110.31152,False
1948,00138,0001,05/03/2028 00:00:00,12.000000000,838.97055,False
1948,00188,0001,05/03/2028 00:00:00,36.000000000,1210.85762,False
1948,00287,0001,05/03/2028 00:00:00,36.000000000,698.96358,False
1948,00298,0001,05/03/2028 00:00:00,36.000000000,631.23173,False
1948,00320,0001,05/03/2028 00:00:00,180.000000000,110.31152,False
1949,00194,0001,05/17/2028 00:00:00,36.000000000,783.56111,False
1949,00295,0001,05/16/2028 00:00:00,16.000000000,1562.54666,False
1950,00188,0001,05/03/2028 00:00:00,36.000000000,1210.85762,False
1950,00194,0001,05/17/2028 00:00:00,36.000000000,783.56111,False
1950,00295,0001,05/16/2028 00:00:00,36.000000000,1562.54666,False
1951,00138,0001,05/03/2028 00:00:00,36.000000000,838.97055,False
1951,00228,0001,05/20/2028 00:00:00,30.000000000,2254.68993,False
1951,00296,0001,05/20/2028 00:00:00,25.000000000,811.91489,False
1952,00228,0001,05/20/2028 00:00:00,11.000000000,2254.68993,False
1953,00287,0001,05/03/2028 00:00:00,28.000000000,698.96358,False
1953,00294,0002,05/22/2028 00:00:00,32.000000000,634.18750,False
1954,00014,0001,05/22/2028 00:00:00,1025.000000000,47.24094,False
1954,00016,0002,05/17/2028 00:00:00,34.000000000,562.75000,False
1954,00022,001,05/18/2028 00:00:00,25.000000000,514.50000,False
1954,00284,0001,05/22/2028 00:00:00,47.000000000,798.26929,False
1955,00016,0002,05/17/2028 00:00:00,40.000000000,562.75000,False
1955,00020,0001,05/22/2028 00:00:00,120.000000000,53.91063,False
1955,00020,0012,12/01/2027 00:00:00,5.000000000,45.34982,False
1955,00022,001,05/18/2028 00:00:00,20.000000000,514.50000,False
1955,00052,0001,05/16/2028 00:00:00,8.000000000,1350.16811,False
1955,00187,0001,05/23/2028 00:00:00,8.000000000,1437.34755,False
1955,00212,0001,05/14/2028 00:00:00,35.000000000,941.69261,False
1955,00231,0001,05/23/2028 00:00:00,13.000000000,361.03029,False
1955,00258,0001,04/15/2028 00:00:00,20.000000000,1932.34217,False
1956,00051,0001,05/23/2028 00:00:00,8.000000000,810.35455,False
1957,00010,0001,05/23/2028 00:00:00,400.000000000,25.09715,False
1957,00032,0001,05/23/2028 00:00:00,120.000000000,304.79330,False
1958,00051,0001,05/23/2028 00:00:00,40.000000000,810.35455,False
1959,00049,0001,05/23/2028 00:00:00,20.000000000,681.64584,False
1959,00051,0001,05/23/2028 00:00:00,40.000000000,810.35455,False
1959,00118,0001,05/23/2028 00:00:00,5.000000000,2722.75000,False
1959,00180,0001,05/23/2028 00:00:00,20.000000000,2198.82000,False
1959,00230,0001,05/23/2028 00:00:00,40.000000000,1223.22125,False
1960,00206,0001,05/23/2028 00:00:00,60.000000000,473.41667,False
1961,00037,0001,05/23/2028 00:00:00,2.000000000,1548.33700,False
1962,00273,0001,05/23/2028 00:00:00,10.000000000,1638.30000,False
1962,00278,0001,05/23/2028 00:00:00,32.000000000,1292.38115,False
1962,00280,0001,05/23/2028 00:00:00,32.000000000,971.32815,False
1962,00289,0001,05/23/2028 00:00:00,10.000000000,4784.60000,False
1963,00026,0001,05/26/2028 00:00:00,1000.000000000,28.70175,False
1963,00028,0001,05/26/2028 00:00:00,100.000000000,717.54375,False
1963,00078,0003,05/27/2028 00:00:00,100.000000000,650.50000,False
1963,00086,0001,05/26/2028 00:00:00,240.000000000,409.89583,False
1964,00016,0001,05/26/2028 00:00:00,25.000000000,400.60000,False
1964,00020,0001,05/22/2028 00:00:00,125.000000000,53.91063,False
1964,00022,0001,05/26/2028 00:00:00,15.000000000,673.53125,False
1964,00022,001,05/18/2028 00:00:00,5.000000000,514.50000,False
1964,00039,0001,02/17/2027 00:00:00,60.000000000,160.36892,False
1964,00040,0002,05/18/2028 00:00:00,5.000000000,1544.33333,False
1964,00049,0001,05/23/2028 00:00:00,16.000000000,681.64584,False
1964,00125,0001,05/26/2028 00:00:00,20.000000000,747.11625,False
1964,00126,0001,05/26/2028 00:00:00,75.000000000,79.44700,False
1964,00212,0003,05/27/2028 00:00:00,6.000000000,1060.65775,False
1964,00215,0001,02/11/2027 00:00:00,50.000000000,51.06008,False
1964,00220,0002,05/18/2028 00:00:00,11.000000000,537.70250,False
1964,00231,0001,05/23/2028 00:00:00,20.000000000,361.03029,False
1964,00233,0003,05/27/2028 00:00:00,400.000000000,23.01423,False
1964,00258,0001,04/15/2028 00:00:00,10.000000000,1932.34217,False
1964,00262,0001,05/26/2028 00:00:00,150.000000000,15.11146,False
1964,00265,0001,05/26/2028 00:00:00,125.000000000,36.34933,False
1965,00147,0002,05/18/2028 00:00:00,10.000000000,1940.73675,False
1965,00147,0003,05/27/2028 00:00:00,74.000000000,2357.43244,False
1966,00199,0002,05/22/2028 00:00:00,5.000000000,608.82347,False
1967,00040,0002,05/18/2028 00:00:00,5.000000000,1544.33333,False
1967,00040,0003,05/27/2028 00:00:00,3.000000000,784.37497,False
1968,00124,0001,12/08/2027 00:00:00,4.000000000,27762.80835,False
1969,00129,0001,04/17/2028 00:00:00,4.000000000,912.10188,False
1969,00129,0003,05/28/2028 00:00:00,8.000000000,2818.25000,False
1969,00130,0001,04/15/2028 00:00:00,4.000000000,910.76446,False
1969,00130,0003,05/28/2028 00:00:00,108.000000000,974.75106,False
1969,00131,0003,05/28/2028 00:00:00,20.000000000,970.77100,False
1969,00132,0003,05/27/2028 00:00:00,80.000000000,1302.58395,False
1969,00135,0003,05/27/2028 00:00:00,96.000000000,993.09999,False
1969,00136,0003,05/27/2028 00:00:00,80.000000000,826.53125,False
1969,00144,0003,05/28/2028 00:00:00,24.000000000,835.54167,False
1969,00145,0001,04/17/2028 00:00:00,4.000000000,752.34513,False
1969,00145,0003,05/27/2028 00:00:00,120.000000000,726.61846,False
1970,00197,0003,05/27/2028 00:00:00,60.000000000,1086.65644,False
1971,00016,0003,05/28/2028 00:00:00,10.000000000,615.35000,False
1971,00022,0001,05/26/2028 00:00:00,5.000000000,673.53125,False
1971,00022,0003,05/27/2028 00:00:00,10.000000000,674.66675,False
1971,00231,0003,05/27/2028 00:00:00,10.000000000,325.33325,False
1972,00126,0001,05/26/2028 00:00:00,350.000000000,79.44700,False
1973,00231,0003,05/27/2028 00:00:00,10.000000000,325.33325,False
1973,00248,0002,05/22/2028 00:00:00,250.000000000,42.07150,False
1974,00047,0003,05/28/2028 00:00:00,200.000000000,1353.53600,False
1974,00048,0003,05/28/2028 00:00:00,600.000000000,223.25000,False
1975,00213,0003,05/28/2028 00:00:00,40.000000000,804.33150,False
1976,00274,0003,05/28/2028 00:00:00,40.000000000,2963.70000,False
1976,00278,0003,05/28/2028 00:00:00,52.000000000,1344.73079,False
1976,00286,0001,05/21/2028 00:00:00,32.000000000,709.05313,False
1976,00286,0003,05/28/2028 00:00:00,8.000000000,831.95000,False
1977,00049,0003,05/28/2028 00:00:00,24.000000000,688.06250,False
1977,00051,0003,05/28/2028 00:00:00,24.000000000,1145.16665,False
1977,00211,0003,05/28/2028 00:00:00,20.000000000,880.06000,False
1978,00180,0003,05/28/2028 00:00:00,20.000000000,2129.80333,False
1978,00247,0003,05/28/2028 00:00:00,40.000000000,1083.86250,False
1979,00039,0001,02/17/2027 00:00:00,75.000000000,160.36892,False
1979,00039,0003,05/28/2028 00:00:00,225.000000000,163.17308,False
1980,00157,0003,05/28/2028 00:00:00,200.000000000,678.00000,False
1981,00246,0003,05/29/2028 00:00:00,10.000000000,2568.33800,False
1982,00032,0003,05/28/2028 00:00:00,132.000000000,369.63562,False
1983,00152,0003,05/28/2028 00:00:00,99.000000000,198.77718,False
1984,00147,0003,05/27/2028 00:00:00,16.000000000,2357.43244,False
1984,00203,0003,05/30/2028 00:00:00,120.000000000,382.84167,False
1984,00205,0003,05/30/2028 00:00:00,120.000000000,341.70000,False
1984,00260,0003,05/29/2028 00:00:00,40.000000000,294.01800,False
1985,00053,0003,05/29/2028 00:00:00,8.000000000,404.00000,False
1985,00124,0001,12/08/2027 00:00:00,20.000000000,20726.75522,False
1985,00135,0003,05/27/2028 00:00:00,8.000000000,993.09999,False
1985,00197,0003,05/27/2028 00:00:00,12.000000000,1086.65644,False
1986,00220,0002,05/18/2028 00:00:00,10.000000000,537.70250,False
1987,00212,0003,05/27/2028 00:00:00,2.000000000,1060.65775,False
1987,00220,0002,05/18/2028 00:00:00,10.000000000,537.70250,False
1988,00039,0003,05/28/2028 00:00:00,480.000000000,163.17308,False
1989,00180,0003,05/28/2028 00:00:00,40.000000000,2129.80333,False
1989,00199,0002,05/22/2028 00:00:00,44.000000000,608.82347,False
1989,00199,0003,05/27/2028 00:00:00,356.000000000,1033.06296,False
1990,00220,0002,05/18/2028 00:00:00,10.000000000,537.70250,False
1991,00010,0003,06/02/2028 00:00:00,1000.000000000,23.36380,False
1991,00016,0003,06/02/2028 00:00:00,100.000000000,430.04000,False
1991,00022,0003,05/27/2028 00:00:00,200.000000000,680.28455,False
1991,00032,0003,06/02/2028 00:00:00,240.000000000,344.91786,False
1991,00199,0003,05/27/2028 00:00:00,35.000000000,1011.54868,False
1991,00231,0003,06/02/2028 00:00:00,200.000000000,287.33325,False
1991,00233,0003,06/02/2028 00:00:00,1000.000000000,20.18232,False
1991,00248,0002,05/22/2028 00:00:00,250.000000000,42.07150,False
1991,00248,0003,05/27/2028 00:00:00,750.000000000,26.46132,False
1992,00273,0003,06/02/2028 00:00:00,30.000000000,1062.01342,False
1992,00274,0003,06/02/2028 00:00:00,60.000000000,2335.73333,False
1992,00276,0003,06/02/2028 00:00:00,60.000000000,1068.27500,False
1992,00281,0003,06/02/2028 00:00:00,60.000000000,1107.50002,False
1992,00285,0003,06/02/2028 00:00:00,150.000000000,298.36266,False
1992,00289,0003,06/02/2028 00:00:00,30.000000000,4515.32233,False
1993,00053,0003,06/02/2028 00:00:00,120.000000000,937.03345,False
1993,00131,0003,06/02/2028 00:00:00,124.000000000,486.62662,False
1993,00184,0003,06/02/2028 00:00:00,120.000000000,401.08336,False
1993,00249,0003,06/02/2028 00:00:00,60.000000000,229.00000,False
1994,00073,0003,06/02/2028 00:00:00,1200.000000000,386.79700,False
1995,00257,0003,06/02/2034 00:00:00,200.000000000,144.00000,False
1995,00259,0003,06/02/2034 00:00:00,480.000000000,40.00000,False
1996,00048,0003,06/09/2028 00:00:00,600.000000000,225.33333,False
1997,00077,0003,06/09/2028 00:00:00,480.000000000,331.68750,False
1997,00327,0003,06/09/2028 00:00:00,12.000000000,1190.16667,False
1998,00016,0003,06/09/2028 00:00:00,20.000000000,552.60105,False
1999,00022,0003,05/27/2028 00:00:00,20.000000000,664.52444,False
1999,00052,0003,06/13/2028 00:00:00,16.000000000,1596.81250,False
1999,00121,0003,06/13/2028 00:00:00,50.000000000,276.12000,False
1999,00122,0003,06/13/2028 00:00:00,24.000000000,534.28333,False
1999,00182,0001,04/20/2028 00:00:00,300.000000000,17.70152,False
1999,00231,0003,06/15/2028 00:00:00,15.000000000,361.48511,False
2000,00016,0003,06/09/2028 00:00:00,15.000000000,552.60105,False
2000,00022,0003,05/27/2028 00:00:00,15.000000000,664.52444,False
2000,00231,0003,06/15/2028 00:00:00,15.000000000,361.48511,False
2001,00344,0003,06/15/2028 00:00:00,15.000000000,2900.19775,False
2002,00131,0003,06/15/2028 00:00:00,44.000000000,978.05456,False
2002,00209,0001,04/16/2028 00:00:00,10.000000000,620.37001,False
2002,00209,0003,06/15/2028 00:00:00,30.000000000,797.50000,False
2003,00053,0001,06/19/2034 00:00:00,8.000000000,12000.00000,False
2003,00084,0003,06/15/2028 00:00:00,16.000000000,773.41000,False
2003,00313,0003,06/15/2028 00:00:00,16.000000000,681.00000,False
2004,00016,0003,06/09/2028 00:00:00,105.000000000,552.60105,False
2005,00022,0003,05/27/2028 00:00:00,100.000000000,664.52444,False
2005,00182,0001,04/20/2028 00:00:00,1200.000000000,17.70152,False
2005,00182,0003,06/13/2028 00:00:00,300.000000000,15.92956,False
2005,00220,0001,05/26/2028 00:00:00,11.000000000,355.18180,False
2005,00220,0002,05/18/2028 00:00:00,9.000000000,537.70250,False
2005,00220,0003,05/29/2028 00:00:00,30.000000000,691.75500,False
2005,00231,0003,06/15/2028 00:00:00,71.000000000,361.48511,False
2005,00231,260326,06/13/2034 00:00:00,30.000000000,355.66675,False
2005,00233,0003,06/15/2028 00:00:00,2000.000000000,21.44800,False
2006,00191,0003,06/17/2028 00:00:00,30.000000000,1011.66667,False
2006,00292,0003,06/17/2028 00:00:00,200.000000000,1059.70000,False
2006,00349,0003,06/17/2028 00:00:00,200.000000000,1325.05200,False
2006,00350,0003,06/17/2028 00:00:00,40.000000000,1017.10000,False
2007,00265,0003,06/17/2028 00:00:00,500.000000000,51.92460,False
2008,00144,0003,06/18/2028 00:00:00,100.000000000,967.51900,False
2009,00016,0003,06/19/2028 00:00:00,11.000000000,596.27275,False
2009,00125,0003,06/09/2028 00:00:00,11.000000000,1245.38189,False
2010,00197,0004,06/19/2028 00:00:00,8.000000000,1152.45325,False
2010,00223,0004,06/19/2028 00:00:00,8.000000000,978.08940,False
2010,00269,0004,06/19/2028 00:00:00,8.000000000,636.25000,False
2010,00297,0004,06/19/2028 00:00:00,24.000000000,380.55121,False
2010,00309,0004,06/19/2028 00:00:00,12.000000000,1591.20238,False
2010,00344,0003,06/21/2028 00:00:00,21.000000000,3363.07929,False
2010,00345,0004,06/19/2028 00:00:00,8.000000000,740.00000,False
2010,00346,0004,06/19/2028 00:00:00,24.000000000,310.18333,False
2010,00347,0004,06/19/2028 00:00:00,24.000000000,344.40667,False
2010,00348,0004,06/19/2028 00:00:00,24.000000000,502.50714,False
2011,00020,0001,05/22/2028 00:00:00,5.000000000,53.91063,False
2011,00020,0004,06/20/2028 00:00:00,1245.000000000,53.42000,False
2011,00231,0004,06/20/2028 00:00:00,205.000000000,365.39158,False
2011,00248,0003,05/27/2028 00:00:00,500.000000000,26.46132,False
2011,00248,0004,06/20/2028 00:00:00,275.000000000,37.36462,False
2012,00138,0001,05/03/2028 00:00:00,4.000000000,838.97055,False
2012,00138,0004,06/23/2028 00:00:00,32.000000000,696.69444,False
2012,00188,0004,06/22/2028 00:00:00,36.000000000,1026.81084,False
2012,00194,0004,06/22/2028 00:00:00,36.000000000,1131.03333,False
2012,00287,0004,06/22/2028 00:00:00,36.000000000,734.81110,False
2012,00291,0004,06/23/2028 00:00:00,24.000000000,1561.27083,False
2013,00138,0004,06/23/2028 00:00:00,36.000000000,696.69444,False
2013,00228,0004,06/23/2028 00:00:00,22.000000000,2624.40164,False
2014,00286,0003,05/28/2028 00:00:00,32.000000000,831.95000,False
2014,00286,0004,06/23/2028 00:00:00,8.000000000,722.86000,False
2015,00032,0004,06/23/2028 00:00:00,72.000000000,292.55169,False
2015,00231,0004,06/20/2028 00:00:00,20.000000000,365.39158,False
2016,00051,0004,06/23/2028 00:00:00,40.000000000,1425.50000,False
2016,00052,0004,06/25/2028 00:00:00,40.000000000,890.27679,False
2016,00076,0004,06/23/2028 00:00:00,30.000000000,926.83333,False
2016,00178,0004,06/23/2028 00:00:00,50.000000000,237.71360,False
2016,00247,0004,06/23/2028 00:00:00,40.000000000,598.45000,False
2017,00052,0004,06/25/2028 00:00:00,44.000000000,890.27679,False
2017,00170,0004,06/23/2034 00:00:00,8.000000000,712.93750,False
2017,00178,0004,06/23/2028 00:00:00,50.000000000,237.71360,False
2018,00049,0004,06/23/2028 00:00:00,4.000000000,762.41485,False
2019,00218,0004,06/24/2028 00:00:00,1500.000000000,46.55307,False
2019,00225,0004,06/24/2028 00:00:00,40.000000000,700.56000,False
2020,00049,0004,06/23/2028 00:00:00,8.000000000,762.41485,False
2021,00008,0004,06/24/2028 00:00:00,200.000000000,24.83747,False
2021,00016,0004,06/24/2028 00:00:00,20.000000000,587.75000,False
2021,00265,0004,06/24/2028 00:00:00,500.000000000,50.82400,False
2022,00010,0004,06/24/2028 00:00:00,1000.000000000,23.37639,False
2022,00013,0004,06/24/2028 00:00:00,1000.000000000,23.17560,False
2022,00182,0003,06/13/2028 00:00:00,1466.000000000,15.92956,False
2022,00262,0004,06/24/2028 00:00:00,1500.000000000,13.10333,False
2022,00351,0004,06/24/2028 00:00:00,4.000000000,15436.81250,False
2023,00116,0004,06/24/2028 00:00:00,20.000000000,1035.75000,False
2024,00285,0004,06/26/2028 00:00:00,210.000000000,270.69444,False
2024,00286,0004,06/23/2028 00:00:00,60.000000000,721.49919,False
2025,00016,0004,06/28/2028 00:00:00,30.000000000,573.17761,False
2025,00020,0004,06/20/2028 00:00:00,500.000000000,60.15584,False
2025,00022,0003,05/27/2028 00:00:00,5.000000000,664.52444,False
2025,00022,0004,06/28/2028 00:00:00,45.000000000,582.87557,False
2025,00220,0003,05/29/2028 00:00:00,50.000000000,691.75500,False
2025,00220,0004,06/28/2028 00:00:00,250.000000000,635.92965,False
2025,00231,0004,06/28/2028 00:00:00,150.000000000,366.80233,False
2025,00233,0004,06/28/2028 00:00:00,300.000000000,10.76108,False
2025,00259,0004,06/28/2028 00:00:00,480.000000000,22.39745,False
2025,00265,0004,06/28/2028 00:00:00,500.000000000,142.36253,False
2026,00039,0003,05/28/2028 00:00:00,75.000000000,163.17308,False
2026,00039,0004,06/28/2028 00:00:00,270.000000000,163.26571,False
2026,00040,0001,05/27/2028 00:00:00,10.000000000,833.26156,False
2027,00040,0004,06/28/2028 00:00:00,200.000000000,733.52302,False
2028,00010,0004,06/28/2028 00:00:00,200.000000000,25.15298,False
2028,00016,0004,06/28/2028 00:00:00,10.000000000,573.17761,False
2028,00020,0004,06/20/2028 00:00:00,75.000000000,60.15584,False
2028,00052,0004,06/28/2028 00:00:00,16.000000000,963.85000,False
2028,00215,0001,02/11/2027 00:00:00,500.000000000,51.06008,False
2028,00215,0004,06/28/2028 00:00:00,25.000000000,141.98098,False
2028,00220,0004,06/28/2028 00:00:00,5.000000000,635.92965,False
2028,00231,0004,06/28/2028 00:00:00,10.000000000,366.80233,False
2028,00257,0004,06/28/2028 00:00:00,400.000000000,27.59838,False
2028,00258,0001,04/15/2028 00:00:00,1.000000000,1932.34217,False
2028,00258,0004,06/28/2028 00:00:00,4.000000000,3771.90000,False
2028,00259,0004,06/28/2028 00:00:00,240.000000000,22.39745,False
2029,00010,0004,06/28/2028 00:00:00,300.000000000,25.15298,False
2029,00016,0004,06/28/2028 00:00:00,25.000000000,573.17761,False
2029,00022,0004,06/28/2028 00:00:00,5.000000000,582.87557,False
2029,00032,0004,06/28/2028 00:00:00,48.000000000,295.03667,False
2029,00049,0004,06/28/2028 00:00:00,8.000000000,732.13572,False
2029,00051,0004,06/28/2028 00:00:00,8.000000000,872.65095,False
2029,00215,0004,06/28/2028 00:00:00,500.000000000,141.98098,False
2029,00231,0004,06/28/2028 00:00:00,10.000000000,366.80233,False
2029,00258,0004,06/28/2028 00:00:00,5.000000000,3771.90000,False
2029,00259,0004,06/28/2028 00:00:00,185.000000000,22.39745,False
2030,00352,0004,06/29/2028 00:00:00,12.000000000,3757.49175,False
2031,00032,004,07/02/2028 00:00:00,60.000000000,296.35667,False
2031,00049,0004,06/28/2028 00:00:00,20.000000000,732.13572,False
2032,00047,0004,06/29/2028 00:00:00,100.000000000,1774.18800,False
2032,00137,0004,06/29/2028 00:00:00,20.000000000,4968.77500,False
2032,00150,0004,06/29/2028 00:00:00,80.000000000,716.21750,False
2032,00156,0004,06/30/2028 00:00:00,227.000000000,715.11006,False
2032,00157,0004,06/29/2028 00:00:00,80.000000000,547.71250,False
2032,00196,0004,06/29/2028 00:00:00,20.000000000,716.00000,False
2033,00016,0004,06/28/2028 00:00:00,57.000000000,573.17761,False
2034,00028,0004,07/01/2028 00:00:00,100.000000000,1232.04375,False
2035,00022,0004,06/28/2028 00:00:00,100.000000000,582.87557,False
2036,00035,0001,07/01/2028 00:00:00,4.000000000,7730.00000,False
2036,00231,0004,06/28/2028 00:00:00,2.000000000,366.80233,False
2037,00273,0004,07/02/2028 00:00:00,20.000000000,947.62000,False
2037,00274,0004,07/02/2028 00:00:00,32.000000000,2500.15309,False
2037,00275,0004,07/02/2028 00:00:00,60.000000000,625.11606,False
2037,00276,0004,07/01/2028 00:00:00,52.000000000,917.64562,False
2037,00277,0004,07/01/2028 00:00:00,60.000000000,349.13396,False
2037,00278,0004,07/01/2028 00:00:00,60.000000000,872.02443,False
2037,00279,0004,07/01/2028 00:00:00,120.000000000,302.85714,False
2037,00280,0004,07/02/2028 00:00:00,40.000000000,1456.80044,False
2037,00281,0004,07/01/2028 00:00:00,52.000000000,845.40497,False
2037,00282,0004,07/01/2028 00:00:00,60.000000000,292.18583,False
2037,00285,0004,06/26/2028 00:00:00,150.000000000,270.69444,False
2037,00286,0004,06/23/2028 00:00:00,20.000000000,721.49919,False
2037,00289,0004,07/02/2028 00:00:00,30.000000000,5061.28675,False
2038,00283,0004,07/02/2028 00:00:00,594.000000000,590.50706,False
2039,00208,0004,07/02/2028 00:00:00,240.000000000,498.20833,False
2040,00212,0004,07/02/2028 00:00:00,50.000000000,1281.20800,False
2040,00220,0004,06/28/2028 00:00:00,50.000000000,635.92965,False
2041,00139,0004,07/02/2028 00:00:00,40.000000000,660.35625,False
2042,00124,0001,12/08/2027 00:00:00,24.000000000,16587.90044,False
2043,00138,0001,03/11/2027 00:00:00,36.000000000,962.22111,False
2043,00188,0001,03/16/2027 00:00:00,36.000000000,1050.69733,False
2043,00194,0001,03/16/2027 00:00:00,28.000000000,953.59286,False
2043,00287,0001,03/16/2027 00:00:00,28.000000000,972.24839,False
2043,00296,0001,03/16/2027 00:00:00,35.000000000,729.64777,False
2044,00073,0004,07/12/2028 00:00:00,1200.000000000,198.02628,False
2045,00127,0004,07/12/2028 00:00:00,1000.000000000,88.81223,False
2046,00086,0004,07/12/2028 00:00:00,240.000000000,175.89630,False
2047,00233,0004,07/12/2028 00:00:00,100.000000000,20.03440,False
2047,00259,0004,07/12/2028 00:00:00,540.000000000,22.03834,False
2048,00051,0004,07/12/2028 00:00:00,60.000000000,826.47749,False
2048,00211,0004,07/12/2028 00:00:00,60.000000000,846.74945,False
2049,00124,0001,12/08/2027 00:00:00,24.000000000,16169.45004,False
2050,00051,0004,07/12/2028 00:00:00,60.000000000,826.47749,False
2050,00052,0004,07/12/2028 00:00:00,44.000000000,718.09481,False
2050,00199,0003,05/27/2028 00:00:00,49.000000000,1011.54868,False
2050,00199,0004,07/12/2028 00:00:00,353.000000000,1115.99322,False
2050,00247,0004,07/12/2028 00:00:00,40.000000000,1095.09279,False
2051,00315,0004,07/12/2028 00:00:00,100.000000000,519.60000,False
2052,00353,0001,07/12/2034 00:00:00,20.000000000,15000.00000,False
2053,00032,0004,07/12/2028 00:00:00,120.000000000,280.17013,False
2053,00039,0004,07/12/2028 00:00:00,495.000000000,144.11268,False
2053,00049,0004,07/12/2028 00:00:00,20.000000000,680.55224,False
2054,00130,0004,07/13/2028 00:00:00,20.000000000,841.66972,False
2054,00136,0004,07/13/2028 00:00:00,80.000000000,747.14459,False
2054,00145,0003,05/27/2028 00:00:00,4.000000000,726.61846,False
2054,00145,0004,07/13/2028 00:00:00,36.000000000,1357.60932,False
2054,00197,0004,07/12/2028 00:00:00,20.000000000,575.04285,False
2054,00203,0004,07/13/2028 00:00:00,180.000000000,408.82628,False
2054,00269,0004,07/13/2028 00:00:00,20.000000000,995.69054,False
2054,00272,0001,07/13/2028 00:00:00,20.000000000,743.92944,False
2054,00345,0001,07/12/2028 00:00:00,12.000000000,986.40612,False
2055,00022,0004,06/28/2028 00:00:00,50.000000000,655.07960,False
2055,00032,0004,07/12/2028 00:00:00,120.000000000,280.17013,False
2055,00182,0003,06/13/2028 00:00:00,34.000000000,15.92956,False
2055,00182,0004,06/24/2028 00:00:00,1371.000000000,16.17813,False
2055,00212,0004,07/13/2028 00:00:00,100.000000000,1354.18775,False
2055,00220,0004,06/28/2028 00:00:00,100.000000000,567.70988,False
2055,00231,0004,07/13/2028 00:00:00,100.000000000,599.00000,False
2055,00233,0004,07/12/2028 00:00:00,400.000000000,20.03440,False
2055,00259,0004,07/12/2028 00:00:00,1420.000000000,22.03834,False
2056,00363,0001,07/15/2034 00:00:00,4.000000000,14000.00000,False
2057,00039,0004,07/12/2028 00:00:00,150.000000000,144.11268,False
2058,00053,0004,07/13/2028 00:00:00,100.000000000,1681.16701,False
2058,00118,0004,07/13/2028 00:00:00,21.000000000,2241.40407,False
2058,00129,0004,07/13/2028 00:00:00,60.000000000,987.30919,False
2058,00130,0004,07/13/2028 00:00:00,20.000000000,841.66972,False
2058,00131,0004,07/13/2028 00:00:00,40.000000000,787.85155,False
2058,00133,0004,07/13/2028 00:00:00,40.000000000,1391.45829,False
2058,00135,0004,07/13/2028 00:00:00,20.000000000,648.28944,False
2058,00147,0003,05/27/2028 00:00:00,10.000000000,2357.43244,False
2058,00147,0004,07/13/2028 00:00:00,19.000000000,1203.03437,False
2058,00177,0004,07/13/2028 00:00:00,44.000000000,1924.49327,False
2058,00202,0004,07/13/2028 00:00:00,60.000000000,320.60600,False
2058,00204,0004,07/14/2028 00:00:00,180.000000000,339.51711,False
2058,00253,0004,07/13/2028 00:00:00,120.000000000,286.35495,False
2058,00271,0004,07/13/2028 00:00:00,20.000000000,850.48944,False
2058,00307,0004,07/13/2028 00:00:00,8.000000000,2065.56444,False
2058,00311,0004,07/13/2028 00:00:00,8.000000000,583.11444,False
2058,00354,0001,07/15/2034 00:00:00,36.000000000,8800.00000,False
2058,00356,0001,07/14/2028 00:00:00,180.000000000,324.95883,False
2059,00363,0001,07/15/2034 00:00:00,3.000000000,14000.00000,False
2060,00053,0004,07/13/2028 00:00:00,100.000000000,1681.16701,False
2060,00129,0004,07/13/2028 00:00:00,60.000000000,987.30919,False
2060,00130,0004,07/13/2028 00:00:00,40.000000000,841.66972,False
2060,00131,0004,07/13/2028 00:00:00,40.000000000,787.85155,False
2060,00133,0004,07/13/2028 00:00:00,20.000000000,1391.45829,False
2060,00134,0004,07/14/2028 00:00:00,60.000000000,666.08335,False
2060,00136,0004,07/13/2028 00:00:00,84.000000000,747.14459,False
2060,00145,0004,07/13/2028 00:00:00,40.000000000,1357.60932,False
2060,00190,0001,07/09/2034 00:00:00,20.000000000,1600.00000,False
2060,00190,0004,07/14/2028 00:00:00,220.000000000,684.38030,False
2060,00203,0004,07/13/2028 00:00:00,60.000000000,408.82628,False
2060,00216,0004,07/15/2028 00:00:00,240.000000000,326.60120,False
2060,00253,0004,07/13/2028 00:00:00,180.000000000,286.35495,False
2060,00306,0004,07/15/2028 00:00:00,20.000000000,1469.74805,False
2061,00358,0001,07/15/2028 00:00:00,12.000000000,884.25000,False
2061,00359,0001,07/15/2028 00:00:00,12.000000000,1203.50000,False
2061,00360,0001,07/15/2028 00:00:00,12.000000000,726.75000,False
2061,00361,0001,07/15/2028 00:00:00,12.000000000,1286.53333,False
2061,00362,0001,07/15/2028 00:00:00,12.000000000,862.50000,False
2062,00357,0001,07/15/2028 00:00:00,4.000000000,954.37500,False
2063,00158,0004,07/15/2028 00:00:00,94.000000000,446.59573,False
2064,00274,0004,07/15/2028 00:00:00,40.000000000,2550.30000,False
2065,00039,0004,07/12/2028 00:00:00,210.000000000,144.11268,False
2065,00363,0001,07/15/2034 00:00:00,13.000000000,14000.00000,False
2066,00008,0004,07/15/2028 00:00:00,1491.000000000,31.77257,False
2066,00010,0004,07/15/2028 00:00:00,500.000000000,35.60136,False
2066,00039,0004,07/12/2028 00:00:00,210.000000000,144.11268,False
2066,00201,0004,07/15/2028 00:00:00,331.000000000,35.54381,False
2066,00257,0001,07/15/2028 00:00:00,500.000000000,26.61956,False
2066,00284,0001,07/15/2028 00:00:00,95.000000000,341.26325,False
2066,00363,0001,07/15/2034 00:00:00,6.000000000,14000.00000,False
2067,00296,0004,07/15/2028 00:00:00,59.000000000,769.91525,False
2068,00051,0004,07/12/2028 00:00:00,44.000000000,919.46440,False
2068,00052,0004,07/12/2028 00:00:00,44.000000000,783.53829,False
2069,00165,0001,07/15/2028 00:00:00,2.000000000,11488.25000,False
2070,00199,0004,07/12/2028 00:00:00,5.000000000,1115.99322,False
2071,00138,0004,06/23/2028 00:00:00,48.000000000,863.27851,False
2071,00188,0004,07/17/2028 00:00:00,48.000000000,736.95835,False
2071,00194,0004,07/17/2028 00:00:00,40.000000000,443.10000,False
2071,00294,0004,07/17/2028 00:00:00,40.000000000,779.50000,False
2071,00295,0004,07/17/2028 00:00:00,24.000000000,1003.35000,False
2071,00298,0004,07/17/2028 00:00:00,24.000000000,701.25000,False
2071,00320,0004,07/17/2028 00:00:00,161.000000000,331.35031,False
2072,00223,0004,07/17/2028 00:00:00,44.000000000,830.22820,False
2073,00187,0001,05/23/2028 00:00:00,8.000000000,1437.34755,False
2073,00187,0004,07/17/2028 00:00:00,52.000000000,690.83333,False
2074,00047,0004,07/17/2028 00:00:00,100.000000000,1152.50000,False
2075,00051,0004,07/12/2028 00:00:00,40.000000000,919.46440,False
2075,00052,0004,07/12/2028 00:00:00,48.000000000,783.53829,False
2075,00209,0003,06/15/2028 00:00:00,10.000000000,797.50000,False
2075,00209,0004,07/19/2028 00:00:00,20.000000000,694.00000,False
2075,00247,0004,07/17/2028 00:00:00,40.000000000,790.25375,False
2076,00147,0004,07/13/2028 00:00:00,42.000000000,3273.56340,False
2076,00206,0004,07/19/2028 00:00:00,240.000000000,850.72917,False
2078,00357,0004,07/19/2028 00:00:00,1.000000000,726.37500,False
2079,00138,0004,06/23/2028 00:00:00,40.000000000,863.27851,False
2080,00016,0004,07/19/2028 00:00:00,30.000000000,380.00000,False
2080,00040,0002,11/06/2028 00:00:00,5.000000000,10000.00000,False
2080,00040,0004,06/28/2028 00:00:00,10.000000000,733.52302,False
2081,00244,0001,07/23/2028 00:00:00,1100.000000000,26.40218,False
2082,00278,0001,07/23/2028 00:00:00,40.000000000,1295.25000,False
2083,00358,0001,07/23/2028 00:00:00,12.000000000,1377.81667,False
2083,00360,0001,07/23/2028 00:00:00,12.000000000,902.06667,False
2083,00362,0001,07/23/2028 00:00:00,12.000000000,854.15000,False
2083,00364,0001,07/23/2028 00:00:00,24.000000000,1170.65000,False
2083,00365,0001,07/23/2028 00:00:00,10.000000000,3827.25000,False
2083,00366,0001,07/23/2028 00:00:00,10.000000000,606.53850,False
2083,00367,0001,07/23/2028 00:00:00,20.000000000,907.90000,False
2084,00050,0001,07/23/2028 00:00:00,12.000000000,412.84596,False
2085,00016,0001,07/23/2028 00:00:00,36.000000000,515.25000,False
2085,00231,0001,07/23/2028 00:00:00,150.000000000,426.24994,False
2086,00022,0001,07/23/2028 00:00:00,4.000000000,541.53850,False
2086,00357,0001,07/23/2028 00:00:00,2.000000000,10000.00000,False
2087,00220,0001,07/23/2028 00:00:00,10.000000000,619.32775,False
2088,00026,0001,07/23/2028 00:00:00,1000.000000000,50.03050,False
2088,00078,0001,07/23/2028 00:00:00,200.000000000,441.43600,False
2089,00274,0001,07/23/2028 00:00:00,52.000000000,2943.66922,False
2090,00137,0001,07/23/2028 00:00:00,20.000000000,3746.25000,False
2091,00054,0001,07/23/2028 00:00:00,12.000000000,396.11596,False
2091,00055,0001,07/23/2028 00:00:00,12.000000000,515.38596,False
2091,00063,0001,07/23/2028 00:00:00,12.000000000,379.78596,False
2091,00368,0001,07/23/2028 00:00:00,12.000000000,508.55596,False
2092,00019,0001,07/22/2034 00:00:00,56.000000000,1440.00000,False
2092,00046,0001,07/23/2028 00:00:00,8.000000000,1134.17500,False
2092,00052,0001,07/23/2028 00:00:00,8.000000000,908.54514,False
2092,00053,0001,07/23/2028 00:00:00,4.000000000,9000.00000,False
2092,00119,0001,07/23/2028 00:00:00,4.000000000,1123.30000,False
2092,00231,0001,07/23/2028 00:00:00,50.000000000,426.24994,False
2092,00261,0001,07/23/2028 00:00:00,8.000000000,1114.90000,False
2093,00052,0001,07/23/2028 00:00:00,28.000000000,908.54514,False
2094,00228,0001,07/24/2028 00:00:00,24.000000000,2111.00008,False
2095,00147,0001,07/24/2028 00:00:00,10.000000000,4563.50000,False
2096,00135,0001,07/29/2028 00:00:00,40.000000000,2138.87500,False
2096,00177,0001,07/29/2028 00:00:00,48.000000000,2318.81668,False
2096,00356,0001,07/29/2028 00:00:00,48.000000000,319.15596,False
2097,00138,0001,07/29/2028 00:00:00,104.000000000,1009.17308,False
2097,00307,0001,07/29/2028 00:00:00,44.000000000,3585.93627,False
2098,00364,0001,07/29/2028 00:00:00,28.000000000,1175.74807,False
2099,00016,0001,07/29/2028 00:00:00,5.000000000,583.59825,False
2100,00184,0001,07/29/2028 00:00:00,190.000000000,291.67236,False
2100,00205,0001,07/29/2028 00:00:00,120.000000000,541.93344,False
2101,00124,0001,07/29/2034 00:00:00,24.000000000,5000.00000,False
2102,00040,0001,07/29/2028 00:00:00,10.000000000,627.78050,False
2103,00194,0001,08/02/2028 00:00:00,48.000000000,714.10000,False
2104,00274,0001,08/02/2028 00:00:00,100.000000000,2626.85521,False
2104,00276,0001,08/02/2028 00:00:00,40.000000000,864.73088,False
2104,00278,0001,08/02/2028 00:00:00,20.000000000,1409.97610,False
2104,00280,0001,08/02/2028 00:00:00,32.000000000,1845.28956,False
2104,00281,0001,08/02/2028 00:00:00,32.000000000,1052.10963,False
2105,00022,0001,08/02/2028 00:00:00,10.000000000,491.52650,False
2106,00008,0001,08/02/2028 00:00:00,1077.000000000,34.36715,False
2106,00010,0001,08/02/2028 00:00:00,2000.000000000,27.38060,False
2106,00013,0001,08/02/2028 00:00:00,381.000000000,26.18735,False
2106,00016,0001,08/02/2028 00:00:00,200.000000000,584.06435,False
2106,00030,0001,08/02/2028 00:00:00,750.000000000,32.89546,False
2106,00032,0001,08/02/2028 00:00:00,180.000000000,226.28706,False
2106,00212,0001,08/02/2028 00:00:00,49.000000000,1462.34075,False
2106,00220,0001,08/02/2028 00:00:00,50.000000000,610.27135,False
2106,00231,0001,08/02/2028 00:00:00,100.000000000,519.82554,False
2106,00233,0001,08/02/2028 00:00:00,2000.000000000,25.26363,False
2106,00257,0001,08/02/2028 00:00:00,1000.000000000,28.78459,False
2106,00259,0001,08/02/2028 00:00:00,2400.000000000,24.19121,False
2106,00369,0001,08/02/2028 00:00:00,480.000000000,270.45352,False
2107,00369,0001,08/02/2028 00:00:00,96.000000000,270.45352,False
2108,00369,0001,08/02/2028 00:00:00,192.000000000,270.45352,False
2109,00369,0001,08/02/2028 00:00:00,288.000000000,270.45352,False
2110,00369,0001,08/02/2028 00:00:00,288.000000000,270.45352,False
2111,00051,0001,08/03/2028 00:00:00,24.000000000,1138.75158,False
2111,00226,0001,08/03/2028 00:00:00,24.000000000,608.10062,False
2111,00260,0001,08/03/2028 00:00:00,16.000000000,802.78673,False
2111,00330,0001,08/03/2028 00:00:00,32.000000000,993.03441,False
2112,00022,0001,08/02/2028 00:00:00,20.000000000,491.52650,False
2112,00220,0001,08/02/2028 00:00:00,40.000000000,610.27135,False
2113,00028,0001,08/03/2028 00:00:00,100.000000000,1651.01625,False
2114,00318,0001,08/03/2028 00:00:00,240.000000000,266.70365,False
2115,00008,0001,08/02/2028 00:00:00,400.000000000,34.36715,False
2115,00265,0001,08/03/2028 00:00:00,960.000000000,59.16266,False
2116,00369,0001,08/02/2028 00:00:00,384.000000000,270.45352,False
2117,00292,0001,08/03/2028 00:00:00,80.000000000,1029.42161,False
2117,00370,0001,08/03/2028 00:00:00,120.000000000,164.04268,False
2118,00086,0001,08/04/2028 00:00:00,240.000000000,428.25414,False
2119,00363,0001,07/22/2028 00:00:00,4.000000000,14000.00000,False
2119,00369,0001,08/02/2028 00:00:00,384.000000000,285.22676,False
2120,00369,0001,08/02/2028 00:00:00,96.000000000,285.22676,False
2121,00010,0001,08/02/2028 00:00:00,200.000000000,27.38060,False
2121,00016,0001,08/02/2028 00:00:00,30.000000000,584.06435,False
2121,00020,0001,08/04/2028 00:00:00,100.000000000,54.26106,False
2121,00030,0001,08/02/2028 00:00:00,250.000000000,32.89546,False
2121,00032,0001,08/02/2028 00:00:00,60.000000000,226.28706,False
2121,00050,0001,08/04/2028 00:00:00,24.000000000,396.73573,False
2121,00233,0001,08/02/2028 00:00:00,200.000000000,25.26363,False
2121,00258,0001,08/04/2028 00:00:00,10.000000000,447.28334,False
2121,00259,0001,08/02/2028 00:00:00,1440.000000000,24.19121,False
2121,00369,0001,08/02/2028 00:00:00,96.000000000,285.22676,False
2122,00243,0001,08/04/2028 00:00:00,20.000000000,519.01375,False
2123,00016,0001,08/02/2028 00:00:00,20.000000000,584.06435,False
2123,00220,0001,08/02/2028 00:00:00,10.000000000,610.27135,False
2124,00259,0001,08/02/2028 00:00:00,1144.000000000,24.19121,False
2125,00315,0001,08/06/2028 00:00:00,100.000000000,734.02400,False
2126,00138,0001,08/06/2028 00:00:00,80.000000000,821.24424,False
2126,00189,0001,08/06/2028 00:00:00,56.000000000,1183.55861,False
2127,00208,0001,08/06/2028 00:00:00,360.000000000,275.23469,False
2128,00273,0001,08/06/2028 00:00:00,20.000000000,1021.52650,False
2128,00285,0001,08/06/2028 00:00:00,150.000000000,247.23300,False
2128,00371,0001,08/06/2028 00:00:00,20.000000000,1928.84105,False
2129,00040,0001,08/06/2028 00:00:00,2.000000000,744.02650,False
2129,00231,0001,08/02/2028 00:00:00,2.000000000,519.82554,False
2130,00129,0001,08/06/2028 00:00:00,44.000000000,1053.26456,False
2130,00130,0001,08/06/2028 00:00:00,4.000000000,1299.23058,False
2130,00135,0001,08/06/2028 00:00:00,128.000000000,2080.88856,False
2130,00136,0001,08/06/2028 00:00:00,44.000000000,840.59492,False
2130,00144,0001,08/06/2028 00:00:00,84.000000000,977.62769,False
2130,00177,0001,08/06/2028 00:00:00,92.000000000,814.28556,False
2131,00130,0001,08/06/2028 00:00:00,116.000000000,1299.23058,False
2131,00131,0001,08/12/2028 00:00:00,160.000000000,1079.04997,False
2131,00132,0001,08/12/2028 00:00:00,59.000000000,901.51504,False
2131,00133,0001,08/12/2028 00:00:00,60.000000000,1869.74500,False
2131,00145,0001,08/12/2028 00:00:00,164.000000000,1156.14839,False
2131,00260,0001,08/03/2028 00:00:00,92.000000000,802.78673,False
2131,00314,0001,08/12/2028 00:00:00,40.000000000,1224.57776,False
2131,00349,0001,08/12/2028 00:00:00,80.000000000,1094.71456,False
2132,00363,0001,07/22/2028 00:00:00,10.000000000,14000.00000,False
2133,00170,0001,08/12/2028 00:00:00,16.000000000,885.65697,False
2133,00266,0001,08/12/2028 00:00:00,12.000000000,807.09312,False
2134,00049,0001,08/12/2028 00:00:00,12.000000000,1356.78767,False
2135,00295,0001,08/12/2028 00:00:00,36.000000000,1054.16778,False
2135,00296,0001,08/12/2028 00:00:00,11.000000000,644.25377,False
2136,00180,0001,08/12/2028 00:00:00,32.000000000,983.68077,False
2137,00047,0001,08/12/2028 00:00:00,100.000000000,2254.56437,False
2138,00363,0001,07/22/2028 00:00:00,10.000000000,14000.00000,False
2139,00019,0001,08/12/2028 00:00:00,200.000000000,373.25000,False
2140,00156,0001,08/12/2028 00:00:00,200.000000000,290.37500,False
2141,00231,0001,08/02/2028 00:00:00,50.000000000,519.82554,False
2142,00125,0001,08/30/2028 00:00:00,22.000000000,652.66700,False
2143,00231,0001,08/02/2028 00:00:00,20.000000000,519.82554,False
2143,00258,0001,08/04/2028 00:00:00,5.000000000,447.28334,False
2144,00228,0001,08/12/2028 00:00:00,24.000000000,2466.78700,False
2145,00053,0001,08/12/2028 00:00:00,200.000000000,748.73779,False
2145,00124,0001,07/29/2034 00:00:00,42.000000000,5000.00000,False
2145,00129,0001,08/06/2028 00:00:00,6.000000000,1053.26456,False
2145,00147,0001,08/12/2028 00:00:00,130.000000000,2903.97050,False
2145,00184,0001,08/12/2028 00:00:00,156.000000000,316.04466,False
2145,00307,0001,08/12/2028 00:00:00,44.000000000,3331.85825,False
2145,00344,0001,08/12/2028 00:00:00,54.000000000,3053.33900,False
2146,00139,0001,08/12/2028 00:00:00,10.000000000,659.52650,False
2147,00276,0001,08/02/2028 00:00:00,52.000000000,864.73088,False
2147,00281,0001,08/02/2028 00:00:00,52.000000000,1052.10963,False
2147,00372,0001,08/12/2028 00:00:00,20.000000000,646.13434,False
2147,00373,0001,08/12/2028 00:00:00,5.000000000,4341.95900,False
2148,00363,0001,07/22/2028 00:00:00,7.000000000,14000.00000,False
2149,00285,0001,08/17/2028 00:00:00,150.000000000,255.49795,False
2149,00286,0001,08/17/2028 00:00:00,60.000000000,625.63525,False
2150,00022,0001,08/23/2028 00:00:00,100.000000000,492.08450,False
2151,00032,0001,08/23/2028 00:00:00,60.000000000,142.13076,False
2151,00233,0001,08/23/2028 00:00:00,200.000000000,24.88754,False
2152,00019,0001,08/23/2028 00:00:00,50.000000000,379.00000,False
2152,00040,0001,08/23/2028 00:00:00,2.000000000,772.97500,False
2153,00376,0001,08/23/2028 00:00:00,24.000000000,1148.12158,False
2154,00197,0001,08/23/2028 00:00:00,20.000000000,1199.99810,False
2155,00228,0001,08/23/2028 00:00:00,20.000000000,1840.96750,False
2155,00291,0001,08/23/2028 00:00:00,28.000000000,1128.88356,False
2155,00296,0001,08/23/2028 00:00:00,25.000000000,666.69400,False
2156,00156,0001,08/23/2028 00:00:00,400.000000000,390.37500,False
2157,00231,0001,08/24/2028 00:00:00,100.000000000,513.50000,False
2158,00220,0001,08/24/2028 00:00:00,150.000000000,848.35404,False
2159,00363,0001,07/22/2028 00:00:00,5.000000000,14000.00000,False
2160,00274,0001,09/04/2028 00:00:00,52.000000000,2100.57358,False
2160,00278,0001,09/04/2028 00:00:00,20.000000000,1477.88410,False
2160,00280,0001,09/04/2028 00:00:00,48.000000000,2041.84971,False
2160,00281,0001,09/04/2028 00:00:00,44.000000000,1114.82623,False
2160,00285,0001,09/04/2028 00:00:00,225.000000000,243.48398,False
2160,00289,0001,09/04/2028 00:00:00,10.000000000,2330.41250,False
2160,00373,0001,09/04/2028 00:00:00,10.000000000,4477.13650,False
2161,00352,0001,09/04/2028 00:00:00,20.000000000,3827.35675,False
2162,00016,0001,09/04/2028 00:00:00,34.000000000,525.40862,False
2162,00040,001,09/04/2028 00:00:00,10.000000000,873.93250,False
2162,00125,0001,09/04/2028 00:00:00,19.000000000,721.44525,False
2162,00231,0001,09/04/2028 00:00:00,100.000000000,487.06060,False
2163,00231,0001,09/04/2028 00:00:00,15.000000000,487.06060,False
2164,00124,0001,07/29/2034 00:00:00,16.000000000,5000.00000,False
2164,00135,0001,09/06/2028 00:00:00,20.000000000,1875.01528,False
2165,00051,0001,09/06/2028 00:00:00,40.000000000,1369.00126,False
2165,00211,0001,09/06/2028 00:00:00,40.000000000,996.03737,False
2165,00339,0001,09/06/2028 00:00:00,48.000000000,1481.95468,False
2165,00340,0001,09/06/2028 00:00:00,60.000000000,1085.87331,False
2166,00049,0001,09/06/2028 00:00:00,44.000000000,740.01506,False
2166,00052,0001,09/06/2028 00:00:00,44.000000000,1059.87390,False
2166,00211,0001,09/06/2028 00:00:00,8.000000000,996.03737,False
2167,00052,0001,09/06/2028 00:00:00,60.000000000,1059.87390,False
2168,00052,0001,09/06/2028 00:00:00,44.000000000,1059.87390,False
2169,00047,0001,09/06/2028 00:00:00,120.000000000,1861.16178,False
2170,00010,0001,09/06/2028 00:00:00,200.000000000,30.36892,False
2170,00233,0001,09/06/2028 00:00:00,200.000000000,33.02257,False
2170,00248,0001,09/06/2028 00:00:00,25.000000000,61.93533,False
2171,00010,0001,09/06/2028 00:00:00,500.000000000,30.36892,False
2171,00016,0001,09/04/2028 00:00:00,10.000000000,525.40862,False
2171,00022,0001,09/06/2028 00:00:00,30.000000000,498.37533,False
2171,00024,0001,09/06/2028 00:00:00,48.000000000,410.29130,False
2171,00030,0001,09/06/2028 00:00:00,1200.000000000,30.91332,False
2171,00032,0001,09/06/2028 00:00:00,60.000000000,363.05469,False
2171,00038,0001,09/06/2028 00:00:00,5.000000000,538.74446,False
2171,00052,0001,09/06/2028 00:00:00,12.000000000,1059.87390,False
2171,00054,0001,09/06/2028 00:00:00,24.000000000,409.95109,False
2171,00064,0001,09/06/2028 00:00:00,60.000000000,364.92276,False
2171,00091,0001,09/06/2028 00:00:00,8.000000000,917.21955,False
2171,00121,0001,09/06/2028 00:00:00,75.000000000,260.07048,False
2171,00151,0001,09/06/2028 00:00:00,60.000000000,431.76577,False
2171,00187,0001,09/06/2028 00:00:00,12.000000000,1719.01811,False
2171,00201,0001,09/06/2028 00:00:00,200.000000000,43.98313,False
2171,00212,0001,09/06/2028 00:00:00,10.000000000,1695.65910,False
2171,00220,0001,09/06/2028 00:00:00,10.000000000,630.30355,False
2171,00233,0001,09/06/2028 00:00:00,200.000000000,33.02257,False
2172,00363,0001,07/22/2028 00:00:00,100.000000000,14000.00000,False
2173,00197,0001,09/06/2028 00:00:00,100.000000000,1265.05052,False
2174,00051,0001,09/06/2028 00:00:00,8.000000000,1369.00126,False
2174,00170,0001,09/06/2028 00:00:00,16.000000000,697.72075,False
2175,00022,0001,09/06/2028 00:00:00,10.000000000,498.37533,False
2175,00220,0001,09/06/2028 00:00:00,5.000000000,630.30355,False
2175,00231,0001,09/04/2028 00:00:00,20.000000000,487.06060,False
2176,00357,0001,09/07/2028 00:00:00,10.000000000,708.10801,False
2177,00317,0001,09/07/2028 00:00:00,240.000000000,335.45817,False
2177,00318,0001,09/07/2028 00:00:00,240.000000000,285.89048,False
2177,00319,0001,09/07/2028 00:00:00,240.000000000,471.03059,False
2178,00040,0001,09/07/2028 00:00:00,1.000000000,1410.35588,False
2178,00377,0001,09/07/2028 00:00:00,40.000000000,2141.71275,False
2179,00375,0001,09/09/2028 00:00:00,3.000000000,718.80833,False
2180,00231,0001,09/04/2028 00:00:00,10.000000000,487.06060,False
2181,00074,0001,09/09/2028 00:00:00,2.000000000,924.38000,False
2182,00051,0001,09/06/2028 00:00:00,12.000000000,1369.00126,False
2182,00052,0001,09/06/2028 00:00:00,8.000000000,1059.87390,False
2182,00072,0001,09/09/2028 00:00:00,4.000000000,802.93536,False
2182,00076,0001,09/09/2028 00:00:00,2.000000000,1376.08125,False
2182,00163,0001,09/09/2028 00:00:00,8.000000000,1702.19644,False
2182,00209,0001,09/09/2028 00:00:00,2.000000000,905.47500,False
2182,00266,0001,09/09/2028 00:00:00,4.000000000,830.34130,False
2183,00124,0001,07/29/2034 00:00:00,8.000000000,5000.00000,False
2183,00273,0001,09/09/2028 00:00:00,20.000000000,1134.02050,False
2183,00274,0001,09/04/2028 00:00:00,60.000000000,2100.57358,False
2183,00285,0001,09/04/2028 00:00:00,150.000000000,243.48398,False
2183,00371,001,09/09/2028 00:00:00,20.000000000,1051.42016,False
2183,00372,0001,09/09/2028 00:00:00,20.000000000,757.86150,False
2184,00357,0001,09/07/2028 00:00:00,3.000000000,708.10801,False
2184,00363,0001,07/22/2028 00:00:00,5.000000000,14000.00000,False
2185,00026,0001,09/09/2028 00:00:00,1860.000000000,61.60615,False
2185,00028,0001,09/09/2028 00:00:00,100.000000000,1540.15375,False
2186,00220,0001,09/06/2028 00:00:00,10.000000000,630.30355,False
2187,00231,0001,09/04/2028 00:00:00,20.000000000,487.06060,False
2188,00008,0001,09/09/2028 00:00:00,400.000000000,32.19299,False
2188,00369,0001,08/12/2034 00:00:00,96.000000000,285.75229,False
2189,00008,0001,09/09/2028 00:00:00,400.000000000,32.19299,False
2189,00369,0001,08/12/2034 00:00:00,96.000000000,285.75229,False
2190,00369,0001,08/12/2034 00:00:00,1440.000000000,285.75229,False
2191,00369,0001,08/12/2034 00:00:00,480.000000000,285.75229,False
2192,00369,0001,08/12/2034 00:00:00,960.000000000,285.75229,False
2193,00369,0001,08/12/2034 00:00:00,96.000000000,285.75229,False
2194,00022,0001,09/06/2028 00:00:00,15.000000000,498.37533,False
2194,00035,0001,09/09/2028 00:00:00,10.000000000,5729.01475,False
2194,00124,0001,07/29/2034 00:00:00,2.000000000,5000.00000,False
2194,00199,0001,09/09/2028 00:00:00,2.000000000,990.91758,False
2194,00212,0001,09/06/2028 00:00:00,2.000000000,1695.65910,False
2194,00220,0001,09/06/2028 00:00:00,5.000000000,630.30355,False
2195,00019,0001,09/09/2028 00:00:00,50.000000000,390.85526,False
2195,00206,0001,09/09/2028 00:00:00,120.000000000,421.64282,False
2195,00226,0001,09/09/2028 00:00:00,120.000000000,512.01755,False
2195,00292,0001,09/09/2028 00:00:00,200.000000000,1060.03419,False
2195,00309,0001,09/09/2028 00:00:00,20.000000000,1614.25965,False
2195,00378,0001,09/09/2028 00:00:00,60.000000000,374.46270,False
2196,00035,0001,09/09/2028 00:00:00,7.000000000,5729.01475,False
2197,00344,0001,09/09/2028 00:00:00,22.000000000,3918.53368,False
2198,00197,0001,09/06/2028 00:00:00,100.000000000,1265.05052,False
2199,00051,0001,09/06/2028 00:00:00,68.000000000,1369.00126,False
2200,00016,0001,09/04/2028 00:00:00,20.000000000,525.40862,False
2200,00032,0001,09/06/2028 00:00:00,60.000000000,363.05469,False
2201,00016,0001,09/04/2028 00:00:00,10.000000000,525.40862,False
2202,00199,0001,09/09/2028 00:00:00,70.000000000,990.91758,False
2203,00369,0001,08/12/2034 00:00:00,480.000000000,285.75229,False
2204,00008,0001,09/09/2028 00:00:00,500.000000000,54.91228,False
2204,00010,0001,09/06/2028 00:00:00,500.000000000,63.39482,False
2204,00016,0001,09/04/2028 00:00:00,20.000000000,525.40862,False
2204,00032,0001,09/06/2028 00:00:00,60.000000000,363.05469,False
2204,00231,0001,09/21/2028 00:00:00,78.000000000,217.94875,False
2204,00248,0001,09/06/2028 00:00:00,500.000000000,61.93533,False
2205,00264,0001,09/10/2028 00:00:00,200.000000000,445.00000,False
2206,00030,0001,09/06/2028 00:00:00,1500.000000000,30.91332,False
2207,00380,0001,09/10/2028 00:00:00,60.000000000,2362.30827,False
2208,00047,0001,09/06/2028 00:00:00,200.000000000,1861.16178,False
2208,00048,0001,09/10/2028 00:00:00,255.000000000,275.06312,False
2208,00137,0001,09/10/2028 00:00:00,20.000000000,4329.72668,False
2209,00180,0001,09/10/2028 00:00:00,44.000000000,1376.98248,False
2210,00363,0001,07/22/2028 00:00:00,5.000000000,14000.00000,False
2211,00363,0001,07/22/2028 00:00:00,5.000000000,14000.00000,False
2212,00073,0001,09/10/2028 00:00:00,1296.000000000,463.88655,False
2213,00366,0001,09/10/2028 00:00:00,15.000000000,585.91442,False
2214,00266,0001,09/09/2028 00:00:00,40.000000000,830.34130,False
2215,00038,0001,09/06/2028 00:00:00,10.000000000,538.74446,False
2216,00086,0001,09/16/2028 00:00:00,480.000000000,413.64207,False
2217,00038,0001,09/06/2028 00:00:00,100.000000000,538.74446,False
2217,00046,0001,09/16/2028 00:00:00,60.000000000,865.61215,False
2218,00220,0001,09/06/2028 00:00:00,5.000000000,630.30355,False
2218,00363,0001,07/22/2028 00:00:00,2.000000000,14000.00000,False
2219,00147,0001,09/16/2028 00:00:00,3.000000000,1658.23338,False
2220,00363,0001,07/22/2028 00:00:00,40.000000000,14000.00000,False
2221,00357,000,09/07/2028 00:00:00,8.000000000,621.08656,False
2221,00357,0001,09/07/2028 00:00:00,20.000000000,708.10801,False
2222,00040,0001,09/07/2028 00:00:00,1.000000000,1410.35588,False
2222,00201,0001,09/06/2028 00:00:00,100.000000000,43.98313,False
2222,00212,0001,09/06/2028 00:00:00,1.000000000,1695.65910,False
2222,00233,0001,09/06/2028 00:00:00,100.000000000,33.02257,False
2222,00363,0001,07/22/2028 00:00:00,1.000000000,14000.00000,False
2223,00008,0001,09/09/2028 00:00:00,100.000000000,54.91228,False
2223,00010,0001,09/06/2028 00:00:00,100.000000000,63.39482,False
2223,00020,0001,09/16/2028 00:00:00,25.000000000,43.10015,False
2223,00032,0001,09/06/2028 00:00:00,12.000000000,363.05469,False
2223,00233,0001,09/06/2028 00:00:00,100.000000000,33.02257,False
2223,00257,0001,09/16/2028 00:00:00,100.000000000,34.33013,False
2223,00265,0001,09/16/2028 00:00:00,20.000000000,51.61642,False
2223,00369,0001,08/12/2034 00:00:00,96.000000000,285.75229,False
2224,00008,0001,09/09/2028 00:00:00,100.000000000,54.91228,False
2224,00032,0001,09/06/2028 00:00:00,12.000000000,363.05469,False
2224,00182,0001,09/16/2028 00:00:00,100.000000000,10.32437,False
2224,00258,0001,09/16/2028 00:00:00,4.000000000,540.41050,False
2224,00259,0001,09/16/2028 00:00:00,225.000000000,25.63039,False
2224,00262,0001,09/16/2028 00:00:00,100.000000000,14.18275,False
2224,00363,0001,07/22/2028 00:00:00,1.000000000,14000.00000,False
2224,00369,0001,08/12/2034 00:00:00,192.000000000,285.75229,False
2225,00381,0001,09/19/2028 00:00:00,120.000000000,304.44408,False
2226,00382,0001,09/19/2028 00:00:00,60.000000000,1363.14013,False
2227,00351,0001,09/19/2028 00:00:00,4.000000000,3767.88418,False
2228,00220,0001,09/06/2028 00:00:00,20.000000000,630.30355,False
2229,00049,0001,09/06/2028 00:00:00,24.000000000,740.01506,False
2230,00016,0001,09/04/2028 00:00:00,60.000000000,525.40862,False
2230,00019,0001,09/09/2028 00:00:00,80.000000000,390.85526,False
2230,00022,0001,09/06/2028 00:00:00,50.000000000,498.37533,False
2230,00032,0001,09/06/2028 00:00:00,120.000000000,363.05469,False
2230,00182,0001,09/16/2028 00:00:00,600.000000000,10.32437,False
2230,00199,0001,09/09/2028 00:00:00,7.000000000,990.91758,False
2230,00233,0001,09/06/2028 00:00:00,500.000000000,33.02257,False
2230,00248,0001,09/06/2028 00:00:00,500.000000000,51.73672,False
2230,00262,0001,09/16/2028 00:00:00,900.000000000,14.18275,False
2230,00363,0001,07/22/2028 00:00:00,5.000000000,14000.00000,False
2231,00147,0001,09/16/2028 00:00:00,10.000000000,1658.23338,False
2232,00358,0001,09/20/2028 00:00:00,20.000000000,1259.88053,False
2232,00362,0001,09/20/2028 00:00:00,24.000000000,1045.62077,False
2233,00016,0001,09/04/2028 00:00:00,10.000000000,525.40862,False
2233,00022,0001,09/06/2028 00:00:00,10.000000000,498.37533,False
2233,00248,0001,09/06/2028 00:00:00,100.000000000,51.73672,False
2233,00363,0001,07/22/2028 00:00:00,2.000000000,14000.00000,False
2234,00019,0001,09/09/2028 00:00:00,250.000000000,390.85526,False
2235,00022,0001,10/09/2028 00:00:00,1.000000000,438.57108,False
2235,00040,0001,09/07/2028 00:00:00,1.000000000,6983.61982,False
2235,00363,0001,07/22/2028 00:00:00,5.000000000,14000.00000,False
2236,00032,0001,09/06/2028 00:00:00,60.000000000,363.05469,False
2236,00041,0001,09/20/2028 00:00:00,10.000000000,771.61475,False
2236,00383,0001,09/20/2028 00:00:00,120.000000000,368.97520,False
2236,00384,0001,09/20/2028 00:00:00,120.000000000,318.48005,False
2237,00032,0001,09/06/2028 00:00:00,60.000000000,285.00729,False
2237,00265,001,09/30/2028 00:00:00,200.000000000,63.90694,False
2238,00020,001,09/30/2028 00:00:00,200.000000000,56.29715,False
2238,00265,001,09/30/2028 00:00:00,250.000000000,63.90694,False
2239,00259,0001,10/09/2028 00:00:00,430.000000000,19.74725,False
2239,00259,001,09/30/2028 00:00:00,20.000000000,286.54080,False
2239,00369,0001,08/12/2034 00:00:00,73.000000000,222.94897,False
2239,00369,001,10/01/2028 00:00:00,119.000000000,473.37149,False
2240,00078,001,10/01/2028 00:00:00,200.000000000,327.50375,False
2241,00398,0001,10/13/2034 00:00:00,40.000000000,3000.00000,False
2242,00032,0001,09/06/2028 00:00:00,60.000000000,285.00729,False
2242,00037,001,10/01/2028 00:00:00,1.000000000,1289.62475,False
2242,00231,001,10/01/2028 00:00:00,1.000000000,355.00000,False
2243,00010,001,10/01/2028 00:00:00,400.000000000,25.45255,False
2243,00233,001,10/01/2028 00:00:00,200.000000000,24.76927,False
2243,00248,001,10/01/2028 00:00:00,25.000000000,53.55760,False
2243,00259,0001,10/09/2028 00:00:00,225.000000000,19.74725,False
2243,00369,0001,08/12/2034 00:00:00,96.000000000,222.94897,False
2244,00385,001,10/01/2028 00:00:00,20.000000000,191.25040,False
2245,00019,0001,10/09/2028 00:00:00,85.000000000,313.41671,False
2246,00180,0001,09/10/2028 00:00:00,12.000000000,1384.03574,False
2247,00016,0001,09/04/2028 00:00:00,70.000000000,568.13160,False
2248,00016,0001,09/04/2028 00:00:00,15.000000000,568.13160,False
2249,00016,0001,09/04/2028 00:00:00,5.000000000,568.13160,False
2250,00016,0001,09/04/2028 00:00:00,10.000000000,568.13160,False
2251,00010,0001,10/09/2028 00:00:00,500.000000000,21.44397,False
2251,00020,0001,10/09/2028 00:00:00,25.000000000,51.92831,False
2251,00022,0001,10/09/2028 00:00:00,10.000000000,438.59665,False
2251,00032,0001,09/06/2028 00:00:00,120.000000000,284.32728,False
2251,00049,0001,09/06/2028 00:00:00,12.000000000,699.86327,False
2251,00052,0001,10/09/2028 00:00:00,20.000000000,969.58288,False
2251,00090,0001,10/09/2028 00:00:00,8.000000000,1788.32925,False
2251,00122,0001,10/09/2028 00:00:00,24.000000000,416.60513,False
2251,00152,0001,10/09/2028 00:00:00,50.000000000,184.22688,False
2251,00199,0001,10/09/2028 00:00:00,2.000000000,1309.18990,False
2251,00212,0001,09/06/2028 00:00:00,53.000000000,1769.61651,False
2251,00258,0001,10/09/2028 00:00:00,6.000000000,602.27450,False
2251,00259,0001,10/09/2028 00:00:00,450.000000000,19.74725,False
2251,00263,0001,10/09/2028 00:00:00,450.000000000,14.74021,False
2251,00369,0001,08/12/2034 00:00:00,288.000000000,222.94897,False
2251,00392,0001,10/09/2028 00:00:00,48.000000000,284.08024,False
2252,00208,0001,10/09/2028 00:00:00,368.000000000,259.30122,False
2253,00273,0001,10/09/2028 00:00:00,20.000000000,567.72625,False
2253,00274,0001,10/09/2028 00:00:00,120.000000000,1206.49167,False
2253,00278,0001,10/09/2028 00:00:00,40.000000000,1384.08850,False
2253,00281,0001,10/09/2028 00:00:00,24.000000000,1110.73973,False
2253,00285,0001,10/09/2028 00:00:00,300.000000000,191.39110,False
2253,00286,0001,10/09/2028 00:00:00,40.000000000,694.63115,False
2253,00289,0001,10/09/2028 00:00:00,20.000000000,2173.16343,False
2254,00363,0001,07/22/2028 00:00:00,5.000000000,14000.00000,False
2255,00363,0001,07/22/2028 00:00:00,5.000000000,14000.00000,False
2256,00188,0001,10/09/2028 00:00:00,32.000000000,1005.05570,False
2256,00194,0001,10/09/2028 00:00:00,32.000000000,852.26600,False
2256,00228,0001,10/09/2028 00:00:00,20.000000000,1809.67143,False
2256,00291,0001,10/09/2028 00:00:00,32.000000000,837.98425,False
2256,00295,0001,10/09/2028 00:00:00,40.000000000,1078.05695,False
2256,00296,0001,10/09/2028 00:00:00,20.000000000,717.50375,False
2257,00020,0001,10/09/2028 00:00:00,250.000000000,51.92831,False
2257,00022,0001,10/09/2028 00:00:00,50.000000000,438.59665,False
2257,00032,0001,09/06/2028 00:00:00,45.000000000,284.32728,False
2257,00049,0001,09/06/2028 00:00:00,40.000000000,699.86327,False
2257,00220,0001,10/09/2028 00:00:00,20.000000000,435.16633,False
2257,00369,0001,08/12/2034 00:00:00,480.000000000,222.94897,False
2258,00296,0001,10/09/2028 00:00:00,25.000000000,717.50375,False
2259,00220,0001,10/09/2028 00:00:00,20.000000000,435.16633,False
2259,00231,0001,10/09/2028 00:00:00,13.000000000,315.23556,False
2259,00231,001,10/01/2028 00:00:00,2.000000000,355.00000,False
2260,00294,0001,10/09/2028 00:00:00,36.000000000,1030.87463,False
2260,00320,0001,10/09/2028 00:00:00,180.000000000,212.69373,False
2261,00320,0001,10/09/2028 00:00:00,120.000000000,212.69373,False
2262,00197,0001,10/09/2028 00:00:00,108.000000000,712.56302,False
2263,00118,0001,10/09/2028 00:00:00,5.000000000,1819.67143,False
2263,00209,0001,10/09/2028 00:00:00,20.000000000,2657.86466,False
2263,00340,0001,10/09/2028 00:00:00,44.000000000,1113.67062,False
2264,00357,000,09/07/2028 00:00:00,2.000000000,621.08656,False
2264,00363,0001,07/22/2028 00:00:00,5.000000000,14000.00000,False
2265,00363,0001,07/22/2028 00:00:00,10.000000000,14000.00000,False
2266,00363,0001,07/22/2028 00:00:00,100.000000000,14000.00000,False
2267,00020,0001,10/09/2028 00:00:00,500.000000000,51.92831,False
2268,00231,0001,10/09/2028 00:00:00,200.000000000,315.23556,False
2268,00248,0001,10/09/2028 00:00:00,500.000000000,47.72157,False
2269,00019,0001,10/09/2028 00:00:00,60.000000000,313.41671,False
2270,00019,0001,10/09/2028 00:00:00,40.000000000,313.41671,False
2271,00020,0001,10/09/2028 00:00:00,500.000000000,51.92831,False
2271,00032,0001,09/06/2028 00:00:00,120.000000000,284.32728,False
2271,00049,0001,09/06/2028 00:00:00,20.000000000,699.86327,False
2271,00231,0001,10/09/2028 00:00:00,100.000000000,315.23556,False
2271,00369,0001,08/12/2034 00:00:00,480.000000000,222.94897,False
2272,00022,0001,10/09/2028 00:00:00,1.000000000,438.57236,False
2272,00074,0001,10/11/2028 00:00:00,1.000000000,500.00000,False
2272,00363,0001,07/22/2028 00:00:00,5.000000000,14000.00000,False
2273,00022,0001,10/09/2028 00:00:00,200.000000000,438.59665,False
2274,00368,0001,10/11/2028 00:00:00,24.000000000,506.31537,False
2275,00377,0001,10/11/2028 00:00:00,20.000000000,1226.34200,False
2275,00394,0001,10/11/2028 00:00:00,20.000000000,2000.00275,False
2276,00357,0001,10/09/2028 00:00:00,6.000000000,312.00922,False
2277,00020,0001,10/09/2028 00:00:00,125.000000000,51.92831,False
2277,00231,0001,10/09/2028 00:00:00,10.000000000,315.23556,False
2277,00248,0001,10/09/2028 00:00:00,125.000000000,47.72157,False
2277,00363,0001,07/22/2028 00:00:00,2.000000000,14000.00000,False
2278,00020,0001,10/09/2028 00:00:00,125.000000000,51.92831,False
2278,00022,0001,10/09/2028 00:00:00,5.000000000,438.59665,False
2278,00231,0001,10/09/2028 00:00:00,10.000000000,315.23556,False
2278,00248,0001,10/09/2028 00:00:00,125.000000000,47.72157,False
2278,00363,0001,07/22/2028 00:00:00,3.000000000,14000.00000,False
2279,00380,0001,10/11/2028 00:00:00,60.000000000,1819.65460,False
2279,00386,0001,10/11/2028 00:00:00,20.000000000,2064.69493,False
2279,00393,0001,10/11/2028 00:00:00,12.000000000,568.29484,False
2280,00139,0001,10/10/2028 00:00:00,10.000000000,648.00000,False
2280,00199,0001,10/09/2028 00:00:00,20.000000000,1309.18990,False
2280,00243,0001,10/11/2028 00:00:00,30.000000000,735.66675,False
2280,00264,001,10/11/2034 00:00:00,10.000000000,1500.00000,False
2281,00147,0001,10/11/2028 00:00:00,20.000000000,1768.75048,False
2281,00292,0001,10/11/2028 00:00:00,40.000000000,1115.30590,False
2282,00220,0001,10/09/2028 00:00:00,20.000000000,435.16633,False
2282,00231,0001,10/09/2028 00:00:00,100.000000000,315.23556,False
2282,00369,0001,08/12/2034 00:00:00,192.000000000,222.94897,False
2283,00008,0001,10/12/2028 00:00:00,400.000000000,31.85815,False
2283,00013,0001,10/12/2028 00:00:00,400.000000000,40.47800,False
2283,00016,0001,09/04/2028 00:00:00,20.000000000,568.13160,False
2283,00019,0001,10/09/2028 00:00:00,10.000000000,313.41671,False
2283,00030,0001,10/12/2028 00:00:00,900.000000000,29.77071,False
2283,00040,0001,09/07/2028 00:00:00,4.000000000,623.93305,False
2283,00201,0001,10/12/2028 00:00:00,200.000000000,37.12915,False
2283,00220,0001,10/09/2028 00:00:00,10.000000000,435.16633,False
2283,00233,0001,10/12/2028 00:00:00,400.000000000,25.05010,False
2283,00257,0001,10/12/2028 00:00:00,200.000000000,39.32842,False
2283,00258,0001,10/09/2028 00:00:00,10.000000000,602.27450,False
2283,00259,0001,10/09/2028 00:00:00,692.000000000,38.91712,False
2284,00051,0001,10/12/2028 00:00:00,8.000000000,1389.23850,False
2284,00052,0001,10/09/2028 00:00:00,12.000000000,969.58288,False
2284,00124,0001,07/29/2034 00:00:00,8.000000000,5000.00000,False
2284,00163,001,10/12/2028 00:00:00,4.000000000,1642.58705,False
2284,00179,0001,10/12/2028 00:00:00,8.000000000,1865.50000,False
2284,00180,0001,09/10/2028 00:00:00,12.000000000,1384.03574,False
2284,00199,0001,10/09/2028 00:00:00,4.000000000,1309.18990,False
2284,00209,0001,10/09/2028 00:00:00,4.000000000,2657.86466,False
2284,00211,0001,10/12/2028 00:00:00,8.000000000,704.57387,False
2284,00247,0001,10/12/2028 00:00:00,8.000000000,1212.80842,False
2284,00266,0001,10/12/2028 00:00:00,8.000000000,1215.89800,False
2284,00340,0001,10/09/2028 00:00:00,8.000000000,1113.67062,False
2285,00016,0001,09/04/2028 00:00:00,20.000000000,568.13160,False
2286,00008,0001,10/12/2028 00:00:00,500.000000000,31.85815,False
2286,00032,0001,09/06/2028 00:00:00,24.000000000,284.32728,False
2286,00201,0001,10/12/2028 00:00:00,200.000000000,37.12915,False
2286,00262,0001,10/12/2028 00:00:00,300.000000000,12.13892,False
2287,00052,0001,10/09/2028 00:00:00,60.000000000,969.58288,False
2287,00211,0001,10/12/2028 00:00:00,20.000000000,704.57387,False
2287,00247,0001,10/12/2028 00:00:00,40.000000000,1212.80842,False
2288,00008,0001,10/12/2028 00:00:00,100.000000000,31.85815,False
2288,00010,0001,10/09/2028 00:00:00,100.000000000,21.44397,False
2288,00013,0001,10/12/2028 00:00:00,100.000000000,40.47800,False
2288,00022,0001,10/09/2028 00:00:00,4.000000000,438.59665,False
2288,00257,0001,10/12/2028 00:00:00,100.000000000,39.32842,False
2289,00388,0001,10/12/2028 00:00:00,60.000000000,529.45667,False
2289,00389,0001,10/12/2028 00:00:00,60.000000000,523.65667,False
2289,00390,0001,10/12/2028 00:00:00,20.000000000,2066.91813,False
2289,00391,0001,10/12/2028 00:00:00,40.000000000,1049.45310,False
2289,00395,0001,10/12/2028 00:00:00,60.000000000,358.61588,False
2290,00047,0001,10/12/2028 00:00:00,100.000000000,846.43149,False
2290,00137,0001,09/25/2034 00:00:00,20.000000000,2655.00111,False
2290,00150,0001,09/25/2034 00:00:00,20.000000000,1651.02323,False
2291,00138,0001,10/12/2028 00:00:00,24.000000000,737.67815,False
2292,00360,0001,10/12/2028 00:00:00,12.000000000,898.76940,False
2292,00364,0001,10/12/2028 00:00:00,12.000000000,841.83510,False
2292,00365,0001,10/12/2028 00:00:00,10.000000000,2508.22668,False
2292,00376,0001,10/12/2028 00:00:00,12.000000000,1285.52240,False
2293,00019,0001,10/09/2028 00:00:00,40.000000000,313.41671,False
2293,00147,0001,10/11/2028 00:00:00,25.000000000,1768.75048,False
2293,00191,0001,10/12/2028 00:00:00,20.000000000,985.85825,False
2293,00343,0001,10/12/2028 00:00:00,50.000000000,378.00000,False
2294,00125,0001,10/12/2028 00:00:00,38.000000000,633.26668,False
2294,00126,0001,10/12/2028 00:00:00,2000.000000000,56.95869,False
2294,00265,0001,10/12/2028 00:00:00,500.000000000,58.87732,False
2295,00022,0001,10/09/2028 00:00:00,50.000000000,438.59665,False
2295,00220,0001,10/09/2028 00:00:00,50.000000000,435.16633,False
2295,00262,0001,10/12/2028 00:00:00,750.000000000,12.13892,False
2295,00369,0001,08/12/2034 00:00:00,480.000000000,222.94897,False
2296,00220,0001,10/09/2028 00:00:00,10.000000000,435.16633,False
2297,00022,0001,10/09/2028 00:00:00,2.000000000,438.59665,False
2297,00220,0001,10/09/2028 00:00:00,5.000000000,435.16633,False
2298,00022,0001,10/09/2028 00:00:00,5.000000000,438.59665,False
2298,00220,0001,10/09/2028 00:00:00,5.000000000,435.16633,False
2299,00019,0001,10/09/2028 00:00:00,20.000000000,313.41671,False
2300,00019,0001,10/09/2028 00:00:00,20.000000000,313.41671,False
2301,00231,0001,10/09/2028 00:00:00,8.000000000,316.27107,False
2302,00019,0001,10/09/2028 00:00:00,20.000000000,313.41671,False
2302,00020,0001,10/09/2028 00:00:00,300.000000000,51.92831,False
2302,00022,0001,10/09/2028 00:00:00,12.000000000,438.59665,False
2302,00030,0001,10/12/2028 00:00:00,850.000000000,29.77071,False
2302,00032,0001,09/06/2028 00:00:00,120.000000000,284.32728,False
2302,00040,0001,09/07/2028 00:00:00,13.000000000,623.93305,False
2302,00231,0001,10/09/2028 00:00:00,10.000000000,315.23556,False
2302,00262,0001,10/12/2028 00:00:00,1098.000000000,31.11896,False
2303,00019,0001,10/09/2028 00:00:00,5.000000000,313.41671,False
2303,00020,0001,10/09/2028 00:00:00,25.000000000,51.92831,False
2303,00030,0001,10/12/2028 00:00:00,150.000000000,41.92357,False
2303,00231,0001,10/09/2028 00:00:00,5.000000000,315.23556,False
2303,00248,0001,10/09/2028 00:00:00,25.000000000,47.72157,False
2303,00262,0001,10/15/2034 00:00:00,150.000000000,40.00000,False
2304,00122,0001,10/09/2028 00:00:00,48.000000000,416.60513,False
2304,00260,0001,10/15/2028 00:00:00,8.000000000,932.77967,False
2305,00396,0001,10/13/2028 00:00:00,20.000000000,1300.26435,False
2306,00393,0001,10/11/2028 00:00:00,40.000000000,568.29484,False
2307,00363,0001,07/22/2028 00:00:00,1.000000000,14000.00000,False
2308,00397,0001,10/13/2028 00:00:00,80.000000000,497.49557,False
2309,00357,0001,10/09/2028 00:00:00,10.000000000,312.00922,False
2310,00363,0001,07/22/2028 00:00:00,4.000000000,14000.00000,False
2311,00137,0001,09/25/2034 00:00:00,40.000000000,2655.00111,False
2312,00019,0001,07/22/2034 00:00:00,21.000000000,1440.00000,False
2313,00019,0001,07/22/2034 00:00:00,100.000000000,1440.00000,False
2313,00040,0001,09/07/2028 00:00:00,30.000000000,623.93305,False
2313,00220,0001,10/09/2028 00:00:00,100.000000000,435.16633,False
2314,00010,0001,10/09/2028 00:00:00,500.000000000,21.44397,False
2314,00032,0001,09/06/2028 00:00:00,60.000000000,284.32728,False
2314,00032,001,09/30/2028 00:00:00,60.000000000,264.92021,False
2314,00363,0001,07/22/2028 00:00:00,5.000000000,14000.00000,False
2315,00261,0001,10/14/2028 00:00:00,20.000000000,1169.19877,False
2316,00399,0001,10/16/2028 00:00:00,24.000000000,697.74863,False
2316,00400,0001,10/16/2028 00:00:00,24.000000000,471.61128,False
2316,00401,0001,10/16/2028 00:00:00,24.000000000,571.27602,False
2316,00402,280726,10/16/2028 00:00:00,24.000000000,488.22861,False
2316,00403,280726,10/16/2028 00:00:00,24.000000000,508.89413,False
2316,00404,0001,10/16/2028 00:00:00,24.000000000,341.47380,False
2317,00357,0001,10/16/2028 00:00:00,4.000000000,547.84972,False
2318,00380,0001,10/16/2028 00:00:00,60.000000000,740.73777,False
2319,00022,0001,10/09/2028 00:00:00,7.000000000,377.80551,False
2319,00212,0001,09/06/2028 00:00:00,2.000000000,1477.54569,False
2319,00220,0001,10/16/2028 00:00:00,2.000000000,460.33029,False
2319,00231,0001,10/09/2028 00:00:00,2.000000000,316.27107,False
2320,00052,0001,10/16/2028 00:00:00,20.000000000,927.73637,False
2320,00178,0001,10/16/2028 00:00:00,50.000000000,371.20668,False
2321,00220,0001,10/16/2028 00:00:00,10.000000000,460.33029,False
2322,00019,0001,10/16/2028 00:00:00,50.000000000,525.00000,False
2322,00258,0001,10/16/2034 00:00:00,2.000000000,2659.97388,False
2322,00265,0001,10/16/2028 00:00:00,500.000000000,64.68547,False
2322,00363,0001,07/22/2028 00:00:00,2.000000000,14000.00000,False
2323,00032,0001,10/19/2028 00:00:00,120.000000000,293.96960,False
2323,00032,001,09/30/2028 00:00:00,60.000000000,264.92021,False
2323,00049,0001,09/06/2028 00:00:00,32.000000000,697.77939,False
2323,00199,0001,10/19/2028 00:00:00,50.000000000,337.53100,False
2323,00258,0001,10/16/2034 00:00:00,30.000000000,2659.97388,False
2324,00363,0001,07/22/2028 00:00:00,2.000000000,14000.00000,False
2325,00220,0001,10/16/2028 00:00:00,5.000000000,460.33029,False
2326,00008,0001,10/19/2028 00:00:00,800.000000000,30.30803,False
2326,00010,0001,10/19/2028 00:00:00,800.000000000,12.64927,False
2326,00013,0001,10/19/2028 00:00:00,800.000000000,31.04649,False
2326,00201,0001,10/19/2028 00:00:00,400.000000000,31.25106,False
2326,00212,0001,09/06/2028 00:00:00,8.000000000,1477.54569,False
2326,00220,0001,10/16/2028 00:00:00,15.000000000,460.33029,False
2326,00233,0001,10/19/2028 00:00:00,800.000000000,23.94683,False
2326,00248,0001,10/09/2028 00:00:00,500.000000000,51.56079,False
2326,00257,0001,10/19/2028 00:00:00,400.000000000,26.64658,False
2326,00258,0001,10/16/2034 00:00:00,10.000000000,2659.97388,False
2326,00263,0001,10/19/2028 00:00:00,1200.000000000,14.63914,False
2326,00265,0001,10/16/2028 00:00:00,250.000000000,64.68547,False
2327,00357,0001,10/16/2028 00:00:00,2.000000000,547.84972,False
2328,00258,0001,10/27/2028 00:00:00,10.000000000,2608.89129,False
2328,00363,0001,07/22/2028 00:00:00,10.000000000,14000.00000,False
2329,00258,0001,10/27/2028 00:00:00,10.000000000,2608.89129,False
2329,00363,0001,07/22/2028 00:00:00,5.000000000,14000.00000,False
2330,00247,0001,10/27/2028 00:00:00,52.000000000,1429.43423,False
2331,00407,0001,10/27/2028 00:00:00,20.000000000,744.09411,False
2332,00199,0001,10/27/2028 00:00:00,2.000000000,1215.23864,False
2333,00266,0001,10/27/2028 00:00:00,44.000000000,895.00179,False
2334,00363,0001,07/22/2028 00:00:00,10.000000000,14000.00000,False
2335,00180,0001,09/10/2028 00:00:00,8.000000000,1561.84221,False
2335,00220,0001,10/27/2028 00:00:00,25.000000000,375.54859,False
2335,00377,0001,10/27/2028 00:00:00,10.000000000,2170.89725,False
2336,00008,0001,10/27/2028 00:00:00,950.000000000,20.59147,False
2336,00010,0001,10/27/2028 00:00:00,1600.000000000,19.96422,False
2336,00013,0001,10/27/2028 00:00:00,425.000000000,46.61706,False
2336,00032,0001,10/19/2028 00:00:00,360.000000000,276.71457,False
2336,00231,0001,10/09/2028 00:00:00,100.000000000,425.32330,False
2336,00248,0001,10/09/2028 00:00:00,425.000000000,49.46529,False
2336,00258,0001,10/27/2028 00:00:00,93.000000000,2608.89129,False
2336,00265,0001,10/27/2028 00:00:00,500.000000000,49.18808,False
2337,00052,0001,10/27/2028 00:00:00,44.000000000,1111.11413,False
2337,00170,0001,10/27/2028 00:00:00,20.000000000,833.75865,False
2337,00180,0001,09/10/2028 00:00:00,8.000000000,1561.84221,False
2337,00267,0001,10/27/2028 00:00:00,12.000000000,629.99830,False
2338,00199,0001,10/27/2028 00:00:00,10.000000000,1215.23864,False
2339,00022,0001,10/09/2028 00:00:00,20.000000000,426.90724,False
2339,00037,0001,10/29/2028 00:00:00,20.000000000,1384.22025,False
2339,00231,0001,10/09/2028 00:00:00,20.000000000,425.32330,False
2340,00363,0001,07/22/2028 00:00:00,16.000000000,14000.00000,False
2341,00008,0001,10/27/2028 00:00:00,200.000000000,30.05049,False
2341,00010,0001,10/27/2028 00:00:00,100.000000000,19.96422,False
2341,00013,0001,10/29/2028 00:00:00,100.000000000,64.00000,False
2341,00263,0001,10/27/2028 00:00:00,150.000000000,12.89026,False
2342,00022,0001,10/09/2028 00:00:00,50.000000000,426.90724,False
2342,00220,0001,10/27/2028 00:00:00,50.000000000,375.54859,False
2342,00231,0001,10/09/2028 00:00:00,100.000000000,425.32330,False
2343,00047,0001,10/28/2028 00:00:00,100.000000000,1549.84561,False
2343,00150,0001,09/25/2034 00:00:00,20.000000000,951.65966,False
2343,00158,0001,10/28/2028 00:00:00,20.000000000,619.03625,False
2343,00196,0001,10/28/2028 00:00:00,20.000000000,552.90400,False
2344,00186,0001,10/28/2028 00:00:00,5.000000000,270.00000,False
2345,00273,0001,10/29/2028 00:00:00,20.000000000,818.56425,False
2345,00274,0001,10/29/2028 00:00:00,88.000000000,2163.20826,False
2345,00275,0001,10/29/2028 00:00:00,60.000000000,370.75847,False
2345,00276,0001,10/29/2028 00:00:00,32.000000000,1056.85176,False
2345,00278,0001,10/29/2028 00:00:00,40.000000000,712.61981,False
2345,00280,0001,10/29/2028 00:00:00,44.000000000,1819.02391,False
2345,00281,090826,10/29/2034 00:00:00,40.000000000,1108.80656,False
2345,00286,0001,10/29/2028 00:00:00,40.000000000,659.39481,False
2345,00371,0001,10/29/2028 00:00:00,20.000000000,1911.95306,False
2346,00026,0001,10/30/2028 00:00:00,1600.000000000,52.69623,False
2346,00028,0001,10/30/2028 00:00:00,100.000000000,1317.40575,False
2347,00141,0001,10/30/2028 00:00:00,1000.000000000,65.88683,False
2347,00199,0001,10/27/2028 00:00:00,20.000000000,589.95386,False
2347,00231,0001,10/09/2028 00:00:00,50.000000000,446.87502,False
2348,00292,0001,10/27/2028 00:00:00,240.000000000,986.50779,False
2349,00380,0001,10/27/2028 00:00:00,40.000000000,1159.05586,False
2349,00391,0001,09/27/2028 00:00:00,60.000000000,873.32383,False
2349,00393,0001,10/30/2028 00:00:00,60.000000000,628.75246,False
2349,00395,0001,10/27/2028 00:00:00,120.000000000,423.87198,False
2349,00405,0001,10/27/2028 00:00:00,120.000000000,313.43028,False
2349,00406,0001,10/27/2028 00:00:00,120.000000000,422.38363,False
2349,00408,0001,10/27/2028 00:00:00,10.000000000,160.84000,False
2349,00409,0001,10/27/2028 00:00:00,10.000000000,161.92908,False
2350,00049,0001,09/06/2028 00:00:00,24.000000000,674.98684,False
2351,00138,0001,10/27/2028 00:00:00,36.000000000,759.15105,False
2351,00188,0001,10/27/2028 00:00:00,36.000000000,587.96940,False
2351,00287,0001,10/27/2028 00:00:00,36.000000000,606.24180,False
2352,00041,0001,10/28/2028 00:00:00,10.000000000,1217.62100,False
2353,00411,0001,10/30/2028 00:00:00,8.000000000,1184.31171,False
2353,00412,0001,10/30/2028 00:00:00,8.000000000,878.78376,False
2353,00413,0001,10/30/2028 00:00:00,8.000000000,991.71116,False
2353,00414,0001,10/30/2028 00:00:00,8.000000000,1567.81561,False
2354,00302,0001,10/30/2028 00:00:00,5.000000000,698.19400,False
2354,00343,0001,10/30/2028 00:00:00,5.000000000,884.90600,False
2355,00050,0001,10/11/2028 00:00:00,24.000000000,433.73276,False
2355,00077,0001,10/11/2028 00:00:00,12.000000000,339.41309,False
2356,00228,0001,11/01/2028 00:00:00,28.000000000,2043.99383,False
2357,00364,0001,11/01/2028 00:00:00,12.000000000,1126.72839,False
2358,00226,0001,11/01/2028 00:00:00,60.000000000,571.90749,False
2358,00349,0001,11/01/2028 00:00:00,44.000000000,1102.97369,False
2359,00040,0001,09/07/2028 00:00:00,50.000000000,7012.64724,False
2359,00416,001,11/02/2028 00:00:00,5.000000000,50000.00000,False
2360,00399,0001,11/01/2028 00:00:00,24.000000000,290.00776,False
2360,00400,0001,11/01/2028 00:00:00,24.000000000,103.11072,False
2360,00401,0001,11/01/2028 00:00:00,24.000000000,413.77916,False
2360,00402,0001,11/01/2028 00:00:00,24.000000000,351.85862,False
2360,00403,0001,11/01/2028 00:00:00,24.000000000,97.24028,False
2360,00404,0001,11/01/2028 00:00:00,24.000000000,340.40091,False
2360,00415,0001,11/01/2028 00:00:00,4.000000000,2306.71715,False
2361,00055,0001,11/02/2028 00:00:00,12.000000000,498.82915,False
2361,00063,0001,11/02/2028 00:00:00,12.000000000,341.51879,False
2362,00041,0001,11/02/2028 00:00:00,5.000000000,1234.28767,False
2363,00022,0001,10/09/2028 00:00:00,2.000000000,438.57236,False
2363,00212,0001,09/06/2028 00:00:00,2.000000000,1519.39872,False
2363,00357,0001,10/16/2028 00:00:00,2.000000000,547.84972,False
2364,00022,0001,10/09/2028 00:00:00,2.000000000,438.57236,False
2364,00199,0001,10/27/2028 00:00:00,2.000000000,589.95386,False
2365,00022,0001,10/09/2028 00:00:00,1.000000000,438.57236,False
2365,00220,0001,10/27/2028 00:00:00,2.000000000,375.54859,False
2365,00363,0001,07/22/2028 00:00:00,1.000000000,14000.00000,False
2366,00022,0001,10/09/2028 00:00:00,1.000000000,438.57236,False
2366,00212,0001,09/06/2028 00:00:00,3.000000000,1519.39872,False
2366,00231,0001,10/09/2028 00:00:00,1.000000000,446.87502,False
2367,00022,0001,10/09/2028 00:00:00,3.000000000,438.57236,False
2367,00199,0001,10/27/2028 00:00:00,1.000000000,589.95386,False
2367,00231,0001,10/09/2028 00:00:00,6.000000000,446.87502,False
2368,00129,0001,11/03/2028 00:00:00,44.000000000,1076.50689,False
2368,00144,0001,11/03/2028 00:00:00,44.000000000,901.83729,False
2368,00147,0001,11/03/2028 00:00:00,28.000000000,1883.27954,False
2368,00183,0001,11/03/2028 00:00:00,40.000000000,886.89574,False
2368,00260,0001,11/03/2028 00:00:00,40.000000000,865.10944,False
2368,00268,0001,11/03/2028 00:00:00,120.000000000,355.06640,False
2369,00264,001,10/11/2034 00:00:00,100.000000000,1500.00000,False
2370,00016,0001,09/04/2028 00:00:00,10.000000000,574.62427,False
2370,00020,0001,11/05/2028 00:00:00,100.000000000,43.23635,False
2370,00022,0001,10/09/2028 00:00:00,5.000000000,472.44164,False
2370,00248,0001,10/09/2028 00:00:00,625.000000000,54.19115,False
2370,00258,0001,11/05/2028 00:00:00,10.000000000,2648.47350,False
2370,00263,0001,11/05/2028 00:00:00,750.000000000,13.57804,False
2370,00265,0001,11/05/2028 00:00:00,250.000000000,53.29894,False
2370,00363,0001,07/22/2028 00:00:00,10.000000000,14000.00000,False
2371,00016,0001,09/04/2028 00:00:00,10.000000000,574.62427,False
2371,00020,0001,11/05/2028 00:00:00,100.000000000,43.23635,False
2371,00022,0001,10/09/2028 00:00:00,5.000000000,472.44164,False
2371,00231,0001,10/09/2028 00:00:00,10.000000000,461.10832,False
2371,00248,0001,10/09/2028 00:00:00,625.000000000,54.19115,False
2371,00258,0001,11/05/2028 00:00:00,10.000000000,2648.47350,False
2371,00263,0001,11/05/2028 00:00:00,750.000000000,13.57804,False
2371,00265,0001,11/05/2028 00:00:00,250.000000000,53.29894,False
2371,00363,0001,07/22/2028 00:00:00,10.000000000,14000.00000,False
2372,00016,0001,09/04/2028 00:00:00,25.000000000,574.62427,False
2372,00020,0001,11/05/2028 00:00:00,200.000000000,43.23635,False
2372,00022,0001,10/09/2028 00:00:00,15.000000000,472.44164,False
2372,00032,0001,10/19/2028 00:00:00,20.000000000,297.41434,False
2372,00050,0001,10/11/2028 00:00:00,24.000000000,372.48721,False
2372,00055,0001,11/05/2028 00:00:00,24.000000000,477.96330,False
2372,00212,0001,09/06/2028 00:00:00,15.000000000,1578.92695,False
2372,00220,0001,11/05/2028 00:00:00,10.000000000,622.82587,False
2372,00231,0001,10/09/2028 00:00:00,35.000000000,461.10832,False
2373,00032,0001,10/19/2028 00:00:00,72.000000000,297.41434,False
2374,00150,0001,09/25/2034 00:00:00,40.000000000,734.51941,False
2375,00363,0001,07/22/2028 00:00:00,1.000000000,14000.00000,False
2376,00147,0001,11/08/2028 00:00:00,30.000000000,1920.25153,False
2376,00198,0001,11/08/2028 00:00:00,20.000000000,934.69689,False
2376,00272,0001,11/08/2028 00:00:00,20.000000000,769.46779,False
2376,00343,0001,11/08/2028 00:00:00,10.000000000,694.90600,False
2376,00344,0001,11/08/2028 00:00:00,20.000000000,2753.03415,False
2376,00346,0001,11/08/2028 00:00:00,12.000000000,381.37591,False
2376,00347,0001,11/08/2028 00:00:00,24.000000000,335.46155,False
2377,00363,0001,07/22/2028 00:00:00,5.000000000,14000.00000,False
2378,00010,0001,11/08/2028 00:00:00,1000.000000000,23.43878,False
2378,00032,0001,10/19/2028 00:00:00,120.000000000,289.96668,False
2378,00363,0001,07/22/2028 00:00:00,50.000000000,14000.00000,False
2379,00032,0001,10/19/2028 00:00:00,180.000000000,289.96668,False
2379,00201,0001,11/08/2028 00:00:00,1000.000000000,38.92917,False
2379,00231,0001,10/09/2028 00:00:00,10.000000000,464.12208,False
2379,00257,0001,11/08/2028 00:00:00,1000.000000000,24.60644,False
2380,00016,0001,09/04/2028 00:00:00,100.000000000,491.78186,False
2380,00363,0001,07/22/2028 00:00:00,15.000000000,14000.00000,False
2380,00417,0001,11/08/2028 00:00:00,49.000000000,1272.49050,False
2381,00363,0001,07/22/2028 00:00:00,26.000000000,14000.00000,False
2382,00363,0001,07/22/2028 00:00:00,6.000000000,14000.00000,False
2383,00010,0001,11/09/2028 00:00:00,500.000000000,17.75063,False
2383,00032,0001,10/19/2028 00:00:00,12.000000000,290.26401,False
2383,00186,0001,11/09/2028 00:00:00,1.000000000,212.50000,False
2383,00233,0001,11/09/2028 00:00:00,500.000000000,22.34658,False
2383,00248,0001,10/09/2028 00:00:00,75.000000000,53.25317,False
2383,00265,0001,11/09/2028 00:00:00,25.000000000,51.15000,False
2384,00233,0001,11/09/2028 00:00:00,200.000000000,22.34658,False
2385,00363,0001,07/22/2028 00:00:00,7.000000000,14000.00000,False
2386,00016,0001,09/04/2028 00:00:00,15.000000000,456.69151,False
2386,00020,0001,11/09/2028 00:00:00,125.000000000,43.25541,False
2386,00220,0001,11/09/2028 00:00:00,10.000000000,622.82587,False
2386,00231,0001,10/09/2028 00:00:00,10.000000000,471.99422,False
2387,00274,0001,11/09/2028 00:00:00,32.000000000,2508.18793,False
2387,00285,0001,11/09/2028 00:00:00,225.000000000,147.50292,False
2387,00289,0001,11/09/2028 00:00:00,20.000000000,2235.71790,False
2388,00118,0001,11/09/2028 00:00:00,10.000000000,2101.89690,False
2389,00208,0001,10/09/2028 00:00:00,46.000000000,158.06101,False
2390,00019,0001,11/09/2028 00:00:00,120.000000000,525.00000,False
2391,00010,0001,11/09/2028 00:00:00,500.000000000,17.75063,False
2392,00010,0001,11/09/2028 00:00:00,500.000000000,17.75063,False
2393,00147,0001,11/09/2028 00:00:00,35.000000000,1892.25153,False
2393,00191,0001,11/11/2028 00:00:00,99.000000000,520.00650,False
2393,00213,0001,11/09/2028 00:00:00,20.000000000,711.14248,False
2393,00271,0001,11/09/2028 00:00:00,12.000000000,1219.61188,False
2393,00378,0001,11/09/2028 00:00:00,120.000000000,350.03103,False
2394,00363,0001,07/22/2028 00:00:00,15.000000000,14000.00000,False
2395,00016,0001,09/04/2028 00:00:00,90.000000000,456.69151,False
2395,00363,0001,07/22/2028 00:00:00,10.000000000,14000.00000,False
2396,00231,0001,10/09/2028 00:00:00,20.000000000,471.99422,False
2397,00393,0001,11/10/2028 00:00:00,8.000000000,1398.19482,False
2397,00420,0001,11/10/2034 00:00:00,20.000000000,1133.65397,False
2397,00421,0001,11/10/2028 00:00:00,300.000000000,101.30421,False
2397,00422,0001,11/10/2028 00:00:00,50.000000000,226.69632,False
2397,00423,0001,11/10/2028 00:00:00,60.000000000,150.20770,False
2398,00047,0001,11/10/2028 00:00:00,100.000000000,1722.47462,False
2398,00048,0001,09/25/2034 00:00:00,202.000000000,324.02241,False
2398,00150,0001,09/25/2034 00:00:00,20.000000000,759.05078,False
2399,00419,0001,11/11/2028 00:00:00,20.000000000,743.72332,False
2399,00424,0001,11/11/2028 00:00:00,20.000000000,2351.58600,False
2399,00425,0001,11/11/2028 00:00:00,5.000000000,2158.76781,False
2400,00078,0001,11/11/2028 00:00:00,100.000000000,318.31306,False
2400,00086,0001,11/11/2028 00:00:00,480.000000000,489.45131,False
2401,00073,0001,11/11/2028 00:00:00,612.000000000,403.78091,False
2401,00137,0001,09/25/2034 00:00:00,19.000000000,3783.20622,False
2402,00363,0001,07/22/2028 00:00:00,16.000000000,14000.00000,False
2403,00363,0001,07/22/2028 00:00:00,16.000000000,14000.00000,False
2404,00008,0001,11/10/2028 00:00:00,200.000000000,31.72549,False
2404,00010,0001,11/10/2028 00:00:00,200.000000000,27.14595,False
2404,00013,230826,11/10/2034 00:00:00,490.000000000,45.92287,False
2404,00016,0001,09/04/2028 00:00:00,10.000000000,432.13554,False
2404,00022,0001,10/09/2028 00:00:00,20.000000000,482.93460,False
2404,00032,0001,10/19/2028 00:00:00,72.000000000,290.41933,False
2404,00049,0001,09/06/2028 00:00:00,20.000000000,680.10100,False
2404,00212,0001,09/06/2028 00:00:00,10.000000000,1593.71609,False
2404,00220,0001,11/10/2028 00:00:00,30.000000000,636.66299,False
2404,00231,0001,10/09/2028 00:00:00,50.000000000,482.51124,False
2404,00233,0001,11/10/2028 00:00:00,500.000000000,26.09724,False
2404,00248,0001,10/09/2028 00:00:00,150.000000000,53.89369,False
2404,00257,0001,11/10/2028 00:00:00,1000.000000000,25.54114,False
2405,00016,0001,09/04/2028 00:00:00,25.000000000,432.13554,False
2405,00022,0001,10/09/2028 00:00:00,10.000000000,482.93460,False
2406,00016,0001,09/04/2028 00:00:00,85.000000000,520.84879,False
2406,00231,0001,10/09/2028 00:00:00,30.000000000,552.50057,False
2406,00363,0001,07/22/2028 00:00:00,2.000000000,14000.00000,False
2407,00052,0001,11/14/2028 00:00:00,8.000000000,965.30222,False
2407,00076,0001,11/14/2028 00:00:00,4.000000000,955.11059,False
2407,00178,0001,11/14/2028 00:00:00,50.000000000,242.95843,False
2407,00209,0001,11/14/2034 00:00:00,8.000000000,466.27586,False
2408,00052,0001,11/14/2028 00:00:00,40.000000000,965.30222,False
2408,00076,0001,11/14/2028 00:00:00,40.000000000,955.11059,False
2408,00209,0001,11/14/2034 00:00:00,21.000000000,466.27586,False
2408,00266,0001,11/15/2028 00:00:00,20.000000000,813.10382,False
2408,00294,250826,11/15/2034 00:00:00,20.000000000,592.83612,False
2409,00231,0001,10/09/2028 00:00:00,15.000000000,552.50057,False
2409,00360,0001,11/14/2028 00:00:00,12.000000000,863.24527,False
2410,00032,0001,10/19/2028 00:00:00,60.000000000,290.53298,False
2410,00127,0001,11/14/2028 00:00:00,990.000000000,79.48245,False
2410,00244,0001,11/14/2028 00:00:00,1195.000000000,23.54635,False
2411,00010,0001,11/15/2028 00:00:00,100.000000000,24.13100,False
2411,00022,0001,10/09/2028 00:00:00,100.000000000,391.29692,False
2411,00032,0001,10/19/2028 00:00:00,48.000000000,290.53298,False
2411,00212,0001,09/06/2028 00:00:00,20.000000000,1575.30219,False
2411,00231,0001,10/09/2028 00:00:00,50.000000000,552.50057,False
2411,00233,0001,11/15/2028 00:00:00,100.000000000,24.42830,False
2412,00016,0001,09/04/2028 00:00:00,10.000000000,520.84879,False
2412,00020,0001,11/10/2028 00:00:00,150.000000000,93.21091,False
2412,00022,0001,10/09/2028 00:00:00,10.000000000,391.29692,False
2412,00199,0001,11/15/2028 00:00:00,2.000000000,495.50000,False
2412,00231,0001,10/09/2028 00:00:00,10.000000000,552.50057,False
2413,00010,290826,11/17/2034 00:00:00,600.000000000,24.67678,False
2413,00020,0001,11/10/2028 00:00:00,375.000000000,57.23198,False
2413,00032,0001,10/19/2028 00:00:00,120.000000000,290.80480,False
2413,00233,0001,11/17/2028 00:00:00,1000.000000000,24.22619,False
2413,00258,0001,11/17/2028 00:00:00,15.000000000,2590.46011,False
2413,00259,0001,11/20/2028 00:00:00,1800.000000000,24.27910,False
2413,00265,0001,11/17/2028 00:00:00,250.000000000,51.10931,False
2413,00363,0001,07/22/2028 00:00:00,20.000000000,14000.00000,False
2414,00013,0001,11/20/2028 00:00:00,996.000000000,39.16641,False
2415,00032,0001,10/19/2028 00:00:00,120.000000000,290.80480,False
2415,00259,0001,11/20/2028 00:00:00,1800.000000000,24.27910,False
2416,00199,0001,11/20/2028 00:00:00,144.000000000,487.54928,False
2417,00170,0001,11/20/2028 00:00:00,12.000000000,878.06562,False
2417,00178,0001,11/20/2028 00:00:00,50.000000000,326.10022,False
2418,00072,0001,11/20/2028 00:00:00,16.000000000,780.15307,False
2419,00040,0001,09/07/2028 00:00:00,128.000000000,4272.12516,False
2420,00365,0001,11/20/2028 00:00:00,10.000000000,2708.18790,False
2421,00016,0001,09/04/2028 00:00:00,20.000000000,509.80593,False
2421,00022,0001,10/09/2028 00:00:00,18.000000000,279.23733,False
2421,00032,0001,10/19/2028 00:00:00,24.000000000,290.80480,False
2421,00040,0001,09/07/2028 00:00:00,2.000000000,4272.12516,False
2421,00212,0001,09/06/2028 00:00:00,20.000000000,1574.14296,False
2421,00215,0001,11/10/2028 00:00:00,50.000000000,122.66884,False
2421,00233,0001,11/17/2028 00:00:00,200.000000000,24.22619,False
2421,00257,0001,11/20/2028 00:00:00,200.000000000,26.46227,False
2421,00258,0001,11/17/2028 00:00:00,3.000000000,2590.46011,False
2421,00259,0001,11/20/2028 00:00:00,500.000000000,24.27910,False
2422,00208,0001,11/20/2028 00:00:00,156.000000000,194.79609,False
2423,00285,0001,11/20/2028 00:00:00,210.000000000,75.22314,False
2423,00286,0001,11/20/2028 00:00:00,60.000000000,749.25792,False
2424,00152,0001,11/20/2028 00:00:00,144.000000000,145.35338,False
2425,00220,0001,11/20/2028 00:00:00,16.000000000,619.51137,False
2425,00231,0001,10/09/2028 00:00:00,10.000000000,560.47454,False
2425,00363,0001,07/22/2028 00:00:00,30.000000000,14000.00000,False
2426,00258,0001,11/17/2028 00:00:00,4.000000000,2590.46011,False
2426,00259,0001,11/20/2028 00:00:00,900.000000000,24.27910,False
2427,00040,0001,09/07/2028 00:00:00,3.000000000,4272.12516,False
2427,00369,0001,08/12/2034 00:00:00,47.000000000,215.42882,False
2428,00401,0001,11/20/2028 00:00:00,20.000000000,559.79337,False
